policy,fold,day,phase,alpha_t_0.05,alpha_t_0.2,alpha_t_0.5,newest_day_weight,effective_days,crossed_rows_rearranged
v4+DL,fold_1,2020-06-23,training_only,0.05,0.2,0.5,0.10056142478516622,17.836086512101204,0
v3+DL,fold_1,2020-06-23,training_only,0.05,0.2,0.5,0.10056142478516622,17.836086512101204,0
v4+DL,fold_1,2020-06-24,training_only,0.05,0.2,0.5,0.10056142478516622,17.836086512101204,0
v3+DL,fold_1,2020-06-24,training_only,0.05,0.2,0.5,0.10056142478516622,17.836086512101204,0
v4+DL,fold_1,2020-06-25,training_only,0.050833333333333335,0.21166666666666667,0.5125,0.10056142478516622,17.836086512101204,0
v3+DL,fold_1,2020-06-25,training_only,0.050833333333333335,0.21166666666666667,0.49166666666666664,0.10056142478516622,17.836086512101204,0
v4+DL,fold_1,2020-06-26,training_only,0.05583333333333333,0.19833333333333333,0.5083333333333333,0.10056142478516622,17.836086512101204,0
v3+DL,fold_1,2020-06-26,training_only,0.05583333333333333,0.19833333333333333,0.4875,0.10056142478516622,17.836086512101204,0
v4+DL,fold_1,2020-06-27,training_only,0.060833333333333336,0.19333333333333333,0.4958333333333333,0.10056142478516622,17.836086512101204,0
v3+DL,fold_1,2020-06-27,training_only,0.060833333333333336,0.17666666666666667,0.4875,0.10056142478516622,17.836086512101204,0
v4+DL,fold_1,2020-06-28,training_only,0.06583333333333334,0.18833333333333332,0.4958333333333333,0.10056142478516622,17.836086512101204,0
v3+DL,fold_1,2020-06-28,training_only,0.05333333333333334,0.16333333333333333,0.4875,0.10056142478516622,17.836086512101204,0
v4+DL,fold_1,2020-06-29,training_only,0.06666666666666668,0.1875,0.5041666666666667,0.10056142478516622,17.836086512101204,0
v3+DL,fold_1,2020-06-29,training_only,0.05416666666666667,0.16666666666666666,0.49166666666666664,0.10056142478516622,17.836086512101204,0
v4+DL,fold_1,2020-06-30,training_only,0.038333333333333344,0.145,0.4875,0.10056142478516622,17.836086512101204,0
v3+DL,fold_1,2020-06-30,training_only,0.034166666666666665,0.1325,0.4666666666666666,0.10056142478516622,17.836086512101204,0
v4+DL,fold_2,2021-03-24,training_only,0.05,0.2,0.5,0.10056142478516622,17.836086512101204,0
v3+DL,fold_2,2021-03-24,training_only,0.05,0.2,0.5,0.10056142478516622,17.836086512101204,0
v4+DL,fold_2,2021-03-25,training_only,0.05,0.2,0.5,0.10056142478516622,17.836086512101204,0
v3+DL,fold_2,2021-03-25,training_only,0.05,0.2,0.5,0.10056142478516622,17.836086512101204,0
v4+DL,fold_2,2021-03-26,training_only,0.050833333333333335,0.17833333333333334,0.475,0.10056142478516622,17.836086512101204,0
v3+DL,fold_2,2021-03-26,training_only,0.05500000000000001,0.18250000000000002,0.475,0.10056142478516622,17.836086512101204,0
v4+DL,fold_2,2021-03-27,training_only,0.05583333333333333,0.15666666666666668,0.44166666666666665,0.10056142478516622,17.836086512101204,0
v3+DL,fold_2,2021-03-27,training_only,0.05583333333333334,0.15250000000000002,0.4375,0.10056142478516622,17.836086512101204,0
v4+DL,fold_2,2021-03-28,training_only,0.060833333333333336,0.15583333333333335,0.4375,0.10056142478516622,17.836086512101204,0
v3+DL,fold_2,2021-03-28,training_only,0.05666666666666667,0.14333333333333337,0.43333333333333335,0.10056142478516622,17.836086512101204,0
v4+DL,fold_2,2021-03-29,training_only,0.020000000000000004,0.11750000000000002,0.4125,0.10056142478516622,17.836086512101204,0
v3+DL,fold_2,2021-03-29,training_only,0.02416666666666667,0.10500000000000004,0.4,0.10056142478516622,17.836086512101204,0
v4+DL,fold_2,2021-03-30,training_only,0.01,0.10706521739130437,0.4190217391304348,0.10056142478516622,17.836086512101204,0
v3+DL,fold_2,2021-03-30,training_only,0.01,0.09891304347826091,0.40217391304347827,0.10056142478516622,17.836086512101204,0
v4+DL,fold_2,2021-03-31,training_only,0.01,0.10706521739130437,0.4190217391304348,0.10056142478516622,17.836086512101204,0
v3+DL,fold_2,2021-03-31,training_only,0.01,0.09891304347826091,0.40217391304347827,0.10056142478516622,17.836086512101204,0
v4+DL,fold_3,2022-06-23,training_only,0.05,0.2,0.5,0.10056142478516622,17.836086512101204,0
v3+DL,fold_3,2022-06-23,training_only,0.05,0.2,0.5,0.10056142478516622,17.836086512101204,0
v4+DL,fold_3,2022-06-24,training_only,0.05,0.2,0.5,0.10056142478516622,17.836086512101204,0
v3+DL,fold_3,2022-06-24,training_only,0.05,0.2,0.5,0.10056142478516622,17.836086512101204,0
v4+DL,fold_3,2022-06-25,training_only,0.05500000000000001,0.21583333333333335,0.5208333333333334,0.10056142478516622,17.836086512101204,0
v3+DL,fold_3,2022-06-25,training_only,0.05500000000000001,0.21583333333333335,0.5333333333333333,0.10056142478516622,17.836086512101204,0
v4+DL,fold_3,2022-06-26,training_only,0.06000000000000001,0.2316666666666667,0.5333333333333333,0.10056142478516622,17.836086512101204,0
v3+DL,fold_3,2022-06-26,training_only,0.06000000000000001,0.2275,0.5333333333333333,0.10056142478516622,17.836086512101204,0
v4+DL,fold_3,2022-06-27,training_only,0.06500000000000002,0.2391666666666667,0.5333333333333333,0.10056142478516622,17.836086512101204,0
v3+DL,fold_3,2022-06-27,training_only,0.06500000000000002,0.23500000000000001,0.5375,0.10056142478516622,17.836086512101204,0
v4+DL,fold_3,2022-06-28,training_only,0.04916666666666668,0.20500000000000002,0.5166666666666666,0.10056142478516622,17.836086512101204,0
v3+DL,fold_3,2022-06-28,training_only,0.05333333333333335,0.20083333333333336,0.5166666666666666,0.10056142478516622,17.836086512101204,0
v4+DL,fold_3,2022-06-29,training_only,0.05416666666666668,0.21250000000000002,0.5416666666666666,0.10056142478516622,17.836086512101204,0
v3+DL,fold_3,2022-06-29,training_only,0.05833333333333335,0.2166666666666667,0.5375,0.10056142478516622,17.836086512101204,0
v4+DL,fold_3,2022-06-30,training_only,0.05916666666666669,0.22833333333333336,0.5499999999999999,0.10056142478516622,17.836086512101204,0
v3+DL,fold_3,2022-06-30,training_only,0.06333333333333335,0.23250000000000004,0.5291666666666667,0.10056142478516622,17.836086512101204,0
v4+DL,fold_4,2025-04-23,training_only,0.05,0.2,0.5,0.1038949430463802,16.94276464719629,0
v3+DL,fold_4,2025-04-23,training_only,0.05,0.2,0.5,0.1038949430463802,16.94276464719629,0
v4+DL,fold_4,2025-04-24,training_only,0.05,0.2,0.5,0.1033992465996959,17.057433241196808,0
v3+DL,fold_4,2025-04-24,training_only,0.05,0.2,0.5,0.1033992465996959,17.057433241196808,0
v4+DL,fold_4,2025-04-25,training_only,0.05500000000000001,0.22000000000000003,0.5333333333333333,0.1029543472195992,17.165520788924134,0
v3+DL,fold_4,2025-04-25,training_only,0.05500000000000001,0.21583333333333335,0.525,0.1029543472195992,17.165520788924134,0
v4+DL,fold_4,2025-04-26,training_only,0.06000000000000001,0.2316666666666667,0.55,0.102554682662273,17.266927480514056,0
v3+DL,fold_4,2025-04-26,training_only,0.06000000000000001,0.2275,0.5375,0.102554682662273,17.266927480514056,0
v4+DL,fold_4,2025-04-27,training_only,0.06500000000000002,0.2391666666666667,0.55,0.10219536558083103,17.36168529446082,0
v3+DL,fold_4,2025-04-27,training_only,0.06500000000000002,0.23500000000000001,0.525,0.10219536558083103,17.36168529446082,0
v4+DL,fold_4,2025-04-28,training_only,0.07000000000000002,0.24250000000000002,0.5333333333333334,0.10187208970410046,17.44992437921793,0
v3+DL,fold_4,2025-04-28,training_only,0.07000000000000002,0.23833333333333334,0.5,0.10187208970410046,17.44992437921793,0
v4+DL,fold_4,2025-04-29,training_only,0.06250000000000003,0.23750000000000002,0.5375000000000001,0.10158105115671986,17.531846533633153,0
v3+DL,fold_4,2025-04-29,training_only,0.06250000000000003,0.23750000000000002,0.5,0.10158105115671986,17.531846533633153,0
v4+DL,fold_4,2025-04-30,training_only,0.05500000000000003,0.22416666666666668,0.5291666666666668,0.10131888211689714,17.607704273902733,0
v3+DL,fold_4,2025-04-30,training_only,0.05500000000000003,0.22833333333333336,0.5,0.10131888211689714,17.607704273902733,0
v4+DL,fold_5,2025-12-31,training_only,0.05,0.2,0.5,0.10056142478516622,17.836086512101204,0
v3+DL,fold_5,2025-12-31,training_only,0.05,0.2,0.5,0.10056142478516622,17.836086512101204,0
v4+DL,fold_5,2026-01-01,training_only,0.05,0.2,0.5,0.10056142478516622,17.836086512101204,0
v3+DL,fold_5,2026-01-01,training_only,0.05,0.2,0.5,0.10056142478516622,17.836086512101204,0
v4+DL,fold_5,2026-01-02,training_only,0.05500000000000001,0.21583333333333335,0.5208333333333334,0.10056142478516622,17.836086512101204,0
v3+DL,fold_5,2026-01-02,training_only,0.05500000000000001,0.21583333333333335,0.525,0.10056142478516622,17.836086512101204,0
v4+DL,fold_5,2026-01-03,training_only,0.01,0.13583333333333333,0.4708333333333334,0.10056142478516622,17.836086512101204,0
v3+DL,fold_5,2026-01-03,training_only,0.01,0.13583333333333333,0.47500000000000003,0.10056142478516622,17.836086512101204,0
v4+DL,fold_5,2026-01-04,training_only,0.01,0.10583333333333333,0.44583333333333336,0.10056142478516622,17.836086512101204,0
v3+DL,fold_5,2026-01-04,training_only,0.01,0.06416666666666668,0.43333333333333335,0.10056142478516622,17.836086512101204,0
v4+DL,fold_5,2026-01-05,training_only,0.01,0.046666666666666676,0.39583333333333337,0.10056142478516622,17.836086512101204,0
v3+DL,fold_5,2026-01-05,training_only,0.010833333333333334,0.04,0.39166666666666666,0.10056142478516622,17.836086512101204,0
v4+DL,fold_5,2026-01-06,training_only,0.015000000000000001,0.06666666666666668,0.3916666666666667,0.10056142478516622,17.836086512101204,0
v3+DL,fold_5,2026-01-06,training_only,0.015833333333333335,0.060000000000000005,0.39166666666666666,0.10056142478516622,17.836086512101204,0
v4+DL,fold_5,2026-01-07,training_only,0.01,0.06583333333333334,0.38750000000000007,0.10056142478516622,17.836086512101204,0
v3+DL,fold_5,2026-01-07,training_only,0.01,0.0675,0.3958333333333333,0.10056142478516622,17.836086512101204,0
v4+DL,fold_1,2020-07-01,evaluation,0.02666666666666668,0.13583333333333333,0.4708333333333333,0.10056142478516622,17.836086512101204,0
v3+DL,fold_1,2020-07-01,evaluation,0.026666666666666665,0.1275,0.4666666666666666,0.10056142478516622,17.836086512101204,0
v4+DL,fold_1,2020-07-02,evaluation,0.01,0.1225,0.475,0.10056142478516622,17.836086512101204,0
v3+DL,fold_1,2020-07-02,evaluation,0.01,0.11,0.46249999999999997,0.10056142478516622,17.836086512101204,0
v4+DL,fold_1,2020-07-03,evaluation,0.015000000000000001,0.12583333333333332,0.45416666666666666,0.10056142478516622,17.836086512101204,0
v3+DL,fold_1,2020-07-03,evaluation,0.010833333333333334,0.11333333333333334,0.4583333333333333,0.10056142478516622,17.836086512101204,0
v4+DL,fold_1,2020-07-04,evaluation,0.020000000000000004,0.09166666666666666,0.425,0.10056142478516622,17.836086512101204,0
v3+DL,fold_1,2020-07-04,evaluation,0.01,0.08333333333333334,0.4333333333333333,0.10056142478516622,17.836086512101204,0
v4+DL,fold_1,2020-07-05,evaluation,0.025000000000000005,0.11166666666666666,0.4375,0.10056142478516622,17.836086512101204,0
v3+DL,fold_1,2020-07-05,evaluation,0.015000000000000001,0.10333333333333335,0.4583333333333333,0.10056142478516622,17.836086512101204,0
v4+DL,fold_1,2020-07-06,evaluation,0.02583333333333334,0.1025,0.45,0.10056142478516622,17.836086512101204,0
v3+DL,fold_1,2020-07-06,evaluation,0.020000000000000004,0.10250000000000001,0.47916666666666663,0.10056142478516622,17.836086512101204,0
v4+DL,fold_1,2020-07-07,evaluation,0.01,0.04,0.4041666666666667,0.10056142478516622,17.836086512101204,0
v3+DL,fold_1,2020-07-07,evaluation,0.01,0.04,0.4333333333333333,0.10056142478516622,17.836086512101204,0
v4+DL,fold_1,2020-07-08,evaluation,0.015000000000000001,0.060000000000000005,0.4375,0.10056142478516622,17.836086512101204,0
v3+DL,fold_1,2020-07-08,evaluation,0.015000000000000001,0.060000000000000005,0.4541666666666666,0.10056142478516622,17.836086512101204,0
v4+DL,fold_1,2020-07-09,evaluation,0.020000000000000004,0.08000000000000002,0.4375,0.10056142478516622,17.836086512101204,0
v3+DL,fold_1,2020-07-09,evaluation,0.020000000000000004,0.08000000000000002,0.44583333333333325,0.10056142478516622,17.836086512101204,0
v4+DL,fold_1,2020-07-10,evaluation,0.025000000000000005,0.10000000000000002,0.475,0.10056142478516622,17.836086512101204,0
v3+DL,fold_1,2020-07-10,evaluation,0.025000000000000005,0.10000000000000002,0.4833333333333333,0.10056142478516622,17.836086512101204,0
v4+DL,fold_1,2020-07-11,evaluation,0.030000000000000006,0.12000000000000002,0.5208333333333333,0.10056142478516622,17.836086512101204,0
v3+DL,fold_1,2020-07-11,evaluation,0.030000000000000006,0.12000000000000002,0.5333333333333333,0.10056142478516622,17.836086512101204,0
v4+DL,fold_1,2020-07-12,evaluation,0.035,0.14,0.5624999999999999,0.10056142478516622,17.836086512101204,0
v3+DL,fold_1,2020-07-12,evaluation,0.035,0.14,0.575,0.10056142478516622,17.836086512101204,0
v4+DL,fold_1,2020-07-13,evaluation,0.04000000000000001,0.16000000000000003,0.5874999999999999,0.10056142478516622,17.836086512101204,0
v3+DL,fold_1,2020-07-13,evaluation,0.04000000000000001,0.15583333333333335,0.5625,0.10056142478516622,17.836086512101204,0
v4+DL,fold_1,2020-07-14,evaluation,0.04500000000000001,0.16333333333333336,0.5999999999999999,0.10056142478516622,17.836086512101204,0
v3+DL,fold_1,2020-07-14,evaluation,0.028333333333333342,0.15083333333333335,0.5583333333333333,0.10056142478516622,17.836086512101204,0
v4+DL,fold_1,2020-07-15,evaluation,0.05000000000000002,0.18333333333333335,0.5874999999999999,0.10056142478516622,17.836086512101204,0
v3+DL,fold_1,2020-07-15,evaluation,0.03333333333333334,0.17083333333333334,0.5375,0.10056142478516622,17.836086512101204,0
v4+DL,fold_1,2020-07-16,evaluation,0.05500000000000002,0.1991666666666667,0.5541666666666666,0.10056142478516622,17.836086512101204,0
v3+DL,fold_1,2020-07-16,evaluation,0.038333333333333344,0.18666666666666668,0.5041666666666667,0.10056142478516622,17.836086512101204,0
v4+DL,fold_1,2020-07-17,evaluation,0.05166666666666669,0.2066666666666667,0.5458333333333333,0.10056142478516622,17.836086512101204,0
v3+DL,fold_1,2020-07-17,evaluation,0.039166666666666676,0.19416666666666668,0.5083333333333333,0.10056142478516622,17.836086512101204,0
v4+DL,fold_1,2020-07-18,evaluation,0.027500000000000017,0.19750000000000004,0.5208333333333333,0.10056142478516622,17.836086512101204,0
v3+DL,fold_1,2020-07-18,evaluation,0.019166666666666672,0.18083333333333335,0.49166666666666664,0.10056142478516622,17.836086512101204,0
v4+DL,fold_1,2020-07-19,evaluation,0.032500000000000015,0.19250000000000003,0.49583333333333324,0.10056142478516622,17.836086512101204,0
v3+DL,fold_1,2020-07-19,evaluation,0.024166666666666673,0.18416666666666667,0.4833333333333333,0.10056142478516622,17.836086512101204,0
v4+DL,fold_1,2020-07-20,evaluation,0.03750000000000002,0.1416666666666667,0.45833333333333326,0.10056142478516622,17.836086512101204,0
v3+DL,fold_1,2020-07-20,evaluation,0.029166666666666674,0.13333333333333333,0.4458333333333333,0.10056142478516622,17.836086512101204,0
v4+DL,fold_1,2020-07-21,evaluation,0.042500000000000024,0.15750000000000003,0.4624999999999999,0.10056142478516622,17.836086512101204,0
v3+DL,fold_1,2020-07-21,evaluation,0.03416666666666668,0.14083333333333334,0.4333333333333333,0.10056142478516622,17.836086512101204,0
v4+DL,fold_1,2020-07-22,evaluation,0.04750000000000003,0.1691666666666667,0.45833333333333326,0.10056142478516622,17.836086512101204,0
v3+DL,fold_1,2020-07-22,evaluation,0.03916666666666668,0.16083333333333333,0.4208333333333333,0.10056142478516622,17.836086512101204,0
v4+DL,fold_1,2020-07-23,evaluation,0.05250000000000003,0.15583333333333335,0.4291666666666666,0.10056142478516622,17.836086512101204,0
v3+DL,fold_1,2020-07-23,evaluation,0.04416666666666669,0.16833333333333333,0.39999999999999997,0.10056142478516622,17.836086512101204,0
v4+DL,fold_1,2020-07-24,evaluation,0.05750000000000004,0.1675,0.42499999999999993,0.10056142478516622,17.836086512101204,0
v3+DL,fold_1,2020-07-24,evaluation,0.04916666666666669,0.18416666666666667,0.3916666666666666,0.10056142478516622,17.836086512101204,0
v4+DL,fold_1,2020-07-25,evaluation,0.06250000000000004,0.1875,0.4416666666666666,0.10056142478516622,17.836086512101204,0
v3+DL,fold_1,2020-07-25,evaluation,0.054166666666666696,0.19583333333333333,0.3999999999999999,0.10056142478516622,17.836086512101204,0
v4+DL,fold_1,2020-07-26,evaluation,0.06333333333333338,0.17416666666666666,0.43749999999999994,0.10056142478516622,17.836086512101204,0
v3+DL,fold_1,2020-07-26,evaluation,0.0591666666666667,0.19916666666666666,0.3999999999999999,0.10056142478516622,17.836086512101204,0
v4+DL,fold_1,2020-07-27,evaluation,0.051666666666666715,0.16083333333333333,0.43749999999999994,0.10056142478516622,17.836086512101204,0
v3+DL,fold_1,2020-07-27,evaluation,0.0516666666666667,0.18166666666666667,0.39166666666666655,0.10056142478516622,17.836086512101204,0
v4+DL,fold_1,2020-07-28,evaluation,0.03166666666666671,0.135,0.4208333333333333,0.10056142478516622,17.836086512101204,0
v3+DL,fold_1,2020-07-28,evaluation,0.015000000000000027,0.135,0.3583333333333332,0.10056142478516622,17.836086512101204,0
v4+DL,fold_1,2020-07-29,evaluation,0.03666666666666671,0.13833333333333334,0.4208333333333333,0.10056142478516622,17.836086512101204,0
v3+DL,fold_1,2020-07-29,evaluation,0.020000000000000028,0.13833333333333334,0.3583333333333332,0.10056142478516622,17.836086512101204,0
v4+DL,fold_1,2020-07-30,evaluation,0.04166666666666671,0.15416666666666667,0.4458333333333333,0.10056142478516622,17.836086512101204,0
v3+DL,fold_1,2020-07-30,evaluation,0.02500000000000003,0.15416666666666667,0.3749999999999999,0.10056142478516622,17.836086512101204,0
v4+DL,fold_1,2020-07-31,evaluation,0.03416666666666671,0.14083333333333334,0.42916666666666664,0.10056142478516622,17.836086512101204,0
v3+DL,fold_1,2020-07-31,evaluation,0.03000000000000003,0.14500000000000002,0.3749999999999999,0.10056142478516622,17.836086512101204,0
v4+DL,fold_1,2020-08-01,evaluation,0.01833333333333338,0.13166666666666668,0.41666666666666663,0.10056142478516622,17.836086512101204,0
v3+DL,fold_1,2020-08-01,evaluation,0.02250000000000003,0.13583333333333336,0.37083333333333324,0.10056142478516622,17.836086512101204,0
v4+DL,fold_1,2020-08-02,evaluation,0.010833333333333379,0.10166666666666668,0.36666666666666664,0.10056142478516622,17.836086512101204,0
v3+DL,fold_1,2020-08-02,evaluation,0.019166666666666696,0.12250000000000003,0.33333333333333326,0.10056142478516622,17.836086512101204,0
v4+DL,fold_1,2020-08-03,evaluation,0.01583333333333338,0.11333333333333336,0.37916666666666665,0.10056142478516622,17.836086512101204,0
v3+DL,fold_1,2020-08-03,evaluation,0.024166666666666697,0.14250000000000002,0.3541666666666666,0.10056142478516622,17.836086512101204,0
v4+DL,fold_1,2020-08-04,evaluation,0.02083333333333338,0.10416666666666669,0.3625,0.10056142478516622,17.836086512101204,0
v3+DL,fold_1,2020-08-04,evaluation,0.012500000000000032,0.1375,0.3458333333333332,0.10056142478516622,17.836086512101204,0
v4+DL,fold_1,2020-08-05,evaluation,0.02583333333333338,0.12416666666666669,0.4041666666666667,0.10056142478516622,17.836086512101204,0
v3+DL,fold_1,2020-08-05,evaluation,0.017500000000000033,0.15333333333333335,0.3874999999999999,0.10056142478516622,17.836086512101204,0
v4+DL,fold_1,2020-08-06,evaluation,0.030833333333333383,0.13166666666666668,0.4375,0.10056142478516622,17.836086512101204,0
v3+DL,fold_1,2020-08-06,evaluation,0.022500000000000034,0.16083333333333336,0.4208333333333332,0.10056142478516622,17.836086512101204,0
v4+DL,fold_1,2020-08-07,evaluation,0.035833333333333384,0.135,0.42083333333333334,0.10056142478516622,17.836086512101204,0
v3+DL,fold_1,2020-08-07,evaluation,0.027500000000000035,0.16833333333333336,0.4208333333333332,0.10056142478516622,17.836086512101204,0
v4+DL,fold_1,2020-08-08,evaluation,0.04083333333333339,0.14250000000000002,0.4125,0.10056142478516622,17.836086512101204,0
v3+DL,fold_1,2020-08-08,evaluation,0.032500000000000036,0.1716666666666667,0.41249999999999987,0.10056142478516622,17.836086512101204,0
v4+DL,fold_1,2020-08-09,evaluation,0.04583333333333339,0.15833333333333335,0.4333333333333333,0.10056142478516622,17.836086512101204,0
v3+DL,fold_1,2020-08-09,evaluation,0.03750000000000003,0.18750000000000003,0.42083333333333317,0.10056142478516622,17.836086512101204,0
v4+DL,fold_1,2020-08-10,evaluation,0.0508333333333334,0.1741666666666667,0.4583333333333333,0.10056142478516622,17.836086512101204,0
v3+DL,fold_1,2020-08-10,evaluation,0.04250000000000004,0.20333333333333337,0.4541666666666665,0.10056142478516622,17.836086512101204,0
v4+DL,fold_1,2020-08-11,evaluation,0.03916666666666673,0.17333333333333337,0.46249999999999997,0.10056142478516622,17.836086512101204,0
v3+DL,fold_1,2020-08-11,evaluation,0.030833333333333372,0.20250000000000004,0.4541666666666665,0.10056142478516622,17.836086512101204,0
v4+DL,fold_1,2020-08-12,evaluation,0.01,0.11416666666666671,0.4208333333333333,0.10056142478516622,17.836086512101204,0
v3+DL,fold_1,2020-08-12,evaluation,0.01,0.13500000000000004,0.4124999999999998,0.10056142478516622,17.836086512101204,0
v4+DL,fold_1,2020-08-13,evaluation,0.01,0.08833333333333337,0.4041666666666666,0.10056142478516622,17.836086512101204,0
v3+DL,fold_1,2020-08-13,evaluation,0.015000000000000001,0.1091666666666667,0.3874999999999998,0.10056142478516622,17.836086512101204,0
v4+DL,fold_1,2020-08-14,evaluation,0.01,0.10000000000000005,0.39583333333333326,0.10056142478516622,17.836086512101204,0
v3+DL,fold_1,2020-08-14,evaluation,0.011666666666666669,0.12083333333333338,0.3708333333333331,0.10056142478516622,17.836086512101204,0
v4+DL,fold_1,2020-08-15,evaluation,0.015000000000000001,0.12000000000000005,0.39583333333333326,0.10056142478516622,17.836086512101204,0
v3+DL,fold_1,2020-08-15,evaluation,0.01666666666666667,0.14083333333333337,0.38333333333333314,0.10056142478516622,17.836086512101204,0
v4+DL,fold_1,2020-08-16,evaluation,0.015833333333333335,0.11916666666666671,0.40833333333333327,0.10056142478516622,17.836086512101204,0
v3+DL,fold_1,2020-08-16,evaluation,0.02166666666666667,0.14000000000000004,0.38333333333333314,0.10056142478516622,17.836086512101204,0
v4+DL,fold_1,2020-08-17,evaluation,0.020833333333333336,0.13083333333333338,0.4208333333333333,0.10056142478516622,17.836086512101204,0
v3+DL,fold_1,2020-08-17,evaluation,0.026666666666666672,0.1516666666666667,0.39583333333333315,0.10056142478516622,17.836086512101204,0
v4+DL,fold_1,2020-08-18,evaluation,0.025833333333333337,0.15083333333333337,0.4666666666666666,0.10056142478516622,17.836086512101204,0
v3+DL,fold_1,2020-08-18,evaluation,0.031666666666666676,0.1716666666666667,0.4333333333333331,0.10056142478516622,17.836086512101204,0
v4+DL,fold_1,2020-08-19,evaluation,0.022500000000000003,0.1541666666666667,0.49166666666666664,0.10056142478516622,17.836086512101204,0
v3+DL,fold_1,2020-08-19,evaluation,0.024166666666666677,0.17500000000000002,0.4624999999999998,0.10056142478516622,17.836086512101204,0
v4+DL,fold_1,2020-08-20,evaluation,0.023333333333333338,0.15750000000000003,0.5041666666666667,0.10056142478516622,17.836086512101204,0
v3+DL,fold_1,2020-08-20,evaluation,0.025000000000000012,0.18250000000000002,0.47916666666666646,0.10056142478516622,17.836086512101204,0
v4+DL,fold_1,2020-08-21,evaluation,0.02833333333333334,0.1191666666666667,0.46249999999999997,0.10056142478516622,17.836086512101204,0
v3+DL,fold_1,2020-08-21,evaluation,0.030000000000000013,0.1441666666666667,0.4374999999999998,0.10056142478516622,17.836086512101204,0
v4+DL,fold_1,2020-08-22,evaluation,0.03333333333333334,0.1266666666666667,0.46249999999999997,0.10056142478516622,17.836086512101204,0
v3+DL,fold_1,2020-08-22,evaluation,0.03500000000000002,0.15583333333333335,0.4583333333333331,0.10056142478516622,17.836086512101204,0
v4+DL,fold_1,2020-08-23,evaluation,0.021666666666666674,0.0841666666666667,0.42916666666666664,0.10056142478516622,17.836086512101204,0
v3+DL,fold_1,2020-08-23,evaluation,0.027500000000000017,0.11333333333333334,0.42499999999999977,0.10056142478516622,17.836086512101204,0
v4+DL,fold_1,2020-08-24,evaluation,0.02250000000000001,0.09583333333333337,0.41666666666666663,0.10056142478516622,17.836086512101204,0
v3+DL,fold_1,2020-08-24,evaluation,0.024166666666666684,0.09583333333333334,0.4083333333333331,0.10056142478516622,17.836086512101204,0
v4+DL,fold_1,2020-08-25,evaluation,0.02750000000000001,0.1116666666666667,0.4333333333333333,0.10056142478516622,17.836086512101204,0
v3+DL,fold_1,2020-08-25,evaluation,0.02500000000000002,0.10750000000000001,0.4291666666666664,0.10056142478516622,17.836086512101204,0
v4+DL,fold_1,2020-08-26,evaluation,0.024166666666666677,0.08583333333333337,0.40833333333333327,0.10056142478516622,17.836086512101204,0
v3+DL,fold_1,2020-08-26,evaluation,0.021666666666666685,0.08583333333333334,0.4083333333333331,0.10056142478516622,17.836086512101204,0
v4+DL,fold_1,2020-08-27,evaluation,0.025000000000000012,0.10166666666666671,0.4208333333333333,0.10056142478516622,17.836086512101204,0
v3+DL,fold_1,2020-08-27,evaluation,0.02250000000000002,0.085,0.4291666666666664,0.10056142478516622,17.836086512101204,0
v4+DL,fold_1,2020-08-28,evaluation,0.030000000000000013,0.11750000000000005,0.42499999999999993,0.10056142478516622,17.836086512101204,0
v3+DL,fold_1,2020-08-28,evaluation,0.02750000000000002,0.09666666666666668,0.43333333333333307,0.10056142478516622,17.836086512101204,0
v4+DL,fold_1,2020-08-29,evaluation,0.01,0.07083333333333339,0.38333333333333325,0.10056142478516622,17.836086512101204,0
v3+DL,fold_1,2020-08-29,evaluation,0.01,0.05833333333333334,0.39583333333333304,0.10056142478516622,17.836086512101204,0
v4+DL,fold_1,2020-08-30,evaluation,0.015000000000000001,0.09083333333333339,0.4291666666666666,0.10056142478516622,17.836086512101204,0
v3+DL,fold_1,2020-08-30,evaluation,0.015000000000000001,0.07833333333333334,0.445833333333333,0.10056142478516622,17.836086512101204,0
v4+DL,fold_1,2020-08-31,evaluation,0.020000000000000004,0.1108333333333334,0.4791666666666666,0.10056142478516622,17.836086512101204,0
v3+DL,fold_1,2020-08-31,evaluation,0.020000000000000004,0.09833333333333334,0.495833333333333,0.10056142478516622,17.836086512101204,0
v4+DL,fold_1,2020-09-01,evaluation,0.025000000000000005,0.1308333333333334,0.5291666666666666,0.10056142478516622,17.836086512101204,0
v3+DL,fold_1,2020-09-01,evaluation,0.025000000000000005,0.11833333333333335,0.5458333333333331,0.10056142478516622,17.836086512101204,0
v4+DL,fold_1,2020-09-02,evaluation,0.030000000000000006,0.1258333333333334,0.5125,0.10056142478516622,17.836086512101204,0
v3+DL,fold_1,2020-09-02,evaluation,0.030000000000000006,0.13,0.5291666666666663,0.10056142478516622,17.836086512101204,0
v4+DL,fold_1,2020-09-03,evaluation,0.035,0.14583333333333343,0.5416666666666666,0.10056142478516622,17.836086512101204,0
v3+DL,fold_1,2020-09-03,evaluation,0.035,0.15000000000000002,0.558333333333333,0.10056142478516622,17.836086512101204,0
v4+DL,fold_1,2020-09-04,evaluation,0.04000000000000001,0.16583333333333344,0.575,0.10056142478516622,17.836086512101204,0
v3+DL,fold_1,2020-09-04,evaluation,0.04000000000000001,0.17000000000000004,0.595833333333333,0.10056142478516622,17.836086512101204,0
v4+DL,fold_1,2020-09-05,evaluation,0.03250000000000001,0.14833333333333346,0.5499999999999999,0.10056142478516622,17.836086512101204,0
v3+DL,fold_1,2020-09-05,evaluation,0.03250000000000001,0.16916666666666672,0.570833333333333,0.10056142478516622,17.836086512101204,0
v4+DL,fold_1,2020-09-06,evaluation,0.037500000000000006,0.16833333333333345,0.5708333333333333,0.10056142478516622,17.836086512101204,0
v3+DL,fold_1,2020-09-06,evaluation,0.037500000000000006,0.1891666666666667,0.570833333333333,0.10056142478516622,17.836086512101204,0
v4+DL,fold_1,2020-09-07,evaluation,0.04250000000000001,0.18833333333333346,0.5791666666666666,0.10056142478516622,17.836086512101204,0
v3+DL,fold_1,2020-09-07,evaluation,0.04250000000000001,0.20916666666666672,0.5666666666666663,0.10056142478516622,17.836086512101204,0
v4+DL,fold_1,2020-09-08,evaluation,0.047500000000000014,0.2041666666666668,0.5916666666666666,0.10056142478516622,17.836086512101204,0
v3+DL,fold_1,2020-09-08,evaluation,0.047500000000000014,0.22083333333333338,0.5791666666666663,0.10056142478516622,17.836086512101204,0
v4+DL,fold_1,2020-09-09,evaluation,0.05250000000000002,0.21583333333333346,0.5624999999999999,0.10056142478516622,17.836086512101204,0
v3+DL,fold_1,2020-09-09,evaluation,0.05250000000000002,0.23250000000000004,0.5833333333333329,0.10056142478516622,17.836086512101204,0
v4+DL,fold_1,2020-09-10,evaluation,0.049166666666666685,0.1900000000000001,0.5249999999999999,0.10056142478516622,17.836086512101204,0
v3+DL,fold_1,2020-09-10,evaluation,0.05333333333333335,0.2191666666666667,0.570833333333333,0.10056142478516622,17.836086512101204,0
v4+DL,fold_1,2020-09-11,evaluation,0.041666666666666685,0.1641666666666668,0.5041666666666665,0.10056142478516622,17.836086512101204,0
v3+DL,fold_1,2020-09-11,evaluation,0.03750000000000002,0.18500000000000005,0.5416666666666663,0.10056142478516622,17.836086512101204,0
v4+DL,fold_1,2020-09-12,evaluation,0.02166666666666668,0.13000000000000012,0.4583333333333332,0.10056142478516622,17.836086512101204,0
v3+DL,fold_1,2020-09-12,evaluation,0.01333333333333335,0.13000000000000006,0.49583333333333296,0.10056142478516622,17.836086512101204,0
v4+DL,fold_1,2020-09-13,evaluation,0.022500000000000017,0.1250000000000001,0.44166666666666654,0.10056142478516622,17.836086512101204,0
v3+DL,fold_1,2020-09-13,evaluation,0.01833333333333335,0.11666666666666672,0.4916666666666663,0.10056142478516622,17.836086512101204,0
v4+DL,fold_1,2020-09-14,evaluation,0.010833333333333351,0.12833333333333344,0.45416666666666655,0.10056142478516622,17.836086512101204,0
v3+DL,fold_1,2020-09-14,evaluation,0.01,0.12000000000000006,0.48749999999999966,0.10056142478516622,17.836086512101204,0
v4+DL,fold_1,2020-09-15,evaluation,0.01,0.12333333333333343,0.46666666666666656,0.10056142478516622,17.836086512101204,0
v3+DL,fold_1,2020-09-15,evaluation,0.01,0.11916666666666673,0.49999999999999967,0.10056142478516622,17.836086512101204,0
v4+DL,fold_1,2020-09-16,evaluation,0.010833333333333334,0.13083333333333344,0.4874999999999999,0.10056142478516622,17.836086512101204,0
v3+DL,fold_1,2020-09-16,evaluation,0.010833333333333334,0.13083333333333338,0.49999999999999967,0.10056142478516622,17.836086512101204,0
v4+DL,fold_1,2020-09-17,evaluation,0.01,0.13000000000000012,0.4791666666666665,0.10056142478516622,17.836086512101204,0
v3+DL,fold_1,2020-09-17,evaluation,0.01,0.1383333333333334,0.4916666666666663,0.10056142478516622,17.836086512101204,0
v4+DL,fold_1,2020-09-18,evaluation,0.015000000000000001,0.14166666666666677,0.4874999999999998,0.10056142478516622,17.836086512101204,0
v3+DL,fold_1,2020-09-18,evaluation,0.015000000000000001,0.1458333333333334,0.5041666666666663,0.10056142478516622,17.836086512101204,0
v4+DL,fold_1,2020-09-19,evaluation,0.020000000000000004,0.1616666666666668,0.4916666666666665,0.10056142478516622,17.836086512101204,0
v3+DL,fold_1,2020-09-19,evaluation,0.020000000000000004,0.1658333333333334,0.49999999999999967,0.10056142478516622,17.836086512101204,0
v4+DL,fold_1,2020-09-20,evaluation,0.025000000000000005,0.1816666666666668,0.47083333333333316,0.10056142478516622,17.836086512101204,0
v3+DL,fold_1,2020-09-20,evaluation,0.025000000000000005,0.1858333333333334,0.483333333333333,0.10056142478516622,17.836086512101204,0
v4+DL,fold_1,2020-09-21,evaluation,0.030000000000000006,0.20166666666666683,0.48333333333333317,0.10056142478516622,17.836086512101204,0
v3+DL,fold_1,2020-09-21,evaluation,0.030000000000000006,0.20583333333333342,0.495833333333333,0.10056142478516622,17.836086512101204,0
v4+DL,fold_1,2020-09-22,evaluation,0.035,0.22166666666666685,0.5041666666666665,0.10056142478516622,17.836086512101204,0
v3+DL,fold_1,2020-09-22,evaluation,0.035,0.22166666666666676,0.5124999999999997,0.10056142478516622,17.836086512101204,0
v4+DL,fold_1,2020-09-23,evaluation,0.035833333333333335,0.22500000000000017,0.5041666666666665,0.10056142478516622,17.836086512101204,0
v3+DL,fold_1,2020-09-23,evaluation,0.035833333333333335,0.21666666666666676,0.5166666666666664,0.10056142478516622,17.836086512101204,0
v4+DL,fold_1,2020-09-24,evaluation,0.03666666666666667,0.20750000000000018,0.4791666666666665,0.10056142478516622,17.836086512101204,0
v3+DL,fold_1,2020-09-24,evaluation,0.03666666666666667,0.19916666666666677,0.49583333333333307,0.10056142478516622,17.836086512101204,0
v4+DL,fold_1,2020-09-25,evaluation,0.04166666666666667,0.18166666666666687,0.4541666666666665,0.10056142478516622,17.836086512101204,0
v3+DL,fold_1,2020-09-25,evaluation,0.04166666666666667,0.16083333333333344,0.4666666666666664,0.10056142478516622,17.836086512101204,0
v4+DL,fold_1,2020-09-26,evaluation,0.046666666666666676,0.19333333333333352,0.4749999999999998,0.10056142478516622,17.836086512101204,0
v3+DL,fold_1,2020-09-26,evaluation,0.046666666666666676,0.1725000000000001,0.48333333333333306,0.10056142478516622,17.836086512101204,0
v4+DL,fold_1,2020-09-27,evaluation,0.05166666666666668,0.21333333333333354,0.5124999999999998,0.10056142478516622,17.836086512101204,0
v3+DL,fold_1,2020-09-27,evaluation,0.05166666666666668,0.19250000000000012,0.520833333333333,0.10056142478516622,17.836086512101204,0
v4+DL,fold_1,2020-09-28,evaluation,0.056666666666666685,0.23333333333333356,0.49166666666666653,0.10056142478516622,17.836086512101204,0
v3+DL,fold_1,2020-09-28,evaluation,0.056666666666666685,0.21250000000000013,0.5249999999999997,0.10056142478516622,17.836086512101204,0
v4+DL,fold_2,2021-04-01,evaluation,0.01,0.10706521739130437,0.4190217391304348,0.10056142478516622,17.836086512101204,0
v3+DL,fold_2,2021-04-01,evaluation,0.01,0.09891304347826091,0.40217391304347827,0.10056142478516622,17.836086512101204,0
v4+DL,fold_2,2021-04-02,evaluation,0.015000000000000001,0.12706521739130439,0.4565217391304348,0.1199440628633525,17.128901594380245,0
v3+DL,fold_2,2021-04-02,evaluation,0.015000000000000001,0.11891304347826091,0.43134057971014494,0.1199440628633525,17.128901594380245,0
v4+DL,fold_2,2021-04-03,evaluation,0.020000000000000004,0.1470652173913044,0.4981884057971015,0.11764780363109383,16.699973834281884,0
v3+DL,fold_2,2021-04-03,evaluation,0.020000000000000004,0.13891304347826092,0.47300724637681163,0.11764780363109383,16.699973834281884,0
v4+DL,fold_2,2021-04-04,evaluation,0.025000000000000005,0.14623188405797108,0.5065217391304349,0.1156426125273182,16.44741897216137,0
v3+DL,fold_2,2021-04-04,evaluation,0.025000000000000005,0.14224637681159424,0.48550724637681164,0.1156426125273182,16.44741897216137,0
v4+DL,fold_2,2021-04-05,evaluation,0.030000000000000006,0.14539855072463775,0.5023550724637682,0.11388455736212151,16.31138384465961,0
v3+DL,fold_2,2021-04-05,evaluation,0.02166666666666667,0.14141304347826092,0.4771739130434783,0.11388455736212151,16.31138384465961,0
v4+DL,fold_2,2021-04-06,evaluation,0.030000000000000006,0.14539855072463775,0.5023550724637682,0.11388455736212151,16.31138384465961,0
v3+DL,fold_2,2021-04-06,evaluation,0.02166666666666667,0.14141304347826092,0.4771739130434783,0.11388455736212151,16.31138384465961,0
v4+DL,fold_2,2021-04-07,evaluation,0.01833333333333334,0.10289855072463774,0.4690217391304349,0.12259737905718358,15.921445645436767,0
v3+DL,fold_2,2021-04-07,evaluation,0.014166666666666671,0.10307971014492759,0.43967391304347825,0.12259737905718358,15.921445645436767,0
v4+DL,fold_2,2021-04-08,evaluation,0.015000000000000008,0.07706521739130441,0.42318840579710154,0.11988463558801392,15.72072003941543,0
v3+DL,fold_2,2021-04-08,evaluation,0.015000000000000005,0.07724637681159426,0.38967391304347826,0.11988463558801392,15.72072003941543,0
v4+DL,fold_2,2021-04-09,evaluation,0.01,0.05123188405797108,0.3981884057971015,0.11752921167989429,15.640936785384113,0
v3+DL,fold_2,2021-04-09,evaluation,0.01,0.05141304347826092,0.36884057971014494,0.11752921167989429,15.640936785384113,0
v4+DL,fold_2,2021-04-10,evaluation,0.010833333333333334,0.04206521739130441,0.3648550724637682,0.11547433047801745,15.640746647878073,0
v3+DL,fold_2,2021-04-10,evaluation,0.01,0.04,0.33967391304347827,0.11547433047801745,15.640746647878073,0
v4+DL,fold_2,2021-04-11,evaluation,0.015833333333333335,0.06206521739130441,0.3898550724637682,0.11367422230937656,15.693637126574975,0
v3+DL,fold_2,2021-04-11,evaluation,0.015000000000000001,0.060000000000000005,0.36884057971014494,0.11367422230937656,15.693637126574975,0
v4+DL,fold_2,2021-04-12,evaluation,0.020833333333333336,0.08206521739130442,0.43568840579710155,0.11209158329210779,15.781860155506443,0
v3+DL,fold_2,2021-04-12,evaluation,0.020000000000000004,0.08000000000000002,0.41884057971014493,0.11209158329210779,15.781860155506443,0
v4+DL,fold_2,2021-04-13,evaluation,0.025833333333333337,0.10206521739130442,0.4648550724637682,0.11069570878143616,15.893144525900032,0
v3+DL,fold_2,2021-04-13,evaluation,0.025000000000000005,0.10000000000000002,0.4605072463768116,0.11069570878143616,15.893144525900032,0
v4+DL,fold_2,2021-04-14,evaluation,0.026666666666666672,0.11789855072463776,0.4940217391304349,0.10946110130802493,16.01880409184512,0
v3+DL,fold_2,2021-04-14,evaluation,0.02583333333333334,0.11583333333333336,0.4980072463768116,0.10946110130802493,16.01880409184512,0
v4+DL,fold_2,2021-04-15,evaluation,0.027500000000000007,0.12956521739130442,0.5065217391304349,0.10836641786687207,16.152591719967813,0
v3+DL,fold_2,2021-04-15,evaluation,0.026666666666666675,0.13166666666666668,0.5146739130434783,0.10836641786687207,16.152591719967813,0
v4+DL,fold_2,2021-04-16,evaluation,0.01,0.10789855072463775,0.4773550724637682,0.10739366368019249,16.289973439690495,0
v3+DL,fold_2,2021-04-16,evaluation,0.01,0.11833333333333335,0.4896739130434783,0.10739366368019249,16.289973439690495,0
v4+DL,fold_2,2021-04-17,evaluation,0.01,0.10706521739130441,0.48152173913043483,0.10652756751397156,16.42765038508562,0
v3+DL,fold_2,2021-04-17,evaluation,0.01,0.12166666666666669,0.48550724637681164,0.10652756751397156,16.42765038508562,0
v4+DL,fold_2,2021-04-18,evaluation,0.015000000000000001,0.1270652173913044,0.49402173913043484,0.10575509246240475,16.56323282270061,0
v3+DL,fold_2,2021-04-18,evaluation,0.015000000000000001,0.1375,0.5105072463768117,0.10575509246240475,16.56323282270061,0
v4+DL,fold_2,2021-04-19,evaluation,0.020000000000000004,0.1470652173913044,0.5231884057971015,0.10506504901835662,16.695010951727433,0
v3+DL,fold_2,2021-04-19,evaluation,0.020000000000000004,0.15750000000000003,0.5480072463768116,0.10506504901835662,16.695010951727433,0
v4+DL,fold_2,2021-04-20,evaluation,0.025000000000000005,0.16706521739130442,0.5231884057971015,0.10444778622588188,16.821789357378858,0
v3+DL,fold_2,2021-04-20,evaluation,0.025000000000000005,0.17750000000000005,0.5480072463768116,0.10444778622588188,16.821789357378858,0
v4+DL,fold_2,2021-04-21,evaluation,0.030000000000000006,0.17456521739130443,0.49818840579710144,0.1038949430463802,16.94276464719629,0
v3+DL,fold_2,2021-04-21,evaluation,0.030000000000000006,0.17666666666666672,0.518840579710145,0.1038949430463802,16.94276464719629,0
v4+DL,fold_2,2021-04-22,evaluation,0.035,0.16539855072463777,0.4940217391304348,0.1033992465996959,17.057433241196808,0
v3+DL,fold_2,2021-04-22,evaluation,0.035,0.16333333333333339,0.518840579710145,0.1033992465996959,17.057433241196808,0
v4+DL,fold_2,2021-04-23,evaluation,0.01916666666666667,0.08539855072463776,0.4440217391304348,0.1029543472195992,17.165520788924134,0
v3+DL,fold_2,2021-04-23,evaluation,0.01916666666666667,0.08333333333333337,0.468840579710145,0.1029543472195992,17.165520788924134,0
v4+DL,fold_2,2021-04-24,evaluation,0.01,0.06373188405797109,0.43985507246376815,0.102554682662273,17.266927480514056,0
v3+DL,fold_2,2021-04-24,evaluation,0.01,0.0616666666666667,0.4646739130434783,0.102554682662273,17.266927480514056,0
v4+DL,fold_2,2021-04-25,evaluation,0.015000000000000001,0.08373188405797109,0.4690217391304348,0.10219536558083103,17.36168529446082,0
v3+DL,fold_2,2021-04-25,evaluation,0.015000000000000001,0.07750000000000004,0.48967391304347835,0.10219536558083103,17.36168529446082,0
v4+DL,fold_2,2021-04-26,evaluation,0.020000000000000004,0.1037318840579711,0.4773550724637682,0.10187208970410046,17.44992437921793,0
v3+DL,fold_2,2021-04-26,evaluation,0.020000000000000004,0.09750000000000004,0.5021739130434784,0.10187208970410046,17.44992437921793,0
v4+DL,fold_2,2021-04-27,evaluation,0.025000000000000005,0.1237318840579711,0.45652173913043487,0.10158105115671986,17.531846533633153,0
v3+DL,fold_2,2021-04-27,evaluation,0.025000000000000005,0.11750000000000005,0.4855072463768117,0.10158105115671986,17.531846533633153,0
v4+DL,fold_2,2021-04-28,evaluation,0.030000000000000006,0.1437318840579711,0.4898550724637682,0.10131888211689714,17.607704273902733,0
v3+DL,fold_2,2021-04-28,evaluation,0.030000000000000006,0.13750000000000007,0.5188405797101451,0.10131888211689714,17.607704273902733,0
v4+DL,fold_2,2021-04-29,evaluation,0.035,0.16373188405797112,0.49818840579710155,0.10108259459004784,17.677784339052025,0
v3+DL,fold_2,2021-04-29,evaluation,0.035,0.15750000000000008,0.5230072463768117,0.10108259459004784,17.677784339052025,0
v4+DL,fold_2,2021-04-30,evaluation,0.04000000000000001,0.18373188405797114,0.5481884057971016,0.1008695325258395,17.742394747085992,0
v3+DL,fold_2,2021-04-30,evaluation,0.04000000000000001,0.1775000000000001,0.5646739130434784,0.1008695325258395,17.742394747085992,0
v4+DL,fold_2,2021-05-01,evaluation,0.04500000000000001,0.19956521739130448,0.5648550724637683,0.10078052300400255,17.768777776605216,0
v3+DL,fold_2,2021-05-01,evaluation,0.04500000000000001,0.19750000000000012,0.5896739130434784,0.10078052300400255,17.768777776605216,0
v4+DL,fold_2,2021-05-02,evaluation,0.05000000000000002,0.20706521739130448,0.5606884057971017,0.10070004043701614,17.793109476210628,0
v3+DL,fold_2,2021-05-02,evaluation,0.05000000000000002,0.20083333333333345,0.5771739130434784,0.10070004043701614,17.793109476210628,0
v4+DL,fold_2,2021-05-03,evaluation,0.05500000000000002,0.21873188405797114,0.5731884057971016,0.10062725632994957,17.8155060950359,0
v3+DL,fold_2,2021-05-03,evaluation,0.05500000000000002,0.22083333333333344,0.5896739130434784,0.10062725632994957,17.8155060950359,0
v4+DL,fold_2,2021-05-04,evaluation,0.04750000000000002,0.22206521739130447,0.5856884057971016,0.10056142478516622,17.836086512101204,0
v3+DL,fold_2,2021-05-04,evaluation,0.04750000000000002,0.22416666666666676,0.5855072463768117,0.10056142478516622,17.836086512101204,0
v4+DL,fold_2,2021-05-05,evaluation,0.04416666666666669,0.2253985507246378,0.5731884057971016,0.10056142478516622,17.836086512101204,0
v3+DL,fold_2,2021-05-05,evaluation,0.05250000000000002,0.2275000000000001,0.5563405797101451,0.10056142478516622,17.836086512101204,0
v4+DL,fold_2,2021-05-06,evaluation,0.028333333333333353,0.1828985507246378,0.531521739130435,0.10056142478516622,17.836086512101204,0
v3+DL,fold_2,2021-05-06,evaluation,0.04083333333333335,0.18083333333333343,0.5188405797101451,0.10056142478516622,17.836086512101204,0
v4+DL,fold_2,2021-05-07,evaluation,0.012500000000000018,0.14456521739130446,0.48568840579710165,0.10056142478516622,17.836086512101204,0
v3+DL,fold_2,2021-05-07,evaluation,0.016666666666666684,0.14666666666666678,0.4896739130434784,0.10056142478516622,17.836086512101204,0
v4+DL,fold_2,2021-05-08,evaluation,0.01,0.10623188405797113,0.44402173913043497,0.10056142478516622,17.836086512101204,0
v3+DL,fold_2,2021-05-08,evaluation,0.01,0.1250000000000001,0.47300724637681174,0.10056142478516622,17.836086512101204,0
v4+DL,fold_2,2021-05-09,evaluation,0.015000000000000001,0.12206521739130446,0.4356884057971016,0.10056142478516622,17.836086512101204,0
v3+DL,fold_2,2021-05-09,evaluation,0.015000000000000001,0.14500000000000013,0.48550724637681175,0.10056142478516622,17.836086512101204,0
v4+DL,fold_2,2021-05-10,evaluation,0.020000000000000004,0.14206521739130445,0.47318840579710164,0.10056142478516622,17.836086512101204,0
v3+DL,fold_2,2021-05-10,evaluation,0.020000000000000004,0.16500000000000015,0.5230072463768117,0.10056142478516622,17.836086512101204,0
v4+DL,fold_2,2021-05-11,evaluation,0.025000000000000005,0.09956521739130444,0.4398550724637683,0.10056142478516622,17.836086512101204,0
v3+DL,fold_2,2021-05-11,evaluation,0.025000000000000005,0.11000000000000014,0.4896739130434784,0.10056142478516622,17.836086512101204,0
v4+DL,fold_2,2021-05-12,evaluation,0.030000000000000006,0.11956521739130445,0.46485507246376834,0.10056142478516622,17.836086512101204,0
v3+DL,fold_2,2021-05-12,evaluation,0.030000000000000006,0.13000000000000014,0.4980072463768117,0.10056142478516622,17.836086512101204,0
v4+DL,fold_2,2021-05-13,evaluation,0.035,0.13956521739130445,0.5106884057971017,0.10056142478516622,17.836086512101204,0
v3+DL,fold_2,2021-05-13,evaluation,0.035,0.15000000000000013,0.5438405797101451,0.10056142478516622,17.836086512101204,0
v4+DL,fold_2,2021-05-14,evaluation,0.04000000000000001,0.15956521739130447,0.5356884057971018,0.10056142478516622,17.836086512101204,0
v3+DL,fold_2,2021-05-14,evaluation,0.04000000000000001,0.17000000000000015,0.5605072463768118,0.10056142478516622,17.836086512101204,0
v4+DL,fold_2,2021-05-15,evaluation,0.04500000000000001,0.1753985507246378,0.5148550724637684,0.10056142478516622,17.836086512101204,0
v3+DL,fold_2,2021-05-15,evaluation,0.04500000000000001,0.16916666666666683,0.5271739130434785,0.10056142478516622,17.836086512101204,0
v4+DL,fold_2,2021-05-16,evaluation,0.05000000000000002,0.1953985507246378,0.5481884057971017,0.10056142478516622,17.836086512101204,0
v3+DL,fold_2,2021-05-16,evaluation,0.05000000000000002,0.18916666666666682,0.5521739130434785,0.10056142478516622,17.836086512101204,0
v4+DL,fold_2,2021-05-17,evaluation,0.05500000000000002,0.21539855072463782,0.5856884057971017,0.10056142478516622,17.836086512101204,0
v3+DL,fold_2,2021-05-17,evaluation,0.05500000000000002,0.20916666666666683,0.5896739130434785,0.10056142478516622,17.836086512101204,0
v4+DL,fold_2,2021-05-18,evaluation,0.060000000000000026,0.22706521739130447,0.5398550724637683,0.10056142478516622,17.836086512101204,0
v3+DL,fold_2,2021-05-18,evaluation,0.060000000000000026,0.22500000000000017,0.5480072463768119,0.10056142478516622,17.836086512101204,0
v4+DL,fold_2,2021-05-19,evaluation,0.023333333333333352,0.17623188405797113,0.4981884057971016,0.10056142478516622,17.836086512101204,0
v3+DL,fold_2,2021-05-19,evaluation,0.027500000000000024,0.18666666666666684,0.5188405797101452,0.10056142478516622,17.836086512101204,0
v4+DL,fold_2,2021-05-20,evaluation,0.020000000000000018,0.18373188405797114,0.49402173913043496,0.10056142478516622,17.836086512101204,0
v3+DL,fold_2,2021-05-20,evaluation,0.02416666666666669,0.18583333333333352,0.4980072463768119,0.10056142478516622,17.836086512101204,0
v4+DL,fold_2,2021-05-21,evaluation,0.02500000000000002,0.18706521739130447,0.5023550724637683,0.10056142478516622,17.836086512101204,0
v3+DL,fold_2,2021-05-21,evaluation,0.02916666666666669,0.18916666666666684,0.4896739130434785,0.10056142478516622,17.836086512101204,0
v4+DL,fold_2,2021-05-22,evaluation,0.03000000000000002,0.19456521739130447,0.49402173913043496,0.10056142478516622,17.836086512101204,0
v3+DL,fold_2,2021-05-22,evaluation,0.03416666666666669,0.18833333333333352,0.48134057971014516,0.10056142478516622,17.836086512101204,0
v4+DL,fold_2,2021-05-23,evaluation,0.026666666666666686,0.13123188405797115,0.44402173913043497,0.10056142478516622,17.836086512101204,0
v3+DL,fold_2,2021-05-23,evaluation,0.022500000000000027,0.12083333333333351,0.43134057971014517,0.10056142478516622,17.836086512101204,0
v4+DL,fold_2,2021-05-24,evaluation,0.01,0.06789855072463781,0.394021739130435,0.10056142478516622,17.836086512101204,0
v3+DL,fold_2,2021-05-24,evaluation,0.01,0.04500000000000018,0.3813405797101452,0.10056142478516622,17.836086512101204,0
v4+DL,fold_2,2021-05-25,evaluation,0.015000000000000001,0.08373188405797115,0.39818840579710163,0.10056142478516622,17.836086512101204,0
v3+DL,fold_2,2021-05-25,evaluation,0.015000000000000001,0.05666666666666685,0.3730072463768118,0.10056142478516622,17.836086512101204,0
v4+DL,fold_2,2021-05-26,evaluation,0.020000000000000004,0.10373188405797115,0.4398550724637683,0.10056142478516622,17.836086512101204,0
v3+DL,fold_2,2021-05-26,evaluation,0.020000000000000004,0.07666666666666686,0.4021739130434785,0.10056142478516622,17.836086512101204,0
v4+DL,fold_2,2021-05-27,evaluation,0.025000000000000005,0.11539855072463782,0.44402173913043497,0.10056142478516622,17.836086512101204,0
v3+DL,fold_2,2021-05-27,evaluation,0.02083333333333334,0.0800000000000002,0.4021739130434785,0.10056142478516622,17.836086512101204,0
v4+DL,fold_2,2021-05-28,evaluation,0.030000000000000006,0.13539855072463783,0.48152173913043494,0.10056142478516622,17.836086512101204,0
v3+DL,fold_2,2021-05-28,evaluation,0.02583333333333334,0.1000000000000002,0.4438405797101452,0.10056142478516622,17.836086512101204,0
v4+DL,fold_2,2021-05-29,evaluation,0.035,0.15539855072463782,0.5106884057971016,0.10056142478516622,17.836086512101204,0
v3+DL,fold_2,2021-05-29,evaluation,0.03083333333333334,0.1200000000000002,0.47300724637681185,0.10056142478516622,17.836086512101204,0
v4+DL,fold_2,2021-05-30,evaluation,0.04000000000000001,0.17539855072463784,0.544021739130435,0.10056142478516622,17.836086512101204,0
v3+DL,fold_2,2021-05-30,evaluation,0.03583333333333334,0.1400000000000002,0.5146739130434785,0.10056142478516622,17.836086512101204,0
v4+DL,fold_2,2021-05-31,evaluation,0.04500000000000001,0.19123188405797117,0.5648550724637683,0.10056142478516622,17.836086512101204,0
v3+DL,fold_2,2021-05-31,evaluation,0.040833333333333346,0.14750000000000021,0.5230072463768118,0.10056142478516622,17.836086512101204,0
v4+DL,fold_2,2021-06-01,evaluation,0.05000000000000002,0.21123188405797116,0.5606884057971017,0.10056142478516622,17.836086512101204,0
v3+DL,fold_2,2021-06-01,evaluation,0.04583333333333335,0.1675000000000002,0.5230072463768118,0.10056142478516622,17.836086512101204,0
v4+DL,fold_2,2021-06-02,evaluation,0.05500000000000002,0.18539855072463785,0.5523550724637684,0.10056142478516622,17.836086512101204,0
v3+DL,fold_2,2021-06-02,evaluation,0.050833333333333355,0.16666666666666688,0.5146739130434785,0.10056142478516622,17.836086512101204,0
v4+DL,fold_2,2021-06-03,evaluation,0.060000000000000026,0.20539855072463786,0.5606884057971017,0.10056142478516622,17.836086512101204,0
v3+DL,fold_2,2021-06-03,evaluation,0.05583333333333336,0.18666666666666687,0.5230072463768118,0.10056142478516622,17.836086512101204,0
v4+DL,fold_2,2021-06-04,evaluation,0.06500000000000003,0.22539855072463788,0.5898550724637683,0.10056142478516622,17.836086512101204,0
v3+DL,fold_2,2021-06-04,evaluation,0.060833333333333364,0.2066666666666669,0.5521739130434785,0.10056142478516622,17.836086512101204,0
v4+DL,fold_2,2021-06-05,evaluation,0.061666666666666696,0.2287318840579712,0.6106884057971017,0.10056142478516622,17.836086512101204,0
v3+DL,fold_2,2021-06-05,evaluation,0.053333333333333365,0.21000000000000021,0.5688405797101452,0.10056142478516622,17.836086512101204,0
v4+DL,fold_2,2021-06-06,evaluation,0.0666666666666667,0.24039855072463787,0.619021739130435,0.10056142478516622,17.836086512101204,0
v3+DL,fold_2,2021-06-06,evaluation,0.05833333333333336,0.22583333333333355,0.5980072463768119,0.10056142478516622,17.836086512101204,0
v4+DL,fold_2,2021-06-07,evaluation,0.0716666666666667,0.2562318840579712,0.6023550724637683,0.10056142478516622,17.836086512101204,0
v3+DL,fold_2,2021-06-07,evaluation,0.06333333333333337,0.2416666666666669,0.6230072463768119,0.10056142478516622,17.836086512101204,0
v4+DL,fold_2,2021-06-08,evaluation,0.0766666666666667,0.2637318840579712,0.606521739130435,0.10056142478516622,17.836086512101204,0
v3+DL,fold_2,2021-06-08,evaluation,0.06833333333333337,0.2491666666666669,0.6063405797101453,0.10056142478516622,17.836086512101204,0
v4+DL,fold_2,2021-06-09,evaluation,0.060833333333333364,0.2378985507246379,0.5773550724637683,0.10056142478516622,17.836086512101204,0
v3+DL,fold_2,2021-06-09,evaluation,0.06500000000000004,0.24000000000000024,0.5771739130434786,0.10056142478516622,17.836086512101204,0
v4+DL,fold_2,2021-06-10,evaluation,0.061666666666666696,0.21623188405797122,0.5606884057971016,0.10056142478516622,17.836086512101204,0
v3+DL,fold_2,2021-06-10,evaluation,0.06583333333333338,0.21000000000000024,0.5563405797101453,0.10056142478516622,17.836086512101204,0
v4+DL,fold_2,2021-06-11,evaluation,0.0666666666666667,0.2153985507246379,0.5398550724637682,0.10056142478516622,17.836086512101204,0
v3+DL,fold_2,2021-06-11,evaluation,0.06666666666666672,0.21333333333333357,0.5438405797101453,0.10056142478516622,17.836086512101204,0
v4+DL,fold_2,2021-06-12,evaluation,0.06750000000000003,0.2228985507246379,0.5273550724637682,0.10056142478516622,17.836086512101204,0
v3+DL,fold_2,2021-06-12,evaluation,0.06750000000000006,0.22083333333333358,0.5313405797101454,0.10056142478516622,17.836086512101204,0
v4+DL,fold_2,2021-06-13,evaluation,0.07250000000000004,0.2303985507246379,0.5315217391304349,0.10056142478516622,17.836086512101204,0
v3+DL,fold_2,2021-06-13,evaluation,0.0683333333333334,0.2241666666666669,0.5438405797101453,0.10056142478516622,17.836086512101204,0
v4+DL,fold_2,2021-06-14,evaluation,0.023333333333333373,0.17123188405797124,0.4898550724637682,0.10056142478516622,17.836086512101204,0
v3+DL,fold_2,2021-06-14,evaluation,0.015000000000000062,0.16500000000000026,0.498007246376812,0.10056142478516622,17.836086512101204,0
v4+DL,fold_2,2021-06-15,evaluation,0.01,0.10373188405797124,0.4398550724637682,0.10056142478516622,17.836086512101204,0
v3+DL,fold_2,2021-06-15,evaluation,0.01,0.1058333333333336,0.46050724637681195,0.10056142478516622,17.836086512101204,0
v4+DL,fold_2,2021-06-16,evaluation,0.015000000000000001,0.12373188405797124,0.44402173913043486,0.10056142478516622,17.836086512101204,0
v3+DL,fold_2,2021-06-16,evaluation,0.015000000000000001,0.1258333333333336,0.4521739130434786,0.10056142478516622,17.836086512101204,0
v4+DL,fold_2,2021-06-17,evaluation,0.020000000000000004,0.14373188405797124,0.48568840579710154,0.10056142478516622,17.836086512101204,0
v3+DL,fold_2,2021-06-17,evaluation,0.020000000000000004,0.1458333333333336,0.4771739130434786,0.10056142478516622,17.836086512101204,0
v4+DL,fold_2,2021-06-18,evaluation,0.025000000000000005,0.16373188405797123,0.5231884057971016,0.10056142478516622,17.836086512101204,0
v3+DL,fold_2,2021-06-18,evaluation,0.025000000000000005,0.1658333333333336,0.5146739130434786,0.10056142478516622,17.836086512101204,0
v4+DL,fold_2,2021-06-19,evaluation,0.030000000000000006,0.18373188405797125,0.5481884057971016,0.10056142478516622,17.836086512101204,0
v3+DL,fold_2,2021-06-19,evaluation,0.030000000000000006,0.18583333333333363,0.523007246376812,0.10056142478516622,17.836086512101204,0
v4+DL,fold_2,2021-06-20,evaluation,0.035,0.20373188405797127,0.594021739130435,0.10056142478516622,17.836086512101204,0
v3+DL,fold_2,2021-06-20,evaluation,0.035,0.20583333333333365,0.5688405797101452,0.10056142478516622,17.836086512101204,0
v4+DL,fold_2,2021-06-21,evaluation,0.04000000000000001,0.2237318840579713,0.606521739130435,0.10056142478516622,17.836086512101204,0
v3+DL,fold_2,2021-06-21,evaluation,0.04000000000000001,0.22166666666666698,0.5980072463768119,0.10056142478516622,17.836086512101204,0
v4+DL,fold_2,2021-06-22,evaluation,0.04500000000000001,0.23956521739130462,0.6106884057971016,0.10056142478516622,17.836086512101204,0
v3+DL,fold_2,2021-06-22,evaluation,0.04500000000000001,0.23750000000000032,0.5980072463768119,0.10056142478516622,17.836086512101204,0
v4+DL,fold_2,2021-06-23,evaluation,0.05000000000000002,0.2262318840579713,0.5773550724637683,0.10056142478516622,17.836086512101204,0
v3+DL,fold_2,2021-06-23,evaluation,0.05000000000000002,0.24083333333333365,0.5771739130434785,0.10056142478516622,17.836086512101204,0
v4+DL,fold_2,2021-06-24,evaluation,0.04250000000000002,0.20039855072463797,0.5565217391304349,0.10056142478516622,17.836086512101204,0
v3+DL,fold_2,2021-06-24,evaluation,0.04250000000000002,0.2275000000000003,0.5605072463768119,0.10056142478516622,17.836086512101204,0
v4+DL,fold_2,2021-06-25,evaluation,0.022500000000000013,0.18289855072463798,0.5606884057971016,0.10056142478516622,17.836086512101204,0
v3+DL,fold_2,2021-06-25,evaluation,0.022500000000000013,0.21000000000000033,0.5646739130434786,0.10056142478516622,17.836086512101204,0
v4+DL,fold_2,2021-06-26,evaluation,0.01,0.16123188405797131,0.5315217391304349,0.10056142478516622,17.836086512101204,0
v3+DL,fold_2,2021-06-26,evaluation,0.01,0.18000000000000033,0.5438405797101452,0.10056142478516622,17.836086512101204,0
v4+DL,fold_2,2021-06-27,evaluation,0.015000000000000001,0.17706521739130465,0.5523550724637682,0.10056142478516622,17.836086512101204,0
v3+DL,fold_2,2021-06-27,evaluation,0.015000000000000001,0.19583333333333366,0.5563405797101452,0.10056142478516622,17.836086512101204,0
v4+DL,fold_2,2021-06-28,evaluation,0.020000000000000004,0.1887318840579713,0.5523550724637682,0.10056142478516622,17.836086512101204,0
v3+DL,fold_2,2021-06-28,evaluation,0.020000000000000004,0.19500000000000034,0.5355072463768118,0.10056142478516622,17.836086512101204,0
v4+DL,fold_2,2021-06-29,evaluation,0.025000000000000005,0.16706521739130464,0.5231884057971016,0.10056142478516622,17.836086512101204,0
v3+DL,fold_2,2021-06-29,evaluation,0.025000000000000005,0.16916666666666702,0.4980072463768118,0.10056142478516622,17.836086512101204,0
v4+DL,fold_3,2022-07-01,evaluation,0.06416666666666669,0.1941666666666667,0.5291666666666666,0.10056142478516622,17.836086512101204,0
v3+DL,fold_3,2022-07-01,evaluation,0.06833333333333336,0.21500000000000005,0.5125,0.10056142478516622,17.836086512101204,0
v4+DL,fold_3,2022-07-02,evaluation,0.0691666666666667,0.20583333333333337,0.5249999999999999,0.10056142478516622,17.836086512101204,0
v3+DL,fold_3,2022-07-02,evaluation,0.07333333333333336,0.22250000000000006,0.5041666666666667,0.10056142478516622,17.836086512101204,0
v4+DL,fold_3,2022-07-03,evaluation,0.061666666666666696,0.1716666666666667,0.4916666666666666,0.10056142478516622,17.836086512101204,0
v3+DL,fold_3,2022-07-03,evaluation,0.07000000000000003,0.18000000000000005,0.4666666666666667,0.10056142478516622,17.836086512101204,0
v4+DL,fold_3,2022-07-04,evaluation,0.020833333333333363,0.12083333333333335,0.4541666666666666,0.10056142478516622,17.836086512101204,0
v3+DL,fold_3,2022-07-04,evaluation,0.03333333333333336,0.12083333333333339,0.4291666666666667,0.10056142478516622,17.836086512101204,0
v4+DL,fold_3,2022-07-05,evaluation,0.025833333333333364,0.12833333333333335,0.41666666666666663,0.10056142478516622,17.836086512101204,0
v3+DL,fold_3,2022-07-05,evaluation,0.03833333333333336,0.11166666666666672,0.3916666666666667,0.10056142478516622,17.836086512101204,0
v4+DL,fold_3,2022-07-06,evaluation,0.030833333333333365,0.14833333333333337,0.4208333333333333,0.10056142478516622,17.836086512101204,0
v3+DL,fold_3,2022-07-06,evaluation,0.04333333333333336,0.1316666666666667,0.4,0.10056142478516622,17.836086512101204,0
v4+DL,fold_3,2022-07-07,evaluation,0.03583333333333337,0.1683333333333334,0.47083333333333327,0.10056142478516622,17.836086512101204,0
v3+DL,fold_3,2022-07-07,evaluation,0.04833333333333337,0.15166666666666673,0.4416666666666667,0.10056142478516622,17.836086512101204,0
v4+DL,fold_3,2022-07-08,evaluation,0.040833333333333374,0.1883333333333334,0.5083333333333333,0.10056142478516622,17.836086512101204,0
v3+DL,fold_3,2022-07-08,evaluation,0.05333333333333337,0.17166666666666675,0.47500000000000003,0.10056142478516622,17.836086512101204,0
v4+DL,fold_3,2022-07-09,evaluation,0.041666666666666706,0.17083333333333342,0.4833333333333333,0.10056142478516622,17.836086512101204,0
v3+DL,fold_3,2022-07-09,evaluation,0.04583333333333337,0.15416666666666676,0.45,0.10056142478516622,17.836086512101204,0
v4+DL,fold_3,2022-07-10,evaluation,0.01,0.09916666666666676,0.4333333333333333,0.10056142478516622,17.836086512101204,0
v3+DL,fold_3,2022-07-10,evaluation,0.01,0.08666666666666675,0.4041666666666667,0.10056142478516622,17.836086512101204,0
v4+DL,fold_3,2022-07-11,evaluation,0.01,0.06916666666666677,0.38749999999999996,0.10056142478516622,17.836086512101204,0
v3+DL,fold_3,2022-07-11,evaluation,0.01,0.048333333333333416,0.3625,0.10056142478516622,17.836086512101204,0
v4+DL,fold_3,2022-07-12,evaluation,0.015000000000000001,0.06833333333333343,0.39999999999999997,0.10056142478516622,17.836086512101204,0
v3+DL,fold_3,2022-07-12,evaluation,0.015000000000000001,0.047500000000000084,0.37916666666666665,0.10056142478516622,17.836086512101204,0
v4+DL,fold_3,2022-07-13,evaluation,0.020000000000000004,0.08416666666666676,0.37916666666666665,0.10056142478516622,17.836086512101204,0
v3+DL,fold_3,2022-07-13,evaluation,0.020000000000000004,0.06333333333333342,0.37916666666666665,0.10056142478516622,17.836086512101204,0
v4+DL,fold_3,2022-07-14,evaluation,0.025000000000000005,0.10416666666666677,0.42083333333333334,0.10056142478516622,17.836086512101204,0
v3+DL,fold_3,2022-07-14,evaluation,0.025000000000000005,0.08333333333333343,0.42083333333333334,0.10056142478516622,17.836086512101204,0
v4+DL,fold_3,2022-07-15,evaluation,0.030000000000000006,0.12416666666666677,0.4708333333333333,0.10056142478516622,17.836086512101204,0
v3+DL,fold_3,2022-07-15,evaluation,0.030000000000000006,0.10333333333333343,0.4708333333333333,0.10056142478516622,17.836086512101204,0
v4+DL,fold_3,2022-07-16,evaluation,0.035,0.14416666666666678,0.49166666666666664,0.10056142478516622,17.836086512101204,0
v3+DL,fold_3,2022-07-16,evaluation,0.035,0.12333333333333343,0.5125,0.10056142478516622,17.836086512101204,0
v4+DL,fold_3,2022-07-17,evaluation,0.04000000000000001,0.1641666666666668,0.5208333333333333,0.10056142478516622,17.836086512101204,0
v3+DL,fold_3,2022-07-17,evaluation,0.04000000000000001,0.14333333333333342,0.5416666666666666,0.10056142478516622,17.836086512101204,0
v4+DL,fold_3,2022-07-18,evaluation,0.04500000000000001,0.16333333333333347,0.5083333333333333,0.10056142478516622,17.836086512101204,0
v3+DL,fold_3,2022-07-18,evaluation,0.04500000000000001,0.1425000000000001,0.5208333333333333,0.10056142478516622,17.836086512101204,0
v4+DL,fold_3,2022-07-19,evaluation,0.05000000000000002,0.18333333333333346,0.5333333333333333,0.10056142478516622,17.836086512101204,0
v3+DL,fold_3,2022-07-19,evaluation,0.05000000000000002,0.1625000000000001,0.5375,0.10056142478516622,17.836086512101204,0
v4+DL,fold_3,2022-07-22,evaluation,0.060000000000000026,0.2066666666666668,0.5708333333333333,0.10056142478516622,17.836086512101204,0
v3+DL,fold_3,2022-07-22,evaluation,0.060000000000000026,0.18583333333333343,0.5333333333333333,0.10056142478516622,17.836086512101204,0
v4+DL,fold_3,2022-07-23,evaluation,0.060000000000000026,0.2066666666666668,0.5708333333333333,0.10056142478516622,17.836086512101204,0
v3+DL,fold_3,2022-07-23,evaluation,0.060000000000000026,0.18583333333333343,0.5333333333333333,0.10056142478516622,17.836086512101204,0
v4+DL,fold_3,2022-07-24,evaluation,0.06500000000000003,0.22250000000000014,0.5791666666666666,0.1199440628633525,17.128901594380245,0
v3+DL,fold_3,2022-07-24,evaluation,0.06500000000000003,0.18916666666666676,0.5416666666666666,0.1199440628633525,17.128901594380245,0
v4+DL,fold_3,2022-07-25,evaluation,0.07000000000000003,0.24250000000000016,0.6,0.11764780363109383,16.699973834281884,0
v3+DL,fold_3,2022-07-25,evaluation,0.07000000000000003,0.20916666666666678,0.5666666666666667,0.11764780363109383,16.699973834281884,0
v4+DL,fold_3,2022-07-26,evaluation,0.05833333333333337,0.2208333333333335,0.575,0.1156426125273182,16.44741897216137,0
v3+DL,fold_3,2022-07-26,evaluation,0.06666666666666671,0.20000000000000012,0.5416666666666666,0.1156426125273182,16.44741897216137,0
v4+DL,fold_3,2022-07-27,evaluation,0.06333333333333337,0.2283333333333335,0.5708333333333333,0.11388455736212151,16.31138384465961,0
v3+DL,fold_3,2022-07-27,evaluation,0.07166666666666671,0.21583333333333346,0.5499999999999999,0.11388455736212151,16.31138384465961,0
v4+DL,fold_3,2022-07-28,evaluation,0.06833333333333337,0.22750000000000017,0.5416666666666666,0.11233775066860352,16.254371272810438,0
v3+DL,fold_3,2022-07-28,evaluation,0.07666666666666672,0.22333333333333347,0.5208333333333333,0.11233775066860352,16.254371272810438,0
v4+DL,fold_3,2022-07-29,evaluation,0.015000000000000034,0.14750000000000016,0.49166666666666664,0.11097259349559971,16.251711157221568,0
v3+DL,fold_3,2022-07-29,evaluation,0.02333333333333338,0.1516666666666668,0.47083333333333327,0.11097259349559971,16.251711157221568,0
v4+DL,fold_3,2022-07-30,evaluation,0.01,0.10916666666666683,0.4458333333333333,0.10976446146844565,16.286552181783673,0
v3+DL,fold_3,2022-07-30,evaluation,0.01,0.12166666666666681,0.43333333333333324,0.10976446146844565,16.286552181783673,0
v4+DL,fold_3,2022-07-31,evaluation,0.015000000000000001,0.12916666666666682,0.49166666666666664,0.10869270827403393,16.347050919221424,0
v3+DL,fold_3,2022-07-31,evaluation,0.015000000000000001,0.14166666666666683,0.4791666666666666,0.10869270827403393,16.347050919221424,0
v4+DL,fold_3,2022-08-01,evaluation,0.020000000000000004,0.14916666666666684,0.5416666666666666,0.10773990043750149,16.424706011440527,0
v3+DL,fold_3,2022-08-01,evaluation,0.020000000000000004,0.16166666666666685,0.5249999999999999,0.10773990043750149,16.424706011440527,0
v4+DL,fold_3,2022-08-02,evaluation,0.025000000000000005,0.14416666666666683,0.5541666666666666,0.10689122297110806,16.513324166457974,0
v3+DL,fold_3,2022-08-02,evaluation,0.025000000000000005,0.16916666666666685,0.5374999999999999,0.10689122297110806,16.513324166457974,0
v4+DL,fold_3,2022-08-03,evaluation,0.030000000000000006,0.16416666666666685,0.5624999999999999,0.10613401286581227,16.60835199629624,0
v3+DL,fold_3,2022-08-03,evaluation,0.030000000000000006,0.17666666666666686,0.5499999999999998,0.10613401286581227,16.60835199629624,0
v4+DL,fold_3,2022-08-04,evaluation,0.010000000000000002,0.14250000000000018,0.5291666666666666,0.10545738935218073,16.70642870524888,0
v3+DL,fold_3,2022-08-04,evaluation,0.014166666666666671,0.1550000000000002,0.5208333333333331,0.10545738935218073,16.70642870524888,0
v4+DL,fold_3,2022-08-05,evaluation,0.01,0.1250000000000002,0.5083333333333332,0.10485195820265031,16.805077110804355,0
v3+DL,fold_3,2022-08-05,evaluation,0.01,0.1500000000000002,0.49999999999999983,0.10485195820265031,16.805077110804355,0
v4+DL,fold_3,2022-08-06,evaluation,0.015000000000000001,0.14500000000000018,0.5208333333333331,0.10430957325389756,16.90248424762084,0
v3+DL,fold_3,2022-08-06,evaluation,0.015000000000000001,0.1700000000000002,0.5208333333333331,0.10430957325389756,16.90248424762084,0
v4+DL,fold_3,2022-08-07,evaluation,0.020000000000000004,0.1650000000000002,0.5291666666666665,0.10382314256287765,16.997341786899234,0
v3+DL,fold_3,2022-08-07,evaluation,0.020000000000000004,0.18166666666666687,0.5374999999999999,0.10382314256287765,16.997341786899234,0
v4+DL,fold_3,2022-08-08,evaluation,0.025000000000000005,0.14750000000000021,0.4916666666666665,0.10338646968262431,17.08872754245166,0
v3+DL,fold_3,2022-08-08,evaluation,0.025000000000000005,0.15583333333333355,0.4999999999999999,0.10338646968262431,17.08872754245166,0
v4+DL,fold_3,2022-08-09,evaluation,0.030000000000000006,0.13833333333333356,0.4624999999999998,0.10299412279796799,17.17601594894776,0
v3+DL,fold_3,2022-08-09,evaluation,0.030000000000000006,0.13833333333333356,0.4708333333333332,0.10299412279796799,17.17601594894776,0
v4+DL,fold_3,2022-08-10,evaluation,0.035,0.15833333333333355,0.5083333333333331,0.1026413261320988,17.258809468013332,0
v3+DL,fold_3,2022-08-10,evaluation,0.035,0.15833333333333355,0.49583333333333324,0.1026413261320988,17.258809468013332,0
v4+DL,fold_3,2022-08-11,evaluation,0.04000000000000001,0.17833333333333357,0.5583333333333331,0.10232386928529714,17.33688544441894,0
v3+DL,fold_3,2022-08-11,evaluation,0.04000000000000001,0.17833333333333357,0.5333333333333332,0.10232386928529714,17.33688544441894,0
v4+DL,fold_3,2022-08-12,evaluation,0.04500000000000001,0.19833333333333358,0.6041666666666665,0.10203803111141599,17.410154590511354,0
v3+DL,fold_3,2022-08-12,evaluation,0.04500000000000001,0.19833333333333358,0.5374999999999999,0.10203803111141599,17.410154590511354,0
v4+DL,fold_3,2022-08-13,evaluation,0.05000000000000002,0.2058333333333336,0.5791666666666665,0.10178051545682688,17.478628369282017,0
v3+DL,fold_3,2022-08-13,evaluation,0.045833333333333344,0.19333333333333358,0.5041666666666665,0.10178051545682688,17.478628369282017,0
v4+DL,fold_3,2022-08-14,evaluation,0.01,0.12583333333333357,0.5291666666666665,0.10154839663858152,17.54239328278317,0
v3+DL,fold_3,2022-08-14,evaluation,0.01,0.11333333333333356,0.45416666666666655,0.10154839663858152,17.54239328278317,0
v4+DL,fold_3,2022-08-15,evaluation,0.010833333333333334,0.10000000000000024,0.4916666666666665,0.10133907296549696,17.601590579925745,0
v3+DL,fold_3,2022-08-15,evaluation,0.015000000000000001,0.0916666666666669,0.4249999999999999,0.10133907296549696,17.601590579925745,0
v4+DL,fold_3,2022-08-16,evaluation,0.015833333333333335,0.11583333333333358,0.45833333333333315,0.10115022693842929,17.6564002549801,0
v3+DL,fold_3,2022-08-16,evaluation,0.020000000000000004,0.10750000000000023,0.4374999999999999,0.10115022693842929,17.6564002549801,0
v4+DL,fold_3,2022-08-17,evaluation,0.012500000000000002,0.11916666666666692,0.43749999999999983,0.10097979102676803,17.707028465270426,0
v3+DL,fold_3,2022-08-17,evaluation,0.01666666666666667,0.11083333333333358,0.4249999999999999,0.10097979102676803,17.707028465270426,0
v4+DL,fold_3,2022-08-18,evaluation,0.01,0.11833333333333358,0.3999999999999998,0.10082591812395993,17.753697685645367,0
v3+DL,fold_3,2022-08-18,evaluation,0.01,0.11000000000000024,0.42916666666666653,0.10082591812395993,17.753697685645367,0
v4+DL,fold_3,2022-08-19,evaluation,0.01,0.10916666666666691,0.3708333333333331,0.10068695594823657,17.796639059188966,0
v3+DL,fold_3,2022-08-19,evaluation,0.01,0.1091666666666669,0.41249999999999987,0.10068695594823657,17.796639059188966,0
v4+DL,fold_3,2022-08-20,evaluation,0.015000000000000001,0.12083333333333358,0.39166666666666644,0.10056142478516622,17.836086512101204,0
v3+DL,fold_3,2022-08-20,evaluation,0.015000000000000001,0.1291666666666669,0.4249999999999999,0.10056142478516622,17.836086512101204,0
v4+DL,fold_3,2022-08-21,evaluation,0.020000000000000004,0.1408333333333336,0.4083333333333331,0.10056142478516622,17.836086512101204,0
v3+DL,fold_3,2022-08-21,evaluation,0.020000000000000004,0.1491666666666669,0.4249999999999999,0.10056142478516622,17.836086512101204,0
v4+DL,fold_3,2022-08-22,evaluation,0.025000000000000005,0.1608333333333336,0.4333333333333331,0.10056142478516622,17.836086512101204,0
v3+DL,fold_3,2022-08-22,evaluation,0.025000000000000005,0.1691666666666669,0.4458333333333332,0.10056142478516622,17.836086512101204,0
v4+DL,fold_3,2022-08-23,evaluation,0.01333333333333334,0.13916666666666694,0.4124999999999998,0.10056142478516622,17.836086512101204,0
v3+DL,fold_3,2022-08-23,evaluation,0.01333333333333334,0.15166666666666692,0.42916666666666653,0.10056142478516622,17.836086512101204,0
v4+DL,fold_3,2022-08-24,evaluation,0.01833333333333334,0.15500000000000028,0.43749999999999983,0.10056142478516622,17.836086512101204,0
v3+DL,fold_3,2022-08-24,evaluation,0.01833333333333334,0.16750000000000026,0.4333333333333332,0.10056142478516622,17.836086512101204,0
v4+DL,fold_3,2022-08-25,evaluation,0.02333333333333334,0.17500000000000027,0.4458333333333332,0.10056142478516622,17.836086512101204,0
v3+DL,fold_3,2022-08-25,evaluation,0.02333333333333334,0.18750000000000028,0.4333333333333332,0.10056142478516622,17.836086512101204,0
v4+DL,fold_3,2022-08-26,evaluation,0.028333333333333342,0.1908333333333336,0.4666666666666665,0.10056142478516622,17.836086512101204,0
v3+DL,fold_3,2022-08-26,evaluation,0.028333333333333342,0.19916666666666694,0.44999999999999984,0.10056142478516622,17.836086512101204,0
v4+DL,fold_3,2022-08-27,evaluation,0.03333333333333334,0.2108333333333336,0.5124999999999998,0.10056142478516622,17.836086512101204,0
v3+DL,fold_3,2022-08-27,evaluation,0.03333333333333334,0.21916666666666695,0.49166666666666653,0.10056142478516622,17.836086512101204,0
v4+DL,fold_3,2022-08-28,evaluation,0.038333333333333344,0.19750000000000026,0.4958333333333332,0.10056142478516622,17.836086512101204,0
v3+DL,fold_3,2022-08-28,evaluation,0.038333333333333344,0.2100000000000003,0.48333333333333317,0.10056142478516622,17.836086512101204,0
v4+DL,fold_3,2022-08-29,evaluation,0.04333333333333335,0.21750000000000025,0.5249999999999998,0.10056142478516622,17.836086512101204,0
v3+DL,fold_3,2022-08-29,evaluation,0.04333333333333335,0.2175000000000003,0.49999999999999983,0.10056142478516622,17.836086512101204,0
v4+DL,fold_3,2022-08-30,evaluation,0.015000000000000013,0.18333333333333357,0.4916666666666665,0.10056142478516622,17.836086512101204,0
v3+DL,fold_3,2022-08-30,evaluation,0.015000000000000013,0.17916666666666697,0.47083333333333316,0.10056142478516622,17.836086512101204,0
v4+DL,fold_3,2022-08-31,evaluation,0.020000000000000014,0.19500000000000023,0.5124999999999998,0.10056142478516622,17.836086512101204,0
v3+DL,fold_3,2022-08-31,evaluation,0.020000000000000014,0.19083333333333363,0.4916666666666665,0.10056142478516622,17.836086512101204,0
v4+DL,fold_3,2022-09-01,evaluation,0.025000000000000015,0.21500000000000025,0.5374999999999999,0.10056142478516622,17.836086512101204,0
v3+DL,fold_3,2022-09-01,evaluation,0.025000000000000015,0.21083333333333365,0.5041666666666664,0.10056142478516622,17.836086512101204,0
v4+DL,fold_3,2022-09-02,evaluation,0.030000000000000016,0.23083333333333358,0.5208333333333333,0.10056142478516622,17.836086512101204,0
v3+DL,fold_3,2022-09-02,evaluation,0.030000000000000016,0.226666666666667,0.5166666666666664,0.10056142478516622,17.836086512101204,0
v4+DL,fold_3,2022-09-03,evaluation,0.03500000000000002,0.24666666666666692,0.49999999999999994,0.10056142478516622,17.836086512101204,0
v3+DL,fold_3,2022-09-03,evaluation,0.03500000000000002,0.24250000000000033,0.5374999999999998,0.10056142478516622,17.836086512101204,0
v4+DL,fold_3,2022-09-04,evaluation,0.03583333333333335,0.1708333333333336,0.44999999999999996,0.10056142478516622,17.836086512101204,0
v3+DL,fold_3,2022-09-04,evaluation,0.03583333333333335,0.17083333333333367,0.48749999999999977,0.10056142478516622,17.836086512101204,0
v4+DL,fold_3,2022-09-05,evaluation,0.040833333333333346,0.14500000000000024,0.42916666666666664,0.10056142478516622,17.836086512101204,0
v3+DL,fold_3,2022-09-05,evaluation,0.040833333333333346,0.14083333333333367,0.45416666666666644,0.10056142478516622,17.836086512101204,0
v4+DL,fold_3,2022-09-06,evaluation,0.04583333333333335,0.16500000000000026,0.4125,0.10056142478516622,17.836086512101204,0
v3+DL,fold_3,2022-09-06,evaluation,0.04583333333333335,0.16083333333333366,0.4333333333333331,0.10056142478516622,17.836086512101204,0
v4+DL,fold_3,2022-09-07,evaluation,0.050833333333333355,0.18500000000000028,0.425,0.10056142478516622,17.836086512101204,0
v3+DL,fold_3,2022-09-07,evaluation,0.050833333333333355,0.18083333333333368,0.44166666666666643,0.10056142478516622,17.836086512101204,0
v4+DL,fold_3,2022-09-08,evaluation,0.05583333333333336,0.2008333333333336,0.45416666666666666,0.10056142478516622,17.836086512101204,0
v3+DL,fold_3,2022-09-08,evaluation,0.05583333333333336,0.19250000000000034,0.44166666666666643,0.10056142478516622,17.836086512101204,0
v4+DL,fold_3,2022-09-09,evaluation,0.060833333333333364,0.2208333333333336,0.5,0.10056142478516622,17.836086512101204,0
v3+DL,fold_3,2022-09-09,evaluation,0.060833333333333364,0.21250000000000036,0.4833333333333331,0.10056142478516622,17.836086512101204,0
v4+DL,fold_3,2022-09-10,evaluation,0.06583333333333337,0.24083333333333362,0.5416666666666666,0.10056142478516622,17.836086512101204,0
v3+DL,fold_3,2022-09-10,evaluation,0.06583333333333337,0.23250000000000037,0.5333333333333331,0.10056142478516622,17.836086512101204,0
v4+DL,fold_3,2022-09-11,evaluation,0.07083333333333337,0.23166666666666696,0.5249999999999999,0.10056142478516622,17.836086512101204,0
v3+DL,fold_3,2022-09-11,evaluation,0.07083333333333337,0.23166666666666705,0.5458333333333331,0.10056142478516622,17.836086512101204,0
v4+DL,fold_3,2022-09-12,evaluation,0.07583333333333338,0.2100000000000003,0.4833333333333332,0.10056142478516622,17.836086512101204,0
v3+DL,fold_3,2022-09-12,evaluation,0.06750000000000005,0.21000000000000038,0.5041666666666664,0.10056142478516622,17.836086512101204,0
v4+DL,fold_3,2022-09-13,evaluation,0.08083333333333338,0.21333333333333362,0.46666666666666656,0.10056142478516622,17.836086512101204,0
v3+DL,fold_3,2022-09-13,evaluation,0.07250000000000005,0.22166666666666704,0.4916666666666664,0.10056142478516622,17.836086512101204,0
v4+DL,fold_3,2022-09-14,evaluation,0.07750000000000005,0.18333333333333363,0.4499999999999999,0.10056142478516622,17.836086512101204,0
v3+DL,fold_3,2022-09-14,evaluation,0.06916666666666672,0.21666666666666703,0.4791666666666664,0.10056142478516622,17.836086512101204,0
v4+DL,fold_3,2022-09-15,evaluation,0.08250000000000006,0.19500000000000028,0.46666666666666656,0.10056142478516622,17.836086512101204,0
v3+DL,fold_3,2022-09-15,evaluation,0.07416666666666673,0.23666666666666702,0.5083333333333331,0.10056142478516622,17.836086512101204,0
v4+DL,fold_3,2022-09-16,evaluation,0.045833333333333386,0.15666666666666695,0.44166666666666654,0.10056142478516622,17.836086512101204,0
v3+DL,fold_3,2022-09-16,evaluation,0.029166666666666723,0.18583333333333368,0.47499999999999976,0.10056142478516622,17.836086512101204,0
v4+DL,fold_3,2022-09-17,evaluation,0.038333333333333386,0.1475000000000003,0.4458333333333332,0.10056142478516622,17.836086512101204,0
v3+DL,fold_3,2022-09-17,evaluation,0.021666666666666723,0.17666666666666703,0.4791666666666664,0.10056142478516622,17.836086512101204,0
v4+DL,fold_3,2022-09-18,evaluation,0.01,0.09250000000000029,0.4041666666666665,0.10056142478516622,17.836086512101204,0
v3+DL,fold_3,2022-09-18,evaluation,0.01,0.10916666666666702,0.4291666666666664,0.10056142478516622,17.836086512101204,0
v4+DL,fold_3,2022-09-19,evaluation,0.01,0.06666666666666696,0.3833333333333332,0.10056142478516622,17.836086512101204,0
v3+DL,fold_3,2022-09-19,evaluation,0.01,0.07500000000000036,0.4041666666666664,0.10056142478516622,17.836086512101204,0
v4+DL,fold_3,2022-09-20,evaluation,0.015000000000000001,0.08666666666666696,0.37499999999999983,0.10056142478516622,17.836086512101204,0
v3+DL,fold_3,2022-09-20,evaluation,0.015000000000000001,0.09500000000000036,0.41249999999999976,0.10056142478516622,17.836086512101204,0
v4+DL,fold_3,2022-09-21,evaluation,0.020000000000000004,0.1025000000000003,0.3666666666666665,0.10056142478516622,17.836086512101204,0
v3+DL,fold_3,2022-09-21,evaluation,0.020000000000000004,0.09416666666666702,0.39999999999999974,0.10056142478516622,17.836086512101204,0
v4+DL,fold_3,2022-09-22,evaluation,0.025000000000000005,0.1225000000000003,0.40416666666666645,0.10056142478516622,17.836086512101204,0
v3+DL,fold_3,2022-09-22,evaluation,0.025000000000000005,0.11416666666666703,0.4291666666666664,0.10056142478516622,17.836086512101204,0
v4+DL,fold_3,2022-09-23,evaluation,0.030000000000000006,0.1425000000000003,0.45416666666666644,0.10056142478516622,17.836086512101204,0
v3+DL,fold_3,2022-09-23,evaluation,0.030000000000000006,0.13416666666666704,0.4708333333333331,0.10056142478516622,17.836086512101204,0
v4+DL,fold_3,2022-09-24,evaluation,0.035,0.1625000000000003,0.4958333333333331,0.10056142478516622,17.836086512101204,0
v3+DL,fold_3,2022-09-24,evaluation,0.035,0.15416666666666706,0.5041666666666664,0.10056142478516622,17.836086512101204,0
v4+DL,fold_3,2022-09-25,evaluation,0.04000000000000001,0.18250000000000033,0.5333333333333331,0.10056142478516622,17.836086512101204,0
v3+DL,fold_3,2022-09-25,evaluation,0.04000000000000001,0.17416666666666708,0.5249999999999998,0.10056142478516622,17.836086512101204,0
v4+DL,fold_3,2022-09-26,evaluation,0.04500000000000001,0.20250000000000035,0.5833333333333331,0.10056142478516622,17.836086512101204,0
v3+DL,fold_3,2022-09-26,evaluation,0.04500000000000001,0.1941666666666671,0.5708333333333331,0.10056142478516622,17.836086512101204,0
v4+DL,fold_3,2022-09-27,evaluation,0.05000000000000002,0.214166666666667,0.5916666666666665,0.10056142478516622,17.836086512101204,0
v3+DL,fold_3,2022-09-27,evaluation,0.05000000000000002,0.21416666666666712,0.5791666666666664,0.10056142478516622,17.836086512101204,0
v4+DL,fold_3,2022-09-28,evaluation,0.05083333333333335,0.17583333333333367,0.5499999999999998,0.10056142478516622,17.836086512101204,0
v3+DL,fold_3,2022-09-28,evaluation,0.05083333333333335,0.17583333333333379,0.5458333333333331,0.10056142478516622,17.836086512101204,0
v4+DL,fold_4,2025-05-01,evaluation,0.060000000000000026,0.2275,0.5250000000000001,0.10108259459004784,17.677784339052025,0
v3+DL,fold_4,2025-05-01,evaluation,0.060000000000000026,0.23583333333333337,0.5,0.10108259459004784,17.677784339052025,0
v4+DL,fold_4,2025-05-02,evaluation,0.06500000000000003,0.23083333333333333,0.5208333333333335,0.1008695325258395,17.742394747085992,0
v3+DL,fold_4,2025-05-02,evaluation,0.06500000000000003,0.23500000000000004,0.49583333333333335,0.1008695325258395,17.742394747085992,0
v4+DL,fold_4,2025-05-03,evaluation,0.053333333333333365,0.22166666666666668,0.5250000000000001,0.10078052300400255,17.768777776605216,0
v3+DL,fold_4,2025-05-03,evaluation,0.05750000000000003,0.23000000000000004,0.49583333333333335,0.10078052300400255,17.768777776605216,0
v4+DL,fold_4,2025-05-04,evaluation,0.05833333333333336,0.225,0.5416666666666669,0.10070004043701614,17.793109476210628,0
v3+DL,fold_4,2025-05-04,evaluation,0.045833333333333365,0.22083333333333338,0.5083333333333333,0.10070004043701614,17.793109476210628,0
v4+DL,fold_4,2025-05-05,evaluation,0.06333333333333337,0.2325,0.5291666666666669,0.10062725632994957,17.8155060950359,0
v3+DL,fold_4,2025-05-05,evaluation,0.05083333333333337,0.2241666666666667,0.5041666666666667,0.10062725632994957,17.8155060950359,0
v4+DL,fold_4,2025-05-06,evaluation,0.0516666666666667,0.22333333333333336,0.5125000000000002,0.10056142478516622,17.836086512101204,0
v3+DL,fold_4,2025-05-06,evaluation,0.039166666666666704,0.20666666666666672,0.4875,0.10056142478516622,17.836086512101204,0
v4+DL,fold_4,2025-05-07,evaluation,0.02750000000000003,0.1975,0.47916666666666685,0.10056142478516622,17.836086512101204,0
v3+DL,fold_4,2025-05-07,evaluation,0.02333333333333337,0.18500000000000005,0.46249999999999997,0.10056142478516622,17.836086512101204,0
v4+DL,fold_4,2025-05-08,evaluation,0.028333333333333367,0.1675,0.42916666666666686,0.10056142478516622,17.836086512101204,0
v3+DL,fold_4,2025-05-08,evaluation,0.024166666666666704,0.16750000000000007,0.43749999999999994,0.10056142478516622,17.836086512101204,0
v4+DL,fold_4,2025-05-09,evaluation,0.03333333333333337,0.1625,0.42916666666666686,0.10056142478516622,17.836086512101204,0
v3+DL,fold_4,2025-05-09,evaluation,0.029166666666666705,0.16666666666666674,0.4416666666666666,0.10056142478516622,17.836086512101204,0
v4+DL,fold_4,2025-05-10,evaluation,0.03833333333333337,0.17416666666666666,0.4250000000000002,0.10056142478516622,17.836086512101204,0
v3+DL,fold_4,2025-05-10,evaluation,0.034166666666666706,0.17416666666666675,0.43333333333333324,0.10056142478516622,17.836086512101204,0
v4+DL,fold_4,2025-05-11,evaluation,0.03500000000000004,0.17333333333333334,0.43333333333333357,0.10056142478516622,17.836086512101204,0
v3+DL,fold_4,2025-05-11,evaluation,0.03916666666666671,0.18166666666666675,0.4374999999999999,0.10056142478516622,17.836086512101204,0
v4+DL,fold_4,2025-05-12,evaluation,0.023333333333333373,0.15583333333333335,0.40833333333333355,0.10056142478516622,17.836086512101204,0
v3+DL,fold_4,2025-05-12,evaluation,0.03166666666666671,0.16416666666666677,0.4083333333333332,0.10056142478516622,17.836086512101204,0
v4+DL,fold_4,2025-05-13,evaluation,0.011666666666666707,0.13833333333333336,0.3833333333333335,0.10056142478516622,17.836086512101204,0
v3+DL,fold_4,2025-05-13,evaluation,0.020000000000000046,0.13833333333333342,0.3958333333333332,0.10056142478516622,17.836086512101204,0
v4+DL,fold_4,2025-05-14,evaluation,0.016666666666666708,0.1541666666666667,0.3791666666666669,0.10056142478516622,17.836086512101204,0
v3+DL,fold_4,2025-05-14,evaluation,0.025000000000000046,0.13333333333333341,0.39166666666666655,0.10056142478516622,17.836086512101204,0
v4+DL,fold_4,2025-05-15,evaluation,0.02166666666666671,0.17000000000000004,0.42083333333333356,0.10056142478516622,17.836086512101204,0
v3+DL,fold_4,2025-05-15,evaluation,0.030000000000000047,0.14916666666666675,0.43333333333333324,0.10056142478516622,17.836086512101204,0
v4+DL,fold_4,2025-05-16,evaluation,0.02666666666666671,0.19000000000000006,0.46250000000000024,0.10056142478516622,17.836086512101204,0
v3+DL,fold_4,2025-05-16,evaluation,0.035000000000000045,0.16916666666666674,0.4708333333333332,0.10056142478516622,17.836086512101204,0
v4+DL,fold_4,2025-05-17,evaluation,0.03166666666666671,0.21000000000000008,0.48750000000000027,0.10056142478516622,17.836086512101204,0
v3+DL,fold_4,2025-05-17,evaluation,0.04000000000000005,0.18916666666666676,0.4999999999999999,0.10056142478516622,17.836086512101204,0
v4+DL,fold_4,2025-05-18,evaluation,0.03250000000000004,0.2133333333333334,0.5000000000000002,0.10056142478516622,17.836086512101204,0
v3+DL,fold_4,2025-05-18,evaluation,0.04083333333333338,0.19666666666666677,0.5124999999999998,0.10056142478516622,17.836086512101204,0
v4+DL,fold_4,2025-05-19,evaluation,0.033333333333333375,0.20416666666666675,0.5041666666666669,0.10056142478516622,17.836086512101204,0
v3+DL,fold_4,2025-05-19,evaluation,0.03333333333333338,0.19583333333333344,0.5166666666666665,0.10056142478516622,17.836086512101204,0
v4+DL,fold_4,2025-05-20,evaluation,0.034166666666666706,0.21166666666666675,0.5000000000000002,0.10056142478516622,17.836086512101204,0
v3+DL,fold_4,2025-05-20,evaluation,0.038333333333333386,0.2075000000000001,0.5333333333333332,0.10056142478516622,17.836086512101204,0
v4+DL,fold_4,2025-05-21,evaluation,0.03916666666666671,0.2275000000000001,0.49583333333333357,0.10056142478516622,17.836086512101204,0
v3+DL,fold_4,2025-05-21,evaluation,0.04333333333333339,0.22333333333333344,0.5374999999999999,0.10056142478516622,17.836086512101204,0
v4+DL,fold_4,2025-05-22,evaluation,0.044166666666666715,0.24333333333333343,0.5000000000000002,0.10056142478516622,17.836086512101204,0
v3+DL,fold_4,2025-05-22,evaluation,0.048333333333333395,0.2350000000000001,0.5374999999999999,0.10056142478516622,17.836086512101204,0
v4+DL,fold_4,2025-05-23,evaluation,0.04916666666666672,0.23833333333333342,0.4791666666666669,0.10056142478516622,17.836086512101204,0
v3+DL,fold_4,2025-05-23,evaluation,0.0533333333333334,0.22583333333333344,0.5249999999999999,0.10056142478516622,17.836086512101204,0
v4+DL,fold_4,2025-05-24,evaluation,0.054166666666666724,0.22083333333333344,0.4791666666666669,0.10056142478516622,17.836086512101204,0
v3+DL,fold_4,2025-05-24,evaluation,0.058333333333333404,0.22083333333333344,0.5249999999999999,0.10056142478516622,17.836086512101204,0
v4+DL,fold_4,2025-05-25,evaluation,0.02583333333333339,0.17833333333333343,0.4541666666666669,0.10056142478516622,17.836086512101204,0
v3+DL,fold_4,2025-05-25,evaluation,0.042500000000000066,0.19916666666666677,0.5041666666666665,0.10056142478516622,17.836086512101204,0
v4+DL,fold_4,2025-05-26,evaluation,0.03083333333333339,0.1775000000000001,0.4458333333333335,0.10056142478516622,17.836086512101204,0
v3+DL,fold_4,2025-05-26,evaluation,0.04750000000000007,0.19833333333333344,0.4791666666666665,0.10056142478516622,17.836086512101204,0
v4+DL,fold_4,2025-05-27,evaluation,0.01,0.15166666666666678,0.4333333333333335,0.10056142478516622,17.836086512101204,0
v3+DL,fold_4,2025-05-27,evaluation,0.010833333333333396,0.16000000000000011,0.4583333333333332,0.10056142478516622,17.836086512101204,0
v4+DL,fold_4,2025-05-28,evaluation,0.01,0.1550000000000001,0.4333333333333335,0.10056142478516622,17.836086512101204,0
v3+DL,fold_4,2025-05-28,evaluation,0.01,0.1591666666666668,0.45416666666666655,0.10056142478516622,17.836086512101204,0
v4+DL,fold_4,2025-05-29,evaluation,0.015000000000000001,0.15416666666666679,0.41666666666666685,0.10056142478516622,17.836086512101204,0
v3+DL,fold_4,2025-05-29,evaluation,0.015000000000000001,0.15000000000000013,0.43333333333333324,0.10056142478516622,17.836086512101204,0
v4+DL,fold_4,2025-05-30,evaluation,0.020000000000000004,0.12833333333333347,0.39583333333333354,0.10056142478516622,17.836086512101204,0
v3+DL,fold_4,2025-05-30,evaluation,0.020000000000000004,0.1366666666666668,0.4166666666666666,0.10056142478516622,17.836086512101204,0
v4+DL,fold_4,2025-05-31,evaluation,0.025000000000000005,0.1066666666666668,0.3750000000000002,0.10056142478516622,17.836086512101204,0
v3+DL,fold_4,2025-05-31,evaluation,0.02083333333333334,0.14000000000000012,0.39583333333333326,0.10056142478516622,17.836086512101204,0
v4+DL,fold_4,2025-06-01,evaluation,0.030000000000000006,0.1141666666666668,0.37083333333333357,0.10056142478516622,17.836086512101204,0
v3+DL,fold_4,2025-06-01,evaluation,0.02583333333333334,0.15166666666666678,0.40833333333333327,0.10056142478516622,17.836086512101204,0
v4+DL,fold_4,2025-06-02,evaluation,0.026666666666666672,0.12166666666666681,0.40000000000000024,0.10056142478516622,17.836086512101204,0
v3+DL,fold_4,2025-06-02,evaluation,0.01833333333333334,0.1591666666666668,0.4333333333333333,0.10056142478516622,17.836086512101204,0
v4+DL,fold_4,2025-06-03,evaluation,0.031666666666666676,0.12916666666666682,0.42083333333333356,0.10056142478516622,17.836086512101204,0
v3+DL,fold_4,2025-06-03,evaluation,0.02333333333333334,0.15416666666666679,0.44999999999999996,0.10056142478516622,17.836086512101204,0
v4+DL,fold_4,2025-06-04,evaluation,0.03250000000000001,0.14500000000000016,0.4416666666666669,0.10056142478516622,17.836086512101204,0
v3+DL,fold_4,2025-06-04,evaluation,0.024166666666666677,0.17000000000000012,0.47083333333333327,0.10056142478516622,17.836086512101204,0
v4+DL,fold_4,2025-06-05,evaluation,0.037500000000000006,0.15666666666666682,0.4458333333333335,0.10056142478516622,17.836086512101204,0
v3+DL,fold_4,2025-06-05,evaluation,0.029166666666666678,0.18166666666666678,0.4749999999999999,0.10056142478516622,17.836086512101204,0
v4+DL,fold_4,2025-06-06,evaluation,0.03833333333333334,0.16833333333333347,0.4500000000000002,0.10056142478516622,17.836086512101204,0
v3+DL,fold_4,2025-06-06,evaluation,0.030000000000000013,0.1891666666666668,0.46666666666666656,0.10056142478516622,17.836086512101204,0
v4+DL,fold_4,2025-06-07,evaluation,0.043333333333333335,0.1841666666666668,0.4750000000000002,0.10056142478516622,17.836086512101204,0
v3+DL,fold_4,2025-06-07,evaluation,0.03500000000000002,0.20083333333333345,0.47499999999999987,0.10056142478516622,17.836086512101204,0
v4+DL,fold_4,2025-06-08,evaluation,0.04416666666666667,0.20000000000000015,0.4833333333333335,0.10056142478516622,17.836086512101204,0
v3+DL,fold_4,2025-06-08,evaluation,0.03583333333333335,0.2125000000000001,0.48333333333333317,0.10056142478516622,17.836086512101204,0
v4+DL,fold_4,2025-06-09,evaluation,0.04083333333333333,0.20750000000000016,0.5041666666666669,0.10056142478516622,17.836086512101204,0
v3+DL,fold_4,2025-06-09,evaluation,0.040833333333333346,0.22416666666666676,0.49999999999999983,0.10056142478516622,17.836086512101204,0
v4+DL,fold_4,2025-06-10,evaluation,0.04583333333333334,0.20250000000000015,0.4875000000000002,0.10056142478516622,17.836086512101204,0
v3+DL,fold_4,2025-06-10,evaluation,0.04583333333333335,0.2150000000000001,0.4874999999999998,0.10056142478516622,17.836086512101204,0
v4+DL,fold_4,2025-06-11,evaluation,0.04666666666666667,0.18500000000000016,0.4625000000000002,0.10056142478516622,17.836086512101204,0
v3+DL,fold_4,2025-06-11,evaluation,0.04666666666666668,0.18916666666666676,0.4666666666666665,0.10056142478516622,17.836086512101204,0
v4+DL,fold_4,2025-06-12,evaluation,0.051666666666666666,0.16750000000000018,0.4333333333333335,0.10056142478516622,17.836086512101204,0
v3+DL,fold_4,2025-06-12,evaluation,0.03500000000000002,0.16333333333333344,0.4416666666666665,0.10056142478516622,17.836086512101204,0
v4+DL,fold_4,2025-06-13,evaluation,0.04833333333333333,0.17500000000000018,0.42500000000000016,0.10056142478516622,17.836086512101204,0
v3+DL,fold_4,2025-06-13,evaluation,0.03166666666666668,0.1750000000000001,0.44583333333333314,0.10056142478516622,17.836086512101204,0
v4+DL,fold_4,2025-06-14,evaluation,0.049166666666666664,0.18666666666666684,0.43750000000000017,0.10056142478516622,17.836086512101204,0
v3+DL,fold_4,2025-06-14,evaluation,0.03666666666666668,0.18666666666666676,0.4541666666666665,0.10056142478516622,17.836086512101204,0
v4+DL,fold_4,2025-06-15,evaluation,0.05416666666666667,0.20666666666666683,0.46666666666666684,0.10056142478516622,17.836086512101204,0
v3+DL,fold_4,2025-06-15,evaluation,0.041666666666666685,0.19833333333333342,0.4749999999999998,0.10056142478516622,17.836086512101204,0
v4+DL,fold_4,2025-06-16,evaluation,0.05916666666666667,0.2058333333333335,0.46666666666666684,0.10056142478516622,17.836086512101204,0
v3+DL,fold_4,2025-06-16,evaluation,0.04666666666666669,0.18916666666666676,0.46666666666666645,0.10056142478516622,17.836086512101204,0
v4+DL,fold_4,2025-06-17,evaluation,0.05583333333333334,0.20500000000000018,0.4833333333333335,0.10056142478516622,17.836086512101204,0
v3+DL,fold_4,2025-06-17,evaluation,0.051666666666666694,0.18833333333333344,0.48749999999999977,0.10056142478516622,17.836086512101204,0
v4+DL,fold_4,2025-06-18,evaluation,0.052500000000000005,0.2083333333333335,0.48750000000000016,0.10056142478516622,17.836086512101204,0
v3+DL,fold_4,2025-06-18,evaluation,0.052500000000000026,0.19166666666666676,0.4999999999999998,0.10056142478516622,17.836086512101204,0
v4+DL,fold_4,2025-06-19,evaluation,0.04916666666666667,0.21583333333333352,0.5083333333333335,0.10056142478516622,17.836086512101204,0
v3+DL,fold_4,2025-06-19,evaluation,0.04916666666666669,0.19916666666666677,0.5166666666666665,0.10056142478516622,17.836086512101204,0
v4+DL,fold_4,2025-06-20,evaluation,0.05416666666666667,0.23166666666666685,0.5291666666666669,0.10056142478516622,17.836086512101204,0
v3+DL,fold_4,2025-06-20,evaluation,0.054166666666666696,0.21083333333333343,0.5291666666666665,0.10056142478516622,17.836086512101204,0
v4+DL,fold_4,2025-06-21,evaluation,0.055,0.23083333333333353,0.5291666666666669,0.10056142478516622,17.836086512101204,0
v3+DL,fold_4,2025-06-21,evaluation,0.0591666666666667,0.2225000000000001,0.5333333333333331,0.10056142478516622,17.836086512101204,0
v4+DL,fold_4,2025-06-22,evaluation,0.043333333333333335,0.20083333333333353,0.5125000000000002,0.10056142478516622,17.836086512101204,0
v3+DL,fold_4,2025-06-22,evaluation,0.047500000000000035,0.20083333333333342,0.4999999999999998,0.10056142478516622,17.836086512101204,0
v4+DL,fold_4,2025-06-23,evaluation,0.04833333333333334,0.22083333333333355,0.5541666666666668,0.10056142478516622,17.836086512101204,0
v3+DL,fold_4,2025-06-23,evaluation,0.05250000000000003,0.22083333333333344,0.5374999999999998,0.10056142478516622,17.836086512101204,0
v4+DL,fold_4,2025-06-24,evaluation,0.0325,0.2075000000000002,0.5375000000000001,0.10056142478516622,17.836086512101204,0
v3+DL,fold_4,2025-06-24,evaluation,0.03250000000000003,0.21166666666666678,0.5249999999999998,0.10056142478516622,17.836086512101204,0
v4+DL,fold_4,2025-06-25,evaluation,0.03333333333333333,0.19416666666666688,0.5291666666666668,0.10056142478516622,17.836086512101204,0
v3+DL,fold_4,2025-06-25,evaluation,0.03333333333333336,0.19833333333333344,0.5041666666666664,0.10056142478516622,17.836086512101204,0
v4+DL,fold_4,2025-06-26,evaluation,0.03833333333333333,0.2141666666666669,0.5250000000000001,0.10056142478516622,17.836086512101204,0
v3+DL,fold_4,2025-06-26,evaluation,0.03833333333333336,0.2100000000000001,0.5041666666666664,0.10056142478516622,17.836086512101204,0
v4+DL,fold_4,2025-06-27,evaluation,0.03916666666666666,0.21333333333333357,0.5208333333333335,0.10056142478516622,17.836086512101204,0
v3+DL,fold_4,2025-06-27,evaluation,0.03916666666666669,0.21333333333333343,0.5166666666666664,0.10056142478516622,17.836086512101204,0
v4+DL,fold_4,2025-06-28,evaluation,0.04416666666666666,0.20833333333333356,0.5166666666666668,0.10056142478516622,17.836086512101204,0
v3+DL,fold_4,2025-06-28,evaluation,0.04000000000000002,0.2000000000000001,0.5041666666666664,0.10056142478516622,17.836086512101204,0
v4+DL,fold_4,2025-06-29,evaluation,0.049166666666666664,0.21583333333333357,0.5208333333333335,0.10056142478516622,17.836086512101204,0
v3+DL,fold_4,2025-06-29,evaluation,0.045000000000000026,0.2075000000000001,0.5124999999999997,0.10056142478516622,17.836086512101204,0
v4+DL,fold_4,2025-06-30,evaluation,0.05416666666666667,0.21500000000000025,0.5083333333333335,0.10056142478516622,17.836086512101204,0
v3+DL,fold_4,2025-06-30,evaluation,0.05000000000000003,0.2150000000000001,0.5083333333333331,0.10056142478516622,17.836086512101204,0
v4+DL,fold_4,2025-07-01,evaluation,0.05916666666666667,0.2266666666666669,0.5333333333333335,0.10056142478516622,17.836086512101204,0
v3+DL,fold_4,2025-07-01,evaluation,0.055000000000000035,0.2350000000000001,0.5291666666666665,0.10056142478516622,17.836086512101204,0
v4+DL,fold_4,2025-07-02,evaluation,0.043333333333333335,0.20500000000000024,0.5291666666666669,0.10056142478516622,17.836086512101204,0
v3+DL,fold_4,2025-07-02,evaluation,0.03500000000000003,0.2175000000000001,0.5249999999999998,0.10056142478516622,17.836086512101204,0
v4+DL,fold_4,2025-07-03,evaluation,0.015,0.17083333333333356,0.4916666666666669,0.10056142478516622,17.836086512101204,0
v3+DL,fold_4,2025-07-03,evaluation,0.01,0.17916666666666678,0.4874999999999998,0.10056142478516622,17.836086512101204,0
v4+DL,fold_4,2025-07-04,evaluation,0.02,0.16583333333333355,0.47500000000000026,0.10056142478516622,17.836086512101204,0
v3+DL,fold_4,2025-07-04,evaluation,0.010833333333333334,0.15333333333333343,0.4666666666666665,0.10056142478516622,17.836086512101204,0
v4+DL,fold_4,2025-07-05,evaluation,0.025,0.1816666666666669,0.5041666666666669,0.10056142478516622,17.836086512101204,0
v3+DL,fold_4,2025-07-05,evaluation,0.015833333333333335,0.1650000000000001,0.4874999999999998,0.10056142478516622,17.836086512101204,0
v4+DL,fold_4,2025-07-06,evaluation,0.021666666666666667,0.1641666666666669,0.4958333333333335,0.10056142478516622,17.836086512101204,0
v3+DL,fold_4,2025-07-06,evaluation,0.01666666666666667,0.15166666666666676,0.47916666666666646,0.10056142478516622,17.836086512101204,0
v4+DL,fold_4,2025-07-07,evaluation,0.02666666666666667,0.16750000000000023,0.5125000000000002,0.10056142478516622,17.836086512101204,0
v3+DL,fold_4,2025-07-07,evaluation,0.02166666666666667,0.15500000000000008,0.4958333333333331,0.10056142478516622,17.836086512101204,0
v4+DL,fold_4,2025-07-08,evaluation,0.03166666666666667,0.17083333333333356,0.5416666666666669,0.10056142478516622,17.836086512101204,0
v3+DL,fold_4,2025-07-08,evaluation,0.026666666666666672,0.16666666666666674,0.5249999999999998,0.10056142478516622,17.836086512101204,0
v4+DL,fold_4,2025-07-09,evaluation,0.0325,0.17416666666666689,0.5208333333333335,0.10056142478516622,17.836086512101204,0
v3+DL,fold_4,2025-07-09,evaluation,0.027500000000000007,0.16583333333333342,0.5291666666666665,0.10056142478516622,17.836086512101204,0
v4+DL,fold_4,2025-07-10,evaluation,0.037500000000000006,0.1816666666666669,0.5416666666666669,0.10056142478516622,17.836086512101204,0
v3+DL,fold_4,2025-07-10,evaluation,0.03250000000000001,0.17333333333333342,0.5416666666666664,0.10056142478516622,17.836086512101204,0
v4+DL,fold_4,2025-07-11,evaluation,0.04250000000000001,0.20166666666666688,0.5583333333333336,0.10056142478516622,17.836086512101204,0
v3+DL,fold_4,2025-07-11,evaluation,0.037500000000000006,0.1933333333333334,0.5666666666666664,0.10056142478516622,17.836086512101204,0
v4+DL,fold_4,2025-07-12,evaluation,0.047500000000000014,0.21333333333333354,0.5625000000000002,0.10056142478516622,17.836086512101204,0
v3+DL,fold_4,2025-07-12,evaluation,0.04250000000000001,0.20500000000000007,0.5791666666666664,0.10056142478516622,17.836086512101204,0
v4+DL,fold_4,2025-07-13,evaluation,0.05250000000000002,0.21250000000000022,0.5625000000000002,0.10056142478516622,17.836086512101204,0
v3+DL,fold_4,2025-07-13,evaluation,0.047500000000000014,0.20416666666666675,0.5749999999999997,0.10056142478516622,17.836086512101204,0
v4+DL,fold_4,2025-07-14,evaluation,0.02833333333333335,0.19083333333333355,0.5375000000000002,0.10056142478516622,17.836086512101204,0
v3+DL,fold_4,2025-07-14,evaluation,0.023333333333333345,0.18666666666666676,0.5499999999999997,0.10056142478516622,17.836086512101204,0
v4+DL,fold_4,2025-07-15,evaluation,0.016666666666666684,0.16916666666666688,0.5083333333333335,0.10056142478516622,17.836086512101204,0
v3+DL,fold_4,2025-07-15,evaluation,0.01,0.1650000000000001,0.520833333333333,0.10056142478516622,17.836086512101204,0
v4+DL,fold_4,2025-07-16,evaluation,0.01750000000000002,0.16833333333333356,0.4958333333333335,0.10056142478516622,17.836086512101204,0
v3+DL,fold_4,2025-07-16,evaluation,0.010833333333333334,0.1600000000000001,0.5166666666666664,0.10056142478516622,17.836086512101204,0
v4+DL,fold_4,2025-07-17,evaluation,0.02250000000000002,0.1841666666666669,0.5000000000000002,0.10056142478516622,17.836086512101204,0
v3+DL,fold_4,2025-07-17,evaluation,0.015833333333333335,0.17583333333333342,0.520833333333333,0.10056142478516622,17.836086512101204,0
v4+DL,fold_4,2025-07-18,evaluation,0.02750000000000002,0.20000000000000023,0.49583333333333357,0.10056142478516622,17.836086512101204,0
v3+DL,fold_4,2025-07-18,evaluation,0.020833333333333336,0.19166666666666676,0.5041666666666664,0.10056142478516622,17.836086512101204,0
v4+DL,fold_4,2025-07-19,evaluation,0.03250000000000002,0.21583333333333357,0.5041666666666669,0.10056142478516622,17.836086512101204,0
v3+DL,fold_4,2025-07-19,evaluation,0.025833333333333337,0.20333333333333342,0.4999999999999998,0.10056142478516622,17.836086512101204,0
v4+DL,fold_4,2025-07-20,evaluation,0.03750000000000002,0.2191666666666669,0.5041666666666669,0.10056142478516622,17.836086512101204,0
v3+DL,fold_4,2025-07-20,evaluation,0.030833333333333338,0.18583333333333343,0.4916666666666664,0.10056142478516622,17.836086512101204,0
v4+DL,fold_4,2025-07-21,evaluation,0.03000000000000002,0.19333333333333358,0.5000000000000002,0.10056142478516622,17.836086512101204,0
v3+DL,fold_4,2025-07-21,evaluation,0.023333333333333338,0.16416666666666677,0.48749999999999977,0.10056142478516622,17.836086512101204,0
v4+DL,fold_4,2025-07-22,evaluation,0.030833333333333355,0.18416666666666692,0.49583333333333357,0.10056142478516622,17.836086512101204,0
v3+DL,fold_4,2025-07-22,evaluation,0.02833333333333334,0.1550000000000001,0.46666666666666645,0.10056142478516622,17.836086512101204,0
v4+DL,fold_4,2025-07-23,evaluation,0.035833333333333356,0.1833333333333336,0.4791666666666669,0.10056142478516622,17.836086512101204,0
v3+DL,fold_4,2025-07-23,evaluation,0.025000000000000005,0.15833333333333344,0.4624999999999998,0.10056142478516622,17.836086512101204,0
v4+DL,fold_4,2025-07-24,evaluation,0.028333333333333356,0.1783333333333336,0.48333333333333356,0.10056142478516622,17.836086512101204,0
v3+DL,fold_4,2025-07-24,evaluation,0.030000000000000006,0.14916666666666678,0.4749999999999998,0.10056142478516622,17.836086512101204,0
v4+DL,fold_4,2025-07-25,evaluation,0.033333333333333354,0.19833333333333358,0.5125000000000002,0.10056142478516622,17.836086512101204,0
v3+DL,fold_4,2025-07-25,evaluation,0.035,0.16500000000000012,0.4874999999999998,0.10056142478516622,17.836086512101204,0
v4+DL,fold_4,2025-07-26,evaluation,0.03833333333333336,0.21416666666666692,0.5375000000000002,0.10056142478516622,17.836086512101204,0
v3+DL,fold_4,2025-07-26,evaluation,0.04000000000000001,0.18083333333333346,0.5083333333333332,0.10056142478516622,17.836086512101204,0
v4+DL,fold_4,2025-07-27,evaluation,0.04333333333333336,0.2133333333333336,0.5416666666666669,0.10056142478516622,17.836086512101204,0
v3+DL,fold_4,2025-07-27,evaluation,0.04500000000000001,0.18833333333333346,0.5124999999999998,0.10056142478516622,17.836086512101204,0
v4+DL,fold_4,2025-07-28,evaluation,0.03583333333333336,0.20416666666666694,0.5500000000000002,0.10056142478516622,17.836086512101204,0
v3+DL,fold_4,2025-07-28,evaluation,0.05000000000000002,0.1916666666666668,0.5124999999999998,0.10056142478516622,17.836086512101204,0
v4+DL,fold_4,2025-07-29,evaluation,0.028333333333333363,0.20333333333333362,0.5500000000000002,0.10056142478516622,17.836086512101204,0
v3+DL,fold_4,2025-07-29,evaluation,0.04250000000000002,0.19083333333333347,0.5166666666666665,0.10056142478516622,17.836086512101204,0
v4+DL,fold_5,2026-01-08,evaluation,0.015000000000000001,0.08583333333333334,0.4125000000000001,0.10056142478516622,17.836086512101204,0
v3+DL,fold_5,2026-01-08,evaluation,0.015000000000000001,0.08750000000000001,0.425,0.10056142478516622,17.836086512101204,0
v4+DL,fold_5,2026-01-09,evaluation,0.020000000000000004,0.10583333333333335,0.44166666666666676,0.10056142478516622,17.836086512101204,0
v3+DL,fold_5,2026-01-09,evaluation,0.020000000000000004,0.10750000000000001,0.45,0.10056142478516622,17.836086512101204,0
v4+DL,fold_5,2026-01-10,evaluation,0.01,0.08416666666666668,0.4458333333333334,0.10056142478516622,17.836086512101204,0
v3+DL,fold_5,2026-01-10,evaluation,0.01,0.08583333333333334,0.45416666666666666,0.10056142478516622,17.836086512101204,0
v4+DL,fold_5,2026-01-11,evaluation,0.015000000000000001,0.10416666666666669,0.4583333333333334,0.10056142478516622,17.836086512101204,0
v3+DL,fold_5,2026-01-11,evaluation,0.015000000000000001,0.09750000000000002,0.4375,0.10056142478516622,17.836086512101204,0
v4+DL,fold_5,2026-01-12,evaluation,0.020000000000000004,0.12416666666666669,0.4666666666666668,0.10056142478516622,17.836086512101204,0
v3+DL,fold_5,2026-01-12,evaluation,0.020000000000000004,0.11750000000000002,0.45,0.10056142478516622,17.836086512101204,0
v4+DL,fold_5,2026-01-13,evaluation,0.025000000000000005,0.1441666666666667,0.4791666666666668,0.10056142478516622,17.836086512101204,0
v3+DL,fold_5,2026-01-13,evaluation,0.025000000000000005,0.1375,0.4666666666666667,0.10056142478516622,17.836086512101204,0
v4+DL,fold_5,2026-01-14,evaluation,0.030000000000000006,0.16000000000000003,0.4791666666666668,0.10056142478516622,17.836086512101204,0
v3+DL,fold_5,2026-01-14,evaluation,0.030000000000000006,0.15333333333333335,0.4583333333333333,0.10056142478516622,17.836086512101204,0
v4+DL,fold_5,2026-01-15,evaluation,0.035,0.13833333333333336,0.4583333333333335,0.10056142478516622,17.836086512101204,0
v3+DL,fold_5,2026-01-15,evaluation,0.035,0.14,0.4375,0.10056142478516622,17.836086512101204,0
v4+DL,fold_5,2026-01-16,evaluation,0.04000000000000001,0.1541666666666667,0.4708333333333335,0.10056142478516622,17.836086512101204,0
v3+DL,fold_5,2026-01-16,evaluation,0.04000000000000001,0.16000000000000003,0.45416666666666666,0.10056142478516622,17.836086512101204,0
v4+DL,fold_5,2026-01-17,evaluation,0.04500000000000001,0.1616666666666667,0.46666666666666684,0.10056142478516622,17.836086512101204,0
v3+DL,fold_5,2026-01-17,evaluation,0.04500000000000001,0.15083333333333337,0.45,0.10056142478516622,17.836086512101204,0
v4+DL,fold_5,2026-01-18,evaluation,0.05000000000000002,0.17750000000000005,0.4583333333333335,0.10056142478516622,17.836086512101204,0
v3+DL,fold_5,2026-01-18,evaluation,0.05000000000000002,0.16250000000000003,0.4375,0.10056142478516622,17.836086512101204,0
v4+DL,fold_5,2026-01-19,evaluation,0.05500000000000002,0.19750000000000006,0.45416666666666683,0.10056142478516622,17.836086512101204,0
v3+DL,fold_5,2026-01-19,evaluation,0.05500000000000002,0.17833333333333337,0.4375,0.10056142478516622,17.836086512101204,0
v4+DL,fold_5,2026-01-20,evaluation,0.060000000000000026,0.21750000000000008,0.4416666666666668,0.10056142478516622,17.836086512101204,0
v3+DL,fold_5,2026-01-20,evaluation,0.060000000000000026,0.19833333333333336,0.44166666666666665,0.10056142478516622,17.836086512101204,0
v4+DL,fold_5,2026-01-21,evaluation,0.023333333333333352,0.18750000000000008,0.4208333333333335,0.10056142478516622,17.836086512101204,0
v3+DL,fold_5,2026-01-21,evaluation,0.035833333333333356,0.17250000000000004,0.425,0.10056142478516622,17.836086512101204,0
v4+DL,fold_5,2026-01-22,evaluation,0.01,0.18250000000000008,0.42500000000000016,0.10056142478516622,17.836086512101204,0
v3+DL,fold_5,2026-01-22,evaluation,0.011666666666666686,0.1591666666666667,0.425,0.10056142478516622,17.836086512101204,0
v4+DL,fold_5,2026-01-23,evaluation,0.015000000000000001,0.17750000000000007,0.43333333333333346,0.10056142478516622,17.836086512101204,0
v3+DL,fold_5,2026-01-23,evaluation,0.016666666666666687,0.16250000000000003,0.44166666666666665,0.10056142478516622,17.836086512101204,0
v4+DL,fold_5,2026-01-24,evaluation,0.020000000000000004,0.19750000000000006,0.4583333333333335,0.10056142478516622,17.836086512101204,0
v3+DL,fold_5,2026-01-24,evaluation,0.021666666666666688,0.18250000000000005,0.4708333333333333,0.10056142478516622,17.836086512101204,0
v4+DL,fold_5,2026-01-25,evaluation,0.025000000000000005,0.21750000000000008,0.5041666666666669,0.10056142478516622,17.836086512101204,0
v3+DL,fold_5,2026-01-25,evaluation,0.02666666666666669,0.20250000000000007,0.5166666666666666,0.10056142478516622,17.836086512101204,0
v4+DL,fold_5,2026-01-26,evaluation,0.030000000000000006,0.2375000000000001,0.5541666666666669,0.10056142478516622,17.836086512101204,0
v3+DL,fold_5,2026-01-26,evaluation,0.03166666666666669,0.2225000000000001,0.5499999999999999,0.10056142478516622,17.836086512101204,0
v4+DL,fold_5,2026-01-27,evaluation,0.035,0.2575000000000001,0.5875000000000002,0.10056142478516622,17.836086512101204,0
v3+DL,fold_5,2026-01-27,evaluation,0.036666666666666695,0.2425000000000001,0.5874999999999999,0.10056142478516622,17.836086512101204,0
v4+DL,fold_5,2026-01-28,evaluation,0.04000000000000001,0.24000000000000013,0.5750000000000003,0.10056142478516622,17.836086512101204,0
v3+DL,fold_5,2026-01-28,evaluation,0.0416666666666667,0.24166666666666678,0.575,0.10056142478516622,17.836086512101204,0
v4+DL,fold_5,2026-01-29,evaluation,0.04500000000000001,0.20583333333333348,0.5375000000000003,0.10056142478516622,17.836086512101204,0
v3+DL,fold_5,2026-01-29,evaluation,0.038333333333333365,0.21583333333333343,0.5416666666666666,0.10056142478516622,17.836086512101204,0
v4+DL,fold_5,2026-01-30,evaluation,0.05000000000000002,0.1883333333333335,0.5125000000000003,0.10056142478516622,17.836086512101204,0
v3+DL,fold_5,2026-01-30,evaluation,0.04333333333333336,0.2025000000000001,0.5208333333333333,0.10056142478516622,17.836086512101204,0
v4+DL,fold_5,2026-01-31,evaluation,0.05500000000000002,0.20833333333333348,0.5375000000000003,0.10056142478516622,17.836086512101204,0
v3+DL,fold_5,2026-01-31,evaluation,0.04833333333333337,0.2225000000000001,0.5541666666666666,0.10056142478516622,17.836086512101204,0
v4+DL,fold_5,2026-02-01,evaluation,0.060000000000000026,0.19500000000000015,0.5208333333333337,0.10056142478516622,17.836086512101204,0
v3+DL,fold_5,2026-02-01,evaluation,0.05333333333333337,0.20916666666666675,0.5416666666666666,0.10056142478516622,17.836086512101204,0
v4+DL,fold_5,2026-02-02,evaluation,0.06500000000000003,0.2066666666666668,0.5416666666666671,0.10056142478516622,17.836086512101204,0
v3+DL,fold_5,2026-02-02,evaluation,0.058333333333333376,0.2208333333333334,0.5249999999999999,0.10056142478516622,17.836086512101204,0
v4+DL,fold_5,2026-02-03,evaluation,0.07000000000000003,0.2266666666666668,0.5708333333333337,0.10056142478516622,17.836086512101204,0
v3+DL,fold_5,2026-02-03,evaluation,0.06333333333333338,0.2408333333333334,0.5499999999999999,0.10056142478516622,17.836086512101204,0
v4+DL,fold_5,2026-02-04,evaluation,0.07500000000000004,0.2341666666666668,0.5666666666666671,0.10056142478516622,17.836086512101204,0
v3+DL,fold_5,2026-02-04,evaluation,0.06833333333333338,0.2483333333333334,0.5458333333333333,0.10056142478516622,17.836086512101204,0
v4+DL,fold_5,2026-02-05,evaluation,0.07583333333333338,0.24583333333333346,0.5583333333333338,0.10056142478516622,17.836086512101204,0
v3+DL,fold_5,2026-02-05,evaluation,0.07333333333333339,0.26000000000000006,0.5458333333333333,0.10056142478516622,17.836086512101204,0
v4+DL,fold_5,2026-02-06,evaluation,0.08083333333333338,0.2575000000000001,0.5500000000000005,0.10056142478516622,17.836086512101204,0
v3+DL,fold_5,2026-02-06,evaluation,0.0783333333333334,0.2716666666666667,0.5249999999999999,0.10056142478516622,17.836086512101204,0
v4+DL,fold_5,2026-02-07,evaluation,0.08583333333333339,0.27750000000000014,0.5583333333333338,0.10056142478516622,17.836086512101204,0
v3+DL,fold_5,2026-02-07,evaluation,0.0833333333333334,0.27916666666666673,0.5208333333333333,0.10056142478516622,17.836086512101204,0
v4+DL,fold_5,2026-02-08,evaluation,0.08250000000000006,0.25583333333333347,0.5333333333333338,0.10056142478516622,17.836086512101204,0
v3+DL,fold_5,2026-02-08,evaluation,0.07583333333333339,0.25750000000000006,0.5041666666666667,0.10056142478516622,17.836086512101204,0
v4+DL,fold_5,2026-02-09,evaluation,0.05833333333333339,0.20500000000000013,0.5000000000000004,0.10056142478516622,17.836086512101204,0
v3+DL,fold_5,2026-02-09,evaluation,0.06000000000000005,0.22333333333333338,0.4958333333333333,0.10056142478516622,17.836086512101204,0
v4+DL,fold_5,2026-02-10,evaluation,0.0633333333333334,0.21666666666666679,0.5291666666666671,0.10056142478516622,17.836086512101204,0
v3+DL,fold_5,2026-02-10,evaluation,0.06500000000000006,0.23916666666666672,0.5249999999999999,0.10056142478516622,17.836086512101204,0
v4+DL,fold_5,2026-02-11,evaluation,0.01,0.16583333333333344,0.5083333333333337,0.10056142478516622,17.836086512101204,0
v3+DL,fold_5,2026-02-11,evaluation,0.01,0.18833333333333338,0.5041666666666665,0.10056142478516622,17.836086512101204,0
v4+DL,fold_5,2026-02-12,evaluation,0.01,0.1525000000000001,0.5000000000000004,0.10056142478516622,17.836086512101204,0
v3+DL,fold_5,2026-02-12,evaluation,0.01,0.17916666666666672,0.4958333333333332,0.10056142478516622,17.836086512101204,0
v4+DL,fold_5,2026-02-13,evaluation,0.015000000000000001,0.1725000000000001,0.5291666666666671,0.10056142478516622,17.836086512101204,0
v3+DL,fold_5,2026-02-13,evaluation,0.015000000000000001,0.19916666666666671,0.5208333333333331,0.10056142478516622,17.836086512101204,0
v4+DL,fold_5,2026-02-14,evaluation,0.020000000000000004,0.18833333333333344,0.5375000000000004,0.10056142478516622,17.836086512101204,0
v3+DL,fold_5,2026-02-14,evaluation,0.020000000000000004,0.21500000000000005,0.5208333333333331,0.10056142478516622,17.836086512101204,0
v4+DL,fold_5,2026-02-15,evaluation,0.025000000000000005,0.20833333333333343,0.5291666666666671,0.10056142478516622,17.836086512101204,0
v3+DL,fold_5,2026-02-15,evaluation,0.025000000000000005,0.23500000000000004,0.5124999999999998,0.10056142478516622,17.836086512101204,0
v4+DL,fold_5,2026-02-16,evaluation,0.030000000000000006,0.22833333333333344,0.5250000000000005,0.10056142478516622,17.836086512101204,0
v3+DL,fold_5,2026-02-16,evaluation,0.030000000000000006,0.25500000000000006,0.5041666666666665,0.10056142478516622,17.836086512101204,0
v4+DL,fold_5,2026-02-17,evaluation,0.022500000000000006,0.18166666666666678,0.5000000000000004,0.10056142478516622,17.836086512101204,0
v3+DL,fold_5,2026-02-17,evaluation,0.026666666666666672,0.21666666666666673,0.4791666666666665,0.10056142478516622,17.836086512101204,0
v4+DL,fold_5,2026-02-18,evaluation,0.027500000000000007,0.11416666666666678,0.45000000000000046,0.10056142478516622,17.836086512101204,0
v3+DL,fold_5,2026-02-18,evaluation,0.031666666666666676,0.13666666666666671,0.42916666666666653,0.10056142478516622,17.836086512101204,0
v4+DL,fold_5,2026-02-19,evaluation,0.020000000000000007,0.10500000000000011,0.45000000000000046,0.10056142478516622,17.836086512101204,0
v3+DL,fold_5,2026-02-19,evaluation,0.01583333333333334,0.11916666666666671,0.42916666666666653,0.10056142478516622,17.836086512101204,0
v4+DL,fold_5,2026-02-20,evaluation,0.016666666666666673,0.10833333333333345,0.4333333333333338,0.10056142478516622,17.836086512101204,0
v3+DL,fold_5,2026-02-20,evaluation,0.01250000000000001,0.11833333333333337,0.42083333333333317,0.10056142478516622,17.836086512101204,0
v4+DL,fold_5,2026-02-21,evaluation,0.021666666666666674,0.11583333333333345,0.43750000000000044,0.10056142478516622,17.836086512101204,0
v3+DL,fold_5,2026-02-21,evaluation,0.01750000000000001,0.12583333333333338,0.4291666666666665,0.10056142478516622,17.836086512101204,0
v4+DL,fold_5,2026-02-22,evaluation,0.02250000000000001,0.11083333333333345,0.4208333333333338,0.10056142478516622,17.836086512101204,0
v3+DL,fold_5,2026-02-22,evaluation,0.02250000000000001,0.10416666666666671,0.4124999999999998,0.10056142478516622,17.836086512101204,0
v4+DL,fold_5,2026-02-23,evaluation,0.02750000000000001,0.12250000000000012,0.42500000000000043,0.10056142478516622,17.836086512101204,0
v3+DL,fold_5,2026-02-23,evaluation,0.02750000000000001,0.11166666666666672,0.41666666666666646,0.10056142478516622,17.836086512101204,0
v4+DL,fold_5,2026-02-24,evaluation,0.032500000000000015,0.1341666666666668,0.40833333333333377,0.10056142478516622,17.836086512101204,0
v3+DL,fold_5,2026-02-24,evaluation,0.032500000000000015,0.1316666666666667,0.4208333333333331,0.10056142478516622,17.836086512101204,0
v4+DL,fold_5,2026-02-25,evaluation,0.02916666666666668,0.12083333333333346,0.39583333333333376,0.10056142478516622,17.836086512101204,0
v3+DL,fold_5,2026-02-25,evaluation,0.01666666666666668,0.11833333333333337,0.40416666666666645,0.10056142478516622,17.836086512101204,0
v4+DL,fold_5,2026-02-26,evaluation,0.030000000000000016,0.11583333333333345,0.37500000000000044,0.10056142478516622,17.836086512101204,0
v3+DL,fold_5,2026-02-26,evaluation,0.017500000000000016,0.11750000000000003,0.39166666666666644,0.10056142478516622,17.836086512101204,0
v4+DL,fold_5,2026-02-27,evaluation,0.014166666666666682,0.10666666666666678,0.36250000000000043,0.10056142478516622,17.836086512101204,0
v3+DL,fold_5,2026-02-27,evaluation,0.014166666666666683,0.11250000000000003,0.3833333333333331,0.10056142478516622,17.836086512101204,0
v4+DL,fold_5,2026-02-28,evaluation,0.019166666666666683,0.11833333333333346,0.40000000000000047,0.10056142478516622,17.836086512101204,0
v3+DL,fold_5,2026-02-28,evaluation,0.019166666666666686,0.12833333333333335,0.42499999999999977,0.10056142478516622,17.836086512101204,0
v4+DL,fold_5,2026-03-01,evaluation,0.020000000000000018,0.13000000000000012,0.4250000000000005,0.10056142478516622,17.836086512101204,0
v3+DL,fold_5,2026-03-01,evaluation,0.024166666666666687,0.13583333333333336,0.4499999999999998,0.10056142478516622,17.836086512101204,0
v4+DL,fold_5,2026-03-02,evaluation,0.02500000000000002,0.14583333333333345,0.4500000000000005,0.10056142478516622,17.836086512101204,0
v3+DL,fold_5,2026-03-02,evaluation,0.029166666666666688,0.1516666666666667,0.4708333333333331,0.10056142478516622,17.836086512101204,0
v4+DL,fold_5,2026-03-03,evaluation,0.03000000000000002,0.16583333333333344,0.4791666666666672,0.10056142478516622,17.836086512101204,0
v3+DL,fold_5,2026-03-03,evaluation,0.03416666666666669,0.1716666666666667,0.4999999999999998,0.10056142478516622,17.836086512101204,0
v4+DL,fold_5,2026-03-04,evaluation,0.030833333333333355,0.17333333333333345,0.48333333333333384,0.10056142478516622,17.836086512101204,0
v3+DL,fold_5,2026-03-04,evaluation,0.035000000000000024,0.17500000000000002,0.48749999999999977,0.10056142478516622,17.836086512101204,0
v4+DL,fold_5,2026-03-05,evaluation,0.035833333333333356,0.1891666666666668,0.4750000000000005,0.10056142478516622,17.836086512101204,0
v3+DL,fold_5,2026-03-05,evaluation,0.04000000000000002,0.19083333333333335,0.48749999999999977,0.10056142478516622,17.836086512101204,0
v4+DL,fold_5,2026-03-06,evaluation,0.02000000000000002,0.13000000000000012,0.4333333333333338,0.10056142478516622,17.836086512101204,0
v3+DL,fold_5,2026-03-06,evaluation,0.024166666666666687,0.1316666666666667,0.4458333333333331,0.10056142478516622,17.836086512101204,0
v4+DL,fold_5,2026-03-07,evaluation,0.025000000000000022,0.15000000000000013,0.4583333333333338,0.10056142478516622,17.836086512101204,0
v3+DL,fold_5,2026-03-07,evaluation,0.029166666666666688,0.15166666666666673,0.4708333333333331,0.10056142478516622,17.836086512101204,0
v4+DL,fold_5,2026-03-08,evaluation,0.030000000000000023,0.17000000000000015,0.4750000000000005,0.10056142478516622,17.836086512101204,0
v3+DL,fold_5,2026-03-08,evaluation,0.03416666666666669,0.17166666666666675,0.4916666666666664,0.10056142478516622,17.836086512101204,0
v4+DL,fold_5,2026-03-09,evaluation,0.035000000000000024,0.19000000000000017,0.5166666666666672,0.10056142478516622,17.836086512101204,0
v3+DL,fold_5,2026-03-09,evaluation,0.0391666666666667,0.19166666666666676,0.5333333333333331,0.10056142478516622,17.836086512101204,0
v4+DL,fold_5,2026-03-10,evaluation,0.04000000000000002,0.2100000000000002,0.5666666666666672,0.10056142478516622,17.836086512101204,0
v3+DL,fold_5,2026-03-10,evaluation,0.0441666666666667,0.21166666666666678,0.5749999999999997,0.10056142478516622,17.836086512101204,0
v4+DL,fold_5,2026-03-11,evaluation,0.045000000000000026,0.2300000000000002,0.5750000000000005,0.10056142478516622,17.836086512101204,0
v3+DL,fold_5,2026-03-11,evaluation,0.049166666666666706,0.2316666666666668,0.583333333333333,0.10056142478516622,17.836086512101204,0
v4+DL,fold_5,2026-03-12,evaluation,0.05000000000000003,0.24583333333333354,0.5833333333333338,0.10056142478516622,17.836086512101204,0
v3+DL,fold_5,2026-03-12,evaluation,0.05416666666666671,0.2391666666666668,0.5916666666666663,0.10056142478516622,17.836086512101204,0
v4+DL,fold_5,2026-03-13,evaluation,0.055000000000000035,0.22416666666666688,0.5541666666666671,0.10056142478516622,17.836086512101204,0
v3+DL,fold_5,2026-03-13,evaluation,0.05500000000000004,0.22166666666666682,0.558333333333333,0.10056142478516622,17.836086512101204,0
v4+DL,fold_5,2026-03-14,evaluation,0.0516666666666667,0.2025000000000002,0.5416666666666672,0.10056142478516622,17.836086512101204,0
v3+DL,fold_5,2026-03-14,evaluation,0.05166666666666671,0.20000000000000015,0.5374999999999996,0.10056142478516622,17.836086512101204,0
v4+DL,fold_5,2026-03-15,evaluation,0.0566666666666667,0.18500000000000022,0.5208333333333338,0.10056142478516622,17.836086512101204,0
v3+DL,fold_5,2026-03-15,evaluation,0.05666666666666671,0.1908333333333335,0.5291666666666663,0.10056142478516622,17.836086512101204,0
v4+DL,fold_5,2026-03-16,evaluation,0.0616666666666667,0.17166666666666688,0.5125000000000005,0.10056142478516622,17.836086512101204,0
v3+DL,fold_5,2026-03-16,evaluation,0.06166666666666672,0.18166666666666684,0.5249999999999997,0.10056142478516622,17.836086512101204,0
v4+DL,fold_5,2026-03-17,evaluation,0.06666666666666671,0.19166666666666687,0.5000000000000006,0.10056142478516622,17.836086512101204,0
v3+DL,fold_5,2026-03-17,evaluation,0.06666666666666672,0.20166666666666683,0.5166666666666664,0.10056142478516622,17.836086512101204,0
v4+DL,fold_5,2026-03-18,evaluation,0.07166666666666671,0.2075000000000002,0.4916666666666672,0.10056142478516622,17.836086512101204,0
v3+DL,fold_5,2026-03-18,evaluation,0.07166666666666673,0.21750000000000017,0.4999999999999997,0.10056142478516622,17.836086512101204,0
v4+DL,fold_5,2026-03-19,evaluation,0.07666666666666672,0.22333333333333355,0.5000000000000006,0.10056142478516622,17.836086512101204,0
v3+DL,fold_5,2026-03-19,evaluation,0.07666666666666673,0.2333333333333335,0.5124999999999997,0.10056142478516622,17.836086512101204,0
v4+DL,fold_5,2026-03-20,evaluation,0.07333333333333339,0.21000000000000021,0.48750000000000054,0.10056142478516622,17.836086512101204,0
v3+DL,fold_5,2026-03-20,evaluation,0.06916666666666674,0.2283333333333335,0.4916666666666664,0.10056142478516622,17.836086512101204,0
v4+DL,fold_5,2026-03-21,evaluation,0.07416666666666673,0.20083333333333356,0.47500000000000053,0.10056142478516622,17.836086512101204,0
v3+DL,fold_5,2026-03-21,evaluation,0.07000000000000008,0.22750000000000017,0.48333333333333306,0.10056142478516622,17.836086512101204,0
v4+DL,fold_5,2026-03-22,evaluation,0.04583333333333339,0.15000000000000022,0.42500000000000054,0.10056142478516622,17.836086512101204,0
v3+DL,fold_5,2026-03-22,evaluation,0.02500000000000007,0.17666666666666683,0.4416666666666664,0.10056142478516622,17.836086512101204,0
v4+DL,fold_5,2026-03-23,evaluation,0.0508333333333334,0.1700000000000002,0.45000000000000057,0.10056142478516622,17.836086512101204,0
v3+DL,fold_5,2026-03-23,evaluation,0.030000000000000072,0.19666666666666682,0.4666666666666664,0.10056142478516622,17.836086512101204,0
v4+DL,fold_5,2026-03-24,evaluation,0.0558333333333334,0.18166666666666687,0.4875000000000006,0.10056142478516622,17.836086512101204,0
v3+DL,fold_5,2026-03-24,evaluation,0.03500000000000007,0.20833333333333348,0.5041666666666664,0.10056142478516622,17.836086512101204,0
v4+DL,fold_5,2026-03-25,evaluation,0.05666666666666673,0.1975000000000002,0.5208333333333339,0.10056142478516622,17.836086512101204,0
v3+DL,fold_5,2026-03-25,evaluation,0.04000000000000008,0.22416666666666682,0.5208333333333331,0.10056142478516622,17.836086512101204,0
v4+DL,fold_5,2026-03-26,evaluation,0.057500000000000065,0.17583333333333354,0.4750000000000006,0.10056142478516622,17.836086512101204,0
v3+DL,fold_5,2026-03-26,evaluation,0.04083333333333341,0.1858333333333335,0.4749999999999998,0.10056142478516622,17.836086512101204,0
v4+DL,fold_5,2026-03-27,evaluation,0.05416666666666673,0.1750000000000002,0.4541666666666673,0.10056142478516622,17.836086512101204,0
v3+DL,fold_5,2026-03-27,evaluation,0.03333333333333341,0.17250000000000015,0.46666666666666645,0.10056142478516622,17.836086512101204,0
v4+DL,fold_5,2026-03-28,evaluation,0.05916666666666673,0.1700000000000002,0.42916666666666725,0.10056142478516622,17.836086512101204,0
v3+DL,fold_5,2026-03-28,evaluation,0.038333333333333414,0.1841666666666668,0.44583333333333314,0.10056142478516622,17.836086512101204,0
v4+DL,fold_5,2026-03-29,evaluation,0.039166666666666725,0.1650000000000002,0.42916666666666725,0.10056142478516622,17.836086512101204,0
v3+DL,fold_5,2026-03-29,evaluation,0.026666666666666748,0.1791666666666668,0.4416666666666665,0.10056142478516622,17.836086512101204,0
v4+DL,fold_5,2026-03-30,evaluation,0.04416666666666673,0.18500000000000022,0.45000000000000057,0.10056142478516622,17.836086512101204,0
v3+DL,fold_5,2026-03-30,evaluation,0.031666666666666746,0.19916666666666683,0.4624999999999998,0.10056142478516622,17.836086512101204,0
v4+DL,fold_5,2026-03-31,evaluation,0.04481884057971021,0.18760869565217414,0.4521739130434788,0.10056142478516622,17.836086512101204,0
v3+DL,fold_5,2026-03-31,evaluation,0.03666666666666675,0.20612318840579727,0.46467391304347805,0.10056142478516622,17.836086512101204,0
v4+DL,fold_5,2026-04-01,evaluation,0.04481884057971021,0.18760869565217414,0.4521739130434788,0.10056142478516622,17.836086512101204,0
v3+DL,fold_5,2026-04-01,evaluation,0.03666666666666675,0.20612318840579727,0.46467391304347805,0.10056142478516622,17.836086512101204,0
v4+DL,fold_5,2026-04-02,evaluation,0.04481884057971021,0.18760869565217414,0.4521739130434788,0.10056142478516622,17.836086512101204,0
v3+DL,fold_5,2026-04-02,evaluation,0.03666666666666675,0.20612318840579727,0.46467391304347805,0.10056142478516622,17.836086512101204,0
v4+DL,fold_5,2026-04-03,evaluation,0.049818840579710214,0.1992753623188408,0.47717391304347884,0.1199440628633525,17.128901594380245,0
v3+DL,fold_5,2026-04-03,evaluation,0.041666666666666755,0.22612318840579726,0.4938405797101447,0.1199440628633525,17.128901594380245,0
v4+DL,fold_5,2026-04-04,evaluation,0.05481884057971022,0.20260869565217413,0.47717391304347884,0.11764780363109383,16.699973834281884,0
v3+DL,fold_5,2026-04-04,evaluation,0.04666666666666676,0.2294565217391306,0.48967391304347807,0.11764780363109383,16.699973834281884,0
v4+DL,fold_5,2026-04-05,evaluation,0.05981884057971022,0.21844202898550746,0.47717391304347884,0.1156426125273182,16.44741897216137,0
v3+DL,fold_5,2026-04-05,evaluation,0.05166666666666676,0.2327898550724639,0.4938405797101447,0.1156426125273182,16.44741897216137,0
v4+DL,fold_5,2026-04-06,evaluation,0.05648550724637689,0.19260869565217414,0.4605072463768122,0.11388455736212151,16.31138384465961,0
v3+DL,fold_5,2026-04-06,evaluation,0.044166666666666764,0.2069565217391306,0.4688405797101447,0.11388455736212151,16.31138384465961,0
v4+DL,fold_5,2026-04-07,evaluation,0.05648550724637689,0.19260869565217414,0.4605072463768122,0.11388455736212151,16.31138384465961,0
v3+DL,fold_5,2026-04-07,evaluation,0.044166666666666764,0.2069565217391306,0.4688405797101447,0.11388455736212151,16.31138384465961,0
