fold,phase,delivery_date,arm,model,n_window,n_inner,selected,tie,inner_wall_seconds,inner_cpu_seconds,final_wall_seconds,final_cpu_seconds,worker_maxrss_bytes
fold_1,warmup,2020-05-25,L-P,pooled,11510,10838,G2,False,2.1179909159545787,2.0768609999999996,0.36295204202178866,0.35655700000000046,339083264
fold_1,warmup,2020-05-25,L-R,night,3830,3606,G2,False,1.2146622499567457,1.1945780000000004,0.18577220803126693,0.18463900000000066,333316096
fold_1,warmup,2020-05-25,L-R,shoulder,4320,4068,G3,False,1.4003736250451766,1.3691170000000001,0.4713504160172306,0.4572000000000003,356319232
fold_1,warmup,2020-05-25,L-R,solar,3360,3164,G1,False,1.0774776260368526,1.0640789999999996,0.07908795803086832,0.07601999999999975,334905344
fold_1,warmup,2020-05-25,L-N,night,3830,3606,G3,False,1.2179167909780517,1.1920879999999996,0.36728879099246114,0.3647739999999997,335822848
fold_1,warmup,2020-05-25,L-N,shoulder,4320,4068,G4,False,1.3519140009302646,1.3247369999999998,0.7433888749801554,0.7205900000000005,367378432
fold_1,warmup,2020-05-25,L-N,solar,3360,3164,G2,False,1.0793498740531504,1.0623699999999987,0.2149506249697879,0.20815200000000011,337313792
fold_1,warmup,2020-05-26,L-P,pooled,11534,10862,G3,False,2.0957844170043245,2.0679450000000013,0.6938238749862649,0.6800320000000006,339361792
fold_1,warmup,2020-05-26,L-R,night,3838,3614,G4,False,1.2712331239599735,1.2465339999999996,0.6235844999901019,0.6082789999999996,339083264
fold_1,warmup,2020-05-26,L-R,shoulder,4329,4077,G3,False,1.4093804580625147,1.3799109999999981,0.3966644169995561,0.3945749999999997,346931200
fold_1,warmup,2020-05-26,L-R,solar,3367,3171,G1,False,1.2634624999482185,1.2223620000000004,0.059233417036011815,0.058908000000000627,339083264
fold_1,warmup,2020-05-26,L-N,night,3838,3614,G3,False,1.2569006260018796,1.2312409999999998,0.43299333401955664,0.4202009999999996,347193344
fold_1,warmup,2020-05-26,L-N,shoulder,4329,4077,G3,False,1.3062852090224624,1.281130000000001,0.47449808300007135,0.46284600000000076,360873984
fold_1,warmup,2020-05-26,L-N,solar,3367,3171,G3,False,1.2016870839870535,1.169656999999999,0.4393283749814145,0.42754700000000057,350978048
fold_1,warmup,2020-05-27,L-P,pooled,11558,10886,G4,False,2.349101083003916,2.2933780000000006,1.0006299159722403,0.9871929999999995,371326976
fold_1,warmup,2020-05-27,L-R,night,3846,3622,G4,False,1.3544618739979342,1.3215590000000006,0.592300417018123,0.5795080000000006,369278976
fold_1,warmup,2020-05-27,L-R,shoulder,4338,4086,G3,False,1.4617727919248864,1.424347000000001,0.428046541986987,0.4213640000000005,369278976
fold_1,warmup,2020-05-27,L-R,solar,3374,3178,G1,False,1.1395849579712376,1.1206709999999998,0.0735246249823831,0.07149000000000072,369278976
fold_1,warmup,2020-05-27,L-N,night,3846,3622,G3,False,1.3102179989218712,1.2776579999999989,0.4469904170255177,0.4343130000000013,347684864
fold_1,warmup,2020-05-27,L-N,shoulder,4338,4086,G3,False,1.459017000044696,1.4237190000000002,0.4592375420033932,0.4468490000000003,356974592
fold_1,warmup,2020-05-27,L-N,solar,3374,3178,G4,False,1.0682176651316695,1.052805000000001,0.507926749996841,0.4987700000000004,347684864
fold_1,warmup,2020-05-28,L-P,pooled,11582,10910,G3,False,2.312603124999441,2.2597559999999994,0.6770210420363583,0.6670460000000009,371359744
fold_1,warmup,2020-05-28,L-R,night,3854,3630,G4,False,1.3525857499917038,1.3186079999999993,0.5908871669671498,0.5819950000000009,363675648
fold_1,warmup,2020-05-28,L-R,shoulder,4347,4095,G4,False,1.5140629580128007,1.4739910000000016,0.68736095901113,0.6770549999999993,388268032
fold_1,warmup,2020-05-28,L-R,solar,3381,3185,G1,False,1.1188248739345,1.1012749999999993,0.07770787499612197,0.07538100000000014,366723072
fold_1,warmup,2020-05-28,L-N,night,3854,3630,G3,False,1.2204025420360267,1.1987930000000002,0.4372057080036029,0.42538300000000007,369278976
fold_1,warmup,2020-05-28,L-N,shoulder,4347,4095,G4,False,1.285578208975494,1.267246,0.6986397500149906,0.6828819999999993,383975424
fold_1,warmup,2020-05-28,L-N,solar,3381,3185,G4,False,1.1687337899929844,1.1428770000000004,0.5435523329651915,0.5296810000000001,369278976
fold_1,warmup,2020-05-29,L-P,pooled,11606,10934,G3,False,2.367794374935329,2.311102,0.7539082909934223,0.7325429999999997,371392512
fold_1,warmup,2020-05-29,L-R,night,3862,3638,G4,False,1.3323392090387642,1.301092999999998,0.5305558749823831,0.5279279999999993,356990976
fold_1,warmup,2020-05-29,L-R,shoulder,4356,4104,G3,False,1.3827732910285704,1.3559319999999992,0.39913254196289927,0.3967649999999985,365887488
fold_1,warmup,2020-05-29,L-R,solar,3388,3192,G2,False,1.153313290036749,1.1329359999999973,0.22963216697098687,0.2219799999999985,356990976
fold_1,warmup,2020-05-29,L-N,night,3862,3638,G4,False,1.241283124894835,1.2160559999999982,0.55891308397986,0.551320999999998,388268032
fold_1,warmup,2020-05-29,L-N,shoulder,4356,4104,G3,False,1.353151791030541,1.3274709999999992,0.4332266250276007,0.42554600000000065,388268032
fold_1,warmup,2020-05-29,L-N,solar,3388,3192,G3,False,1.1378429169999436,1.1173529999999978,0.3746277080499567,0.3703089999999989,388268032
fold_1,warmup,2020-05-30,L-P,pooled,11630,10958,G4,False,2.1761023749713786,2.1396459999999955,1.0353116249898449,1.0177060000000004,371408896
fold_1,warmup,2020-05-30,L-R,night,3870,3646,G4,False,1.207083832938224,1.1892420000000001,0.6727629160159267,0.6562699999999992,383975424
fold_1,warmup,2020-05-30,L-R,shoulder,4365,4113,G3,False,1.3184115000185557,1.302505,0.40072274999693036,0.39820999999999884,383975424
fold_1,warmup,2020-05-30,L-R,solar,3395,3199,G4,False,1.071501209109556,1.059581999999999,0.534861791995354,0.5238310000000013,383975424
fold_1,warmup,2020-05-30,L-N,night,3870,3646,G3,False,1.219348206941504,1.1982789999999994,0.4025224579963833,0.3964870000000005,371490816
fold_1,warmup,2020-05-30,L-N,shoulder,4365,4113,G3,False,1.2575956679647788,1.2403719999999971,0.4768868749961257,0.4640990000000009,371490816
fold_1,warmup,2020-05-30,L-N,solar,3395,3199,G3,False,1.0877249589539133,1.0710770000000025,0.3439665409969166,0.3423100000000012,371490816
fold_1,warmup,2020-05-31,L-P,pooled,11654,10982,G4,False,2.133362749009393,2.0990929999999963,1.0023701249738224,0.9884780000000006,378372096
fold_1,warmup,2020-05-31,L-R,night,3878,3654,G2,False,1.2458592079929076,1.2255559999999974,0.18243258399888873,0.1815780000000018,388268032
fold_1,warmup,2020-05-31,L-R,shoulder,4374,4122,G4,False,1.4044657500344329,1.378032000000001,0.6996067080181092,0.6847560000000001,393527296
fold_1,warmup,2020-05-31,L-R,solar,3402,3206,G3,False,1.083520126005169,1.0710779999999964,0.386721916962415,0.38121399999999994,388268032
fold_1,warmup,2020-05-31,L-N,night,3878,3654,G2,False,1.188713374955114,1.1707020000000021,0.19770016701659188,0.19621400000000122,383975424
fold_1,warmup,2020-05-31,L-N,shoulder,4374,4122,G4,False,1.3665365000488237,1.3406139999999986,0.6185162079636939,0.6127400000000023,396820480
fold_1,warmup,2020-05-31,L-N,solar,3402,3206,G4,False,1.179825166997034,1.150154999999998,0.5484663749812171,0.5353290000000008,383975424
fold_1,warmup,2020-06-01,L-P,pooled,11678,11006,G3,False,2.253417583007831,2.20955,0.7127590840100311,0.6952040000000004,378372096
fold_1,warmup,2020-06-01,L-R,night,3886,3662,G3,False,1.265949958062265,1.2432920000000038,0.43648129201028496,0.4249250000000018,371490816
fold_1,warmup,2020-06-01,L-R,shoulder,4383,4131,G3,False,1.4280922909383662,1.3994739999999979,0.47183737496379763,0.46119900000000413,374751232
fold_1,warmup,2020-06-01,L-R,solar,3409,3213,G3,False,1.174096500966698,1.1519319999999986,0.4235259999986738,0.41498599999999897,371490816
fold_1,warmup,2020-06-01,L-N,night,3886,3662,G4,False,1.2393416660488583,1.215761999999998,0.6453232079511508,0.6287540000000007,393543680
fold_1,warmup,2020-06-01,L-N,shoulder,4383,4131,G4,False,1.370483750011772,1.343670000000003,0.6695710829808377,0.6585189999999983,413335552
fold_1,warmup,2020-06-01,L-N,solar,3409,3213,G4,False,1.1193504590773955,1.1011709999999972,0.5471368749858811,0.5347599999999986,393543680
fold_1,warmup,2020-06-02,L-P,pooled,11702,11030,G3,False,2.1948620419716462,2.1581960000000002,0.729007999994792,0.7107360000000007,378372096
fold_1,warmup,2020-06-02,L-R,night,3894,3670,G4,False,1.307446458027698,1.279092999999996,0.6057805829914287,0.593116000000002,396820480
fold_1,warmup,2020-06-02,L-R,shoulder,4392,4140,G3,False,1.374168291920796,1.3520700000000048,0.40412062499672174,0.4012789999999953,396820480
fold_1,warmup,2020-06-02,L-R,solar,3416,3220,G4,False,1.1861145829898305,1.1630780000000058,0.5058831669739448,0.4986150000000009,396820480
fold_1,warmup,2020-06-02,L-N,night,3894,3670,G3,False,1.231998707051389,1.2077019999999976,0.4243492499808781,0.41433800000000076,378372096
fold_1,warmup,2020-06-02,L-N,shoulder,4392,4140,G4,False,1.303714207955636,1.284013999999999,0.6694868329796009,0.658141999999998,378372096
fold_1,warmup,2020-06-02,L-N,solar,3416,3220,G4,False,1.0874902500072494,1.0693150000000031,0.5382928329636343,0.5261090000000053,378372096
fold_1,warmup,2020-06-03,L-P,pooled,11726,11054,G3,False,2.224669207993429,2.182031000000002,0.676956083974801,0.6674549999999968,384974848
fold_1,warmup,2020-06-03,L-R,night,3902,3678,G3,False,1.3003817910794169,1.2739270000000005,0.3894764999859035,0.3860470000000049,413335552
fold_1,warmup,2020-06-03,L-R,shoulder,4401,4149,G4,False,1.4179336660308763,1.3907100000000057,0.6506276250001974,0.6429979999999986,413335552
fold_1,warmup,2020-06-03,L-R,solar,3423,3227,G3,False,1.08197383309016,1.0687369999999916,0.42476904101204127,0.41277100000000644,413335552
fold_1,warmup,2020-06-03,L-N,night,3902,3678,G3,False,1.2285731669398956,1.2056399999999954,0.36617125000339,0.36391600000000324,384974848
fold_1,warmup,2020-06-03,L-N,shoulder,4401,4149,G4,False,1.357478165999055,1.3339249999999936,0.6783022499876097,0.6663189999999943,384974848
fold_1,warmup,2020-06-03,L-N,solar,3423,3227,G4,False,1.1554979169741273,1.1283120000000082,0.47880133299622685,0.47430600000000567,384974848
fold_1,warmup,2020-06-04,L-P,pooled,11750,11078,G3,False,2.229971834050957,2.184393000000007,0.7103867920232005,0.6973610000000008,400621568
fold_1,warmup,2020-06-04,L-R,night,3910,3686,G3,False,1.2469135410501622,1.224447000000005,0.4671214999980293,0.4565599999999961,378372096
fold_1,warmup,2020-06-04,L-R,shoulder,4410,4158,G4,False,1.4136379159172066,1.3891100000000023,0.6726578749949113,0.660656000000003,378372096
fold_1,warmup,2020-06-04,L-R,solar,3430,3234,G4,False,1.1222456239629537,1.103759999999994,0.5636970000341535,0.5512180000000058,378372096
fold_1,warmup,2020-06-04,L-N,night,3910,3686,G3,False,1.255473457975313,1.229961000000003,0.4541032909764908,0.44206300000000454,400637952
fold_1,warmup,2020-06-04,L-N,shoulder,4410,4158,G4,False,1.3612427499028854,1.3373750000000157,0.6326980410376564,0.6251849999999948,400637952
fold_1,warmup,2020-06-04,L-N,solar,3430,3234,G4,False,1.0751617079367861,1.0612139999999997,0.49792900000466034,0.49062800000000095,400637952
fold_1,warmup,2020-06-05,L-P,pooled,11774,11102,G4,False,2.2698350419523194,2.2242359999999834,1.0518188750138506,1.0348100000000002,413335552
fold_1,warmup,2020-06-05,L-R,night,3918,3694,G3,False,1.3563134169671685,1.3236979999999932,0.39392470801249146,0.3908360000000002,384974848
fold_1,warmup,2020-06-05,L-R,shoulder,4419,4167,G4,False,1.3735416670679115,1.3534490000000048,0.6552487500011921,0.6466669999999937,384974848
fold_1,warmup,2020-06-05,L-R,solar,3437,3241,G3,False,1.0994402500218712,1.084500999999996,0.42129575001308694,0.41231100000000254,384974848
fold_1,warmup,2020-06-05,L-N,night,3918,3694,G3,False,1.2346141660236754,1.2120940000000004,0.39274729194585234,0.38840700000000083,378372096
fold_1,warmup,2020-06-05,L-N,shoulder,4419,4167,G4,False,1.3970486239995807,1.3649509999999907,0.6980890830163844,0.6835459999999998,378372096
fold_1,warmup,2020-06-05,L-N,solar,3437,3241,G4,False,1.0585776250227354,1.0467509999999933,0.5268645410542376,0.5157140000000027,378372096
fold_1,warmup,2020-06-06,L-P,pooled,11798,11126,G3,False,2.1693180009606294,2.1358550000000065,0.6718099999707192,0.6630009999999942,413335552
fold_1,warmup,2020-06-06,L-R,night,3926,3702,G3,False,1.2388847489492036,1.2175049999999956,0.46896633302094415,0.45889100000000127,400637952
fold_1,warmup,2020-06-06,L-R,shoulder,4428,4176,G4,False,1.380179458996281,1.3570279999999997,0.6910935420310125,0.6747840000000025,400637952
fold_1,warmup,2020-06-06,L-R,solar,3444,3248,G4,False,1.2022352500935085,1.1718869999999981,0.5251146249938756,0.5160389999999992,400637952
fold_1,warmup,2020-06-06,L-N,night,3926,3702,G3,False,1.357922959025018,1.3246660000000006,0.4009199580177665,0.3946200000000033,384974848
fold_1,warmup,2020-06-06,L-N,shoulder,4428,4176,G4,False,1.378652416926343,1.3482959999999906,0.6662180830026045,0.6558779999999942,384974848
fold_1,warmup,2020-06-06,L-N,solar,3444,3248,G3,False,1.1586071669589728,1.1367669999999919,0.3739964579581283,0.3691519999999997,384974848
fold_1,warmup,2020-06-07,L-P,pooled,11822,11150,G4,False,2.368315958941821,2.3140319999999974,1.0426878330181353,1.0287930000000003,413335552
fold_1,warmup,2020-06-07,L-R,night,3934,3710,G2,False,1.2177137510152534,1.1998310000000032,0.23968462500488386,0.2328329999999994,378372096
fold_1,warmup,2020-06-07,L-R,shoulder,4437,4185,G4,False,1.3599073329824023,1.3377929999999978,0.6568804999697022,0.6479019999999949,378372096
fold_1,warmup,2020-06-07,L-R,solar,3451,3255,G3,False,1.1270868329447694,1.1067350000000076,0.37206645804690197,0.3665680000000009,378372096
fold_1,warmup,2020-06-07,L-N,night,3934,3710,G2,False,1.2644245410338044,1.2374319999999983,0.1826090840040706,0.1811840000000018,413335552
fold_1,warmup,2020-06-07,L-N,shoulder,4437,4185,G4,False,1.2870247909449972,1.2711360000000056,0.7134054999914952,0.695838000000002,415203328
fold_1,warmup,2020-06-07,L-N,solar,3451,3255,G2,False,1.0853322499315254,1.0677579999999978,0.20306775002973154,0.1988060000000047,413335552
fold_1,warmup,2020-06-08,L-P,pooled,11846,11174,G4,False,2.1380711249657907,2.1040029999999987,1.1084444160223939,1.087563000000003,400637952
fold_1,warmup,2020-06-08,L-R,night,3942,3718,G3,False,1.2251321229850873,1.2034599999999998,0.3895882500219159,0.3870059999999995,384974848
fold_1,warmup,2020-06-08,L-R,shoulder,4446,4194,G4,False,1.5250717521412298,1.4250879999999952,0.7286415410344489,0.7136810000000011,384974848
fold_1,warmup,2020-06-08,L-R,solar,3458,3262,G1,False,1.2236884580925107,1.1947090000000031,0.0662137910258025,0.06548699999999741,384974848
fold_1,warmup,2020-06-08,L-N,night,3942,3718,G1,False,1.35375087603461,1.2486320000000077,0.06183825002517551,0.06147699999999645,378372096
fold_1,warmup,2020-06-08,L-N,shoulder,4446,4194,G4,False,1.2812152500264347,1.2658910000000034,0.695688042032998,0.6812100000000001,378372096
fold_1,warmup,2020-06-08,L-N,solar,3458,3262,G2,False,1.1228557489230298,1.1008210000000034,0.21136954094981775,0.2060559999999967,378372096
fold_1,warmup,2020-06-09,L-P,pooled,11870,11198,G3,False,2.3176765829557553,2.2070050000000094,0.6627441250020638,0.6546790000000016,400637952
fold_1,warmup,2020-06-09,L-R,night,3950,3726,G4,False,1.3735917509766296,1.2787050000000022,0.6091843330068514,0.59863,415203328
fold_1,warmup,2020-06-09,L-R,shoulder,4455,4203,G4,False,1.3911780839553103,1.365559999999995,0.6773533750092611,0.6669210000000021,415203328
fold_1,warmup,2020-06-09,L-R,solar,3465,3269,G2,False,1.1240032080677338,1.1064130000000034,0.20035025000106543,0.19607400000000297,415203328
fold_1,warmup,2020-06-09,L-N,night,3950,3726,G1,False,1.1710568750277162,1.1555120000000016,0.07457679201615974,0.07278399999999863,384974848
fold_1,warmup,2020-06-09,L-N,shoulder,4455,4203,G4,False,1.312216499936767,1.2926080000000084,0.6433245829539374,0.6344580000000022,384974848
fold_1,warmup,2020-06-09,L-N,solar,3465,3269,G4,False,1.11806950106984,1.0982310000000055,0.5256234999978915,0.5171449999999993,384974848
fold_1,warmup,2020-06-10,L-P,pooled,11894,11222,G4,False,2.157865042972844,2.1254989999999907,1.0406507499865256,1.024200999999998,400637952
fold_1,warmup,2020-06-10,L-R,night,3958,3734,G3,False,1.2226283340132795,1.205106999999991,0.4138319580233656,0.40778099999999995,378372096
fold_1,warmup,2020-06-10,L-R,shoulder,4464,4212,G3,False,1.3579087510006502,1.3342810000000185,0.4592454170342535,0.4500269999999915,378372096
fold_1,warmup,2020-06-10,L-R,solar,3472,3276,G1,False,1.1211764989420772,1.1041510000000017,0.06204325001453981,0.061562000000002115,378372096
fold_1,warmup,2020-06-10,L-N,night,3958,3734,G1,False,1.217710375029128,1.197732000000002,0.06212116702226922,0.06172300000000064,415203328
fold_1,warmup,2020-06-10,L-N,shoulder,4464,4212,G4,False,1.2990750000462867,1.2833129999999926,0.6120614579995163,0.6073070000000058,415203328
fold_1,warmup,2020-06-10,L-N,solar,3472,3276,G4,False,1.0559344179346226,1.0444940000000003,0.5366652499651536,0.5250439999999941,415203328
fold_1,warmup,2020-06-11,L-P,pooled,11918,11246,G3,False,2.1083553328644484,2.081388000000004,0.7077801660052501,0.6911020000000008,400637952
fold_1,warmup,2020-06-11,L-R,night,3966,3742,G4,False,1.2544665819732472,1.2304299999999841,0.6102641659672372,0.5984200000000044,384974848
fold_1,warmup,2020-06-11,L-R,shoulder,4473,4221,G3,False,1.36733879201347,1.346640999999991,0.45650579198263586,0.4456909999999965,384974848
fold_1,warmup,2020-06-11,L-R,solar,3479,3283,G4,False,1.0715250829816796,1.061909,0.5687419170280918,0.5557489999999916,384974848
fold_1,warmup,2020-06-11,L-N,night,3966,3742,G2,False,1.1678665839717723,1.153868999999986,0.18089983297977597,0.1797380000000004,400637952
fold_1,warmup,2020-06-11,L-N,shoulder,4473,4221,G4,False,1.3701760840485804,1.3432549999999992,0.6707603330141865,0.6551639999999992,400637952
fold_1,warmup,2020-06-11,L-N,solar,3479,3283,G2,False,1.074514249979984,1.0597250000000003,0.17305608303286135,0.17192400000000418,400637952
fold_1,warmup,2020-06-12,L-P,pooled,11942,11270,G3,False,2.0928465829929337,2.064413000000016,0.6442418749793433,0.6383289999999988,378372096
fold_1,warmup,2020-06-12,L-R,night,3974,3750,G3,False,1.2376636669505388,1.2145910000000129,0.42951262497808784,0.4220240000000075,415203328
fold_1,warmup,2020-06-12,L-R,shoulder,4482,4230,G4,False,1.4092375831096433,1.3872180000000043,0.6869955000001937,0.6758640000000042,415203328
fold_1,warmup,2020-06-12,L-R,solar,3486,3290,G4,False,1.166509373986628,1.143663999999987,0.5246395000140183,0.5134730000000047,415203328
fold_1,warmup,2020-06-12,L-N,night,3974,3750,G1,False,1.2505172919481993,1.2207360000000023,0.06432445801328868,0.06373200000000168,378372096
fold_1,warmup,2020-06-12,L-N,shoulder,4482,4230,G4,False,1.3725601670448668,1.3491829999999965,0.6749019579729065,0.663716000000008,381173760
fold_1,warmup,2020-06-12,L-N,solar,3486,3290,G1,False,1.0934637910104357,1.0722789999999947,0.06124320800881833,0.06027199999999766,378372096
fold_1,warmup,2020-06-13,L-P,pooled,11966,11294,G4,False,2.213952040998265,2.1702039999999982,1.0372405829839408,1.0247850000000085,384974848
fold_1,warmup,2020-06-13,L-R,night,3982,3758,G4,False,1.2883834589738399,1.2649280000000118,0.5888927920022979,0.5825669999999974,400637952
fold_1,warmup,2020-06-13,L-R,shoulder,4491,4239,G4,False,1.4680487919831648,1.4310960000000108,0.6423654580139555,0.6375249999999966,400637952
fold_1,warmup,2020-06-13,L-R,solar,3493,3297,G2,False,1.1990042920224369,1.170901999999998,0.21836208400782198,0.21047799999999484,400637952
fold_1,warmup,2020-06-13,L-N,night,3982,3758,G1,False,1.3247780409874395,1.2895119999999878,0.06236312503460795,0.06183799999999451,415203328
fold_1,warmup,2020-06-13,L-N,shoulder,4491,4239,G2,False,1.3999602500116453,1.373728999999983,0.2313123339554295,0.2258719999999954,415203328
fold_1,warmup,2020-06-13,L-N,solar,3493,3297,G2,False,1.1752522910246626,1.1455880000000178,0.17812595795840025,0.17692199999999048,415203328
fold_1,warmup,2020-06-14,L-P,pooled,11990,11318,G3,False,2.416293875023257,2.349939000000006,0.6593265410047024,0.6527399999999943,384974848
fold_1,warmup,2020-06-14,L-R,night,3990,3766,G4,False,1.3219643329503015,1.2893669999999986,0.6991922919987701,0.6715370000000007,384614400
fold_1,warmup,2020-06-14,L-R,shoulder,4500,4248,G3,False,1.3899986240430735,1.3707330000000155,0.4990600420278497,0.4866669999999971,384614400
fold_1,warmup,2020-06-14,L-R,solar,3500,3304,G4,False,1.117440124915447,1.1022499999999837,0.6064282910083421,0.5904680000000013,384614400
fold_1,warmup,2020-06-14,L-N,night,3990,3766,G1,False,1.3300258760573342,1.2986350000000044,0.062314042006619275,0.062005999999996675,400637952
fold_1,warmup,2020-06-14,L-N,shoulder,4500,4248,G4,False,1.281970625044778,1.2630499999999785,0.6980240839766338,0.682192999999998,400637952
fold_1,warmup,2020-06-14,L-N,solar,3500,3304,G3,False,1.0963011659914628,1.0825730000000107,0.441507791983895,0.4287609999999944,400637952
fold_1,warmup,2020-06-15,L-P,pooled,12014,11342,G4,False,2.2739409580244683,2.230964,1.0934060409781523,1.06974799999999,384974848
fold_1,warmup,2020-06-15,L-R,night,3998,3774,G4,False,1.2378812080132775,1.2217810000000071,0.645628750033211,0.6280420000000078,415203328
fold_1,warmup,2020-06-15,L-R,shoulder,4509,4257,G3,False,1.392135125992354,1.3190080000000108,0.4543862920254469,0.44580799999999954,415203328
fold_1,warmup,2020-06-15,L-R,solar,3507,3311,G2,False,1.0818060000310652,1.0709879999999998,0.24189541704254225,0.23372999999999422,415203328
fold_1,warmup,2020-06-15,L-N,night,3998,3774,G1,False,1.194432498945389,1.1766259999999846,0.062056625029072165,0.06166199999999833,384614400
fold_1,warmup,2020-06-15,L-N,shoulder,4509,4257,G4,False,1.3484025840298273,1.326985999999991,0.7297692080028355,0.7090689999999995,386777088
fold_1,warmup,2020-06-15,L-N,solar,3507,3311,G1,False,1.1858917089994065,1.1032259999999923,0.059068958973512053,0.05856400000000406,384614400
fold_1,warmup,2020-06-16,L-P,pooled,12038,11366,G4,False,2.211363417096436,2.127201999999997,1.0568750000093132,1.0405840000000097,384974848
fold_1,warmup,2020-06-16,L-R,night,4006,3782,G4,False,1.2752755420515314,1.1989770000000135,0.6250514580169693,0.613946999999996,400637952
fold_1,warmup,2020-06-16,L-R,shoulder,4518,4266,G4,False,1.2985798339359462,1.2878319999999945,0.74244462500792,0.7115830000000045,400637952
fold_1,warmup,2020-06-16,L-R,solar,3514,3318,G1,False,1.2420355009962805,1.2069090000000244,0.06475999997928739,0.06388499999999908,400637952
fold_1,warmup,2020-06-16,L-N,night,4006,3782,G1,False,1.275434167997446,1.2436130000000105,0.07683316699694842,0.07515700000000436,415203328
fold_1,warmup,2020-06-16,L-N,shoulder,4518,4266,G4,False,1.3545306680025533,1.3145420000000172,0.7632229159935378,0.7436369999999926,415203328
fold_1,warmup,2020-06-16,L-N,solar,3514,3318,G2,False,1.0700731670367531,1.0581450000000103,0.18945670797256753,0.186751000000001,415203328
fold_1,warmup,2020-06-17,L-P,pooled,12062,11390,G4,False,2.2411071661044843,2.1975989999999967,0.9907328329863958,0.9808570000000003,384974848
fold_1,warmup,2020-06-17,L-R,night,4014,3790,G4,False,1.2624724569614045,1.238979999999998,0.5841769999824464,0.577848000000003,390234112
fold_1,warmup,2020-06-17,L-R,shoulder,4527,4275,G4,False,1.507559957972262,1.4687869999999918,0.6594965409603901,0.6528180000000106,390234112
fold_1,warmup,2020-06-17,L-R,solar,3521,3325,G2,False,1.2120416670222767,1.1726529999999826,0.21973958297166973,0.21389299999999878,390234112
fold_1,warmup,2020-06-17,L-N,night,4014,3790,G4,False,1.3590983330504969,1.3128549999999848,0.5869689580285922,0.5796270000000021,384974848
fold_1,warmup,2020-06-17,L-N,shoulder,4527,4275,G4,False,1.35348570701899,1.3310189999999977,0.6861291659879498,0.6742090000000047,394248192
fold_1,warmup,2020-06-17,L-N,solar,3521,3325,G1,False,1.1942171669797972,1.1648350000000107,0.05964658304583281,0.05908399999999858,384974848
fold_1,warmup,2020-06-18,L-P,pooled,12086,11414,G3,False,2.364467208040878,2.3062109999999905,0.6710991250001825,0.661871000000005,400637952
fold_1,warmup,2020-06-18,L-R,night,4022,3798,G3,False,1.336042957031168,1.3050619999999924,0.4052185000036843,0.40051500000001283,415203328
fold_1,warmup,2020-06-18,L-R,shoulder,4536,4284,G4,False,1.4200098750297911,1.3951960000000128,0.7092011669883505,0.6900989999999894,415203328
fold_1,warmup,2020-06-18,L-R,solar,3528,3332,G2,False,1.1878857489791699,1.1637869999999992,0.17987925000488758,0.17811099999998703,415203328
fold_1,warmup,2020-06-18,L-N,night,4022,3798,G1,False,1.2455718340352178,1.2222440000000034,0.06372829200699925,0.06313299999999344,390234112
fold_1,warmup,2020-06-18,L-N,shoulder,4536,4284,G2,False,1.3683253740309738,1.3387349999999714,0.22318554198136553,0.21791300000001002,390234112
fold_1,warmup,2020-06-18,L-N,solar,3528,3332,G2,False,1.128143374051433,1.1074250000000063,0.18540808302350342,0.18294800000001032,390234112
fold_1,warmup,2020-06-19,L-P,pooled,12110,11438,G4,False,2.1695553340250626,2.1363739999999893,1.0630400420050137,1.0398190000000085,400637952
fold_1,warmup,2020-06-19,L-R,night,4030,3806,G3,False,1.262041167006828,1.236075999999997,0.4600334169808775,0.44954900000000464,397688832
fold_1,warmup,2020-06-19,L-R,shoulder,4545,4293,G3,False,1.4430805430165492,1.414945000000003,0.40327150002121925,0.40076900000001103,397688832
fold_1,warmup,2020-06-19,L-R,solar,3535,3339,G1,False,1.2613791669136845,1.2324129999999798,0.07477133302018046,0.07277799999999957,397688832
fold_1,warmup,2020-06-19,L-N,night,4030,3806,G1,False,1.291416665946599,1.2601999999999833,0.07671624998329207,0.07473500000000399,400637952
fold_1,warmup,2020-06-19,L-N,shoulder,4545,4293,G4,False,1.405753500002902,1.378280000000018,0.675817291950807,0.6619460000000004,400637952
fold_1,warmup,2020-06-19,L-N,solar,3535,3339,G4,False,1.175303126045037,1.1512199999999808,0.5517511669895612,0.54037000000001,400637952
fold_1,warmup,2020-06-20,L-P,pooled,12134,11462,G3,False,2.372579626040533,2.318103999999991,0.7336105419672094,0.7162179999999978,415203328
fold_1,warmup,2020-06-20,L-R,night,4038,3814,G4,False,1.3442937899963,1.3158719999999988,0.659355083014816,0.6396360000000101,390234112
fold_1,warmup,2020-06-20,L-R,shoulder,4554,4302,G3,False,1.5055837079999037,1.4666400000000124,0.40679012500913814,0.40353599999998835,390234112
fold_1,warmup,2020-06-20,L-R,solar,3542,3346,G1,False,1.149510957999155,1.1311589999999825,0.07645937497727573,0.0750060000000019,390234112
fold_1,warmup,2020-06-20,L-N,night,4038,3814,G1,False,1.3215898760245182,1.2960190000000154,0.08048929198412225,0.07822800000000996,415203328
fold_1,warmup,2020-06-20,L-N,shoulder,4554,4302,G2,False,1.3176045839791186,1.299964000000017,0.22734837501775473,0.2227370000000093,415203328
fold_1,warmup,2020-06-20,L-N,solar,3542,3346,G2,False,1.161991708970163,1.1399769999999876,0.17525475000729784,0.17370900000000233,415203328
fold_1,warmup,2020-06-21,L-P,pooled,12158,11486,G1,False,2.3842801669961773,2.3252669999999966,0.12966004200279713,0.12868899999999428,397688832
fold_1,warmup,2020-06-21,L-R,night,4046,3822,G1,False,1.2871010829112493,1.2638049999999907,0.07571783300954849,0.0740859999999941,400637952
fold_1,warmup,2020-06-21,L-R,shoulder,4563,4311,G4,False,1.5205608330434188,1.4756989999999917,0.7062047090148553,0.690455,400637952
fold_1,warmup,2020-06-21,L-R,solar,3549,3353,G1,False,1.1205902079236694,1.10517999999999,0.06935075001092628,0.06830499999999518,400637952
fold_1,warmup,2020-06-21,L-N,night,4046,3822,G2,False,1.229636834061239,1.2125860000000017,0.20793079200666398,0.20395100000000355,397688832
fold_1,warmup,2020-06-21,L-N,shoulder,4563,4311,G2,False,1.4040006260038354,1.3734720000000067,0.21979983296478167,0.21454400000000362,397688832
fold_1,warmup,2020-06-21,L-N,solar,3549,3353,G2,False,1.1700517070130445,1.1468960000000124,0.2327369999838993,0.2213339999999988,397688832
fold_1,warmup,2020-06-22,L-P,pooled,12182,11510,G1,False,2.243901458918117,2.205752000000004,0.16210241697262973,0.15782000000000096,390234112
fold_1,warmup,2020-06-22,L-R,night,4054,3830,G1,False,1.3525922490516677,1.3208719999999943,0.06955520901829004,0.06843200000000138,415203328
fold_1,warmup,2020-06-22,L-R,shoulder,4572,4320,G2,False,1.4628196679404937,1.4333490000000069,0.23930070898495615,0.23432999999999993,415203328
fold_1,warmup,2020-06-22,L-R,solar,3556,3360,G1,False,1.216696125920862,1.1897209999999774,0.07873091596411541,0.07650599999999486,415203328
fold_1,warmup,2020-06-22,L-N,night,4054,3830,G1,False,1.3088870840147138,1.2743309999999894,0.06340858299518004,0.06293599999999344,390234112
fold_1,warmup,2020-06-22,L-N,shoulder,4572,4320,G1,False,1.4129805400734767,1.3862850000000009,0.07758041599299759,0.07631000000000654,390234112
fold_1,warmup,2020-06-22,L-N,solar,3556,3360,G1,False,1.215701416018419,1.1872660000000224,0.07072879100451246,0.06843800000000044,390234112
fold_1,admission,2020-06-23,L-P,pooled,12206,11534,G1,False,2.3259032900677994,2.2766189999999824,0.14219987503020093,0.1397450000000049,400637952
fold_1,admission,2020-06-23,L-R,night,4062,3838,G3,False,1.3287364180432633,1.3026630000000097,0.43951204197946936,0.4316620000000029,397688832
fold_1,admission,2020-06-23,L-R,shoulder,4581,4329,G1,False,1.4318219579872675,1.40329100000001,0.09554687497438863,0.09336300000001074,397688832
fold_1,admission,2020-06-23,L-R,solar,3563,3367,G1,False,1.2004297070088796,1.1797989999999885,0.07115133298793808,0.06962099999999793,397688832
fold_1,admission,2020-06-23,L-N,night,4062,3838,G2,False,1.2954272908973508,1.2700649999999882,0.22574383299797773,0.21986900000000276,415203328
fold_1,admission,2020-06-23,L-N,shoulder,4581,4329,G1,False,1.4544498339528218,1.423843000000005,0.06815399997867644,0.0676780000000008,415203328
fold_1,admission,2020-06-23,L-N,solar,3563,3367,G1,False,1.1389283739845268,1.1184980000000024,0.07349212496774271,0.07139499999999543,415203328
fold_1,admission,2020-06-24,L-P,pooled,12230,11558,G1,False,2.2556679990375414,2.2110330000000005,0.13774391601327807,0.13579599999999914,400637952
fold_1,admission,2020-06-24,L-R,night,4070,3846,G1,False,1.3069257900351658,1.2802910000000196,0.08142175001557916,0.07669900000000496,390234112
fold_1,admission,2020-06-24,L-R,shoulder,4590,4338,G4,False,1.4116298750741407,1.38687800000001,0.7073055410292,0.6959710000000001,390234112
fold_1,admission,2020-06-24,L-R,solar,3570,3374,G1,False,1.213879960065242,1.1899109999999808,0.06685120798647404,0.06419800000000464,390234112
fold_1,admission,2020-06-24,L-N,night,4070,3846,G1,False,1.3253916649264283,1.2977269999999947,0.0631227910052985,0.06261700000000303,400637952
fold_1,admission,2020-06-24,L-N,shoulder,4590,4338,G1,False,1.3847291250131093,1.356492000000003,0.08278362499549985,0.08034700000000328,400637952
fold_1,admission,2020-06-24,L-N,solar,3570,3374,G1,False,1.102137167006731,1.0879829999999941,0.0736800410086289,0.07177300000000741,400637952
fold_1,admission,2020-06-25,L-P,pooled,12254,11582,G1,False,2.2300348739954643,2.1960189999999926,0.14603937498759478,0.14268300000000522,397688832
fold_1,admission,2020-06-25,L-R,night,4078,3854,G2,False,1.3024184170062654,1.2822989999999947,0.21113408298697323,0.2062700000000035,415203328
fold_1,admission,2020-06-25,L-R,shoulder,4599,4347,G1,False,1.4385675840312615,1.4146250000000151,0.08568874996853992,0.08318199999999365,415203328
fold_1,admission,2020-06-25,L-R,solar,3577,3381,G1,False,1.2178486670018174,1.1933790000000073,0.07551016699289903,0.07360799999999301,415203328
fold_1,admission,2020-06-25,L-N,night,4078,3854,G1,False,1.2710830019204877,1.245238999999998,0.06689274997916073,0.06618499999999017,397688832
fold_1,admission,2020-06-25,L-N,shoulder,4599,4347,G2,False,1.4504919159808196,1.4177630000000079,0.19667933403979987,0.1954589999999996,397688832
fold_1,admission,2020-06-25,L-N,solar,3577,3381,G1,False,1.0989015420200303,1.0861609999999757,0.0668027910287492,0.06550300000000675,397688832
fold_1,admission,2020-06-26,L-P,pooled,12278,11606,G1,False,2.2372914999723434,2.199575999999979,0.12935779098188505,0.12870300000000157,390234112
fold_1,admission,2020-06-26,L-R,night,4086,3862,G1,False,1.2529786260565743,1.236221999999998,0.08303029200760648,0.08105400000000884,400637952
fold_1,admission,2020-06-26,L-R,shoulder,4608,4356,G2,False,1.4622063750284724,1.4354039999999912,0.24591245799092576,0.23703899999999578,400637952
fold_1,admission,2020-06-26,L-R,solar,3584,3388,G1,False,1.2194535409798846,1.1944880000000069,0.061565083044115454,0.06114699999999118,400637952
fold_1,admission,2020-06-26,L-N,night,4086,3862,G1,False,1.3335222090827301,1.30234200000001,0.06511529203271493,0.0645110000000102,390234112
fold_1,admission,2020-06-26,L-N,shoulder,4608,4356,G1,False,1.3915122929029167,1.3648200000000088,0.06975229101954028,0.06938700000000608,390234112
fold_1,admission,2020-06-26,L-N,solar,3584,3388,G1,False,1.1176705420366488,1.0992499999999978,0.058914124965667725,0.05861099999999908,390234112
fold_1,admission,2020-06-27,L-P,pooled,12302,11630,G1,False,2.238873918016907,2.1987820000000085,0.15315495897084475,0.15044900000000894,415203328
fold_1,admission,2020-06-27,L-R,night,4094,3870,G4,False,1.3374447079841048,1.3105979999999988,0.6258667500223964,0.6153630000000021,397688832
fold_1,admission,2020-06-27,L-R,shoulder,4617,4365,G1,False,1.3889228740590625,1.3693129999999911,0.07578895799815655,0.07469299999999635,397688832
fold_1,admission,2020-06-27,L-R,solar,3591,3395,G1,False,1.1918794169905595,1.1682200000000194,0.0615504999877885,0.061140000000008854,397688832
fold_1,admission,2020-06-27,L-N,night,4094,3870,G1,False,1.2429385409341194,1.222884999999991,0.0721386669902131,0.07070799999999622,415203328
fold_1,admission,2020-06-27,L-N,shoulder,4617,4365,G1,False,1.379508082929533,1.355883999999989,0.08458683302160352,0.08270899999999415,415203328
fold_1,admission,2020-06-27,L-N,solar,3591,3395,G1,False,1.1378597079892643,1.1189569999999947,0.05829216702841222,0.058074000000004844,415203328
fold_1,admission,2020-06-28,L-P,pooled,12326,11654,G1,False,2.230462250066921,2.1902510000000035,0.12896787497447804,0.12836699999999723,400637952
fold_1,admission,2020-06-28,L-R,night,4102,3878,G4,False,1.2930472500156611,1.2700549999999993,0.5601005000062287,0.5578160000000025,390234112
fold_1,admission,2020-06-28,L-R,shoulder,4626,4374,G2,False,1.4672456669504754,1.437492000000006,0.21975675004068762,0.217220999999995,390234112
fold_1,admission,2020-06-28,L-R,solar,3598,3402,G2,False,1.2479304590378888,1.2214640000000117,0.19293779198778793,0.19024000000000285,390234112
fold_1,admission,2020-06-28,L-N,night,4102,3878,G1,False,1.3037639579270035,1.2788999999999788,0.07964795897714794,0.07804699999999798,400637952
fold_1,admission,2020-06-28,L-N,shoulder,4626,4374,G1,False,1.3864461660268717,1.3631899999999888,0.07958091702312231,0.077699999999993,400637952
fold_1,admission,2020-06-28,L-N,solar,3598,3402,G1,False,1.2227745409472845,1.1929580000000044,0.06554170796880499,0.0644929999999988,400637952
fold_1,admission,2020-06-29,L-P,pooled,12350,11678,G1,False,2.3055863750050776,2.259133999999989,0.1588561669923365,0.15449100000000726,397688832
fold_1,admission,2020-06-29,L-R,night,4110,3886,G1,False,1.3861672088969499,1.3543380000000127,0.06669924996094778,0.06635299999999233,415203328
fold_1,admission,2020-06-29,L-R,shoulder,4635,4383,G1,False,1.4536487080040388,1.427628999999996,0.07178791699698195,0.07139399999999796,415203328
fold_1,admission,2020-06-29,L-R,solar,3605,3409,G1,False,1.1962159569375217,1.17547900000001,0.0848390000173822,0.0823869999999971,415203328
fold_1,admission,2020-06-29,L-N,night,4110,3886,G1,False,1.2970310419914313,1.2726800000000225,0.07431616599205881,0.07284599999999841,397688832
fold_1,admission,2020-06-29,L-N,shoulder,4635,4383,G4,False,1.4527461659745313,1.3651650000000046,0.6559532079845667,0.6471910000000207,397688832
fold_1,admission,2020-06-29,L-N,solar,3605,3409,G1,False,1.1740891659865156,1.153322000000017,0.07367208297364414,0.0707000000000022,397688832
fold_1,warmup,2020-06-30,L-P,pooled,12374,11702,G1,False,2.3165028339717537,2.267797000000016,0.13983095902949572,0.1377159999999975,390234112
fold_1,warmup,2020-06-30,L-R,night,4118,3894,G2,False,1.334657666971907,1.3071309999999983,0.2007311669876799,0.19860599999999806,400637952
fold_1,warmup,2020-06-30,L-R,shoulder,4644,4392,G4,False,1.4627061249339022,1.381702999999959,0.6674656249815598,0.6612189999999885,400637952
fold_1,warmup,2020-06-30,L-R,solar,3612,3416,G1,False,1.2335344999446534,1.2038190000000242,0.06238391698570922,0.06195099999999343,400637952
fold_1,warmup,2020-06-30,L-N,night,4118,3894,G1,False,1.3096929579623975,1.2820399999999808,0.11637179198442027,0.06841600000001336,415203328
fold_1,warmup,2020-06-30,L-N,shoulder,4644,4392,G1,False,1.385957334015984,1.3630110000000002,0.07183079200331122,0.07131200000000604,415203328
fold_1,warmup,2020-06-30,L-N,solar,3612,3416,G2,False,1.1525278339977376,1.1338550000000112,0.18195229105185717,0.18021199999998316,415203328
fold_1,evaluation,2020-07-01,L-P,pooled,12398,11726,G1,False,2.3273992901085876,2.2848080000000017,0.17430725001031533,0.1696610000000014,722731008
fold_1,evaluation,2020-07-01,L-R,night,4126,3902,G2,False,1.3012329180492088,1.2814749999999933,0.2249888340011239,0.22042100000000175,723828736
fold_1,evaluation,2020-07-01,L-R,shoulder,4653,4401,G1,False,1.5002088740002364,1.4678380000000004,0.09207741596037522,0.0904670000000003,731250688
fold_1,evaluation,2020-07-01,L-R,solar,3619,3423,G1,False,1.2488881670869887,1.2251849999999962,0.07353475003037602,0.07217199999999835,727564288
fold_1,evaluation,2020-07-01,L-N,night,4126,3902,G1,False,1.2997438319725916,1.2777569999999976,0.06275633396580815,0.06248899999999935,720896000
fold_1,evaluation,2020-07-01,L-N,shoulder,4653,4401,G2,False,1.4505905419937335,1.4183220000000034,0.24123412498738617,0.2355230000000006,729677824
fold_1,evaluation,2020-07-01,L-N,solar,3619,3423,G1,False,1.2151047510560602,1.1903620000000004,0.05955895804800093,0.05914900000000145,726204416
fold_1,evaluation,2020-07-02,L-P,pooled,12422,11750,G1,False,2.3276422090712003,2.2867369999999987,0.1545996250351891,0.15123900000000035,722403328
fold_1,evaluation,2020-07-02,L-R,night,4134,3910,G1,False,1.4055377920740284,1.3752299999999948,0.06703187501989305,0.06675500000000056,722845696
fold_1,evaluation,2020-07-02,L-R,shoulder,4662,4410,G1,False,1.4724000010755844,1.3971440000000008,0.09650187502847984,0.09381199999999978,730349568
fold_1,evaluation,2020-07-02,L-R,solar,3626,3430,G1,False,1.2362284159753472,1.2114919999999962,0.0733037919853814,0.07177599999999984,727302144
fold_1,evaluation,2020-07-02,L-N,night,4134,3910,G1,False,1.345141208032146,1.312935999999997,0.06445099995471537,0.06396099999999905,723353600
fold_1,evaluation,2020-07-02,L-N,shoulder,4662,4410,G1,False,1.4484763329382986,1.371141999999999,0.09251020901137963,0.08886099999999786,738639872
fold_1,evaluation,2020-07-02,L-N,solar,3626,3430,G1,False,1.2135627929237671,1.1890269999999994,0.0707907080068253,0.06895600000000002,731201536
fold_1,evaluation,2020-07-03,L-P,pooled,12446,11774,G1,False,2.355898625042755,2.263687000000001,0.1512726249638945,0.14875600000000233,729677824
fold_1,evaluation,2020-07-03,L-R,night,4142,3918,G1,False,1.3232737079961225,1.3007319999999964,0.06655754201347008,0.06613400000000169,731250688
fold_1,evaluation,2020-07-03,L-R,shoulder,4671,4419,G1,False,1.5852830829680897,1.546278000000001,0.0899008340202272,0.08737999999999957,736477184
fold_1,evaluation,2020-07-03,L-R,solar,3633,3437,G1,False,1.3066645419457927,1.2281450000000014,0.07686966698383912,0.07402900000000301,731250688
fold_1,evaluation,2020-07-03,L-N,night,4142,3918,G1,False,1.4144742080243304,1.378616000000001,0.08655787497991696,0.0840209999999999,729677824
fold_1,evaluation,2020-07-03,L-N,shoulder,4671,4419,G2,False,1.4205934590427205,1.3946520000000007,0.20086645800620317,0.19970700000000363,735150080
fold_1,evaluation,2020-07-03,L-N,solar,3633,3437,G2,False,1.2386106659541838,1.2150300000000023,0.2111623749951832,0.20648200000000116,729677824
fold_1,evaluation,2020-07-04,L-P,pooled,12470,11798,G1,False,2.552107417024672,2.4875970000000045,0.1446783750434406,0.14217299999999966,738639872
fold_1,evaluation,2020-07-04,L-R,night,4150,3926,G1,False,1.4357170420116745,1.3972049999999996,0.09053420799318701,0.08896599999999921,730349568
fold_1,evaluation,2020-07-04,L-R,shoulder,4680,4428,G1,False,1.4654549169936217,1.4381640000000004,0.07339112495537847,0.07289799999999502,736116736
fold_1,evaluation,2020-07-04,L-R,solar,3640,3444,G1,False,1.2903655839618295,1.2621749999999992,0.07140716700814664,0.07041700000000262,730349568
fold_1,evaluation,2020-07-04,L-N,night,4150,3926,G1,False,1.3120292899548076,1.2851950000000052,0.0660606250166893,0.06551600000000235,736509952
fold_1,evaluation,2020-07-04,L-N,shoulder,4680,4428,G1,False,1.5336971658980474,1.422779999999996,0.069263499986846,0.06866099999999875,746029056
fold_1,evaluation,2020-07-04,L-N,solar,3640,3444,G1,False,1.202357375063002,1.1739260000000087,0.07128774997545406,0.06906700000000399,736509952
fold_1,evaluation,2020-07-05,L-P,pooled,12494,11822,G2,False,2.303803751070518,2.261533999999994,0.4080019170069136,0.39836800000000494,738639872
fold_1,evaluation,2020-07-05,L-R,night,4158,3934,G1,False,1.3736317930161022,1.3466469999999973,0.08571620902512223,0.08076799999999906,736133120
fold_1,evaluation,2020-07-05,L-R,shoulder,4689,4437,G1,False,1.5301892909337766,1.4969989999999953,0.07483370800036937,0.07430300000000045,742277120
fold_1,evaluation,2020-07-05,L-R,solar,3647,3451,G1,False,1.2287053339532577,1.1330679999999944,0.0626011670101434,0.06206900000000104,736133120
fold_1,evaluation,2020-07-05,L-N,night,4158,3934,G4,False,1.3225811258889735,1.291632,0.7009142499882728,0.6104589999999988,743538688
fold_1,evaluation,2020-07-05,L-N,shoulder,4689,4437,G1,False,1.4632288749562576,1.429877999999995,0.08488145802402869,0.08287099999999725,753139712
fold_1,evaluation,2020-07-05,L-N,solar,3647,3451,G3,False,1.177601707924623,1.1562589999999915,0.3831979170208797,0.37940100000000143,743538688
fold_1,evaluation,2020-07-06,L-P,pooled,12518,11846,G4,False,2.356663708924316,2.241240000000005,1.1845160000375472,1.1571599999999975,746602496
fold_1,evaluation,2020-07-06,L-R,night,4166,3942,G4,False,1.2895958329900168,1.2711410000000072,0.6546706660301425,0.6445030000000003,750780416
fold_1,evaluation,2020-07-06,L-R,shoulder,4698,4446,G1,False,1.6338610420934856,1.5703949999999978,0.10053120803786442,0.09726100000000315,757022720
fold_1,evaluation,2020-07-06,L-R,solar,3654,3458,G2,False,1.2948326659970917,1.264747000000007,0.22558954101987183,0.22004399999999436,750780416
fold_1,evaluation,2020-07-06,L-N,night,4166,3942,G3,False,1.3702406670199707,1.3302910000000168,0.47708774998318404,0.4584600000000023,746602496
fold_1,evaluation,2020-07-06,L-N,shoulder,4698,4446,G1,False,1.480066999909468,1.4510880000000057,0.06881983298808336,0.06826499999999669,756137984
fold_1,evaluation,2020-07-06,L-N,solar,3654,3458,G3,False,1.3243370829732157,1.2927559999999971,0.45024575002025813,0.43892999999999915,746602496
fold_1,evaluation,2020-07-07,L-P,pooled,12542,11870,G2,False,2.5333303760853596,2.4465000000000074,0.42681312502827495,0.41682699999999784,752517120
fold_1,evaluation,2020-07-07,L-R,night,4174,3950,G4,False,1.5066194999963045,1.4472549999999984,0.7134447089629248,0.697657999999997,753139712
fold_1,evaluation,2020-07-07,L-R,shoulder,4707,4455,G4,False,1.410405333910603,1.3887250000000009,0.7973284170147963,0.7743750000000063,762888192
fold_1,evaluation,2020-07-07,L-R,solar,3661,3465,G2,False,1.353911500016693,1.3197580000000002,0.22170895896852016,0.21604200000000162,753139712
fold_1,evaluation,2020-07-07,L-N,night,4174,3950,G3,False,1.451302043045871,1.4146510000000063,0.45943837496452034,0.44744500000000187,757022720
fold_1,evaluation,2020-07-07,L-N,shoulder,4707,4455,G1,False,1.568177875073161,1.5251320000000064,0.08064929099055007,0.07929999999999637,766590976
fold_1,evaluation,2020-07-07,L-N,solar,3661,3465,G3,False,1.1183227499714121,1.1074430000000035,0.45878020802047104,0.44718300000000255,757022720
fold_1,evaluation,2020-07-08,L-P,pooled,12566,11894,G4,False,2.369285750959534,2.318318000000005,1.1443987499806099,1.1229580000000041,765001728
fold_1,evaluation,2020-07-08,L-R,night,4182,3958,G1,False,1.3734369999729097,1.3489549999999966,0.08678245800547302,0.08230900000000219,756137984
fold_1,evaluation,2020-07-08,L-R,shoulder,4716,4464,G4,False,1.6396875840146095,1.5281900000000022,0.8247737920028158,0.803206000000003,756137984
fold_1,evaluation,2020-07-08,L-R,solar,3668,3472,G2,False,1.3655322079430334,1.3301810000000032,0.19674733403371647,0.19459899999999664,756137984
fold_1,evaluation,2020-07-08,L-N,night,4182,3958,G3,False,1.4409816670231521,1.4024939999999972,0.4580391669878736,0.4488770000000031,765018112
fold_1,evaluation,2020-07-08,L-N,shoulder,4716,4464,G3,False,1.5166546670370735,1.472639000000001,0.4492363749886863,0.44300899999999643,774537216
fold_1,evaluation,2020-07-08,L-N,solar,3668,3472,G3,False,1.2408295829663984,1.2161079999999984,0.4159701670287177,0.40547199999999606,765018112
fold_1,evaluation,2020-07-09,L-P,pooled,12590,11918,G4,False,2.4157183740171604,2.3650749999999974,1.2853004169883206,1.1829989999999952,774455296
fold_1,evaluation,2020-07-09,L-R,night,4190,3966,G4,False,1.404160624020733,1.372082000000006,0.789197415986564,0.6931560000000019,766590976
fold_1,evaluation,2020-07-09,L-R,shoulder,4725,4473,G4,False,1.5963879579794593,1.558185999999992,0.6930506670032628,0.6871750000000034,779845632
fold_1,evaluation,2020-07-09,L-R,solar,3675,3479,G2,False,1.3075918750255369,1.2758230000000026,0.22294779203366488,0.21793300000000215,766590976
fold_1,evaluation,2020-07-09,L-N,night,4190,3966,G1,False,1.359639456961304,1.326312999999999,0.06574045802699402,0.06531000000000375,774471680
fold_1,evaluation,2020-07-09,L-N,shoulder,4725,4473,G1,False,1.477466125972569,1.4489000000000019,0.0901848339708522,0.08797899999999714,784089088
fold_1,evaluation,2020-07-09,L-N,solar,3675,3479,G3,False,1.318725666962564,1.285591999999994,0.36994466598844156,0.3675009999999972,774471680
fold_1,evaluation,2020-07-10,L-P,pooled,12614,11942,G3,False,2.481800250010565,2.4236530000000016,0.7400685420143418,0.7267250000000018,762413056
fold_1,evaluation,2020-07-10,L-R,night,4198,3974,G4,False,1.4561212079715915,1.419744999999999,0.6132754999562167,0.6079520000000045,774553600
fold_1,evaluation,2020-07-10,L-R,shoulder,4734,4482,G1,False,1.5463304160512052,1.4608889999999946,0.09203220898052678,0.08961099999999789,774553600
fold_1,evaluation,2020-07-10,L-R,solar,3682,3486,G1,False,1.3090860829688609,1.2807940000000002,0.06643825001083314,0.06585700000000116,774553600
fold_1,evaluation,2020-07-10,L-N,night,4198,3974,G1,False,1.3363251240225509,1.3105780000000067,0.0794890410033986,0.07706400000000002,762445824
fold_1,evaluation,2020-07-10,L-N,shoulder,4734,4482,G2,False,1.5452797920443118,1.50808099999999,0.2545488750329241,0.24897200000000197,772046848
fold_1,evaluation,2020-07-10,L-N,solar,3682,3486,G3,False,1.229153083928395,1.152590999999994,0.4239972499781288,0.4154440000000008,762445824
fold_1,evaluation,2020-07-11,L-P,pooled,12638,11966,G1,False,2.409025876026135,2.3090940000000018,0.13604529103031382,0.1345060000000018,790708224
fold_1,evaluation,2020-07-11,L-R,night,4206,3982,G3,False,1.37648412497947,1.2961549999999988,0.4950766249676235,0.48151299999999964,784089088
fold_1,evaluation,2020-07-11,L-R,shoulder,4743,4491,G4,False,1.5589567909482867,1.525429999999993,0.7515434579690918,0.7360690000000005,784089088
fold_1,evaluation,2020-07-11,L-R,solar,3689,3493,G1,False,1.305352541967295,1.2761680000000055,0.07771895901532844,0.07555100000000436,784089088
fold_1,evaluation,2020-07-11,L-N,night,4206,3982,G1,False,1.4261172080878168,1.3874400000000122,0.08097187499515712,0.07936200000000326,790708224
fold_1,evaluation,2020-07-11,L-N,shoulder,4743,4491,G1,False,1.441957667004317,1.4170020000000036,0.08823983295587823,0.08635699999999957,800309248
fold_1,evaluation,2020-07-11,L-N,solar,3689,3493,G3,False,1.2397268330096267,1.2154270000000054,0.42242274997988716,0.41041400000000294,790708224
fold_1,evaluation,2020-07-12,L-P,pooled,12662,11990,G3,False,2.559680125035811,2.4932700000000025,0.7575712910038419,0.7405469999999994,774553600
fold_1,evaluation,2020-07-12,L-R,night,4214,3990,G1,False,1.4029545419034548,1.368060000000007,0.079234707984142,0.07753600000000205,772063232
fold_1,evaluation,2020-07-12,L-R,shoulder,4752,4500,G1,False,1.4926966659841128,1.4155569999999997,0.08929420803906396,0.08724600000000038,772063232
fold_1,evaluation,2020-07-12,L-R,solar,3696,3500,G2,False,1.228938166052103,1.2075780000000051,0.21909166604746133,0.2139969999999991,772063232
fold_1,evaluation,2020-07-12,L-N,night,4214,3990,G3,False,1.3161467079189606,1.2933070000000129,0.3969238749705255,0.39314999999999856,774553600
fold_1,evaluation,2020-07-12,L-N,shoulder,4752,4500,G1,False,1.3923703330219723,1.3669870000000088,0.07267525000497699,0.07139300000000048,774553600
fold_1,evaluation,2020-07-12,L-N,solar,3696,3500,G4,False,1.2335339999990538,1.152905000000004,0.5379738340270706,0.5321379999999962,774553600
fold_1,evaluation,2020-07-13,L-P,pooled,12686,12014,G2,False,2.342907874030061,2.2519709999999975,0.3599491670029238,0.35652999999999935,784089088
fold_1,evaluation,2020-07-13,L-R,night,4222,3998,G4,False,1.3947151659522206,1.3624440000000035,0.6124519169679843,0.6072719999999947,800325632
fold_1,evaluation,2020-07-13,L-R,shoulder,4761,4509,G1,False,1.4203645829693414,1.3998840000000001,0.07420924998586997,0.07383800000000917,801112064
fold_1,evaluation,2020-07-13,L-R,solar,3703,3507,G4,False,1.2012046669842675,1.1848049999999901,0.5662862919853069,0.5570900000000023,801112064
fold_1,evaluation,2020-07-13,L-N,night,4222,3998,G3,False,1.294926748960279,1.2760879999999943,0.3993116250494495,0.3951100000000025,772063232
fold_1,evaluation,2020-07-13,L-N,shoulder,4761,4509,G4,False,1.425660248962231,1.4038129999999995,0.7358974580420181,0.7188830000000053,772063232
fold_1,evaluation,2020-07-13,L-N,solar,3703,3507,G4,False,1.1461949159856886,1.1314360000000079,0.5406808750121854,0.5357720000000086,772063232
fold_1,evaluation,2020-07-14,L-P,pooled,12710,12038,G1,False,2.20810237393016,2.175420999999986,0.16394474997650832,0.15697000000000116,784089088
fold_1,evaluation,2020-07-14,L-R,night,4230,4006,G4,False,1.2894411669694819,1.2722080000000204,0.611054332985077,0.6046159999999929,774553600
fold_1,evaluation,2020-07-14,L-R,shoulder,4770,4518,G1,False,1.4787583738798276,1.3937229999999943,0.07311845797812566,0.07251700000000483,774553600
fold_1,evaluation,2020-07-14,L-R,solar,3710,3514,G4,False,1.2407456250512041,1.218041999999997,0.6385488749947399,0.62140500000001,774553600
fold_1,evaluation,2020-07-14,L-N,night,4230,4006,G3,False,1.2417665419634432,1.2258529999999723,0.41484995803330094,0.40941000000000827,784089088
fold_1,evaluation,2020-07-14,L-N,shoulder,4770,4518,G4,False,1.3776531241019256,1.3041210000000092,0.8182268749806099,0.7981300000000005,784089088
fold_1,evaluation,2020-07-14,L-N,solar,3710,3514,G4,False,1.2983728339895606,1.261800999999977,0.6005000420263968,0.5834480000000042,784089088
fold_1,evaluation,2020-07-15,L-P,pooled,12734,12062,G3,False,2.3417057499755174,2.2994440000000225,0.8388656669994816,0.7565930000000094,801112064
fold_1,evaluation,2020-07-15,L-R,night,4238,4014,G1,False,1.403585791005753,1.316829999999996,0.07103512500179932,0.07066599999998857,772063232
fold_1,evaluation,2020-07-15,L-R,shoulder,4779,4527,G1,False,1.4746776659740135,1.449978999999999,0.09070025000255555,0.0881689999999935,772063232
fold_1,evaluation,2020-07-15,L-R,solar,3717,3521,G1,False,1.2379017908824608,1.214671000000024,0.07403866603272036,0.07175699999999097,772063232
fold_1,evaluation,2020-07-15,L-N,night,4238,4014,G4,False,1.2193579170270823,1.205301999999989,0.7078499579802155,0.6906020000000126,801112064
fold_1,evaluation,2020-07-15,L-N,shoulder,4779,4527,G3,False,1.553868665941991,1.5138620000000031,0.48906995804281905,0.47878699999999697,801112064
fold_1,evaluation,2020-07-15,L-N,solar,3717,3521,G3,False,1.1723740830202587,1.1543920000000014,0.4324985420098528,0.421678,801112064
fold_1,evaluation,2020-07-16,L-P,pooled,12758,12086,G3,False,2.4062364590354264,2.358695999999995,0.7915006250259466,0.7717209999999994,774553600
fold_1,evaluation,2020-07-16,L-R,night,4246,4022,G2,False,1.3495268329861574,1.3284639999999968,0.26229395798873156,0.25580600000000686,784089088
fold_1,evaluation,2020-07-16,L-R,shoulder,4788,4536,G1,False,1.5836133739212528,1.5477579999999875,0.09661658405093476,0.09369900000000086,784089088
fold_1,evaluation,2020-07-16,L-R,solar,3724,3528,G2,False,1.3337910829577595,1.3022259999999761,0.22299229202326387,0.2164769999999976,784089088
fold_1,evaluation,2020-07-16,L-N,night,4246,4022,G2,False,1.4198306660400704,1.3836529999999954,0.2452871249988675,0.24009399999999914,772063232
fold_1,evaluation,2020-07-16,L-N,shoulder,4788,4536,G1,False,1.463368333003018,1.4385989999999822,0.07010075001744553,0.06974200000000508,772063232
fold_1,evaluation,2020-07-16,L-N,solar,3724,3528,G3,False,1.2681375420070253,1.2410760000000067,0.4900764580233954,0.4758240000000029,772063232
fold_1,evaluation,2020-07-17,L-P,pooled,12782,12110,G3,False,2.534994376008399,2.4650009999999867,0.8023250419646502,0.7856340000000017,774553600
fold_1,evaluation,2020-07-17,L-R,night,4254,4030,G4,False,1.4778614169335924,1.4455099999999987,0.7305937500204891,0.7097160000000002,801112064
fold_1,evaluation,2020-07-17,L-R,shoulder,4797,4545,G4,False,1.468574544065632,1.4447540000000032,0.7421839579474181,0.7300309999999968,801112064
fold_1,evaluation,2020-07-17,L-R,solar,3731,3535,G2,False,1.1630332910572179,1.1491459999999876,0.19939695799257606,0.1971500000000077,801112064
fold_1,evaluation,2020-07-17,L-N,night,4254,4030,G4,False,1.3805720828822814,1.3535430000000161,0.5859486669651233,0.5825459999999936,784089088
fold_1,evaluation,2020-07-17,L-N,shoulder,4797,4545,G1,False,1.4187305829836987,1.3979150000000118,0.07316454203100875,0.07270900000000324,784089088
fold_1,evaluation,2020-07-17,L-N,solar,3731,3535,G3,False,1.3143198739853688,1.2269489999999905,0.3801247079973109,0.3772819999999939,784089088
fold_1,evaluation,2020-07-18,L-P,pooled,12806,12134,G2,False,2.380866835010238,2.2784600000000097,0.4026968330144882,0.3942469999999929,774553600
fold_1,evaluation,2020-07-18,L-R,night,4262,4038,G1,False,1.341960916062817,1.264029000000022,0.08877449994906783,0.08591300000000501,772063232
fold_1,evaluation,2020-07-18,L-R,shoulder,4806,4554,G4,False,1.4325981679139659,1.4146729999999792,0.7027763749938458,0.6941419999999994,772063232
fold_1,evaluation,2020-07-18,L-R,solar,3738,3542,G2,False,1.304002500954084,1.2782919999999933,0.18617954099318013,0.18498900000000162,772063232
fold_1,evaluation,2020-07-18,L-N,night,4262,4038,G3,False,1.3214870839146897,1.3000570000000238,0.38928820798173547,0.3869899999999973,774553600
fold_1,evaluation,2020-07-18,L-N,shoulder,4806,4554,G2,False,1.4659152069943957,1.4406560000000042,0.24351404199842364,0.23881000000000085,774553600
fold_1,evaluation,2020-07-18,L-N,solar,3738,3542,G4,False,1.2165180830052122,1.1952550000000173,0.5320198340341449,0.5259980000000013,774553600
fold_1,evaluation,2020-07-19,L-P,pooled,12830,12158,G4,False,2.2789699159329757,2.2366290000000077,1.1274202920030802,1.1084409999999991,801112064
fold_1,evaluation,2020-07-19,L-R,night,4270,4046,G4,False,1.3275467079947703,1.306149000000019,0.6946709579788148,0.6812960000000032,784089088
fold_1,evaluation,2020-07-19,L-R,shoulder,4815,4563,G1,False,1.3873199590016156,1.3719159999999988,0.10644529201090336,0.0987169999999935,784089088
fold_1,evaluation,2020-07-19,L-R,solar,3745,3549,G3,False,1.2564615000155754,1.2345149999999876,0.5078625419992022,0.4422440000000023,784089088
fold_1,evaluation,2020-07-19,L-N,night,4270,4046,G1,False,1.370868000027258,1.3445430000000016,0.06634445796953514,0.06572900000000459,772063232
fold_1,evaluation,2020-07-19,L-N,shoulder,4815,4563,G1,False,1.4634125409647822,1.4315180000000112,0.09926787501899526,0.09509400000000312,772063232
fold_1,evaluation,2020-07-19,L-N,solar,3745,3549,G4,False,1.2704850420122966,1.190737999999996,0.5264923750073649,0.5218380000000025,772063232
fold_1,evaluation,2020-07-20,L-P,pooled,12854,12182,G4,False,2.323938416026067,2.2419440000000037,1.1807782920077443,1.1461889999999926,801112064
fold_1,evaluation,2020-07-20,L-R,night,4278,4054,G4,False,1.4166120419977233,1.3356790000000132,0.6319851670414209,0.62106,774553600
fold_1,evaluation,2020-07-20,L-R,shoulder,4824,4572,G2,False,1.4398287919466384,1.415701999999996,0.22458741697482765,0.22254900000000077,774553600
fold_1,evaluation,2020-07-20,L-R,solar,3752,3556,G1,False,1.24498024903005,1.2165749999999917,0.0621123340097256,0.061751000000001,774553600
fold_1,evaluation,2020-07-20,L-N,night,4278,4054,G2,False,1.3308790419832803,1.3003980000000155,0.20923083397792652,0.20598599999999578,784089088
fold_1,evaluation,2020-07-20,L-N,shoulder,4824,4572,G4,False,1.469461250002496,1.437931999999961,0.7899183749686927,0.7086999999999932,784089088
fold_1,evaluation,2020-07-20,L-N,solar,3752,3556,G4,False,1.1776488738832995,1.1593569999999858,0.5530819999985397,0.5462810000000076,784089088
fold_1,evaluation,2020-07-21,L-P,pooled,12878,12206,G1,False,2.2859993739402853,2.2495700000000056,0.1365291669499129,0.13568100000000527,801112064
fold_1,evaluation,2020-07-21,L-R,night,4286,4062,G4,False,1.2915435830364004,1.2779280000000028,0.7065723749692552,0.6900870000000054,772063232
fold_1,evaluation,2020-07-21,L-R,shoulder,4833,4581,G3,False,1.5064363339915872,1.4214040000000097,0.535314415988978,0.509169,772063232
fold_1,evaluation,2020-07-21,L-R,solar,3759,3563,G2,False,1.1889320829650387,1.1749439999999822,0.24672904098406434,0.23979100000001097,772063232
fold_1,evaluation,2020-07-21,L-N,night,4286,4062,G2,False,1.266425834968686,1.2516639999999768,0.23938350001117215,0.23302499999999782,774553600
fold_1,evaluation,2020-07-21,L-N,shoulder,4833,4581,G1,False,1.4216068749665283,1.394213999999991,0.06945912499213591,0.06904099999999858,774553600
fold_1,evaluation,2020-07-21,L-N,solar,3759,3563,G3,False,1.2315879580564797,1.1499610000000047,0.4036617079982534,0.38557200000001046,774553600
fold_1,evaluation,2020-07-22,L-P,pooled,12902,12230,G2,False,2.3974221270764247,2.2904079999999993,0.375799959001597,0.36486499999999467,801112064
fold_1,evaluation,2020-07-22,L-R,night,4294,4070,G4,False,1.3828354580327868,1.3434799999999854,0.6441988749429584,0.6365800000000092,784089088
fold_1,evaluation,2020-07-22,L-R,shoulder,4842,4590,G1,False,1.48651916597737,1.4523769999999985,0.07355999998981133,0.07311500000000137,784089088
fold_1,evaluation,2020-07-22,L-R,solar,3766,3570,G2,False,1.2423339590313844,1.2216549999999842,0.19253041595220566,0.19107999999999947,784089088
fold_1,evaluation,2020-07-22,L-N,night,4294,4070,G2,False,1.3362733329995535,1.3048469999999952,0.19553612498566508,0.19418199999999786,801112064
fold_1,evaluation,2020-07-22,L-N,shoulder,4842,4590,G1,False,1.4473769179894589,1.4137020000000007,0.07138495804974809,0.0709240000000051,801112064
fold_1,evaluation,2020-07-22,L-N,solar,3766,3570,G4,False,1.2293847080436535,1.2074719999999814,0.5225732499966398,0.5192579999999936,801112064
fold_1,evaluation,2020-07-23,L-P,pooled,12926,12254,G2,False,2.289493541000411,2.252843999999982,0.3657650839886628,0.36304299999999046,772063232
fold_1,evaluation,2020-07-23,L-R,night,4302,4078,G2,False,1.3688016250380315,1.3460589999999968,0.1969132920494303,0.1955679999999944,774553600
fold_1,evaluation,2020-07-23,L-R,shoulder,4851,4599,G4,False,1.5693333329400048,1.4807829999999882,0.8011892079957761,0.7822049999999905,774553600
fold_1,evaluation,2020-07-23,L-R,solar,3773,3577,G2,False,1.2938219180796295,1.2592280000000073,0.18389191600726917,0.18262,774553600
fold_1,evaluation,2020-07-23,L-N,night,4302,4078,G1,False,1.3489177500014193,1.3139430000000232,0.06520812504459172,0.06488000000000227,772063232
fold_1,evaluation,2020-07-23,L-N,shoulder,4851,4599,G1,False,1.4755244990228675,1.4474000000000018,0.07332174998009577,0.07261300000000404,772063232
fold_1,evaluation,2020-07-23,L-N,solar,3773,3577,G3,False,1.2140090830507688,1.191664000000003,0.4634272080147639,0.4009360000000015,772063232
fold_1,evaluation,2020-07-24,L-P,pooled,12950,12278,G2,False,2.4081617500050925,2.3041829999999948,0.35299658396979794,0.3505889999999994,784089088
fold_1,evaluation,2020-07-24,L-R,night,4310,4086,G4,False,1.4629046240006573,1.3759849999999858,0.7373663749895059,0.7213999999999885,801112064
fold_1,evaluation,2020-07-24,L-R,shoulder,4860,4608,G1,False,1.535963833972346,1.5059799999999939,0.07740737497806549,0.07607800000000964,801112064
fold_1,evaluation,2020-07-24,L-R,solar,3780,3584,G3,False,1.2192211670335382,1.201104000000015,0.40794354100944474,0.4032550000000015,801112064
fold_1,evaluation,2020-07-24,L-N,night,4310,4086,G1,False,1.2979078760254197,1.2789439999999956,0.06460404099198058,0.06407499999998834,774553600
fold_1,evaluation,2020-07-24,L-N,shoulder,4860,4608,G1,False,1.4553517919848673,1.4257499999999936,0.06926924997242168,0.06883600000000456,774553600
fold_1,evaluation,2020-07-24,L-N,solar,3780,3584,G3,False,1.2618077920633368,1.237468000000007,0.38993895903695375,0.3846500000000077,774553600
fold_1,evaluation,2020-07-25,L-P,pooled,12974,12302,G4,False,2.372969124931842,2.3276359999999983,1.1050735000171699,1.085089999999994,784089088
fold_1,evaluation,2020-07-25,L-R,night,4318,4094,G4,False,1.3220021249726415,1.3033889999999957,0.6660841659759171,0.6565350000000052,772063232
fold_1,evaluation,2020-07-25,L-R,shoulder,4869,4617,G3,False,1.4535686249728315,1.4335630000000066,0.5773589169839397,0.5052860000000123,772063232
fold_1,evaluation,2020-07-25,L-R,solar,3787,3591,G2,False,1.2089330409653485,1.1893740000000008,0.2352312909788452,0.22901099999999985,772063232
fold_1,evaluation,2020-07-25,L-N,night,4318,4094,G1,False,1.3211759579717182,1.2976679999999874,0.0655069580534473,0.06509300000000451,801112064
fold_1,evaluation,2020-07-25,L-N,shoulder,4869,4617,G1,False,1.4707005000673234,1.4436870000000113,0.07057841698406264,0.07010699999999304,801112064
fold_1,evaluation,2020-07-25,L-N,solar,3787,3591,G4,False,1.2482198330108076,1.2266889999999933,0.6134193339967169,0.5419120000000106,801112064
fold_1,evaluation,2020-07-26,L-P,pooled,12998,12326,G2,False,2.3494392909342423,2.3065330000000017,0.4614853750099428,0.3913000000000011,784089088
fold_1,evaluation,2020-07-26,L-R,night,4326,4102,G4,False,1.35443258297164,1.3292800000000113,0.710989834042266,0.6419910000000044,774553600
fold_1,evaluation,2020-07-26,L-R,shoulder,4878,4626,G1,False,1.4190185409970582,1.4026030000000134,0.09316525002941489,0.09021699999999555,774553600
fold_1,evaluation,2020-07-26,L-R,solar,3794,3598,G2,False,1.2703060830244794,1.2457540000000051,0.19114020804408938,0.190006000000011,774553600
fold_1,evaluation,2020-07-26,L-N,night,4326,4102,G1,False,1.2818139579030685,1.2626280000000065,0.08334054198348895,0.0790930000000003,772063232
fold_1,evaluation,2020-07-26,L-N,shoulder,4878,4626,G1,False,1.4847929999232292,1.458170000000024,0.06994987500365824,0.06952199999999209,772063232
fold_1,evaluation,2020-07-26,L-N,solar,3794,3598,G4,False,1.174374375026673,1.161256000000023,0.5577007919782773,0.5521949999999975,772063232
fold_1,evaluation,2020-07-27,L-P,pooled,13022,12350,G4,False,2.2645823340280913,2.227519000000001,1.1092239589779638,1.0935249999999996,784089088
fold_1,evaluation,2020-07-27,L-R,night,4334,4110,G4,False,1.2748111680266447,1.262995999999987,0.7096129999845289,0.6935110000000009,801112064
fold_1,evaluation,2020-07-27,L-R,shoulder,4887,4635,G2,False,1.5232351240119897,1.4438110000000108,0.21687029098393396,0.2154379999999918,801112064
fold_1,evaluation,2020-07-27,L-R,solar,3801,3605,G4,False,1.2591269169934094,1.2386849999999896,0.5690720829879865,0.5641459999999938,801112064
fold_1,evaluation,2020-07-27,L-N,night,4334,4110,G1,False,1.3067922920454293,1.2846919999999926,0.0651794170262292,0.06479400000000624,774553600
fold_1,evaluation,2020-07-27,L-N,shoulder,4887,4635,G1,False,1.4684188739047386,1.4371280000000013,0.07650854100938886,0.07519100000000378,774553600
fold_1,evaluation,2020-07-27,L-N,solar,3801,3605,G3,False,1.1741481249919161,1.1567020000000099,0.3736018749768846,0.36938600000000577,774553600
fold_1,evaluation,2020-07-28,L-P,pooled,13046,12374,G4,False,2.308007124986034,2.2708959999999934,1.158836834016256,1.0845460000000031,784089088
fold_1,evaluation,2020-07-28,L-R,night,4342,4118,G2,False,1.3008863749564625,1.287077999999994,0.19903670897474512,0.19776199999999733,772063232
fold_1,evaluation,2020-07-28,L-R,shoulder,4896,4644,G4,False,1.4127891240059398,1.397293999999988,0.6959785409853794,0.6891309999999891,772063232
fold_1,evaluation,2020-07-28,L-R,solar,3808,3612,G3,False,1.3229114589630626,1.241814000000005,0.41405533300712705,0.40910399999999925,772063232
fold_1,evaluation,2020-07-28,L-N,night,4342,4118,G1,False,1.3098837510333396,1.2891450000000049,0.06627375003881752,0.06592599999999038,784089088
fold_1,evaluation,2020-07-28,L-N,shoulder,4896,4644,G1,False,1.4854742919560522,1.446329999999989,0.09532079199561849,0.09180299999999875,784089088
fold_1,evaluation,2020-07-28,L-N,solar,3808,3612,G4,False,1.1629952930961736,1.149433000000002,0.543477958010044,0.5388420000000025,784089088
fold_1,evaluation,2020-07-29,L-P,pooled,13070,12398,G4,False,2.2436577090411447,2.2162409999999966,1.1873531669843942,1.1622739999999965,801112064
fold_1,evaluation,2020-07-29,L-R,night,4350,4126,G1,False,1.2849579600151628,1.2711379999999934,0.06739587499760091,0.06698799999999494,774553600
fold_1,evaluation,2020-07-29,L-R,shoulder,4905,4653,G3,False,1.48014154197881,1.4560260000000085,0.4895887090242468,0.4787760000000105,774553600
fold_1,evaluation,2020-07-29,L-R,solar,3815,3619,G3,False,1.2343598339357413,1.2132810000000092,0.4399983329931274,0.4291690000000017,774553600
fold_1,evaluation,2020-07-29,L-N,night,4350,4126,G1,False,1.4007805000292137,1.363962999999984,0.07593125000130385,0.07385899999999879,772063232
fold_1,evaluation,2020-07-29,L-N,shoulder,4905,4653,G1,False,1.5431259170291014,1.4534500000000037,0.08811637497274205,0.0859530000000035,772063232
fold_1,evaluation,2020-07-29,L-N,solar,3815,3619,G4,False,1.2483412079745904,1.2253559999999908,0.526003708015196,0.522601999999992,772063232
fold_1,evaluation,2020-07-30,L-P,pooled,13094,12422,G4,False,2.3573479169863276,2.308831000000012,1.201034958998207,1.1176309999999887,801112064
fold_1,evaluation,2020-07-30,L-R,night,4358,4134,G4,False,1.389340665016789,1.3645460000000043,0.6079977920162492,0.6038530000000009,784089088
fold_1,evaluation,2020-07-30,L-R,shoulder,4914,4662,G3,False,1.4692058321088552,1.4447890000000285,0.43729058298049495,0.43246399999999596,784089088
fold_1,evaluation,2020-07-30,L-R,solar,3822,3626,G4,False,1.2646229160600342,1.2411050000000188,0.6254990419838578,0.6119340000000051,784089088
fold_1,evaluation,2020-07-30,L-N,night,4358,4134,G1,False,1.3827339590061456,1.3002810000000267,0.07805462501710281,0.07504600000000039,774553600
fold_1,evaluation,2020-07-30,L-N,shoulder,4914,4662,G2,False,1.322799541929271,1.3139779999999774,0.25724691699724644,0.2505100000000198,774553600
fold_1,evaluation,2020-07-30,L-N,solar,3822,3626,G4,False,1.1907650009961799,1.1743879999999791,0.6290099170291796,0.6147339999999986,774553600
fold_1,evaluation,2020-07-31,L-P,pooled,13118,12446,G4,False,2.349070624972228,2.3089690000000047,1.0359834159608,1.0277200000000022,801112064
fold_1,evaluation,2020-07-31,L-R,night,4366,4142,G4,False,1.4160763339605182,1.3882740000000098,0.6128027079976164,0.6086810000000042,772063232
fold_1,evaluation,2020-07-31,L-R,shoulder,4923,4671,G4,False,1.4764156669843942,1.4524599999999737,0.7558551249676384,0.6898609999999792,772063232
fold_1,evaluation,2020-07-31,L-R,solar,3829,3633,G4,False,1.262198915996123,1.241985999999983,0.5690017080050893,0.562736000000001,772063232
fold_1,evaluation,2020-07-31,L-N,night,4366,4142,G2,False,1.3602140009752475,1.33639399999997,0.19763133401283994,0.19603399999999738,784089088
fold_1,evaluation,2020-07-31,L-N,shoulder,4923,4671,G1,False,1.408186333021149,1.3812669999999798,0.09247254201909527,0.0906530000000032,784089088
fold_1,evaluation,2020-07-31,L-N,solar,3829,3633,G4,False,1.2188446670188569,1.1947979999999916,0.531046874995809,0.5275679999999738,784089088
fold_1,evaluation,2020-08-01,L-P,pooled,13142,12470,G4,False,2.2957327499752864,2.262624000000045,1.149204166023992,1.0731239999999787,801112064
fold_1,evaluation,2020-08-01,L-R,night,4374,4150,G3,False,1.2992309579858556,1.2808779999999729,0.40080504200886935,0.3979539999999986,774553600
fold_1,evaluation,2020-08-01,L-R,shoulder,4932,4680,G4,False,1.4522248330176808,1.4331359999999904,0.8013735419954173,0.7840339999999912,774553600
fold_1,evaluation,2020-08-01,L-R,solar,3836,3640,G4,False,1.326120208017528,1.248231000000004,0.6048873330000788,0.596383000000003,774553600
fold_1,evaluation,2020-08-01,L-N,night,4374,4150,G2,False,1.3344168339390308,1.31078100000002,0.20515345799503848,0.20266300000000115,801112064
fold_1,evaluation,2020-08-01,L-N,shoulder,4932,4680,G1,False,1.3970284180250019,1.3792270000000144,0.07156683300854638,0.07094399999999723,801112064
fold_1,evaluation,2020-08-01,L-N,solar,3836,3640,G4,False,1.248399582982529,1.2268420000000333,0.5262310840189457,0.5226180000000227,801112064
fold_1,evaluation,2020-08-02,L-P,pooled,13166,12494,G4,False,2.3345325829577632,2.297647000000012,1.0693750419886783,1.058039000000008,772063232
fold_1,evaluation,2020-08-02,L-R,night,4382,4158,G1,False,1.4001895420369692,1.3702150000000302,0.06974195799557492,0.06918199999998365,784089088
fold_1,evaluation,2020-08-02,L-R,shoulder,4941,4689,G1,False,1.4288568749907427,1.4124129999999582,0.0921421250095591,0.089745999999991,784089088
fold_1,evaluation,2020-08-02,L-R,solar,3843,3647,G4,False,1.1397098320885561,1.1323590000000365,0.6245810419786721,0.6117040000000031,784089088
fold_1,evaluation,2020-08-02,L-N,night,4382,4158,G1,False,1.2127654579817317,1.2029430000000048,0.06590466597117484,0.06564199999999687,774553600
fold_1,evaluation,2020-08-02,L-N,shoulder,4941,4689,G1,False,1.4630675000953488,1.389238999999975,0.07164041697978973,0.07109499999998548,774553600
fold_1,evaluation,2020-08-02,L-N,solar,3843,3647,G3,False,1.1818698739516549,1.1644629999999836,0.39583858399419114,0.390845000000013,774553600
fold_1,evaluation,2020-08-03,L-P,pooled,13190,12518,G1,False,2.2492957090144046,2.2229679999999803,0.15662129200063646,0.15376499999999282,772063232
fold_1,evaluation,2020-08-03,L-R,night,4390,4166,G1,False,1.3809327930794097,1.3579180000000122,0.0695943750324659,0.06908300000000622,801112064
fold_1,evaluation,2020-08-03,L-R,shoulder,4950,4698,G1,False,1.4857286249753088,1.4617499999999666,0.07463750004535541,0.0741739999999993,801112064
fold_1,evaluation,2020-08-03,L-R,solar,3850,3654,G1,False,1.1369511260418221,1.1303120000000035,0.06578108400572091,0.06513400000000047,801112064
fold_1,evaluation,2020-08-03,L-N,night,4390,4166,G2,False,1.3411910840077326,1.2681100000000072,0.19185637502232566,0.1907109999999932,772063232
fold_1,evaluation,2020-08-03,L-N,shoulder,4950,4698,G1,False,1.475171291967854,1.4453409999999849,0.07221329101594165,0.07173700000001304,772063232
fold_1,evaluation,2020-08-03,L-N,solar,3850,3654,G4,False,1.2170142509858124,1.1958619999999769,0.5661070410278626,0.5598329999999976,772063232
fold_1,evaluation,2020-08-04,L-P,pooled,13214,12542,G1,False,2.3317573760286905,2.2403300000000286,0.13850579096470028,0.13711699999998928,784089088
fold_1,evaluation,2020-08-04,L-R,night,4398,4174,G1,False,1.3619091660366394,1.3401329999999803,0.06961287499871105,0.06911099999999237,774553600
fold_1,evaluation,2020-08-04,L-R,shoulder,4959,4707,G1,False,1.593949667061679,1.5545110000000193,0.09660324995638803,0.09341500000002156,774553600
fold_1,evaluation,2020-08-04,L-R,solar,3857,3661,G4,False,1.2874247090076096,1.2532360000000438,0.5970277499873191,0.5874839999999892,774553600
fold_1,evaluation,2020-08-04,L-N,night,4398,4174,G1,False,1.3392420421005227,1.3122979999999984,0.07734558399533853,0.07542200000000321,784089088
fold_1,evaluation,2020-08-04,L-N,shoulder,4959,4707,G1,False,1.4419607910094783,1.4222880000000089,0.08590783399995416,0.083818999999977,784089088
fold_1,evaluation,2020-08-04,L-N,solar,3857,3661,G4,False,1.21288870688295,1.194845999999984,0.6810439580003731,0.6621439999999836,784089088
fold_1,evaluation,2020-08-05,L-P,pooled,13238,12566,G1,False,2.4409308340400457,2.385990000000021,0.16707970801508054,0.16198199999999474,801112064
fold_1,evaluation,2020-08-05,L-R,night,4406,4182,G1,False,1.4896131660789251,1.4519289999999785,0.08307529200101271,0.08143200000000661,772063232
fold_1,evaluation,2020-08-05,L-R,shoulder,4968,4716,G1,False,1.5043977920431644,1.4257680000000335,0.074468832986895,0.07406299999999533,772063232
fold_1,evaluation,2020-08-05,L-R,solar,3864,3668,G4,False,1.2051878740312532,1.1897199999999373,0.5670739160268568,0.5613559999999893,772063232
fold_1,evaluation,2020-08-05,L-N,night,4406,4182,G2,False,1.320165959012229,1.2972000000000037,0.22885075001977384,0.22503000000000384,801112064
fold_1,evaluation,2020-08-05,L-N,shoulder,4968,4716,G1,False,1.4168755820137449,1.350297999999981,0.07047524995869026,0.0701090000000022,801112064
fold_1,evaluation,2020-08-05,L-N,solar,3864,3668,G4,False,1.1913394999573939,1.1713610000000187,0.559455624956172,0.5531860000000108,801112064
fold_1,evaluation,2020-08-06,L-P,pooled,13262,12590,G1,False,2.2384689589380287,2.212537999999938,0.13718466699356213,0.13618999999999915,774553600
fold_1,evaluation,2020-08-06,L-R,night,4414,4190,G1,False,1.2940548749757,1.2818289999999877,0.06768654199549928,0.06723399999998492,784089088
fold_1,evaluation,2020-08-06,L-R,shoulder,4977,4725,G1,False,1.5923227900639176,1.541560000000004,0.07340033299988136,0.07297699999998031,784089088
fold_1,evaluation,2020-08-06,L-R,solar,3871,3675,G4,False,1.2544242079602554,1.188492000000025,0.5464972089976072,0.5425749999999994,784089088
fold_1,evaluation,2020-08-06,L-N,night,4414,4190,G1,False,1.3443762910319492,1.2681820000000243,0.07043962500756606,0.07000600000000645,774553600
fold_1,evaluation,2020-08-06,L-N,shoulder,4977,4725,G1,False,1.5201044590212405,1.4815410000000213,0.07024533301591873,0.06980599999999981,774553600
fold_1,evaluation,2020-08-06,L-N,solar,3871,3675,G3,False,1.223024792096112,1.2020799999999667,0.41142025002045557,0.4017000000000053,774553600
fold_1,evaluation,2020-08-07,L-P,pooled,13286,12614,G1,False,2.340888250968419,2.297071999999986,0.13873720896663144,0.1379479999999944,772063232
fold_1,evaluation,2020-08-07,L-R,night,4422,4198,G1,False,1.4512733750161715,1.4103879999999833,0.06797179102431983,0.06757000000001767,801112064
fold_1,evaluation,2020-08-07,L-R,shoulder,4986,4734,G1,False,1.5175647920113988,1.4924319999999796,0.09008570801233873,0.08741100000000301,801112064
fold_1,evaluation,2020-08-07,L-R,solar,3878,3682,G1,False,1.2995702499174513,1.2713880000000302,0.06395645800512284,0.06347800000000348,801112064
fold_1,evaluation,2020-08-07,L-N,night,4422,4198,G1,False,1.36742491601035,1.340454999999963,0.06589229096425697,0.06551600000000235,772063232
fold_1,evaluation,2020-08-07,L-N,shoulder,4986,4734,G1,False,1.4842459570500068,1.4556960000000174,0.07759624999016523,0.07693399999999428,772063232
fold_1,evaluation,2020-08-07,L-N,solar,3878,3682,G4,False,1.2224019150598906,1.2024529999999913,0.6642499170266092,0.6491309999999828,772063232
fold_1,evaluation,2020-08-08,L-P,pooled,13310,12638,G1,False,2.363533499999903,2.3223509999999976,0.17348595900693908,0.16983700000000113,784089088
fold_1,evaluation,2020-08-08,L-R,night,4430,4206,G1,False,1.3245438339654356,1.3092379999999935,0.08716854098020121,0.08419399999999655,774553600
fold_1,evaluation,2020-08-08,L-R,shoulder,4995,4743,G1,False,1.4112909989780746,1.395263999999969,0.0969848750391975,0.09470999999999208,774553600
fold_1,evaluation,2020-08-08,L-R,solar,3885,3689,G4,False,1.2763133350526914,1.2519540000000404,0.6418630420230329,0.6297409999999957,774553600
fold_1,evaluation,2020-08-08,L-N,night,4430,4206,G1,False,1.3316827930393629,1.3078999999999894,0.06904475000919774,0.06777199999999084,784089088
fold_1,evaluation,2020-08-08,L-N,shoulder,4995,4743,G1,False,1.5440182930906303,1.4586189999999988,0.07194337504915893,0.07135400000001368,784089088
fold_1,evaluation,2020-08-08,L-N,solar,3885,3689,G4,False,1.27545212500263,1.2501479999999958,0.5417933340067975,0.5361240000000009,784089088
fold_1,evaluation,2020-08-09,L-P,pooled,13334,12662,G1,False,2.3762138320016675,2.333338000000026,0.14332041598390788,0.1421179999999822,801112064
fold_1,evaluation,2020-08-09,L-R,night,4438,4214,G1,False,1.3348199160536751,1.318144999999987,0.07473658298840746,0.07383600000000001,772063232
fold_1,evaluation,2020-08-09,L-R,shoulder,5004,4752,G1,False,1.3711385830538347,1.360038999999972,0.08951195899862796,0.08784399999998982,772063232
fold_1,evaluation,2020-08-09,L-R,solar,3892,3696,G3,False,1.3435084581142291,1.2715340000000026,0.4362949580536224,0.4293820000000039,772063232
fold_1,evaluation,2020-08-09,L-N,night,4438,4214,G1,False,1.3130756669561379,1.2943140000000142,0.07521012501092628,0.0726760000000013,801112064
fold_1,evaluation,2020-08-09,L-N,shoulder,5004,4752,G1,False,1.4561764990212396,1.4279799999999625,0.07328566699288785,0.07276400000000649,801112064
fold_1,evaluation,2020-08-09,L-N,solar,3892,3696,G4,False,1.2938675410696305,1.2478969999999947,0.5399082500371151,0.5328450000000089,801112064
fold_1,evaluation,2020-08-10,L-P,pooled,13358,12686,G1,False,2.3750805830350146,2.288925000000006,0.14589283301029354,0.1438280000000134,774553600
fold_1,evaluation,2020-08-10,L-R,night,4446,4222,G1,False,1.3197049160953611,1.291842000000031,0.07119258400052786,0.07087200000000848,784089088
fold_1,evaluation,2020-08-10,L-R,shoulder,5013,4761,G1,False,1.5695828330353834,1.5369210000000066,0.07642379100434482,0.07575399999998922,784089088
fold_1,evaluation,2020-08-10,L-R,solar,3899,3703,G1,False,1.3250236251042224,1.2956109999999796,0.06359216698911041,0.06315799999998717,784089088
fold_1,evaluation,2020-08-10,L-N,night,4446,4222,G1,False,1.2772874170332216,1.2610469999999907,0.0912091659847647,0.08686299999999392,774553600
fold_1,evaluation,2020-08-10,L-N,shoulder,5013,4761,G1,False,1.363930584047921,1.349595000000022,0.07030691695399582,0.06993600000001265,774553600
fold_1,evaluation,2020-08-10,L-N,solar,3899,3703,G3,False,1.1992205829592422,1.1808610000000215,0.47553445800440386,0.46295800000001464,774553600
fold_1,evaluation,2020-08-11,L-P,pooled,13382,12710,G1,False,2.5357673330581747,2.477833000000004,0.13785470800939947,0.13691099999999778,772063232
fold_1,evaluation,2020-08-11,L-R,night,4454,4230,G1,False,1.4393041671137325,1.411846999999966,0.08998345897998661,0.08611700000000155,801112064
fold_1,evaluation,2020-08-11,L-R,shoulder,5022,4770,G1,False,1.509893250069581,1.43089599999999,0.10565958300139755,0.1024150000000077,801112064
fold_1,evaluation,2020-08-11,L-R,solar,3906,3710,G1,False,1.1714199170237407,1.162808000000041,0.06418508401839063,0.06390099999998711,801112064
fold_1,evaluation,2020-08-11,L-N,night,4454,4230,G1,False,1.221755790989846,1.212282000000016,0.08401466702343896,0.08153099999998403,784089088
fold_1,evaluation,2020-08-11,L-N,shoulder,5022,4770,G1,False,1.4276990410289727,1.4036700000000053,0.06977295799879357,0.06933600000002116,784089088
fold_1,evaluation,2020-08-11,L-N,solar,3906,3710,G3,False,1.2451534180436283,1.1765539999999817,0.37794820801354945,0.37444099999999025,784089088
fold_1,evaluation,2020-08-12,L-P,pooled,13406,12734,G1,False,2.253522999933921,2.178896999999978,0.14907620899612084,0.147593999999998,772063232
fold_1,evaluation,2020-08-12,L-R,night,4462,4238,G1,False,1.412580834061373,1.3357189999999832,0.08859591698274016,0.08564400000000205,774553600
fold_1,evaluation,2020-08-12,L-R,shoulder,5031,4779,G4,False,1.4516860829899088,1.4361860000000206,0.6951456249807961,0.6874519999999791,774553600
fold_1,evaluation,2020-08-12,L-R,solar,3913,3717,G2,False,1.244658208976034,1.2238180000000227,0.1891154579934664,0.18817700000002446,774553600
fold_1,evaluation,2020-08-12,L-N,night,4462,4238,G1,False,1.343209166021552,1.3199240000000145,0.06599979201564565,0.06548000000000798,772063232
fold_1,evaluation,2020-08-12,L-N,shoulder,5031,4779,G1,False,1.4073551680194214,1.3891279999999995,0.07405475003179163,0.0736349999999959,772063232
fold_1,evaluation,2020-08-12,L-N,solar,3913,3717,G4,False,1.1816919589764439,1.1650419999999997,0.5479150409810245,0.5414569999999799,772063232
fold_1,evaluation,2020-08-13,L-P,pooled,13430,12758,G1,False,2.262900000088848,2.2373929999999973,0.17966683401027694,0.17425399999999058,801112064
fold_1,evaluation,2020-08-13,L-R,night,4470,4246,G4,False,1.3222913759527728,1.3067310000000134,0.6291849589906633,0.6250870000000077,784089088
fold_1,evaluation,2020-08-13,L-R,shoulder,5040,4788,G4,False,1.4428170408937149,1.4217449999999872,0.7327503749984317,0.7210000000000036,784089088
fold_1,evaluation,2020-08-13,L-R,solar,3920,3724,G4,False,1.2380457489052787,1.2178780000000131,0.5651506669819355,0.5613519999999994,784089088
fold_1,evaluation,2020-08-13,L-N,night,4470,4246,G1,False,1.2569492080947384,1.241736000000003,0.06623166595818475,0.06585100000000921,801112064
fold_1,evaluation,2020-08-13,L-N,shoulder,5040,4788,G1,False,1.4698473760508932,1.3906949999999938,0.07070291700074449,0.07028700000000754,801112064
fold_1,evaluation,2020-08-13,L-N,solar,3920,3724,G3,False,1.1740274169133045,1.1600120000000231,0.3779149999609217,0.3754209999999887,801112064
fold_1,evaluation,2020-08-14,L-P,pooled,13454,12782,G1,False,2.2256725839688443,2.2040780000000098,0.1680446660029702,0.1642259999999851,774553600
fold_1,evaluation,2020-08-14,L-R,night,4478,4254,G4,False,1.2595052510150708,1.2486370000000306,0.7745605410309508,0.7008429999999919,772063232
fold_1,evaluation,2020-08-14,L-R,shoulder,5049,4797,G4,False,1.5286132100736722,1.503895,0.7109929580474272,0.7025590000000079,772063232
fold_1,evaluation,2020-08-14,L-R,solar,3927,3731,G4,False,1.1685952909756452,1.1559000000000026,0.7090216659707949,0.6863449999999887,772063232
fold_1,evaluation,2020-08-14,L-N,night,4478,4254,G1,False,1.3571287489612587,1.2826040000000205,0.0671637500054203,0.06668400000000929,774553600
fold_1,evaluation,2020-08-14,L-N,shoulder,5049,4797,G1,False,1.4758658770588227,1.4459939999999847,0.07559825002681464,0.07496299999999678,774553600
fold_1,evaluation,2020-08-14,L-N,solar,3927,3731,G4,False,1.3560007500345819,1.32325000000003,0.5541237920406274,0.5500519999999938,774553600
fold_1,evaluation,2020-08-15,L-P,pooled,13478,12806,G4,False,2.409598832949996,2.3665790000000015,1.1544522919575684,1.1347230000000081,801112064
fold_1,evaluation,2020-08-15,L-R,night,4486,4262,G1,False,1.4663308330345899,1.4305140000000165,0.0689987909863703,0.06870100000000434,784089088
fold_1,evaluation,2020-08-15,L-R,shoulder,5058,4806,G4,False,1.7013152930303477,1.6505200000000286,0.726283208001405,0.7174070000000086,784089088
fold_1,evaluation,2020-08-15,L-R,solar,3934,3738,G3,False,1.2785867489874363,1.2560670000000016,0.4570236249710433,0.44769399999998427,784089088
fold_1,evaluation,2020-08-15,L-N,night,4486,4262,G4,False,1.4758536251029,1.4431360000000382,0.7653801660053432,0.7424489999999935,801112064
fold_1,evaluation,2020-08-15,L-N,shoulder,5058,4806,G1,False,1.5451736660324968,1.4568170000000293,0.08497495803749189,0.0826359999999795,801112064
fold_1,evaluation,2020-08-15,L-N,solar,3934,3738,G2,False,1.2341304999426939,1.216624999999965,0.19154470803914592,0.1873989999999992,801112064
fold_1,evaluation,2020-08-16,L-P,pooled,13502,12830,G3,False,2.6141860419302247,2.553658000000013,0.7111555840237997,0.6970979999999827,772063232
fold_1,evaluation,2020-08-16,L-R,night,4494,4270,G1,False,1.5577509579597972,1.5151879999999949,0.0812175830360502,0.07895899999999756,774553600
fold_1,evaluation,2020-08-16,L-R,shoulder,5067,4815,G4,False,1.6193163759890012,1.5294230000000084,0.6892525840085,0.6847390000000075,774553600
fold_1,evaluation,2020-08-16,L-R,solar,3941,3745,G3,False,1.2597624989575706,1.2390209999999797,0.3977907910011709,0.39448300000000813,774553600
fold_1,evaluation,2020-08-16,L-N,night,4494,4270,G2,False,1.3325518760248087,1.2557610000000068,0.23650062503293157,0.23104399999999714,784089088
fold_1,evaluation,2020-08-16,L-N,shoulder,5067,4815,G1,False,1.3157419169438072,1.3067570000000046,0.06997625000076368,0.0696569999999781,784089088
fold_1,evaluation,2020-08-16,L-N,solar,3941,3745,G4,False,1.2014964169939049,1.184510999999958,0.57696787500754,0.5685849999999846,784089088
fold_1,evaluation,2020-08-17,L-P,pooled,13526,12854,G4,False,2.4575240830890834,2.3559169999999767,1.09010179201141,1.0774429999999882,772063232
fold_1,evaluation,2020-08-17,L-R,night,4502,4278,G2,False,1.3017180429305881,1.2896960000000206,0.23074091697344556,0.22659600000000069,801112064
fold_1,evaluation,2020-08-17,L-R,shoulder,5076,4824,G4,False,1.5701936660916544,1.5393620000000112,0.7064953750232235,0.7006060000000218,801112064
fold_1,evaluation,2020-08-17,L-R,solar,3948,3752,G1,False,1.1411725839716382,1.1316930000000411,0.06378066696925089,0.06345400000000723,801112064
fold_1,evaluation,2020-08-17,L-N,night,4502,4278,G1,False,1.2971992089878768,1.2816110000000265,0.06684849999146536,0.06641400000000885,774553600
fold_1,evaluation,2020-08-17,L-N,shoulder,5076,4824,G1,False,1.4391546670231037,1.419364999999999,0.09516887494828552,0.09207399999999666,774553600
fold_1,evaluation,2020-08-17,L-N,solar,3948,3752,G3,False,1.1770799171063118,1.16260699999998,0.4583705000113696,0.4450379999999825,774553600
fold_1,evaluation,2020-08-18,L-P,pooled,13550,12878,G4,False,2.3273203750140965,2.2925930000000108,1.0774235000135377,1.0663570000000107,772063232
fold_1,evaluation,2020-08-18,L-R,night,4510,4286,G1,False,1.453982458973769,1.4245850000000075,0.07082816603360698,0.06953699999999685,784089088
fold_1,evaluation,2020-08-18,L-R,shoulder,5085,4833,G4,False,1.6876037499168888,1.6452899999999602,0.7096100830240175,0.7013400000000161,784089088
fold_1,evaluation,2020-08-18,L-R,solar,3955,3759,G2,False,1.3096379590569995,1.2861560000000054,0.245000374969095,0.237922999999995,784089088
fold_1,evaluation,2020-08-18,L-N,night,4510,4286,G2,False,1.512031709018629,1.4691540000000316,0.22477266704663634,0.2231429999999932,801112064
fold_1,evaluation,2020-08-18,L-N,shoulder,5085,4833,G1,False,1.3907758751302026,1.3684590000000014,0.07044799998402596,0.07011099999999715,801112064
fold_1,evaluation,2020-08-18,L-N,solar,3955,3759,G3,False,1.29638937296113,1.2694209999999941,0.37742162501672283,0.3747630000000015,801112064
fold_1,evaluation,2020-08-19,L-P,pooled,13574,12902,G4,False,2.684948165959213,2.616158000000013,1.096525874978397,1.0831680000000006,772063232
fold_1,evaluation,2020-08-19,L-R,night,4518,4294,G3,False,1.5252697080140933,1.4857069999999908,0.49137183401035145,0.47688999999999737,774553600
fold_1,evaluation,2020-08-19,L-R,shoulder,5094,4842,G4,False,1.361866540974006,1.3533060000000035,0.8443956249975599,0.8221219999999789,774553600
fold_1,evaluation,2020-08-19,L-R,solar,3962,3766,G2,False,1.2341192900203168,1.220279999999974,0.2122683750349097,0.20886500000000296,774553600
fold_1,evaluation,2020-08-19,L-N,night,4518,4294,G1,False,1.3117781250039116,1.2921580000000006,0.06873979099327698,0.06831700000000751,784089088
fold_1,evaluation,2020-08-19,L-N,shoulder,5094,4842,G1,False,1.465977415035013,1.4390819999999565,0.08666470798198134,0.08389199999999164,784089088
fold_1,evaluation,2020-08-19,L-N,solar,3962,3766,G3,False,1.2276387490564957,1.2073670000000334,0.46790783398319036,0.455836000000005,784089088
fold_1,evaluation,2020-08-20,L-P,pooled,13598,12926,G3,False,2.347647082002368,2.3085690000000056,0.6870722500025295,0.6812349999999867,772063232
fold_1,evaluation,2020-08-20,L-R,night,4526,4302,G1,False,1.4657603750238195,1.4386570000000347,0.06910291698295623,0.06878699999998616,801112064
fold_1,evaluation,2020-08-20,L-R,shoulder,5103,4851,G4,False,1.5389396249083802,1.5116390000000308,0.6757048750296235,0.6717399999999998,801112064
fold_1,evaluation,2020-08-20,L-R,solar,3969,3773,G2,False,1.278142124938313,1.2563319999999862,0.24097537499619648,0.23185799999998835,801112064
fold_1,evaluation,2020-08-20,L-N,night,4526,4302,G4,False,1.2899554589530453,1.274928999999986,0.782866915978957,0.7564979999999935,774553600
fold_1,evaluation,2020-08-20,L-N,shoulder,5103,4851,G1,False,1.5134159580920823,1.4818230000000199,0.07063666603062302,0.07029900000000566,774553600
fold_1,evaluation,2020-08-20,L-N,solar,3969,3773,G3,False,1.25322937394958,1.2292160000000365,0.3661030419752933,0.36411699999999314,774553600
fold_1,evaluation,2020-08-21,L-P,pooled,13622,12950,G3,False,2.473848542023916,2.426378999999997,0.7086526249768212,0.6994609999999852,772063232
fold_1,evaluation,2020-08-21,L-R,night,4534,4310,G2,False,1.4572768329526298,1.4319369999999765,0.20255995797924697,0.2015389999999968,784089088
fold_1,evaluation,2020-08-21,L-R,shoulder,5112,4860,G4,False,1.3638440429931507,1.3550019999999847,0.9252171250409447,0.8370099999999923,784089088
fold_1,evaluation,2020-08-21,L-R,solar,3976,3780,G2,False,1.258345625945367,1.2389520000000118,0.24904362502275035,0.24196899999998323,784089088
fold_1,evaluation,2020-08-21,L-N,night,4534,4310,G2,False,1.4344762079999782,1.4028900000000135,0.1907207079930231,0.18953799999999887,772063232
fold_1,evaluation,2020-08-21,L-N,shoulder,5112,4860,G1,False,1.4242170410580002,1.406450000000035,0.07053641701349989,0.07000600000000645,772063232
fold_1,evaluation,2020-08-21,L-N,solar,3976,3780,G4,False,1.1501821670099162,1.1366020000000105,0.7079470410244539,0.6315429999999935,772063232
fold_1,evaluation,2020-08-22,L-P,pooled,13646,12974,G2,False,2.325835458934307,2.295712999999978,0.45439941599033773,0.4416559999999947,801112064
fold_1,evaluation,2020-08-22,L-R,night,4542,4318,G1,False,1.291279083059635,1.2789259999999842,0.08191783301299438,0.08026900000001547,774553600
fold_1,evaluation,2020-08-22,L-R,shoulder,5121,4869,G4,False,1.430365374952089,1.4146570000000338,0.7592644169926643,0.7446529999999996,774553600
fold_1,evaluation,2020-08-22,L-R,solar,3983,3787,G2,False,1.2737495430046692,1.2556380000000047,0.20456375001231208,0.20291199999999776,774553600
fold_1,evaluation,2020-08-22,L-N,night,4542,4318,G2,False,1.3540755410213023,1.2766680000000008,0.24593433301197365,0.23936199999999985,801112064
fold_1,evaluation,2020-08-22,L-N,shoulder,5121,4869,G1,False,1.6209793749731034,1.5771330000000034,0.09236800001235679,0.08941599999999994,801112064
fold_1,evaluation,2020-08-22,L-N,solar,3983,3787,G3,False,1.1378512919764034,1.1276090000000067,0.37100541702238843,0.3692570000000046,801112064
fold_1,evaluation,2020-08-23,L-P,pooled,13670,12998,G3,False,2.241942290973384,2.2172870000000273,0.6805634170304984,0.6761920000000146,784089088
fold_1,evaluation,2020-08-23,L-R,night,4550,4326,G3,False,1.2480199160636403,1.2406129999999678,0.5195663329795934,0.5057189999999991,772063232
fold_1,evaluation,2020-08-23,L-R,shoulder,5130,4878,G3,False,1.3564000839251094,1.349178999999964,0.4785932499798946,0.46298199999998246,772063232
fold_1,evaluation,2020-08-23,L-R,solar,3990,3794,G1,False,1.4616299169138074,1.4231510000000185,0.08235074998810887,0.08032299999999282,772063232
fold_1,evaluation,2020-08-23,L-N,night,4550,4326,G2,False,1.5177434580400586,1.4796540000000107,0.248426667007152,0.24053899999998407,784089088
fold_1,evaluation,2020-08-23,L-N,shoulder,5130,4878,G1,False,1.4336369169759564,1.4113079999999911,0.0713709169649519,0.07089499999997884,784089088
fold_1,evaluation,2020-08-23,L-N,solar,3990,3794,G3,False,1.16886404203251,1.1543049999999369,0.36685537500306964,0.3643849999999986,784089088
fold_1,evaluation,2020-08-24,L-P,pooled,13694,13022,G1,False,2.517843542038463,2.464100000000002,0.14098570897476748,0.1402050000000088,774553600
fold_1,evaluation,2020-08-24,L-R,night,4558,4334,G1,False,1.3564671259955503,1.3373890000000017,0.06952945899683982,0.06905199999999923,801112064
fold_1,evaluation,2020-08-24,L-R,shoulder,5139,4887,G2,False,1.447085625026375,1.4293929999999762,0.27211541699944064,0.26424800000000914,801112064
fold_1,evaluation,2020-08-24,L-R,solar,3997,3801,G1,False,1.300850334984716,1.2772080000000017,0.06455541600007564,0.06427499999998076,801112064
fold_1,evaluation,2020-08-24,L-N,night,4558,4334,G4,False,1.3467252500122413,1.3230759999999577,0.6080014589824714,0.6047669999999812,774553600
fold_1,evaluation,2020-08-24,L-N,shoulder,5139,4887,G1,False,1.5242361239506863,1.4901830000000018,0.08473841700470075,0.08275000000000432,774553600
fold_1,evaluation,2020-08-24,L-N,solar,3997,3801,G1,False,1.2913845830480568,1.264444999999995,0.08410199999343604,0.08143100000000913,774553600
fold_1,evaluation,2020-08-25,L-P,pooled,13718,13046,G1,False,2.363619833951816,2.326143000000002,0.17831929202657193,0.17322300000000723,772063232
fold_1,evaluation,2020-08-25,L-R,night,4566,4342,G1,False,1.4338516659918241,1.4082950000000096,0.08288754097884521,0.08084999999999809,784089088
fold_1,evaluation,2020-08-25,L-R,shoulder,5148,4896,G3,False,1.4338666240219027,1.4163260000000264,0.49503824999555945,0.4839730000000202,784089088
fold_1,evaluation,2020-08-25,L-R,solar,4004,3808,G1,False,1.3035324990050867,1.2834729999999865,0.08271408401196823,0.08046200000001136,784089088
fold_1,evaluation,2020-08-25,L-N,night,4566,4342,G4,False,1.4043103749863803,1.3791730000000086,0.7188085000379942,0.7016030000000057,801112064
fold_1,evaluation,2020-08-25,L-N,shoulder,5148,4896,G1,False,1.3432897919556126,1.3322489999999902,0.09541733301011845,0.09218000000001325,801112064
fold_1,evaluation,2020-08-25,L-N,solar,4004,3808,G1,False,1.1835951240500435,1.1684610000000077,0.07822970801498741,0.07573199999998792,801112064
fold_1,evaluation,2020-08-26,L-P,pooled,13742,13070,G2,False,2.3478604170377366,2.309533000000016,0.3640401249867864,0.3617050000000006,772063232
fold_1,evaluation,2020-08-26,L-R,night,4574,4350,G1,False,1.3174637499614619,1.301431000000008,0.08443795796483755,0.08214300000000208,774553600
fold_1,evaluation,2020-08-26,L-R,shoulder,5157,4905,G2,False,1.5690255819936283,1.486171000000013,0.24865345796570182,0.24477699999999913,774553600
fold_1,evaluation,2020-08-26,L-R,solar,4011,3815,G1,False,1.2158687500050291,1.2036489999999844,0.06557070900453255,0.06510099999999852,774553600
fold_1,evaluation,2020-08-26,L-N,night,4574,4350,G2,False,1.3782600839622319,1.3567099999999925,0.19529929099371657,0.19390500000000088,772063232
fold_1,evaluation,2020-08-26,L-N,shoulder,5157,4905,G1,False,1.5576995000010356,1.5271269999999788,0.08023912500357255,0.07918700000001877,772063232
fold_1,evaluation,2020-08-26,L-N,solar,4011,3815,G1,False,1.2880150410346687,1.20819800000001,0.06317029101774096,0.06282600000000116,772063232
fold_1,evaluation,2020-08-27,L-P,pooled,13766,13094,G1,False,2.372358250024263,2.277179999999987,0.14490270800888538,0.14374599999999305,784089088
fold_1,evaluation,2020-08-27,L-R,night,4582,4358,G1,False,1.4332786250161007,1.3518060000000105,0.07723625004291534,0.07610100000002262,801112064
fold_1,evaluation,2020-08-27,L-R,shoulder,5166,4914,G4,False,1.49972641794011,1.4601050000000555,0.6817015830310993,0.6775070000000198,801112064
fold_1,evaluation,2020-08-27,L-R,solar,4018,3822,G1,False,1.4280852919910103,1.387408999999991,0.08501316595356911,0.082523000000009,801112064
fold_1,evaluation,2020-08-27,L-N,night,4582,4358,G4,False,1.4603678340208717,1.4272520000000384,0.6994787919684313,0.6866180000000099,784089088
fold_1,evaluation,2020-08-27,L-N,shoulder,5166,4914,G1,False,1.3935791660333052,1.3791289999999776,0.07139599998481572,0.07101799999998093,784089088
fold_1,evaluation,2020-08-27,L-N,solar,4018,3822,G1,False,1.2549020840087906,1.214931000000007,0.061691250011790544,0.061372000000005755,784089088
fold_1,evaluation,2020-08-28,L-P,pooled,13790,13118,G1,False,2.55580958299106,2.477749999999986,0.14245754200965166,0.14171400000000745,774553600
fold_1,evaluation,2020-08-28,L-R,night,4590,4366,G4,False,1.500063624989707,1.4549680000000365,0.627709207998123,0.6234479999999962,772063232
fold_1,evaluation,2020-08-28,L-R,shoulder,5175,4923,G4,False,1.474021082103718,1.4561169999999777,0.7790239159949124,0.764409999999998,772063232
fold_1,evaluation,2020-08-28,L-R,solar,4025,3829,G1,False,1.2220427920110524,1.2045309999999745,0.06517837499268353,0.06480299999998351,772063232
fold_1,evaluation,2020-08-28,L-N,night,4590,4366,G3,False,1.232005957979709,1.2242999999999995,0.4566286249901168,0.4448099999999897,774553600
fold_1,evaluation,2020-08-28,L-N,shoulder,5175,4923,G1,False,1.476632416015491,1.4518950000000075,0.07060899998759851,0.07035200000001396,774553600
fold_1,evaluation,2020-08-28,L-N,solar,4025,3829,G1,False,1.1526285409927368,1.1424540000000434,0.06162995798513293,0.06133599999998296,774553600
fold_1,evaluation,2020-08-29,L-P,pooled,13814,13142,G1,False,2.3214792919461615,2.2920230000000004,0.17447308404371142,0.16967900000000213,801112064
fold_1,evaluation,2020-08-29,L-R,night,4598,4374,G2,False,1.3845162090146914,1.3644730000000038,0.2613124590134248,0.2531140000000107,784089088
fold_1,evaluation,2020-08-29,L-R,shoulder,5184,4932,G3,False,1.5915021259570494,1.4957199999999773,0.533872208034154,0.520528000000013,784089088
fold_1,evaluation,2020-08-29,L-R,solar,4032,3836,G1,False,1.1900469600223005,1.1794319999999914,0.08088754100026563,0.07933300000001964,784089088
fold_1,evaluation,2020-08-29,L-N,night,4598,4374,G4,False,1.2954773740493692,1.2822490000000073,0.7307911660172977,0.7154469999999833,801112064
fold_1,evaluation,2020-08-29,L-N,shoulder,5184,4932,G1,False,1.4150791660067625,1.394079999999974,0.07863595796516165,0.07707600000000525,801112064
fold_1,evaluation,2020-08-29,L-N,solar,4032,3836,G1,False,1.3179356249747798,1.2225219999999979,0.08298454101895913,0.07957400000000803,801112064
fold_1,evaluation,2020-08-30,L-P,pooled,13838,13166,G1,False,2.3962950850254856,2.2919579999999655,0.14364299998851493,0.14099299999998038,772063232
fold_1,evaluation,2020-08-30,L-R,night,4606,4382,G2,False,1.3982261249911971,1.3782640000000015,0.30599208298372105,0.23111000000000104,774553600
fold_1,evaluation,2020-08-30,L-R,shoulder,5193,4941,G1,False,1.4359865000587888,1.4214959999999905,0.07828283403068781,0.07778199999998492,774553600
fold_1,evaluation,2020-08-30,L-R,solar,4039,3843,G1,False,1.3363360000075772,1.3075309999999831,0.06463008403079584,0.06434300000000803,774553600
fold_1,evaluation,2020-08-30,L-N,night,4606,4382,G4,False,1.3845028750947677,1.3582460000000083,0.6482714170124382,0.6399590000000046,772063232
fold_1,evaluation,2020-08-30,L-N,shoulder,5193,4941,G1,False,1.497557167080231,1.4098719999999787,0.07344508299138397,0.07292300000000296,772063232
fold_1,evaluation,2020-08-30,L-N,solar,4039,3843,G1,False,1.2082857079221867,1.1923089999999945,0.06146895803976804,0.06108700000001477,772063232
fold_1,evaluation,2020-08-31,L-P,pooled,13862,13190,G2,False,2.279017208958976,2.2498190000000022,0.3879985000239685,0.3818640000000073,784089088
fold_1,evaluation,2020-08-31,L-R,night,4614,4390,G4,False,1.3626067499862984,1.3443139999999971,0.6606475419830531,0.6528030000000058,801112064
fold_1,evaluation,2020-08-31,L-R,shoulder,5202,4950,G3,False,1.613592581008561,1.5757800000000373,0.43539108301047236,0.42716299999997887,801112064
fold_1,evaluation,2020-08-31,L-R,solar,4046,3850,G1,False,1.3354234579601325,1.2533470000000477,0.0797093749861233,0.07747399999999516,801112064
fold_1,evaluation,2020-08-31,L-N,night,4614,4390,G3,False,1.257653248962015,1.2467570000000023,0.44794099999126047,0.44023500000000126,774553600
fold_1,evaluation,2020-08-31,L-N,shoulder,5202,4950,G1,False,1.4962895010248758,1.4656109999999956,0.07372674997895956,0.07182900000000814,774553600
fold_1,evaluation,2020-08-31,L-N,solar,4046,3850,G1,False,1.3350866670371033,1.2478509999999687,0.09082425001543015,0.08622800000000552,774553600
fold_1,evaluation,2020-09-01,L-P,pooled,13886,13214,G2,False,2.413171541003976,2.3166049999999814,0.461359667009674,0.449103000000008,784089088
fold_1,evaluation,2020-09-01,L-R,night,4622,4398,G1,False,1.4307137068826705,1.4056569999999908,0.07727720902767032,0.07467199999999252,772063232
fold_1,evaluation,2020-09-01,L-R,shoulder,5211,4959,G4,False,1.5140420850366354,1.4927869999999928,0.7510411249822937,0.7399920000000009,772063232
fold_1,evaluation,2020-09-01,L-R,solar,4053,3857,G1,False,1.385692875017412,1.3557390000000282,0.06545041699428111,0.06501299999999333,772063232
fold_1,evaluation,2020-09-01,L-N,night,4622,4398,G1,False,1.3656577509827912,1.339020999999974,0.07015983300516382,0.0695429999999817,784089088
fold_1,evaluation,2020-09-01,L-N,shoulder,5211,4959,G1,False,1.5653333750087768,1.5339060000000018,0.07549866603221744,0.07516300000000342,784089088
fold_1,evaluation,2020-09-01,L-N,solar,4053,3857,G2,False,1.193613582989201,1.1801490000000001,0.19013587496010587,0.1887049999999988,784089088
fold_1,evaluation,2020-09-02,L-P,pooled,13910,13238,G2,False,2.4250422919285484,2.3854120000000023,0.36498154199216515,0.36268899999998894,774553600
fold_1,evaluation,2020-09-02,L-R,night,4630,4406,G1,False,1.3324970839894377,1.3195890000000077,0.0853883340023458,0.08320100000000252,801112064
fold_1,evaluation,2020-09-02,L-R,shoulder,5220,4968,G3,False,1.5518554999725893,1.480257000000023,0.4418524999637157,0.4383420000000058,801112064
fold_1,evaluation,2020-09-02,L-R,solar,4060,3864,G1,False,1.389849501021672,1.3636579999999867,0.07831945799989626,0.07593399999998951,801112064
fold_1,evaluation,2020-09-02,L-N,night,4630,4406,G2,False,1.4005140000372194,1.3787900000000377,0.1986108340206556,0.19735800000000836,774553600
fold_1,evaluation,2020-09-02,L-N,shoulder,5220,4968,G1,False,1.4193360410281457,1.4039659999999685,0.08430249994853511,0.08239700000001449,774553600
fold_1,evaluation,2020-09-02,L-N,solar,4060,3864,G1,False,1.1417673340183683,1.1336220000000026,0.0740665000048466,0.07106600000000185,774553600
fold_1,evaluation,2020-09-03,L-P,pooled,13934,13262,G1,False,2.3849814159912057,2.2944340000000523,0.14442074997350574,0.14370599999998035,772063232
fold_1,evaluation,2020-09-03,L-R,night,4638,4414,G2,False,1.450352957996074,1.3772539999999935,0.20421920897206292,0.2028140000000178,784089088
fold_1,evaluation,2020-09-03,L-R,shoulder,5229,4977,G4,False,1.5774553329101764,1.5462369999999908,0.7306637089932337,0.7152100000000132,784089088
fold_1,evaluation,2020-09-03,L-R,solar,4067,3871,G1,False,1.2803827909519896,1.2606619999999964,0.06584358302643523,0.06536900000000401,784089088
fold_1,evaluation,2020-09-03,L-N,night,4638,4414,G3,False,1.3198390830657445,1.3010799999999847,0.4025401669787243,0.3997030000000166,801112064
fold_1,evaluation,2020-09-03,L-N,shoulder,5229,4977,G1,False,1.4728961660875939,1.446961000000016,0.07253716699779034,0.07214000000001874,801112064
fold_1,evaluation,2020-09-03,L-N,solar,4067,3871,G1,False,1.3466560000670142,1.3165889999999933,0.06289504101732746,0.06239099999999098,801112064
fold_1,evaluation,2020-09-04,L-P,pooled,13958,13286,G1,False,2.46115245699184,2.416880999999961,0.1616158340475522,0.15993400000002111,772063232
fold_1,evaluation,2020-09-04,L-R,night,4646,4422,G1,False,1.435173998994287,1.4044759999999883,0.07275695801945403,0.07210000000000605,774553600
fold_1,evaluation,2020-09-04,L-R,shoulder,5238,4986,G4,False,1.6251375420833938,1.5342380000000162,0.7012297920300625,0.6969359999999938,774553600
fold_1,evaluation,2020-09-04,L-R,solar,4074,3878,G1,False,1.2475836249650456,1.2271479999999997,0.06558729201788083,0.06531100000000833,774553600
fold_1,evaluation,2020-09-04,L-N,night,4646,4422,G1,False,1.2834092910052277,1.263937999999996,0.09116145799634978,0.08889500000000794,772063232
fold_1,evaluation,2020-09-04,L-N,shoulder,5238,4986,G1,False,1.5032759160385467,1.4249429999999563,0.07506391603965312,0.074608000000012,772063232
fold_1,evaluation,2020-09-04,L-N,solar,4074,3878,G1,False,1.2776582509395666,1.2589289999999949,0.06279491703025997,0.062375000000002956,772063232
fold_1,evaluation,2020-09-05,L-P,pooled,13982,13310,G1,False,2.3328170840395615,2.301630000000017,0.14753945800475776,0.14661799999998948,784089088
fold_1,evaluation,2020-09-05,L-R,night,4654,4430,G1,False,1.3358562089852057,1.32284999999996,0.09036437497707084,0.08799199999998564,801112064
fold_1,evaluation,2020-09-05,L-R,shoulder,5247,4995,G1,False,1.517428292077966,1.4939620000000104,0.07960666599683464,0.07912899999999468,801112064
fold_1,evaluation,2020-09-05,L-R,solar,4081,3885,G1,False,1.2942910409183241,1.2184760000000097,0.0655599589808844,0.06524400000000696,801112064
fold_1,evaluation,2020-09-05,L-N,night,4654,4430,G4,False,1.3925593339954503,1.3171290000000226,0.628079624962993,0.6225840000000176,784089088
fold_1,evaluation,2020-09-05,L-N,shoulder,5247,4995,G1,False,1.4368267070385627,1.4166250000000105,0.07519012503325939,0.07472900000001914,784089088
fold_1,evaluation,2020-09-05,L-N,solar,4081,3885,G1,False,1.2334389169118367,1.217743000000013,0.06328125001164153,0.06285700000000816,784089088
fold_1,evaluation,2020-09-06,L-P,pooled,14006,13334,G2,False,2.306544249993749,2.281200000000041,0.4224714580341242,0.4145960000000173,772063232
fold_1,evaluation,2020-09-06,L-R,night,4662,4438,G1,False,1.3262954590609297,1.3143739999999866,0.07010900002205744,0.06972200000001294,774553600
fold_1,evaluation,2020-09-06,L-R,shoulder,5256,5004,G2,False,1.4097190829343162,1.399891000000025,0.2828239999944344,0.2746659999999963,774553600
fold_1,evaluation,2020-09-06,L-R,solar,4088,3892,G1,False,1.3188767079846002,1.296482999999995,0.06947379099437967,0.06598500000001195,774553600
fold_1,evaluation,2020-09-06,L-N,night,4662,4438,G4,False,1.3273785429773852,1.3105420000000265,0.6339559580083005,0.6294430000000091,801112064
fold_1,evaluation,2020-09-06,L-N,shoulder,5256,5004,G1,False,1.4922080420074053,1.4038039999999796,0.07370125001762062,0.07323900000000094,801112064
fold_1,evaluation,2020-09-06,L-N,solar,4088,3892,G1,False,1.2149429580313154,1.2006689999999764,0.06368750002002344,0.06317300000000614,801112064
fold_1,evaluation,2020-09-07,L-P,pooled,14030,13358,G1,False,2.299528543080669,2.2756160000000136,0.14161704201251268,0.14062699999999495,772063232
fold_1,evaluation,2020-09-07,L-R,night,4670,4446,G1,False,1.3762508330401033,1.3569500000000403,0.07174245803616941,0.07133600000003071,784089088
fold_1,evaluation,2020-09-07,L-R,shoulder,5265,5013,G3,False,1.4403402910684235,1.4280559999999696,0.48950924997916445,0.4823019999999474,784089088
fold_1,evaluation,2020-09-07,L-R,solar,4095,3899,G1,False,1.217733333061915,1.2066749999999047,0.07236641697818413,0.06987600000002203,784089088
fold_1,evaluation,2020-09-07,L-N,night,4670,4446,G1,False,1.275067791051697,1.2654599999999903,0.06842004199279472,0.06801900000004935,774553600
fold_1,evaluation,2020-09-07,L-N,shoulder,5265,5013,G1,False,1.3804682919871993,1.3681139999999345,0.07458004099316895,0.0735480000000166,774553600
fold_1,evaluation,2020-09-07,L-N,solar,4095,3899,G1,False,1.3046625410206616,1.2115019999999959,0.06426524999551475,0.06386400000002368,774553600
fold_1,evaluation,2020-09-08,L-P,pooled,14054,13382,G2,False,2.2951721260906197,2.2704049999999825,0.3729262499837205,0.37043299999999135,772063232
fold_1,evaluation,2020-09-08,L-R,night,4678,4454,G1,False,1.3481957088806666,1.3327449999999885,0.075480040977709,0.07465400000000955,801112064
fold_1,evaluation,2020-09-08,L-R,shoulder,5274,5022,G3,False,1.57940858398797,1.5521559999999681,0.4356089999782853,0.43324199999995017,801112064
fold_1,evaluation,2020-09-08,L-R,solar,4102,3906,G1,False,1.2017361240577884,1.1939029999999775,0.06722533400170505,0.06676000000004478,801112064
fold_1,evaluation,2020-09-08,L-N,night,4678,4454,G4,False,1.3136194169637747,1.3008080000000177,0.6289058330003172,0.6247970000000009,772063232
fold_1,evaluation,2020-09-08,L-N,shoulder,5274,5022,G1,False,1.3947195829823613,1.3819959999999583,0.07233670796267688,0.07182899999997971,772063232
fold_1,evaluation,2020-09-08,L-N,solar,4102,3906,G1,False,1.3304877080372535,1.3049019999999132,0.0644272500067018,0.06408399999997982,772063232
fold_1,evaluation,2020-09-09,L-P,pooled,14078,13406,G4,False,2.3483894569799304,2.3149139999999875,1.1167791659827344,1.1035110000000259,784089088
fold_1,evaluation,2020-09-09,L-R,night,4686,4462,G2,False,1.3800147919682786,1.3613820000000487,0.22444833297049627,0.21943399999997837,774553600
fold_1,evaluation,2020-09-09,L-R,shoulder,5283,5031,G1,False,1.4188891259254888,1.4079340000000116,0.07753904099809006,0.07708900000000085,774553600
fold_1,evaluation,2020-09-09,L-R,solar,4109,3913,G1,False,1.247850334038958,1.2334630000000857,0.07171558402478695,0.07119400000004816,774553600
fold_1,evaluation,2020-09-09,L-N,night,4686,4462,G2,False,1.3138178749359213,1.3000049999999987,0.20332987495930865,0.2020430000000033,801112064
fold_1,evaluation,2020-09-09,L-N,shoulder,5283,5031,G2,False,1.4814805840142071,1.458375999999987,0.263327874999959,0.2553940000000239,801112064
fold_1,evaluation,2020-09-09,L-N,solar,4109,3913,G1,False,1.276212249940727,1.1969729999999572,0.06398995802737772,0.06360800000004474,801112064
fold_1,evaluation,2020-09-10,L-P,pooled,14102,13430,G2,False,2.3432794170221314,2.251194000000055,0.3752484580036253,0.37315799999998944,784089088
fold_1,evaluation,2020-09-10,L-R,night,4694,4470,G4,False,1.417035875027068,1.336087999999961,0.6493136250064708,0.6444689999999582,772063232
fold_1,evaluation,2020-09-10,L-R,shoulder,5292,5040,G4,False,1.4981378340744413,1.4807500000000005,0.7093832080136053,0.7022650000000112,772063232
fold_1,evaluation,2020-09-10,L-R,solar,4116,3920,G1,False,1.361950624093879,1.334654999999998,0.07990708400029689,0.07770099999999047,772063232
fold_1,evaluation,2020-09-10,L-N,night,4694,4470,G4,False,1.387789290980436,1.3047240000000215,0.6382290829787962,0.631323000000009,774553600
fold_1,evaluation,2020-09-10,L-N,shoulder,5292,5040,G1,False,1.409762458060868,1.3959539999999606,0.07463612500578165,0.07421500000003789,774553600
fold_1,evaluation,2020-09-10,L-N,solar,4116,3920,G2,False,1.3228418329381384,1.2902860000000373,0.18492062500445172,0.18390199999998913,774553600
fold_1,evaluation,2020-09-11,L-P,pooled,14126,13454,G3,False,2.4285362089867704,2.386188000000004,0.7643809579894878,0.7552960000000439,784089088
fold_1,evaluation,2020-09-11,L-R,night,4702,4478,G3,False,1.3813595410319977,1.3648359999999684,0.4099025000468828,0.4071169999999711,801112064
fold_1,evaluation,2020-09-11,L-R,shoulder,5301,5049,G1,False,1.4725333739770576,1.4075630000000388,0.09442829200997949,0.09143399999999247,801112064
fold_1,evaluation,2020-09-11,L-R,solar,4123,3927,G1,False,1.2730806669569574,1.254214999999931,0.06989170797169209,0.0691150000000107,801112064
fold_1,evaluation,2020-09-11,L-N,night,4702,4478,G3,False,1.2656643739901483,1.2563109999999824,0.48946279200026765,0.4793839999999818,784089088
fold_1,evaluation,2020-09-11,L-N,shoulder,5301,5049,G4,False,1.412557876901701,1.3964000000000283,0.7140036249766126,0.70446400000003,784089088
fold_1,evaluation,2020-09-11,L-N,solar,4123,3927,G1,False,1.2408805409795605,1.176108000000056,0.06330754095688462,0.06286299999999301,784089088
fold_1,evaluation,2020-09-12,L-P,pooled,14150,13478,G4,False,2.354026958986651,2.2709489999999732,1.1035003750002943,1.0901969999999892,774553600
fold_1,evaluation,2020-09-12,L-R,night,4710,4486,G2,False,1.3422557490994222,1.3283040000000028,0.21012883295770735,0.20798200000001543,772063232
fold_1,evaluation,2020-09-12,L-R,shoulder,5310,5058,G3,False,1.4343010400189087,1.4203880000000595,0.5219355830340646,0.5092940000000112,772063232
fold_1,evaluation,2020-09-12,L-R,solar,4130,3934,G1,False,1.3331571250455454,1.2588180000000193,0.06580724997911602,0.06538199999999961,772063232
fold_1,evaluation,2020-09-12,L-N,night,4710,4486,G4,False,1.2818864170694724,1.2710129999999822,0.7046195840230212,0.6930130000000077,801112064
fold_1,evaluation,2020-09-12,L-N,shoulder,5310,5058,G1,False,1.3562167509808205,1.3470849999999928,0.0839501250302419,0.08177599999999074,801112064
fold_1,evaluation,2020-09-12,L-N,solar,4130,3934,G4,False,1.3166078749927692,1.2914269999999988,0.6221305829822086,0.6133190000000468,801112064
fold_1,evaluation,2020-09-13,L-P,pooled,14174,13502,G4,False,2.4461086250375956,2.4101730000001,1.1059537500259466,1.094065999999998,774553600
fold_1,evaluation,2020-09-13,L-R,night,4718,4494,G1,False,1.4402217509341426,1.4140279999999734,0.07087154104374349,0.07039499999996224,784089088
fold_1,evaluation,2020-09-13,L-R,shoulder,5319,5067,G2,False,1.5479799999739043,1.522820000000081,0.22655395901529118,0.2251370000000179,784089088
fold_1,evaluation,2020-09-13,L-R,solar,4137,3941,G1,False,1.261534958903212,1.2484089999998673,0.06726670800708234,0.06687600000003613,784089088
fold_1,evaluation,2020-09-13,L-N,night,4718,4494,G4,False,1.3778492090059444,1.3581720000000246,0.6315990419825539,0.6255749999999694,772063232
fold_1,evaluation,2020-09-13,L-N,shoulder,5319,5067,G4,False,1.520670208032243,1.4433149999999841,0.7023985830019228,0.696060999999986,772063232
fold_1,evaluation,2020-09-13,L-N,solar,4137,3941,G1,False,1.2269424999831244,1.2132230000000277,0.07053904101485386,0.06850500000001603,772063232
fold_1,evaluation,2020-09-14,L-P,pooled,14198,13526,G1,False,2.378932873951271,2.343719999999962,0.14553008397342637,0.144753000000037,774553600
fold_1,evaluation,2020-09-14,L-R,night,4726,4502,G1,False,1.5005269169341773,1.4294439999999895,0.0708156669861637,0.07033200000000761,801112064
fold_1,evaluation,2020-09-14,L-R,shoulder,5328,5076,G1,False,1.5581468329764903,1.5335809999999128,0.10407562501495704,0.10071999999996706,801112064
fold_1,evaluation,2020-09-14,L-R,solar,4144,3948,G1,False,1.24373741511954,1.2329819999999927,0.06837195804109797,0.06796400000001768,801112064
fold_1,evaluation,2020-09-14,L-N,night,4726,4502,G4,False,1.358855000056792,1.2899339999999597,0.6399302910431288,0.6359830000000102,784089088
fold_1,evaluation,2020-09-14,L-N,shoulder,5328,5076,G1,False,1.5356921659549698,1.5100409999998874,0.08686587499687448,0.08451300000001538,784089088
fold_1,evaluation,2020-09-14,L-N,solar,4144,3948,G1,False,1.2752363760373555,1.254598000000044,0.07800575002329424,0.07562200000000985,784089088
fold_1,evaluation,2020-09-15,L-P,pooled,14222,13550,G4,False,2.2790179159492254,2.2571969999999624,1.2364589169737883,1.211418999999978,774553600
fold_1,evaluation,2020-09-15,L-R,night,4734,4510,G1,False,1.3748758750152774,1.3556300000000192,0.07934212498366833,0.07778200000001334,772063232
fold_1,evaluation,2020-09-15,L-R,shoulder,5337,5085,G1,False,1.4815538330585696,1.462282000000073,0.08946445799665526,0.08863600000000815,772063232
fold_1,evaluation,2020-09-15,L-R,solar,4151,3955,G2,False,1.4403416239074431,1.4086100000000101,0.22755695797968656,0.22296800000003714,772063232
fold_1,evaluation,2020-09-15,L-N,night,4734,4510,G4,False,1.4366327080060728,1.410299000000066,0.6585826249793172,0.6509360000000015,801112064
fold_1,evaluation,2020-09-15,L-N,shoulder,5337,5085,G4,False,1.5220917919068597,1.4402360000000272,0.843496999994386,0.8233500000000049,801112064
fold_1,evaluation,2020-09-15,L-N,solar,4151,3955,G1,False,1.1968117920332588,1.1844449999998687,0.06310670799575746,0.06280600000002323,801112064
fold_1,evaluation,2020-09-16,L-P,pooled,14246,13574,G2,False,2.413531958067324,2.3797950000000014,0.4077444580034353,0.4028069999999957,774553600
fold_1,evaluation,2020-09-16,L-R,night,4742,4518,G1,False,1.3616420000325888,1.3487139999999727,0.07417516701389104,0.07368500000001177,784089088
fold_1,evaluation,2020-09-16,L-R,shoulder,5346,5094,G3,False,1.5806775409728289,1.5528860000000577,0.44704879203345627,0.44356700000003,784089088
fold_1,evaluation,2020-09-16,L-R,solar,4158,3962,G1,False,1.3383758349809796,1.266621999999927,0.06633320800028741,0.06601700000004485,784089088
fold_1,evaluation,2020-09-16,L-N,night,4742,4518,G3,False,1.3729644579580054,1.3045079999999416,0.4382971660234034,0.4312810000000127,772063232
fold_1,evaluation,2020-09-16,L-N,shoulder,5346,5094,G2,False,1.4180932499002665,1.405916999999988,0.2099790420033969,0.20876899999996112,772063232
fold_1,evaluation,2020-09-16,L-N,solar,4158,3962,G2,False,1.323197832913138,1.2988829999999894,0.19116766599472612,0.18985800000001518,772063232
fold_1,evaluation,2020-09-17,L-P,pooled,14270,13598,G2,False,2.5076087919296697,2.404491000000064,0.38064341695280746,0.37719099999998207,774553600
fold_1,evaluation,2020-09-17,L-R,night,4750,4526,G4,False,1.3427150000352412,1.3320469999999887,0.655574583041016,0.6515719999999874,801112064
fold_1,evaluation,2020-09-17,L-R,shoulder,5355,5103,G2,False,1.6439993339590728,1.555437999999981,0.23322783299954608,0.23167100000000573,801112064
fold_1,evaluation,2020-09-17,L-R,solar,4165,3969,G1,False,1.3824824580806307,1.3536139999999364,0.07126187498215586,0.07078300000000581,801112064
fold_1,evaluation,2020-09-17,L-N,night,4750,4526,G3,False,1.3027489159721881,1.2921969999999874,0.4040604999754578,0.4014020000000187,774553600
fold_1,evaluation,2020-09-17,L-N,shoulder,5355,5103,G1,False,1.5182371649425477,1.4930090000000291,0.07408074999693781,0.07371499999999287,774553600
fold_1,evaluation,2020-09-17,L-N,solar,4165,3969,G1,False,1.2998717909213156,1.277309999999943,0.08340279199182987,0.0801169999999729,774553600
fold_1,evaluation,2020-09-18,L-P,pooled,14294,13622,G4,False,2.322137415932957,2.2962219999999434,1.255043166980613,1.2268950000000132,784089088
fold_1,evaluation,2020-09-18,L-R,night,4758,4534,G1,False,1.502516875974834,1.4688449999999875,0.07265445799566805,0.0722109999999816,772063232
fold_1,evaluation,2020-09-18,L-R,shoulder,5364,5112,G1,False,1.561780875956174,1.535566000000017,0.09390212502330542,0.0907940000000167,772063232
fold_1,evaluation,2020-09-18,L-R,solar,4172,3976,G2,False,1.3655963749624789,1.3411599999999453,0.2610443339799531,0.20669700000001967,772063232
fold_1,evaluation,2020-09-18,L-N,night,4758,4534,G3,False,1.4161768320482224,1.3438330000000178,0.3980710000032559,0.39532300000001896,784089088
fold_1,evaluation,2020-09-18,L-N,shoulder,5364,5112,G4,False,1.4996217510197312,1.4714920000000689,0.6874240839970298,0.6828610000000026,784089088
fold_1,evaluation,2020-09-18,L-N,solar,4172,3976,G1,False,1.4072702080011368,1.3750100000000316,0.07896770897787064,0.07715200000001232,784089088
fold_1,evaluation,2020-09-19,L-P,pooled,14318,13646,G2,False,2.5277829589904286,2.4331580000000486,0.48393774998839945,0.4685529999999858,774553600
fold_1,evaluation,2020-09-19,L-R,night,4766,4542,G2,False,1.4879007089766674,1.4616969999999014,0.2647912499960512,0.25797499999998763,801112064
fold_1,evaluation,2020-09-19,L-R,shoulder,5373,5121,G1,False,1.4550286260200664,1.4424060000000622,0.08099966601002961,0.08047599999997601,801112064
fold_1,evaluation,2020-09-19,L-R,solar,4179,3983,G1,False,1.3828387919347733,1.3528239999999983,0.06682404095772654,0.06648799999999255,801112064
fold_1,evaluation,2020-09-19,L-N,night,4766,4542,G4,False,1.5135541670606472,1.4808130000000688,0.6350049169850536,0.6298850000000016,772063232
fold_1,evaluation,2020-09-19,L-N,shoulder,5373,5121,G4,False,1.5267045000218786,1.4538939999999343,0.6858980000251904,0.6809019999999464,772063232
fold_1,evaluation,2020-09-19,L-N,solar,4179,3983,G1,False,1.20039762504166,1.1906999999999357,0.06360100000165403,0.0631869999999708,772063232
fold_1,evaluation,2020-09-20,L-P,pooled,14342,13670,G4,False,2.306926667049993,2.2843500000000176,1.094347290985752,1.0861090000000218,774553600
fold_1,evaluation,2020-09-20,L-R,night,4774,4550,G2,False,1.3550934169907123,1.3416359999999372,0.25144379201810807,0.24573900000001458,784089088
fold_1,evaluation,2020-09-20,L-R,shoulder,5382,5130,G4,False,1.5589697920368053,1.5337549999999283,0.707306583004538,0.7027410000000032,784089088
fold_1,evaluation,2020-09-20,L-R,solar,4186,3990,G1,False,1.3334041240159422,1.2574089999999956,0.06789875001413748,0.06745200000000295,784089088
fold_1,evaluation,2020-09-20,L-N,night,4774,4550,G2,False,1.3378464590059593,1.319748999999888,0.308191666030325,0.24330100000003085,801112064
fold_1,evaluation,2020-09-20,L-N,shoulder,5382,5130,G4,False,1.488229125039652,1.4663470000000416,0.6919447089894675,0.6870529999999917,801112064
fold_1,evaluation,2020-09-20,L-N,solar,4186,3990,G1,False,1.198545458028093,1.189890000000048,0.0630936250090599,0.06266700000003311,801112064
fold_1,evaluation,2020-09-21,L-P,pooled,14366,13694,G3,False,2.4171657930128276,2.3285000000000196,0.8258647079928778,0.8082529999999792,774553600
fold_1,evaluation,2020-09-21,L-R,night,4782,4558,G3,False,1.3872294169850647,1.3695769999999925,0.466604582965374,0.45807700000000295,772063232
fold_1,evaluation,2020-09-21,L-R,shoulder,5391,5139,G4,False,1.4569043760420755,1.4446320000000128,0.7121893750154413,0.7071470000000204,772063232
fold_1,evaluation,2020-09-21,L-R,solar,4193,3997,G4,False,1.3039017089759,1.2875520000000051,0.7192463329993188,0.7025249999999801,772063232
fold_1,evaluation,2020-09-21,L-N,night,4782,4558,G2,False,1.3910654590581544,1.3730209999999943,0.26151791599113494,0.25335799999999153,774553600
fold_1,evaluation,2020-09-21,L-N,shoulder,5391,5139,G3,False,1.514405918016564,1.4343019999999456,0.5296364160021767,0.5141489999999749,774553600
fold_1,evaluation,2020-09-21,L-N,solar,4193,3997,G4,False,1.2413928750320338,1.2280349999999771,0.5964413749752566,0.5891500000000178,774553600
fold_1,evaluation,2020-09-22,L-P,pooled,14390,13718,G4,False,2.4900778330047615,2.4487340000000017,1.0736127499840222,1.0673309999999674,784089088
fold_1,evaluation,2020-09-22,L-R,night,4790,4566,G3,False,1.5116062910528854,1.4821090000000368,0.4309713330003433,0.42776500000002216,801112064
fold_1,evaluation,2020-09-22,L-R,shoulder,5400,5148,G3,False,1.682277540967334,1.5907459999999674,0.5427413329598494,0.5291439999999739,801112064
fold_1,evaluation,2020-09-22,L-R,solar,4200,4004,G2,False,1.24383558309637,1.2347689999999716,0.19467429199721664,0.19364699999999857,801112064
fold_1,evaluation,2020-09-22,L-N,night,4790,4566,G4,False,1.4729582509608008,1.4357400000000098,0.7328935830155388,0.7179639999999949,784089088
fold_1,evaluation,2020-09-22,L-N,shoulder,5400,5148,G3,False,1.3948704170179553,1.3842529999999442,0.46423674997640774,0.4574880000000121,784089088
fold_1,evaluation,2020-09-22,L-N,solar,4200,4004,G2,False,1.216656041040551,1.2026939999999513,0.1889499999815598,0.187767000000008,784089088
fold_1,evaluation,2020-09-23,L-P,pooled,14414,13742,G4,False,2.6300307090277784,2.523440999999991,1.0867053339607082,1.0787329999999997,772063232
fold_1,evaluation,2020-09-23,L-R,night,4798,4574,G3,False,1.4392971660126932,1.4182500000000005,0.42462725000223145,0.4219190000000026,774553600
fold_1,evaluation,2020-09-23,L-R,shoulder,5409,5157,G3,False,1.6373786670155823,1.603687999999977,0.5070823749992996,0.44737899999995534,774553600
fold_1,evaluation,2020-09-23,L-R,solar,4207,4011,G4,False,1.2441278339829296,1.2329760000000078,0.5931742090033367,0.5893570000000068,774553600
fold_1,evaluation,2020-09-23,L-N,night,4798,4574,G1,False,1.2997075429884717,1.2901869999999462,0.06878445798065513,0.06825799999995752,801112064
fold_1,evaluation,2020-09-23,L-N,shoulder,5409,5157,G4,False,1.6122465839143842,1.5280869999999709,0.698878875002265,0.6925190000000043,801112064
fold_1,evaluation,2020-09-23,L-N,solar,4207,4011,G4,False,1.2051532080513425,1.1958490000000097,0.6241029999800958,0.615395000000035,801112064
fold_1,evaluation,2020-09-24,L-P,pooled,14438,13766,G4,False,2.4382019590120763,2.4025010000000293,1.220403167011682,1.1488859999999477,772063232
fold_1,evaluation,2020-09-24,L-R,night,4806,4582,G4,False,1.4955070000723936,1.4686820000000012,0.6528590830275789,0.6489680000000249,784089088
fold_1,evaluation,2020-09-24,L-R,shoulder,5418,5166,G3,False,1.5683217089972459,1.5415500000000293,0.44945779198314995,0.446042000000034,784089088
fold_1,evaluation,2020-09-24,L-R,solar,4214,4018,G3,False,1.254087793000508,1.243220000000008,0.40165045799221843,0.3982369999999946,784089088
fold_1,evaluation,2020-09-24,L-N,night,4806,4582,G4,False,1.2989972499781288,1.2889289999999392,0.6491079579573125,0.6444829999999797,774553600
fold_1,evaluation,2020-09-24,L-N,shoulder,5418,5166,G4,False,1.5462764160474762,1.5182790000000068,0.7247579169925302,0.7170500000000288,774553600
fold_1,evaluation,2020-09-24,L-N,solar,4214,4018,G4,False,1.3433029580046423,1.3176859999999806,0.5819553749752231,0.5772690000000011,774553600
fold_1,evaluation,2020-09-25,L-P,pooled,14462,13790,G4,False,2.288996123999823,2.270306000000005,1.219503167027142,1.1983050000000048,772063232
fold_1,evaluation,2020-09-25,L-R,night,4814,4590,G3,False,1.3501738340128213,1.337994999999978,0.43880366696976125,0.4339919999999893,801112064
fold_1,evaluation,2020-09-25,L-R,shoulder,5427,5175,G4,False,1.5467309159575962,1.5227519999999117,0.8419006250333041,0.8192990000000009,801112064
fold_1,evaluation,2020-09-25,L-R,solar,4221,4025,G4,False,1.3342686250107363,1.3132079999999178,0.6437770830234513,0.6357779999999593,801112064
fold_1,evaluation,2020-09-25,L-N,night,4814,4590,G2,False,1.4504954580334015,1.4265550000000076,0.21979466697666794,0.21617000000003372,772063232
fold_1,evaluation,2020-09-25,L-N,shoulder,5427,5175,G4,False,1.6097121690982021,1.5261070000000245,0.6886493749916553,0.684504000000004,772063232
fold_1,evaluation,2020-09-25,L-N,solar,4221,4025,G4,False,1.2943858340149745,1.2791800000000535,0.6272154590114951,0.6190270000000169,772063232
fold_1,evaluation,2020-09-26,L-P,pooled,14486,13814,G4,False,2.5697618740377948,2.5205579999999372,1.1635639159940183,1.0982030000000123,784089088
fold_1,evaluation,2020-09-26,L-R,night,4822,4598,G4,False,1.4974858749774285,1.4181290000000217,0.804020874958951,0.78485500000005,774553600
fold_1,evaluation,2020-09-26,L-R,shoulder,5436,5184,G3,False,1.4958157090004534,1.475974000000008,0.4480225419974886,0.44509699999997565,774553600
fold_1,evaluation,2020-09-26,L-R,solar,4228,4032,G4,False,1.2367634179536253,1.226812999999936,0.6827918330091052,0.6697919999999726,774553600
fold_1,evaluation,2020-09-26,L-N,night,4822,4598,G2,False,1.4516767910099588,1.3713149999999814,0.25480295898159966,0.2477700000000027,801112064
fold_1,evaluation,2020-09-26,L-N,shoulder,5436,5184,G4,False,1.412491042050533,1.3994069999999965,0.7081374159897678,0.6987199999999802,801112064
fold_1,evaluation,2020-09-26,L-N,solar,4228,4032,G3,False,1.213566625083331,1.2055230000000279,0.4763544999877922,0.4653430000000185,801112064
fold_1,evaluation,2020-09-27,L-P,pooled,14510,13838,G4,False,2.490724416973535,2.448133999999982,1.0826693329727277,1.075207999999975,784089088
fold_1,evaluation,2020-09-27,L-R,night,4830,4606,G3,False,1.4433604999212548,1.4237860000000069,0.4124974589794874,0.4101349999999684,772063232
fold_1,evaluation,2020-09-27,L-R,shoulder,5445,5193,G3,False,1.477521502005402,1.4645689999999831,0.49974320898763835,0.44414299999999685,772063232
fold_1,evaluation,2020-09-27,L-R,solar,4235,4039,G3,False,1.2916591250686906,1.276584000000014,0.3951381249935366,0.39068400000002157,772063232
fold_1,evaluation,2020-09-27,L-N,night,4830,4606,G3,False,1.3554225419647992,1.3401470000000018,0.4029824580065906,0.4001910000000066,784089088
fold_1,evaluation,2020-09-27,L-N,shoulder,5445,5193,G3,False,1.4347737921052612,1.4209640000000263,0.4199592500226572,0.41761600000000954,784089088
fold_1,evaluation,2020-09-27,L-N,solar,4235,4039,G3,False,1.233031248964835,1.2213649999999916,0.4452988750417717,0.38570199999998067,784089088
fold_1,evaluation,2020-09-28,L-P,pooled,14534,13862,G4,False,2.3685069158673286,2.291020000000117,1.127378791978117,1.1148670000000038,801112064
fold_1,evaluation,2020-09-28,L-R,night,4838,4614,G4,False,1.3543769160169177,1.3426339999999755,0.6616667499765754,0.6573579999999879,774553600
fold_1,evaluation,2020-09-28,L-R,shoulder,5454,5202,G4,False,1.5523332090233453,1.5282930000000192,0.726683332992252,0.7219779999999787,774553600
fold_1,evaluation,2020-09-28,L-R,solar,4242,4046,G3,False,1.2665482100564986,1.2435619999999972,0.40560579200973734,0.40276700000003984,774553600
fold_1,evaluation,2020-09-28,L-N,night,4838,4614,G2,False,1.3368660000269301,1.3227379999999584,0.20177975000115111,0.20048700000000963,772063232
fold_1,evaluation,2020-09-28,L-N,shoulder,5454,5202,G4,False,1.4832780410069972,1.4651479999999424,0.6871442919946276,0.6829970000000003,772063232
fold_1,evaluation,2020-09-28,L-N,solar,4242,4046,G3,False,1.3352474180283025,1.3104900000000725,0.39178670902037993,0.38917300000002797,772063232
fold_2,warmup,2021-02-23,L-P,pooled,17460,16788,G3,False,2.685993376013357,2.6460150000000056,0.8361477919970639,0.8237699999999961,434683904
fold_2,warmup,2021-02-23,L-R,night,5812,5588,G3,False,1.5048302920768037,1.4864000000000033,0.4928779170149937,0.4824950000000001,446824448
fold_2,warmup,2021-02-23,L-R,shoulder,6552,6300,G2,False,1.672944083053153,1.645824000000033,0.2833872089977376,0.27680200000000355,446824448
fold_2,warmup,2021-02-23,L-R,solar,5096,4900,G3,False,1.451861334091518,1.4304319999999962,0.4451865419978276,0.4404930000000036,446824448
fold_2,warmup,2021-02-23,L-N,night,5812,5588,G2,False,1.5143794150208123,1.4908749999999884,0.2186043750261888,0.2170329999999865,437977088
fold_2,warmup,2021-02-23,L-N,shoulder,6552,6300,G2,False,1.6177511669229716,1.5926769999999806,0.2471498340019025,0.24468500000000404,437977088
fold_2,warmup,2021-02-23,L-N,solar,5096,4900,G1,False,1.39690045802854,1.3766679999999951,0.08263845799956471,0.08067199999999275,437977088
fold_2,warmup,2021-02-24,L-P,pooled,17460,16788,G3,False,2.667892083991319,2.629675999999961,0.8344202500302345,0.8233830000000069,444760064
fold_2,warmup,2021-02-24,L-R,night,5812,5588,G4,False,1.5774861659738235,1.5507649999999842,0.7824017080129124,0.769646999999992,434683904
fold_2,warmup,2021-02-24,L-R,shoulder,6552,6300,G4,False,1.6955717080272734,1.663993000000005,0.8601744580082595,0.8428490000000011,434683904
fold_2,warmup,2021-02-24,L-R,solar,5096,4900,G3,False,1.3933898330433294,1.3800549999999703,0.4941612919792533,0.4813100000000077,434683904
fold_2,warmup,2021-02-24,L-N,night,5812,5588,G4,False,1.544717373966705,1.5167079999999942,0.7787580419681035,0.7645609999999863,444760064
fold_2,warmup,2021-02-24,L-N,shoulder,6552,6300,G1,False,1.566737333952915,1.5501299999999958,0.08611279202159494,0.0855460000000221,444760064
fold_2,warmup,2021-02-24,L-N,solar,5096,4900,G1,False,1.4714023330598138,1.4399270000000115,0.07113400002708659,0.07048799999998323,444760064
fold_2,warmup,2021-02-25,L-P,pooled,17460,16788,G1,False,2.7100987079320475,2.6625679999999647,0.18660108401672915,0.18216699999999264,446824448
fold_2,warmup,2021-02-25,L-R,night,5812,5588,G3,False,1.5680450420477428,1.5435939999999846,0.490065542049706,0.48154299999998784,437977088
fold_2,warmup,2021-02-25,L-R,shoulder,6552,6300,G2,False,1.6908224169164896,1.6611649999999827,0.2581096250214614,0.255234999999999,437977088
fold_2,warmup,2021-02-25,L-R,solar,5096,4900,G2,False,1.4390427080797963,1.4106199999999944,0.21359058300731704,0.21195399999999154,437977088
fold_2,warmup,2021-02-25,L-N,night,5812,5588,G2,False,1.519546417053789,1.4939370000000167,0.2164307920029387,0.21499400000001856,434683904
fold_2,warmup,2021-02-25,L-N,shoulder,6552,6300,G1,False,1.6057517909212038,1.5810359999999832,0.10693470801925287,0.10328000000001225,434683904
fold_2,warmup,2021-02-25,L-N,solar,5096,4900,G1,False,1.426304250024259,1.4029809999999543,0.07096916699083522,0.07055199999999218,434683904
fold_2,warmup,2021-02-26,L-P,pooled,17460,16788,G4,False,2.651545458007604,2.608257000000009,1.2239647500100546,1.209052000000014,446824448
fold_2,warmup,2021-02-26,L-R,night,5812,5588,G3,False,1.5371225000126287,1.5166650000000175,0.5063667499925941,0.4965100000000007,444760064
fold_2,warmup,2021-02-26,L-R,shoulder,6552,6300,G4,False,1.753482415981125,1.7176369999999679,0.8223246660199948,0.8107930000000181,444760064
fold_2,warmup,2021-02-26,L-R,solar,5096,4900,G4,False,1.5151454599690624,1.4876739999999984,0.7008245839970186,0.6937229999999772,444760064
fold_2,warmup,2021-02-26,L-N,night,5812,5588,G1,False,1.5181437080027536,1.4914540000000045,0.0963932080194354,0.09396300000000224,437977088
fold_2,warmup,2021-02-26,L-N,shoulder,6552,6300,G4,False,1.6608397079980932,1.6243049999999926,0.8325952090090141,0.8166599999999846,437977088
fold_2,warmup,2021-02-26,L-N,solar,5096,4900,G1,False,1.43087670794921,1.4089199999999948,0.07009333302266896,0.0695519999999874,437977088
fold_2,warmup,2021-02-27,L-P,pooled,17460,16788,G4,False,2.75415858393535,2.7069749999999715,1.2984401249559596,1.2676690000000121,446824448
fold_2,warmup,2021-02-27,L-R,night,5812,5588,G3,False,1.6091776660759933,1.580531000000036,0.4526602500118315,0.44835400000002323,434683904
fold_2,warmup,2021-02-27,L-R,shoulder,6552,6300,G2,False,1.726095750927925,1.6943199999999763,0.2456715420121327,0.24417299999998932,434683904
fold_2,warmup,2021-02-27,L-R,solar,5096,4900,G4,False,1.5188512930180877,1.4823069999999916,0.765796624997165,0.7502220000000079,434683904
fold_2,warmup,2021-02-27,L-N,night,5812,5588,G1,False,1.5564809579518624,1.526798000000042,0.09001137502491474,0.08853500000000736,446824448
fold_2,warmup,2021-02-27,L-N,shoulder,6552,6300,G1,False,1.6464406259474345,1.617231999999973,0.09671845799311996,0.09515400000000795,446824448
fold_2,warmup,2021-02-27,L-N,solar,5096,4900,G1,False,1.4276161669986323,1.406232999999986,0.07042475003981963,0.07002699999998185,446824448
fold_2,warmup,2021-02-28,L-P,pooled,17460,16788,G3,False,2.7643518760451116,2.708678999999961,0.8059132909984328,0.7977799999999888,437977088
fold_2,warmup,2021-02-28,L-R,night,5812,5588,G3,False,1.6094507499947213,1.5802549999999371,0.4613636250142008,0.4560810000000117,444760064
fold_2,warmup,2021-02-28,L-R,shoulder,6552,6300,G2,False,1.606555041973479,1.5899450000000002,0.27316379197873175,0.269676000000004,444760064
fold_2,warmup,2021-02-28,L-R,solar,5096,4900,G4,False,1.5252569580334239,1.4940639999999803,0.7420352500048466,0.7283550000000218,444760064
fold_2,warmup,2021-02-28,L-N,night,5812,5588,G1,False,1.5286090419394895,1.500601999999958,0.07816899998579174,0.07768400000000497,434683904
fold_2,warmup,2021-02-28,L-N,shoulder,6552,6300,G1,False,1.5820912910276093,1.563206000000008,0.0861291250330396,0.08549400000001128,434683904
fold_2,warmup,2021-02-28,L-N,solar,5096,4900,G4,False,1.4111662500654347,1.393688999999938,0.6789836660027504,0.6711970000000065,434683904
fold_2,warmup,2021-03-01,L-P,pooled,17460,16788,G4,False,2.609974751016125,2.5763599999999656,1.2133654580102302,1.1967520000000036,437977088
fold_2,warmup,2021-03-01,L-R,night,5812,5588,G4,False,1.5458110000472516,1.5253569999999854,0.7305307909846306,0.7249300000000005,446824448
fold_2,warmup,2021-03-01,L-R,shoulder,6552,6300,G3,False,1.664845334016718,1.6393680000000188,0.5542367920279503,0.5399730000000034,446824448
fold_2,warmup,2021-03-01,L-R,solar,5096,4900,G3,False,1.456139376910869,1.4350550000000624,0.4897723330068402,0.4781069999999943,446824448
fold_2,warmup,2021-03-01,L-N,night,5812,5588,G4,False,1.5067374580539763,1.483856000000003,0.7454859999706969,0.734564000000006,444760064
fold_2,warmup,2021-03-01,L-N,shoulder,6552,6300,G2,False,1.6595466260332614,1.6226880000000108,0.23899620800511912,0.232877000000002,444760064
fold_2,warmup,2021-03-01,L-N,solar,5096,4900,G2,False,1.4716628750320524,1.4412169999999946,0.20773133297916502,0.20596700000001533,444760064
fold_2,warmup,2021-03-02,L-P,pooled,17460,16788,G4,False,2.737658166093752,2.6873980000000017,1.23926154198125,1.2222429999999918,434683904
fold_2,warmup,2021-03-02,L-R,night,5812,5588,G3,False,1.6009467500261962,1.5714440000000423,0.46952662500552833,0.46329900000000634,437977088
fold_2,warmup,2021-03-02,L-R,shoulder,6552,6300,G4,False,1.6920505419839174,1.650684999999953,0.789706917013973,0.7805450000000178,437977088
fold_2,warmup,2021-03-02,L-R,solar,5096,4900,G4,False,1.5107868329505436,1.4819730000000106,0.7420173329883255,0.7286150000000191,437977088
fold_2,warmup,2021-03-02,L-N,night,5812,5588,G1,False,1.5238375420449302,1.4974630000000104,0.10635195899521932,0.10046200000002159,446824448
fold_2,warmup,2021-03-02,L-N,shoulder,6552,6300,G1,False,1.6994049989734776,1.6048070000000223,0.09668287500971928,0.09481600000000867,446824448
fold_2,warmup,2021-03-02,L-N,solar,5096,4900,G3,False,1.4337149169878103,1.3912779999999714,0.44588754198048264,0.4380479999999807,446824448
fold_2,warmup,2021-03-03,L-P,pooled,17460,16788,G3,False,2.704156710067764,2.6419710000000123,0.8827232919866219,0.8084850000000188,434683904
fold_2,warmup,2021-03-03,L-R,night,5812,5588,G4,False,1.5315312089514919,1.499198999999976,0.8198672920116223,0.7447870000000023,444760064
fold_2,warmup,2021-03-03,L-R,shoulder,6552,6300,G3,False,1.6474294579820707,1.6251169999999888,0.5201139580458403,0.509916000000004,444760064
fold_2,warmup,2021-03-03,L-R,solar,5096,4900,G3,False,1.5781628339318559,1.5402259999999899,0.4675813329522498,0.4576050000000009,444760064
fold_2,warmup,2021-03-03,L-N,night,5812,5588,G4,False,1.6829644989338703,1.5880059999999787,0.7795773330144584,0.7639139999999998,437977088
fold_2,warmup,2021-03-03,L-N,shoulder,6552,6300,G4,False,1.730443416920025,1.6893430000000365,0.8046080420026556,0.7926269999999818,437977088
fold_2,warmup,2021-03-03,L-N,solar,5096,4900,G3,False,1.4006660400773399,1.382728999999955,0.4458779160049744,0.4385110000000054,437977088
fold_2,warmup,2021-03-04,L-P,pooled,17460,16788,G4,False,2.7929243750404567,2.731878999999992,1.2151725420262665,1.1993710000000135,434683904
fold_2,warmup,2021-03-04,L-R,night,5812,5588,G3,False,1.5996012070099823,1.5677980000000389,0.4675214160233736,0.4587349999999901,446824448
fold_2,warmup,2021-03-04,L-R,shoulder,6552,6300,G4,False,1.6701616239733994,1.6419609999999807,0.7982819579774514,0.7905120000000068,446824448
fold_2,warmup,2021-03-04,L-R,solar,5096,4900,G4,False,1.474921417015139,1.4487660000000062,0.8325199160026386,0.8085459999999784,446824448
fold_2,warmup,2021-03-04,L-N,night,5812,5588,G3,False,1.6626661659684032,1.6203230000000133,0.4288317080354318,0.42595900000000597,434683904
fold_2,warmup,2021-03-04,L-N,shoulder,6552,6300,G2,False,1.6178454589680769,1.5920219999999858,0.24860495794564486,0.24550100000001862,434683904
fold_2,warmup,2021-03-04,L-N,solar,5096,4900,G3,False,1.4494234999874607,1.425409000000002,0.45270166697446257,0.44287800000000743,434683904
fold_2,warmup,2021-03-05,L-P,pooled,17460,16788,G4,False,2.826250083919149,2.7703670000000216,1.257426000025589,1.2370870000000025,444760064
fold_2,warmup,2021-03-05,L-R,night,5812,5588,G3,False,1.5862480829819106,1.5591509999999573,0.4999741669744253,0.49062699999998927,437977088
fold_2,warmup,2021-03-05,L-R,shoulder,6552,6300,G4,False,1.7971157921128906,1.7574669999999344,0.8399606670136563,0.8243019999999888,437977088
fold_2,warmup,2021-03-05,L-R,solar,5096,4900,G3,False,1.4459472929593176,1.4252329999999631,0.43874066695570946,0.43208000000001334,437977088
fold_2,warmup,2021-03-05,L-N,night,5812,5588,G2,False,1.5746722929761745,1.5459100000000205,0.21707820805022493,0.21560000000002333,446824448
fold_2,warmup,2021-03-05,L-N,shoulder,6552,6300,G1,False,1.7052846670267172,1.6698600000000283,0.11283645895309746,0.10950700000000779,446824448
fold_2,warmup,2021-03-05,L-N,solar,5096,4900,G4,False,1.4841340830316767,1.45785699999999,0.7904099590377882,0.7675840000000278,446824448
fold_2,warmup,2021-03-06,L-P,pooled,17460,16788,G4,False,2.720123289967887,2.673058000000026,1.3411470830324106,1.311430999999999,444760064
fold_2,warmup,2021-03-06,L-R,night,5812,5588,G4,False,1.6610460840747692,1.6252359999999726,0.8027035410050303,0.7879460000000051,434683904
fold_2,warmup,2021-03-06,L-R,shoulder,6552,6300,G3,False,1.735320834966842,1.704195999999996,0.5075516670476645,0.499890999999991,434683904
fold_2,warmup,2021-03-06,L-R,solar,5096,4900,G4,False,1.5715838339529,1.5337329999999838,0.7987381670391187,0.7759120000000053,434683904
fold_2,warmup,2021-03-06,L-N,night,5812,5588,G4,False,1.6179845829610713,1.5828320000000247,0.8231840829830617,0.7992399999999975,444760064
fold_2,warmup,2021-03-06,L-N,shoulder,6552,6300,G4,False,1.6306170009775087,1.600387999999981,0.817359916982241,0.7990969999999891,444760064
fold_2,warmup,2021-03-06,L-N,solar,5096,4900,G1,False,1.4792968750116415,1.453078000000005,0.08411529200384393,0.0816599999999994,444760064
fold_2,warmup,2021-03-07,L-P,pooled,17460,16788,G3,False,2.8629026660346426,2.7976699999999823,0.8651270410045981,0.8494010000000003,437977088
fold_2,warmup,2021-03-07,L-R,night,5812,5588,G4,False,1.6609406669740565,1.6223779999999977,0.8039867909974419,0.7866680000000201,446824448
fold_2,warmup,2021-03-07,L-R,shoulder,6552,6300,G4,False,1.753367208992131,1.7068990000000213,0.8761338340118527,0.8391579999999976,446824448
fold_2,warmup,2021-03-07,L-R,solar,5096,4900,G4,False,1.4735089570167474,1.447823000000028,0.7171493750065565,0.7058570000000088,446824448
fold_2,warmup,2021-03-07,L-N,night,5812,5588,G2,False,1.5530595009913668,1.5258870000000115,0.23177533299895003,0.22730599999999868,437977088
fold_2,warmup,2021-03-07,L-N,shoulder,6552,6300,G1,False,1.6600440840120427,1.6241930000000764,0.08370783302234486,0.08293300000002546,437977088
fold_2,warmup,2021-03-07,L-N,solar,5096,4900,G4,False,1.506567000062205,1.465007000000071,0.6972035830258392,0.6762930000000154,437977088
fold_2,warmup,2021-03-08,L-P,pooled,17460,16788,G3,False,2.801007583970204,2.7343119999999885,0.8084949580370449,0.792082999999991,434683904
fold_2,warmup,2021-03-08,L-R,night,5812,5588,G2,False,1.6162622909760103,1.5711930000000223,0.2353977920138277,0.22995699999998465,444760064
fold_2,warmup,2021-03-08,L-R,shoulder,6552,6300,G4,False,1.7183837510528974,1.651551999999981,0.9284153750049882,0.8589000000000055,444760064
fold_2,warmup,2021-03-08,L-R,solar,5096,4900,G3,False,1.4976382079184987,1.458925000000022,0.49212000000989065,0.4797659999999837,444760064
fold_2,warmup,2021-03-08,L-N,night,5812,5588,G2,False,1.5379888329771347,1.496040999999991,0.249336333014071,0.24383399999999256,434683904
fold_2,warmup,2021-03-08,L-N,shoulder,6552,6300,G4,False,1.7401657489826903,1.6540970000000073,0.803113707981538,0.790426999999994,434683904
fold_2,warmup,2021-03-08,L-N,solar,5096,4900,G3,False,1.4905572921270505,1.4217489999999486,0.45825620798859745,0.44861099999999965,434683904
fold_2,warmup,2021-03-09,L-P,pooled,17460,16788,G4,False,2.7463394159567542,2.657595000000015,1.3116392079973593,1.2370490000000132,446824448
fold_2,warmup,2021-03-09,L-R,night,5812,5588,G4,False,1.6104771659593098,1.5392510000000073,0.8225059579708613,0.7565429999999935,437977088
fold_2,warmup,2021-03-09,L-R,shoulder,6552,6300,G4,False,1.6928762928582728,1.6657309999999939,0.7920329580083489,0.7841380000000129,437977088
fold_2,warmup,2021-03-09,L-R,solar,5096,4900,G4,False,1.5256146669853479,1.4942299999999875,0.6965939999790862,0.68877999999998,437977088
fold_2,warmup,2021-03-09,L-N,night,5812,5588,G2,False,1.564592707902193,1.5329120000000103,0.23293366702273488,0.2297320000000127,446824448
fold_2,warmup,2021-03-09,L-N,shoulder,6552,6300,G1,False,1.646724666992668,1.618910999999997,0.1075565000064671,0.10428300000000945,446824448
fold_2,warmup,2021-03-09,L-N,solar,5096,4900,G2,False,1.38539725006558,1.3679030000000125,0.22255450004013255,0.21918200000001775,446824448
fold_2,warmup,2021-03-10,L-P,pooled,17460,16788,G4,False,2.6946796680567786,2.6480870000000323,1.2496221250039525,1.231439000000023,444760064
fold_2,warmup,2021-03-10,L-R,night,5812,5588,G3,False,1.524224417982623,1.505898999999971,0.4977096669608727,0.4887459999999919,434683904
fold_2,warmup,2021-03-10,L-R,shoulder,6552,6300,G3,False,1.635294292063918,1.6155030000000181,0.48816641699522734,0.4834069999999997,434683904
fold_2,warmup,2021-03-10,L-R,solar,5096,4900,G4,False,1.4845970420283265,1.4579900000000237,0.791395999956876,0.7738009999999917,434683904
fold_2,warmup,2021-03-10,L-N,night,5812,5588,G1,False,1.6241067919763736,1.5875010000000032,0.07986241701291874,0.07946400000000153,444760064
fold_2,warmup,2021-03-10,L-N,shoulder,6552,6300,G2,False,1.6674753749975935,1.636622999999986,0.2823166669695638,0.27534199999999487,444760064
fold_2,warmup,2021-03-10,L-N,solar,5096,4900,G3,False,1.395147792994976,1.379051000000004,0.44017958297627047,0.4333000000000027,444760064
fold_2,warmup,2021-03-11,L-P,pooled,17460,16788,G3,False,2.7519724600133486,2.7018720000000087,0.817198291013483,0.8066359999999975,437977088
fold_2,warmup,2021-03-11,L-R,night,5812,5588,G2,False,1.5796162920305505,1.5521850000000086,0.2354844999499619,0.2332049999999981,446824448
fold_2,warmup,2021-03-11,L-R,shoulder,6552,6300,G3,False,1.8451977499644272,1.7931280000000243,0.5797328749904409,0.5653400000000204,446824448
fold_2,warmup,2021-03-11,L-R,solar,5096,4900,G1,False,1.4544842090108432,1.4343089999999847,0.0748070830013603,0.0741689999999835,446824448
fold_2,warmup,2021-03-11,L-N,night,5812,5588,G2,False,1.6162170000025071,1.5752049999999826,0.29105970804812387,0.28020499999999515,437977088
fold_2,warmup,2021-03-11,L-N,shoulder,6552,6300,G1,False,1.6829529160750099,1.6509920000000307,0.10179658303968608,0.09822099999999523,437977088
fold_2,warmup,2021-03-11,L-N,solar,5096,4900,G3,False,1.5817695840378292,1.5436199999999758,0.49745808402076364,0.4839249999999993,437977088
fold_2,warmup,2021-03-12,L-P,pooled,17460,16788,G4,False,2.9102255839970894,2.836262000000005,1.3550832080072723,1.3202059999999847,434683904
fold_2,warmup,2021-03-12,L-R,night,5812,5588,G2,False,1.76018425100483,1.7133799999999724,0.25027149997185916,0.24554200000000037,444760064
fold_2,warmup,2021-03-12,L-R,shoulder,6552,6300,G4,False,1.7244155409862287,1.6948600000000056,0.903136209002696,0.8811830000000214,444760064
fold_2,warmup,2021-03-12,L-R,solar,5096,4900,G4,False,1.6062503759749234,1.5684320000000014,0.7458080420037732,0.7340829999999983,444760064
fold_2,warmup,2021-03-12,L-N,night,5812,5588,G2,False,1.6396915830555372,1.6007700000000398,0.2568792079691775,0.25078300000001263,446824448
fold_2,warmup,2021-03-12,L-N,shoulder,6552,6300,G2,False,1.7043694171006791,1.6720760000000041,0.2897283330094069,0.2823810000000151,446824448
fold_2,warmup,2021-03-12,L-N,solar,5096,4900,G4,False,1.4614058339502662,1.432801000000012,0.7264096250291914,0.7111390000000029,446824448
fold_2,warmup,2021-03-13,L-P,pooled,17460,16788,G2,False,2.8407167920377105,2.7821670000000154,0.4340232090326026,0.4305430000000001,434683904
fold_2,warmup,2021-03-13,L-R,night,5812,5588,G3,False,1.5932377090211958,1.5653759999999863,0.5177733749733306,0.505533000000014,437977088
fold_2,warmup,2021-03-13,L-R,shoulder,6552,6300,G1,False,1.706122916948516,1.6694040000000143,0.10530533303972334,0.10353000000000634,437977088
fold_2,warmup,2021-03-13,L-R,solar,5096,4900,G4,False,1.5793667489197105,1.5427489999999864,0.8121319580241106,0.7913929999999993,437977088
fold_2,warmup,2021-03-13,L-N,night,5812,5588,G2,False,1.6533611241029575,1.61539300000004,0.25219600001582876,0.24639299999998343,434683904
fold_2,warmup,2021-03-13,L-N,shoulder,6552,6300,G4,False,1.7186252909596078,1.6790450000000021,0.8057178750168532,0.7935739999999782,434683904
fold_2,warmup,2021-03-13,L-N,solar,5096,4900,G1,False,1.511543748958502,1.4732709999999827,0.07033883297117427,0.06988899999998921,434683904
fold_2,warmup,2021-03-14,L-P,pooled,17460,16788,G2,False,2.82841675094096,2.7685069999999996,0.47167574998456985,0.4545219999999972,444760064
fold_2,warmup,2021-03-14,L-R,night,5812,5588,G1,False,1.6740304589620791,1.6339099999999576,0.0801972090266645,0.07967800000000125,446824448
fold_2,warmup,2021-03-14,L-R,shoulder,6552,6300,G2,False,1.690694376011379,1.6628089999999816,0.2437430419959128,0.24192299999998568,446824448
fold_2,warmup,2021-03-14,L-R,solar,5096,4900,G3,False,1.5221933749853633,1.488285999999988,0.4669420000282116,0.45916800000000535,446824448
fold_2,warmup,2021-03-14,L-N,night,5812,5588,G1,False,1.6189548740512691,1.5844840000000033,0.09408737497869879,0.09143499999998994,444760064
fold_2,warmup,2021-03-14,L-N,shoulder,6552,6300,G4,False,1.696277416893281,1.6622950000000003,0.8066895420197397,0.795236999999986,444760064
fold_2,warmup,2021-03-14,L-N,solar,5096,4900,G1,False,1.435453750891611,1.4125929999999585,0.09012900001835078,0.08773100000001932,444760064
fold_2,warmup,2021-03-15,L-P,pooled,17460,16788,G3,False,2.6951116250129417,2.6532300000000077,0.9425395829603076,0.9170909999999992,437977088
fold_2,warmup,2021-03-15,L-R,night,5812,5588,G2,False,1.5879599180188961,1.5615590000000452,0.2759623750462197,0.2694230000000175,434683904
fold_2,warmup,2021-03-15,L-R,shoulder,6552,6300,G3,False,1.69479824998416,1.6670520000000124,0.506499667011667,0.49876999999997906,434683904
fold_2,warmup,2021-03-15,L-R,solar,5096,4900,G4,False,1.4748441670672037,1.448584000000011,0.7338400410371833,0.7210890000000063,434683904
fold_2,warmup,2021-03-15,L-N,night,5812,5588,G4,False,1.6162198330275714,1.579135999999977,0.7095534999971278,0.7033569999999827,446824448
fold_2,warmup,2021-03-15,L-N,shoulder,6552,6300,G1,False,1.6204932090477087,1.5962459999999794,0.0956911250250414,0.09344600000000014,446824448
fold_2,warmup,2021-03-15,L-N,solar,5096,4900,G2,False,1.4412644990370609,1.4171490000000233,0.21458416699897498,0.2107960000000162,446824448
fold_2,warmup,2021-03-16,L-P,pooled,17460,16788,G4,False,2.6368745399522595,2.5988259999999457,1.2665514160180464,1.2437480000000107,437977088
fold_2,warmup,2021-03-16,L-R,night,5812,5588,G1,False,1.5520262910285965,1.5301269999999931,0.0936986249871552,0.09156099999998446,444760064
fold_2,warmup,2021-03-16,L-R,shoulder,6552,6300,G4,False,1.7545568759087473,1.7205730000000017,0.8257153329905123,0.8145250000000033,444760064
fold_2,warmup,2021-03-16,L-R,solar,5096,4900,G4,False,1.4992420019116253,1.4746080000000177,0.8001736250007525,0.779988000000003,444760064
fold_2,warmup,2021-03-16,L-N,night,5812,5588,G2,False,1.5836852920474485,1.5512489999999843,0.23585616704076529,0.23217399999998634,437977088
fold_2,warmup,2021-03-16,L-N,shoulder,6552,6300,G4,False,1.602108750899788,1.579671999999988,0.8458812910248525,0.8291579999999783,437977088
fold_2,warmup,2021-03-16,L-N,solar,5096,4900,G2,False,1.441538999963086,1.4187539999999785,0.23442683299072087,0.2288210000000106,437977088
fold_2,warmup,2021-03-17,L-P,pooled,17460,16788,G3,False,2.8429756659897976,2.784187999999972,0.860985042003449,0.8462100000000135,434683904
fold_2,warmup,2021-03-17,L-R,night,5812,5588,G2,False,1.65907124907244,1.6230629999999735,0.2480717499856837,0.2426670000000115,446824448
fold_2,warmup,2021-03-17,L-R,shoulder,6552,6300,G4,False,1.8040385839994997,1.7608220000000188,0.8885664590052329,0.8653109999999913,446824448
fold_2,warmup,2021-03-17,L-R,solar,5096,4900,G4,False,1.430932249990292,1.4121360000000038,0.675884791999124,0.6704469999999958,446824448
fold_2,warmup,2021-03-17,L-N,night,5812,5588,G3,False,1.538937250035815,1.5129419999999811,0.4829946670215577,0.4733109999999954,434683904
fold_2,warmup,2021-03-17,L-N,shoulder,6552,6300,G2,False,1.657284748973325,1.6288439999999298,0.2581099160015583,0.2519059999999911,434683904
fold_2,warmup,2021-03-17,L-N,solar,5096,4900,G2,False,1.5498288749950007,1.5057270000000358,0.20843104098457843,0.20667599999998743,434683904
fold_2,warmup,2021-03-18,L-P,pooled,17460,16788,G2,False,2.8760792079847306,2.808745000000016,0.42348979099188,0.42063199999998346,444760064
fold_2,warmup,2021-03-18,L-R,night,5812,5588,G2,False,1.6505395849817432,1.611249999999984,0.24813166598323733,0.2435649999999896,437977088
fold_2,warmup,2021-03-18,L-R,shoulder,6552,6300,G4,False,1.6505001250188798,1.6241060000000402,0.8067147079855204,0.795708999999988,437977088
fold_2,warmup,2021-03-18,L-R,solar,5096,4900,G4,False,1.4692596680251881,1.4454639999999586,0.7885163750033826,0.7668520000000001,437977088
fold_2,warmup,2021-03-18,L-N,night,5812,5588,G1,False,1.5431297079776414,1.5174769999999853,0.07880241598468274,0.07792200000000093,446824448
fold_2,warmup,2021-03-18,L-N,shoulder,6552,6300,G3,False,1.5776014989824034,1.556303000000014,0.4926741669769399,0.4861810000000162,446824448
fold_2,warmup,2021-03-18,L-N,solar,5096,4900,G1,False,1.4579682500334457,1.428467000000012,0.07103254203684628,0.07054999999999723,446824448
fold_2,warmup,2021-03-19,L-P,pooled,17460,16788,G2,False,2.7454882489982992,2.690951999999953,0.4626235000323504,0.4525299999999959,444760064
fold_2,warmup,2021-03-19,L-R,night,5812,5588,G2,False,1.5853644590242766,1.5542000000000087,0.23532237496692687,0.23217800000000466,434683904
fold_2,warmup,2021-03-19,L-R,shoulder,6552,6300,G4,False,1.7743647909373976,1.6712320000000034,0.9221177920117043,0.8998770000000036,434683904
fold_2,warmup,2021-03-19,L-R,solar,5096,4900,G3,False,1.4523511650040746,1.4315269999999884,0.44689874997129664,0.44081299999999146,434683904
fold_2,warmup,2021-03-19,L-N,night,5812,5588,G1,False,1.4823268340551294,1.4613410000000329,0.08103170798858628,0.08028400000000602,444760064
fold_2,warmup,2021-03-19,L-N,shoulder,6552,6300,G1,False,1.8915685410611331,1.7762069999999994,0.09071966697229072,0.090139999999991,444760064
fold_2,warmup,2021-03-19,L-N,solar,5096,4900,G1,False,1.3901790819363669,1.3712360000000388,0.07121549994917586,0.07016900000002124,444760064
fold_2,warmup,2021-03-20,L-P,pooled,17460,16788,G4,False,2.8529592089471407,2.7264120000000105,1.39965816604672,1.36262499999998,437977088
fold_2,warmup,2021-03-20,L-R,night,5812,5588,G2,False,1.6176161670009606,1.5220030000000122,0.2740671669598669,0.2661669999999958,446824448
fold_2,warmup,2021-03-20,L-R,shoulder,6552,6300,G3,False,1.6443444580072537,1.6230190000000277,0.5101920840097591,0.504131000000001,446824448
fold_2,warmup,2021-03-20,L-R,solar,5096,4900,G4,False,1.6659206669428386,1.616973999999999,0.7975015839911066,0.7794250000000034,446824448
fold_2,warmup,2021-03-20,L-N,night,5812,5588,G3,False,1.657542790984735,1.6125339999999824,0.4869397080037743,0.47949700000000917,444760064
fold_2,warmup,2021-03-20,L-N,shoulder,6552,6300,G1,False,1.6457347500836477,1.6142720000000281,0.10156691703014076,0.0986960000000181,444760064
fold_2,warmup,2021-03-20,L-N,solar,5096,4900,G1,False,1.3820647919783369,1.3670419999999979,0.07044412498362362,0.0699989999999957,444760064
fold_2,warmup,2021-03-21,L-P,pooled,17460,16788,G4,False,2.7937492490164004,2.734381999999954,1.2099560840288177,1.1920639999999878,434683904
fold_2,warmup,2021-03-21,L-R,night,5812,5588,G4,False,1.584190041932743,1.5583129999999983,0.753024416975677,0.7431820000000187,437977088
fold_2,warmup,2021-03-21,L-R,shoulder,6552,6300,G3,False,1.7013312499620952,1.673072999999988,0.4683773340075277,0.4655819999999835,437977088
fold_2,warmup,2021-03-21,L-R,solar,5096,4900,G3,False,1.4544958760379814,1.4259050000000002,0.4854564580018632,0.4737739999999917,437977088
fold_2,warmup,2021-03-21,L-N,night,5812,5588,G4,False,1.5567036669235677,1.528890999999959,0.7956554160336964,0.7790559999999971,446824448
fold_2,warmup,2021-03-21,L-N,shoulder,6552,6300,G2,False,1.7180693739792332,1.6820259999999791,0.24392799998167902,0.24081699999999273,446824448
fold_2,warmup,2021-03-21,L-N,solar,5096,4900,G2,False,1.4090735409408808,1.3922390000000178,0.2296644999878481,0.22679399999998395,446824448
fold_2,warmup,2021-03-22,L-P,pooled,17460,16788,G2,False,2.814489707991015,2.7545060000000205,0.42409137496724725,0.4214269999999942,434683904
fold_2,warmup,2021-03-22,L-R,night,5812,5588,G4,False,1.6017974599963054,1.576076000000029,0.7346236250014044,0.7270269999999925,444760064
fold_2,warmup,2021-03-22,L-R,shoulder,6552,6300,G4,False,1.8270561239332892,1.7852559999999755,0.8100667090038769,0.7991269999999986,444760064
fold_2,warmup,2021-03-22,L-R,solar,5096,4900,G1,False,1.56652137596393,1.5288600000000372,0.07487441704142839,0.07450800000000868,444760064
fold_2,warmup,2021-03-22,L-N,night,5812,5588,G1,False,1.6045827079797164,1.5716360000000122,0.11146699998062104,0.1069789999999955,434683904
fold_2,warmup,2021-03-22,L-N,shoulder,6552,6300,G1,False,1.6214599170489237,1.5935350000000028,0.08273625001311302,0.08224000000001297,434683904
fold_2,warmup,2021-03-22,L-N,solar,5096,4900,G2,False,1.5035036249901168,1.4728120000000047,0.23999095795443282,0.23429899999999293,434683904
fold_2,warmup,2021-03-23,L-P,pooled,17460,16788,G1,False,2.8195985009660944,2.7589010000000087,0.21219645801465958,0.20698899999999298,437977088
fold_2,warmup,2021-03-23,L-R,night,5812,5588,G4,False,1.6847977920551784,1.64466299999998,0.7742548339883797,0.7586340000000007,446824448
fold_2,warmup,2021-03-23,L-R,shoulder,6552,6300,G4,False,1.732888666971121,1.6991520000000264,0.880921041010879,0.8609620000000007,446824448
fold_2,warmup,2021-03-23,L-R,solar,5096,4900,G3,False,1.5586780839948915,1.5212760000000003,0.4641528750071302,0.45661799999999175,446824448
fold_2,warmup,2021-03-23,L-N,night,5812,5588,G1,False,1.567114458011929,1.5342310000000339,0.08037045801756904,0.07929899999999179,437977088
fold_2,warmup,2021-03-23,L-N,shoulder,6552,6300,G3,False,1.7072206669254228,1.6754730000000109,0.4950522500439547,0.48798600000000647,437977088
fold_2,warmup,2021-03-23,L-N,solar,5096,4900,G2,False,1.538410833105445,1.4996719999999755,0.2027697080047801,0.20166000000000395,437977088
fold_2,admission,2021-03-24,L-P,pooled,17460,16788,G2,False,2.7545770839205943,2.7037610000000143,0.5015179170295596,0.49142499999999245,444760064
fold_2,admission,2021-03-24,L-R,night,5812,5588,G1,False,1.6535620000213385,1.6123819999999967,0.10353150003356859,0.09955200000001696,434683904
fold_2,admission,2021-03-24,L-R,shoulder,6552,6300,G3,False,1.7513576660421677,1.7190450000000226,0.4921212089830078,0.48461500000001934,434683904
fold_2,admission,2021-03-24,L-R,solar,5096,4900,G2,False,1.503242707985919,1.4777550000000303,0.2391452500014566,0.23507900000001314,434683904
fold_2,admission,2021-03-24,L-N,night,5812,5588,G3,False,1.6492319580283947,1.6121710000000462,0.4824655830161646,0.4733669999999961,444760064
fold_2,admission,2021-03-24,L-N,shoulder,6552,6300,G1,False,1.6580848739831708,1.6302579999999693,0.1076607090071775,0.10354800000004616,444760064
fold_2,admission,2021-03-24,L-N,solar,5096,4900,G1,False,1.3913436660077423,1.3726479999999697,0.08209887496195734,0.08020900000002484,444760064
fold_2,admission,2021-03-25,L-P,pooled,17460,16788,G2,False,2.73054454108933,2.68073099999998,0.48014154203701764,0.4699239999999918,437977088
fold_2,admission,2021-03-25,L-R,night,5812,5588,G1,False,1.5784165420336649,1.5518829999999753,0.08079354197252542,0.08031199999999217,446824448
fold_2,admission,2021-03-25,L-R,shoulder,6552,6300,G3,False,1.7218282919493504,1.6934989999999175,0.4865195829770528,0.4803810000000226,446824448
fold_2,admission,2021-03-25,L-R,solar,5096,4900,G1,False,1.52980929199839,1.5023129999999583,0.09296124998945743,0.08938800000004221,446824448
fold_2,admission,2021-03-25,L-N,night,5812,5588,G1,False,1.54437349998625,1.5193959999998583,0.10271904105320573,0.099708000000021,434683904
fold_2,admission,2021-03-25,L-N,shoulder,6552,6300,G1,False,1.6371715829591267,1.6078040000000442,0.10354570799972862,0.10135400000001482,434683904
fold_2,admission,2021-03-25,L-N,solar,5096,4900,G1,False,1.4510129170957953,1.424803000000054,0.07022162497742102,0.06989000000004353,434683904
fold_2,admission,2021-03-26,L-P,pooled,17460,16788,G3,False,2.7455411240807734,2.6968990000000304,0.8941828749957494,0.8739970000000312,437977088
fold_2,admission,2021-03-26,L-R,night,5812,5588,G1,False,1.5489772510481998,1.524253999999928,0.10001441597705707,0.0969599999999673,444760064
fold_2,admission,2021-03-26,L-R,shoulder,6552,6300,G4,False,1.7748626240063459,1.738471000000004,0.865389958024025,0.8499679999999898,444760064
fold_2,admission,2021-03-26,L-R,solar,5096,4900,G1,False,1.5594639169285074,1.5195490000001541,0.08862954197684303,0.08651499999996304,444760064
fold_2,admission,2021-03-26,L-N,night,5812,5588,G3,False,1.6261866250424646,1.5788670000000025,0.521919208986219,0.5083450000000198,446824448
fold_2,admission,2021-03-26,L-N,shoulder,6552,6300,G1,False,1.6605869170161895,1.6294539999999529,0.08390970801701769,0.08345200000002251,446824448
fold_2,admission,2021-03-26,L-N,solar,5096,4900,G1,False,1.508955041936133,1.47885500000001,0.07344616699265316,0.07291500000002316,446824448
fold_2,admission,2021-03-27,L-P,pooled,17460,16788,G4,False,2.843044958950486,2.7798629999999207,1.2540436669951305,1.235057999999981,437977088
fold_2,admission,2021-03-27,L-R,night,5812,5588,G2,False,1.7434140420518816,1.6922460000000115,0.25541925005381927,0.24934899999999516,434683904
fold_2,admission,2021-03-27,L-R,shoulder,6552,6300,G3,False,1.7152688750065863,1.6833029999999667,0.5263360840035602,0.5171639999999798,434683904
fold_2,admission,2021-03-27,L-R,solar,5096,4900,G2,False,1.4289479570579715,1.4082370000000424,0.23221099999500439,0.22884900000002517,434683904
fold_2,admission,2021-03-27,L-N,night,5812,5588,G1,False,1.5663762080366723,1.5359289999999532,0.07745154201984406,0.07696800000002213,444760064
fold_2,admission,2021-03-27,L-N,shoulder,6552,6300,G1,False,1.6343189580366015,1.6079659999999194,0.08648749999701977,0.08595900000000256,444760064
fold_2,admission,2021-03-27,L-N,solar,5096,4900,G1,False,1.390993291977793,1.3736859999999638,0.07688191701890901,0.07600300000001425,444760064
fold_2,admission,2021-03-28,L-P,pooled,17460,16788,G2,False,2.7145607079728507,2.669212000000016,0.45310787501512095,0.44722600000000057,437977088
fold_2,admission,2021-03-28,L-R,night,5812,5588,G4,False,1.5727874159929343,1.547488000000044,0.7542677500168793,0.7453140000000076,446824448
fold_2,admission,2021-03-28,L-R,shoulder,6552,6300,G4,False,1.7028637080220506,1.669052000000022,0.904830250015948,0.8829450000000065,446824448
fold_2,admission,2021-03-28,L-R,solar,5096,4900,G1,False,1.4766699179890566,1.4539950000000204,0.07592491601826623,0.07526500000000169,446824448
fold_2,admission,2021-03-28,L-N,night,5812,5588,G3,False,1.5336602500756271,1.5083120000000463,0.43508629204006866,0.4320860000000266,434683904
fold_2,admission,2021-03-28,L-N,shoulder,6552,6300,G1,False,1.7573904570308514,1.718121999999937,0.08795616601128131,0.08680900000001657,434683904
fold_2,admission,2021-03-28,L-N,solar,5096,4900,G1,False,1.431134209036827,1.4068169999999895,0.07164095796179026,0.07116200000001527,434683904
fold_2,admission,2021-03-29,L-P,pooled,17460,16789,G2,False,2.672513917030301,2.629442000000097,0.45876933401450515,0.4504709999999932,437977088
fold_2,admission,2021-03-29,L-R,night,5812,5589,G4,False,1.5691887100110762,1.5418920000000185,0.8428672910085879,0.8210109999999986,444760064
fold_2,admission,2021-03-29,L-R,shoulder,6552,6300,G3,False,1.7163083760533482,1.6740879999999834,0.581722000031732,0.5580569999999625,444760064
fold_2,admission,2021-03-29,L-R,solar,5096,4900,G1,False,1.462911041919142,1.4412309999999593,0.08387770899571478,0.08265800000003765,444760064
fold_2,admission,2021-03-29,L-N,night,5812,5589,G3,False,1.5798979579703882,1.546948000000043,0.4783080829656683,0.46789300000000367,437977088
fold_2,admission,2021-03-29,L-N,shoulder,6552,6300,G1,False,1.7285518739954568,1.6678909999999973,0.0928034579847008,0.09065500000002658,437977088
fold_2,admission,2021-03-29,L-N,solar,5096,4900,G2,False,1.4452493750723079,1.4186989999999469,0.20524591696448624,0.2037000000000262,437977088
fold_2,admission,2021-03-30,L-P,pooled,17460,16790,G3,False,2.7189825419918634,2.6713779999999474,0.930321458959952,0.8919230000000198,446824448
fold_2,admission,2021-03-30,L-R,night,5812,5590,G4,False,1.6232108739786781,1.5918829999999957,0.7514156670076773,0.7393769999999904,434683904
fold_2,admission,2021-03-30,L-R,shoulder,6552,6300,G3,False,1.69501266698353,1.62758000000008,0.4866657909587957,0.4760090000000332,434683904
fold_2,admission,2021-03-30,L-R,solar,5096,4900,G1,False,1.5554260410135612,1.5036549999999238,0.08039654197636992,0.07832500000000664,434683904
fold_2,admission,2021-03-30,L-N,night,5812,5590,G2,False,1.621807459043339,1.5498380000000225,0.2225159999798052,0.21672699999999168,446824448
fold_2,admission,2021-03-30,L-N,shoulder,6552,6300,G1,False,1.626295415975619,1.5672629999999685,0.1215167089831084,0.10858999999999241,446824448
fold_2,admission,2021-03-30,L-N,solar,5096,4900,G2,False,1.3834952500765212,1.3417850000000158,0.24267491599312052,0.22575699999998733,446824448
fold_2,warmup,2021-03-31,L-P,pooled,17460,16791,G2,False,2.7544167090090923,2.653266999999971,0.49832799995783716,0.4705989999999929,444760064
fold_2,warmup,2021-03-31,L-R,night,5812,5591,G4,False,1.6001469579641707,1.5278000000000134,0.7611686669988558,0.7366289999999935,437977088
fold_2,warmup,2021-03-31,L-R,shoulder,6552,6300,G4,False,1.7572236260166392,1.6992480000000683,0.8841558750136755,0.8098929999999882,437977088
fold_2,warmup,2021-03-31,L-R,solar,5096,4900,G1,False,1.5179866659455001,1.4512469999999666,0.07603041699621826,0.07463100000001077,437977088
fold_2,warmup,2021-03-31,L-N,night,5812,5591,G3,False,1.6159478329936974,1.5304720000000316,0.459242541983258,0.44746900000001233,434683904
fold_2,warmup,2021-03-31,L-N,shoulder,6552,6300,G1,False,1.6251237080432475,1.541334000000063,0.08510162495076656,0.0842049999999972,434683904
fold_2,warmup,2021-03-31,L-N,solar,5096,4900,G1,False,1.5230447490466759,1.47092600000002,0.0751432910328731,0.0741130000000112,434683904
fold_2,evaluation,2021-04-01,L-P,pooled,17460,16791,G4,False,2.629197498958092,2.5969299999999294,1.2809442919678986,1.260152000000005,801112064
fold_2,evaluation,2021-04-01,L-R,night,5812,5591,G4,False,1.5893498749355786,1.5642440000000306,0.7552371670026332,0.7481719999999541,784089088
fold_2,evaluation,2021-04-01,L-R,shoulder,6552,6300,G3,False,1.653755082981661,1.5853229999999598,0.5411359579884447,0.5306879999999978,784089088
fold_2,evaluation,2021-04-01,L-R,solar,5096,4900,G2,False,1.4233315829769708,1.4068070000000148,0.23323433398036286,0.22999299999997902,784089088
fold_2,evaluation,2021-04-01,L-N,night,5812,5591,G1,False,1.5047100020456128,1.4816490000000613,0.07596604200080037,0.07560000000000855,774553600
fold_2,evaluation,2021-04-01,L-N,shoulder,6552,6300,G2,False,1.734490624978207,1.6447110000000293,0.2362106660148129,0.2346239999999966,774553600
fold_2,evaluation,2021-04-01,L-N,solar,5096,4900,G2,False,1.3695341670536436,1.3559779999998796,0.20875545899616554,0.2073790000000031,774553600
fold_2,evaluation,2021-04-02,L-P,pooled,17460,16791,G2,False,2.6087646259111352,2.531838999999934,0.4408878749818541,0.43634700000001203,801112064
fold_2,evaluation,2021-04-02,L-R,night,5812,5591,G4,False,1.5796031249919906,1.507419999999911,0.7264902089955285,0.7207589999999868,772063232
fold_2,evaluation,2021-04-02,L-R,shoulder,6552,6300,G4,False,1.63338458299404,1.6160580000000664,0.8875949999783188,0.8690349999999967,772063232
fold_2,evaluation,2021-04-02,L-R,solar,5096,4900,G2,False,1.5008904169662856,1.4748220000000174,0.23736045899568126,0.2349959999999669,772063232
fold_2,evaluation,2021-04-02,L-N,night,5812,5591,G3,False,1.5671933330013417,1.5359849999999255,0.4821078749955632,0.47441099999997505,801112064
fold_2,evaluation,2021-04-02,L-N,shoulder,6552,6300,G2,False,1.6367723339935765,1.6116660000000138,0.23871870897710323,0.23722900000001346,801112064
fold_2,evaluation,2021-04-02,L-N,solar,5096,4900,G1,False,1.3723509591072798,1.359531000000004,0.0736970420111902,0.07287600000000793,801112064
fold_2,evaluation,2021-04-03,L-P,pooled,17460,16791,G2,False,2.6789414169616066,2.6383800000000406,0.42769666598178446,0.4242179999999962,784089088
fold_2,evaluation,2021-04-03,L-R,night,5812,5591,G3,False,1.5430705000762828,1.5235240000000658,0.4745281669893302,0.4704550000000154,774553600
fold_2,evaluation,2021-04-03,L-R,shoulder,6552,6300,G4,False,1.7244095839560032,1.6433209999999576,0.771176666021347,0.765687000000014,774553600
fold_2,evaluation,2021-04-03,L-R,solar,5096,4900,G2,False,1.4509470829507336,1.4287689999999884,0.2422139160335064,0.2381629999999859,774553600
fold_2,evaluation,2021-04-03,L-N,night,5812,5591,G1,False,1.542042333923746,1.518280999999945,0.07727004203479737,0.07674000000002934,784089088
fold_2,evaluation,2021-04-03,L-N,shoulder,6552,6300,G1,False,1.5356172078754753,1.5220239999999876,0.08440116699784994,0.08393899999998666,784089088
fold_2,evaluation,2021-04-03,L-N,solar,5096,4900,G3,False,1.512753123883158,1.433642999999904,0.4156040420057252,0.41200000000003456,784089088
fold_2,evaluation,2021-04-04,L-P,pooled,17460,16791,G2,False,2.721743624948431,2.626182999999969,0.43381474999478087,0.43039800000002515,772063232
fold_2,evaluation,2021-04-04,L-R,night,5812,5591,G4,False,1.657217791012954,1.5731969999999933,0.7265127080027014,0.7208830000000148,801112064
fold_2,evaluation,2021-04-04,L-R,shoulder,6552,6300,G3,False,1.6298580820439383,1.6122620000000438,0.485547750024125,0.4821099999999774,801112064
fold_2,evaluation,2021-04-04,L-R,solar,5096,4900,G4,False,1.412908625032287,1.3946750000000065,0.6875770419719629,0.6813909999999623,801112064
fold_2,evaluation,2021-04-04,L-N,night,5812,5591,G1,False,1.4418491669930518,1.4288500000000681,0.07845412503229454,0.07781099999999697,774553600
fold_2,evaluation,2021-04-04,L-N,shoulder,6552,6300,G1,False,1.5599789170082659,1.5428320000000326,0.08521925000241026,0.08463199999999915,774553600
fold_2,evaluation,2021-04-04,L-N,solar,5096,4900,G1,False,1.3682815409847535,1.3562220000000593,0.07191687502199784,0.07119299999999384,774553600
fold_2,evaluation,2021-04-05,L-P,pooled,17460,16792,G2,False,2.5649986659991555,2.5406950000000847,0.42582579201553017,0.4225279999999998,772063232
fold_2,evaluation,2021-04-05,L-R,night,5812,5592,G3,False,1.4877368749585003,1.47471900000005,0.4442133749835193,0.44125499999995554,784089088
fold_2,evaluation,2021-04-05,L-R,shoulder,6552,6300,G4,False,1.6481438760529272,1.5790219999999522,0.7955573750077747,0.7876449999999977,784089088
fold_2,evaluation,2021-04-05,L-R,solar,5096,4900,G1,False,1.4132747929543257,1.3981320000000892,0.07521229202393442,0.07470200000000204,784089088
fold_2,evaluation,2021-04-05,L-N,night,5812,5592,G1,False,1.4956685830256902,1.4738159999999425,0.07862458302406594,0.07828799999998637,772063232
fold_2,evaluation,2021-04-05,L-N,shoulder,6552,6300,G2,False,1.5225415010354482,1.5109429999999975,0.23871020798105747,0.2368680000000154,772063232
fold_2,evaluation,2021-04-05,L-N,solar,5096,4900,G3,False,1.3673919590073638,1.3528490000000488,0.5030271669966169,0.4414769999999635,772063232
fold_2,evaluation,2021-04-06,L-P,pooled,17460,16792,G2,False,2.5974459581193514,2.517778999999962,0.45102608302840963,0.44441399999999476,774553600
fold_2,evaluation,2021-04-06,L-R,night,5812,5592,G4,False,1.5678460839553736,1.4946019999999294,0.7533952919766307,0.7451350000000048,801112064
fold_2,evaluation,2021-04-06,L-R,shoulder,6552,6300,G4,False,1.651195249054581,1.62954000000002,0.8654304999508895,0.8495409999999879,801112064
fold_2,evaluation,2021-04-06,L-R,solar,5096,4900,G4,False,1.393548914929852,1.3816160000000082,0.6695168750011362,0.6654529999999568,801112064
fold_2,evaluation,2021-04-06,L-N,night,5812,5592,G4,False,1.4394865829963237,1.425799999999981,0.7060771249816753,0.699910999999986,784089088
fold_2,evaluation,2021-04-06,L-N,shoulder,6552,6300,G1,False,1.519037168007344,1.5085369999999898,0.09580020903376862,0.09292200000004414,784089088
fold_2,evaluation,2021-04-06,L-N,solar,5096,4900,G4,False,1.387043125985656,1.3715119999999956,0.750101417012047,0.7347330000000056,784089088
fold_2,evaluation,2021-04-07,L-P,pooled,17460,16792,G2,False,2.549550249997992,2.522459000000026,0.4391447079833597,0.435574000000031,774553600
fold_2,evaluation,2021-04-07,L-R,night,5812,5592,G3,False,1.5080446660285816,1.4918910000000665,0.47525395901175216,0.4689159999999788,772063232
fold_2,evaluation,2021-04-07,L-R,shoulder,6552,6300,G3,False,1.5882557489094324,1.571649999999977,0.5530044169863686,0.4940849999999841,772063232
fold_2,evaluation,2021-04-07,L-R,solar,5096,4900,G2,False,1.4464164589880966,1.4276610000000005,0.21711433300515637,0.21420000000000528,772063232
fold_2,evaluation,2021-04-07,L-N,night,5812,5592,G4,False,1.4917324170237407,1.4651040000000535,0.6948454169905744,0.6904090000000451,774553600
fold_2,evaluation,2021-04-07,L-N,shoulder,6552,6300,G2,False,1.5749653330422007,1.5588930000000687,0.23585912497946993,0.23367200000001276,774553600
fold_2,evaluation,2021-04-07,L-N,solar,5096,4900,G2,False,1.4386641690507531,1.3646340000000237,0.20437833399046212,0.20065699999997832,774553600
fold_2,evaluation,2021-04-08,L-P,pooled,17460,16792,G2,False,2.6018014169530943,2.5187040000000707,0.4248535420047119,0.42005399999999327,801112064
fold_2,evaluation,2021-04-08,L-R,night,5812,5592,G3,False,1.5453410830232315,1.4720409999999902,0.5130645830067806,0.5004629999999679,784089088
fold_2,evaluation,2021-04-08,L-R,shoulder,6552,6300,G3,False,1.551320873957593,1.5398840000000291,0.5592275420203805,0.5458670000000438,784089088
fold_2,evaluation,2021-04-08,L-R,solar,5096,4900,G2,False,1.3679845000151545,1.3571009999999433,0.22325729200383648,0.22034999999999627,784089088
fold_2,evaluation,2021-04-08,L-N,night,5812,5592,G4,False,1.4678705409751274,1.4512589999999932,0.7056273749913089,0.700429999999983,772063232
fold_2,evaluation,2021-04-08,L-N,shoulder,6552,6300,G2,False,1.603181122976821,1.5784569999999576,0.22803566697984934,0.22698000000002594,772063232
fold_2,evaluation,2021-04-08,L-N,solar,5096,4900,G3,False,1.354501208057627,1.343326999999988,0.4068869589827955,0.40447000000000344,772063232
fold_2,evaluation,2021-04-09,L-P,pooled,17460,16792,G3,False,2.6102682080236264,2.5794329999999945,0.7951704579754733,0.789999000000023,801112064
fold_2,evaluation,2021-04-09,L-R,night,5812,5592,G2,False,1.4841072499984875,1.4718649999999798,0.22079733398277313,0.2194690000000037,774553600
fold_2,evaluation,2021-04-09,L-R,shoulder,6552,6300,G3,False,1.6755375830107369,1.5969440000000077,0.5028478750027716,0.496765000000039,774553600
fold_2,evaluation,2021-04-09,L-R,solar,5096,4900,G4,False,1.4425024169613607,1.422424000000035,0.6649683330324478,0.6611100000000079,774553600
fold_2,evaluation,2021-04-09,L-N,night,5812,5592,G1,False,1.4852017930243164,1.4634440000000382,0.07965854200301692,0.0791089999999599,801112064
fold_2,evaluation,2021-04-09,L-N,shoulder,6552,6300,G1,False,1.5639143760199659,1.5461289999999508,0.08565254200948402,0.08460399999995616,801112064
fold_2,evaluation,2021-04-09,L-N,solar,5096,4900,G2,False,1.3704056239803322,1.3552400000000375,0.2761310830246657,0.21760699999998678,801112064
fold_2,evaluation,2021-04-10,L-P,pooled,17460,16792,G3,False,2.6581650839652866,2.5774319999999875,0.8020214579883032,0.7944969999999785,784089088
fold_2,evaluation,2021-04-10,L-R,night,5812,5592,G3,False,1.5963118749205023,1.520571000000018,0.44197195797460154,0.43878899999998566,772063232
fold_2,evaluation,2021-04-10,L-R,shoulder,6552,6300,G4,False,1.6078764999983832,1.5869389999999726,0.8441918750177138,0.8324630000000184,772063232
fold_2,evaluation,2021-04-10,L-R,solar,5096,4900,G4,False,1.459997373924125,1.4371710000000348,0.7215521670295857,0.7130619999999794,772063232
fold_2,evaluation,2021-04-10,L-N,night,5812,5592,G2,False,1.5041301239980385,1.4800420000000258,0.21501504199113697,0.21364699999998038,774553600
fold_2,evaluation,2021-04-10,L-N,shoulder,6552,6300,G2,False,1.5705895840073936,1.5524330000000077,0.23581258300691843,0.234107999999992,774553600
fold_2,evaluation,2021-04-10,L-N,solar,5096,4900,G2,False,1.3603299990063533,1.346292999999946,0.23262387496652082,0.22678899999999658,774553600
fold_2,evaluation,2021-04-11,L-P,pooled,17460,16792,G2,False,2.6424217510502785,2.6014940000000024,0.4213214999763295,0.4189709999999991,784089088
fold_2,evaluation,2021-04-11,L-R,night,5812,5592,G4,False,1.5229224169743247,1.5001160000000482,0.7263655419810675,0.7167900000000031,801112064
fold_2,evaluation,2021-04-11,L-R,shoulder,6552,6300,G3,False,1.5679789999849163,1.5553730000000314,0.469611749984324,0.46749399999998786,801112064
fold_2,evaluation,2021-04-11,L-R,solar,5096,4900,G2,False,1.4692126250010915,1.4422700000000077,0.2080495419795625,0.20680800000002364,801112064
fold_2,evaluation,2021-04-11,L-N,night,5812,5592,G4,False,1.5156605830416083,1.4924629999999866,0.6956145409494638,0.6913629999999671,784089088
fold_2,evaluation,2021-04-11,L-N,shoulder,6552,6300,G1,False,1.5581769170239568,1.5388110000000665,0.08583295799326152,0.0853869999999688,784089088
fold_2,evaluation,2021-04-11,L-N,solar,5096,4900,G4,False,1.3444128750124946,1.3341510000000198,0.6528667500242591,0.649058000000025,784089088
fold_2,evaluation,2021-04-12,L-P,pooled,17460,16792,G4,False,2.498772374994587,2.4807720000000018,1.1757504579727538,1.1644829999999615,772063232
fold_2,evaluation,2021-04-12,L-R,night,5812,5592,G3,False,1.4496261659660377,1.439121,0.44369808299234137,0.43744200000003275,774553600
fold_2,evaluation,2021-04-12,L-R,shoulder,6552,6300,G4,False,1.6374840000644326,1.616006000000084,0.7810166670242324,0.7743519999999648,774553600
fold_2,evaluation,2021-04-12,L-R,solar,5096,4900,G2,False,1.419005750096403,1.40013399999998,0.20673858403461054,0.2059279999999717,774553600
fold_2,evaluation,2021-04-12,L-N,night,5812,5592,G1,False,1.4119870429858565,1.40018299999997,0.0767616669763811,0.07633099999998194,801112064
fold_2,evaluation,2021-04-12,L-N,shoulder,6552,6300,G3,False,1.5774789160932414,1.5395270000000778,0.47953470796346664,0.47015699999997196,801112064
fold_2,evaluation,2021-04-12,L-N,solar,5096,4900,G4,False,1.41827695799293,1.3966239999999743,0.7029085420072079,0.6937979999999584,801112064
fold_2,evaluation,2021-04-13,L-P,pooled,17460,16792,G3,False,2.631911708973348,2.5985189999999534,0.8442307920195162,0.8250140000000101,772063232
fold_2,evaluation,2021-04-13,L-R,night,5812,5592,G3,False,1.5706808749819174,1.547965999999974,0.43876933300634846,0.4360749999999598,784089088
fold_2,evaluation,2021-04-13,L-R,shoulder,6552,6300,G3,False,1.6898875839542598,1.6127619999999752,0.4723919170210138,0.46965000000000146,784089088
fold_2,evaluation,2021-04-13,L-R,solar,5096,4900,G1,False,1.4486530410940759,1.4092129999999656,0.07648916699690744,0.07589600000000019,784089088
fold_2,evaluation,2021-04-13,L-N,night,5812,5592,G1,False,1.4654451670940034,1.4265340000000606,0.0790520419832319,0.07858500000003232,774553600
fold_2,evaluation,2021-04-13,L-N,shoulder,6552,6300,G4,False,1.5840303339646198,1.56431699999996,0.8265944159938954,0.8138979999999947,774553600
fold_2,evaluation,2021-04-13,L-N,solar,5096,4900,G2,False,1.4540365829598159,1.3801750000000084,0.20372633397346362,0.20259500000003072,774553600
fold_2,evaluation,2021-04-14,L-P,pooled,17460,16792,G4,False,2.669707918073982,2.5647599999999784,1.218583750014659,1.2049540000000434,772063232
fold_2,evaluation,2021-04-14,L-R,night,5812,5592,G3,False,1.5889499159529805,1.5129249999999956,0.4358149169711396,0.4332469999999944,801112064
fold_2,evaluation,2021-04-14,L-R,shoulder,6552,6300,G3,False,1.8623830829747021,1.7444359999999506,0.515893750009127,0.5081749999999943,801112064
fold_2,evaluation,2021-04-14,L-R,solar,5096,4900,G2,False,1.4256316649843939,1.4077139999999417,0.21278470801189542,0.21118400000000292,801112064
fold_2,evaluation,2021-04-14,L-N,night,5812,5592,G2,False,1.4834423330030404,1.463147000000049,0.2254178750445135,0.22289299999999912,784089088
fold_2,evaluation,2021-04-14,L-N,shoulder,6552,6300,G4,False,1.4871012918883935,1.4741369999999847,0.8684967499575578,0.8503130000000283,784089088
fold_2,evaluation,2021-04-14,L-N,solar,5096,4900,G4,False,1.6094062089105137,1.5041429999999991,0.7454938750015572,0.7314059999999927,784089088
fold_2,evaluation,2021-04-15,L-P,pooled,17460,16792,G4,False,2.786193499050569,2.665895999999975,1.2579471249482594,1.239056000000005,772063232
fold_2,evaluation,2021-04-15,L-R,night,5812,5592,G3,False,1.70869720808696,1.6024699999999825,0.47251516598043963,0.4678430000000162,774553600
fold_2,evaluation,2021-04-15,L-R,shoulder,6552,6300,G3,False,1.7230386259616353,1.6906060000000593,0.5025509580154903,0.49603799999999865,774553600
fold_2,evaluation,2021-04-15,L-R,solar,5096,4900,G1,False,1.3536955829476938,1.3445619999999963,0.0868111249874346,0.0855760000000032,774553600
fold_2,evaluation,2021-04-15,L-N,night,5812,5592,G1,False,1.460740959038958,1.4441720000000373,0.0769973749993369,0.0766479999999774,801112064
fold_2,evaluation,2021-04-15,L-N,shoulder,6552,6300,G4,False,1.5800987090915442,1.5618210000000659,0.7660098749911413,0.7589120000000094,801112064
fold_2,evaluation,2021-04-15,L-N,solar,5096,4900,G3,False,1.4449404999031685,1.4239050000000475,0.43352150003192946,0.42817999999999756,801112064
fold_2,evaluation,2021-04-16,L-P,pooled,17460,16792,G4,False,2.591817707987502,2.564310999999975,1.252792707993649,1.2302520000000072,772063232
fold_2,evaluation,2021-04-16,L-R,night,5812,5592,G1,False,1.5741112930118106,1.5486730000000648,0.07885612500831485,0.07839599999999791,784089088
fold_2,evaluation,2021-04-16,L-R,shoulder,6552,6300,G2,False,1.709280791983474,1.6291769999999701,0.2837284170091152,0.27872299999995676,784089088
fold_2,evaluation,2021-04-16,L-R,solar,5096,4900,G1,False,1.3812412490951829,1.3696140000000128,0.07313220796640962,0.0726160000000391,784089088
fold_2,evaluation,2021-04-16,L-N,night,5812,5592,G2,False,1.4103132079471834,1.3987510000000043,0.23000641696853563,0.22669700000000148,774553600
fold_2,evaluation,2021-04-16,L-N,shoulder,6552,6300,G3,False,1.548260833020322,1.5314779999999928,0.4881671670009382,0.48144600000000537,774553600
fold_2,evaluation,2021-04-16,L-N,solar,5096,4900,G2,False,1.481271166994702,1.395467999999937,0.22228525002719834,0.21860800000001746,774553600
fold_2,evaluation,2021-04-17,L-P,pooled,17460,16792,G3,False,2.6697225829120725,2.5719270000000165,0.8655437499983236,0.8506919999999809,772063232
fold_2,evaluation,2021-04-17,L-R,night,5812,5592,G2,False,1.6209561669966206,1.5313000000000443,0.24968695803545415,0.24617499999999382,801112064
fold_2,evaluation,2021-04-17,L-R,shoulder,6552,6300,G3,False,1.5534600009559654,1.5423890000000142,0.4679282080032863,0.4652540000000158,801112064
fold_2,evaluation,2021-04-17,L-R,solar,5096,4900,G1,False,1.414422624045983,1.3975249999999733,0.0737911660107784,0.07332499999995434,801112064
fold_2,evaluation,2021-04-17,L-N,night,5812,5592,G1,False,1.4364187500905246,1.4166969999999424,0.07683529204223305,0.07638900000000604,784089088
fold_2,evaluation,2021-04-17,L-N,shoulder,6552,6300,G2,False,1.6370022930204868,1.6137220000000525,0.23041562497382984,0.22923599999995758,784089088
fold_2,evaluation,2021-04-17,L-N,solar,5096,4900,G2,False,1.3341576240491122,1.3195289999999318,0.20258129097055644,0.20126099999998814,784089088
fold_2,evaluation,2021-04-18,L-P,pooled,17460,16792,G3,False,2.4878353750682436,2.4661270000000286,0.7937438749941066,0.7870580000000018,772063232
fold_2,evaluation,2021-04-18,L-R,night,5812,5592,G2,False,1.4264075419632718,1.4184710000000678,0.25637762498809025,0.2520460000000071,774553600
fold_2,evaluation,2021-04-18,L-R,shoulder,6552,6300,G2,False,1.5885297910426743,1.57270299999999,0.23946162505308166,0.23831999999998743,774553600
fold_2,evaluation,2021-04-18,L-R,solar,5096,4900,G1,False,1.4008951258729212,1.3851329999999962,0.07329154101898894,0.0727059999999824,774553600
fold_2,evaluation,2021-04-18,L-N,night,5812,5592,G1,False,1.4881200839299709,1.4655440000000226,0.07814425003016368,0.07764699999995628,801112064
fold_2,evaluation,2021-04-18,L-N,shoulder,6552,6300,G2,False,1.5636453329934739,1.5444830000000707,0.2320272090146318,0.2308699999999817,801112064
fold_2,evaluation,2021-04-18,L-N,solar,5096,4900,G1,False,1.3609947089571506,1.3487380000000257,0.07039616600377485,0.07010199999996303,801112064
fold_2,evaluation,2021-04-19,L-P,pooled,17460,16792,G3,False,2.5915917509701103,2.5601689999999735,0.7773112499853596,0.7731759999999781,772063232
fold_2,evaluation,2021-04-19,L-R,night,5812,5592,G3,False,1.5001458330079913,1.486442000000011,0.43312558298930526,0.43079899999997906,784089088
fold_2,evaluation,2021-04-19,L-R,shoulder,6552,6300,G1,False,1.582611416990403,1.567463000000032,0.08767216600244865,0.08737200000001621,784089088
fold_2,evaluation,2021-04-19,L-R,solar,5096,4900,G2,False,1.4240354159846902,1.4067640000000097,0.21241229097358882,0.21072400000002744,784089088
fold_2,evaluation,2021-04-19,L-N,night,5812,5592,G1,False,1.456974416039884,1.4407620000000634,0.07561499997973442,0.07520799999997507,772063232
fold_2,evaluation,2021-04-19,L-N,shoulder,6552,6300,G4,False,1.57742920902092,1.5565469999999664,0.7840752500342205,0.7751200000000154,772063232
fold_2,evaluation,2021-04-19,L-N,solar,5096,4900,G2,False,1.3672789589036256,1.3542510000000334,0.2015307919937186,0.2004400000000146,772063232
fold_2,evaluation,2021-04-20,L-P,pooled,17460,16792,G1,False,2.582545167126227,2.5506869999999253,0.1672129170037806,0.16617500000000973,774553600
fold_2,evaluation,2021-04-20,L-R,night,5812,5592,G3,False,1.4822557080187835,1.4658470000000534,0.43559287500102073,0.43281999999999243,801112064
fold_2,evaluation,2021-04-20,L-R,shoulder,6552,6300,G1,False,1.7017160830437206,1.6752120000000446,0.08674520900240168,0.08637199999998302,801112064
fold_2,evaluation,2021-04-20,L-R,solar,5096,4900,G1,False,1.4213650830206461,1.3991299999999,0.08212395902955905,0.08016199999997298,801112064
fold_2,evaluation,2021-04-20,L-N,night,5812,5592,G1,False,1.4213200849480927,1.4087619999999674,0.09526149998418987,0.09343699999999444,774553600
fold_2,evaluation,2021-04-20,L-N,shoulder,6552,6300,G2,False,1.4847519170143642,1.475123999999937,0.23914358398178592,0.2371140000000196,774553600
fold_2,evaluation,2021-04-20,L-N,solar,5096,4900,G3,False,1.3758982919971459,1.3583400000000552,0.5047934169997461,0.491217000000006,774553600
fold_2,evaluation,2021-04-21,L-P,pooled,17460,16792,G1,False,2.620605708914809,2.5826490000000035,0.20680462499149144,0.2022190000000137,784089088
fold_2,evaluation,2021-04-21,L-R,night,5812,5592,G3,False,1.5380927080404945,1.511769999999899,0.44262420799350366,0.43990800000000263,772063232
fold_2,evaluation,2021-04-21,L-R,shoulder,6552,6300,G2,False,1.6317719159414992,1.611633999999924,0.2422495000064373,0.24083400000000665,772063232
fold_2,evaluation,2021-04-21,L-R,solar,5096,4900,G1,False,1.3961557089933194,1.3844609999999307,0.0727782910107635,0.07252499999998463,772063232
fold_2,evaluation,2021-04-21,L-N,night,5812,5592,G1,False,1.3868717910372652,1.3779219999999555,0.09253804199397564,0.09030999999998812,784089088
fold_2,evaluation,2021-04-21,L-N,shoulder,6552,6300,G1,False,1.501742125081364,1.4899500000000216,0.08379612502176315,0.08334599999994907,784089088
fold_2,evaluation,2021-04-21,L-N,solar,5096,4900,G3,False,1.3507762500084937,1.3355889999999704,0.4318678330164403,0.42726099999998723,784089088
fold_2,evaluation,2021-04-22,L-P,pooled,17460,16792,G3,False,2.5148872500285506,2.4905150000000162,0.8698121670167893,0.8566859999999679,801112064
fold_2,evaluation,2021-04-22,L-R,night,5812,5592,G4,False,1.483004541019909,1.4678010000000086,0.7713916670181789,0.761162000000013,774553600
fold_2,evaluation,2021-04-22,L-R,shoulder,6552,6300,G1,False,1.6163472909247503,1.5967900000000554,0.08795958402333781,0.08731000000000222,774553600
fold_2,evaluation,2021-04-22,L-R,solar,5096,4900,G3,False,1.3719312501489185,1.3568529999999441,0.4159208749770187,0.413786000000016,774553600
fold_2,evaluation,2021-04-22,L-N,night,5812,5592,G2,False,1.3927092089434154,1.3806390000000306,0.23017704201629385,0.2264589999999771,801112064
fold_2,evaluation,2021-04-22,L-N,shoulder,6552,6300,G4,False,1.5612631660187617,1.5422790000000077,0.7890213750069961,0.7807759999999462,801112064
fold_2,evaluation,2021-04-22,L-N,solar,5096,4900,G2,False,1.3143287909333594,1.304146000000003,0.20214458397822455,0.20106200000003582,801112064
fold_2,evaluation,2021-04-23,L-P,pooled,17460,16792,G1,False,2.4774563340470195,2.4585289999999986,0.21368929202435538,0.20870100000001912,772063232
fold_2,evaluation,2021-04-23,L-R,night,5812,5592,G2,False,1.4342210839968175,1.4228979999999751,0.2229577079997398,0.2214880000000221,784089088
fold_2,evaluation,2021-04-23,L-R,shoulder,6552,6300,G1,False,1.6286132920067757,1.5604739999999993,0.08792362496023998,0.08710200000001578,784089088
fold_2,evaluation,2021-04-23,L-R,solar,5096,4900,G3,False,1.4150117500103079,1.3985289999999395,0.41344279097393155,0.4113879999999881,784089088
fold_2,evaluation,2021-04-23,L-N,night,5812,5592,G1,False,1.4214475429616868,1.40443300000004,0.07592970901168883,0.07561299999997573,772063232
fold_2,evaluation,2021-04-23,L-N,shoulder,6552,6300,G3,False,1.7434027490089647,1.6940739999999437,0.46459391701500863,0.4597140000000195,772063232
fold_2,evaluation,2021-04-23,L-N,solar,5096,4900,G2,False,1.412597457994707,1.3506110000000149,0.20217925001634285,0.20096399999999903,772063232
fold_2,evaluation,2021-04-24,L-P,pooled,17460,16792,G1,False,2.5336809180444106,2.45835100000005,0.16891995799960569,0.16795300000001134,774553600
fold_2,evaluation,2021-04-24,L-R,night,5812,5592,G1,False,1.5289614160428755,1.4574660000000108,0.11972404201515019,0.10882900000001428,801112064
fold_2,evaluation,2021-04-24,L-R,shoulder,6552,6300,G1,False,1.5301770829828456,1.5209929999999758,0.10891279199859127,0.10690299999998842,801112064
fold_2,evaluation,2021-04-24,L-R,solar,5096,4900,G3,False,1.4999915409716778,1.4759529999999472,0.5128089169738814,0.4986820000000307,801112064
fold_2,evaluation,2021-04-24,L-N,night,5812,5592,G2,False,1.6585303750471212,1.6086939999999004,0.21673237497452646,0.21536700000001474,784089088
fold_2,evaluation,2021-04-24,L-N,shoulder,6552,6300,G3,False,1.5291854990064166,1.512850999999955,0.5658662909991108,0.4946300000000292,784089088
fold_2,evaluation,2021-04-24,L-N,solar,5096,4900,G4,False,1.3921715829637833,1.3714529999999172,0.6401831249822862,0.6375170000000026,784089088
fold_2,evaluation,2021-04-25,L-P,pooled,17460,16792,G2,False,2.831801959022414,2.763419000000056,0.4174061670200899,0.41495600000001787,774553600
fold_2,evaluation,2021-04-25,L-R,night,5812,5592,G2,False,1.5081730410456657,1.4836919999999623,0.2166035000118427,0.21585099999998647,772063232
fold_2,evaluation,2021-04-25,L-R,shoulder,6552,6300,G1,False,1.7071171250427142,1.6226969999999596,0.0894132920075208,0.0888299999999731,772063232
fold_2,evaluation,2021-04-25,L-R,solar,5096,4900,G2,False,1.384732292033732,1.3705600000000686,0.21042704198043793,0.20932199999998602,772063232
fold_2,evaluation,2021-04-25,L-N,night,5812,5592,G1,False,1.4072304160217755,1.3944009999999025,0.07624750002287328,0.07582899999999881,774553600
fold_2,evaluation,2021-04-25,L-N,shoulder,6552,6300,G3,False,1.5548814570065588,1.535628000000031,0.4711540410062298,0.467850999999996,774553600
fold_2,evaluation,2021-04-25,L-N,solar,5096,4900,G3,False,1.4389277910231613,1.3587819999999624,0.4191781660192646,0.41424999999998136,774553600
fold_2,evaluation,2021-04-26,L-P,pooled,17460,16791,G1,False,2.6137132079456933,2.5243090000000166,0.16934304201276973,0.16844299999996792,801112064
fold_2,evaluation,2021-04-26,L-R,night,5812,5591,G4,False,1.4772997510735877,1.4642220000000634,0.7631801670067944,0.752666999999974,784089088
fold_2,evaluation,2021-04-26,L-R,shoulder,6552,6300,G1,False,1.6041156670544297,1.5827909999999292,0.08785595902008936,0.087237000000016,784089088
fold_2,evaluation,2021-04-26,L-R,solar,5096,4900,G3,False,1.369482124922797,1.359833999999978,0.4293433749699034,0.4256939999999645,784089088
fold_2,evaluation,2021-04-26,L-N,night,5812,5591,G2,False,1.4533050419995561,1.4391539999999736,0.21883995801908895,0.21751999999997906,801112064
fold_2,evaluation,2021-04-26,L-N,shoulder,6552,6300,G4,False,1.5568766650394537,1.5395940000000223,0.8089382500038482,0.7478290000000243,801112064
fold_2,evaluation,2021-04-26,L-N,solar,5096,4900,G2,False,1.3500166239682585,1.3397450000000504,0.21234654099680483,0.21084600000000364,801112064
fold_2,evaluation,2021-04-27,L-P,pooled,17460,16790,G1,False,2.5533215000177734,2.5259430000000407,0.17085833399323747,0.1694400000000087,772063232
fold_2,evaluation,2021-04-27,L-R,night,5812,5590,G2,False,1.4599260410759598,1.4483259999999518,0.23422675003530458,0.23226600000003828,774553600
fold_2,evaluation,2021-04-27,L-R,shoulder,6552,6300,G1,False,1.6708412510342896,1.598906999999997,0.0897315830225125,0.08906899999999496,774553600
fold_2,evaluation,2021-04-27,L-R,solar,5096,4900,G3,False,1.3997196259442717,1.382848000000024,0.42332150001311675,0.4185380000000123,774553600
fold_2,evaluation,2021-04-27,L-N,night,5812,5590,G1,False,1.4318564590066671,1.4161960000000136,0.07592066703364253,0.07554899999996678,772063232
fold_2,evaluation,2021-04-27,L-N,shoulder,6552,6300,G4,False,1.5398152099223807,1.5243430000000444,0.8199002080364153,0.8094380000000001,772063232
fold_2,evaluation,2021-04-27,L-N,solar,5096,4900,G2,False,1.409777541004587,1.3444140000000289,0.20768604200566188,0.20633199999997487,772063232
fold_2,evaluation,2021-04-28,L-P,pooled,17460,16789,G1,False,2.600187583011575,2.5232690000000844,0.1677355410065502,0.16679799999997158,784089088
fold_2,evaluation,2021-04-28,L-R,night,5812,5589,G2,False,1.5229164159973152,1.5055859999999939,0.219471667020116,0.21800400000000764,801112064
fold_2,evaluation,2021-04-28,L-R,shoulder,6552,6300,G3,False,1.6479819170781411,1.6284630000000107,0.4713495000032708,0.4683849999999552,801112064
fold_2,evaluation,2021-04-28,L-R,solar,5096,4900,G3,False,1.4301683338708244,1.4139820000000327,0.4440629169694148,0.4360070000000178,801112064
fold_2,evaluation,2021-04-28,L-N,night,5812,5589,G1,False,1.4211764999199659,1.4105859999999666,0.10445337498094887,0.10096999999996115,774553600
fold_2,evaluation,2021-04-28,L-N,shoulder,6552,6300,G4,False,1.5623127500293776,1.5446450000000027,0.8159929579705931,0.8038839999999823,774553600
fold_2,evaluation,2021-04-28,L-N,solar,5096,4900,G1,False,1.355212458933238,1.3442859999999541,0.0737057919614017,0.07319400000000087,774553600
fold_2,evaluation,2021-04-29,L-P,pooled,17460,16789,G1,False,2.5806480000610463,2.5527360000000954,0.20683804200962186,0.2017500000000041,784089088
fold_2,evaluation,2021-04-29,L-R,night,5812,5589,G2,False,1.4920927919447422,1.4764650000000188,0.2645520410151221,0.2590139999999792,772063232
fold_2,evaluation,2021-04-29,L-R,shoulder,6552,6300,G1,False,1.6492988339159638,1.5838970000000359,0.11438462504884228,0.11073999999996431,772063232
fold_2,evaluation,2021-04-29,L-R,solar,5096,4900,G3,False,1.3598753340775147,1.3513700000000313,0.49126941699068993,0.4807749999999942,772063232
fold_2,evaluation,2021-04-29,L-N,night,5812,5589,G1,False,1.4318722910247743,1.4208490000000324,0.07847975002368912,0.07803400000000238,784089088
fold_2,evaluation,2021-04-29,L-N,shoulder,6552,6300,G2,False,1.5582514160196297,1.5415460000000394,0.23379887494957075,0.23244400000004362,784089088
fold_2,evaluation,2021-04-29,L-N,solar,5096,4900,G1,False,1.4446617079083808,1.371718000000044,0.0728515830123797,0.07244199999996681,784089088
fold_2,evaluation,2021-04-30,L-P,pooled,17460,16789,G1,False,2.708277624042239,2.6158509999999637,0.17361737496685237,0.1723739999999907,801112064
fold_2,evaluation,2021-04-30,L-R,night,5812,5589,G1,False,1.538153542962391,1.4747349999999528,0.08093170798383653,0.0802609999999504,774553600
fold_2,evaluation,2021-04-30,L-R,shoulder,6552,6300,G1,False,1.6094099159818143,1.5936310000000162,0.08978045801632106,0.0890910000000531,774553600
fold_2,evaluation,2021-04-30,L-R,solar,5096,4900,G1,False,1.391304333053995,1.3765379999999254,0.07465437502833083,0.07412699999997585,774553600
fold_2,evaluation,2021-04-30,L-N,night,5812,5589,G1,False,1.4257105830474757,1.4126790000000256,0.07698233297560364,0.07646399999998721,772063232
fold_2,evaluation,2021-04-30,L-N,shoulder,6552,6300,G4,False,1.5964091660571285,1.5738740000000462,0.7903519590036012,0.7828779999999824,772063232
fold_2,evaluation,2021-04-30,L-N,solar,5096,4900,G2,False,1.3728649580152705,1.3592980000000239,0.20751245797146112,0.20606599999996433,772063232
fold_2,evaluation,2021-05-01,L-P,pooled,17460,16789,G1,False,2.5365526259411126,2.515624999999943,0.17263070796616375,0.171512000000007,801112064
fold_2,evaluation,2021-05-01,L-R,night,5812,5589,G2,False,1.512527333048638,1.4957129999999665,0.22460254200268537,0.22330600000003642,784089088
fold_2,evaluation,2021-05-01,L-R,shoulder,6552,6300,G1,False,1.6256139170727693,1.6084369999999808,0.15775316703366116,0.09653700000001209,784089088
fold_2,evaluation,2021-05-01,L-R,solar,5096,4900,G1,False,1.457228998944629,1.4377420000000143,0.07349829201120883,0.07301499999999805,784089088
fold_2,evaluation,2021-05-01,L-N,night,5812,5589,G2,False,1.483357668039389,1.464037000000019,0.2145615839981474,0.21352500000000418,801112064
fold_2,evaluation,2021-05-01,L-N,shoulder,6552,6300,G2,False,1.5948716250131838,1.5749499999999443,0.2488027079962194,0.24689899999998488,801112064
fold_2,evaluation,2021-05-01,L-N,solar,5096,4900,G1,False,1.384141374961473,1.3703099999999608,0.07567416602978483,0.07331099999998969,801112064
fold_2,evaluation,2021-05-02,L-P,pooled,17460,16789,G1,False,2.6015132919419557,2.570986000000005,0.1763873339514248,0.17412999999999101,774553600
fold_2,evaluation,2021-05-02,L-R,night,5812,5589,G1,False,1.5284107079496607,1.457926999999927,0.08479150000493973,0.08367199999997865,772063232
fold_2,evaluation,2021-05-02,L-R,shoulder,6552,6300,G1,False,1.607819085009396,1.5863690000000474,0.09097366698551923,0.09034700000000839,772063232
fold_2,evaluation,2021-05-02,L-R,solar,5096,4900,G2,False,1.4823883749777451,1.461659999999938,0.2179303330485709,0.21644900000001144,772063232
fold_2,evaluation,2021-05-02,L-N,night,5812,5589,G2,False,1.4989251660881564,1.426952999999969,0.25662841700250283,0.25033600000000433,774553600
fold_2,evaluation,2021-05-02,L-N,shoulder,6552,6300,G4,False,1.5583529999712482,1.5392929999999865,0.7950048329657875,0.7848000000000184,774553600
fold_2,evaluation,2021-05-02,L-N,solar,5096,4900,G4,False,1.3681027490529232,1.355809000000022,0.7196080409921706,0.7098009999999704,774553600
fold_2,evaluation,2021-05-03,L-P,pooled,17460,16788,G1,False,2.6095502499956638,2.579736999999966,0.17033112503122538,0.16930300000001353,784089088
fold_2,evaluation,2021-05-03,L-R,night,5812,5588,G1,False,1.5373643340426497,1.5166070000000218,0.08088774996576831,0.08024999999997817,801112064
fold_2,evaluation,2021-05-03,L-R,shoulder,6552,6300,G1,False,1.6400015839608386,1.6184339999999793,0.10100124997552484,0.09811999999999443,801112064
fold_2,evaluation,2021-05-03,L-R,solar,5096,4900,G2,False,1.3800187070155516,1.3686320000000478,0.2172008329653181,0.21527100000002974,801112064
fold_2,evaluation,2021-05-03,L-N,night,5812,5588,G1,False,1.4436050429358147,1.4276869999999917,0.08003870799439028,0.07946099999998069,784089088
fold_2,evaluation,2021-05-03,L-N,shoulder,6552,6300,G3,False,1.567286376026459,1.549250999999913,0.5135440839803778,0.4540489999999977,784089088
fold_2,evaluation,2021-05-03,L-N,solar,5096,4900,G2,False,1.4324849579716101,1.4122059999999692,0.22200670797610655,0.21937400000001617,784089088
fold_2,evaluation,2021-05-04,L-P,pooled,17460,16788,G1,False,2.7083166249794886,2.663312000000019,0.1658140000072308,0.16508299999998144,772063232
fold_2,evaluation,2021-05-04,L-R,night,5812,5588,G1,False,1.4947415409842506,1.478659999999934,0.08093804103555158,0.08042999999997846,774553600
fold_2,evaluation,2021-05-04,L-R,shoulder,6552,6300,G1,False,1.6706217920291238,1.6437519999998926,0.09010737499920651,0.08941400000003341,774553600
fold_2,evaluation,2021-05-04,L-R,solar,5096,4900,G1,False,1.4995764989871532,1.4234130000000391,0.07221458299318328,0.07185999999995829,774553600
fold_2,evaluation,2021-05-04,L-N,night,5812,5588,G2,False,1.447226789954584,1.3813950000000546,0.29101341700879857,0.28314399999999296,801112064
fold_2,evaluation,2021-05-04,L-N,shoulder,6552,6300,G2,False,1.5353551230509765,1.5223459999999704,0.24427387496689335,0.24188500000002477,801112064
fold_2,evaluation,2021-05-04,L-N,solar,5096,4900,G2,False,1.4521649170783348,1.4266730000000507,0.22926858300343156,0.22462500000000318,801112064
fold_2,evaluation,2021-05-05,L-P,pooled,17460,16788,G1,False,2.6415662920335308,2.5537219999999934,0.2081395830027759,0.20388000000002648,772063232
fold_2,evaluation,2021-05-05,L-R,night,5812,5588,G1,False,1.5722956250538118,1.5496499999999855,0.10617408301914111,0.10142100000001619,784089088
fold_2,evaluation,2021-05-05,L-R,shoulder,6552,6300,G1,False,1.7152402910287492,1.6829559999999901,0.10380216699559242,0.10161900000002788,784089088
fold_2,evaluation,2021-05-05,L-R,solar,5096,4900,G1,False,1.43880187504692,1.4206159999999954,0.0737385840038769,0.07344799999998486,784089088
fold_2,evaluation,2021-05-05,L-N,night,5812,5588,G1,False,1.4543369169696234,1.4380769999999643,0.08041720802430063,0.07971400000002404,772063232
fold_2,evaluation,2021-05-05,L-N,shoulder,6552,6300,G1,False,1.6253375409869477,1.5993449999999712,0.08285404101479799,0.08238499999998794,772063232
fold_2,evaluation,2021-05-05,L-N,solar,5096,4900,G3,False,1.4898926650057547,1.456145000000049,0.40955904201837257,0.4066799999999944,772063232
fold_2,evaluation,2021-05-06,L-P,pooled,17460,16788,G1,False,2.671683293010574,2.6279289999999946,0.16715345904231071,0.1663859999999886,774553600
fold_2,evaluation,2021-05-06,L-R,night,5812,5588,G1,False,1.5951168750179932,1.5582560000000285,0.08171133301220834,0.081216999999981,801112064
fold_2,evaluation,2021-05-06,L-R,shoulder,6552,6300,G2,False,1.7062902079778723,1.678711000000078,0.3016519590164535,0.2922699999999736,801112064
fold_2,evaluation,2021-05-06,L-R,solar,5096,4900,G3,False,1.5007863760692999,1.4707100000000537,0.4103586249984801,0.4087180000000217,801112064
fold_2,evaluation,2021-05-06,L-N,night,5812,5588,G1,False,1.548310665995814,1.5218000000000416,0.07995395798934624,0.07901700000002165,784089088
fold_2,evaluation,2021-05-06,L-N,shoulder,6552,6300,G1,False,1.7278787908726372,1.6899210000000267,0.10334783303551376,0.1004689999999755,784089088
fold_2,evaluation,2021-05-06,L-N,solar,5096,4900,G3,False,1.3666562920552678,1.352615999999955,0.4043400000082329,0.4022449999999935,784089088
fold_2,evaluation,2021-05-07,L-P,pooled,17460,16788,G3,False,2.6772594989743084,2.635078000000078,0.7891673329868354,0.7827199999999834,774553600
fold_2,evaluation,2021-05-07,L-R,night,5812,5588,G1,False,1.5053709160420112,1.488190999999972,0.07920279103564098,0.07885099999998602,772063232
fold_2,evaluation,2021-05-07,L-R,shoulder,6552,6300,G1,False,1.5684179160161875,1.5560199999999895,0.08826954197138548,0.08786399999996775,772063232
fold_2,evaluation,2021-05-07,L-R,solar,5096,4900,G1,False,1.6098093339242041,1.5752689999999347,0.10239783296128735,0.09949899999998024,772063232
fold_2,evaluation,2021-05-07,L-N,night,5812,5588,G2,False,1.654415959957987,1.613939000000073,0.2160334159852937,0.21459600000002865,774553600
fold_2,evaluation,2021-05-07,L-N,shoulder,6552,6300,G2,False,1.6093358740326948,1.5849060000000463,0.23496187501586974,0.23342800000000352,774553600
fold_2,evaluation,2021-05-07,L-N,solar,5096,4900,G3,False,1.3452826249995269,1.336308000000031,0.47307562502101064,0.41802999999998747,774553600
fold_2,evaluation,2021-05-08,L-P,pooled,17460,16788,G1,False,2.6578127500251867,2.623796000000027,0.17396858398569748,0.17265099999997346,801112064
fold_2,evaluation,2021-05-08,L-R,night,5812,5588,G1,False,1.4825943320174702,1.4676939999999945,0.07877150003332645,0.07836000000003196,784089088
fold_2,evaluation,2021-05-08,L-R,shoulder,6552,6300,G3,False,1.545725125062745,1.5339220000000182,0.567085417045746,0.5521190000000047,784089088
fold_2,evaluation,2021-05-08,L-R,solar,5096,4900,G1,False,1.5231075819465332,1.4422020000000089,0.07380066701443866,0.07331299999998464,784089088
fold_2,evaluation,2021-05-08,L-N,night,5812,5588,G2,False,1.5871278329286724,1.50974599999995,0.21450170798925683,0.2133389999999622,772063232
fold_2,evaluation,2021-05-08,L-N,shoulder,6552,6300,G4,False,1.631506624922622,1.5618389999999636,0.7319641250069253,0.7282280000000014,772063232
fold_2,evaluation,2021-05-08,L-N,solar,5096,4900,G3,False,1.3602335000177845,1.3428500000000554,0.4607520420104265,0.4534150000000068,772063232
fold_2,evaluation,2021-05-09,L-P,pooled,17460,16788,G4,False,2.678022501000669,2.5833880000000136,1.264822083991021,1.2467619999999897,801112064
fold_2,evaluation,2021-05-09,L-R,night,5812,5588,G2,False,1.5322078329627402,1.5032560000000217,0.2277680420083925,0.22578299999997853,774553600
fold_2,evaluation,2021-05-09,L-R,shoulder,6552,6300,G4,False,1.5699824590119533,1.558807999999999,0.7492227920447476,0.7451980000000162,774553600
fold_2,evaluation,2021-05-09,L-R,solar,5096,4900,G1,False,1.4927094979793765,1.4157480000000078,0.0727409590035677,0.07234600000003866,774553600
fold_2,evaluation,2021-05-09,L-N,night,5812,5588,G2,False,1.4597621669527143,1.4440309999999386,0.2881955409538932,0.22817799999995714,784089088
fold_2,evaluation,2021-05-09,L-N,shoulder,6552,6300,G4,False,1.6379423749167472,1.609139999999968,0.7932931669638492,0.7822350000000142,784089088
fold_2,evaluation,2021-05-09,L-N,solar,5096,4900,G4,False,1.2888946239836514,1.2814000000000192,0.6953249579528347,0.6880270000000337,784089088
fold_2,evaluation,2021-05-10,L-P,pooled,17460,16788,G4,False,2.5983762920368463,2.5157350000000065,1.1831496660015546,1.1740029999999706,801112064
fold_2,evaluation,2021-05-10,L-R,night,5812,5588,G2,False,1.4448536659474485,1.43462999999997,0.22174791700672358,0.2206019999999853,772063232
fold_2,evaluation,2021-05-10,L-R,shoulder,6552,6300,G1,False,1.567303876101505,1.5535259999999766,0.0879221250070259,0.08755100000001903,772063232
fold_2,evaluation,2021-05-10,L-R,solar,5096,4900,G3,False,1.5707002489361912,1.535449999999969,0.4168440000503324,0.41468500000001995,772063232
fold_2,evaluation,2021-05-10,L-N,night,5812,5588,G4,False,1.5964960830751806,1.5623730000000364,0.6905902909929864,0.6857709999999884,801112064
fold_2,evaluation,2021-05-10,L-N,shoulder,6552,6300,G2,False,1.5226557909627445,1.5111899999999423,0.231974457972683,0.23069400000002815,801112064
fold_2,evaluation,2021-05-10,L-N,solar,5096,4900,G4,False,1.343976542004384,1.3341210000000387,0.6500897079822607,0.6421229999999696,801112064
fold_2,evaluation,2021-05-11,L-P,pooled,17460,16788,G4,False,2.7057739989832044,2.661783000000014,1.1442597919958644,1.1344250000000216,774553600
fold_2,evaluation,2021-05-11,L-R,night,5812,5588,G2,False,1.4682960829813965,1.457027000000096,0.21737274999031797,0.2166339999999991,784089088
fold_2,evaluation,2021-05-11,L-R,shoulder,6552,6300,G4,False,1.5755694590043277,1.559597999999994,0.748690957960207,0.7451950000000238,784089088
fold_2,evaluation,2021-05-11,L-R,solar,5096,4900,G1,False,1.3924619579920545,1.3767449999999712,0.0717676660278812,0.07151099999998678,784089088
fold_2,evaluation,2021-05-11,L-N,night,5812,5588,G3,False,1.4395145820453763,1.4229050000000143,0.42749787494540215,0.4247090000000071,772063232
fold_2,evaluation,2021-05-11,L-N,shoulder,6552,6300,G2,False,1.5780548760667443,1.5575309999999831,0.22663533297600225,0.22596199999998134,772063232
fold_2,evaluation,2021-05-11,L-N,solar,5096,4900,G4,False,1.3630042090080678,1.3465119999999615,0.648050041985698,0.6447469999999953,772063232
fold_2,evaluation,2021-05-12,L-P,pooled,17460,16788,G3,False,2.519112000009045,2.4941629999999577,0.7684525829972699,0.76557600000001,774553600
fold_2,evaluation,2021-05-12,L-R,night,5812,5588,G2,False,1.4746327920584008,1.4616300000000138,0.21895091602345929,0.21778699999998707,801112064
fold_2,evaluation,2021-05-12,L-R,shoulder,6552,6300,G3,False,1.5525290410150774,1.5409220000000232,0.5403567919856869,0.5316210000000297,801112064
fold_2,evaluation,2021-05-12,L-R,solar,5096,4900,G4,False,1.4429015840869397,1.4238909999999123,0.6566607079585083,0.6537169999999719,801112064
fold_2,evaluation,2021-05-12,L-N,night,5812,5588,G3,False,1.5072327498928644,1.485095000000058,0.4228039999725297,0.42090500000000475,774553600
fold_2,evaluation,2021-05-12,L-N,shoulder,6552,6300,G1,False,1.589862126042135,1.5686730000000466,0.08445183298317716,0.08384100000000672,774553600
fold_2,evaluation,2021-05-12,L-N,solar,5096,4900,G4,False,1.3543715000269003,1.343389000000002,0.6485270420089364,0.6447749999999814,774553600
fold_2,evaluation,2021-05-13,L-P,pooled,17460,16788,G4,False,2.532568251073826,2.505206000000044,1.2035108339623548,1.1907219999999938,784089088
fold_2,evaluation,2021-05-13,L-R,night,5812,5588,G3,False,1.4651715840445831,1.4528140000000462,0.43887379101943225,0.43642399999998815,772063232
fold_2,evaluation,2021-05-13,L-R,shoulder,6552,6300,G3,False,1.5694031260791235,1.5449170000001118,0.46022524998988956,0.4582990000000109,772063232
fold_2,evaluation,2021-05-13,L-R,solar,5096,4900,G3,False,1.439513749035541,1.4192850000000021,0.41671266697812825,0.41437400000000935,772063232
fold_2,evaluation,2021-05-13,L-N,night,5812,5588,G4,False,1.5081748759839684,1.481490000000008,0.7572722080512904,0.693507000000011,784089088
fold_2,evaluation,2021-05-13,L-N,shoulder,6552,6300,G4,False,1.6324467498925515,1.6086010000000215,0.7689582079765387,0.7621189999999842,784089088
fold_2,evaluation,2021-05-13,L-N,solar,5096,4900,G3,False,1.3322012499556877,1.3213550000000396,0.40409904095577076,0.40235900000004676,784089088
fold_2,evaluation,2021-05-14,L-P,pooled,17460,16788,G3,False,2.606453293003142,2.5292720000000486,0.7596474579768255,0.7568630000000098,801112064
fold_2,evaluation,2021-05-14,L-R,night,5812,5588,G4,False,1.5165230419952422,1.4502860000000055,0.6979627910186537,0.6944579999999974,774553600
fold_2,evaluation,2021-05-14,L-R,shoulder,6552,6300,G3,False,1.610310417949222,1.5921199999999658,0.4585529579780996,0.456292000000019,774553600
fold_2,evaluation,2021-05-14,L-R,solar,5096,4900,G3,False,1.494652958062943,1.4694829999999115,0.4126769169815816,0.41016500000000633,774553600
fold_2,evaluation,2021-05-14,L-N,night,5812,5588,G4,False,1.5421440009959042,1.5158420000000206,0.6887204590020701,0.6850630000000137,772063232
fold_2,evaluation,2021-05-14,L-N,shoulder,6552,6300,G4,False,1.5480141681036912,1.531086000000073,0.7635075419675559,0.7564859999999953,772063232
fold_2,evaluation,2021-05-14,L-N,solar,5096,4900,G3,False,1.3684880409855396,1.3547130000000607,0.4061854579485953,0.4037710000000061,772063232
fold_2,evaluation,2021-05-15,L-P,pooled,17460,16788,G3,False,2.677203708968591,2.636015000000043,0.7711502910242416,0.7665380000000255,801112064
fold_2,evaluation,2021-05-15,L-R,night,5812,5588,G3,False,1.4585942089906894,1.4454649999998992,0.46832945896312594,0.4601700000000051,784089088
fold_2,evaluation,2021-05-15,L-R,shoulder,6552,6300,G3,False,1.6703438748954795,1.5921829999999773,0.5130596670205705,0.5057320000000232,784089088
fold_2,evaluation,2021-05-15,L-R,solar,5096,4900,G1,False,1.3783358750515617,1.3635549999999625,0.07239654200384393,0.07208400000001802,784089088
fold_2,evaluation,2021-05-15,L-N,night,5812,5588,G4,False,1.4661700410069898,1.4461099999999192,0.6626477080280893,0.6600450000000251,801112064
fold_2,evaluation,2021-05-15,L-N,shoulder,6552,6300,G4,False,1.578108792018611,1.5607499999999845,0.796536959009245,0.7863060000000246,801112064
fold_2,evaluation,2021-05-15,L-N,solar,5096,4900,G4,False,1.371747415047139,1.3581009999999765,0.741842083982192,0.6785939999999755,801112064
fold_2,evaluation,2021-05-16,L-P,pooled,17460,16788,G4,False,2.565359832951799,2.5367859999999496,1.26688325003488,1.1976129999999898,774553600
fold_2,evaluation,2021-05-16,L-R,night,5812,5588,G4,False,1.5664981669397093,1.487971000000016,0.7416630840161815,0.7327310000000011,772063232
fold_2,evaluation,2021-05-16,L-R,shoulder,6552,6300,G3,False,1.61066625098465,1.5942000000001144,0.49995204096194357,0.49459300000000894,772063232
fold_2,evaluation,2021-05-16,L-R,solar,5096,4900,G4,False,1.4525694580515847,1.433212000000026,0.6676257500075735,0.6636069999999563,772063232
fold_2,evaluation,2021-05-16,L-N,night,5812,5588,G3,False,1.5201668330118991,1.4995279999999411,0.44085041602374986,0.4357439999999997,774553600
fold_2,evaluation,2021-05-16,L-N,shoulder,6552,6300,G4,False,1.5863185829948634,1.5647390000000314,0.8175037499750033,0.8044029999999793,774553600
fold_2,evaluation,2021-05-16,L-N,solar,5096,4900,G3,False,1.3542082920321263,1.3418699999999149,0.41496175003703684,0.41153700000006666,774553600
fold_2,evaluation,2021-05-17,L-P,pooled,17460,16788,G4,False,2.5888274999451824,2.5548220000000015,1.1931005419464782,1.181771000000026,784089088
fold_2,evaluation,2021-05-17,L-R,night,5812,5588,G4,False,1.4910229169763625,1.4756919999998672,0.726629332988523,0.7216799999999921,801112064
fold_2,evaluation,2021-05-17,L-R,shoulder,6552,6300,G4,False,1.615109583013691,1.5979310000000169,0.9033249580534175,0.8857649999999921,801112064
fold_2,evaluation,2021-05-17,L-R,solar,5096,4900,G3,False,1.4655540830572136,1.4475630000000592,0.48260516696609557,0.42267200000003413,801112064
fold_2,evaluation,2021-05-17,L-N,night,5812,5588,G4,False,1.440804124926217,1.426292999999987,0.7591145830228925,0.7450919999999996,784089088
fold_2,evaluation,2021-05-17,L-N,shoulder,6552,6300,G3,False,1.7028829180635512,1.6678170000000136,0.44751583301695064,0.4450689999999895,784089088
fold_2,evaluation,2021-05-17,L-N,solar,5096,4900,G3,False,1.4059059990104288,1.3395409999999401,0.4360016669961624,0.43095900000002985,784089088
fold_2,evaluation,2021-05-18,L-P,pooled,17460,16788,G3,False,2.6514357500127517,2.564375000000041,0.8346104999654926,0.8253589999999349,772063232
fold_2,evaluation,2021-05-18,L-R,night,5812,5588,G3,False,1.5415743760531768,1.4687390000000278,0.4515250829863362,0.4483579999999847,774553600
fold_2,evaluation,2021-05-18,L-R,shoulder,6552,6300,G4,False,1.6656050420133397,1.637681000000157,0.7604389170301147,0.7564750000000231,774553600
fold_2,evaluation,2021-05-18,L-R,solar,5096,4900,G4,False,1.5597393760690466,1.5304500000000871,0.6662350000115111,0.6616720000000669,774553600
fold_2,evaluation,2021-05-18,L-N,night,5812,5588,G4,False,1.5895068329991773,1.5596559999997908,0.7551347500411794,0.7410810000000083,772063232
fold_2,evaluation,2021-05-18,L-N,shoulder,6552,6300,G2,False,1.6920599170261994,1.605359000000135,0.26946758397389203,0.26331100000004426,772063232
fold_2,evaluation,2021-05-18,L-N,solar,5096,4900,G4,False,1.374800332938321,1.3566099999998187,0.6655188750009984,0.6601590000000215,772063232
fold_2,evaluation,2021-05-19,L-P,pooled,17460,16788,G3,False,2.6689365419442765,2.6299790000000485,0.7752507500117645,0.7700770000000148,801112064
fold_2,evaluation,2021-05-19,L-R,night,5812,5588,G4,False,1.5901526680099778,1.5644229999999197,0.7129099580342881,0.7090670000000046,784089088
fold_2,evaluation,2021-05-19,L-R,shoulder,6552,6300,G3,False,1.6052613749634475,1.5863519999999198,0.4647226660163142,0.46237599999994927,784089088
fold_2,evaluation,2021-05-19,L-R,solar,5096,4900,G3,False,1.4680037919897586,1.4437279999999646,0.5048117500264198,0.4414209999999912,784089088
fold_2,evaluation,2021-05-19,L-N,night,5812,5588,G3,False,1.609881249954924,1.51811199999986,0.41712879203259945,0.41479100000003655,801112064
fold_2,evaluation,2021-05-19,L-N,shoulder,6552,6300,G4,False,1.6111334590241313,1.590562999999861,0.7780147500452586,0.7684600000000046,801112064
fold_2,evaluation,2021-05-19,L-N,solar,5096,4900,G4,False,1.3862662499886937,1.3709990000000971,0.6734302080003545,0.6676449999999932,801112064
fold_2,evaluation,2021-05-20,L-P,pooled,17460,16788,G3,False,2.7427968740230426,2.6381659999999556,0.7835261250147596,0.7780429999999114,774553600
fold_2,evaluation,2021-05-20,L-R,night,5812,5588,G4,False,1.4576945840381086,1.4432349999999587,0.839498832996469,0.8206199999999626,772063232
fold_2,evaluation,2021-05-20,L-R,shoulder,6552,6300,G4,False,1.5730489160050638,1.5558449999999766,0.7853152909665368,0.7791969999999537,772063232
fold_2,evaluation,2021-05-20,L-R,solar,5096,4900,G2,False,1.4316682500066236,1.4145240000000285,0.21112754102796316,0.2097119999999677,772063232
fold_2,evaluation,2021-05-20,L-N,night,5812,5588,G3,False,1.5205826240126044,1.4953590000000077,0.41580904100555927,0.4128520000000435,774553600
fold_2,evaluation,2021-05-20,L-N,shoulder,6552,6300,G4,False,1.6307818759814836,1.6040349999998398,0.7514128750190139,0.7445989999999938,774553600
fold_2,evaluation,2021-05-20,L-N,solar,5096,4900,G3,False,1.3475785839837044,1.335754000000179,0.39848770800745115,0.3969479999999521,774553600
fold_2,evaluation,2021-05-21,L-P,pooled,17460,16788,G3,False,2.6641349169658497,2.627379000000019,0.754074458964169,0.7512470000000349,784089088
fold_2,evaluation,2021-05-21,L-R,night,5812,5588,G4,False,1.4945467510260642,1.4774719999999206,0.7686639160383493,0.7561640000000125,801112064
fold_2,evaluation,2021-05-21,L-R,shoulder,6552,6300,G3,False,1.6627735011279583,1.640267000000108,0.5169508750550449,0.5091800000000148,801112064
fold_2,evaluation,2021-05-21,L-R,solar,5096,4900,G1,False,1.481026791036129,1.3932310000000143,0.07613595901057124,0.07519300000001294,801112064
fold_2,evaluation,2021-05-21,L-N,night,5812,5588,G2,False,1.5208280410151929,1.4958100000001195,0.21236345800571144,0.20841500000005908,784089088
fold_2,evaluation,2021-05-21,L-N,shoulder,6552,6300,G1,False,1.6010313340229914,1.5761519999999791,0.08404716697987169,0.08351300000003903,784089088
fold_2,evaluation,2021-05-21,L-N,solar,5096,4900,G3,False,1.45545712497551,1.3619059999999763,0.4197687499690801,0.4169560000000274,784089088
fold_2,evaluation,2021-05-22,L-P,pooled,17460,16788,G3,False,2.640200335008558,2.5474839999999404,0.8637241669930518,0.8483589999999595,772063232
fold_2,evaluation,2021-05-22,L-R,night,5812,5588,G4,False,1.4763600429869257,1.455508000000009,0.8060014579677954,0.7900740000000042,774553600
fold_2,evaluation,2021-05-22,L-R,shoulder,6552,6300,G4,False,1.5878818330238573,1.5710790000000543,0.8742894590250216,0.8035650000000487,774553600
fold_2,evaluation,2021-05-22,L-R,solar,5096,4900,G2,False,1.4308506670058705,1.4070250000000897,0.2228873330168426,0.22003400000005513,774553600
fold_2,evaluation,2021-05-22,L-N,night,5812,5588,G2,False,1.495559956994839,1.4709340000000566,0.21717137499945238,0.21541500000000724,772063232
fold_2,evaluation,2021-05-22,L-N,shoulder,6552,6300,G4,False,1.645520584017504,1.621050000000082,0.7456158329732716,0.7407399999999598,772063232
fold_2,evaluation,2021-05-22,L-N,solar,5096,4900,G4,False,1.3373135420843028,1.3261139999999614,0.7702715829946101,0.7057839999999942,772063232
fold_2,evaluation,2021-05-23,L-P,pooled,17460,16788,G3,False,2.5477499160915613,2.5194329999999354,0.93067637499189,0.8579519999999548,801112064
fold_2,evaluation,2021-05-23,L-R,night,5812,5588,G4,False,1.5048605410265736,1.4863659999999754,0.7320344159961678,0.7263269999999693,784089088
fold_2,evaluation,2021-05-23,L-R,shoulder,6552,6300,G3,False,1.6049257919657975,1.5898549999999432,0.48388762498507276,0.4785580000000209,784089088
fold_2,evaluation,2021-05-23,L-R,solar,5096,4900,G3,False,1.5177625829237513,1.4359439999999495,0.43846004200167954,0.4328369999999495,784089088
fold_2,evaluation,2021-05-23,L-N,night,5812,5588,G3,False,1.5382205419591628,1.5145679999999402,0.41743370797485113,0.4146769999999833,801112064
fold_2,evaluation,2021-05-23,L-N,shoulder,6552,6300,G4,False,1.578808874997776,1.560521999999878,0.754365874978248,0.746778000000063,801112064
fold_2,evaluation,2021-05-23,L-N,solar,5096,4900,G4,False,1.352659831987694,1.3392519999999877,0.6600435419823043,0.6554869999999937,801112064
fold_2,evaluation,2021-05-24,L-P,pooled,17460,16788,G3,False,2.5563099160208367,2.5300660000000335,0.8053867500275373,0.7980760000000373,774553600
fold_2,evaluation,2021-05-24,L-R,night,5812,5588,G3,False,1.4721722079557367,1.4568729999999732,0.4569757910212502,0.4530809999999974,772063232
fold_2,evaluation,2021-05-24,L-R,shoulder,6552,6300,G4,False,1.6763072520843707,1.595583000000147,0.7847145000123419,0.7794709999999441,772063232
fold_2,evaluation,2021-05-24,L-R,solar,5096,4900,G1,False,1.4029231250169687,1.3878160000000435,0.07737762504257262,0.07681800000000294,772063232
fold_2,evaluation,2021-05-24,L-N,night,5812,5588,G3,False,1.4441857089987025,1.4320599999998649,0.4402741249650717,0.4355840000000626,784089088
fold_2,evaluation,2021-05-24,L-N,shoulder,6552,6300,G3,False,1.5237840399495326,1.5115469999999505,0.4570764169911854,0.4530960000000732,784089088
fold_2,evaluation,2021-05-24,L-N,solar,5096,4900,G4,False,1.375872707052622,1.358963000000017,0.7742877079872414,0.7017620000000306,784089088
fold_2,evaluation,2021-05-25,L-P,pooled,17460,16788,G4,False,2.5610840420704335,2.5284259999999676,1.2685401249909773,1.1989280000000235,774553600
fold_2,evaluation,2021-05-25,L-R,night,5812,5588,G4,False,1.5643922080635093,1.4880629999998973,0.7697351669776253,0.7607659999999896,801112064
fold_2,evaluation,2021-05-25,L-R,shoulder,6552,6300,G4,False,1.6021438750321977,1.5869979999999941,0.8133328749681823,0.8027749999999969,801112064
fold_2,evaluation,2021-05-25,L-R,solar,5096,4900,G1,False,1.3694944999879226,1.3591129999999794,0.07327833300223574,0.07282500000007985,801112064
fold_2,evaluation,2021-05-25,L-N,night,5812,5588,G4,False,1.4527960409759544,1.436439000000064,0.6818189589539543,0.6709690000000137,774553600
fold_2,evaluation,2021-05-25,L-N,shoulder,6552,6300,G3,False,1.5397568329935893,1.5226719999999432,0.4609962090034969,0.45753100000001723,774553600
fold_2,evaluation,2021-05-25,L-N,solar,5096,4900,G4,False,1.378627916914411,1.3653900000000476,0.6664824589970522,0.6615679999999884,774553600
fold_2,evaluation,2021-05-26,L-P,pooled,17460,16788,G3,False,2.588776707998477,2.557459999999992,0.7963782079750672,0.7907510000000002,772063232
fold_2,evaluation,2021-05-26,L-R,night,5812,5588,G4,False,1.4822991250548512,1.4690600000000131,0.7225889159599319,0.7171899999999596,784089088
fold_2,evaluation,2021-05-26,L-R,shoulder,6552,6300,G3,False,1.657017872959841,1.5794560000000502,0.48401662497781217,0.4805029999999988,784089088
fold_2,evaluation,2021-05-26,L-R,solar,5096,4900,G3,False,1.3990211240015924,1.3826239999998506,0.41588433302240446,0.4133709999999837,784089088
fold_2,evaluation,2021-05-26,L-N,night,5812,5588,G4,False,1.448006541992072,1.4301479999999174,0.6867915000184439,0.6815090000000055,772063232
fold_2,evaluation,2021-05-26,L-N,shoulder,6552,6300,G4,False,1.5463647930300795,1.5314999999999372,0.7731489159632474,0.7643360000000712,772063232
fold_2,evaluation,2021-05-26,L-N,solar,5096,4900,G3,False,1.4313974590040743,1.360358999999903,0.41456245799781755,0.4118740000000116,772063232
fold_2,evaluation,2021-05-27,L-P,pooled,17460,16788,G4,False,2.6007238760357723,2.5226120000000947,1.2102784579619765,1.1964439999999286,801112064
fold_2,evaluation,2021-05-27,L-R,night,5812,5588,G3,False,1.5362340420833789,1.461095000000114,0.4457249580300413,0.4426570000000538,774553600
fold_2,evaluation,2021-05-27,L-R,shoulder,6552,6300,G3,False,1.5735599160543643,1.5593529999999873,0.49633370898664,0.4909450000000106,774553600
fold_2,evaluation,2021-05-27,L-R,solar,5096,4900,G3,False,1.4062606249935925,1.3898450000000366,0.4219168340205215,0.41899800000010146,774553600
fold_2,evaluation,2021-05-27,L-N,night,5812,5588,G3,False,1.428891626012046,1.413801000000035,0.4262647079885937,0.42302700000004734,784089088
fold_2,evaluation,2021-05-27,L-N,shoulder,6552,6300,G4,False,1.568956708011683,1.550698999999895,0.8120694999815896,0.7502739999999903,784089088
fold_2,evaluation,2021-05-27,L-N,solar,5096,4900,G3,False,1.3508426249609329,1.3396720000001778,0.4174045420368202,0.41428499999994983,784089088
fold_2,evaluation,2021-05-28,L-P,pooled,17460,16788,G3,False,2.5426608339184895,2.515739999999937,0.8260526660014875,0.8154250000000047,801112064
fold_2,evaluation,2021-05-28,L-R,night,5812,5588,G4,False,1.4583504169713706,1.4436459999999443,0.7917463750345632,0.7793210000000954,772063232
fold_2,evaluation,2021-05-28,L-R,shoulder,6552,6300,G3,False,1.5784069580840878,1.5655310000001919,0.48096466704737395,0.4775250000000142,772063232
fold_2,evaluation,2021-05-28,L-R,solar,5096,4900,G4,False,1.43362695799442,1.360038000000145,0.6733937499811873,0.6671259999999393,772063232
fold_2,evaluation,2021-05-28,L-N,night,5812,5588,G3,False,1.516800501034595,1.4413079999999354,0.41909849998774007,0.4161870000000363,774553600
fold_2,evaluation,2021-05-28,L-N,shoulder,6552,6300,G4,False,1.5348615419934504,1.520275999999967,0.8104554999736138,0.7974249999999756,774553600
fold_2,evaluation,2021-05-28,L-N,solar,5096,4900,G3,False,1.3343345819739625,1.3251270000001796,0.42617312498623505,0.4212840000000142,774553600
fold_2,evaluation,2021-05-29,L-P,pooled,17460,16788,G3,False,2.6104403330245987,2.5251140000000305,0.7927068750141189,0.7872019999999793,801112064
fold_2,evaluation,2021-05-29,L-R,night,5812,5588,G3,False,1.4539790829876438,1.4440759999999955,0.4466700420016423,0.4416640000000598,784089088
fold_2,evaluation,2021-05-29,L-R,shoulder,6552,6300,G3,False,1.6001602089963853,1.583206999999902,0.5057756250025705,0.49811400000010053,784089088
fold_2,evaluation,2021-05-29,L-R,solar,5096,4900,G3,False,1.38620266597718,1.3719480000000885,0.4270150419906713,0.4230680000000575,784089088
fold_2,evaluation,2021-05-29,L-N,night,5812,5588,G4,False,1.4386771250283346,1.4238229999999703,0.7301765829906799,0.7230989999999338,801112064
fold_2,evaluation,2021-05-29,L-N,shoulder,6552,6300,G4,False,1.6345436240080744,1.556603999999993,0.8051577919977717,0.7929960000000165,801112064
fold_2,evaluation,2021-05-29,L-N,solar,5096,4900,G4,False,1.3806342930183746,1.3662109999999075,0.7007654159679078,0.692201999999952,801112064
fold_2,evaluation,2021-05-30,L-P,pooled,17460,16788,G3,False,2.6090950408834033,2.575114999999869,0.79712283302797,0.7905380000000832,772063232
fold_2,evaluation,2021-05-30,L-R,night,5812,5588,G4,False,1.4662867509759963,1.4521180000000413,0.7209397089900449,0.713848999999982,774553600
fold_2,evaluation,2021-05-30,L-R,shoulder,6552,6300,G3,False,1.5748680000542663,1.5628529999999046,0.4701902500237338,0.46692300000006526,774553600
fold_2,evaluation,2021-05-30,L-R,solar,5096,4900,G3,False,1.5329040000215173,1.4517799999999852,0.4187514159712009,0.41586100000006354,774553600
fold_2,evaluation,2021-05-30,L-N,night,5812,5588,G4,False,1.4366646679700352,1.4208129999999528,0.7800162920029834,0.7657409999999345,784089088
fold_2,evaluation,2021-05-30,L-N,shoulder,6552,6300,G4,False,1.5823421250097454,1.5587800000000698,0.7615850830334239,0.7561079999999265,784089088
fold_2,evaluation,2021-05-30,L-N,solar,5096,4900,G4,False,1.342849501001183,1.3317039999999452,0.6679924170020968,0.6634800000000496,784089088
fold_2,evaluation,2021-05-31,L-P,pooled,17460,16788,G4,False,2.660058875917457,2.576712000000043,1.1887365829898044,1.178498999999988,772063232
fold_2,evaluation,2021-05-31,L-R,night,5812,5588,G3,False,1.475336708012037,1.4634719999999106,0.44096495799021795,0.4380400000000009,801112064
fold_2,evaluation,2021-05-31,L-R,shoulder,6552,6300,G3,False,1.5962977069430053,1.5789769999998953,0.47820983396377414,0.4714480000000094,801112064
fold_2,evaluation,2021-05-31,L-R,solar,5096,4900,G4,False,1.4370312089449726,1.4142550000000256,0.6877221660106443,0.6830790000000206,801112064
fold_2,evaluation,2021-05-31,L-N,night,5812,5588,G4,False,1.4788490840583108,1.457369999999969,0.7098800410167314,0.7048910000000888,772063232
fold_2,evaluation,2021-05-31,L-N,shoulder,6552,6300,G4,False,1.594961708993651,1.5159170000000586,0.798065041017253,0.7872969999999668,772063232
fold_2,evaluation,2021-05-31,L-N,solar,5096,4900,G2,False,1.3665417089941911,1.3524459999999863,0.20729874999960884,0.2056039999999939,772063232
fold_2,evaluation,2021-06-01,L-P,pooled,17460,16788,G4,False,2.54944762395462,2.5164150000001655,1.1841844579903409,1.175373000000036,774553600
fold_2,evaluation,2021-06-01,L-R,night,5812,5588,G3,False,1.4821395839680918,1.466948999999886,0.44188033300451934,0.43806900000004134,784089088
fold_2,evaluation,2021-06-01,L-R,shoulder,6552,6300,G3,False,1.6161778759560548,1.5965820000001258,0.5426661669625901,0.5325829999999314,784089088
fold_2,evaluation,2021-06-01,L-R,solar,5096,4900,G3,False,1.3886059159995057,1.3753410000000486,0.4567682499764487,0.44960600000001705,784089088
fold_2,evaluation,2021-06-01,L-N,night,5812,5588,G2,False,1.507342333032284,1.4289580000000797,0.22056420898297802,0.21911899999997786,774553600
fold_2,evaluation,2021-06-01,L-N,shoulder,6552,6300,G3,False,1.5987597500206903,1.5750170000001162,0.46002783300355077,0.4564269999999624,774553600
fold_2,evaluation,2021-06-01,L-N,solar,5096,4900,G3,False,1.4117413759813644,1.3890900000001238,0.4149523330270313,0.4118270000000166,774553600
fold_2,evaluation,2021-06-02,L-P,pooled,17460,16788,G4,False,2.686411750037223,2.587902999999983,1.2197423750185408,1.2054410000000644,801112064
fold_2,evaluation,2021-06-02,L-R,night,5812,5588,G2,False,1.5181879170122556,1.4954279999998334,0.25198391603771597,0.2471770000000788,772063232
fold_2,evaluation,2021-06-02,L-R,shoulder,6552,6300,G1,False,1.5801811669953167,1.565341999999987,0.08719345898134634,0.08666600000003655,772063232
fold_2,evaluation,2021-06-02,L-R,solar,5096,4900,G4,False,1.4328201669850387,1.4123749999998836,0.6662812500144355,0.6623859999999695,772063232
fold_2,evaluation,2021-06-02,L-N,night,5812,5588,G4,False,1.4537009579362348,1.4383199999998624,0.7192912499886006,0.7112530000000561,801112064
fold_2,evaluation,2021-06-02,L-N,shoulder,6552,6300,G3,False,1.616735708026681,1.534934999999905,0.4742810410098173,0.4694279999999935,801112064
fold_2,evaluation,2021-06-02,L-N,solar,5096,4900,G4,False,1.3351061250432394,1.3251510000000053,0.7051432500011288,0.6949349999999868,801112064
fold_2,evaluation,2021-06-03,L-P,pooled,17460,16788,G3,False,2.5259947510785423,2.5017789999999422,0.7692345829564147,0.7647799999999734,784089088
fold_2,evaluation,2021-06-03,L-R,night,5812,5588,G3,False,1.4616901250556111,1.442068000000063,0.43503270897781476,0.4322219999999106,774553600
fold_2,evaluation,2021-06-03,L-R,shoulder,6552,6300,G4,False,1.5950616239570081,1.5779509999998709,0.8487402910250239,0.8332629999999881,774553600
fold_2,evaluation,2021-06-03,L-R,solar,5096,4900,G4,False,1.3884564159670845,1.3744120000000066,0.7783241660217755,0.7031240000000025,774553600
fold_2,evaluation,2021-06-03,L-N,night,5812,5588,G4,False,1.4345161680248566,1.4202049999998962,0.8013405000092462,0.7292309999999134,784089088
fold_2,evaluation,2021-06-03,L-N,shoulder,6552,6300,G4,False,1.5638774589751847,1.543231999999989,0.7863966670120135,0.7768730000000232,784089088
fold_2,evaluation,2021-06-03,L-N,solar,5096,4900,G4,False,1.3570950829889625,1.3423409999998057,0.6981000830419362,0.6885600000000522,784089088
fold_2,evaluation,2021-06-04,L-P,pooled,17460,16788,G3,False,2.675547417020425,2.5765650000000733,0.7879936249810271,0.7780520000000024,772063232
fold_2,evaluation,2021-06-04,L-R,night,5812,5588,G3,False,1.504504333017394,1.4882389999999077,0.468182957964018,0.46147099999996044,801112064
fold_2,evaluation,2021-06-04,L-R,shoulder,6552,6300,G3,False,1.591895458928775,1.5731039999999439,0.4632136250147596,0.4606819999999061,801112064
fold_2,evaluation,2021-06-04,L-R,solar,5096,4900,G3,False,1.418751917022746,1.3997360000000754,0.4150028339936398,0.4121499999999969,801112064
fold_2,evaluation,2021-06-04,L-N,night,5812,5588,G4,False,1.4804123339126818,1.4602950000000874,0.7239057500264607,0.7138539999999693,772063232
fold_2,evaluation,2021-06-04,L-N,shoulder,6552,6300,G3,False,1.540294541977346,1.5223389999999881,0.5031924590002745,0.4529380000000174,772063232
fold_2,evaluation,2021-06-04,L-N,solar,5096,4900,G3,False,1.3587955410475843,1.3458960000001525,0.4107742910273373,0.4080380000000332,772063232
fold_2,evaluation,2021-06-05,L-P,pooled,17460,16788,G3,False,2.5334522500052117,2.5065889999999627,0.7714645420201123,0.7667330000000447,774553600
fold_2,evaluation,2021-06-05,L-R,night,5812,5588,G3,False,1.5100987919722684,1.493011000000024,0.43289145798189566,0.4300910000000613,784089088
fold_2,evaluation,2021-06-05,L-R,shoulder,6552,6300,G3,False,1.6956541680265218,1.6662310000000389,0.4751612500404008,0.47206100000005335,784089088
fold_2,evaluation,2021-06-05,L-R,solar,5096,4900,G3,False,1.4982987930998206,1.4209959999999455,0.41684233403066173,0.4135390000000143,784089088
fold_2,evaluation,2021-06-05,L-N,night,5812,5588,G3,False,1.4424657919444144,1.4263749999998936,0.5186585410265252,0.4494920000000775,774553600
fold_2,evaluation,2021-06-05,L-N,shoulder,6552,6300,G3,False,1.5608338749734685,1.544548000000077,0.4696266250102781,0.46353499999997894,774553600
fold_2,evaluation,2021-06-05,L-N,solar,5096,4900,G2,False,1.4404385829693638,1.4141470000000709,0.21763533301418647,0.21290099999998802,774553600
fold_2,evaluation,2021-06-06,L-P,pooled,17460,16788,G4,False,2.7387508739484474,2.636793000000125,1.2140899160294794,1.2009199999999964,801112064
fold_2,evaluation,2021-06-06,L-R,night,5812,5588,G3,False,1.555159082985483,1.5318990000000667,0.4906856659799814,0.4821960000000445,772063232
fold_2,evaluation,2021-06-06,L-R,shoulder,6552,6300,G3,False,1.5549652909394354,1.5423000000000684,0.5028395840199664,0.4952220000000125,772063232
fold_2,evaluation,2021-06-06,L-R,solar,5096,4900,G3,False,1.3705351669923402,1.3599699999999757,0.4371268750401214,0.4313730000000078,772063232
fold_2,evaluation,2021-06-06,L-N,night,5812,5588,G3,False,1.4261317089549266,1.4101759999999786,0.4319242499768734,0.428937000000019,801112064
fold_2,evaluation,2021-06-06,L-N,shoulder,6552,6300,G4,False,1.6223485840018839,1.5435750000001462,0.7934785420075059,0.7854519999999638,801112064
fold_2,evaluation,2021-06-06,L-N,solar,5096,4900,G4,False,1.3774439170374535,1.3621249999999918,0.663338832964655,0.6572299999999132,801112064
fold_2,evaluation,2021-06-07,L-P,pooled,17460,16788,G3,False,2.488712999969721,2.4672090000000253,0.8189970829989761,0.8099660000000313,784089088
fold_2,evaluation,2021-06-07,L-R,night,5812,5588,G4,False,1.4434285000315867,1.4315800000001673,0.756394584022928,0.7456970000000638,774553600
fold_2,evaluation,2021-06-07,L-R,shoulder,6552,6300,G1,False,1.6911183740012348,1.60942399999999,0.10230400000000373,0.10001099999999497,774553600
fold_2,evaluation,2021-06-07,L-R,solar,5096,4900,G1,False,1.3488852920709178,1.3395420000000513,0.07332041702466086,0.07283699999993587,774553600
fold_2,evaluation,2021-06-07,L-N,night,5812,5588,G3,False,1.4211680829757825,1.410229999999956,0.48504549998324364,0.4751089999999749,772063232
fold_2,evaluation,2021-06-07,L-N,shoulder,6552,6300,G2,False,1.5438801249838434,1.5288609999998926,0.23322266701143235,0.23163799999997536,772063232
fold_2,evaluation,2021-06-07,L-N,solar,5096,4900,G4,False,1.419691875926219,1.351406000000111,0.7648158750380389,0.746923000000038,772063232
fold_2,evaluation,2021-06-08,L-P,pooled,17460,16788,G4,False,2.6076148740248755,2.516928000000007,1.2668175420258194,1.2450660000000653,784089088
fold_2,evaluation,2021-06-08,L-R,night,5812,5588,G3,False,1.5289367919322103,1.5022539999998799,0.45479500002693385,0.4495210000000043,774553600
fold_2,evaluation,2021-06-08,L-R,shoulder,6552,6300,G3,False,1.5972935410100035,1.5754689999997709,0.5210520830005407,0.5110929999999598,774553600
fold_2,evaluation,2021-06-08,L-R,solar,5096,4900,G3,False,1.3463450410054065,1.3343909999999823,0.4339189169695601,0.4295319999999947,774553600
fold_2,evaluation,2021-06-08,L-N,night,5812,5588,G4,False,1.495572168030776,1.4715620000001763,0.7402343330322765,0.7310959999999795,801112064
fold_2,evaluation,2021-06-08,L-N,shoulder,6552,6300,G4,False,1.550744125037454,1.5347340000000713,0.7806460839929059,0.7713279999999259,801112064
fold_2,evaluation,2021-06-08,L-N,solar,5096,4900,G2,False,1.3185523750144057,1.3087220000001025,0.22306599997682497,0.21947599999998602,801112064
fold_2,evaluation,2021-06-09,L-P,pooled,17460,16788,G4,False,2.501491291972343,2.482067000000029,1.1847093749674968,1.1721289999999271,784089088
fold_2,evaluation,2021-06-09,L-R,night,5812,5588,G4,False,1.4586617079330608,1.4474420000000237,0.7347357079852372,0.7264179999999669,772063232
fold_2,evaluation,2021-06-09,L-R,shoulder,6552,6300,G3,False,1.6397799150436185,1.567878999999948,0.5055615410092287,0.4995020000000068,772063232
fold_2,evaluation,2021-06-09,L-R,solar,5096,4900,G4,False,1.4184176240232773,1.4014110000001665,0.6607963329879567,0.6559990000000653,772063232
fold_2,evaluation,2021-06-09,L-N,night,5812,5588,G3,False,1.46054808300687,1.43926799999997,0.42566937499213964,0.4232409999999618,784089088
fold_2,evaluation,2021-06-09,L-N,shoulder,6552,6300,G4,False,1.577758874045685,1.5608000000000857,0.8332688329974189,0.762909000000036,784089088
fold_2,evaluation,2021-06-09,L-N,solar,5096,4900,G3,False,1.4322592499665916,1.3582750000000487,0.41026291594607756,0.40762500000005275,784089088
fold_2,evaluation,2021-06-10,L-P,pooled,17460,16788,G3,False,2.568220667075366,2.4864829999999074,0.8304140000254847,0.8168940000000475,774553600
fold_2,evaluation,2021-06-10,L-R,night,5812,5588,G3,False,1.5480632919934578,1.470775000000117,0.4383765829843469,0.4358680000000277,801112064
fold_2,evaluation,2021-06-10,L-R,shoulder,6552,6300,G3,False,1.6692204179125838,1.5960810000000265,0.4739728330168873,0.47080300000004627,801112064
fold_2,evaluation,2021-06-10,L-R,solar,5096,4900,G3,False,1.430497249995824,1.4129960000001347,0.42393183399690315,0.42062799999996514,801112064
fold_2,evaluation,2021-06-10,L-N,night,5812,5588,G3,False,1.525178124953527,1.4417960000000676,0.42957816703710705,0.42560200000002624,772063232
fold_2,evaluation,2021-06-10,L-N,shoulder,6552,6300,G3,False,1.540375956974458,1.5267410000000154,0.5356902090134099,0.5226600000000872,772063232
fold_2,evaluation,2021-06-10,L-N,solar,5096,4900,G2,False,1.3696954600163735,1.3570250000000215,0.201596042024903,0.2004460000000563,772063232
fold_2,evaluation,2021-06-11,L-P,pooled,17460,16788,G3,False,2.6038770000450313,2.52150400000005,0.7908800829900429,0.7847719999999754,774553600
fold_2,evaluation,2021-06-11,L-R,night,5812,5588,G3,False,1.4759126239805482,1.463331999999923,0.4441285000066273,0.43972899999994297,784089088
fold_2,evaluation,2021-06-11,L-R,shoulder,6552,6300,G3,False,1.6509752090205438,1.629186999999888,0.5209184580016881,0.5119919999999638,784089088
fold_2,evaluation,2021-06-11,L-R,solar,5096,4900,G4,False,1.4014937079627998,1.3867870000001403,0.7475172919803299,0.7287380000000212,784089088
fold_2,evaluation,2021-06-11,L-N,night,5812,5588,G4,False,1.4499984600115567,1.4327339999999822,0.7821516250260174,0.7623879999999872,801112064
fold_2,evaluation,2021-06-11,L-N,shoulder,6552,6300,G4,False,1.552903292060364,1.5377819999999929,0.764264416997321,0.7560469999999668,801112064
fold_2,evaluation,2021-06-11,L-N,solar,5096,4900,G3,False,1.4318076669587754,1.4092959999999266,0.41317354200873524,0.41015200000003915,801112064
fold_2,evaluation,2021-06-12,L-P,pooled,17460,16788,G3,False,2.669824707962107,2.6217129999999997,0.8190391659736633,0.8097970000000032,774553600
fold_2,evaluation,2021-06-12,L-R,night,5812,5588,G3,False,1.5482562079560012,1.521474000000012,0.43777558294823393,0.43513000000007196,772063232
fold_2,evaluation,2021-06-12,L-R,shoulder,6552,6300,G4,False,1.569929416058585,1.5523399999999583,0.9090202919906005,0.8253569999999399,772063232
fold_2,evaluation,2021-06-12,L-R,solar,5096,4900,G3,False,1.3814495409606025,1.3688560000000507,0.4153366250102408,0.4125329999999394,772063232
fold_2,evaluation,2021-06-12,L-N,night,5812,5588,G3,False,1.4516344579169527,1.4352109999998675,0.4268147079856135,0.42408799999998337,774553600
fold_2,evaluation,2021-06-12,L-N,shoulder,6552,6300,G1,False,1.5571430830168538,1.5290420000001177,0.08383570803562179,0.08329200000002857,774553600
fold_2,evaluation,2021-06-12,L-N,solar,5096,4900,G1,False,1.3487338759587146,1.3325130000000627,0.07014445803361014,0.06986499999993612,774553600
fold_2,evaluation,2021-06-13,L-P,pooled,17460,16788,G3,False,2.5103225400089286,2.4860120000000734,0.7764527500257827,0.7707679999999755,784089088
fold_2,evaluation,2021-06-13,L-R,night,5812,5588,G4,False,1.4319807479623705,1.4218020000000706,0.778463541995734,0.7666269999999713,801112064
fold_2,evaluation,2021-06-13,L-R,shoulder,6552,6300,G3,False,1.6116767509374768,1.5945700000000897,0.5019917919998989,0.4917830000000549,801112064
fold_2,evaluation,2021-06-13,L-R,solar,5096,4900,G3,False,1.3932352930423804,1.381452999999965,0.419570375001058,0.41657599999996364,801112064
fold_2,evaluation,2021-06-13,L-N,night,5812,5588,G4,False,1.4750116679933853,1.459854999999834,0.7216641249833629,0.7145679999999857,784089088
fold_2,evaluation,2021-06-13,L-N,shoulder,6552,6300,G2,False,1.5556495010387152,1.5326069999997571,0.23958112503169104,0.2375650000000178,784089088
fold_2,evaluation,2021-06-13,L-N,solar,5096,4900,G4,False,1.329728500044439,1.319925000000012,0.7127266250317916,0.7007729999999128,784089088
fold_2,evaluation,2021-06-14,L-P,pooled,17460,16788,G4,False,2.505985166062601,2.4852760000001126,1.2328778330120258,1.2128549999999905,772063232
fold_2,evaluation,2021-06-14,L-R,night,5812,5588,G3,False,1.469701375986915,1.4570970000000898,0.4371289170230739,0.4342149999999947,774553600
fold_2,evaluation,2021-06-14,L-R,shoulder,6552,6300,G3,False,1.6338809989392757,1.609811000000036,0.5551884169690311,0.4906060000000707,774553600
fold_2,evaluation,2021-06-14,L-R,solar,5096,4900,G3,False,1.4153156260144897,1.3995049999998628,0.4492884579813108,0.44340699999997923,774553600
fold_2,evaluation,2021-06-14,L-N,night,5812,5588,G4,False,1.4600330000394024,1.4397179999999707,0.703875583014451,0.6984800000000178,772063232
fold_2,evaluation,2021-06-14,L-N,shoulder,6552,6300,G2,False,1.5948313330300152,1.5749160000000302,0.2348032079753466,0.2334690000000137,772063232
fold_2,evaluation,2021-06-14,L-N,solar,5096,4900,G2,False,1.448837750009261,1.3718759999998156,0.2051271250238642,0.2037199999999757,772063232
fold_2,evaluation,2021-06-15,L-P,pooled,17460,16788,G4,False,2.614946791960392,2.535186000000067,1.2112504169926979,1.1987530000000106,801112064
fold_2,evaluation,2021-06-15,L-R,night,5812,5588,G4,False,1.5436487500555813,1.4697549999999637,0.7267499580048025,0.7207779999999957,784089088
fold_2,evaluation,2021-06-15,L-R,shoulder,6552,6300,G3,False,1.6879049590206705,1.6568869999999833,0.4685456670122221,0.4651380000000245,784089088
fold_2,evaluation,2021-06-15,L-R,solar,5096,4900,G3,False,1.451981124933809,1.4313920000000735,0.4233764579985291,0.4201630000000023,784089088
fold_2,evaluation,2021-06-15,L-N,night,5812,5588,G4,False,1.433981250913348,1.4209050000000616,0.744949167012237,0.7349720000000843,774553600
fold_2,evaluation,2021-06-15,L-N,shoulder,6552,6300,G3,False,1.6242237089318223,1.595291000000202,0.48640420800074935,0.4789180000000215,774553600
fold_2,evaluation,2021-06-15,L-N,solar,5096,4900,G3,False,1.3659367100335658,1.350936000000047,0.43075383303221315,0.4258200000000443,774553600
fold_2,evaluation,2021-06-16,L-P,pooled,17460,16788,G4,False,2.5779878339963034,2.549291000000153,1.297098624985665,1.2680599999999913,801112064
fold_2,evaluation,2021-06-16,L-R,night,5812,5588,G4,False,1.5489438329823315,1.518271000000027,0.7366009579855017,0.7285769999999729,772063232
fold_2,evaluation,2021-06-16,L-R,shoulder,6552,6300,G3,False,1.613464375026524,1.593823000000043,0.5129809590289369,0.5035309999999527,772063232
fold_2,evaluation,2021-06-16,L-R,solar,5096,4900,G4,False,1.3929853329318576,1.3798929999999245,0.6686441249912605,0.6645109999999477,772063232
fold_2,evaluation,2021-06-16,L-N,night,5812,5588,G3,False,1.4549889160552993,1.4399750000001177,0.4326926250359975,0.4302509999999984,801112064
fold_2,evaluation,2021-06-16,L-N,shoulder,6552,6300,G3,False,1.5938688320457004,1.574068999999895,0.5299451250466518,0.46763399999997546,801112064
fold_2,evaluation,2021-06-16,L-N,solar,5096,4900,G2,False,1.3856169170467183,1.3681550000000016,0.21096237504389137,0.20924600000000737,801112064
fold_2,evaluation,2021-06-17,L-P,pooled,17460,16788,G4,False,2.512071457982529,2.4881129999999985,1.2354003749787807,1.2191609999999855,784089088
fold_2,evaluation,2021-06-17,L-R,night,5812,5588,G3,False,1.4428580839885399,1.432990000000018,0.43447416700655594,0.43176600000003873,774553600
fold_2,evaluation,2021-06-17,L-R,shoulder,6552,6300,G4,False,1.6406055839615874,1.5675400000000081,0.8366093330550939,0.8225539999999683,774553600
fold_2,evaluation,2021-06-17,L-R,solar,5096,4900,G3,False,1.4296512090368196,1.4103569999999763,0.4648162500234321,0.45710299999996096,774553600
fold_2,evaluation,2021-06-17,L-N,night,5812,5588,G4,False,1.5464301250176504,1.4632080000000087,0.7005998329841532,0.6940420000000813,784089088
fold_2,evaluation,2021-06-17,L-N,shoulder,6552,6300,G3,False,1.5430159170064144,1.5281229999999368,0.45991083298576996,0.45660399999997026,784089088
fold_2,evaluation,2021-06-17,L-N,solar,5096,4900,G3,False,1.4069649580051191,1.3870450000000574,0.40620504098478705,0.4037240000000111,784089088
fold_2,evaluation,2021-06-18,L-P,pooled,17460,16788,G4,False,2.6450614588684402,2.5538480000000163,1.1425261250115,1.1350479999999834,772063232
fold_2,evaluation,2021-06-18,L-R,night,5812,5588,G4,False,1.4906945000984706,1.4745289999999613,0.7142916249576956,0.7094869999999673,801112064
fold_2,evaluation,2021-06-18,L-R,shoulder,6552,6300,G3,False,1.5871884158113971,1.5703819999997677,0.5006910839583725,0.492334000000028,801112064
fold_2,evaluation,2021-06-18,L-R,solar,5096,4900,G4,False,1.410187457979191,1.3945939999999837,0.674492708989419,0.6671810000000278,801112064
fold_2,evaluation,2021-06-18,L-N,night,5812,5588,G4,False,1.4221714579616673,1.4091330000001108,0.6932090410264209,0.6884880000000067,774553600
fold_2,evaluation,2021-06-18,L-N,shoulder,6552,6300,G1,False,1.5414387919590808,1.5267559999999776,0.08264829200925305,0.08225900000002184,774553600
fold_2,evaluation,2021-06-18,L-N,solar,5096,4900,G3,False,1.3775567910633981,1.3581000000000358,0.4077878749812953,0.40537000000006174,774553600
fold_2,evaluation,2021-06-19,L-P,pooled,17460,16788,G4,False,2.571866832964588,2.545359000000076,1.152751583023928,1.145373999999947,772063232
fold_2,evaluation,2021-06-19,L-R,night,5812,5588,G4,False,1.4720755420275964,1.4567980000000489,0.7320298330159858,0.7237059999999929,784089088
fold_2,evaluation,2021-06-19,L-R,shoulder,6552,6300,G3,False,1.5803282500128262,1.5659660000001168,0.5090511250309646,0.5007860000000619,784089088
fold_2,evaluation,2021-06-19,L-R,solar,5096,4900,G4,False,1.344255540985614,1.3344899999999598,0.7398234999855049,0.7277470000000221,784089088
fold_2,evaluation,2021-06-19,L-N,night,5812,5588,G3,False,1.4452190000447445,1.4263979999999492,0.42705966701032594,0.4245769999999993,772063232
fold_2,evaluation,2021-06-19,L-N,shoulder,6552,6300,G4,False,1.5899518740479834,1.5663200000000188,0.8066448330064304,0.7955289999999877,772063232
fold_2,evaluation,2021-06-19,L-N,solar,5096,4900,G4,False,1.3744816659018397,1.3598720000001094,0.6604957919917069,0.6566159999999854,772063232
fold_2,evaluation,2021-06-20,L-P,pooled,17460,16788,G4,False,2.527546998113394,2.5040690000000723,1.1683542089886032,1.1589279999999462,801112064
fold_2,evaluation,2021-06-20,L-R,night,5812,5588,G3,False,1.4853937510051765,1.4691770000000588,0.43712512496858835,0.43439300000000003,774553600
fold_2,evaluation,2021-06-20,L-R,shoulder,6552,6300,G4,False,1.5876076670829207,1.56975900000009,0.7677556670387276,0.7558050000000094,774553600
fold_2,evaluation,2021-06-20,L-R,solar,5096,4900,G3,False,1.4019453749642707,1.3867569999999887,0.4606493329629302,0.45197299999995266,774553600
fold_2,evaluation,2021-06-20,L-N,night,5812,5588,G3,False,1.48244762403192,1.4622070000001486,0.4705320409848355,0.4641390000000456,801112064
fold_2,evaluation,2021-06-20,L-N,shoulder,6552,6300,G2,False,1.6364075829624198,1.5561969999999974,0.23303495801519603,0.23164199999996526,801112064
fold_2,evaluation,2021-06-20,L-N,solar,5096,4900,G1,False,1.3227533340104856,1.3137760000000753,0.07159129198407754,0.07111699999995835,801112064
fold_2,evaluation,2021-06-21,L-P,pooled,17460,16788,G4,False,2.509355040965602,2.4880620000000135,1.2384849160443991,1.2219139999999697,784089088
fold_2,evaluation,2021-06-21,L-R,night,5812,5588,G4,False,1.4652981239487417,1.4489879999999857,0.8159433749970049,0.7405290000000377,772063232
fold_2,evaluation,2021-06-21,L-R,shoulder,6552,6300,G3,False,1.7031262080417946,1.6100340000000415,0.5106646249769256,0.503125999999952,772063232
fold_2,evaluation,2021-06-21,L-R,solar,5096,4900,G4,False,1.4044117910088971,1.3858569999999872,0.6970339579856955,0.6910589999999956,772063232
fold_2,evaluation,2021-06-21,L-N,night,5812,5588,G3,False,1.4685228759772144,1.4510010000000193,0.42731474997708574,0.42476300000009815,774553600
fold_2,evaluation,2021-06-21,L-N,shoulder,6552,6300,G1,False,1.611446874041576,1.5308370000000195,0.08815158304059878,0.0871349999999893,774553600
fold_2,evaluation,2021-06-21,L-N,solar,5096,4900,G2,False,1.4016879580449313,1.3780520000000251,0.21442129096249118,0.21260099999994964,774553600
fold_2,evaluation,2021-06-22,L-P,pooled,17460,16788,G4,False,2.618579415953718,2.5205570000000534,1.2581464999821037,1.1898169999999482,784089088
fold_2,evaluation,2021-06-22,L-R,night,5812,5588,G4,False,1.5166218749363907,1.4966710000001058,0.817667833995074,0.7424399999999878,801112064
fold_2,evaluation,2021-06-22,L-R,shoulder,6552,6300,G3,False,1.6326974160037935,1.612465000000043,0.4841173329623416,0.4762389999999641,801112064
fold_2,evaluation,2021-06-22,L-R,solar,5096,4900,G3,False,1.4555325009278022,1.4325959999999895,0.4865689160069451,0.4762660000000096,801112064
fold_2,evaluation,2021-06-22,L-N,night,5812,5588,G4,False,1.555265583039727,1.5228929999999536,0.7126111660036258,0.70771400000001,784089088
fold_2,evaluation,2021-06-22,L-N,shoulder,6552,6300,G2,False,1.5528082090313546,1.5359159999998155,0.23230858298484236,0.23106099999995422,784089088
fold_2,evaluation,2021-06-22,L-N,solar,5096,4900,G4,False,1.3927415839862078,1.3734739999999874,0.6773099999991246,0.669856999999979,784089088
fold_2,evaluation,2021-06-23,L-P,pooled,17460,16788,G4,False,2.642754792002961,2.600895000000037,1.1863920000032522,1.174607999999921,774553600
fold_2,evaluation,2021-06-23,L-R,night,5812,5588,G4,False,1.5232290419517085,1.5043190000000095,0.7964924169937149,0.782709000000068,772063232
fold_2,evaluation,2021-06-23,L-R,shoulder,6552,6300,G4,False,1.572131916123908,1.557912999999985,0.7832907920237631,0.7753850000000284,772063232
fold_2,evaluation,2021-06-23,L-R,solar,5096,4900,G3,False,1.3610717509291135,1.349260000000072,0.4385427500237711,0.43275100000005295,772063232
fold_2,evaluation,2021-06-23,L-N,night,5812,5588,G4,False,1.4420372079475783,1.426089999999931,0.7114280000096187,0.7050930000000335,801112064
fold_2,evaluation,2021-06-23,L-N,shoulder,6552,6300,G1,False,1.5935299579869024,1.5733040000000074,0.08353199996054173,0.08301099999994221,801112064
fold_2,evaluation,2021-06-23,L-N,solar,5096,4900,G4,False,1.3583022510283627,1.345150999999987,0.6613847080152482,0.6570399999999381,801112064
fold_2,evaluation,2021-06-24,L-P,pooled,17460,16788,G4,False,2.5627921650302596,2.5337640000000192,1.1860374170355499,1.1746669999999995,774553600
fold_2,evaluation,2021-06-24,L-R,night,5812,5588,G3,False,1.4733423750731163,1.461061000000086,0.447328332986217,0.44302600000003167,784089088
fold_2,evaluation,2021-06-24,L-R,shoulder,6552,6300,G3,False,1.5650787509512156,1.5455610000000206,0.5331376669928432,0.4709859999999253,784089088
fold_2,evaluation,2021-06-24,L-R,solar,5096,4900,G3,False,1.4328587501076981,1.413605000000075,0.41499499999918044,0.4121509999999944,784089088
fold_2,evaluation,2021-06-24,L-N,night,5812,5588,G4,False,1.4611563329817727,1.438509999999951,0.7160436670528725,0.7101330000000416,772063232
fold_2,evaluation,2021-06-24,L-N,shoulder,6552,6300,G2,False,1.5879551670514047,1.5167509999999993,0.2649002920370549,0.25924399999996695,772063232
fold_2,evaluation,2021-06-24,L-N,solar,5096,4900,G1,False,1.339862042979803,1.3247460000000046,0.07099670800380409,0.07049700000004577,772063232
fold_2,evaluation,2021-06-25,L-P,pooled,17460,16788,G4,False,2.548664625035599,2.5238819999999578,1.178281542030163,1.1620189999999866,774553600
fold_2,evaluation,2021-06-25,L-R,night,5812,5588,G4,False,1.45092241599923,1.4327680000001237,0.715363499999512,0.7104509999999209,801112064
fold_2,evaluation,2021-06-25,L-R,shoulder,6552,6300,G4,False,1.5349713750183582,1.524780000000078,0.7672139159985818,0.760895000000005,801112064
fold_2,evaluation,2021-06-25,L-R,solar,5096,4900,G3,False,1.4980005000252277,1.4154109999999491,0.4096106250071898,0.4069929999999431,801112064
fold_2,evaluation,2021-06-25,L-N,night,5812,5588,G4,False,1.5333402089891024,1.4522369999998546,0.6896633750293404,0.6834689999999455,774553600
fold_2,evaluation,2021-06-25,L-N,shoulder,6552,6300,G2,False,1.5682532520149834,1.54104899999993,0.24013437505345792,0.23825199999998858,774553600
fold_2,evaluation,2021-06-25,L-N,solar,5096,4900,G2,False,1.315856960020028,1.3078560000000152,0.2018712920253165,0.20068799999990006,774553600
fold_2,evaluation,2021-06-26,L-P,pooled,17460,16788,G4,False,2.519363752042409,2.4931709999998475,1.1432485000113957,1.1359189999999444,784089088
fold_2,evaluation,2021-06-26,L-R,night,5812,5588,G3,False,1.4241249580518343,1.4145309999998972,0.4351429999805987,0.4327610000000277,772063232
fold_2,evaluation,2021-06-26,L-R,shoulder,6552,6300,G3,False,1.6859980840235949,1.6057709999998906,0.4849359999643639,0.4813130000000001,772063232
fold_2,evaluation,2021-06-26,L-R,solar,5096,4900,G3,False,1.3507647079532035,1.3407680000000255,0.4597557079978287,0.4468489999999292,772063232
fold_2,evaluation,2021-06-26,L-N,night,5812,5588,G2,False,1.4790746659855358,1.4567340000000968,0.28123270900687203,0.22327799999993658,784089088
fold_2,evaluation,2021-06-26,L-N,shoulder,6552,6300,G1,False,1.6806135409860872,1.6485800000000381,0.08322341705206782,0.08273399999995945,784089088
fold_2,evaluation,2021-06-26,L-N,solar,5096,4900,G1,False,1.3998139569885097,1.3839389999999412,0.08469770796364173,0.08205200000008972,784089088
fold_2,evaluation,2021-06-27,L-P,pooled,17460,16788,G4,False,2.69045354105765,2.5904529999999113,1.2510565830161795,1.2260690000000523,801112064
fold_2,evaluation,2021-06-27,L-R,night,5812,5588,G4,False,1.55048529204214,1.4733579999998483,0.7993578339810483,0.774676999999997,774553600
fold_2,evaluation,2021-06-27,L-R,shoulder,6552,6300,G4,False,1.5576561250491068,1.5435900000001084,0.8032221249886788,0.7928229999999985,774553600
fold_2,evaluation,2021-06-27,L-R,solar,5096,4900,G3,False,1.455826707999222,1.4354449999999588,0.4240603749640286,0.4203499999999849,774553600
fold_2,evaluation,2021-06-27,L-N,night,5812,5588,G1,False,1.6093717090552673,1.571036999999933,0.08159262500703335,0.0809350000000677,772063232
fold_2,evaluation,2021-06-27,L-N,shoulder,6552,6300,G2,False,1.5553257909487002,1.5392299999998613,0.23369662498589605,0.23219799999992574,772063232
fold_2,evaluation,2021-06-27,L-N,solar,5096,4900,G3,False,1.3604429990518838,1.3469609999999648,0.4091268749907613,0.4067129999999679,772063232
fold_2,evaluation,2021-06-28,L-P,pooled,17460,16788,G4,False,2.605520540906582,2.571520000000305,1.1835302500403486,1.1719610000000102,801112064
fold_2,evaluation,2021-06-28,L-R,night,5812,5588,G3,False,1.4668829169822857,1.4517199999999093,0.4373304999899119,0.4346729999999752,784089088
fold_2,evaluation,2021-06-28,L-R,shoulder,6552,6300,G3,False,1.7784104999154806,1.6805859999999484,0.4779529589577578,0.4739120000000412,784089088
fold_2,evaluation,2021-06-28,L-R,solar,5096,4900,G1,False,1.4119599999976344,1.3910450000000765,0.07358833297621459,0.07313199999998687,784089088
fold_2,evaluation,2021-06-28,L-N,night,5812,5588,G3,False,1.5117121250368655,1.4287020000000439,0.49890270800096914,0.488542999999936,801112064
fold_2,evaluation,2021-06-28,L-N,shoulder,6552,6300,G2,False,1.5908743750187568,1.5669479999999112,0.2449349999660626,0.2419399999999996,801112064
fold_2,evaluation,2021-06-28,L-N,solar,5096,4900,G1,False,1.404271165956743,1.3847609999999122,0.10188274999381974,0.0978659999999536,801112064
fold_2,evaluation,2021-06-29,L-P,pooled,17460,16788,G4,False,2.7266483329585753,2.617813999999953,1.2533951659570448,1.2266440000000784,774553600
fold_2,evaluation,2021-06-29,L-R,night,5812,5588,G4,False,1.586989832983818,1.5045979999999872,0.7607099589658901,0.750212999999917,772063232
fold_2,evaluation,2021-06-29,L-R,shoulder,6552,6300,G4,False,1.587640916928649,1.5726780000002236,0.8075865000137128,0.7969120000000203,772063232
fold_2,evaluation,2021-06-29,L-R,solar,5096,4900,G4,False,1.443951127002947,1.4187030000000505,0.6873722919845022,0.6810669999999845,772063232
fold_2,evaluation,2021-06-29,L-N,night,5812,5588,G1,False,1.5166217070654966,1.4877319999999372,0.08095120795769617,0.08039500000006683,784089088
fold_2,evaluation,2021-06-29,L-N,shoulder,6552,6300,G4,False,1.564224582980387,1.5414130000000341,0.7427859579911456,0.7381169999999884,784089088
fold_2,evaluation,2021-06-29,L-N,solar,5096,4900,G4,False,1.3646184570388868,1.3470650000000433,0.6577431249897927,0.6537639999999101,784089088
fold_3,warmup,2022-05-25,L-P,pooled,17412,16740,G1,False,2.4986252499511465,2.458494999999971,0.16560045897495002,0.16386799999997947,444760064
fold_3,warmup,2022-05-25,L-R,night,5796,5572,G2,False,1.47226970695192,1.4465070000000537,0.21878754202043638,0.2166920000000232,446824448
fold_3,warmup,2022-05-25,L-R,shoulder,6534,6282,G1,False,1.5509722079732455,1.532374999999945,0.08880216703983024,0.08794599999998809,446824448
fold_3,warmup,2022-05-25,L-R,solar,5082,4886,G1,False,1.4789607080747373,1.4391789999999673,0.07178295799531043,0.07120900000001029,446824448
fold_3,warmup,2022-05-25,L-N,night,5796,5572,G1,False,1.512658333987929,1.4806240000000344,0.07617537502665073,0.07578399999999874,437977088
fold_3,warmup,2022-05-25,L-N,shoulder,6534,6282,G3,False,1.6012807490187697,1.5782259999999724,0.45710591599345207,0.45331899999996494,437977088
fold_3,warmup,2022-05-25,L-N,solar,5082,4886,G4,False,1.3772412090329453,1.3607279999999378,0.6914462909917347,0.6819749999999658,437977088
fold_3,warmup,2022-05-26,L-P,pooled,17412,16740,G2,False,2.459411666961387,2.4326529999999593,0.4916903330013156,0.47863799999998946,434683904
fold_3,warmup,2022-05-26,L-R,night,5796,5572,G1,False,1.5487646670080721,1.5097210000000132,0.08022216701647267,0.07898799999998118,444760064
fold_3,warmup,2022-05-26,L-R,shoulder,6534,6282,G1,False,1.545073667075485,1.526881000000003,0.08533604198601097,0.08492999999998574,444760064
fold_3,warmup,2022-05-26,L-R,solar,5082,4886,G1,False,1.4216782919829711,1.3913179999999556,0.07122045801952481,0.07037600000001021,444760064
fold_3,warmup,2022-05-26,L-N,night,5796,5572,G1,False,1.4862619579653256,1.4659470000000283,0.10598566703265533,0.10310800000002018,446824448
fold_3,warmup,2022-05-26,L-N,shoulder,6534,6282,G4,False,1.5548559610615484,1.5364119999999843,0.8292547919554636,0.8139429999999948,446824448
fold_3,warmup,2022-05-26,L-N,solar,5082,4886,G3,False,1.3672392510343343,1.35409199999998,0.4261069999774918,0.421779000000015,446824448
fold_3,warmup,2022-05-27,L-P,pooled,17412,16740,G1,False,2.532333709008526,2.4946489999999812,0.16503016703063622,0.16385199999996303,444760064
fold_3,warmup,2022-05-27,L-R,night,5796,5572,G1,False,1.4749978340114467,1.4564120000000003,0.07712583296233788,0.07664900000003172,434683904
fold_3,warmup,2022-05-27,L-R,shoulder,6534,6282,G1,False,1.58974741603015,1.5643580000000838,0.08554366597672924,0.08497600000004013,434683904
fold_3,warmup,2022-05-27,L-R,solar,5082,4886,G1,False,1.3387828328995965,1.3268279999999777,0.07367204205365852,0.07313800000002857,434683904
fold_3,warmup,2022-05-27,L-N,night,5796,5572,G1,False,1.436668207985349,1.4217560000000162,0.07737433299189433,0.07656099999996968,437977088
fold_3,warmup,2022-05-27,L-N,shoulder,6534,6282,G4,False,1.5418390819686465,1.527272000000039,0.7855432920041494,0.7764099999999985,437977088
fold_3,warmup,2022-05-27,L-N,solar,5082,4886,G3,False,1.446585958939977,1.419285000000059,0.4061534579959698,0.40342499999997017,437977088
fold_3,warmup,2022-05-28,L-P,pooled,17412,16740,G1,False,2.4992203750880435,2.4671240000000125,0.1604647919884883,0.15870899999998755,444760064
fold_3,warmup,2022-05-28,L-R,night,5796,5572,G1,False,1.4174207080504857,1.4044379999999705,0.08325883303768933,0.08147299999995994,434683904
fold_3,warmup,2022-05-28,L-R,shoulder,6534,6282,G3,False,1.5583037920878269,1.5362460000000624,0.45819104101974517,0.45481399999999894,434683904
fold_3,warmup,2022-05-28,L-R,solar,5082,4886,G1,False,1.3556337910122238,1.3397840000000656,0.07534624997060746,0.07407200000000103,434683904
fold_3,warmup,2022-05-28,L-N,night,5796,5572,G1,False,1.4435498760431074,1.4300709999999413,0.08103150001261383,0.08012500000000955,446824448
fold_3,warmup,2022-05-28,L-N,shoulder,6534,6282,G4,False,1.5037149590207264,1.4915300000000116,0.7698506669839844,0.7621929999999679,446824448
fold_3,warmup,2022-05-28,L-N,solar,5082,4886,G3,False,1.367043832084164,1.3518300000000636,0.4897916669724509,0.4743859999999813,446824448
fold_3,warmup,2022-05-29,L-P,pooled,17412,16740,G4,False,2.422082624922041,2.401030999999989,1.1594809159869328,1.1389320000000112,444760064
fold_3,warmup,2022-05-29,L-R,night,5796,5572,G2,False,1.4648897089646198,1.444435999999996,0.21700941701419652,0.2153769999999895,437977088
fold_3,warmup,2022-05-29,L-R,shoulder,6534,6282,G2,False,1.5792042069369927,1.557181000000071,0.23748733301181346,0.23575400000004265,437977088
fold_3,warmup,2022-05-29,L-R,solar,5082,4886,G4,False,1.3444851670064963,1.3300360000000069,0.6567851249710657,0.6519979999999919,437977088
fold_3,warmup,2022-05-29,L-N,night,5796,5572,G2,False,1.4307256669271737,1.4181720000000269,0.2252749580075033,0.22142999999999802,444760064
fold_3,warmup,2022-05-29,L-N,shoulder,6534,6282,G1,False,1.5696004580240697,1.55101099999996,0.08319050003774464,0.0827019999999834,444760064
fold_3,warmup,2022-05-29,L-N,solar,5082,4886,G4,False,1.3346872079418972,1.3249270000000593,0.7626989170094021,0.7455199999999991,444760064
fold_3,warmup,2022-05-30,L-P,pooled,17412,16740,G1,False,2.4918176679639146,2.4610900000000697,0.16207404201850295,0.16005799999999226,434683904
fold_3,warmup,2022-05-30,L-R,night,5796,5572,G4,False,1.4759800000465475,1.4543579999999565,0.6968229159829207,0.6916320000000269,446824448
fold_3,warmup,2022-05-30,L-R,shoulder,6534,6282,G4,False,1.6276694170664996,1.5998799999999846,0.7408661249792203,0.733429000000001,446824448
fold_3,warmup,2022-05-30,L-R,solar,5082,4886,G3,False,1.3850081659620628,1.3677980000000503,0.4097179160453379,0.4067660000000046,446824448
fold_3,warmup,2022-05-30,L-N,night,5796,5572,G1,False,1.478306166070979,1.4597129999999652,0.0775187499821186,0.07700599999998303,434683904
fold_3,warmup,2022-05-30,L-N,shoulder,6534,6282,G3,False,1.5466017089784145,1.5310930000000553,0.4631304169888608,0.4596010000000206,434683904
fold_3,warmup,2022-05-30,L-N,solar,5082,4886,G3,False,1.3639325419790111,1.3501510000000962,0.49800899997353554,0.48260100000004513,434683904
fold_3,warmup,2022-05-31,L-P,pooled,17412,16740,G4,False,2.4962631660164334,2.459940999999901,1.0911856250022538,1.0826080000000502,437977088
fold_3,warmup,2022-05-31,L-R,night,5796,5572,G2,False,1.4267238330212422,1.4144770000000335,0.2812027089530602,0.2696320000000014,444760064
fold_3,warmup,2022-05-31,L-R,shoulder,6534,6282,G3,False,1.5871777920401655,1.5657749999999737,0.5014137499965727,0.4929589999999848,444760064
fold_3,warmup,2022-05-31,L-R,solar,5082,4886,G1,False,1.3587619160534814,1.3435049999999364,0.08206749998498708,0.08134300000000394,444760064
fold_3,warmup,2022-05-31,L-N,night,5796,5572,G2,False,1.4504220010130666,1.433671000000004,0.2502162079908885,0.24285500000002003,437977088
fold_3,warmup,2022-05-31,L-N,shoulder,6534,6282,G4,False,1.5747934998944402,1.5555469999999332,0.8316567500005476,0.8177850000000149,437977088
fold_3,warmup,2022-05-31,L-N,solar,5082,4886,G4,False,1.4215434179641306,1.4028980000000502,0.7247349999961443,0.6653380000000197,437977088
fold_3,warmup,2022-06-01,L-P,pooled,17412,16740,G3,False,2.487115458061453,2.4499669999999583,0.7304392499499954,0.7246830000000273,446824448
fold_3,warmup,2022-06-01,L-R,night,5796,5572,G3,False,1.5090740840532817,1.484597000000008,0.42996845801826566,0.42626300000000583,434683904
fold_3,warmup,2022-06-01,L-R,shoulder,6534,6282,G3,False,1.6016174160176888,1.5789930000000254,0.4756537500070408,0.47052700000000414,434683904
fold_3,warmup,2022-06-01,L-R,solar,5082,4886,G1,False,1.433467916038353,1.3605700000000525,0.07276000001002103,0.07236399999999321,434683904
fold_3,warmup,2022-06-01,L-N,night,5796,5572,G3,False,1.482292749977205,1.414919999999995,0.46596000000135973,0.4574810000000298,444760064
fold_3,warmup,2022-06-01,L-N,shoulder,6534,6282,G3,False,1.5806241660029627,1.5615100000000552,0.529770708992146,0.5147989999999822,444760064
fold_3,warmup,2022-06-01,L-N,solar,5082,4886,G3,False,1.3801240000175312,1.3629629999999793,0.4947893749922514,0.47870499999999083,444760064
fold_3,warmup,2022-06-02,L-P,pooled,17412,16740,G3,False,2.450611293083057,2.3682980000000384,0.7964723330223933,0.7844630000000166,446824448
fold_3,warmup,2022-06-02,L-R,night,5796,5572,G4,False,1.4187116239918396,1.4052839999999946,0.7707809580024332,0.7497089999999957,437977088
fold_3,warmup,2022-06-02,L-R,shoulder,6534,6282,G1,False,1.592294791014865,1.5676750000000652,0.08892825001385063,0.08827199999996083,437977088
fold_3,warmup,2022-06-02,L-R,solar,5082,4886,G1,False,1.4134547910653055,1.3923370000000546,0.08425116701982915,0.08271299999995563,437977088
fold_3,warmup,2022-06-02,L-N,night,5796,5572,G2,False,1.4759211659547873,1.4526469999999563,0.24163012497592717,0.23646599999995033,446824448
fold_3,warmup,2022-06-02,L-N,shoulder,6534,6282,G4,False,1.5931064590695314,1.5693549999999732,0.7542114169918932,0.7487950000000296,446824448
fold_3,warmup,2022-06-02,L-N,solar,5082,4886,G4,False,1.3520684170071036,1.3395989999999642,0.7721843750332482,0.7501980000000117,446824448
fold_3,warmup,2022-06-03,L-P,pooled,17412,16740,G3,False,2.3994490429759026,2.3696730000000343,0.7716786660021171,0.7625440000000481,434683904
fold_3,warmup,2022-06-03,L-R,night,5796,5572,G3,False,1.4521952900104225,1.4362780000000157,0.48856025002896786,0.47898600000002034,444760064
fold_3,warmup,2022-06-03,L-R,shoulder,6534,6282,G1,False,1.5523082909639925,1.5347509999999147,0.09123433398781344,0.0897780000000239,444760064
fold_3,warmup,2022-06-03,L-R,solar,5082,4886,G1,False,1.40372112498153,1.3806999999999903,0.07421720901038498,0.07353100000000268,444760064
fold_3,warmup,2022-06-03,L-N,night,5796,5572,G2,False,1.4964921670034528,1.4725819999999885,0.25410283397650346,0.2445350000000417,434683904
fold_3,warmup,2022-06-03,L-N,shoulder,6534,6282,G3,False,1.550062166992575,1.534377999999947,0.5127796250162646,0.5029530000000477,434683904
fold_3,warmup,2022-06-03,L-N,solar,5082,4886,G4,False,1.360944040992763,1.3473900000000185,0.7357532079913653,0.7195889999999849,434683904
fold_3,warmup,2022-06-04,L-P,pooled,17412,16740,G1,False,2.413912166026421,2.383465000000058,0.15835237503051758,0.15748000000002094,437977088
fold_3,warmup,2022-06-04,L-R,night,5796,5572,G2,False,1.4825580410542898,1.4621709999999553,0.21717024996178225,0.2157380000000444,446824448
fold_3,warmup,2022-06-04,L-R,shoulder,6534,6282,G1,False,1.5958885009749793,1.5716189999999983,0.10463054204592481,0.10186200000003964,446824448
fold_3,warmup,2022-06-04,L-R,solar,5082,4886,G1,False,1.418015250004828,1.3991200000000958,0.07265620800899342,0.07225999999997157,446824448
fold_3,warmup,2022-06-04,L-N,night,5796,5572,G2,False,1.41101754095871,1.3973779999999465,0.23470083298161626,0.2307920000000081,444760064
fold_3,warmup,2022-06-04,L-N,shoulder,6534,6282,G4,False,1.789346416015178,1.7410539999999628,0.8479527499875985,0.8327130000000125,444760064
fold_3,warmup,2022-06-04,L-N,solar,5082,4886,G4,False,1.392187001009006,1.3748009999999908,0.7886502080364153,0.7681589999999687,444760064
fold_3,warmup,2022-06-05,L-P,pooled,17412,16740,G3,False,2.3959107519476674,2.368671000000006,0.8352307079476304,0.8141469999999913,437977088
fold_3,warmup,2022-06-05,L-R,night,5796,5572,G2,False,1.5120197500218637,1.4859890000000746,0.2182872910052538,0.21649700000000394,434683904
fold_3,warmup,2022-06-05,L-R,shoulder,6534,6282,G2,False,1.623574041936081,1.5980349999999248,0.24766550003550947,0.24329599999998663,434683904
fold_3,warmup,2022-06-05,L-R,solar,5082,4886,G1,False,1.602467417018488,1.5506310000000667,0.07627437502378598,0.0755060000000185,434683904
fold_3,warmup,2022-06-05,L-N,night,5796,5572,G1,False,1.6610459169605747,1.6114650000000097,0.08025858300970867,0.07889499999998861,437977088
fold_3,warmup,2022-06-05,L-N,shoulder,6534,6282,G1,False,1.5596268741064705,1.5430709999999976,0.10554516699630767,0.10290199999997185,437977088
fold_3,warmup,2022-06-05,L-N,solar,5082,4886,G2,False,1.437266625056509,1.4114480000000071,0.24886633304413408,0.24222700000001396,437977088
fold_3,warmup,2022-06-06,L-P,pooled,17412,16740,G3,False,2.654597165004816,2.5890730000000417,0.81087570899399,0.7968740000000025,446824448
fold_3,warmup,2022-06-06,L-R,night,5796,5572,G2,False,1.4939867490320466,1.4732399999999757,0.23293895897222683,0.2298720000000003,444760064
fold_3,warmup,2022-06-06,L-R,shoulder,6534,6282,G4,False,1.5166026660008356,1.5033389999999827,0.7767525420058519,0.7572450000000117,444760064
fold_3,warmup,2022-06-06,L-R,solar,5082,4886,G1,False,1.3728731659357436,1.3592550000000188,0.07140995899681002,0.07102400000002262,444760064
fold_3,warmup,2022-06-06,L-N,night,5796,5572,G4,False,1.431508706009481,1.4159980000000587,0.7394701670273207,0.7289759999999887,434683904
fold_3,warmup,2022-06-06,L-N,shoulder,6534,6282,G4,False,1.5795717909932137,1.5491949999999406,0.8236957499757409,0.8090900000000261,434683904
fold_3,warmup,2022-06-06,L-N,solar,5082,4886,G2,False,1.3450059170136228,1.3319500000000062,0.20286866603419185,0.20170099999995728,434683904
fold_3,warmup,2022-06-07,L-P,pooled,17412,16740,G3,False,2.413110167020932,2.3806200000000786,0.7121291660005227,0.7077469999999835,446824448
fold_3,warmup,2022-06-07,L-R,night,5796,5572,G2,False,1.4050681249937043,1.391531999999927,0.21588525001425296,0.21464800000001105,437977088
fold_3,warmup,2022-06-07,L-R,shoulder,6534,6282,G3,False,1.6421005409792997,1.5632959999999798,0.45739562500966713,0.4542989999999918,437977088
fold_3,warmup,2022-06-07,L-R,solar,5082,4886,G1,False,1.420039501041174,1.3819639999999822,0.07149195799138397,0.07119399999999132,437977088
fold_3,warmup,2022-06-07,L-N,night,5796,5572,G4,False,1.4647765828995034,1.431419000000119,0.699292958015576,0.6925380000000132,446824448
fold_3,warmup,2022-06-07,L-N,shoulder,6534,6282,G4,False,1.5508024569717236,1.5362620000000788,0.776142125017941,0.7669500000000085,446824448
fold_3,warmup,2022-06-07,L-N,solar,5082,4886,G3,False,1.4687882489524782,1.3933530000000474,0.48346716701053083,0.47370599999999286,446824448
fold_3,warmup,2022-06-08,L-P,pooled,17412,16740,G2,False,2.4734678759705275,2.3917260000000056,0.444098915962968,0.43601699999999255,444760064
fold_3,warmup,2022-06-08,L-R,night,5796,5572,G1,False,1.4401750010438263,1.4238929999999073,0.07498825003858656,0.07473499999997557,434683904
fold_3,warmup,2022-06-08,L-R,shoulder,6534,6282,G3,False,1.4941615419229493,1.4782769999999914,0.46608079195721075,0.461954999999989,434683904
fold_3,warmup,2022-06-08,L-R,solar,5082,4886,G1,False,1.3963548350147903,1.3792680000000246,0.07107454200740904,0.07065699999998287,434683904
fold_3,warmup,2022-06-08,L-N,night,5796,5572,G1,False,1.482581207936164,1.4612209999999664,0.07527462503639981,0.0746780000000058,437977088
fold_3,warmup,2022-06-08,L-N,shoulder,6534,6282,G4,False,1.5541662499890663,1.537157000000036,0.769189250015188,0.760311999999999,437977088
fold_3,warmup,2022-06-08,L-N,solar,5082,4886,G4,False,1.3617330000270158,1.34637900000007,0.651957834023051,0.6475640000000453,437977088
fold_3,warmup,2022-06-09,L-P,pooled,17412,16740,G3,False,2.3765310419839807,2.3498370000000364,0.7165326669928618,0.7124969999999848,444760064
fold_3,warmup,2022-06-09,L-R,night,5796,5572,G3,False,1.420200792956166,1.4069430000000125,0.4219549170229584,0.41976700000003575,446824448
fold_3,warmup,2022-06-09,L-R,shoulder,6534,6282,G3,False,1.4733849999611266,1.464619999999968,0.5593389999703504,0.5420229999999719,446824448
fold_3,warmup,2022-06-09,L-R,solar,5082,4886,G1,False,1.4216059999889694,1.3997320000000286,0.07198454200988635,0.07162000000005264,446824448
fold_3,warmup,2022-06-09,L-N,night,5796,5572,G3,False,1.4456193329533562,1.4288960000000088,0.4256863750051707,0.42338000000000875,444760064
fold_3,warmup,2022-06-09,L-N,shoulder,6534,6282,G3,False,1.745320875023026,1.7043580000000702,0.47628870798507705,0.4718950000000177,444760064
fold_3,warmup,2022-06-09,L-N,solar,5082,4886,G3,False,1.394520207948517,1.3799510000000623,0.4074718340416439,0.40521400000000085,444760064
fold_3,warmup,2022-06-10,L-P,pooled,17412,16740,G3,False,2.395138041989412,2.3680099999999698,0.7175012920051813,0.7131449999999973,434683904
fold_3,warmup,2022-06-10,L-R,night,5796,5572,G3,False,1.3974916250444949,1.382818000000043,0.46686441701604053,0.4560950000000048,437977088
fold_3,warmup,2022-06-10,L-R,shoulder,6534,6282,G3,False,1.529239207971841,1.5165059999999357,0.48928074998548254,0.4820649999999773,437977088
fold_3,warmup,2022-06-10,L-R,solar,5082,4886,G1,False,1.482723668043036,1.4547209999999495,0.06990175001556054,0.06958900000000767,437977088
fold_3,warmup,2022-06-10,L-N,night,5796,5572,G3,False,1.6028758339816704,1.5634430000000634,0.450614332978148,0.44501500000001215,434683904
fold_3,warmup,2022-06-10,L-N,shoulder,6534,6282,G3,False,1.5561157509800978,1.5383730000000355,0.5162034590030089,0.5063900000000103,434683904
fold_3,warmup,2022-06-10,L-N,solar,5082,4886,G4,False,1.326962833001744,1.3181359999999813,0.7039862080127932,0.6930720000000292,434683904
fold_3,warmup,2022-06-11,L-P,pooled,17412,16740,G3,False,2.4007215840392746,2.3727789999998663,0.7444930839701556,0.7373699999999985,446824448
fold_3,warmup,2022-06-11,L-R,night,5796,5572,G3,False,1.3984212930663489,1.3867710000000102,0.45423229195876047,0.4481539999999882,444760064
fold_3,warmup,2022-06-11,L-R,shoulder,6534,6282,G3,False,1.566850124974735,1.5454090000000065,0.44970237504458055,0.4475519999999733,444760064
fold_3,warmup,2022-06-11,L-R,solar,5082,4886,G1,False,1.403477957996074,1.3857700000000932,0.07266804104438052,0.07225900000003094,444760064
fold_3,warmup,2022-06-11,L-N,night,5796,5572,G2,False,1.4605544580263086,1.4417580000000498,0.21508962503867224,0.21322500000002265,446824448
fold_3,warmup,2022-06-11,L-N,shoulder,6534,6282,G3,False,1.5548742499086075,1.5362279999999942,0.4821169580100104,0.47573600000004035,446824448
fold_3,warmup,2022-06-11,L-N,solar,5082,4886,G4,False,1.403406874043867,1.386425999999915,0.6799907920067199,0.6723179999999616,446824448
fold_3,warmup,2022-06-12,L-P,pooled,17412,16740,G3,False,2.4182247500284575,2.3862139999999386,0.716471542022191,0.7108239999999455,437977088
fold_3,warmup,2022-06-12,L-R,night,5796,5572,G3,False,1.3882855820120312,1.3770959999999377,0.4234627090045251,0.4191780000000449,434683904
fold_3,warmup,2022-06-12,L-R,shoulder,6534,6282,G3,False,1.46484283299651,1.4564780000000042,0.5060011669993401,0.4959739999999897,434683904
fold_3,warmup,2022-06-12,L-R,solar,5082,4886,G1,False,1.3640852089156397,1.34685300000001,0.08956799999577925,0.087237000000016,434683904
fold_3,warmup,2022-06-12,L-N,night,5796,5572,G3,False,1.4201214169734158,1.4046540000000505,0.4320754170184955,0.42728999999997086,437977088
fold_3,warmup,2022-06-12,L-N,shoulder,6534,6282,G3,False,1.6004710840061307,1.5762509999999565,0.4962732080020942,0.48826800000000503,437977088
fold_3,warmup,2022-06-12,L-N,solar,5082,4886,G3,False,1.3529492089292035,1.3395739999999137,0.40386625000974163,0.40176200000001927,437977088
fold_3,warmup,2022-06-13,L-P,pooled,17412,16740,G3,False,2.3914215010008775,2.3618979999999965,0.7181768330046907,0.7139040000000136,444760064
fold_3,warmup,2022-06-13,L-R,night,5796,5572,G4,False,1.3751659989356995,1.3675519999999892,0.7495672079967335,0.7366569999999797,446824448
fold_3,warmup,2022-06-13,L-R,shoulder,6534,6282,G4,False,1.520547875086777,1.507769000000053,0.7249182079685852,0.719032000000027,446824448
fold_3,warmup,2022-06-13,L-R,solar,5082,4886,G1,False,1.4797176669817418,1.4522220000000061,0.07251700002234429,0.07160200000004124,446824448
fold_3,warmup,2022-06-13,L-N,night,5796,5572,G4,False,1.463667292962782,1.4406099999999924,0.7223526670131832,0.7139990000000012,444760064
fold_3,warmup,2022-06-13,L-N,shoulder,6534,6282,G3,False,1.5385874579078518,1.5216440000000375,0.4528005830361508,0.4503019999999651,444760064
fold_3,warmup,2022-06-13,L-N,solar,5082,4886,G2,False,1.4578818330192007,1.4358700000000795,0.20445212500635535,0.2032750000000192,444760064
fold_3,warmup,2022-06-14,L-P,pooled,17412,16740,G4,False,2.4839809158584103,2.441910000000007,1.118367082963232,1.106111999999996,434683904
fold_3,warmup,2022-06-14,L-R,night,5796,5572,G4,False,1.496591749950312,1.4751070000000368,0.7013807499897666,0.6951520000000073,437977088
fold_3,warmup,2022-06-14,L-R,shoulder,6534,6282,G4,False,1.5281655828584917,1.5128569999999968,0.7474264169577509,0.7386510000000044,437977088
fold_3,warmup,2022-06-14,L-R,solar,5082,4886,G1,False,1.3161391240428202,1.3063000000000216,0.07101358298677951,0.07064900000000307,437977088
fold_3,warmup,2022-06-14,L-N,night,5796,5572,G3,False,1.3663855419727042,1.3574539999999615,0.4562240000232123,0.4499680000000126,434683904
fold_3,warmup,2022-06-14,L-N,shoulder,6534,6282,G4,False,1.562651624029968,1.5469010000001049,0.8066917909891345,0.7932909999999538,434683904
fold_3,warmup,2022-06-14,L-N,solar,5082,4886,G1,False,1.3242619150551036,1.313397000000009,0.06968241604045033,0.06932999999997946,434683904
fold_3,warmup,2022-06-15,L-P,pooled,17412,16740,G4,False,2.3412941661081277,2.3203209999999785,1.1126888750004582,1.0995169999999916,446824448
fold_3,warmup,2022-06-15,L-R,night,5796,5572,G3,False,1.411065207910724,1.3981860000000665,0.4317179169738665,0.4285939999999755,444760064
fold_3,warmup,2022-06-15,L-R,shoulder,6534,6282,G4,False,1.6028315420262516,1.5783509999999978,0.748885250010062,0.7408350000000041,444760064
fold_3,warmup,2022-06-15,L-R,solar,5082,4886,G2,False,1.3642492499784566,1.349724999999978,0.2070605830522254,0.20539200000001756,444760064
fold_3,warmup,2022-06-15,L-N,night,5796,5572,G3,False,1.4049273340497166,1.3917109999999298,0.45331758295651525,0.44746299999997063,437977088
fold_3,warmup,2022-06-15,L-N,shoulder,6534,6282,G4,False,1.5724950839648955,1.5535639999999944,0.8519452919717878,0.8350409999999897,437977088
fold_3,warmup,2022-06-15,L-N,solar,5082,4886,G2,False,1.418994957988616,1.3993589999999472,0.216252833022736,0.21448300000002973,437977088
fold_3,warmup,2022-06-16,L-P,pooled,17412,16740,G3,False,2.4343499169917777,2.4015759999999773,0.7566615829709917,0.7468980000000442,446824448
fold_3,warmup,2022-06-16,L-R,night,5796,5572,G4,False,1.4850243750261143,1.4554509999999254,0.7499918339890428,0.7360459999999875,434683904
fold_3,warmup,2022-06-16,L-R,shoulder,6534,6282,G2,False,1.5634519580635242,1.542416000000003,0.2396477090078406,0.23553800000001957,434683904
fold_3,warmup,2022-06-16,L-R,solar,5082,4886,G2,False,1.3777053759549744,1.3624879999999848,0.2365001660073176,0.23173700000000963,434683904
fold_3,warmup,2022-06-16,L-N,night,5796,5572,G2,False,1.4588153749937192,1.4395230000000083,0.21951924997847527,0.21784600000000864,444760064
fold_3,warmup,2022-06-16,L-N,shoulder,6534,6282,G3,False,1.5964507919852622,1.5754409999999552,0.46354808303294703,0.45980400000001964,444760064
fold_3,warmup,2022-06-16,L-N,solar,5082,4886,G2,False,1.4400222090189345,1.4150239999999599,0.21190833300352097,0.21040399999998272,444760064
fold_3,warmup,2022-06-17,L-P,pooled,17412,16740,G3,False,2.4422134170890786,2.406451000000061,0.7518027920159511,0.7448909999999955,446824448
fold_3,warmup,2022-06-17,L-R,night,5796,5572,G4,False,1.4366592080332339,1.4210180000000605,0.7089584170025773,0.702225999999996,437977088
fold_3,warmup,2022-06-17,L-R,shoulder,6534,6282,G3,False,1.57317787501961,1.5525370000000294,0.4683061250252649,0.4632619999999861,437977088
fold_3,warmup,2022-06-17,L-R,solar,5082,4886,G1,False,1.4406618749490008,1.4100459999999657,0.0727213749778457,0.07217800000000807,437977088
fold_3,warmup,2022-06-17,L-N,night,5796,5572,G3,False,1.449973500915803,1.4338200000000256,0.4289519999874756,0.425091000000009,446824448
fold_3,warmup,2022-06-17,L-N,shoulder,6534,6282,G3,False,1.5630356250330806,1.5434229999999616,0.4617899170261808,0.458940000000041,446824448
fold_3,warmup,2022-06-17,L-N,solar,5082,4886,G2,False,1.4630912088905461,1.4293340000000399,0.20763508300296962,0.20626299999997855,446824448
fold_3,warmup,2022-06-18,L-P,pooled,17412,16740,G4,False,2.468899083964061,2.4299030000000243,1.13937900000019,1.1240010000000211,434683904
fold_3,warmup,2022-06-18,L-R,night,5796,5572,G4,False,1.5341131659806706,1.5007480000000442,0.7409726250334643,0.728369999999984,444760064
fold_3,warmup,2022-06-18,L-R,shoulder,6534,6282,G1,False,1.589497959066648,1.5673610000000053,0.08798433298943564,0.0871850000000336,444760064
fold_3,warmup,2022-06-18,L-R,solar,5082,4886,G1,False,1.33347400004277,1.321700000000078,0.07215533300768584,0.07166899999998577,444760064
fold_3,warmup,2022-06-18,L-N,night,5796,5572,G4,False,1.3927514590322971,1.380474999999933,0.7858057499979623,0.7700189999999907,434683904
fold_3,warmup,2022-06-18,L-N,shoulder,6534,6282,G3,False,1.6122993319877423,1.592521999999974,0.46851333300583065,0.46351599999997006,434683904
fold_3,warmup,2022-06-18,L-N,solar,5082,4886,G2,False,1.3884359570220113,1.37222799999995,0.2985278750420548,0.23242000000004737,434683904
fold_3,warmup,2022-06-19,L-P,pooled,17412,16740,G4,False,2.414185539993923,2.384147999999982,1.2143973340280354,1.1350529999999708,437977088
fold_3,warmup,2022-06-19,L-R,night,5796,5572,G3,False,1.4990164579357952,1.475849999999923,0.4272552090114914,0.4242950000000292,446824448
fold_3,warmup,2022-06-19,L-R,shoulder,6534,6282,G4,False,1.5709830830455758,1.5506970000000706,0.84462537500076,0.8168119999999703,446824448
fold_3,warmup,2022-06-19,L-R,solar,5082,4886,G1,False,1.4696619170135818,1.391392000000053,0.07126658398192376,0.07087500000000091,446824448
fold_3,warmup,2022-06-19,L-N,night,5796,5572,G4,False,1.5485389569657855,1.4637190000000828,0.724900874949526,0.7175320000000056,444760064
fold_3,warmup,2022-06-19,L-N,shoulder,6534,6282,G4,False,1.5795796249294654,1.5541310000000408,0.8350461660302244,0.819041000000027,444760064
fold_3,warmup,2022-06-19,L-N,solar,5082,4886,G1,False,1.4888248330098577,1.4540750000000457,0.06966537504922599,0.06935399999997571,444760064
fold_3,warmup,2022-06-20,L-P,pooled,17412,16740,G4,False,2.4684787100413814,2.4301090000000727,1.2071588749531657,1.1739949999999908,437977088
fold_3,warmup,2022-06-20,L-R,night,5796,5572,G3,False,1.6253548330860212,1.5747929999999997,0.4190002919640392,0.41727400000002035,434683904
fold_3,warmup,2022-06-20,L-R,shoulder,6534,6282,G1,False,1.618056167033501,1.590449000000035,0.0861135830054991,0.08557799999999816,434683904
fold_3,warmup,2022-06-20,L-R,solar,5082,4886,G1,False,1.3937542079947889,1.3758360000001062,0.07162699999753386,0.0709590000000162,434683904
fold_3,warmup,2022-06-20,L-N,night,5796,5572,G3,False,1.4345688349567354,1.4084079999999517,0.4402305420371704,0.43590699999998606,446824448
fold_3,warmup,2022-06-20,L-N,shoulder,6534,6282,G4,False,1.598223585053347,1.5777290000000335,0.7884544589906,0.7765899999999988,446824448
fold_3,warmup,2022-06-20,L-N,solar,5082,4886,G2,False,1.4772208760259673,1.4520349999999098,0.20141845801845193,0.2005320000000097,446824448
fold_3,warmup,2022-06-21,L-P,pooled,17412,16740,G4,False,2.411666582978796,2.3796180000000504,1.1566860000020824,1.1391320000000178,437977088
fold_3,warmup,2022-06-21,L-R,night,5796,5572,G2,False,1.472298165957909,1.4541600000000017,0.27105608402052894,0.2642560000000458,444760064
fold_3,warmup,2022-06-21,L-R,shoulder,6534,6282,G3,False,1.5291117079905234,1.5176020000000108,0.5006162079516798,0.49264299999998684,444760064
fold_3,warmup,2022-06-21,L-R,solar,5082,4886,G3,False,1.3183032079832628,1.3089269999999829,0.4694206249550916,0.46039899999999534,444760064
fold_3,warmup,2022-06-21,L-N,night,5796,5572,G3,False,1.3753518729936332,1.3658339999999498,0.46873891697032377,0.4606390000000147,437977088
fold_3,warmup,2022-06-21,L-N,shoulder,6534,6282,G4,False,1.5677346670418046,1.5492280000000278,0.8474037080304697,0.8293449999999893,437977088
fold_3,warmup,2022-06-21,L-N,solar,5082,4886,G1,False,1.364345250010956,1.3505850000000237,0.07996745902346447,0.07810999999998103,437977088
fold_3,warmup,2022-06-22,L-P,pooled,17412,16740,G4,False,2.345227749028709,2.3230270000000814,1.1289840000099503,1.1157519999999863,434683904
fold_3,warmup,2022-06-22,L-R,night,5796,5572,G4,False,1.4257100009708665,1.410949999999957,0.7333108329912648,0.7224520000000325,446824448
fold_3,warmup,2022-06-22,L-R,shoulder,6534,6282,G4,False,1.5807032079901546,1.5534540000000447,0.751117667008657,0.7437089999999671,446824448
fold_3,warmup,2022-06-22,L-R,solar,5082,4886,G1,False,1.3746619169833139,1.359111999999982,0.08382904197787866,0.08176400000002104,446824448
fold_3,warmup,2022-06-22,L-N,night,5796,5572,G2,False,1.4186707499320619,1.4045529999999644,0.23518520803190768,0.2311650000000327,434683904
fold_3,warmup,2022-06-22,L-N,shoulder,6534,6282,G2,False,1.5677290419698693,1.5525039999999422,0.2332650419557467,0.23169699999999693,434683904
fold_3,warmup,2022-06-22,L-N,solar,5082,4886,G1,False,1.451578707958106,1.426089999999931,0.07051849999697879,0.07009299999998575,434683904
fold_3,admission,2022-06-23,L-P,pooled,17412,16740,G4,False,2.432765749981627,2.397915000000012,1.1430592499673367,1.1268949999999904,444760064
fold_3,admission,2022-06-23,L-R,night,5796,5572,G4,False,1.4989001670037396,1.471728999999982,0.6736260829493403,0.669001000000037,437977088
fold_3,admission,2022-06-23,L-R,shoulder,6534,6282,G3,False,1.619106333993841,1.5924079999999208,0.4506284169619903,0.4480720000000247,437977088
fold_3,admission,2022-06-23,L-R,solar,5082,4886,G3,False,1.4447139580151998,1.418250999999941,0.42202349996659905,0.41589900000002444,437977088
fold_3,admission,2022-06-23,L-N,night,5796,5572,G1,False,1.3646705850260332,1.3565150000000017,0.08398883300833404,0.08271300000001247,444760064
fold_3,admission,2022-06-23,L-N,shoulder,6534,6282,G3,False,1.6302937080035917,1.6049530000000232,0.45301075000315905,0.45043900000001713,444760064
fold_3,admission,2022-06-23,L-N,solar,5082,4886,G1,False,1.5267546669929288,1.4888039999999592,0.06896287499694154,0.06860799999998335,444760064
fold_3,admission,2022-06-24,L-P,pooled,17412,16740,G4,False,2.4599180429941043,2.4178719999999885,1.212112832989078,1.1817879999999832,446824448
fold_3,admission,2022-06-24,L-R,night,5796,5572,G2,False,1.559927957947366,1.524793000000102,0.21157845901325345,0.2104400000000055,434683904
fold_3,admission,2022-06-24,L-R,shoulder,6534,6282,G3,False,1.5317575419903733,1.5174460000000067,0.5038244999595918,0.49429600000001983,434683904
fold_3,admission,2022-06-24,L-R,solar,5082,4886,G1,False,1.4587645010324195,1.4327890000000707,0.07148283295100555,0.07098700000000235,434683904
fold_3,admission,2022-06-24,L-N,night,5796,5572,G2,False,1.4151462920708582,1.3993550000000141,0.21409220801433548,0.2129120000000171,446824448
fold_3,admission,2022-06-24,L-N,shoulder,6534,6282,G1,False,1.6514483330538496,1.569746000000066,0.08584304200485349,0.08513300000004165,446824448
fold_3,admission,2022-06-24,L-N,solar,5082,4886,G2,False,1.467311083979439,1.4343809999999735,0.2443877499899827,0.23804699999999457,446824448
fold_3,admission,2022-06-25,L-P,pooled,17412,16740,G2,False,2.426378207979724,2.3969919999999547,0.4579084999859333,0.4444790000000012,437977088
fold_3,admission,2022-06-25,L-R,night,5796,5572,G2,False,1.4814876649761572,1.4601650000000177,0.23112891701748595,0.22810899999996082,444760064
fold_3,admission,2022-06-25,L-R,shoulder,6534,6282,G3,False,1.5717409999342635,1.5527529999999956,0.4951950419927016,0.48651100000000724,444760064
fold_3,admission,2022-06-25,L-R,solar,5082,4886,G1,False,1.5063568760524504,1.4208790000000135,0.07140924996929243,0.07103200000000243,444760064
fold_3,admission,2022-06-25,L-N,night,5796,5572,G2,False,1.5835976249654777,1.4855379999999627,0.21370008401572704,0.2124809999999684,434683904
fold_3,admission,2022-06-25,L-N,shoulder,6534,6282,G3,False,1.6414897090289742,1.6144839999999476,0.4583760829991661,0.4544440000000236,434683904
fold_3,admission,2022-06-25,L-N,solar,5082,4886,G1,False,1.3854523770860396,1.3673739999999839,0.0709764159983024,0.07034300000003668,434683904
fold_3,admission,2022-06-26,L-P,pooled,17412,16740,G4,False,2.4575774170225486,2.3656540000000064,1.1889430420123972,1.1655340000000365,437977088
fold_3,admission,2022-06-26,L-R,night,5796,5572,G2,False,1.450219917052891,1.4333799999999428,0.26539058302296326,0.2574730000000045,446824448
fold_3,admission,2022-06-26,L-R,shoulder,6534,6282,G4,False,1.6045944159850478,1.580622999999946,0.8419141670456156,0.8238589999999704,446824448
fold_3,admission,2022-06-26,L-R,solar,5082,4886,G1,False,1.3332083760178648,1.321253000000013,0.07173645903822035,0.07113700000002154,446824448
fold_3,admission,2022-06-26,L-N,night,5796,5572,G3,False,1.472187584033236,1.4511550000000284,0.4277609579730779,0.4241609999999696,444760064
fold_3,admission,2022-06-26,L-N,shoulder,6534,6282,G1,False,1.6991944590117782,1.6458709999999428,0.11240216699661687,0.1011930000000234,444760064
fold_3,admission,2022-06-26,L-N,solar,5082,4886,G4,False,1.4128553330083378,1.3941410000000474,0.7580587919801474,0.740050999999994,444760064
fold_3,admission,2022-06-27,L-P,pooled,17412,16740,G4,False,2.3819229580112733,2.350576999999987,1.1559152079862542,1.1369129999999927,437977088
fold_3,admission,2022-06-27,L-R,night,5796,5572,G4,False,1.4520518339704722,1.4344690000000355,0.7325106249772944,0.7237030000000004,434683904
fold_3,admission,2022-06-27,L-R,shoulder,6534,6282,G3,False,1.5930324170039967,1.5539650000000051,0.46950000000651926,0.46166200000004665,434683904
fold_3,admission,2022-06-27,L-R,solar,5082,4886,G1,False,1.5114921260392293,1.4638630000000035,0.0735540830064565,0.07280300000002171,434683904
fold_3,admission,2022-06-27,L-N,night,5796,5572,G2,False,1.525114000076428,1.4828919999999925,0.2563467920408584,0.24212299999999232,437977088
fold_3,admission,2022-06-27,L-N,shoulder,6534,6282,G2,False,1.7189403749653138,1.6249599999999305,0.27894554199883714,0.26847500000002356,437977088
fold_3,admission,2022-06-27,L-N,solar,5082,4886,G3,False,1.3607622910058126,1.3384720000000243,0.43576216703513637,0.4237169999999537,437977088
fold_3,admission,2022-06-28,L-P,pooled,17412,16740,G3,False,2.4675234589376487,2.4011879999999906,0.7327093750354834,0.7241639999999734,446824448
fold_3,admission,2022-06-28,L-R,night,5796,5572,G4,False,1.41268145799404,1.3959069999999656,0.7945449170074426,0.764946000000009,444760064
fold_3,admission,2022-06-28,L-R,shoulder,6534,6282,G3,False,1.6925704160239547,1.6454559999999674,0.47513204196002334,0.4677130000000034,444760064
fold_3,admission,2022-06-28,L-R,solar,5082,4886,G4,False,1.5302651259698905,1.42961600000001,0.703005374991335,0.6909150000000182,444760064
fold_3,admission,2022-06-28,L-N,night,5796,5572,G2,False,1.5111189159797505,1.4681070000000318,0.23875950003275648,0.23401899999998932,434683904
fold_3,admission,2022-06-28,L-N,shoulder,6534,6282,G1,False,1.7577457490260713,1.700300000000027,0.08294983295490965,0.08249799999998686,434683904
fold_3,admission,2022-06-28,L-N,solar,5082,4886,G4,False,1.5212208739831112,1.418141999999932,0.6944779580226168,0.6814969999999789,434683904
fold_3,admission,2022-06-29,L-P,pooled,17412,16740,G3,False,2.6814850829541683,2.531422999999961,0.7322954590199515,0.7242170000000101,446824448
fold_3,admission,2022-06-29,L-R,night,5796,5572,G2,False,1.4430696660419926,1.4258990000000153,0.26130274997558445,0.25006400000000895,437977088
fold_3,admission,2022-06-29,L-R,shoulder,6534,6282,G3,False,1.5206092090229504,1.5038489999999456,0.5311811669962481,0.5150620000000004,437977088
fold_3,admission,2022-06-29,L-R,solar,5082,4886,G3,False,1.5342381260124967,1.4819969999999216,0.4403614579932764,0.4334670000000074,437977088
fold_3,admission,2022-06-29,L-N,night,5796,5572,G2,False,1.5905241669388488,1.5472429999999804,0.2388719999580644,0.23405300000001716,446824448
fold_3,admission,2022-06-29,L-N,shoulder,6534,6282,G1,False,1.6287993340520188,1.5905720000000088,0.0982350839767605,0.0930890000000204,446824448
fold_3,admission,2022-06-29,L-N,solar,5082,4886,G2,False,1.398473707959056,1.3753010000000359,0.2074153749854304,0.20603700000003755,446824448
fold_3,warmup,2022-06-30,L-P,pooled,17412,16740,G3,False,2.4356232510181144,2.3963300000000913,0.7872289579827338,0.769882999999993,444760064
fold_3,warmup,2022-06-30,L-R,night,5796,5572,G2,False,1.4528550390386954,1.4322480000000155,0.21414670802187175,0.21265399999998635,434683904
fold_3,warmup,2022-06-30,L-R,shoulder,6534,6282,G3,False,1.8490789170609787,1.6536270000000286,0.5047444590018131,0.4861410000000319,434683904
fold_3,warmup,2022-06-30,L-R,solar,5082,4886,G1,False,1.4971627900376916,1.4422120000000405,0.09248762502102181,0.08976100000000997,434683904
fold_3,warmup,2022-06-30,L-N,night,5796,5572,G3,False,1.6189868330257013,1.5506110000000035,0.5613649999722838,0.4669240000000059,437977088
fold_3,warmup,2022-06-30,L-N,shoulder,6534,6282,G4,False,1.6530334580456838,1.6057609999999727,0.8386258329846896,0.8175449999999955,437977088
fold_3,warmup,2022-06-30,L-N,solar,5082,4886,G1,False,1.452284166996833,1.405631000000028,0.07093095796881244,0.07019300000001749,437977088
fold_3,evaluation,2022-07-01,L-P,pooled,17412,16740,G3,False,2.350810917036142,2.329168000000095,0.7225604170234874,0.7179129999999532,774553600
fold_3,evaluation,2022-07-01,L-R,night,5796,5572,G4,False,1.4321452910080552,1.4185099999999693,0.7313052920508198,0.718827000000033,801112064
fold_3,evaluation,2022-07-01,L-R,shoulder,6534,6282,G3,False,1.5114898740430363,1.4988000000000739,0.5078422920196317,0.49827300000004016,801112064
fold_3,evaluation,2022-07-01,L-R,solar,5082,4886,G3,False,1.353040166955907,1.342387000000258,0.44390020897844806,0.4374639999999772,801112064
fold_3,evaluation,2022-07-01,L-N,night,5796,5572,G2,False,1.4495169169967994,1.431252000000086,0.21444029203848913,0.21315600000002632,774553600
fold_3,evaluation,2022-07-01,L-N,shoulder,6534,6282,G1,False,1.54605058406014,1.5318439999999782,0.09684462496079504,0.09542999999996482,774553600
fold_3,evaluation,2022-07-01,L-N,solar,5082,4886,G1,False,1.381328959017992,1.3654760000000579,0.06950737501028925,0.06918499999994765,774553600
fold_3,evaluation,2022-07-02,L-P,pooled,17412,16740,G4,False,2.35515849996591,2.3308810000000904,1.0750770419836044,1.0680629999999383,772063232
fold_3,evaluation,2022-07-02,L-R,night,5796,5572,G2,False,1.4157467090408318,1.402353000000062,0.21301870798924938,0.21194199999990815,784089088
fold_3,evaluation,2022-07-02,L-R,shoulder,6534,6282,G2,False,1.6620909569319338,1.5809840000000577,0.2348102910327725,0.23327099999994516,784089088
fold_3,evaluation,2022-07-02,L-R,solar,5082,4886,G1,False,1.3893847919534892,1.3694289999998546,0.07156879099784419,0.07092099999999846,784089088
fold_3,evaluation,2022-07-02,L-N,night,5796,5572,G1,False,1.443833541998174,1.4269690000000992,0.0969302500016056,0.09357499999998709,772063232
fold_3,evaluation,2022-07-02,L-N,shoulder,6534,6282,G2,False,1.5341432500281371,1.515188999999964,0.23632820800412446,0.2346589999999651,772063232
fold_3,evaluation,2022-07-02,L-N,solar,5082,4886,G2,False,1.4906705830362625,1.4186710000000176,0.2040148340165615,0.20242399999995087,772063232
fold_3,evaluation,2022-07-03,L-P,pooled,17412,16740,G3,False,2.515503291040659,2.4232569999999214,0.7340398750384338,0.7275639999999157,801112064
fold_3,evaluation,2022-07-03,L-R,night,5796,5572,G2,False,1.5644847929943353,1.4830650000000105,0.21600270795170218,0.2142590000000837,774553600
fold_3,evaluation,2022-07-03,L-R,shoulder,6534,6282,G3,False,1.5441890839720145,1.52785300000005,0.49902308301534504,0.4902039999999488,774553600
fold_3,evaluation,2022-07-03,L-R,solar,5082,4886,G1,False,1.3564580010715872,1.3390330000000858,0.07269066700246185,0.0722529999999324,774553600
fold_3,evaluation,2022-07-03,L-N,night,5796,5572,G1,False,1.437800583022181,1.4187239999998837,0.07546687498688698,0.07505200000002787,784089088
fold_3,evaluation,2022-07-03,L-N,shoulder,6534,6282,G1,False,1.6032293319585733,1.5814589999999953,0.08284879196435213,0.08230300000002444,784089088
fold_3,evaluation,2022-07-03,L-N,solar,5082,4886,G4,False,1.4261177090229467,1.4045399999999972,0.6591094579780474,0.654863999999975,784089088
fold_3,evaluation,2022-07-04,L-P,pooled,17412,16740,G4,False,2.4252149169915356,2.3863620000000765,1.1075279579963535,1.0942310000000361,801112064
fold_3,evaluation,2022-07-04,L-R,night,5796,5572,G4,False,1.4849948331248015,1.4659650000000966,0.7160986659582704,0.7085539999999355,772063232
fold_3,evaluation,2022-07-04,L-R,shoulder,6534,6282,G4,False,1.5371838750434108,1.5201050000001715,0.7885332090081647,0.7760959999999386,772063232
fold_3,evaluation,2022-07-04,L-R,solar,5082,4886,G3,False,1.3809325829497539,1.3662400000000616,0.4518458329839632,0.44369799999992665,772063232
fold_3,evaluation,2022-07-04,L-N,night,5796,5572,G2,False,1.4499756660079584,1.429781999999932,0.22507024998776615,0.22235700000010183,774553600
fold_3,evaluation,2022-07-04,L-N,shoulder,6534,6282,G1,False,1.5067051239893772,1.4970389999999725,0.10644233296625316,0.10276999999996406,774553600
fold_3,evaluation,2022-07-04,L-N,solar,5082,4886,G2,False,1.3542870829696767,1.3418320000000676,0.23541145800845698,0.22925199999997403,774553600
fold_3,evaluation,2022-07-05,L-P,pooled,17412,16740,G3,False,2.4432390000438318,2.409846000000016,0.7245239159674384,0.7197469999999839,801112064
fold_3,evaluation,2022-07-05,L-R,night,5796,5572,G2,False,1.4907248350209557,1.4716189999999187,0.21502108400454745,0.21354999999994106,784089088
fold_3,evaluation,2022-07-05,L-R,shoulder,6534,6282,G3,False,1.7066076670889743,1.6172869999999193,0.4658495000330731,0.462434999999914,784089088
fold_3,evaluation,2022-07-05,L-R,solar,5082,4886,G3,False,1.3959242919809185,1.3780189999999948,0.4334389169816859,0.4267610000000559,784089088
fold_3,evaluation,2022-07-05,L-N,night,5796,5572,G1,False,1.4968815419706516,1.4700279999999566,0.07629279198590666,0.0758450000000721,801112064
fold_3,evaluation,2022-07-05,L-N,shoulder,6534,6282,G1,False,1.5658054169616662,1.5522780000000012,0.09527350001735613,0.09241300000007868,801112064
fold_3,evaluation,2022-07-05,L-N,solar,5082,4886,G2,False,1.5157108749262989,1.4265679999999747,0.20867154200095683,0.20665299999996023,801112064
fold_3,evaluation,2022-07-06,L-P,pooled,17412,16740,G4,False,2.5714830840588547,2.4669110000000956,1.0997958749649115,1.0908750000000964,774553600
fold_3,evaluation,2022-07-06,L-R,night,5796,5572,G2,False,1.5494788339710794,1.459077000000093,0.23396091698668897,0.2297959999999648,772063232
fold_3,evaluation,2022-07-06,L-R,shoulder,6534,6282,G4,False,1.5462215830339119,1.526309999999853,0.7971135830157436,0.7863849999999957,772063232
fold_3,evaluation,2022-07-06,L-R,solar,5082,4886,G1,False,1.3829699580091983,1.3663719999999557,0.07644950004760176,0.07580000000007203,772063232
fold_3,evaluation,2022-07-06,L-N,night,5796,5572,G1,False,1.456722374074161,1.4417870000000903,0.0856916659977287,0.08109300000000985,784089088
fold_3,evaluation,2022-07-06,L-N,shoulder,6534,6282,G1,False,1.5627901260158978,1.546605999999997,0.09638770803576335,0.09442199999989498,784089088
fold_3,evaluation,2022-07-06,L-N,solar,5082,4886,G2,False,1.389691790973302,1.3720160000000305,0.20825854095164686,0.20673899999997047,784089088
fold_3,evaluation,2022-07-07,L-P,pooled,17412,16740,G3,False,2.4105373339843936,2.3776959999999008,0.7319759579841048,0.7270529999999553,774553600
fold_3,evaluation,2022-07-07,L-R,night,5796,5572,G2,False,1.441600625985302,1.4259630000000243,0.2348797920276411,0.23097200000006524,801112064
fold_3,evaluation,2022-07-07,L-R,shoulder,6534,6282,G3,False,1.575842375983484,1.5553350000000137,0.4814757079584524,0.47585300000002917,801112064
fold_3,evaluation,2022-07-07,L-R,solar,5082,4886,G1,False,1.3259219170431606,1.315971999999988,0.07280304201412946,0.07231999999999061,801112064
fold_3,evaluation,2022-07-07,L-N,night,5796,5572,G1,False,1.412398749962449,1.4017539999999826,0.08447695901850238,0.08303300000000036,772063232
fold_3,evaluation,2022-07-07,L-N,shoulder,6534,6282,G1,False,1.5974510830128565,1.5762480000001915,0.08623179199639708,0.08525300000007974,772063232
fold_3,evaluation,2022-07-07,L-N,solar,5082,4886,G2,False,1.4578362499014474,1.385703999999805,0.20891024998854846,0.2074559999999792,772063232
fold_3,evaluation,2022-07-08,L-P,pooled,17412,16740,G4,False,2.4232177500380203,2.3793509999999287,1.1265637920005247,1.1140510000000177,774553600
fold_3,evaluation,2022-07-08,L-R,night,5796,5572,G2,False,1.5023455830523744,1.4330369999998993,0.2525626660208218,0.24485200000003715,784089088
fold_3,evaluation,2022-07-08,L-R,shoulder,6534,6282,G3,False,1.5510856240289286,1.528276999999889,0.462502709007822,0.45844399999998586,784089088
fold_3,evaluation,2022-07-08,L-R,solar,5082,4886,G4,False,1.3426507079857402,1.3300190000001066,0.7250120000098832,0.7128910000000133,784089088
fold_3,evaluation,2022-07-08,L-N,night,5796,5572,G1,False,1.4637284998898394,1.445705000000089,0.078074541001115,0.07737399999996342,801112064
fold_3,evaluation,2022-07-08,L-N,shoulder,6534,6282,G1,False,1.5717722508707084,1.5501160000000027,0.08431262499652803,0.08274400000004789,801112064
fold_3,evaluation,2022-07-08,L-N,solar,5082,4886,G2,False,1.402708291017916,1.3855329999998958,0.2075857919990085,0.20619799999997213,801112064
fold_3,evaluation,2022-07-09,L-P,pooled,17412,16740,G3,False,2.378281415964011,2.3537489999998797,0.7736284580314532,0.7588460000000623,774553600
fold_3,evaluation,2022-07-09,L-R,night,5796,5572,G1,False,1.4816996660083532,1.4636630000001105,0.07629758398979902,0.07592399999998634,772063232
fold_3,evaluation,2022-07-09,L-R,shoulder,6534,6282,G4,False,1.6403526680078357,1.5565069999998968,0.7378555829636753,0.732874000000038,772063232
fold_3,evaluation,2022-07-09,L-R,solar,5082,4886,G3,False,1.3715739569743164,1.351519000000053,0.4163880830164999,0.4129680000000917,772063232
fold_3,evaluation,2022-07-09,L-N,night,5796,5572,G1,False,1.444447373971343,1.4275040000001127,0.09798645903356373,0.09488899999996647,774553600
fold_3,evaluation,2022-07-09,L-N,shoulder,6534,6282,G2,False,1.531486124964431,1.5175680000000966,0.24321579199749976,0.24145799999996598,774553600
fold_3,evaluation,2022-07-09,L-N,solar,5082,4886,G1,False,1.4146467079408467,1.3417699999999968,0.07877112500136718,0.07797600000003513,774553600
fold_3,evaluation,2022-07-10,L-P,pooled,17412,16740,G3,False,2.4221921660355292,2.3391579999999976,0.7723941250005737,0.760485000000017,784089088
fold_3,evaluation,2022-07-10,L-R,night,5796,5572,G1,False,1.5433892499422655,1.4698490000000675,0.0792795000015758,0.07870300000001862,801112064
fold_3,evaluation,2022-07-10,L-R,shoulder,6534,6282,G2,False,1.5529945429880172,1.5357190000000855,0.24040941701969132,0.23828000000003158,801112064
fold_3,evaluation,2022-07-10,L-R,solar,5082,4886,G1,False,1.3460825409856625,1.3318759999999656,0.07358587498310953,0.07315400000004502,801112064
fold_3,evaluation,2022-07-10,L-N,night,5796,5572,G1,False,1.4412756239180453,1.4245539999999437,0.07676024996908382,0.07626100000004499,772063232
fold_3,evaluation,2022-07-10,L-N,shoulder,6534,6282,G2,False,1.572128750034608,1.5554399999998623,0.27388749999227,0.26836600000001454,772063232
fold_3,evaluation,2022-07-10,L-N,solar,5082,4886,G2,False,1.3845899580046535,1.366608000000042,0.210267125046812,0.208629999999971,772063232
fold_3,evaluation,2022-07-11,L-P,pooled,17412,16740,G4,False,2.3849673330551013,2.358145000000036,1.0972927080001682,1.0879169999999476,784089088
fold_3,evaluation,2022-07-11,L-R,night,5796,5572,G1,False,1.4476394999655895,1.4299190000000408,0.07618512498447672,0.07582099999990533,774553600
fold_3,evaluation,2022-07-11,L-R,shoulder,6534,6282,G4,False,1.5996510420227423,1.5209160000000566,0.7508884170092642,0.7407289999999875,774553600
fold_3,evaluation,2022-07-11,L-R,solar,5082,4886,G4,False,1.420353666995652,1.4000100000001794,0.7458107499987818,0.7309219999999641,774553600
fold_3,evaluation,2022-07-11,L-N,night,5796,5572,G2,False,1.4706572919967584,1.454729000000043,0.23928137501934543,0.23522300000001906,801112064
fold_3,evaluation,2022-07-11,L-N,shoulder,6534,6282,G2,False,1.5132787919719703,1.4976359999999431,0.24106354196555912,0.23868100000004233,801112064
fold_3,evaluation,2022-07-11,L-N,solar,5082,4886,G1,False,1.4963995410362259,1.4684049999999615,0.08370837505208328,0.07539499999995769,801112064
fold_3,evaluation,2022-07-12,L-P,pooled,17412,16740,G3,False,2.609557790972758,2.5144000000000233,0.7402917500003241,0.7320559999999432,784089088
fold_3,evaluation,2022-07-12,L-R,night,5796,5572,G1,False,1.5679517079261132,1.480211000000054,0.078113374998793,0.07760399999995116,772063232
fold_3,evaluation,2022-07-12,L-R,shoulder,6534,6282,G3,False,1.4951091670664027,1.4802500000000691,0.45350595901254565,0.4508100000000468,772063232
fold_3,evaluation,2022-07-12,L-R,solar,5082,4886,G1,False,1.3602480839472264,1.3425189999999247,0.08003579097567126,0.07880599999998594,772063232
fold_3,evaluation,2022-07-12,L-N,night,5796,5572,G2,False,1.476957751030568,1.457304000000022,0.21422262501437217,0.21279700000002322,784089088
fold_3,evaluation,2022-07-12,L-N,shoulder,6534,6282,G1,False,1.5874482920044102,1.5640050000000656,0.08325616602087393,0.08275300000002517,784089088
fold_3,evaluation,2022-07-12,L-N,solar,5082,4886,G1,False,1.337766001059208,1.3269609999998693,0.06988079199800268,0.06929000000002361,784089088
fold_3,evaluation,2022-07-13,L-P,pooled,17412,16740,G4,False,2.354549667041283,2.3294460000000754,1.0760922089684755,1.0700120000000197,801112064
fold_3,evaluation,2022-07-13,L-R,night,5796,5572,G1,False,1.4062997919972986,1.3938380000000734,0.08646395796677098,0.08484500000008666,774553600
fold_3,evaluation,2022-07-13,L-R,shoulder,6534,6282,G3,False,1.574726541992277,1.5510439999999335,0.4602924170321785,0.4576640000000225,774553600
fold_3,evaluation,2022-07-13,L-R,solar,5082,4886,G2,False,1.317389833915513,1.3087769999999637,0.20506391598610207,0.20359900000005382,774553600
fold_3,evaluation,2022-07-13,L-N,night,5796,5572,G2,False,1.4311064580106176,1.4177000000001954,0.24554629100020975,0.24068900000008853,772063232
fold_3,evaluation,2022-07-13,L-N,shoulder,6534,6282,G1,False,1.5439781669410877,1.5258910000001151,0.08600787504110485,0.08523999999999887,772063232
fold_3,evaluation,2022-07-13,L-N,solar,5082,4886,G1,False,1.3449936680262908,1.3314200000000938,0.08738416701089591,0.08550900000000183,772063232
fold_3,evaluation,2022-07-14,L-P,pooled,17412,16740,G3,False,2.466443583020009,2.4297399999999243,0.7139505000086501,0.7096960000000081,801112064
fold_3,evaluation,2022-07-14,L-R,night,5796,5572,G1,False,1.4617875420372002,1.4394259999999122,0.07549670804291964,0.0751030000000128,784089088
fold_3,evaluation,2022-07-14,L-R,shoulder,6534,6282,G4,False,1.5416527080233209,1.525323999999955,0.8279771659872495,0.767573000000084,784089088
fold_3,evaluation,2022-07-14,L-R,solar,5082,4886,G2,False,1.3328279590350576,1.322800999999913,0.22672295902157202,0.22246300000006158,784089088
fold_3,evaluation,2022-07-14,L-N,night,5796,5572,G2,False,1.4819119579624385,1.4635919999999487,0.22536358301294968,0.22352999999998246,774553600
fold_3,evaluation,2022-07-14,L-N,shoulder,6534,6282,G1,False,1.619452376035042,1.5442710000000943,0.08303279196843505,0.0825360000000046,774553600
fold_3,evaluation,2022-07-14,L-N,solar,5082,4886,G1,False,1.4045760399312712,1.378737000000001,0.06977920897770673,0.06935599999997066,774553600
fold_3,evaluation,2022-07-15,L-P,pooled,17412,16740,G4,False,2.416871000023093,2.3861930000000484,1.1999189999769442,1.1268479999999954,801112064
fold_3,evaluation,2022-07-15,L-R,night,5796,5572,G1,False,1.451566539995838,1.4321959999998626,0.0812985830125399,0.08059300000002168,772063232
fold_3,evaluation,2022-07-15,L-R,shoulder,6534,6282,G4,False,1.5328211250598542,1.5159070000000838,0.813748917018529,0.798078999999916,772063232
fold_3,evaluation,2022-07-15,L-R,solar,5082,4886,G4,False,1.3813167099724524,1.3542379999998957,0.6701783749740571,0.6657050000000027,772063232
fold_3,evaluation,2022-07-15,L-N,night,5796,5572,G1,False,1.4428407909581438,1.4296290000000909,0.07612187502672896,0.07564500000000862,784089088
fold_3,evaluation,2022-07-15,L-N,shoulder,6534,6282,G4,False,1.669470458989963,1.6397620000001325,0.7876484169973992,0.7778140000000349,784089088
fold_3,evaluation,2022-07-15,L-N,solar,5082,4886,G1,False,1.361934250977356,1.3487260000001697,0.08254558296175674,0.08039900000005673,784089088
fold_3,evaluation,2022-07-16,L-P,pooled,17412,16740,G4,False,2.3839608759153634,2.360691999999972,1.1919368750532158,1.173063999999954,801112064
fold_3,evaluation,2022-07-16,L-R,night,5796,5572,G1,False,1.4301946670166217,1.414967000000047,0.08469345804769546,0.08316800000000057,774553600
fold_3,evaluation,2022-07-16,L-R,shoulder,6534,6282,G2,False,1.5569718750193715,1.5398069999998825,0.33162675000494346,0.26490099999989525,774553600
fold_3,evaluation,2022-07-16,L-R,solar,5082,4886,G4,False,1.4121172489831224,1.390470000000164,0.7114960420294665,0.6998139999999466,774553600
fold_3,evaluation,2022-07-16,L-N,night,5796,5572,G1,False,1.5226246670936234,1.4953020000001516,0.09451779100345448,0.09227199999997993,772063232
fold_3,evaluation,2022-07-16,L-N,shoulder,6534,6282,G3,False,1.594835664902348,1.5725619999998344,0.48723595798946917,0.48172999999997046,772063232
fold_3,evaluation,2022-07-16,L-N,solar,5082,4886,G1,False,1.4917352909687907,1.4059750000000122,0.07155391701962799,0.07091000000002623,772063232
fold_3,evaluation,2022-07-17,L-P,pooled,17412,16740,G4,False,2.5383525830111466,2.436578999999824,1.1672895409865305,1.1510449999999537,801112064
fold_3,evaluation,2022-07-17,L-R,night,5796,5572,G1,False,1.5717067080549896,1.4819429999998874,0.07656399998813868,0.07593000000008487,784089088
fold_3,evaluation,2022-07-17,L-R,shoulder,6534,6282,G3,False,1.5228575409855694,1.5067560000001095,0.46556733298348263,0.46247200000004796,784089088
fold_3,evaluation,2022-07-17,L-R,solar,5082,4886,G4,False,1.367644333979115,1.3527779999999439,0.7351625409792177,0.7168259999999691,784089088
fold_3,evaluation,2022-07-17,L-N,night,5796,5572,G1,False,1.520878501003608,1.4918389999997999,0.08667466696351767,0.08479799999997795,774553600
fold_3,evaluation,2022-07-17,L-N,shoulder,6534,6282,G3,False,1.5291894170222804,1.5142379999998639,0.4628691669786349,0.45888399999989815,774553600
fold_3,evaluation,2022-07-17,L-N,solar,5082,4886,G1,False,1.4440277910325676,1.4152420000000347,0.08243041601963341,0.08112900000003265,774553600
fold_3,evaluation,2022-07-18,L-P,pooled,17412,16740,G4,False,2.438219209027011,2.4041879999999765,1.1223485830123536,1.109403000000043,801112064
fold_3,evaluation,2022-07-18,L-R,night,5796,5572,G2,False,1.4308181660016999,1.41165599999988,0.2331392079940997,0.22993399999995745,772063232
fold_3,evaluation,2022-07-18,L-R,shoulder,6534,6282,G4,False,1.5245819170377217,1.5129510000000437,0.8209639589767903,0.8009869999999637,772063232
fold_3,evaluation,2022-07-18,L-R,solar,5082,4886,G4,False,1.3386996250483207,1.324927000000116,0.7760331250028685,0.7072299999999814,772063232
fold_3,evaluation,2022-07-18,L-N,night,5796,5572,G1,False,1.5401664160308428,1.4614780000001701,0.08056324999779463,0.0796299999999519,801112064
fold_3,evaluation,2022-07-18,L-N,shoulder,6534,6282,G4,False,1.6305083759943955,1.5988510000000815,0.8507139590219595,0.8337370000000419,801112064
fold_3,evaluation,2022-07-18,L-N,solar,5082,4886,G1,False,1.3469117069616914,1.3364620000002105,0.11900045903166756,0.10638400000004822,801112064
fold_3,evaluation,2022-07-19,L-P,pooled,17412,16740,G3,False,2.450241874961648,2.3693269999998847,0.8118472499772906,0.7895539999999528,774553600
fold_3,evaluation,2022-07-19,L-R,night,5796,5572,G3,False,1.5311897079227492,1.4512339999999995,0.43749149999348447,0.43405600000005506,784089088
fold_3,evaluation,2022-07-19,L-R,shoulder,6534,6282,G4,False,1.6577704589581117,1.6207050000000436,0.737323249981273,0.7308629999999994,784089088
fold_3,evaluation,2022-07-19,L-R,solar,5082,4886,G1,False,1.4281951669836417,1.3963850000000093,0.07970216602552682,0.07893500000000131,784089088
fold_3,evaluation,2022-07-19,L-N,night,5796,5572,G1,False,1.5050248330226168,1.4779780000000073,0.10871745803160593,0.10582099999999173,774553600
fold_3,evaluation,2022-07-19,L-N,shoulder,6534,6282,G3,False,1.6879973329487257,1.6554199999999355,0.4773879999993369,0.4704959999999119,774553600
fold_3,evaluation,2022-07-19,L-N,solar,5082,4886,G2,False,1.3682646250817925,1.354035999999951,0.20180320896906778,0.20071099999995567,774553600
fold_3,evaluation,2022-07-22,L-P,pooled,17364,16740,G3,False,2.4261102080345154,2.387600999999904,0.7774864580132999,0.7673680000000331,772063232
fold_3,evaluation,2022-07-22,L-R,night,5780,5572,G1,False,1.4435769591364078,1.4264610000000175,0.09479370899498463,0.0920170000000553,801112064
fold_3,evaluation,2022-07-22,L-R,shoulder,6516,6282,G4,False,1.5369080000091344,1.5208470000000034,0.7916445000446402,0.7807980000000043,801112064
fold_3,evaluation,2022-07-22,L-R,solar,5068,4886,G2,False,1.4604140419978648,1.4332769999998618,0.20408333296654746,0.20279000000004999,801112064
fold_3,evaluation,2022-07-22,L-N,night,5780,5572,G3,False,1.4752632499439642,1.454691000000139,0.5192552919615991,0.5022230000000718,784089088
fold_3,evaluation,2022-07-22,L-N,shoulder,6516,6282,G3,False,1.5333069990738295,1.5174189999999044,0.4528214579913765,0.4496159999999918,784089088
fold_3,evaluation,2022-07-22,L-N,solar,5068,4886,G1,False,1.46202729298966,1.4354530000000523,0.07021191698731855,0.06988200000000688,784089088
fold_3,evaluation,2022-07-23,L-P,pooled,17364,16740,G4,False,2.576697041047737,2.527053000000137,1.131974124989938,1.1196729999999206,772063232
fold_3,evaluation,2022-07-23,L-R,night,5780,5572,G2,False,1.4456016659387387,1.4283680000000913,0.23402695899130777,0.23128400000007332,774553600
fold_3,evaluation,2022-07-23,L-R,shoulder,6516,6282,G3,False,1.585387958039064,1.5644350000000031,0.5200259999837726,0.5017239999999674,774553600
fold_3,evaluation,2022-07-23,L-R,solar,5068,4886,G3,False,1.4097117920173332,1.3367959999999357,0.4238366670324467,0.41799600000001647,774553600
fold_3,evaluation,2022-07-23,L-N,night,5780,5572,G2,False,1.4632574999704957,1.3956519999999273,0.2540026659844443,0.24505800000008549,772063232
fold_3,evaluation,2022-07-23,L-N,shoulder,6516,6282,G4,False,1.5880725430324674,1.5645260000000007,0.8583947090082802,0.7956780000000663,772063232
fold_3,evaluation,2022-07-23,L-N,solar,5068,4886,G2,False,1.3987296250415966,1.3813510000001088,0.21244016697164625,0.21023400000001402,772063232
fold_3,evaluation,2022-07-24,L-P,pooled,17364,16740,G3,False,2.4677645819610916,2.382159999999999,0.7903312080306932,0.7718800000000101,801112064
fold_3,evaluation,2022-07-24,L-R,night,5780,5572,G2,False,1.4966474989778362,1.471631999999886,0.2143375410232693,0.2127900000000409,784089088
fold_3,evaluation,2022-07-24,L-R,shoulder,6516,6282,G4,False,1.614013999060262,1.540053999999941,0.7877064580097795,0.7774229999999989,784089088
fold_3,evaluation,2022-07-24,L-R,solar,5068,4886,G3,False,1.374921373964753,1.348957000000155,0.4153235419653356,0.41200000000003456,784089088
fold_3,evaluation,2022-07-24,L-N,night,5780,5572,G4,False,1.4996577929123305,1.4197719999999663,0.7526111669722013,0.7424010000000862,801112064
fold_3,evaluation,2022-07-24,L-N,shoulder,6516,6282,G3,False,1.5169365840265527,1.5036150000000816,0.4776463329908438,0.4700359999999364,801112064
fold_3,evaluation,2022-07-24,L-N,solar,5068,4886,G2,False,1.4171104600536637,1.3957699999999704,0.254279334039893,0.244686999999999,801112064
fold_3,evaluation,2022-07-25,L-P,pooled,17364,16740,G4,False,2.399953751009889,2.374233000000004,1.1647039579693228,1.1453780000000506,774553600
fold_3,evaluation,2022-07-25,L-R,night,5780,5572,G2,False,1.4881342079606839,1.469177999999829,0.26857029099483043,0.26119600000004084,772063232
fold_3,evaluation,2022-07-25,L-R,shoulder,6516,6282,G4,False,1.4761374579393305,1.46612499999992,0.9025824580457993,0.8158050000000685,772063232
fold_3,evaluation,2022-07-25,L-R,solar,5068,4886,G3,False,1.3292496260255575,1.318832000000043,0.44603674998506904,0.43818399999997837,772063232
fold_3,evaluation,2022-07-25,L-N,night,5780,5572,G3,False,1.4894182920106687,1.4641789999999446,0.4344938329886645,0.4317069999999603,784089088
fold_3,evaluation,2022-07-25,L-N,shoulder,6516,6282,G4,False,1.637817375070881,1.5570969999999988,0.8091086669592187,0.794809999999984,784089088
fold_3,evaluation,2022-07-25,L-N,solar,5068,4886,G2,False,1.3572216249885969,1.3430090000001655,0.20461412495933473,0.20323100000007344,784089088
fold_3,evaluation,2022-07-26,L-P,pooled,17364,16740,G2,False,2.4075013329274952,2.3776650000000927,0.3851174580049701,0.3824379999999792,774553600
fold_3,evaluation,2022-07-26,L-R,night,5780,5572,G3,False,1.426311166898813,1.4108110000000806,0.5469849999644794,0.47644800000000487,801112064
fold_3,evaluation,2022-07-26,L-R,shoulder,6516,6282,G2,False,1.607452791009564,1.581931999999938,0.23334837501170114,0.23177400000008674,801112064
fold_3,evaluation,2022-07-26,L-R,solar,5068,4886,G3,False,1.404101542022545,1.3825440000001663,0.44046091701602563,0.43456499999990683,801112064
fold_3,evaluation,2022-07-26,L-N,night,5780,5572,G2,False,1.557522834977135,1.4720810000001165,0.21536654199007899,0.21378999999990356,774553600
fold_3,evaluation,2022-07-26,L-N,shoulder,6516,6282,G4,False,1.6232310410123318,1.6006369999997787,0.8100288329878822,0.7957830000000286,774553600
fold_3,evaluation,2022-07-26,L-N,solar,5068,4886,G2,False,1.4515520419809036,1.4270950000000084,0.24443762504961342,0.2384349999999813,774553600
fold_3,evaluation,2022-07-27,L-P,pooled,17364,16740,G3,False,2.5124267489882186,2.464478000000099,0.7901215410092846,0.7765839999999571,772063232
fold_3,evaluation,2022-07-27,L-R,night,5780,5572,G2,False,1.495058458065614,1.4664410000001453,0.24831570801325142,0.24256900000000314,784089088
fold_3,evaluation,2022-07-27,L-R,shoulder,6516,6282,G2,False,1.5273110829875804,1.5119630000001507,0.26009058399358764,0.2554460000000063,784089088
fold_3,evaluation,2022-07-27,L-R,solar,5068,4886,G3,False,1.430615415039938,1.4069920000000593,0.445897999976296,0.4393290000000434,784089088
fold_3,evaluation,2022-07-27,L-N,night,5780,5572,G2,False,1.4659442090778612,1.4464199999999892,0.25969149998854846,0.25393499999995583,772063232
fold_3,evaluation,2022-07-27,L-N,shoulder,6516,6282,G3,False,1.5865519580547698,1.5130819999999403,0.4951690000016242,0.4874479999999721,772063232
fold_3,evaluation,2022-07-27,L-N,solar,5068,4886,G4,False,1.3475584590341896,1.3357400000001007,0.6874137499835342,0.6796010000000479,772063232
fold_3,evaluation,2022-07-28,L-P,pooled,17364,16740,G3,False,2.4507537089521065,2.4128529999999273,0.7480002920492552,0.7407049999999344,801112064
fold_3,evaluation,2022-07-28,L-R,night,5780,5572,G1,False,1.4664512080489658,1.4455620000002227,0.07836300000781193,0.07781999999997424,774553600
fold_3,evaluation,2022-07-28,L-R,shoulder,6516,6282,G2,False,1.6244777510291897,1.5519649999997682,0.22990566701628268,0.22856899999999314,774553600
fold_3,evaluation,2022-07-28,L-R,solar,5068,4886,G3,False,1.3494859589263797,1.336315000000127,0.40278075000969693,0.40013399999998,774553600
fold_3,evaluation,2022-07-28,L-N,night,5780,5572,G1,False,1.4641059159766883,1.396333999999797,0.07622587500372902,0.075745999999981,784089088
fold_3,evaluation,2022-07-28,L-N,shoulder,6516,6282,G4,False,1.5940506240003742,1.575266000000056,0.8776019160286523,0.8068959999999379,784089088
fold_3,evaluation,2022-07-28,L-N,solar,5068,4886,G3,False,1.3895646670134738,1.3722280000000637,0.4067436669720337,0.40396099999998114,784089088
fold_3,evaluation,2022-07-29,L-P,pooled,17364,16740,G3,False,2.447453748958651,2.3597230000001446,0.7176998750073835,0.7131900000000542,801112064
fold_3,evaluation,2022-07-29,L-R,night,5780,5572,G2,False,1.4535714180092327,1.4363750000001119,0.22011529101291671,0.21812499999998636,772063232
fold_3,evaluation,2022-07-29,L-R,shoulder,6516,6282,G4,False,1.6114151669899002,1.5829810000001316,0.8418382079689763,0.8248479999999745,772063232
fold_3,evaluation,2022-07-29,L-R,solar,5068,4886,G1,False,1.45361595810391,1.3804300000000467,0.08657666598446667,0.08446200000003046,772063232
fold_3,evaluation,2022-07-29,L-N,night,5780,5572,G2,False,1.4570388350402936,1.4379399999999123,0.22294108296046034,0.22100799999998344,774553600
fold_3,evaluation,2022-07-29,L-N,shoulder,6516,6282,G3,False,1.6763987080194056,1.6402770000000828,0.45135620899964124,0.4491199999999935,774553600
fold_3,evaluation,2022-07-29,L-N,solar,5068,4886,G3,False,1.466496039996855,1.3904929999999922,0.41333666699938476,0.40966499999990447,774553600
fold_3,evaluation,2022-07-30,L-P,pooled,17364,16740,G3,False,2.5079283349914476,2.4141539999999395,0.7544119160156697,0.7451469999999745,801112064
fold_3,evaluation,2022-07-30,L-R,night,5780,5572,G3,False,1.505735040991567,1.481382000000167,0.5387158340308815,0.5249280000000454,784089088
fold_3,evaluation,2022-07-30,L-R,shoulder,6516,6282,G4,False,1.6144865849637426,1.5861699999999246,0.8001788330147974,0.7852890000000343,784089088
fold_3,evaluation,2022-07-30,L-R,solar,5068,4886,G3,False,1.3021372909424827,1.2940700000000334,0.44376375002320856,0.437432000000058,784089088
fold_3,evaluation,2022-07-30,L-N,night,5780,5572,G2,False,1.597888584015891,1.5589040000000978,0.21000262501183897,0.20884000000000924,801112064
fold_3,evaluation,2022-07-30,L-N,shoulder,6516,6282,G4,False,1.6697463740129024,1.6372949999999946,0.802104624977801,0.7885400000000118,801112064
fold_3,evaluation,2022-07-30,L-N,solar,5068,4886,G2,False,1.3564635830116458,1.3436629999999923,0.20882608299143612,0.2074360000000297,801112064
fold_3,evaluation,2022-07-31,L-P,pooled,17364,16740,G2,False,2.4035250000306405,2.3772080000001097,0.3949779579997994,0.39247100000000046,772063232
fold_3,evaluation,2022-07-31,L-R,night,5780,5572,G3,False,1.4180973739130422,1.4054900000000998,0.47212141600903124,0.46215200000006007,774553600
fold_3,evaluation,2022-07-31,L-R,shoulder,6516,6282,G2,False,1.519304625049699,1.5059000000001106,0.23234191699884832,0.23092399999995905,774553600
fold_3,evaluation,2022-07-31,L-R,solar,5068,4886,G3,False,1.4315611239289865,1.4064350000001014,0.4660246670246124,0.4581460000000561,774553600
fold_3,evaluation,2022-07-31,L-N,night,5780,5572,G1,False,1.5770122910034843,1.5474030000000312,0.07542508404003456,0.07495600000004288,772063232
fold_3,evaluation,2022-07-31,L-N,shoulder,6516,6282,G4,False,1.6284630000591278,1.6014169999999694,0.8117866250104271,0.8007350000000315,772063232
fold_3,evaluation,2022-07-31,L-N,solar,5068,4886,G4,False,1.3634756660321727,1.3488059999999678,0.6524967500008643,0.6482189999999264,772063232
fold_3,evaluation,2022-08-01,L-P,pooled,17364,16740,G3,False,2.3467553760274313,2.3250450000001592,0.8048995829885826,0.7919009999999389,784089088
fold_3,evaluation,2022-08-01,L-R,night,5780,5572,G4,False,1.4199543750146404,1.4049279999999271,0.6847390409675427,0.6808609999999362,801112064
fold_3,evaluation,2022-08-01,L-R,shoulder,6516,6282,G3,False,1.516078041109722,1.5005370000000084,0.4544883330236189,0.4517869999999675,801112064
fold_3,evaluation,2022-08-01,L-R,solar,5068,4886,G2,False,1.4366352909710258,1.4135610000001861,0.20463558298069984,0.2032570000000078,801112064
fold_3,evaluation,2022-08-01,L-N,night,5780,5572,G1,False,1.492409416998271,1.4721069999999372,0.08351033396320418,0.08222299999999905,774553600
fold_3,evaluation,2022-08-01,L-N,shoulder,6516,6282,G4,False,1.6205316680134274,1.5420449999998027,0.7691967499558814,0.7612429999999222,774553600
fold_3,evaluation,2022-08-01,L-N,solar,5068,4886,G2,False,1.39143429097021,1.3718049999999948,0.2008736670250073,0.19970299999999952,774553600
fold_3,evaluation,2022-08-02,L-P,pooled,17364,16740,G3,False,2.3849375410354696,2.3555000000000064,0.7201179999974556,0.7155360000000428,784089088
fold_3,evaluation,2022-08-02,L-R,night,5780,5572,G3,False,1.369698042050004,1.3612829999999576,0.46811825002077967,0.4621949999999515,772063232
fold_3,evaluation,2022-08-02,L-R,shoulder,6516,6282,G3,False,1.4890362509759143,1.4790060000000267,0.4673101660446264,0.46258799999998246,772063232
fold_3,evaluation,2022-08-02,L-R,solar,5068,4886,G2,False,1.3980249589076266,1.3773879999999963,0.22282804199494421,0.219524999999976,772063232
fold_3,evaluation,2022-08-02,L-N,night,5780,5572,G4,False,1.5537482499494217,1.4715690000001587,0.7462232080288231,0.7336109999999962,801112064
fold_3,evaluation,2022-08-02,L-N,shoulder,6516,6282,G4,False,1.5039312500157394,1.4921960000000354,0.7923972090356983,0.7820169999999962,801112064
fold_3,evaluation,2022-08-02,L-N,solar,5068,4886,G4,False,1.3373756669461727,1.3256309999998166,0.6827736660488881,0.6722029999999677,801112064
fold_3,evaluation,2022-08-03,L-P,pooled,17364,16740,G4,False,2.527344750065822,2.416776000000027,1.0767160420073196,1.0681829999999763,784089088
fold_3,evaluation,2022-08-03,L-R,night,5780,5572,G3,False,1.443406915932428,1.4253720000000385,0.43058183300308883,0.4276559999999563,774553600
fold_3,evaluation,2022-08-03,L-R,shoulder,6516,6282,G4,False,1.5573939580353908,1.5383899999999358,0.8077498329803348,0.7941579999999249,774553600
fold_3,evaluation,2022-08-03,L-R,solar,5068,4886,G1,False,1.344335166970268,1.3313920000001644,0.07202195801073685,0.07162499999992633,774553600
fold_3,evaluation,2022-08-03,L-N,night,5780,5572,G4,False,1.4353896259563044,1.4167820000001257,0.7015915410011075,0.6969159999999874,784089088
fold_3,evaluation,2022-08-03,L-N,shoulder,6516,6282,G1,False,1.500051415991038,1.488958000000025,0.0940468329936266,0.0926080000000411,784089088
fold_3,evaluation,2022-08-03,L-N,solar,5068,4886,G4,False,1.432244873023592,1.407263999999941,0.7031486250343733,0.6937900000000354,784089088
fold_3,evaluation,2022-08-04,L-P,pooled,17364,16740,G3,False,2.4005598310614005,2.3740169999999807,0.737829249992501,0.7312650000000076,772063232
fold_3,evaluation,2022-08-04,L-R,night,5780,5572,G3,False,1.5094113330706023,1.4854020000000219,0.4240008750348352,0.42130699999995613,801112064
fold_3,evaluation,2022-08-04,L-R,shoulder,6516,6282,G3,False,1.5364023749134503,1.5182519999998476,0.4505523330299184,0.4475160000000642,801112064
fold_3,evaluation,2022-08-04,L-R,solar,5068,4886,G3,False,1.3565654999692924,1.3430609999999206,0.40493279101792723,0.4023899999999685,801112064
fold_3,evaluation,2022-08-04,L-N,night,5780,5572,G2,False,1.4462183329742402,1.4303080000001955,0.21719599998323247,0.21583799999996245,774553600
fold_3,evaluation,2022-08-04,L-N,shoulder,6516,6282,G1,False,1.5145507089910097,1.5013959999999997,0.08232112496625632,0.08184300000004896,774553600
fold_3,evaluation,2022-08-04,L-N,solar,5068,4886,G3,False,1.34492520801723,1.3306129999997438,0.43293962499592453,0.4269979999999123,774553600
fold_3,evaluation,2022-08-05,L-P,pooled,17364,16740,G3,False,2.3915655419114046,2.3609469999998964,0.7327532499912195,0.726097999999979,772063232
fold_3,evaluation,2022-08-05,L-R,night,5780,5572,G3,False,1.4250994579633698,1.4069190000000162,0.43285595800261945,0.429911000000061,784089088
fold_3,evaluation,2022-08-05,L-R,shoulder,6516,6282,G4,False,1.4904341250658035,1.47959300000025,0.7809269590070471,0.7668459999999868,784089088
fold_3,evaluation,2022-08-05,L-R,solar,5068,4886,G4,False,1.3842412079684436,1.3137259999999742,0.6934617080260068,0.6849740000000111,784089088
fold_3,evaluation,2022-08-05,L-N,night,5780,5572,G1,False,1.4301557089202106,1.4179999999998927,0.07561379199614748,0.07518000000004577,772063232
fold_3,evaluation,2022-08-05,L-N,shoulder,6516,6282,G1,False,1.5788674159557559,1.5580859999998893,0.08325704198796302,0.08208999999999378,772063232
fold_3,evaluation,2022-08-05,L-N,solar,5068,4886,G4,False,1.4187761670327745,1.3443859999999859,0.6712112500099465,0.6658039999999801,772063232
fold_3,evaluation,2022-08-06,L-P,pooled,17364,16740,G4,False,2.42736958200112,2.3381019999999353,1.129830707970541,1.114652000000092,774553600
fold_3,evaluation,2022-08-06,L-R,night,5780,5572,G3,False,1.4865883760503493,1.4139749999999367,0.4403528749826364,0.43642800000009174,801112064
fold_3,evaluation,2022-08-06,L-R,shoulder,6516,6282,G4,False,1.5432809160556644,1.5259390000001076,0.7655797500046901,0.7554740000000493,801112064
fold_3,evaluation,2022-08-06,L-R,solar,5068,4886,G2,False,1.3831180410343222,1.3653679999999895,0.20157325000036508,0.20026199999995242,801112064
fold_3,evaluation,2022-08-06,L-N,night,5780,5572,G1,False,1.4573607080383226,1.4424659999999676,0.07571670901961625,0.07525799999996252,774553600
fold_3,evaluation,2022-08-06,L-N,shoulder,6516,6282,G1,False,1.5196822930593044,1.5056349999999838,0.08317370899021626,0.08264599999995426,774553600
fold_3,evaluation,2022-08-06,L-N,solar,5068,4886,G4,False,1.3490398339927197,1.3351259999999456,0.698188541980926,0.6882510000000366,774553600
fold_3,evaluation,2022-08-07,L-P,pooled,17364,16740,G3,False,2.380492999975104,2.349670000000174,0.7569331250269897,0.7489380000000665,784089088
fold_3,evaluation,2022-08-07,L-R,night,5780,5572,G3,False,1.4291071679908782,1.4117750000000342,0.433083624986466,0.42942200000004505,772063232
fold_3,evaluation,2022-08-07,L-R,shoulder,6516,6282,G4,False,1.515058874967508,1.5026330000000598,0.7922442919807509,0.7807770000000573,772063232
fold_3,evaluation,2022-08-07,L-R,solar,5068,4886,G2,False,1.3810404999530874,1.3637360000000172,0.20640058303251863,0.20472899999992933,772063232
fold_3,evaluation,2022-08-07,L-N,night,5780,5572,G1,False,1.4616977910045534,1.4441630000000032,0.07675295800436288,0.07620700000006764,801112064
fold_3,evaluation,2022-08-07,L-N,shoulder,6516,6282,G3,False,1.5430322920437902,1.52637500000003,0.4613040839903988,0.45806899999990947,801112064
fold_3,evaluation,2022-08-07,L-N,solar,5068,4886,G4,False,1.3590075420215726,1.3457840000000942,0.7880817919503897,0.7118290000000798,801112064
fold_3,evaluation,2022-08-08,L-P,pooled,17364,16740,G2,False,2.355377748957835,2.3330299999998942,0.4385954170138575,0.42925500000001193,784089088
fold_3,evaluation,2022-08-08,L-R,night,5780,5572,G3,False,1.508601917012129,1.4271929999999884,0.4500655420124531,0.4441749999999729,774553600
fold_3,evaluation,2022-08-08,L-R,shoulder,6516,6282,G4,False,1.5058442509616725,1.491262000000006,0.7921879999921657,0.779627000000005,774553600
fold_3,evaluation,2022-08-08,L-R,solar,5068,4886,G2,False,1.308896500035189,1.3000790000000961,0.2158569999737665,0.21190999999998894,774553600
fold_3,evaluation,2022-08-08,L-N,night,5780,5572,G1,False,1.5192904999712482,1.4456019999998944,0.07518591597909108,0.07472800000005009,784089088
fold_3,evaluation,2022-08-08,L-N,shoulder,6516,6282,G4,False,1.577399833011441,1.5574989999998934,0.7410630829981528,0.73624099999995,784089088
fold_3,evaluation,2022-08-08,L-N,solar,5068,4886,G2,False,1.350145209056791,1.3382030000000213,0.20566037500975654,0.2044420000000855,784089088
fold_3,evaluation,2022-08-09,L-P,pooled,17364,16740,G4,False,2.418669540027622,2.3329280000001518,1.1199189589824528,1.1085580000000164,772063232
fold_3,evaluation,2022-08-09,L-R,night,5780,5572,G3,False,1.4346907919971272,1.4149979999999687,0.4468931670417078,0.4418000000000575,801112064
fold_3,evaluation,2022-08-09,L-R,shoulder,6516,6282,G3,False,1.5262487910222262,1.5131069999999909,0.4521635829587467,0.44875200000001314,801112064
fold_3,evaluation,2022-08-09,L-R,solar,5068,4886,G2,False,1.3675274170818739,1.3508080000001428,0.20615166699280962,0.20481599999993705,801112064
fold_3,evaluation,2022-08-09,L-N,night,5780,5572,G1,False,1.4954862089944072,1.4743640000001506,0.07531258300878108,0.07488999999998214,772063232
fold_3,evaluation,2022-08-09,L-N,shoulder,6516,6282,G1,False,1.5715320410672575,1.5526170000000548,0.08291112497681752,0.0823329999999487,772063232
fold_3,evaluation,2022-08-09,L-N,solar,5068,4886,G4,False,1.3203454579925165,1.3102910000000065,0.6668349580140784,0.6619559999999183,772063232
fold_3,evaluation,2022-08-10,L-P,pooled,17364,16740,G3,False,2.313449375971686,2.2946680000000015,0.7339116659713909,0.7267900000000509,774553600
fold_3,evaluation,2022-08-10,L-R,night,5780,5572,G3,False,1.4105402499553747,1.3972029999999904,0.42068741703405976,0.41807200000005196,784089088
fold_3,evaluation,2022-08-10,L-R,shoulder,6516,6282,G3,False,1.5107669999706559,1.4977420000000166,0.4546634580474347,0.45186900000010155,784089088
fold_3,evaluation,2022-08-10,L-R,solar,5068,4886,G3,False,1.4582055829814635,1.3858749999999418,0.408139375038445,0.40508199999999306,784089088
fold_3,evaluation,2022-08-10,L-N,night,5780,5572,G1,False,1.5409187930636108,1.4632380000000467,0.07661049999296665,0.07596599999999398,801112064
fold_3,evaluation,2022-08-10,L-N,shoulder,6516,6282,G1,False,1.5384659170522355,1.5226780000000417,0.08520408300682902,0.0843449999999848,801112064
fold_3,evaluation,2022-08-10,L-N,solar,5068,4886,G4,False,1.3704725000425242,1.3542859999998882,0.6588272910448723,0.654235999999969,801112064
fold_3,evaluation,2022-08-11,L-P,pooled,17364,16740,G3,False,2.4265459590242244,2.347317999999973,0.7165477499947883,0.7122630000000072,774553600
fold_3,evaluation,2022-08-11,L-R,night,5780,5572,G3,False,1.396335292083677,1.3831820000000334,0.4238354159751907,0.42091800000002877,772063232
fold_3,evaluation,2022-08-11,L-R,shoulder,6516,6282,G4,False,1.5053743330063298,1.4926230000000942,0.7575763750355691,0.7493289999999888,772063232
fold_3,evaluation,2022-08-11,L-R,solar,5068,4886,G3,False,1.321108042029664,1.3101440000001503,0.4264007919700816,0.42250700000010966,772063232
fold_3,evaluation,2022-08-11,L-N,night,5780,5572,G1,False,1.4471969159203582,1.432358000000022,0.07576929195784032,0.07509600000003047,784089088
fold_3,evaluation,2022-08-11,L-N,shoulder,6516,6282,G1,False,1.5217015009257011,1.5087290000000166,0.1023517909925431,0.09973300000001473,784089088
fold_3,evaluation,2022-08-11,L-N,solar,5068,4886,G1,False,1.3774762098910287,1.3611289999998917,0.07115633302601054,0.07048099999997248,784089088
fold_3,evaluation,2022-08-12,L-P,pooled,17364,16740,G3,False,2.3465327090234496,2.3236649999998917,0.8075091250357218,0.7915820000000622,774553600
fold_3,evaluation,2022-08-12,L-R,night,5780,5572,G3,False,1.469916666042991,1.4479119999998602,0.4280027499771677,0.4248280000000477,801112064
fold_3,evaluation,2022-08-12,L-R,shoulder,6516,6282,G3,False,1.5939643750316463,1.5229270000000952,0.44660208298591897,0.44374600000003284,801112064
fold_3,evaluation,2022-08-12,L-R,solar,5068,4886,G1,False,1.4232194579672068,1.4022919999999885,0.07190283300587907,0.07138100000008762,801112064
fold_3,evaluation,2022-08-12,L-N,night,5780,5572,G1,False,1.4237656240584329,1.4102329999998346,0.0817565830075182,0.08039299999995819,774553600
fold_3,evaluation,2022-08-12,L-N,shoulder,6516,6282,G1,False,1.5456998739391565,1.5268159999999398,0.08207437495002523,0.08166300000004867,774553600
fold_3,evaluation,2022-08-12,L-N,solar,5068,4886,G1,False,1.4139715409837663,1.343780000000038,0.07061704195803031,0.07007399999997688,774553600
fold_3,evaluation,2022-08-13,L-P,pooled,17364,16740,G3,False,2.4463512500515208,2.362414999999828,0.7551856659702025,0.7456349999999929,772063232
fold_3,evaluation,2022-08-13,L-R,night,5780,5572,G3,False,1.4910297510796227,1.4136660000001484,0.4745559580042027,0.4664099999999962,784089088
fold_3,evaluation,2022-08-13,L-R,shoulder,6516,6282,G3,False,1.5217294589383528,1.5066719999998668,0.4628508330206387,0.45862399999998615,784089088
fold_3,evaluation,2022-08-13,L-R,solar,5068,4886,G1,False,1.3142800410278141,1.3046300000000883,0.07235916599165648,0.07191299999999501,784089088
fold_3,evaluation,2022-08-13,L-N,night,5780,5572,G1,False,1.4000055409851484,1.3895229999999401,0.07794175000162795,0.07734400000003916,772063232
fold_3,evaluation,2022-08-13,L-N,shoulder,6516,6282,G1,False,1.604271541989874,1.582845999999904,0.082988333015237,0.08257700000001478,772063232
fold_3,evaluation,2022-08-13,L-N,solar,5068,4886,G1,False,1.3410540840704925,1.3305390000000443,0.06946504104416817,0.069046999999955,772063232
fold_3,evaluation,2022-08-14,L-P,pooled,17364,16740,G3,False,2.35621183301555,2.3363209999998844,0.7767374999821186,0.7654979999999796,801112064
fold_3,evaluation,2022-08-14,L-R,night,5780,5572,G3,False,1.4247372510144487,1.4135740000000396,0.418091416999232,0.4154280000000199,774553600
fold_3,evaluation,2022-08-14,L-R,shoulder,6516,6282,G3,False,1.5341504999669269,1.5176810000000387,0.45705058303428814,0.4535329999999931,774553600
fold_3,evaluation,2022-08-14,L-R,solar,5068,4886,G1,False,1.4265136240283027,1.4025940000000219,0.07180441601667553,0.07130800000004456,774553600
fold_3,evaluation,2022-08-14,L-N,night,5780,5572,G1,False,1.49490137596149,1.4742300000001478,0.0745601249509491,0.07406800000001112,784089088
fold_3,evaluation,2022-08-14,L-N,shoulder,6516,6282,G1,False,1.532514207996428,1.5196509999999535,0.08507554198149592,0.08447799999999006,784089088
fold_3,evaluation,2022-08-14,L-N,solar,5068,4886,G1,False,1.3666220839950256,1.3538760000000138,0.06976658297935501,0.06892699999991692,784089088
fold_3,evaluation,2022-08-15,L-P,pooled,17364,16740,G3,False,2.3791267510387115,2.3530769999999848,0.7181331670144573,0.7129459999999881,801112064
fold_3,evaluation,2022-08-15,L-R,night,5780,5572,G4,False,1.417552292055916,1.4041570000000547,0.6772522500250489,0.6721009999999978,772063232
fold_3,evaluation,2022-08-15,L-R,shoulder,6516,6282,G3,False,1.5275703759980388,1.5115679999998974,0.4556747499736957,0.4528099999999995,772063232
fold_3,evaluation,2022-08-15,L-R,solar,5068,4886,G1,False,1.3550534589448944,1.3412809999999808,0.07088387501426041,0.07052899999996498,772063232
fold_3,evaluation,2022-08-15,L-N,night,5780,5572,G1,False,1.4230698749888688,1.4100629999999228,0.07746812497498468,0.07688000000007378,774553600
fold_3,evaluation,2022-08-15,L-N,shoulder,6516,6282,G1,False,1.5883778749848716,1.515852000000109,0.08288900001207367,0.08253100000001723,774553600
fold_3,evaluation,2022-08-15,L-N,solar,5068,4886,G1,False,1.3757969170692377,1.3617490000001453,0.06925208296161145,0.06877000000008593,774553600
fold_3,evaluation,2022-08-16,L-P,pooled,17364,16740,G3,False,2.353365374961868,2.3299740000001066,0.7313796249800362,0.7251390000000129,801112064
fold_3,evaluation,2022-08-16,L-R,night,5780,5572,G3,False,1.4234664150280878,1.409001999999873,0.42237108398694545,0.4198189999999613,784089088
fold_3,evaluation,2022-08-16,L-R,shoulder,6516,6282,G3,False,1.5241945000598207,1.5097869999999602,0.4504813749808818,0.447734999999966,784089088
fold_3,evaluation,2022-08-16,L-R,solar,5068,4886,G1,False,1.338215959025547,1.3226889999999685,0.07128966704476625,0.07083799999998064,784089088
fold_3,evaluation,2022-08-16,L-N,night,5780,5572,G1,False,1.4799240410211496,1.4163240000000314,0.07560883299447596,0.0751549999999952,801112064
fold_3,evaluation,2022-08-16,L-N,shoulder,6516,6282,G1,False,1.5146979579585604,1.503582999999935,0.0829220000305213,0.08246799999994892,801112064
fold_3,evaluation,2022-08-16,L-N,solar,5068,4886,G1,False,1.3462129580439068,1.3318679999999858,0.08133937499951571,0.07958399999995436,801112064
fold_3,evaluation,2022-08-17,L-P,pooled,17364,16740,G3,False,2.335918709053658,2.3135489999999663,0.7371855420060456,0.7296460000000025,772063232
fold_3,evaluation,2022-08-17,L-R,night,5780,5572,G2,False,1.401749501004815,1.3893229999998766,0.2222241249983199,0.2195169999999962,774553600
fold_3,evaluation,2022-08-17,L-R,shoulder,6516,6282,G3,False,1.5536773319472559,1.5350619999998116,0.45689450000645593,0.4540630000000192,774553600
fold_3,evaluation,2022-08-17,L-R,solar,5068,4886,G1,False,1.3182656259741634,1.3078510000001415,0.07141329103615135,0.07082000000002608,774553600
fold_3,evaluation,2022-08-17,L-N,night,5780,5572,G1,False,1.4591863760142587,1.4395490000000564,0.07635683298576623,0.07593699999995351,772063232
fold_3,evaluation,2022-08-17,L-N,shoulder,6516,6282,G1,False,1.55407691601431,1.5354589999999462,0.08741824998287484,0.08686699999998382,772063232
fold_3,evaluation,2022-08-17,L-N,solar,5068,4886,G1,False,1.3254280010587536,1.3148879999999963,0.08023824996780604,0.07876500000008946,772063232
fold_3,evaluation,2022-08-18,L-P,pooled,17364,16716,G3,False,2.359711833007168,2.3350099999997838,0.774872415990103,0.7650050000000874,784089088
fold_3,evaluation,2022-08-18,L-R,night,5780,5564,G4,False,1.4435196660342626,1.4261370000000397,0.7277541669900529,0.7179899999999861,801112064
fold_3,evaluation,2022-08-18,L-R,shoulder,6516,6273,G3,False,1.5614721670281142,1.5397460000000365,0.4859477920108475,0.47777399999995396,801112064
fold_3,evaluation,2022-08-18,L-R,solar,5068,4879,G1,False,1.3551606260589324,1.3413969999998017,0.139967916009482,0.08004699999992226,801112064
fold_3,evaluation,2022-08-18,L-N,night,5780,5564,G1,False,1.462208290991839,1.4425319999999147,0.07443270803196356,0.07394199999998818,774553600
fold_3,evaluation,2022-08-18,L-N,shoulder,6516,6273,G1,False,1.5906872510677204,1.565578999999957,0.08354775002226233,0.08309199999996508,774553600
fold_3,evaluation,2022-08-18,L-N,solar,5068,4879,G1,False,1.4638981669559143,1.3880470000000287,0.07014295796398073,0.0695980000000418,774553600
fold_3,evaluation,2022-08-19,L-P,pooled,17364,16692,G3,False,2.481846083945129,2.395443000000114,0.7253796249860898,0.7211559999999508,784089088
fold_3,evaluation,2022-08-19,L-R,night,5780,5556,G2,False,1.5143357090419158,1.4373540000000276,0.21037695795530453,0.2090099999999211,772063232
fold_3,evaluation,2022-08-19,L-R,shoulder,6516,6264,G3,False,1.5521440419834107,1.5351859999999533,0.45718025002861395,0.4539600000000519,772063232
fold_3,evaluation,2022-08-19,L-R,solar,5068,4872,G1,False,1.4437370829400606,1.422168000000056,0.07266100001288578,0.07231000000001586,772063232
fold_3,evaluation,2022-08-19,L-N,night,5780,5556,G1,False,1.496759625035338,1.4732029999997849,0.07642787497024983,0.07590299999992567,784089088
fold_3,evaluation,2022-08-19,L-N,shoulder,6516,6264,G1,False,1.5864573350409046,1.5602639999998473,0.08469229203183204,0.08393399999999929,784089088
fold_3,evaluation,2022-08-19,L-N,solar,5068,4872,G2,False,1.368040875880979,1.352444000000105,0.20529183297185227,0.20370200000002114,784089088
fold_3,evaluation,2022-08-20,L-P,pooled,17364,16692,G4,False,2.42603083292488,2.3945909999999913,1.0863383749965578,1.077032000000031,801112064
fold_3,evaluation,2022-08-20,L-R,night,5780,5556,G2,False,1.4497001249110326,1.4331960000000663,0.21168079099152237,0.21032500000001164,774553600
fold_3,evaluation,2022-08-20,L-R,shoulder,6516,6264,G3,False,1.5091612079995684,1.4963930000000119,0.4506724170059897,0.4475230000000465,774553600
fold_3,evaluation,2022-08-20,L-R,solar,5068,4872,G2,False,1.399357125919778,1.379216999999926,0.20270070899277925,0.20135900000002493,774553600
fold_3,evaluation,2022-08-20,L-N,night,5780,5556,G1,False,1.4629314980120398,1.4439569999998412,0.07569379202323034,0.0752269999999271,772063232
fold_3,evaluation,2022-08-20,L-N,shoulder,6516,6264,G1,False,1.6012653749785386,1.5291029999999637,0.08507883304264396,0.08444099999996979,772063232
fold_3,evaluation,2022-08-20,L-N,solar,5068,4872,G1,False,1.3425843750010245,1.3304789999999684,0.06947629200294614,0.06891199999995479,772063232
fold_3,evaluation,2022-08-21,L-P,pooled,17364,16692,G3,False,2.3962109169806354,2.364176000000157,0.7197334169759415,0.7143099999999549,801112064
fold_3,evaluation,2022-08-21,L-R,night,5780,5556,G4,False,1.411492624960374,1.3937970000000632,0.6784215410007164,0.6738790000000563,784089088
fold_3,evaluation,2022-08-21,L-R,shoulder,6516,6264,G4,False,1.5331278759986162,1.517806999999948,0.7243512910208665,0.7201479999999947,784089088
fold_3,evaluation,2022-08-21,L-R,solar,5068,4872,G2,False,1.4254484999692068,1.3524850000001152,0.2175810419721529,0.21492100000000391,784089088
fold_3,evaluation,2022-08-21,L-N,night,5780,5556,G1,False,1.4906678750412539,1.4224699999999757,0.07790191599633545,0.07700899999997546,774553600
fold_3,evaluation,2022-08-21,L-N,shoulder,6516,6264,G1,False,1.5009457499254495,1.4883630000000494,0.08956587500870228,0.08851899999990565,774553600
fold_3,evaluation,2022-08-21,L-N,solar,5068,4872,G2,False,1.3481492100399919,1.3349840000000768,0.23040291701909155,0.2265300000000252,774553600
fold_3,evaluation,2022-08-22,L-P,pooled,17364,16692,G4,False,2.4436383339343593,2.361507999999958,1.1117259580059908,1.1006049999999732,801112064
fold_3,evaluation,2022-08-22,L-R,night,5780,5556,G3,False,1.4271304160356522,1.41126399999996,0.4495372090023011,0.4442420000000311,772063232
fold_3,evaluation,2022-08-22,L-R,shoulder,6516,6264,G4,False,1.519480333023239,1.505155999999829,0.7566725829965435,0.7475850000000719,772063232
fold_3,evaluation,2022-08-22,L-R,solar,5068,4872,G1,False,1.3284656651085243,1.3187270000000808,0.07359491602983326,0.0729910000000018,772063232
fold_3,evaluation,2022-08-22,L-N,night,5780,5556,G1,False,1.4467779570259154,1.429858999999965,0.07437950000166893,0.07383900000002086,801112064
fold_3,evaluation,2022-08-22,L-N,shoulder,6516,6264,G1,False,1.5047772930120118,1.4928920000000971,0.08215733297402039,0.0816459999999779,801112064
fold_3,evaluation,2022-08-22,L-N,solar,5068,4872,G1,False,1.3629590419586748,1.3495940000000246,0.07989633298711851,0.07857899999999063,801112064
fold_3,evaluation,2022-08-23,L-P,pooled,17364,16692,G4,False,2.36515120806871,2.3431410000000596,1.1101347919902764,1.0983429999999998,784089088
fold_3,evaluation,2022-08-23,L-R,night,5780,5556,G2,False,1.4299090409767814,1.4146519999999327,0.21096687501994893,0.20974699999999302,774553600
fold_3,evaluation,2022-08-23,L-R,shoulder,6516,6264,G3,False,1.5086601249640808,1.4941530000000967,0.562519125000108,0.49824100000000726,774553600
fold_3,evaluation,2022-08-23,L-R,solar,5068,4872,G1,False,1.3577627100166865,1.3431359999999586,0.08143975003622472,0.08038900000008198,774553600
fold_3,evaluation,2022-08-23,L-N,night,5780,5556,G1,False,1.4123499999986961,1.4001649999999017,0.08240262500476092,0.0810390000000325,772063232
fold_3,evaluation,2022-08-23,L-N,shoulder,6516,6264,G1,False,1.5588555840076879,1.5395190000000412,0.08210858301026747,0.08149600000001556,772063232
fold_3,evaluation,2022-08-23,L-N,solar,5068,4872,G1,False,1.4308639579685405,1.3584059999999454,0.06924654199974611,0.06888000000003558,772063232
fold_3,evaluation,2022-08-24,L-P,pooled,17364,16692,G4,False,2.4457844581338577,2.3599269999999706,1.117456583015155,1.1062949999999319,784089088
fold_3,evaluation,2022-08-24,L-R,night,5780,5556,G2,False,1.5149186240159906,1.4459410000000616,0.21039058302994817,0.20915200000001732,801112064
fold_3,evaluation,2022-08-24,L-R,shoulder,6516,6264,G3,False,1.5358822079724632,1.518993999999907,0.451465958962217,0.4470019999999977,801112064
fold_3,evaluation,2022-08-24,L-R,solar,5068,4872,G1,False,1.38321600103518,1.3651000000000977,0.07288104202598333,0.07197599999994964,801112064
fold_3,evaluation,2022-08-24,L-N,night,5780,5556,G1,False,1.4570267910021357,1.4388900000000149,0.07784325000829995,0.07691399999998794,774553600
fold_3,evaluation,2022-08-24,L-N,shoulder,6516,6264,G2,False,1.5277803339995444,1.5104639999999563,0.23745616700034589,0.2357200000000148,774553600
fold_3,evaluation,2022-08-24,L-N,solar,5068,4872,G2,False,1.3551250409218483,1.3413359999999557,0.20808970800135285,0.2065820000000258,774553600
fold_3,evaluation,2022-08-25,L-P,pooled,17364,16692,G4,False,2.3874051249586046,2.3547989999998435,1.1310860420344397,1.1166010000000597,784089088
fold_3,evaluation,2022-08-25,L-R,night,5780,5556,G3,False,1.4293872500420548,1.4142330000000811,0.42078491603024304,0.41694299999994655,772063232
fold_3,evaluation,2022-08-25,L-R,shoulder,6516,6264,G3,False,1.5054212090326473,1.492644999999925,0.45452670799568295,0.45136200000001736,772063232
fold_3,evaluation,2022-08-25,L-R,solar,5068,4872,G2,False,1.3758319579646923,1.358712999999966,0.20518416701816022,0.20381399999996574,772063232
fold_3,evaluation,2022-08-25,L-N,night,5780,5556,G2,False,1.4635199579643086,1.4428000000001475,0.21379962499486282,0.2125859999999875,801112064
fold_3,evaluation,2022-08-25,L-N,shoulder,6516,6264,G2,False,1.5519204159500077,1.5371870000000172,0.2330725840292871,0.23137399999995978,801112064
fold_3,evaluation,2022-08-25,L-N,solar,5068,4872,G4,False,1.3435446670046076,1.3315249999999423,0.6574544580071233,0.65300000000002,801112064
fold_3,evaluation,2022-08-26,L-P,pooled,17364,16692,G3,False,2.32749470701674,2.307784999999967,0.7211698750033975,0.7153739999999971,784089088
fold_3,evaluation,2022-08-26,L-R,night,5780,5556,G2,False,1.4031116250553168,1.3909260000000359,0.2128441670211032,0.21166100000004917,774553600
fold_3,evaluation,2022-08-26,L-R,shoulder,6516,6264,G4,False,1.6101582499104552,1.5269950000000563,0.7605371670215391,0.7534719999999879,774553600
fold_3,evaluation,2022-08-26,L-R,solar,5068,4872,G3,False,1.3503631671192124,1.3371180000000322,0.41452812496572733,0.4108539999999721,774553600
fold_3,evaluation,2022-08-26,L-N,night,5780,5556,G1,False,1.4620702500687912,1.446075000000178,0.07452679198468104,0.07402600000000348,772063232
fold_3,evaluation,2022-08-26,L-N,shoulder,6516,6264,G1,False,1.544920956948772,1.5286289999999099,0.08341687504434958,0.08290699999997742,772063232
fold_3,evaluation,2022-08-26,L-N,solar,5068,4872,G1,False,1.4381674590404145,1.3669380000000046,0.07289008295629174,0.07247999999992771,772063232
fold_3,evaluation,2022-08-27,L-P,pooled,17364,16692,G4,False,2.4869631249457598,2.392434000000094,1.1102739159832709,1.1002160000000458,784089088
fold_3,evaluation,2022-08-27,L-R,night,5780,5556,G2,False,1.5398687099805102,1.4574100000000954,0.21318816702114418,0.21195000000000164,801112064
fold_3,evaluation,2022-08-27,L-R,shoulder,6516,6264,G4,False,1.5540553330210969,1.5351099999999178,0.7500035000266507,0.7440079999998943,801112064
fold_3,evaluation,2022-08-27,L-R,solar,5068,4872,G4,False,1.3714266659808345,1.3566699999998946,0.6624812499503605,0.6564839999999776,801112064
fold_3,evaluation,2022-08-27,L-N,night,5780,5556,G1,False,1.4138800840009935,1.3984309999999596,0.07494949997635558,0.07448799999997391,774553600
fold_3,evaluation,2022-08-27,L-N,shoulder,6516,6264,G3,False,1.5033892500796355,1.4923619999999573,0.4882600419805385,0.48152300000003834,774553600
fold_3,evaluation,2022-08-27,L-N,solar,5068,4872,G2,False,1.3577533340430818,1.3444150000000263,0.20632487500552088,0.20471699999995963,774553600
fold_3,evaluation,2022-08-28,L-P,pooled,17364,16692,G4,False,2.3604606239823624,2.335461999999893,1.1130799580132589,1.1011200000000372,784089088
fold_3,evaluation,2022-08-28,L-R,night,5780,5556,G1,False,1.4029560410417616,1.3904769999998052,0.09349137498065829,0.09141199999999117,772063232
fold_3,evaluation,2022-08-28,L-R,shoulder,6516,6264,G3,False,1.510498582967557,1.495783000000074,0.49030691699590534,0.48307499999998527,772063232
fold_3,evaluation,2022-08-28,L-R,solar,5068,4872,G3,False,1.3423615010688081,1.3313550000002579,0.43448141700355336,0.429442999999992,772063232
fold_3,evaluation,2022-08-28,L-N,night,5780,5556,G1,False,1.4624404579517432,1.4458430000000817,0.07568537502083927,0.07520800000008876,784089088
fold_3,evaluation,2022-08-28,L-N,shoulder,6516,6264,G1,False,1.598390998900868,1.5256610000001274,0.09567787498235703,0.09298499999999876,784089088
fold_3,evaluation,2022-08-28,L-N,solar,5068,4872,G1,False,1.3625354170799255,1.348081000000093,0.06963404198177159,0.0691989999999123,784089088
fold_3,evaluation,2022-08-29,L-P,pooled,17364,16692,G3,False,2.3883008339325897,2.3626290000000836,0.7878005420207046,0.7270509999999604,801112064
fold_3,evaluation,2022-08-29,L-R,night,5780,5556,G2,False,1.4005501660867594,1.3882560000000694,0.21227812499273568,0.2104580000000169,774553600
fold_3,evaluation,2022-08-29,L-R,shoulder,6516,6264,G3,False,1.589302417007275,1.5661799999998038,0.4550166660337709,0.4512730000000147,774553600
fold_3,evaluation,2022-08-29,L-R,solar,5068,4872,G4,False,1.3790889590745792,1.3128929999999173,0.7272660410380922,0.7150239999999712,774553600
fold_3,evaluation,2022-08-29,L-N,night,5780,5556,G1,False,1.4646215828834102,1.3971219999998539,0.09468529204605147,0.09244799999999032,772063232
fold_3,evaluation,2022-08-29,L-N,shoulder,6516,6264,G4,False,1.5453877490363084,1.5304390000002286,0.7699150000116788,0.761955999999941,772063232
fold_3,evaluation,2022-08-29,L-N,solar,5068,4872,G1,False,1.406185582978651,1.386019000000033,0.07184945797780529,0.07139700000004723,772063232
fold_3,evaluation,2022-08-30,L-P,pooled,17364,16692,G4,False,2.423706792003941,2.3935650000001942,1.1205739169963636,1.1078019999999924,801112064
fold_3,evaluation,2022-08-30,L-R,night,5780,5556,G3,False,1.4467934590065852,1.4273010000000568,0.46707804198376834,0.4589969999999539,784089088
fold_3,evaluation,2022-08-30,L-R,shoulder,6516,6264,G3,False,1.5942793340072967,1.571662999999944,0.45353283296572044,0.4505580000000009,784089088
fold_3,evaluation,2022-08-30,L-R,solar,5068,4872,G4,False,1.3133606240153313,1.3044410000001108,0.749311999999918,0.7326299999999719,784089088
fold_3,evaluation,2022-08-30,L-N,night,5780,5556,G1,False,1.5059375829878263,1.4800279999998338,0.07534283300628886,0.07491800000002513,774553600
fold_3,evaluation,2022-08-30,L-N,shoulder,6516,6264,G2,False,1.4964040410122834,1.4861660000000256,0.2823964160052128,0.27466499999991356,774553600
fold_3,evaluation,2022-08-30,L-N,solar,5068,4872,G1,False,1.3941384580684826,1.378052999999909,0.07178429199848324,0.07099200000004657,774553600
fold_3,evaluation,2022-08-31,L-P,pooled,17364,16692,G4,False,2.4756534150219522,2.4377009999999473,1.1587124580400996,1.143060000000105,801112064
fold_3,evaluation,2022-08-31,L-R,night,5780,5556,G1,False,1.4774597500218078,1.4560059999998884,0.09270512504735962,0.08950100000004113,772063232
fold_3,evaluation,2022-08-31,L-R,shoulder,6516,6264,G4,False,1.5890587100293487,1.5104609999999639,0.8138826250215061,0.7976530000000821,772063232
fold_3,evaluation,2022-08-31,L-R,solar,5068,4872,G4,False,1.3672282920451835,1.352574999999888,0.6704377919668332,0.6637379999999666,772063232
fold_3,evaluation,2022-08-31,L-N,night,5780,5556,G4,False,1.4628702909685671,1.4434860000000072,0.7726315420004539,0.7079319999999143,784089088
fold_3,evaluation,2022-08-31,L-N,shoulder,6516,6264,G3,False,1.5641317509580404,1.547185999999897,0.4543358340160921,0.45128999999997177,784089088
fold_3,evaluation,2022-08-31,L-N,solar,5068,4872,G1,False,1.422858375008218,1.3958030000001145,0.0698336249915883,0.06935799999996561,784089088
fold_3,evaluation,2022-09-01,L-P,pooled,17364,16692,G2,False,2.431734542013146,2.3529529999999568,0.4138282909989357,0.40821999999991476,801112064
fold_3,evaluation,2022-09-01,L-R,night,5780,5556,G4,False,1.448116542014759,1.381838000000016,0.7741952910437249,0.755580000000009,774553600
fold_3,evaluation,2022-09-01,L-R,shoulder,6516,6264,G4,False,1.5165846260497347,1.495804999999791,0.7275347079848871,0.7229499999999689,774553600
fold_3,evaluation,2022-09-01,L-R,solar,5068,4872,G4,False,1.3584815829526633,1.3423939999998993,0.6700204170192592,0.6634629999999788,774553600
fold_3,evaluation,2022-09-01,L-N,night,5780,5556,G1,False,1.4661228750483133,1.4447589999999764,0.07568541599903256,0.07520099999999275,801112064
fold_3,evaluation,2022-09-01,L-N,shoulder,6516,6264,G4,False,1.525432207097765,1.509435999999937,0.7396336669917218,0.7344580000000178,801112064
fold_3,evaluation,2022-09-01,L-N,solar,5068,4872,G1,False,1.3716381669510156,1.356418000000076,0.06910862500080839,0.06863399999997455,801112064
fold_3,evaluation,2022-09-02,L-P,pooled,17364,16692,G2,False,2.3549508340656757,2.3345430000000533,0.3871970840264112,0.3817029999999022,772063232
fold_3,evaluation,2022-09-02,L-R,night,5780,5556,G2,False,1.4060140430810861,1.3911959999999226,0.21239483397221193,0.2107899999999745,784089088
fold_3,evaluation,2022-09-02,L-R,shoulder,6516,6264,G4,False,1.51559383404674,1.503887000000077,0.8234363329829648,0.7515970000000607,784089088
fold_3,evaluation,2022-09-02,L-R,solar,5068,4872,G1,False,1.345692418050021,1.331126000000154,0.07118170900503173,0.07070299999998042,784089088
fold_3,evaluation,2022-09-02,L-N,night,5780,5556,G2,False,1.44219550100388,1.4250090000000455,0.21431799995480105,0.2130419999999731,772063232
fold_3,evaluation,2022-09-02,L-N,shoulder,6516,6264,G4,False,1.5943639590404928,1.5243320000000722,0.7542556659900583,0.7462289999999712,772063232
fold_3,evaluation,2022-09-02,L-N,solar,5068,4872,G1,False,1.3304706679773517,1.3187470000000303,0.07048891700105742,0.07013399999993908,772063232
fold_3,evaluation,2022-09-03,L-P,pooled,17364,16692,G3,False,2.3186304590199143,2.292300999999952,0.8161729170242324,0.7543070000000398,774553600
fold_3,evaluation,2022-09-03,L-R,night,5780,5556,G1,False,1.4270359579240903,1.4125170000000935,0.0761065409751609,0.07578399999999874,801112064
fold_3,evaluation,2022-09-03,L-R,shoulder,6516,6264,G4,False,1.62777945806738,1.5975119999998242,0.7262011250131764,0.7214960000000019,801112064
fold_3,evaluation,2022-09-03,L-R,solar,5068,4872,G2,False,1.435585041937884,1.3581189999998742,0.20201920898398384,0.20088399999997364,801112064
fold_3,evaluation,2022-09-03,L-N,night,5780,5556,G3,False,1.4947177090216428,1.4670759999999063,0.47488175000762567,0.467078000000015,774553600
fold_3,evaluation,2022-09-03,L-N,shoulder,6516,6264,G1,False,1.6131082499632612,1.5893100000000686,0.08370933297555894,0.08326099999999315,774553600
fold_3,evaluation,2022-09-03,L-N,solar,5068,4872,G2,False,1.3658148320391774,1.3465850000000046,0.20284745801473036,0.20148700000004283,774553600
fold_3,evaluation,2022-09-04,L-P,pooled,17364,16692,G4,False,2.417899582942482,2.3833549999999377,1.1409568749950267,1.1254749999999376,784089088
fold_3,evaluation,2022-09-04,L-R,night,5780,5556,G4,False,1.5086464579799213,1.4817209999999932,0.697062042017933,0.6866249999999354,772063232
fold_3,evaluation,2022-09-04,L-R,shoulder,6516,6264,G4,False,1.4880753319594078,1.4765690000001541,0.7678746660239995,0.758418000000006,772063232
fold_3,evaluation,2022-09-04,L-R,solar,5068,4872,G4,False,1.3749307928956114,1.359098999999901,0.7202887079911307,0.7101669999999558,772063232
fold_3,evaluation,2022-09-04,L-N,night,5780,5556,G4,False,1.49131191696506,1.4702049999999645,0.7908183329855092,0.7766950000000179,801112064
fold_3,evaluation,2022-09-04,L-N,shoulder,6516,6264,G4,False,1.6268296239431947,1.55404499999986,0.8002071250230074,0.7893289999999524,801112064
fold_3,evaluation,2022-09-04,L-N,solar,5068,4872,G1,False,1.326724959013518,1.3168849999998429,0.07018208299996331,0.06987400000002708,801112064
fold_3,evaluation,2022-09-05,L-P,pooled,17364,16692,G3,False,2.417193791945465,2.3851240000001326,0.7393966249655932,0.7329369999999926,784089088
fold_3,evaluation,2022-09-05,L-R,night,5780,5556,G4,False,1.3810730420518667,1.3713999999998805,0.7317974999896251,0.7211459999999761,774553600
fold_3,evaluation,2022-09-05,L-R,shoulder,6516,6264,G4,False,1.522482581960503,1.5053879999999253,0.8335068339947611,0.8160800000000563,774553600
fold_3,evaluation,2022-09-05,L-R,solar,5068,4872,G2,False,1.3879087509703822,1.3713169999999764,0.20145158300874755,0.20024499999999534,774553600
fold_3,evaluation,2022-09-05,L-N,night,5780,5556,G4,False,1.496711665939074,1.4243890000000192,0.7404523330042139,0.7313229999999749,784089088
fold_3,evaluation,2022-09-05,L-N,shoulder,6516,6264,G3,False,1.5947325000306591,1.5702750000000378,0.4882585419691168,0.47870100000000093,784089088
fold_3,evaluation,2022-09-05,L-N,solar,5068,4872,G1,False,1.3574687489890493,1.3420039999999744,0.0867585830274038,0.08397899999999936,784089088
fold_3,evaluation,2022-09-06,L-P,pooled,17364,16692,G1,False,2.369655168033205,2.339845999999966,0.15580337500432506,0.15476699999999255,772063232
fold_3,evaluation,2022-09-06,L-R,night,5780,5556,G4,False,1.38832679198822,1.3771940000000313,0.8157007499830797,0.7962059999999838,801112064
fold_3,evaluation,2022-09-06,L-R,shoulder,6516,6264,G4,False,1.5377799589768983,1.5223369999999932,0.7407390829757787,0.7352809999999863,801112064
fold_3,evaluation,2022-09-06,L-R,solar,5068,4872,G4,False,1.379702832957264,1.3633339999998952,0.6602143340278417,0.6563099999999622,801112064
fold_3,evaluation,2022-09-06,L-N,night,5780,5556,G3,False,1.5771739579504356,1.5475830000000315,0.4572728330385871,0.45206599999994523,772063232
fold_3,evaluation,2022-09-06,L-N,shoulder,6516,6264,G4,False,1.5535264579812065,1.5369339999999738,0.7586945419898257,0.7529399999999669,772063232
fold_3,evaluation,2022-09-06,L-N,solar,5068,4872,G1,False,1.363522915984504,1.3494740000001002,0.0696922080242075,0.06921699999998054,772063232
fold_3,evaluation,2022-09-07,L-P,pooled,17364,16692,G2,False,2.372693416895345,2.348604000000023,0.4012797920149751,0.39674100000002,774553600
fold_3,evaluation,2022-09-07,L-R,night,5780,5556,G1,False,1.401200040068943,1.3857370000000628,0.08880983298877254,0.0869279999999435,784089088
fold_3,evaluation,2022-09-07,L-R,shoulder,6516,6264,G3,False,1.4849417920340784,1.4732349999999315,0.4464909159578383,0.443377000000055,784089088
fold_3,evaluation,2022-09-07,L-R,solar,5068,4872,G4,False,1.3450323750148527,1.3323879999999235,0.7811080829706043,0.7050110000000132,784089088
fold_3,evaluation,2022-09-07,L-N,night,5780,5556,G3,False,1.45566808298463,1.4394649999999274,0.4532558750361204,0.4427779999999757,774553600
fold_3,evaluation,2022-09-07,L-N,shoulder,6516,6264,G1,False,1.5270898320013657,1.5142349999999851,0.08370562503114343,0.08303699999999026,774553600
fold_3,evaluation,2022-09-07,L-N,solar,5068,4872,G1,False,1.3990852499264292,1.3331110000000308,0.06954125000629574,0.06911999999999807,774553600
fold_3,evaluation,2022-09-08,L-P,pooled,17364,16692,G2,False,2.435076666995883,2.3533899999999903,0.3822337919846177,0.3795310000000427,801112064
fold_3,evaluation,2022-09-08,L-R,night,5780,5556,G1,False,1.4930971250869334,1.423520999999937,0.07653708301950246,0.07607999999993353,772063232
fold_3,evaluation,2022-09-08,L-R,shoulder,6516,6264,G1,False,1.5602309160167351,1.540722000000187,0.08465629199054092,0.084212999999977,772063232
fold_3,evaluation,2022-09-08,L-R,solar,5068,4872,G3,False,1.347827833960764,1.3352299999999104,0.4039793750271201,0.40150099999993927,772063232
fold_3,evaluation,2022-09-08,L-N,night,5780,5556,G1,False,1.4401617919793352,1.420432999999889,0.09295629197731614,0.09113400000001093,801112064
fold_3,evaluation,2022-09-08,L-N,shoulder,6516,6264,G3,False,1.5452251249807887,1.5297899999999345,0.46903637499781325,0.4641789999999446,801112064
fold_3,evaluation,2022-09-08,L-N,solar,5068,4872,G2,False,1.3206932499888353,1.3120680000000675,0.2036328329704702,0.2023829999999407,801112064
fold_3,evaluation,2022-09-09,L-P,pooled,17364,16692,G2,False,2.34602654207265,2.3212949999999637,0.38875099999131635,0.38437099999998736,784089088
fold_3,evaluation,2022-09-09,L-R,night,5780,5556,G1,False,1.4478335420135409,1.4261669999998503,0.07835091702872887,0.07778300000006766,774553600
fold_3,evaluation,2022-09-09,L-R,shoulder,6516,6264,G1,False,1.5463604590040632,1.528269000000023,0.08467516698874533,0.08426799999995183,774553600
fold_3,evaluation,2022-09-09,L-R,solar,5068,4872,G4,False,1.3657562519656494,1.3519260000000486,0.6509834169992246,0.6467549999999846,774553600
fold_3,evaluation,2022-09-09,L-N,night,5780,5556,G1,False,1.4353300399961881,1.421485999999959,0.07895308401202783,0.07813300000009349,772063232
fold_3,evaluation,2022-09-09,L-N,shoulder,6516,6264,G4,False,1.59852416702779,1.5253180000000839,0.7528159170178697,0.7474740000000111,772063232
fold_3,evaluation,2022-09-09,L-N,solar,5068,4872,G2,False,1.3456220419611782,1.3332609999999931,0.22114645899273455,0.21888899999999012,772063232
fold_3,evaluation,2022-09-10,L-P,pooled,17364,16692,G1,False,2.3332959579420276,2.312180999999896,0.16977470798883587,0.1673000000000684,784089088
fold_3,evaluation,2022-09-10,L-R,night,5780,5556,G1,False,1.4815633329562843,1.4070130000000063,0.07603337505133823,0.07563299999992523,801112064
fold_3,evaluation,2022-09-10,L-R,shoulder,6516,6264,G1,False,1.543089293059893,1.526247999999896,0.08346195798367262,0.08300899999994726,801112064
fold_3,evaluation,2022-09-10,L-R,solar,5068,4872,G2,False,1.3461311669670977,1.3334790000000112,0.2041922920034267,0.20293200000003253,801112064
fold_3,evaluation,2022-09-10,L-N,night,5780,5556,G4,False,1.495426958950702,1.4220589999999902,0.7370110839838162,0.7297510000000784,784089088
fold_3,evaluation,2022-09-10,L-N,shoulder,6516,6264,G3,False,1.551708124927245,1.5323170000000346,0.5297106250072829,0.5141409999999951,784089088
fold_3,evaluation,2022-09-10,L-N,solar,5068,4872,G1,False,1.3242172080208547,1.315155000000118,0.08390049997251481,0.08232199999997647,784089088
fold_3,evaluation,2022-09-11,L-P,pooled,17364,16692,G1,False,2.3230899989721365,2.304514999999924,0.15390495804604143,0.1529960000000301,774553600
fold_3,evaluation,2022-09-11,L-R,night,5780,5556,G1,False,1.4471232080250047,1.4293160000000853,0.07637441699625924,0.07601599999998143,772063232
fold_3,evaluation,2022-09-11,L-R,shoulder,6516,6264,G1,False,1.4954182510264218,1.4832150000000865,0.09261433297069743,0.09099700000001576,772063232
fold_3,evaluation,2022-09-11,L-R,solar,5068,4872,G2,False,1.3868243350298144,1.3679429999999684,0.20320883399108425,0.20195200000000568,772063232
fold_3,evaluation,2022-09-11,L-N,night,5780,5556,G2,False,1.4637162910075858,1.4468060000000378,0.23554391699144617,0.2325989999999365,774553600
fold_3,evaluation,2022-09-11,L-N,shoulder,6516,6264,G2,False,1.5363721250323579,1.5232149999999365,0.2341601669904776,0.23250399999994897,774553600
fold_3,evaluation,2022-09-11,L-N,solar,5068,4872,G2,False,1.3954522900166921,1.372683999999822,0.20285433297976851,0.2011210000000574,774553600
fold_3,evaluation,2022-09-12,L-P,pooled,17364,16692,G2,False,2.372538500057999,2.343804000000091,0.41698295902460814,0.41093499999999494,801112064
fold_3,evaluation,2022-09-12,L-R,night,5780,5556,G4,False,1.3789373739855364,1.369150000000218,0.7227655000169761,0.7141169999999875,784089088
fold_3,evaluation,2022-09-12,L-R,shoulder,6516,6264,G1,False,1.4802899170317687,1.4697119999999586,0.08650137501535937,0.0856059999999843,784089088
fold_3,evaluation,2022-09-12,L-R,solar,5068,4872,G1,False,1.373657334013842,1.3580120000001443,0.07290487503632903,0.07226500000001579,784089088
fold_3,evaluation,2022-09-12,L-N,night,5780,5556,G2,False,1.4432309579569846,1.4290300000000116,0.23574654100229964,0.23278000000004795,801112064
fold_3,evaluation,2022-09-12,L-N,shoulder,6516,6264,G2,False,1.5122166681103408,1.5007609999998976,0.2347500420291908,0.23304800000005343,801112064
fold_3,evaluation,2022-09-12,L-N,solar,5068,4872,G3,False,1.419975584023632,1.3474869999998873,0.41392295801779255,0.40957800000001043,801112064
fold_3,evaluation,2022-09-13,L-P,pooled,17364,16692,G2,False,2.4515700409538113,2.3654860000000326,0.38427445897832513,0.38187200000004395,772063232
fold_3,evaluation,2022-09-13,L-R,night,5780,5556,G1,False,1.5017548340256326,1.4241680000000088,0.07596283301245421,0.07538499999998294,774553600
fold_3,evaluation,2022-09-13,L-R,shoulder,6516,6264,G1,False,1.5260456670657732,1.5102229999999963,0.08368104096734896,0.0831950000000461,774553600
fold_3,evaluation,2022-09-13,L-R,solar,5068,4872,G4,False,1.3557135420269333,1.3412849999999708,0.6537138750427403,0.6494579999999814,774553600
fold_3,evaluation,2022-09-13,L-N,night,5780,5556,G4,False,1.4171295000123791,1.4041179999999258,0.6980919589987025,0.6933480000000145,772063232
fold_3,evaluation,2022-09-13,L-N,shoulder,6516,6264,G4,False,1.5430111679597758,1.5275119999998878,0.7471896660281345,0.7415859999999839,772063232
fold_3,evaluation,2022-09-13,L-N,solar,5068,4872,G2,False,1.3474105430068448,1.3314930000000231,0.20635079097701237,0.2050729999999703,772063232
fold_3,evaluation,2022-09-14,L-P,pooled,17364,16692,G2,False,2.3576358330319636,2.32841099999996,0.3845728749874979,0.3816980000000285,784089088
fold_3,evaluation,2022-09-14,L-R,night,5780,5556,G4,False,1.414619749004487,1.4010729999999967,0.727640709024854,0.7174159999999574,801112064
fold_3,evaluation,2022-09-14,L-R,shoulder,6516,6264,G1,False,1.5241106660687365,1.5102469999999357,0.08389566699042916,0.08324600000003102,801112064
fold_3,evaluation,2022-09-14,L-R,solar,5068,4872,G3,False,1.3210216669831425,1.3118449999999484,0.5140128750354052,0.44525799999996707,801112064
fold_3,evaluation,2022-09-14,L-N,night,5780,5556,G2,False,1.4567836259375326,1.441530000000057,0.21701716602547094,0.21544200000005276,774553600
fold_3,evaluation,2022-09-14,L-N,shoulder,6516,6264,G4,False,1.538915874029044,1.5240310000000363,0.7710133329965174,0.7628969999999526,774553600
fold_3,evaluation,2022-09-14,L-N,solar,5068,4872,G1,False,1.4471415409934707,1.372959999999921,0.07679466699482873,0.07613800000001447,774553600
fold_3,evaluation,2022-09-15,L-P,pooled,17364,16692,G4,False,2.342323748860508,2.318284000000176,1.235124375030864,1.1577730000000201,784089088
fold_3,evaluation,2022-09-15,L-R,night,5780,5556,G4,False,1.526117165980395,1.4500070000000278,0.7066397499875166,0.6987209999999777,772063232
fold_3,evaluation,2022-09-15,L-R,shoulder,6516,6264,G4,False,1.5315549160004593,1.51065600000004,0.7397160840337165,0.7337870000000066,772063232
fold_3,evaluation,2022-09-15,L-R,solar,5068,4872,G4,False,1.3377126249833964,1.3267829999999776,0.7148649159935303,0.705009999999902,772063232
fold_3,evaluation,2022-09-15,L-N,night,5780,5556,G4,False,1.4758610829594545,1.4594399999999723,0.7010614579776302,0.6968160000000125,784089088
fold_3,evaluation,2022-09-15,L-N,shoulder,6516,6264,G4,False,1.561155957984738,1.5453319999999167,0.7452115840278566,0.7403719999999794,784089088
fold_3,evaluation,2022-09-15,L-N,solar,5068,4872,G1,False,1.376552376023028,1.3578249999999343,0.07213912496808916,0.07155299999999443,784089088
fold_3,evaluation,2022-09-16,L-P,pooled,17364,16692,G4,False,2.416946791985538,2.385907999999972,1.0768547910265625,1.069535999999971,801112064
fold_3,evaluation,2022-09-16,L-R,night,5780,5556,G1,False,1.432901624997612,1.4168619999999237,0.07621737505542114,0.0757099999999582,774553600
fold_3,evaluation,2022-09-16,L-R,shoulder,6516,6264,G3,False,1.5711524590151384,1.551939000000175,0.5775639589992352,0.510819999999967,774553600
fold_3,evaluation,2022-09-16,L-R,solar,5068,4872,G4,False,1.348726250056643,1.333642000000168,0.6673643340473063,0.6620090000000118,774553600
fold_3,evaluation,2022-09-16,L-N,night,5780,5556,G2,False,1.4298923329915851,1.4166119999999864,0.2159678339958191,0.2134280000000217,801112064
fold_3,evaluation,2022-09-16,L-N,shoulder,6516,6264,G1,False,1.5337982089840807,1.5168059999998604,0.0825899580377154,0.08208700000000135,801112064
fold_3,evaluation,2022-09-16,L-N,solar,5068,4872,G2,False,1.4436237910413183,1.4167650000001686,0.2026967920246534,0.20142599999996946,801112064
fold_3,evaluation,2022-09-17,L-P,pooled,17364,16692,G4,False,2.484940916998312,2.3873049999999694,1.10287654097192,1.0906510000000935,772063232
fold_3,evaluation,2022-09-17,L-R,night,5780,5556,G2,False,1.4528812100179493,1.4342380000000503,0.29054370895028114,0.2310299999999188,784089088
fold_3,evaluation,2022-09-17,L-R,shoulder,6516,6264,G4,False,1.5240463760565035,1.508591999999794,0.7429280829965137,0.7358909999999241,784089088
fold_3,evaluation,2022-09-17,L-R,solar,5068,4872,G3,False,1.369707623962313,1.35254400000008,0.4083659580210224,0.40505900000005113,784089088
fold_3,evaluation,2022-09-17,L-N,night,5780,5556,G1,False,1.4596054159919731,1.4417179999999234,0.07555912499083206,0.07491699999991397,774553600
fold_3,evaluation,2022-09-17,L-N,shoulder,6516,6264,G1,False,1.5508981260936707,1.535525000000007,0.08226070797536522,0.08172300000001087,774553600
fold_3,evaluation,2022-09-17,L-N,solar,5068,4872,G2,False,1.359680874971673,1.3455450000000155,0.20603679196210578,0.20483300000000781,774553600
fold_3,evaluation,2022-09-18,L-P,pooled,17364,16692,G2,False,2.330891667981632,2.3093379999999115,0.40300408395705745,0.39817500000003747,772063232
fold_3,evaluation,2022-09-18,L-R,night,5780,5556,G2,False,1.425684750021901,1.4098330000000487,0.21436470799380913,0.21299099999998816,801112064
fold_3,evaluation,2022-09-18,L-R,shoulder,6516,6264,G3,False,1.5539244989631698,1.5363640000000487,0.4556148339761421,0.4524069999999938,801112064
fold_3,evaluation,2022-09-18,L-R,solar,5068,4872,G4,False,1.371529458090663,1.3557140000000345,0.6662768750102259,0.6615969999999152,801112064
fold_3,evaluation,2022-09-18,L-N,night,5780,5556,G4,False,1.4262080420157872,1.4107070000000022,0.7044603329850361,0.7002810000000181,784089088
fold_3,evaluation,2022-09-18,L-N,shoulder,6516,6264,G2,False,1.6892193340463564,1.6099069999997937,0.23299758305074647,0.23114799999996194,784089088
fold_3,evaluation,2022-09-18,L-N,solar,5068,4872,G2,False,1.3795830830349587,1.3606869999999844,0.20161537500098348,0.2005139999999983,784089088
fold_3,evaluation,2022-09-19,L-P,pooled,17364,16692,G4,False,2.3440533339744434,2.322463999999968,1.1084937080158852,1.0966769999999997,772063232
fold_3,evaluation,2022-09-19,L-R,night,5780,5556,G2,False,1.385647666058503,1.3731359999999313,0.2500367499887943,0.24426500000004125,774553600
fold_3,evaluation,2022-09-19,L-R,shoulder,6516,6264,G4,False,1.6009407489327714,1.5779649999999492,0.736911040963605,0.7318689999999606,774553600
fold_3,evaluation,2022-09-19,L-R,solar,5068,4872,G4,False,1.372465291118715,1.354776000000129,0.7824842499685474,0.7076929999999493,774553600
fold_3,evaluation,2022-09-19,L-N,night,5780,5556,G1,False,1.5168399590766057,1.4344830000000002,0.09834000002592802,0.09561900000005608,772063232
fold_3,evaluation,2022-09-19,L-N,shoulder,6516,6264,G1,False,1.5319107089890167,1.5142889999998488,0.08302112499950454,0.08248200000002726,772063232
fold_3,evaluation,2022-09-19,L-N,solar,5068,4872,G1,False,1.3930432509514503,1.3737240000000384,0.07058258296456188,0.07005100000003495,772063232
fold_3,evaluation,2022-09-20,L-P,pooled,17364,16692,G4,False,2.487806583987549,2.3928500000000668,1.1097452499670908,1.097079000000008,801112064
fold_3,evaluation,2022-09-20,L-R,night,5780,5556,G2,False,1.4172294150921516,1.4039809999999306,0.20954870799323544,0.20754300000010062,784089088
fold_3,evaluation,2022-09-20,L-R,shoulder,6516,6264,G2,False,1.5081140398979187,1.4957670000000007,0.22845612495439127,0.2270419999999831,784089088
fold_3,evaluation,2022-09-20,L-R,solar,5068,4872,G3,False,1.361873873975128,1.342326000000071,0.4564866250148043,0.4474159999999756,784089088
fold_3,evaluation,2022-09-20,L-N,night,5780,5556,G2,False,1.428951958019752,1.4101030000001629,0.2194053329876624,0.21782099999995808,774553600
fold_3,evaluation,2022-09-20,L-N,shoulder,6516,6264,G1,False,1.5209059171029367,1.5077400000000125,0.09287204197607934,0.09073899999998503,774553600
fold_3,evaluation,2022-09-20,L-N,solar,5068,4872,G1,False,1.4248998339753598,1.402887999999848,0.07109783298801631,0.07061600000008639,774553600
fold_3,evaluation,2022-09-21,L-P,pooled,17364,16692,G4,False,2.41517129202839,2.3799730000001773,1.1024577919743024,1.092367999999965,801112064
fold_3,evaluation,2022-09-21,L-R,night,5780,5556,G3,False,1.4722909170668572,1.4524370000000317,0.4406624160474166,0.4355669999999918,772063232
fold_3,evaluation,2022-09-21,L-R,shoulder,6516,6264,G4,False,1.5781961251050234,1.4963849999999184,0.7518394580110908,0.7429059999999481,772063232
fold_3,evaluation,2022-09-21,L-R,solar,5068,4872,G3,False,1.3228352509904653,1.3096109999999044,0.4665803329553455,0.4575810000000047,772063232
fold_3,evaluation,2022-09-21,L-N,night,5780,5556,G1,False,1.4727369580068626,1.4533130000000938,0.0747477090335451,0.07427899999993315,801112064
fold_3,evaluation,2022-09-21,L-N,shoulder,6516,6264,G1,False,1.5206465820665471,1.5083929999999555,0.08325312501983717,0.08283400000004804,801112064
fold_3,evaluation,2022-09-21,L-N,solar,5068,4872,G1,False,1.4087321679107845,1.3318229999999858,0.07672237500082701,0.07539199999996526,801112064
fold_3,evaluation,2022-09-22,L-P,pooled,17364,16692,G3,False,2.4628734579891898,2.36945199999991,0.7582171249669045,0.7493160000000216,784089088
fold_3,evaluation,2022-09-22,L-R,night,5780,5556,G4,False,1.4783512509893626,1.3960550000001604,0.7471276670112275,0.735952999999995,774553600
fold_3,evaluation,2022-09-22,L-R,shoulder,6516,6264,G3,False,1.5717156649916433,1.5509380000000874,0.45594320801319554,0.45123499999999694,774553600
fold_3,evaluation,2022-09-22,L-R,solar,5068,4872,G4,False,1.3303107910323888,1.3156649999998535,0.6564119590329938,0.6515560000000278,774553600
fold_3,evaluation,2022-09-22,L-N,night,5780,5556,G1,False,1.4157149169477634,1.4047999999999092,0.07688925002003089,0.07641999999998461,784089088
fold_3,evaluation,2022-09-22,L-N,shoulder,6516,6264,G1,False,1.5354371239081956,1.5220610000001216,0.08333008398767561,0.08270599999991646,784089088
fold_3,evaluation,2022-09-22,L-N,solar,5068,4872,G4,False,1.3188509159372188,1.3088920000000144,0.7316485000192188,0.7185050000000501,784089088
fold_3,evaluation,2022-09-23,L-P,pooled,17364,16692,G4,False,2.3238143349299207,2.3062009999998736,1.1563494159490801,1.1394940000000133,772063232
fold_3,evaluation,2022-09-23,L-R,night,5780,5556,G4,False,1.4126809590961784,1.39955800000007,0.7397475420148112,0.729520999999977,801112064
fold_3,evaluation,2022-09-23,L-R,shoulder,6516,6264,G3,False,1.517720958974678,1.5045929999998862,0.48128541599726304,0.4752740000000131,801112064
fold_3,evaluation,2022-09-23,L-R,solar,5068,4872,G2,False,1.3356065829866566,1.3231170000001384,0.2042325419606641,0.20283400000005258,801112064
fold_3,evaluation,2022-09-23,L-N,night,5780,5556,G1,False,1.4309726239880547,1.4184990000001108,0.07605054200394079,0.07542000000000826,772063232
fold_3,evaluation,2022-09-23,L-N,shoulder,6516,6264,G1,False,1.597592001024168,1.5269119999999248,0.08246054098708555,0.08191799999997329,772063232
fold_3,evaluation,2022-09-23,L-N,solar,5068,4872,G2,False,1.3246657499112189,1.312012999999979,0.23288537497865036,0.22804199999995944,772063232
fold_3,evaluation,2022-09-24,L-P,pooled,17364,16692,G4,False,2.3224405829096213,2.2997929999999087,1.198599416995421,1.1276390000000447,774553600
fold_3,evaluation,2022-09-24,L-R,night,5780,5556,G2,False,1.3798221239703707,1.3701240000000325,0.22956850001355633,0.22591399999998885,784089088
fold_3,evaluation,2022-09-24,L-R,shoulder,6516,6264,G3,False,1.5063749580876902,1.4936510000002272,0.46341679099714383,0.45866700000010496,784089088
fold_3,evaluation,2022-09-24,L-R,solar,5068,4872,G1,False,1.3889639590051956,1.3199839999999767,0.0709399160114117,0.0705319999999574,784089088
fold_3,evaluation,2022-09-24,L-N,night,5780,5556,G1,False,1.4936033749836497,1.4213589999999385,0.0776659999974072,0.0770469999999932,801112064
fold_3,evaluation,2022-09-24,L-N,shoulder,6516,6264,G1,False,1.5809674990014173,1.5629169999999704,0.08316074998583645,0.08256399999993391,801112064
fold_3,evaluation,2022-09-24,L-N,solar,5068,4872,G1,False,1.3674802499008365,1.3498729999998886,0.0707022919668816,0.07030999999994947,801112064
fold_3,evaluation,2022-09-25,L-P,pooled,17364,16692,G3,False,2.3380838319426402,2.3161879999997836,0.7270428329939023,0.7204880000000458,774553600
fold_3,evaluation,2022-09-25,L-R,night,5780,5556,G1,False,1.4225670809973963,1.4102930000000242,0.07619400002295151,0.07559100000003127,772063232
fold_3,evaluation,2022-09-25,L-R,shoulder,6516,6264,G2,False,1.521702501049731,1.5057309999999688,0.2284467499703169,0.22717099999999846,772063232
fold_3,evaluation,2022-09-25,L-R,solar,5068,4872,G1,False,1.3866977910511196,1.3695050000000037,0.07136654201894999,0.0709150000000136,772063232
fold_3,evaluation,2022-09-25,L-N,night,5780,5556,G1,False,1.438992874987889,1.4235870000001114,0.07622416695812717,0.07575299999996332,784089088
fold_3,evaluation,2022-09-25,L-N,shoulder,6516,6264,G1,False,1.5917070001014508,1.5218570000000682,0.08271554199745879,0.08214299999997365,784089088
fold_3,evaluation,2022-09-25,L-N,solar,5068,4872,G1,False,1.3594598329509608,1.3466609999999264,0.07030658301664516,0.06983200000001943,784089088
fold_3,evaluation,2022-09-26,L-P,pooled,17364,16692,G2,False,2.3513569589704275,2.3255589999999984,0.3825751669937745,0.380094999999983,774553600
fold_3,evaluation,2022-09-26,L-R,night,5780,5556,G4,False,1.409924042003695,1.3937610000001541,0.6777731669717468,0.6738280000000714,801112064
fold_3,evaluation,2022-09-26,L-R,shoulder,6516,6264,G3,False,1.5633262080373242,1.5421730000001617,0.4512979579740204,0.44820099999992635,801112064
fold_3,evaluation,2022-09-26,L-R,solar,5068,4872,G2,False,1.4242102089920081,1.35167899999999,0.2017598749953322,0.20026399999994737,801112064
fold_3,evaluation,2022-09-26,L-N,night,5780,5556,G1,False,1.4280106670339592,1.4147780000000694,0.0764957910287194,0.07597499999997126,774553600
fold_3,evaluation,2022-09-26,L-N,shoulder,6516,6264,G1,False,1.5505948750069365,1.5313050000000885,0.10764458298217505,0.10365999999999076,774553600
fold_3,evaluation,2022-09-26,L-N,solar,5068,4872,G1,False,1.4023957509780303,1.3392300000000432,0.07980845897691324,0.07868600000006154,774553600
fold_3,evaluation,2022-09-27,L-P,pooled,17364,16692,G1,False,2.4119407079997472,2.333203000000026,0.1560443330090493,0.1549449999999979,772063232
fold_3,evaluation,2022-09-27,L-R,night,5780,5556,G4,False,1.4579977489775047,1.4367950000000747,0.679665167001076,0.6747360000000526,784089088
fold_3,evaluation,2022-09-27,L-R,shoulder,6516,6264,G1,False,1.5192016669898294,1.5039930000000368,0.08468758402159438,0.0841530000000148,784089088
fold_3,evaluation,2022-09-27,L-R,solar,5068,4872,G1,False,1.4194732069736347,1.3933779999999842,0.07184995798161253,0.07137799999998151,784089088
fold_3,evaluation,2022-09-27,L-N,night,5780,5556,G1,False,1.4894482919480652,1.467683999999963,0.07665008399635553,0.07615499999997155,772063232
fold_3,evaluation,2022-09-27,L-N,shoulder,6516,6264,G1,False,1.5419576249551028,1.5279410000000553,0.08319924998795614,0.08269700000005287,772063232
fold_3,evaluation,2022-09-27,L-N,solar,5068,4872,G1,False,1.4228623749804683,1.3965780000000905,0.07097833300940692,0.07042500000000018,772063232
fold_3,evaluation,2022-09-28,L-P,pooled,17364,16692,G3,False,2.416728791897185,2.382207000000335,0.7337248749681748,0.7257070000000567,801112064
fold_3,evaluation,2022-09-28,L-R,night,5780,5556,G4,False,1.4554647490149364,1.4346560000001318,0.7261003329767846,0.7170200000000477,774553600
fold_3,evaluation,2022-09-28,L-R,shoulder,6516,6264,G1,False,1.5750291669974104,1.5060530000000654,0.086736417026259,0.0859090000001288,774553600
fold_3,evaluation,2022-09-28,L-R,solar,5068,4872,G1,False,1.3185607490013354,1.3095359999998664,0.07089791703037918,0.07043799999996736,774553600
fold_3,evaluation,2022-09-28,L-N,night,5780,5556,G4,False,1.4315644580638036,1.418337000000065,0.7110602500033565,0.704435999999987,784089088
fold_3,evaluation,2022-09-28,L-N,shoulder,6516,6264,G1,False,1.537741792970337,1.5234949999999117,0.08444066700758412,0.08375999999998385,784089088
fold_3,evaluation,2022-09-28,L-N,solar,5068,4872,G2,False,1.3868833339656703,1.370883000000049,0.20293141703587025,0.20179600000005848,784089088
fold_4,warmup,2025-03-22,L-P,pooled,17386,16714,G3,False,2.6072722500539385,2.5283620000000155,0.7992677919683047,0.786326000000031,632274944
fold_4,warmup,2025-03-22,L-R,night,5786,5562,G1,False,1.506094125972595,1.4769059999999854,0.10668541595805436,0.10168299999997998,648708096
fold_4,warmup,2025-03-22,L-R,shoulder,6525,6273,G2,False,1.7829553339979611,1.713480000000004,0.26677987503353506,0.26081299999998464,649691136
fold_4,warmup,2025-03-22,L-R,solar,5075,4879,G1,False,1.4578786240308546,1.4342640000000415,0.07996970799285918,0.07837900000004083,648708096
fold_4,warmup,2025-03-22,L-N,night,5786,5562,G1,False,1.4738545829313807,1.4328199999999356,0.07956383301643655,0.07579699999996592,642367488
fold_4,warmup,2025-03-22,L-N,shoulder,6525,6273,G1,False,1.8499422920285724,1.7074690000000032,0.10682516603264958,0.098303000000044,643039232
fold_4,warmup,2025-03-22,L-N,solar,5075,4879,G1,False,1.4240923750330694,1.381653999999969,0.10190870898077264,0.09845000000001392,643039232
fold_4,warmup,2025-03-23,L-P,pooled,17386,16714,G3,False,3.0766045409836806,2.839266000000066,0.8906322499969974,0.8338949999999841,622837760
fold_4,warmup,2025-03-23,L-R,night,5786,5562,G3,False,1.6400196250178851,1.5676460000000247,0.44849345803959295,0.44415200000003097,632274944
fold_4,warmup,2025-03-23,L-R,shoulder,6525,6273,G1,False,2.03483833395876,1.856283000000019,0.14556958299363032,0.12622900000002346,632274944
fold_4,warmup,2025-03-23,L-R,solar,5075,4879,G1,False,1.647842750127893,1.59700399999997,0.09624375001294538,0.09325400000000172,632274944
fold_4,warmup,2025-03-23,L-N,night,5786,5562,G4,False,1.6219806660083123,1.574668000000031,0.9779498749994673,0.7981570000000033,652754944
fold_4,warmup,2025-03-23,L-N,shoulder,6525,6273,G1,False,2.1536877090111375,1.7792570000000865,0.09250333299860358,0.09199200000000474,653754368
fold_4,warmup,2025-03-23,L-N,solar,5075,4879,G1,False,1.6459217920782976,1.5453770000000304,0.07894712500274181,0.07753300000001673,652754944
fold_4,warmup,2025-03-24,L-P,pooled,17387,16715,G4,False,3.277033874997869,2.9343920000000026,1.55403533304343,1.365427000000011,644726784
fold_4,warmup,2025-03-24,L-R,night,5787,5563,G4,False,2.0941359170828946,1.75004899999999,0.9250892500276677,0.856096999999977,632274944
fold_4,warmup,2025-03-24,L-R,shoulder,6525,6273,G1,False,1.829726876982022,1.686809999999923,0.09028954099630937,0.09014199999995753,632274944
fold_4,warmup,2025-03-24,L-R,solar,5075,4879,G2,False,1.5576660830411129,1.5265720000000442,0.2742907920037396,0.2668310000000247,632274944
fold_4,warmup,2025-03-24,L-N,night,5787,5563,G4,False,2.04034425097052,1.6805679999999938,0.8814699579961598,0.8096519999999714,622837760
fold_4,warmup,2025-03-24,L-N,shoulder,6525,6273,G1,False,1.7264399580308236,1.585484000000008,0.08054741699015722,0.08054700000002413,623935488
fold_4,warmup,2025-03-24,L-N,solar,5075,4879,G2,False,1.4932919590501115,1.4573290000000156,0.24322283396031708,0.23665499999998474,623935488
fold_4,warmup,2025-03-25,L-P,pooled,17388,16716,G4,False,3.0291188330738805,2.819402999999909,1.1691944999620318,1.1498139999999921,661782528
fold_4,warmup,2025-03-25,L-R,night,5788,5564,G2,False,1.6569730009650812,1.620307000000082,0.3110465829959139,0.2755819999999858,644726784
fold_4,warmup,2025-03-25,L-R,shoulder,6525,6273,G1,False,1.9493021259550005,1.8043279999999982,0.13030362501740456,0.12312600000001339,644726784
fold_4,warmup,2025-03-25,L-R,solar,5075,4879,G2,False,1.5247422910179012,1.4247010000000273,0.2501134169870056,0.2430800000000204,644726784
fold_4,warmup,2025-03-25,L-N,night,5788,5564,G2,False,1.639480707992334,1.565226999999993,0.29648275004001334,0.22649400000000242,623935488
fold_4,warmup,2025-03-25,L-N,shoulder,6525,6273,G1,False,1.713696040038485,1.6487020000000712,0.09419720899313688,0.09178300000002082,623935488
fold_4,warmup,2025-03-25,L-N,solar,5075,4879,G1,False,1.4773332490003668,1.4313900000000217,0.06891633401392028,0.06857400000001235,623935488
fold_4,warmup,2025-03-26,L-P,pooled,17389,16717,G2,False,3.0062208760064095,2.8242490000000657,0.43864595802733675,0.4334330000000364,632274944
fold_4,warmup,2025-03-26,L-R,night,5789,5565,G3,False,1.8240089580067433,1.6890229999999633,0.5372243750025518,0.5132350000000088,661782528
fold_4,warmup,2025-03-26,L-R,shoulder,6525,6273,G1,False,1.834745957981795,1.7769010000000094,0.11709970800438896,0.11464000000000851,661782528
fold_4,warmup,2025-03-26,L-R,solar,5075,4879,G2,False,1.4704005829407834,1.4383609999999294,0.2543792919605039,0.2455889999999954,661782528
fold_4,warmup,2025-03-26,L-N,night,5789,5565,G2,False,1.4592189170653,1.4221529999999802,0.22128420800436288,0.21763399999997546,644726784
fold_4,warmup,2025-03-26,L-N,shoulder,6525,6273,G1,False,1.6019971249625087,1.5780640000000403,0.10508162499172613,0.09752200000002631,644726784
fold_4,warmup,2025-03-26,L-N,solar,5075,4879,G1,False,1.6026529989903793,1.5422920000000886,0.07004191697342321,0.06926799999996547,644726784
fold_4,warmup,2025-03-27,L-P,pooled,17389,16717,G2,False,2.8539020409807563,2.7658720000000017,0.5338155420031399,0.5183910000000083,632274944
fold_4,warmup,2025-03-27,L-R,night,5789,5565,G3,False,1.6147791249677539,1.583827000000042,0.4677340830094181,0.46143200000000206,623935488
fold_4,warmup,2025-03-27,L-R,shoulder,6525,6273,G1,False,1.6583147090277635,1.6416129999999498,0.09076925000408664,0.090266999999983,623935488
fold_4,warmup,2025-03-27,L-R,solar,5075,4879,G1,False,1.5379162909812294,1.4987970000000246,0.0755052090389654,0.0751109999999926,623935488
fold_4,warmup,2025-03-27,L-N,night,5789,5565,G1,False,1.5631880829459988,1.5162809999999354,0.09065616596490145,0.08808299999998326,661782528
fold_4,warmup,2025-03-27,L-N,shoulder,6525,6273,G1,False,1.5340672089951113,1.5173490000000243,0.08437100000446662,0.08388600000000679,661782528
fold_4,warmup,2025-03-27,L-N,solar,5075,4879,G1,False,1.3522718760650605,1.3374019999999405,0.06858375004958361,0.06838199999998551,661782528
fold_4,warmup,2025-03-28,L-P,pooled,17389,16717,G2,False,2.6847568339435384,2.6294169999999895,0.45484024996403605,0.44866799999999785,632274944
fold_4,warmup,2025-03-28,L-R,night,5789,5565,G1,False,1.5760266249417327,1.545076999999992,0.08081891702022403,0.08048800000000256,644726784
fold_4,warmup,2025-03-28,L-R,shoulder,6525,6273,G1,False,1.7095441260025837,1.6626789999999687,0.11987075000070035,0.11356299999999919,644726784
fold_4,warmup,2025-03-28,L-R,solar,5075,4879,G2,False,1.4353648759424686,1.4162049999999908,0.2113096250104718,0.21021999999999252,644726784
fold_4,warmup,2025-03-28,L-N,night,5789,5565,G4,False,1.3926342919585295,1.3802410000000123,0.804530875000637,0.768113000000028,632274944
fold_4,warmup,2025-03-28,L-N,shoulder,6525,6273,G1,False,1.4323634590837173,1.425545999999997,0.08151008299319074,0.08130700000003799,632274944
fold_4,warmup,2025-03-28,L-N,solar,5075,4879,G1,False,1.366774791968055,1.3409559999999487,0.1854541669599712,0.10647399999999152,632274944
fold_4,warmup,2025-03-29,L-P,pooled,17389,16717,G2,False,2.6633007079944946,2.585653000000036,0.6032538330182433,0.4890310000000113,623935488
fold_4,warmup,2025-03-29,L-R,night,5789,5565,G2,False,1.578218541922979,1.5336189999999874,0.273594917031005,0.2520539999999869,661782528
fold_4,warmup,2025-03-29,L-R,shoulder,6525,6273,G2,False,1.854430874926038,1.8007989999999836,0.2605242090066895,0.2583930000000123,661782528
fold_4,warmup,2025-03-29,L-R,solar,5075,4879,G4,False,1.527300291985739,1.4070370000000025,0.6514985419926234,0.650351999999998,661782528
fold_4,warmup,2025-03-29,L-N,night,5789,5565,G4,False,1.5089970831177197,1.3901940000001218,0.6511172499740496,0.6488640000000032,644726784
fold_4,warmup,2025-03-29,L-N,shoulder,6525,6273,G1,False,1.5075716659775935,1.4917629999999917,0.08532387501327321,0.08479800000003479,644726784
fold_4,warmup,2025-03-29,L-N,solar,5075,4879,G4,False,1.5095301239634864,1.4611459999999283,0.7535004160017706,0.7378140000000144,644726784
fold_4,warmup,2025-03-30,L-P,pooled,17389,16717,G1,False,2.638021165970713,2.5897659999999973,0.21016008302103728,0.20482700000002296,623935488
fold_4,warmup,2025-03-30,L-R,night,5789,5565,G2,False,1.726001666917,1.6672820000000002,0.24024249997455627,0.2385810000000106,632274944
fold_4,warmup,2025-03-30,L-R,shoulder,6525,6273,G1,False,1.9018871670705266,1.8523770000000468,0.10509966703830287,0.10177699999997003,632274944
fold_4,warmup,2025-03-30,L-R,solar,5075,4879,G2,False,1.4212379989912733,1.4066389999999842,0.21084675000747666,0.2095619999999485,632274944
fold_4,warmup,2025-03-30,L-N,night,5789,5565,G4,False,1.4184167100465856,1.3993549999999573,0.6717373330029659,0.6673880000000167,623935488
fold_4,warmup,2025-03-30,L-N,shoulder,6525,6273,G1,False,1.540750374959316,1.5212290000000053,0.0869490829645656,0.08610899999996491,623935488
fold_4,warmup,2025-03-30,L-N,solar,5075,4879,G1,False,1.6038184580975212,1.5586529999999357,0.07245812501059845,0.07173300000005156,623935488
fold_4,warmup,2025-03-31,L-P,pooled,17389,16718,G2,False,2.706309291999787,2.6624049999999784,0.4959896670188755,0.4836890000000267,661782528
fold_4,warmup,2025-03-31,L-R,night,5789,5566,G2,False,1.7406658758991398,1.6955899999999815,0.23984883300727233,0.23608899999999267,644726784
fold_4,warmup,2025-03-31,L-R,shoulder,6525,6273,G1,False,1.8762460830621421,1.8274999999999864,0.1033779580029659,0.10259499999995114,644726784
fold_4,warmup,2025-03-31,L-R,solar,5075,4879,G1,False,1.4456264180480503,1.4266280000000506,0.07698658300796524,0.0761850000000095,644726784
fold_4,warmup,2025-03-31,L-N,night,5789,5566,G2,False,1.4611545409425162,1.4345580000000382,0.21383399999467656,0.2114360000000488,661782528
fold_4,warmup,2025-03-31,L-N,shoulder,6525,6273,G1,False,1.6685693319886923,1.629178999999965,0.08230291702784598,0.08147300000001678,661782528
fold_4,warmup,2025-03-31,L-N,solar,5075,4879,G4,False,1.4730358750093728,1.4412120000000073,0.7829152090125717,0.7633089999999925,661782528
fold_4,warmup,2025-04-01,L-P,pooled,17388,16718,G3,False,2.739288707904052,2.687453000000005,0.9285200000158511,0.9104430000000434,632274944
fold_4,warmup,2025-04-01,L-R,night,5788,5566,G2,False,1.6944059990346432,1.6497949999999832,0.2718691249610856,0.2663180000000125,623935488
fold_4,warmup,2025-04-01,L-R,shoulder,6525,6273,G1,False,1.6540729579865001,1.6324239999999577,0.11250954202841967,0.11097499999999627,623935488
fold_4,warmup,2025-04-01,L-R,solar,5075,4879,G4,False,1.6121362510020845,1.5754660000000058,0.6896263749804348,0.6774070000000165,623935488
fold_4,warmup,2025-04-01,L-N,night,5788,5566,G3,False,1.546472751069814,1.5146740000000136,0.4057605839916505,0.4034550000000081,644726784
fold_4,warmup,2025-04-01,L-N,shoulder,6525,6273,G1,False,1.536870582960546,1.5204129999999623,0.08625187497818843,0.08568599999995286,644726784
fold_4,warmup,2025-04-01,L-N,solar,5075,4879,G3,False,1.4602149179554544,1.427314000000024,0.40056062501389533,0.39813499999996793,644726784
fold_4,warmup,2025-04-02,L-P,pooled,17387,16718,G2,False,2.8019699589931406,2.7121459999999615,0.4054430419928394,0.4030190000000289,632274944
fold_4,warmup,2025-04-02,L-R,night,5787,5566,G1,False,1.5457199990050867,1.5172279999999887,0.08025699999416247,0.07990300000000161,661782528
fold_4,warmup,2025-04-02,L-R,shoulder,6525,6273,G1,False,1.6886082920245826,1.6680039999999394,0.09431812498951331,0.09366900000003398,661782528
fold_4,warmup,2025-04-02,L-R,solar,5075,4879,G4,False,1.400329499039799,1.386886000000004,0.7083484579925425,0.7010310000000004,661782528
fold_4,warmup,2025-04-02,L-N,night,5787,5566,G4,False,1.393178666010499,1.377106000000083,0.682235959044192,0.6771489999999858,632274944
fold_4,warmup,2025-04-02,L-N,shoulder,6525,6273,G3,False,1.5772350410115905,1.5545680000000175,0.47499216702999547,0.46944500000000744,632274944
fold_4,warmup,2025-04-02,L-N,solar,5075,4879,G4,False,1.4005902909557335,1.3787290000000212,0.6821262090234086,0.6755380000000173,632274944
fold_4,warmup,2025-04-03,L-P,pooled,17387,16718,G4,False,2.604128917970229,2.5705169999999953,1.1918621250079013,1.1782609999999636,623935488
fold_4,warmup,2025-04-03,L-R,night,5787,5566,G2,False,1.5216937910299748,1.500978000000032,0.2378706659656018,0.23520999999999503,644726784
fold_4,warmup,2025-04-03,L-R,shoulder,6525,6273,G1,False,1.7854661250603385,1.6888669999999593,0.09336308401543647,0.0927159999999958,644726784
fold_4,warmup,2025-04-03,L-R,solar,5075,4879,G1,False,1.4593025429639965,1.4406740000000013,0.07640537497354671,0.07591899999999896,644726784
fold_4,warmup,2025-04-03,L-N,night,5787,5566,G3,False,1.4439787500305101,1.4242010000000391,0.43382979196030647,0.4301179999999931,661782528
fold_4,warmup,2025-04-03,L-N,shoulder,6525,6273,G2,False,1.6980644600116648,1.659375999999952,0.2767604169785045,0.268195999999989,661782528
fold_4,warmup,2025-04-03,L-N,solar,5075,4879,G4,False,1.5079855429939926,1.4076410000000692,0.6812189589836635,0.673479000000043,661782528
fold_4,warmup,2025-04-04,L-P,pooled,17387,16718,G2,False,2.7245326659758575,2.6133069999999634,0.40753991703968495,0.4046940000000063,623935488
fold_4,warmup,2025-04-04,L-R,night,5787,5566,G4,False,1.6029594999854453,1.5082480000000373,0.890050208021421,0.8639779999999746,632274944
fold_4,warmup,2025-04-04,L-R,shoulder,6525,6273,G2,False,1.7120333329658024,1.6864800000000173,0.2892192500294186,0.2844400000000178,632274944
fold_4,warmup,2025-04-04,L-R,solar,5075,4879,G4,False,1.5622090409160592,1.5339930000000095,0.6870082080131397,0.6813339999999926,632274944
fold_4,warmup,2025-04-04,L-N,night,5787,5566,G2,False,1.5601531669381075,1.5203279999999495,0.2454029999789782,0.2417859999999905,644726784
fold_4,warmup,2025-04-04,L-N,shoulder,6525,6273,G3,False,1.6002626249101013,1.5743799999999624,0.5004912089789286,0.4890739999999596,644726784
fold_4,warmup,2025-04-04,L-N,solar,5075,4879,G4,False,1.4067052089958452,1.3810639999999808,0.6516234579612501,0.6474599999999668,644726784
fold_4,warmup,2025-04-05,L-P,pooled,17387,16718,G3,False,2.8409965001046658,2.7791780000000017,0.7509196659666486,0.743204999999989,623935488
fold_4,warmup,2025-04-05,L-R,night,5787,5566,G3,False,1.4477131679886952,1.4380100000000198,0.5689314579940401,0.5511680000000183,661782528
fold_4,warmup,2025-04-05,L-R,shoulder,6525,6273,G1,False,1.7123455830733292,1.6879820000000336,0.09236824995605275,0.09172699999999168,661782528
fold_4,warmup,2025-04-05,L-R,solar,5075,4879,G4,False,1.5106417490169406,1.4830469999999991,0.8420031249988824,0.8150269999999864,661782528
fold_4,warmup,2025-04-05,L-N,night,5787,5566,G4,False,1.469489710056223,1.4462889999999788,0.7207028329721652,0.7135710000000017,623935488
fold_4,warmup,2025-04-05,L-N,shoulder,6525,6273,G2,False,1.5861383738811128,1.5599300000000085,0.28032250003889203,0.2730200000000309,623935488
fold_4,warmup,2025-04-05,L-N,solar,5075,4879,G3,False,1.5805085829924792,1.5407990000000495,0.4169376250356436,0.4114380000000324,623935488
fold_4,warmup,2025-04-06,L-P,pooled,17387,16718,G4,False,2.822235833038576,2.762674000000061,1.1569715419900604,1.1445339999999646,632274944
fold_4,warmup,2025-04-06,L-R,night,5787,5566,G4,False,1.6726287080091424,1.6283879999999726,0.8017469170154072,0.7887279999999919,644726784
fold_4,warmup,2025-04-06,L-R,shoulder,6525,6273,G1,False,1.7129409990157,1.6900739999999814,0.09282770799472928,0.0922170000000051,644726784
fold_4,warmup,2025-04-06,L-R,solar,5075,4879,G3,False,1.5133371250121854,1.490319999999997,0.44508024997776374,0.440057999999965,644726784
fold_4,warmup,2025-04-06,L-N,night,5787,5566,G4,False,1.5298258740222082,1.4998019999999315,0.6850255419849418,0.6797819999999888,661782528
fold_4,warmup,2025-04-06,L-N,shoulder,6525,6273,G3,False,1.621446208038833,1.5945460000001503,0.4705231669940986,0.46564200000000255,661782528
fold_4,warmup,2025-04-06,L-N,solar,5075,4879,G3,False,1.4055320000043139,1.3866959999999153,0.4375775000080466,0.43171700000004876,661782528
fold_4,warmup,2025-04-07,L-P,pooled,17386,16718,G4,False,2.6974913319572806,2.652479000000085,1.1678858749801293,1.1559670000000324,632274944
fold_4,warmup,2025-04-07,L-R,night,5786,5566,G3,False,1.5204785829992034,1.5011740000000486,0.48286408302374184,0.47594100000003436,623935488
fold_4,warmup,2025-04-07,L-R,shoulder,6525,6273,G3,False,1.7256294170510955,1.7008319999999912,0.4898045409936458,0.4854810000000498,623935488
fold_4,warmup,2025-04-07,L-R,solar,5075,4879,G4,False,1.472182625962887,1.4514710000000264,0.7918500420055352,0.775203999999917,623935488
fold_4,warmup,2025-04-07,L-N,night,5786,5566,G2,False,1.468865165952593,1.4475650000000542,0.22298224997939542,0.2207300000000032,644726784
fold_4,warmup,2025-04-07,L-N,shoulder,6525,6273,G3,False,1.5261524179950356,1.5099359999999251,0.47555804101284593,0.47013400000003003,644726784
fold_4,warmup,2025-04-07,L-N,solar,5075,4879,G3,False,1.3598828749964014,1.346704999999929,0.48339487495832145,0.4698120000000472,644726784
fold_4,warmup,2025-04-08,L-P,pooled,17386,16718,G2,False,2.7521224170341156,2.705063999999993,0.40550920797977597,0.4032439999999724,632274944
fold_4,warmup,2025-04-08,L-R,night,5786,5566,G2,False,1.557849167031236,1.5347400000000562,0.23476316599408165,0.23241299999995135,661782528
fold_4,warmup,2025-04-08,L-R,shoulder,6525,6273,G4,False,1.6677408749819733,1.6454499999998689,0.8596548750065267,0.8457149999999274,661782528
fold_4,warmup,2025-04-08,L-R,solar,5075,4879,G4,False,1.4881710829795338,1.4675809999999956,0.7389077499974519,0.7201929999999948,661782528
fold_4,warmup,2025-04-08,L-N,night,5786,5566,G2,False,1.4598187920055352,1.4399249999999029,0.21013904199935496,0.20868299999995088,623935488
fold_4,warmup,2025-04-08,L-N,shoulder,6525,6273,G4,False,1.5763447490753606,1.5488369999998213,0.7180316669982858,0.7137960000000021,623935488
fold_4,warmup,2025-04-08,L-N,solar,5075,4879,G3,False,1.4318787499214523,1.3926410000001397,0.41010395798366517,0.4064180000000306,623935488
fold_4,warmup,2025-04-09,L-P,pooled,17386,16718,G2,False,2.6138810429838486,2.5731799999999794,0.5061507920036092,0.48476099999993494,632274944
fold_4,warmup,2025-04-09,L-R,night,5786,5566,G2,False,1.5827217090991326,1.53392400000007,0.22754662501392886,0.22590200000001914,644726784
fold_4,warmup,2025-04-09,L-R,shoulder,6525,6273,G2,False,1.7500594161101617,1.720489999999927,0.27520841697696596,0.2725390000000516,644726784
fold_4,warmup,2025-04-09,L-R,solar,5075,4879,G4,False,1.5079897500108927,1.479424999999992,0.6791728749522008,0.6741610000000264,644726784
fold_4,warmup,2025-04-09,L-N,night,5786,5566,G4,False,1.3932573749334551,1.377313000000072,0.7757499589934014,0.7601290000000063,632274944
fold_4,warmup,2025-04-09,L-N,shoulder,6525,6273,G3,False,1.7280922930222005,1.6879959999999983,0.4441470419988036,0.4415989999999965,632274944
fold_4,warmup,2025-04-09,L-N,solar,5075,4879,G4,False,1.4011591259622946,1.3806579999999258,0.7075903340009972,0.6984899999999925,632274944
fold_4,warmup,2025-04-10,L-P,pooled,17386,16718,G3,False,2.6182507489575073,2.584015000000022,0.9432536659878679,0.9164910000000646,661782528
fold_4,warmup,2025-04-10,L-R,night,5786,5566,G2,False,1.5901837080018595,1.5597120000001041,0.25498183304443955,0.251453999999967,623935488
fold_4,warmup,2025-04-10,L-R,shoulder,6525,6273,G4,False,1.8929629170452245,1.8458740000000944,0.9890864160261117,0.8992299999999886,623935488
fold_4,warmup,2025-04-10,L-R,solar,5075,4879,G4,False,1.6033729569753632,1.5641919999999345,0.6699727919767611,0.6659349999999904,623935488
fold_4,warmup,2025-04-10,L-N,night,5786,5566,G1,False,1.6044347080169246,1.5672289999999975,0.07384687499143183,0.07354299999997238,644726784
fold_4,warmup,2025-04-10,L-N,shoulder,6525,6273,G3,False,1.7134597930125892,1.6063459999999168,0.45008320797933266,0.44628399999999147,644726784
fold_4,warmup,2025-04-10,L-N,solar,5075,4879,G3,False,1.4395656249835156,1.4150489999999536,0.5068047920358367,0.494905000000017,644726784
fold_4,warmup,2025-04-11,L-P,pooled,17386,16718,G3,False,2.7925649160169996,2.7362410000000637,0.9069759169942699,0.8238569999999754,661782528
fold_4,warmup,2025-04-11,L-R,night,5786,5566,G2,False,1.6697536259307526,1.635904000000096,0.2902590000303462,0.28234199999997145,632274944
fold_4,warmup,2025-04-11,L-R,shoulder,6525,6273,G2,False,1.7734004170633852,1.7408549999998968,0.326898125000298,0.3155970000000252,632274944
fold_4,warmup,2025-04-11,L-R,solar,5075,4879,G4,False,1.567286291043274,1.4669040000001132,0.6897230000467971,0.6838529999999992,632274944
fold_4,warmup,2025-04-11,L-N,night,5786,5566,G1,False,1.4041556670563295,1.3896470000001955,0.10228912497404963,0.09917999999993299,661782528
fold_4,warmup,2025-04-11,L-N,shoulder,6525,6273,G2,False,1.552904999058228,1.5342379999998457,0.22838841599877924,0.22682399999996505,661782528
fold_4,warmup,2025-04-11,L-N,solar,5075,4879,G4,False,1.4508727909997106,1.4276109999999562,0.7757248329580761,0.7610819999999876,661782528
fold_4,warmup,2025-04-12,L-P,pooled,17386,16718,G4,False,2.6907187089673243,2.651578000000086,1.2622514169779606,1.240590999999995,623935488
fold_4,warmup,2025-04-12,L-R,night,5786,5566,G4,False,1.6529653750476427,1.6189709999999877,0.7672095419839025,0.7597420000000739,644726784
fold_4,warmup,2025-04-12,L-R,shoulder,6525,6273,G2,False,1.5989539170404896,1.5845950000000357,0.30057487497106194,0.29414199999996526,644726784
fold_4,warmup,2025-04-12,L-R,solar,5075,4879,G2,False,1.4305804580799304,1.412984999999935,0.2575193749507889,0.251749000000018,644726784
fold_4,warmup,2025-04-12,L-N,night,5786,5566,G1,False,1.4299012930132449,1.41365600000006,0.08458700001938269,0.08354299999996329,632274944
fold_4,warmup,2025-04-12,L-N,shoulder,6525,6273,G4,False,1.6269292080542073,1.5975800000001072,0.7965517089469358,0.7834510000000137,632274944
fold_4,warmup,2025-04-12,L-N,solar,5075,4879,G3,False,1.359883415978402,1.344086999999945,0.39547291601775214,0.3939950000000181,632274944
fold_4,warmup,2025-04-13,L-P,pooled,17386,16718,G3,False,2.4979733750224113,2.4760820000000194,0.8165526250377297,0.8038589999999886,623935488
fold_4,warmup,2025-04-13,L-R,night,5786,5566,G4,False,1.4896810420323163,1.4742220000000543,0.8203141250414774,0.7996699999999919,661782528
fold_4,warmup,2025-04-13,L-R,shoulder,6525,6273,G4,False,1.7782140000490472,1.739575000000059,0.8100447079632431,0.8009890000000723,661782528
fold_4,warmup,2025-04-13,L-R,solar,5075,4879,G2,False,1.4385697080288082,1.4199609999999439,0.20621124998433515,0.20524699999998575,661782528
fold_4,warmup,2025-04-13,L-N,night,5786,5566,G2,False,1.4867949170293286,1.4631330000000844,0.2424385420163162,0.23897999999996955,644726784
fold_4,warmup,2025-04-13,L-N,shoulder,6525,6273,G3,False,1.6292390839662403,1.5951730000000452,0.45338716701371595,0.44895099999996546,644726784
fold_4,warmup,2025-04-13,L-N,solar,5075,4879,G4,False,1.3455755000468343,1.3301969999998846,0.7758537910412997,0.7540159999999787,644726784
fold_4,warmup,2025-04-14,L-P,pooled,17386,16718,G2,False,2.612172541965265,2.5788670000000593,0.42722904100082815,0.41464699999994536,623935488
fold_4,warmup,2025-04-14,L-R,night,5786,5566,G4,False,1.4964413339621387,1.4776350000000775,0.8731431670021266,0.8491699999999582,632274944
fold_4,warmup,2025-04-14,L-R,shoulder,6525,6273,G4,False,1.8453796670073643,1.8048000000001139,0.9476666249684058,0.925027,632274944
fold_4,warmup,2025-04-14,L-R,solar,5075,4879,G4,False,1.5085292490548454,1.4871010000000524,0.6965191659983248,0.6907860000000028,632274944
fold_4,warmup,2025-04-14,L-N,night,5786,5566,G4,False,1.5403667080099694,1.5043490000000475,0.7942335410043597,0.7734359999999469,623935488
fold_4,warmup,2025-04-14,L-N,shoulder,6525,6273,G2,False,1.7267970420070924,1.6830969999999752,0.23981737502617761,0.23411499999997432,623935488
fold_4,warmup,2025-04-14,L-N,solar,5075,4879,G3,False,1.3389566670521162,1.3268939999999247,0.509967542020604,0.4898439999999482,623935488
fold_4,warmup,2025-04-15,L-P,pooled,17386,16718,G4,False,2.7572304170462303,2.7027089999997997,1.243216292001307,1.221813000000111,661782528
fold_4,warmup,2025-04-15,L-R,night,5786,5566,G4,False,1.6043638340197504,1.5761409999998932,0.8131888750358485,0.795710999999983,644726784
fold_4,warmup,2025-04-15,L-R,shoulder,6525,6273,G4,False,1.6663059159764089,1.6436539999998558,0.8665861670160666,0.8501979999999776,644726784
fold_4,warmup,2025-04-15,L-R,solar,5075,4879,G2,False,1.5233390409848653,1.4947010000000773,0.21256816701497883,0.2109649999999874,644726784
fold_4,warmup,2025-04-15,L-N,night,5786,5566,G1,False,1.4130443749018013,1.3947569999999132,0.07288204098585993,0.07257800000002135,661782528
fold_4,warmup,2025-04-15,L-N,shoulder,6525,6273,G2,False,1.6227390840067528,1.5941320000000587,0.22633512504398823,0.22487900000010086,661782528
fold_4,warmup,2025-04-15,L-N,solar,5075,4879,G3,False,1.3897644980461337,1.3684049999999388,0.4358549170428887,0.42884700000001885,661782528
fold_4,warmup,2025-04-16,L-P,pooled,17386,16718,G4,False,2.5405384991317987,2.5080359999999473,1.2887423330103047,1.2583839999999782,632274944
fold_4,warmup,2025-04-16,L-R,night,5786,5566,G4,False,1.4809157920535654,1.462118999999916,0.7492702500312589,0.7400589999999738,623935488
fold_4,warmup,2025-04-16,L-R,shoulder,6525,6273,G4,False,1.721311375964433,1.6931890000000749,0.8887598749715835,0.8721140000000105,623935488
fold_4,warmup,2025-04-16,L-R,solar,5075,4879,G4,False,1.5405165410484187,1.5014760000000251,0.7070879579987377,0.7007799999998952,623935488
fold_4,warmup,2025-04-16,L-N,night,5786,5566,G2,False,1.4474505420657806,1.425881000000004,0.20782854198478162,0.20665099999996528,644726784
fold_4,warmup,2025-04-16,L-N,shoulder,6525,6273,G2,False,1.5377184589742683,1.519262000000026,0.28485441696830094,0.2753410000000258,644726784
fold_4,warmup,2025-04-16,L-N,solar,5075,4879,G4,False,1.4378378329565749,1.414677000000097,0.7541770829702727,0.7387830000000122,644726784
fold_4,warmup,2025-04-17,L-P,pooled,17386,16718,G4,False,2.611307540035341,2.573378000000048,1.234519082994666,1.2109350000000632,632274944
fold_4,warmup,2025-04-17,L-R,night,5786,5566,G2,False,1.56028412503656,1.5377180000000408,0.2328470000065863,0.23180500000000848,661782528
fold_4,warmup,2025-04-17,L-R,shoulder,6525,6273,G4,False,1.7802861250238493,1.6913070000000516,1.0035214579547755,0.9099210000000539,661782528
fold_4,warmup,2025-04-17,L-R,solar,5075,4879,G2,False,1.5647682930575684,1.5338789999999562,0.22552633297163993,0.22303099999999176,661782528
fold_4,warmup,2025-04-17,L-N,night,5786,5566,G4,False,1.432269791024737,1.4139199999999619,0.7592160000349395,0.7425829999999678,623935488
fold_4,warmup,2025-04-17,L-N,shoulder,6525,6273,G1,False,1.5158987499889918,1.497867000000042,0.08629616705002263,0.08402300000000196,623935488
fold_4,warmup,2025-04-17,L-N,solar,5075,4879,G4,False,1.5437597489799373,1.4514390000000503,0.8102812499855645,0.7884290000000647,623935488
fold_4,warmup,2025-04-18,L-P,pooled,17386,16718,G1,False,2.7101382929831743,2.6130699999999933,0.17472141701728106,0.17197199999998247,632274944
fold_4,warmup,2025-04-18,L-R,night,5786,5566,G4,False,1.630351707979571,1.5441959999999426,0.9423657499719411,0.8475989999999456,644726784
fold_4,warmup,2025-04-18,L-R,shoulder,6525,6273,G4,False,1.6637384990463033,1.6420659999999998,0.8203484170371667,0.8082719999999881,644726784
fold_4,warmup,2025-04-18,L-R,solar,5075,4879,G1,False,1.5275252920109779,1.5038569999999254,0.07480329199461266,0.07433700000001409,644726784
fold_4,warmup,2025-04-18,L-N,night,5786,5566,G2,False,1.685533958952874,1.5723670000000993,0.21103850001236424,0.20949300000006588,632274944
fold_4,warmup,2025-04-18,L-N,shoulder,6525,6273,G2,False,1.559659666963853,1.5413610000000517,0.26797612500377,0.2596139999999423,632274944
fold_4,warmup,2025-04-18,L-N,solar,5075,4879,G1,False,1.3466550430166535,1.33289700000023,0.06993537495145574,0.06944299999997838,632274944
fold_4,warmup,2025-04-19,L-P,pooled,17386,16718,G1,False,2.672419832961168,2.630766000000108,0.16146450000815094,0.16038900000000922,661782528
fold_4,warmup,2025-04-19,L-R,night,5786,5566,G4,False,1.521728334017098,1.498514999999884,0.7805542909773067,0.7612870000000385,623935488
fold_4,warmup,2025-04-19,L-R,shoulder,6525,6273,G1,False,1.6413577500497922,1.6199339999999438,0.11877191602252424,0.11587099999997008,623935488
fold_4,warmup,2025-04-19,L-R,solar,5075,4879,G1,False,1.5267867909860797,1.483614000000216,0.07480954204220325,0.07445399999994606,623935488
fold_4,warmup,2025-04-19,L-N,night,5786,5566,G4,False,1.4478537500253879,1.4258599999999433,0.8195776670472696,0.7743050000000267,661782528
fold_4,warmup,2025-04-19,L-N,shoulder,6525,6273,G1,False,1.5115450409939513,1.4903659999999945,0.1033752909861505,0.10086300000000392,661782528
fold_4,warmup,2025-04-19,L-N,solar,5075,4879,G1,False,1.3347597100073472,1.3199130000000423,0.06867945799604058,0.0682449999999335,661782528
fold_4,warmup,2025-04-20,L-P,pooled,17386,16718,G2,False,2.7070648330263793,2.638448999999923,0.4103527090046555,0.40689099999997325,644726784
fold_4,warmup,2025-04-20,L-R,night,5786,5566,G3,False,1.6349950840231031,1.5742629999999735,0.4363799580023624,0.4344340000000102,632274944
fold_4,warmup,2025-04-20,L-R,shoulder,6525,6273,G1,False,1.6933532490511425,1.6733780000001843,0.10364412498893216,0.10305500000004031,632274944
fold_4,warmup,2025-04-20,L-R,solar,5075,4879,G4,False,1.4379572489997372,1.4151939999999286,0.8305359999649227,0.811774000000014,632274944
fold_4,warmup,2025-04-20,L-N,night,5786,5566,G1,False,1.5395049590733834,1.5113130000000865,0.0735464160097763,0.07321999999999207,644726784
fold_4,warmup,2025-04-20,L-N,shoulder,6525,6273,G1,False,1.4824313739663921,1.4706209999999373,0.0832374999881722,0.08264299999996183,644726784
fold_4,warmup,2025-04-20,L-N,solar,5075,4879,G3,False,1.4111441670684144,1.3905039999999644,0.5061134590068832,0.4923780000000306,644726784
fold_4,warmup,2025-04-21,L-P,pooled,17386,16718,G2,False,2.732547916006297,2.6875909999999976,0.4811493339948356,0.46692799999993895,623935488
fold_4,warmup,2025-04-21,L-R,night,5786,5566,G2,False,1.6810915829264559,1.6390990000001011,0.22372749994974583,0.2224909999999909,661782528
fold_4,warmup,2025-04-21,L-R,shoulder,6525,6273,G1,False,1.6108309580595233,1.599452000000042,0.09072116704192013,0.09020199999997658,661782528
fold_4,warmup,2025-04-21,L-R,solar,5075,4879,G1,False,1.452033375040628,1.4322029999999586,0.07607620797352865,0.07531000000005861,661782528
fold_4,warmup,2025-04-21,L-N,night,5786,5566,G4,False,1.437283833976835,1.4183020000000397,0.6929152499651536,0.6848810000000185,632274944
fold_4,warmup,2025-04-21,L-N,shoulder,6525,6273,G1,False,1.534956457966473,1.5179279999999835,0.08477737498469651,0.08418300000005274,632274944
fold_4,warmup,2025-04-21,L-N,solar,5075,4879,G3,False,1.3603365830495022,1.3456149999999525,0.5104306670255028,0.49765800000000127,632274944
fold_4,warmup,2025-04-22,L-P,pooled,17386,16718,G1,False,2.5206085829995573,2.4985410000000456,0.16885174997150898,0.16795399999989513,623935488
fold_4,warmup,2025-04-22,L-R,night,5786,5566,G2,False,1.472495125955902,1.4582540000000108,0.28401954198488966,0.2767189999999573,644726784
fold_4,warmup,2025-04-22,L-R,shoulder,6525,6273,G1,False,1.6495003750314936,1.6275789999998551,0.08981754200067371,0.08946900000000824,644726784
fold_4,warmup,2025-04-22,L-R,solar,5075,4879,G1,False,1.445802417001687,1.4258949999999686,0.08391575003042817,0.08347800000001371,644726784
fold_4,warmup,2025-04-22,L-N,night,5786,5566,G4,False,1.5193497069412842,1.4939699999998766,0.662473707983736,0.6584689999999682,661782528
fold_4,warmup,2025-04-22,L-N,shoulder,6525,6273,G1,False,1.6014152499847114,1.5763579999999138,0.0822098339558579,0.08177299999999832,661782528
fold_4,warmup,2025-04-22,L-N,solar,5075,4879,G2,False,1.4101128740003332,1.386641999999938,0.20035287499194965,0.1986420000000635,661782528
fold_4,admission,2025-04-23,L-P,pooled,17386,16718,G1,False,2.6598751259152777,2.6180340000000797,0.18638866598485038,0.18318199999998797,623935488
fold_4,admission,2025-04-23,L-R,night,5786,5566,G1,False,1.4621228750329465,1.445402999999942,0.09591483394615352,0.0937139999999772,632274944
fold_4,admission,2025-04-23,L-R,shoulder,6525,6273,G2,False,1.7561915410333313,1.7273409999997966,0.25105529197026044,0.24975199999994402,632274944
fold_4,admission,2025-04-23,L-R,solar,5075,4879,G1,False,1.5117633330519311,1.4880289999999832,0.07568108302075416,0.07523100000003069,632274944
fold_4,admission,2025-04-23,L-N,night,5786,5566,G1,False,1.4035788749461062,1.3882429999999886,0.09304595802677795,0.09027400000002217,623935488
fold_4,admission,2025-04-23,L-N,shoulder,6525,6273,G1,False,1.623439708026126,1.593841000000225,0.08243549999315292,0.08200300000009975,623935488
fold_4,admission,2025-04-23,L-N,solar,5075,4879,G1,False,1.3821413750411011,1.3646669999999403,0.08369416696950793,0.083238999999935,623935488
fold_4,admission,2025-04-24,L-P,pooled,17386,16718,G2,False,2.7003354170010425,2.659536000000003,0.48509745800402015,0.4712609999999131,644726784
fold_4,admission,2025-04-24,L-R,night,5786,5566,G1,False,1.539876666967757,1.521391999999878,0.10062208300223574,0.09803399999998419,661782528
fold_4,admission,2025-04-24,L-R,shoulder,6525,6273,G2,False,1.6992464580689557,1.674656999999911,0.2513345420011319,0.2476360000000568,661782528
fold_4,admission,2025-04-24,L-R,solar,5075,4879,G4,False,1.5335068340064026,1.50415600000008,0.8605515829985961,0.8354510000000346,661782528
fold_4,admission,2025-04-24,L-N,night,5786,5566,G4,False,1.5155059578828514,1.487594000000172,0.8065426659886725,0.7870490000000245,644726784
fold_4,admission,2025-04-24,L-N,shoulder,6525,6273,G1,False,1.5328925010398962,1.505305999999905,0.08645087503828108,0.08598000000006323,644726784
fold_4,admission,2025-04-24,L-N,solar,5075,4879,G2,False,1.3983662920072675,1.3839739999999665,0.19778404204407707,0.19654900000000453,644726784
fold_4,admission,2025-04-25,L-P,pooled,17386,16718,G1,False,2.8595984160201624,2.8034390000001395,0.16254558396758512,0.1617309999999179,623935488
fold_4,admission,2025-04-25,L-R,night,5786,5566,G4,False,1.7601052910322323,1.716951999999992,0.7454536249861121,0.7401529999999639,632274944
fold_4,admission,2025-04-25,L-R,shoulder,6525,6273,G1,False,1.6701276669627987,1.6500630000000456,0.121072500012815,0.11648000000002412,632274944
fold_4,admission,2025-04-25,L-R,solar,5075,4879,G1,False,1.4733479160349816,1.4483909999999014,0.0884895829949528,0.0857180000000426,632274944
fold_4,admission,2025-04-25,L-N,night,5786,5566,G4,False,1.493116875004489,1.460010999999895,0.6738470419659279,0.6707690000000639,623935488
fold_4,admission,2025-04-25,L-N,shoulder,6525,6273,G1,False,1.6658295000088401,1.637356000000068,0.08343499997863546,0.08287600000005568,623935488
fold_4,admission,2025-04-25,L-N,solar,5075,4879,G2,False,1.5162774169584736,1.4739660000001322,0.22279445896856487,0.21923800000001847,623935488
fold_4,admission,2025-04-26,L-P,pooled,17386,16718,G2,False,2.668589293025434,2.62188900000001,0.46432620799168944,0.453373000000056,661782528
fold_4,admission,2025-04-26,L-R,night,5786,5566,G1,False,1.6372007069876418,1.6020019999998567,0.10651583399157971,0.10181899999997768,644726784
fold_4,admission,2025-04-26,L-R,shoulder,6525,6273,G1,False,1.7251347500132397,1.6982610000000022,0.10766541701741517,0.1051750000000311,644726784
fold_4,admission,2025-04-26,L-R,solar,5075,4879,G1,False,1.605496374948416,1.5823890000000347,0.07430445798672736,0.07389499999999316,644726784
fold_4,admission,2025-04-26,L-N,night,5786,5566,G4,False,1.688065083057154,1.6418389999998908,0.6937599999946542,0.6890220000000227,632274944
fold_4,admission,2025-04-26,L-N,shoulder,6525,6273,G1,False,1.675361124041956,1.6407469999998057,0.08207941701402888,0.08158000000003085,632274944
fold_4,admission,2025-04-26,L-N,solar,5075,4879,G4,False,1.4202810419956222,1.400117000000023,0.8007455000188202,0.7792610000000195,632274944
fold_4,admission,2025-04-27,L-P,pooled,17386,16718,G2,False,2.778635249938816,2.725661999999943,0.47912670904770494,0.46650399999998626,661782528
fold_4,admission,2025-04-27,L-R,night,5786,5566,G4,False,1.594569834007416,1.5630030000000943,0.8313298330176622,0.809319999999957,623935488
fold_4,admission,2025-04-27,L-R,shoulder,6525,6273,G2,False,1.621651207038667,1.6073310000000447,0.2486515420023352,0.24713800000006358,623935488
fold_4,admission,2025-04-27,L-R,solar,5075,4879,G1,False,1.5562960000243038,1.5275729999999612,0.07522883301135153,0.07480599999996684,623935488
fold_4,admission,2025-04-27,L-N,night,5786,5566,G1,False,1.5619413340464234,1.5279469999999264,0.09193212498212233,0.08953699999995024,661782528
fold_4,admission,2025-04-27,L-N,shoulder,6525,6273,G2,False,1.543097542016767,1.5251329999999825,0.2809338750084862,0.27296899999998914,661782528
fold_4,admission,2025-04-27,L-N,solar,5075,4879,G4,False,1.462599207938183,1.434947999999963,0.6367948330007493,0.6335250000000769,661782528
fold_4,admission,2025-04-28,L-P,pooled,17386,16717,G2,False,2.657213916943874,2.606290999999942,0.40404429100453854,0.4016070000000127,644726784
fold_4,admission,2025-04-28,L-R,night,5786,5565,G4,False,1.4637262909673154,1.4531779999999799,0.716976166004315,0.7092980000001035,632274944
fold_4,admission,2025-04-28,L-R,shoulder,6525,6273,G1,False,1.6990496669895947,1.6787180000000035,0.11447487503755838,0.11193500000001677,632274944
fold_4,admission,2025-04-28,L-R,solar,5075,4879,G1,False,1.5661036660312675,1.5347779999999602,0.07558383396826684,0.0751549999999952,632274944
fold_4,admission,2025-04-28,L-N,night,5786,5565,G1,False,1.3831173340440728,1.3705829999998969,0.07550679199630395,0.07497399999999743,644726784
fold_4,admission,2025-04-28,L-N,shoulder,6525,6273,G1,False,1.581840999017004,1.55920100000003,0.08703387499554083,0.08627500000000055,644726784
fold_4,admission,2025-04-28,L-N,solar,5075,4879,G4,False,1.5037129590054974,1.4730329999999867,0.707206082995981,0.6997759999999289,644726784
fold_4,admission,2025-04-29,L-P,pooled,17386,16716,G2,False,2.6280534570105374,2.5860490000001164,0.4486355419503525,0.44220499999994445,623935488
fold_4,admission,2025-04-29,L-R,night,5786,5564,G4,False,1.5333522919681855,1.5098679999999831,0.7513631249894388,0.7429240000000163,661782528
fold_4,admission,2025-04-29,L-R,shoulder,6525,6273,G1,False,1.771576625003945,1.738499000000047,0.1129251669626683,0.1104569999999967,661782528
fold_4,admission,2025-04-29,L-R,solar,5075,4879,G1,False,1.5590854160254821,1.4844199999998864,0.07502570794895291,0.07459000000005744,661782528
fold_4,admission,2025-04-29,L-N,night,5786,5564,G4,False,1.5421914160251617,1.4661649999999327,0.6813984169857576,0.6766890000000103,623935488
fold_4,admission,2025-04-29,L-N,shoulder,6525,6273,G1,False,1.6875738759408705,1.6507029999999077,0.08256216603331268,0.08221200000002682,623935488
fold_4,admission,2025-04-29,L-N,solar,5075,4879,G4,False,1.499989792064298,1.4669480000000021,0.7805295829894021,0.7634130000000141,623935488
fold_4,warmup,2025-04-30,L-P,pooled,17386,16715,G2,False,2.5531246250029653,2.4684630000000425,0.4950712909922004,0.4822560000000067,632274944
fold_4,warmup,2025-04-30,L-R,night,5786,5563,G1,False,1.5442228749743663,1.4763980000000174,0.09009704203344882,0.0881729999999834,644726784
fold_4,warmup,2025-04-30,L-R,shoulder,6525,6273,G1,False,1.7892660010256805,1.7588230000000067,0.1148045000154525,0.11107700000002296,644726784
fold_4,warmup,2025-04-30,L-R,solar,5075,4879,G2,False,1.6651690409635194,1.6208819999999378,0.24275970802409574,0.23987299999998868,644726784
fold_4,warmup,2025-04-30,L-N,night,5786,5563,G1,False,1.621534415986389,1.5827070000001413,0.09382629202445969,0.09120100000006914,632274944
fold_4,warmup,2025-04-30,L-N,shoulder,6525,6273,G1,False,1.5954020020435564,1.5675410000000056,0.10820166603662074,0.10412600000006478,632274944
fold_4,warmup,2025-04-30,L-N,solar,5075,4879,G3,False,1.4388582500396296,1.4164899999998397,0.4111614580033347,0.40856799999994564,632274944
fold_4,evaluation,2025-05-01,L-P,pooled,17386,16715,G4,False,2.4367917489726096,2.413634000000002,1.1734410839853808,1.1589299999998275,801112064
fold_4,evaluation,2025-05-01,L-R,night,5786,5563,G1,False,1.474408665962983,1.4592210000000705,0.08150633302284405,0.08095600000001468,772063232
fold_4,evaluation,2025-05-01,L-R,shoulder,6525,6273,G1,False,1.6285756250144914,1.612088999999969,0.09110949997557327,0.09061499999984335,772063232
fold_4,evaluation,2025-05-01,L-R,solar,5075,4879,G4,False,1.4556441250024363,1.3896569999999429,0.7477038749493659,0.73738400000002,772063232
fold_4,evaluation,2025-05-01,L-N,night,5786,5563,G1,False,1.393269999010954,1.378130999999712,0.07368274999316782,0.07324399999993148,774553600
fold_4,evaluation,2025-05-01,L-N,shoulder,6525,6273,G1,False,1.4935593759291805,1.4807060000000547,0.08387729100650176,0.08322500000008404,774553600
fold_4,evaluation,2025-05-01,L-N,solar,5075,4879,G2,False,1.3469610410393216,1.3343369999997776,0.22966166702099144,0.22336499999983062,774553600
fold_4,evaluation,2025-05-02,L-P,pooled,17386,16715,G2,False,2.4761520411120728,2.4511260000001585,0.41426229098578915,0.41125400000009904,801112064
fold_4,evaluation,2025-05-02,L-R,night,5786,5563,G1,False,1.5082399160019122,1.4884749999998803,0.08064833300886676,0.08027300000003379,784089088
fold_4,evaluation,2025-05-02,L-R,shoulder,6525,6273,G1,False,1.7021932490170002,1.6362310000001798,0.09367620799457654,0.09314399999993839,784089088
fold_4,evaluation,2025-05-02,L-R,solar,5075,4879,G4,False,1.3798201260506175,1.3705059999999776,0.7182984589599073,0.7092219999999543,784089088
fold_4,evaluation,2025-05-02,L-N,night,5786,5563,G1,False,1.4114575409912504,1.3934679999999844,0.07424774998798966,0.07371800000009898,772063232
fold_4,evaluation,2025-05-02,L-N,shoulder,6525,6273,G1,False,1.503371125960257,1.4773190000000795,0.086385959002655,0.08582899999987603,772063232
fold_4,evaluation,2025-05-02,L-N,solar,5075,4879,G3,False,1.3129821249167435,1.3031959999998435,0.4713593750493601,0.46363300000007257,772063232
fold_4,evaluation,2025-05-03,L-P,pooled,17386,16715,G4,False,2.4792925840010867,2.453936999999769,1.197016500052996,1.1313350000000355,801112064
fold_4,evaluation,2025-05-03,L-R,night,5786,5563,G1,False,1.4898536669206806,1.4734240000000227,0.08156741701532155,0.08111499999995431,774553600
fold_4,evaluation,2025-05-03,L-R,shoulder,6525,6273,G2,False,1.6134135840111412,1.6006799999997838,0.27795183297712356,0.271797000000106,774553600
fold_4,evaluation,2025-05-03,L-R,solar,5075,4879,G1,False,1.4581813749973662,1.3898410000001604,0.07626195898046717,0.07577900000001137,774553600
fold_4,evaluation,2025-05-03,L-N,night,5786,5563,G4,False,1.3825813759467565,1.370198000000073,0.6786860839929432,0.6748000000000047,801112064
fold_4,evaluation,2025-05-03,L-N,shoulder,6525,6273,G1,False,1.4981235830346122,1.485290999999961,0.08435604197438806,0.0837779999999384,801112064
fold_4,evaluation,2025-05-03,L-N,solar,5075,4879,G4,False,1.3566266660345718,1.3416440000000875,0.6662756250007078,0.661478999999872,801112064
fold_4,evaluation,2025-05-04,L-P,pooled,17386,16715,G2,False,2.4651268330053426,2.4398960000000898,0.40522270801011473,0.40263499999991836,772063232
fold_4,evaluation,2025-05-04,L-R,night,5786,5563,G1,False,1.478421583015006,1.4666019999999662,0.09086449997266755,0.08866800000009789,784089088
fold_4,evaluation,2025-05-04,L-R,shoulder,6525,6273,G1,False,1.640631916001439,1.6239190000001145,0.10667570802615955,0.10442399999988083,784089088
fold_4,evaluation,2025-05-04,L-R,solar,5075,4879,G3,False,1.377718874020502,1.3666950000001634,0.43949470802908763,0.4348090000000866,784089088
fold_4,evaluation,2025-05-04,L-N,night,5786,5563,G4,False,1.3721954580396414,1.3591449999998986,0.6833556669880636,0.6768259999998918,774553600
fold_4,evaluation,2025-05-04,L-N,shoulder,6525,6273,G1,False,1.4685370419174433,1.4583499999998821,0.08357466600136831,0.08291299999996227,774553600
fold_4,evaluation,2025-05-04,L-N,solar,5075,4879,G3,False,1.3429637089720927,1.3306530000002113,0.45175208401633427,0.4427860000000692,774553600
fold_4,evaluation,2025-05-05,L-P,pooled,17386,16714,G4,False,2.428173669031821,2.4062559999997575,1.1797701249597594,1.1638960000000225,772063232
fold_4,evaluation,2025-05-05,L-R,night,5786,5562,G1,False,1.5157633749768138,1.4950999999998658,0.08051679097115993,0.080016999999998,801112064
fold_4,evaluation,2025-05-05,L-R,shoulder,6525,6273,G1,False,1.6753659989335574,1.6536490000000867,0.09117087500635535,0.09067400000003545,801112064
fold_4,evaluation,2025-05-05,L-R,solar,5075,4879,G2,False,1.396771374042146,1.3828030000001945,0.23605795798357576,0.23296199999981582,801112064
fold_4,evaluation,2025-05-05,L-N,night,5786,5562,G1,False,1.3813522909767926,1.370403000000124,0.07426287495763972,0.07391000000006898,784089088
fold_4,evaluation,2025-05-05,L-N,shoulder,6525,6273,G1,False,1.5191209569456987,1.5008979999997791,0.08423641603440046,0.08370800000011513,784089088
fold_4,evaluation,2025-05-05,L-N,solar,5075,4879,G4,False,1.327732332982123,1.3174329999999372,0.6688683329848573,0.6631560000000718,784089088
fold_4,evaluation,2025-05-06,L-P,pooled,17386,16714,G4,False,2.4280527500086464,2.405248000000256,1.2147254159790464,1.1970260000000508,772063232
fold_4,evaluation,2025-05-06,L-R,night,5786,5562,G1,False,1.4706037500873208,1.458943999999974,0.0806678329827264,0.08021200000007411,774553600
fold_4,evaluation,2025-05-06,L-R,shoulder,6525,6273,G1,False,1.675340874993708,1.6068410000000313,0.10318066703621298,0.10144300000001749,774553600
fold_4,evaluation,2025-05-06,L-R,solar,5075,4879,G4,False,1.465290042979177,1.4456609999999728,0.7023312090313993,0.6956450000000132,774553600
fold_4,evaluation,2025-05-06,L-N,night,5786,5562,G1,False,1.4228657091152854,1.4022970000000896,0.07719333295244724,0.07659699999999248,772063232
fold_4,evaluation,2025-05-06,L-N,shoulder,6525,6273,G1,False,1.522851041983813,1.5040930000000117,0.08438537496840581,0.08356800000001385,772063232
fold_4,evaluation,2025-05-06,L-N,solar,5075,4879,G4,False,1.3797665830352344,1.3129779999997027,0.7276537080178969,0.7147170000000642,772063232
fold_4,evaluation,2025-05-07,L-P,pooled,17386,16714,G3,False,2.52060829102993,2.4414189999999962,0.8499865420162678,0.8320479999999861,801112064
fold_4,evaluation,2025-05-07,L-R,night,5786,5562,G1,False,1.5752322490443476,1.5024249999999029,0.08251412503886968,0.08190200000012737,784089088
fold_4,evaluation,2025-05-07,L-R,shoulder,6525,6273,G1,False,1.6601002920651808,1.6415280000001076,0.09219462500186637,0.09136800000010226,784089088
fold_4,evaluation,2025-05-07,L-R,solar,5075,4879,G3,False,1.4724582489579916,1.4485769999998865,0.4262881669565104,0.4233070000000225,784089088
fold_4,evaluation,2025-05-07,L-N,night,5786,5562,G1,False,1.427449292037636,1.40759399999979,0.07437804102664813,0.0738139999998566,774553600
fold_4,evaluation,2025-05-07,L-N,shoulder,6525,6273,G1,False,1.5302514999639243,1.511091999999735,0.08305958396522328,0.08252000000015869,774553600
fold_4,evaluation,2025-05-07,L-N,solar,5075,4879,G3,False,1.3683777090045623,1.3533769999999095,0.4069062920170836,0.40406400000006215,774553600
fold_4,evaluation,2025-05-08,L-P,pooled,17386,16714,G4,False,2.4503952490049414,2.4275239999999485,1.1570440419600345,1.1413680000000568,801112064
fold_4,evaluation,2025-05-08,L-R,night,5786,5562,G1,False,1.4815402499516495,1.4659699999999702,0.08084416599012911,0.08034499999985201,772063232
fold_4,evaluation,2025-05-08,L-R,shoulder,6525,6273,G2,False,1.702871291025076,1.6247140000002673,0.2612235840060748,0.2583839999999782,772063232
fold_4,evaluation,2025-05-08,L-R,solar,5075,4879,G3,False,1.4164972500293516,1.4002949999999146,0.4584783340105787,0.4519830000001548,772063232
fold_4,evaluation,2025-05-08,L-N,night,5786,5562,G1,False,1.4205332080600783,1.4033629999998993,0.07509608403779566,0.07462899999995898,784089088
fold_4,evaluation,2025-05-08,L-N,shoulder,6525,6273,G1,False,1.5888541669701226,1.514884999999822,0.08234133297810331,0.08178200000020297,784089088
fold_4,evaluation,2025-05-08,L-N,solar,5075,4879,G2,False,1.3320448740269057,1.32019699999978,0.20257029199274257,0.20159100000000763,784089088
fold_4,evaluation,2025-05-09,L-P,pooled,17386,16714,G2,False,2.4313546670018695,2.4094310000000405,0.46894504100782797,0.4101829999999609,801112064
fold_4,evaluation,2025-05-09,L-R,night,5786,5562,G1,False,1.4899308329913765,1.474831000000222,0.08080120803788304,0.08023500000012973,774553600
fold_4,evaluation,2025-05-09,L-R,shoulder,6525,6273,G2,False,1.6003695820108987,1.5888199999999415,0.25106391694862396,0.2492369999999937,774553600
fold_4,evaluation,2025-05-09,L-R,solar,5075,4879,G4,False,1.4963362499838695,1.4277929999998378,0.7323243329883553,0.7219870000001265,774553600
fold_4,evaluation,2025-05-09,L-N,night,5786,5562,G1,False,1.4558651259867474,1.4361650000000736,0.0773177909431979,0.07671400000003814,801112064
fold_4,evaluation,2025-05-09,L-N,shoulder,6525,6273,G2,False,1.4888877509511076,1.4726949999997032,0.22844600002281368,0.2270619999999326,801112064
fold_4,evaluation,2025-05-09,L-N,solar,5075,4879,G1,False,1.321461624931544,1.311706999999842,0.06922825000947341,0.0688559999998688,801112064
fold_4,evaluation,2025-05-10,L-P,pooled,17386,16714,G2,False,2.468571500037797,2.4462849999997616,0.4054701660061255,0.40271899999993366,772063232
fold_4,evaluation,2025-05-10,L-R,night,5786,5562,G1,False,1.5067190830595791,1.4907049999999344,0.08069787500426173,0.08016399999996793,784089088
fold_4,evaluation,2025-05-10,L-R,shoulder,6525,6273,G2,False,1.6302371250349097,1.6148850000001858,0.26456675003282726,0.2608189999998558,784089088
fold_4,evaluation,2025-05-10,L-R,solar,5075,4879,G2,False,1.3804608740028925,1.3714549999997416,0.22699487500358373,0.2247189999998227,784089088
fold_4,evaluation,2025-05-10,L-N,night,5786,5562,G1,False,1.3735470410319977,1.3602450000000772,0.07581824995577335,0.07536900000013702,772063232
fold_4,evaluation,2025-05-10,L-N,shoulder,6525,6273,G1,False,1.4886394999921322,1.475742000000082,0.08508270903257653,0.0845640000000003,772063232
fold_4,evaluation,2025-05-10,L-N,solar,5075,4879,G3,False,1.364603583002463,1.3484200000002602,0.40881383401574567,0.4064169999999194,772063232
fold_4,evaluation,2025-05-11,L-P,pooled,17386,16714,G1,False,2.4650873339851387,2.4372279999997772,0.16489766701124609,0.16366999999991094,774553600
fold_4,evaluation,2025-05-11,L-R,night,5786,5562,G1,False,1.517560251057148,1.4993200000001252,0.07910824997816235,0.07874300000003132,801112064
fold_4,evaluation,2025-05-11,L-R,shoulder,6525,6273,G1,False,1.735548542055767,1.6573060000000623,0.10153445898322389,0.09996599999999489,801112064
fold_4,evaluation,2025-05-11,L-R,solar,5075,4879,G1,False,1.3992012079106644,1.3881729999995969,0.0759752499870956,0.07538700000009158,801112064
fold_4,evaluation,2025-05-11,L-N,night,5786,5562,G1,False,1.3580285420757718,1.3473909999995612,0.07519170903833583,0.07468100000005506,784089088
fold_4,evaluation,2025-05-11,L-N,shoulder,6525,6273,G1,False,1.5709329170058481,1.5508990000000722,0.08307670801877975,0.08256200000005265,784089088
fold_4,evaluation,2025-05-11,L-N,solar,5075,4879,G2,False,1.3406822090619244,1.3266629999998258,0.28906287503195927,0.22253700000010213,784089088
fold_4,evaluation,2025-05-12,L-P,pooled,17386,16714,G3,False,2.418827540008351,2.4006239999998797,0.8563647920382209,0.7839420000000246,774553600
fold_4,evaluation,2025-05-12,L-R,night,5786,5562,G1,False,1.6187780410982668,1.5279179999997723,0.08089208300225437,0.08022000000005391,772063232
fold_4,evaluation,2025-05-12,L-R,shoulder,6525,6273,G2,False,1.6150147489388473,1.6006599999998343,0.2654941670480184,0.261410000000069,772063232
fold_4,evaluation,2025-05-12,L-R,solar,5075,4879,G3,False,1.3939927910105325,1.382754999999861,0.4530393750173971,0.447926999999936,772063232
fold_4,evaluation,2025-05-12,L-N,night,5786,5562,G1,False,1.4198423341149464,1.400115999999798,0.0756876670056954,0.07519699999988916,774553600
fold_4,evaluation,2025-05-12,L-N,shoulder,6525,6273,G2,False,1.5264701660489663,1.5069809999999961,0.22774362500058487,0.2263829999999416,774553600
fold_4,evaluation,2025-05-12,L-N,solar,5075,4879,G2,False,1.3678050839807838,1.3524180000001707,0.20185020798817277,0.20039599999995517,774553600
fold_4,evaluation,2025-05-13,L-P,pooled,17386,16714,G4,False,2.487875456979964,2.4623519999997825,1.1507137079606764,1.1390930000000026,801112064
fold_4,evaluation,2025-05-13,L-R,night,5786,5562,G1,False,1.483739500923548,1.4666609999997036,0.07976374996360391,0.0792469999998957,784089088
fold_4,evaluation,2025-05-13,L-R,shoulder,6525,6273,G3,False,1.6683509580325335,1.650740000000269,0.48529050004435703,0.48260300000015377,784089088
fold_4,evaluation,2025-05-13,L-R,solar,5075,4879,G3,False,1.4494434170192108,1.4297509999998965,0.43422766600269824,0.43023199999993267,784089088
fold_4,evaluation,2025-05-13,L-N,night,5786,5562,G1,False,1.400517001049593,1.386583999999857,0.07498475001193583,0.07453000000009524,801112064
fold_4,evaluation,2025-05-13,L-N,shoulder,6525,6273,G2,False,1.5440039159730077,1.526245999999901,0.3123135829810053,0.24047799999993913,801112064
fold_4,evaluation,2025-05-13,L-N,solar,5075,4879,G3,False,1.3718990830238909,1.3561569999999392,0.40211670799180865,0.3997540000000299,801112064
fold_4,evaluation,2025-05-14,L-P,pooled,17386,16714,G3,False,2.4687991249375045,2.446271999999908,0.7795217090169899,0.7716669999999795,772063232
fold_4,evaluation,2025-05-14,L-R,night,5786,5562,G1,False,1.5107377090025693,1.493502000000035,0.07992670801468194,0.07939199999987068,774553600
fold_4,evaluation,2025-05-14,L-R,shoulder,6525,6273,G3,False,1.7348093740874901,1.6453449999999066,0.5037019159644842,0.4891700000000583,774553600
fold_4,evaluation,2025-05-14,L-R,solar,5075,4879,G1,False,1.4481698741437867,1.4306189999999788,0.07629579096101224,0.07581899999991037,774553600
fold_4,evaluation,2025-05-14,L-N,night,5786,5562,G1,False,1.438055084028747,1.4191260000000057,0.07727083301870152,0.07666900000003807,784089088
fold_4,evaluation,2025-05-14,L-N,shoulder,6525,6273,G4,False,1.5303569149109535,1.5063279999999395,0.7422205830225721,0.7357509999999365,784089088
fold_4,evaluation,2025-05-14,L-N,solar,5075,4879,G3,False,1.3746667910018004,1.3453250000000025,0.4171632090001367,0.4039789999999357,784089088
fold_4,evaluation,2025-05-15,L-P,pooled,17386,16714,G3,False,2.5623559169471264,2.4625389999996514,0.7685636659734882,0.7484090000000378,772063232
fold_4,evaluation,2025-05-15,L-R,night,5786,5562,G1,False,1.4862718330114149,1.4637809999999263,0.08240816701436415,0.08140700000012657,801112064
fold_4,evaluation,2025-05-15,L-R,shoulder,6525,6273,G4,False,1.6250509989913553,1.611199000000397,0.8429922919603996,0.8303510000000642,801112064
fold_4,evaluation,2025-05-15,L-R,solar,5075,4879,G4,False,1.4228388750343584,1.4065760000000864,0.7145020830212161,0.7079680000001645,801112064
fold_4,evaluation,2025-05-15,L-N,night,5786,5562,G2,False,1.440649333060719,1.414455000000089,0.20833812502678484,0.20677899999986948,774553600
fold_4,evaluation,2025-05-15,L-N,shoulder,6525,6273,G3,False,1.4712819168926217,1.459577999999965,0.5002929579932243,0.49167899999997644,774553600
fold_4,evaluation,2025-05-15,L-N,solar,5075,4879,G1,False,1.3630990009987727,1.3501220000002832,0.0706172909704037,0.07017099999984566,774553600
fold_4,evaluation,2025-05-16,L-P,pooled,17386,16714,G4,False,2.511800791020505,2.469829999999547,1.1223089579725638,1.1137579999999616,772063232
fold_4,evaluation,2025-05-16,L-R,night,5786,5562,G1,False,1.4697504569776356,1.456333000000086,0.08054033300140873,0.07978099999991173,784089088
fold_4,evaluation,2025-05-16,L-R,shoulder,6525,6273,G4,False,1.7436809160280973,1.6601240000002235,0.7916188749950379,0.7845830000001115,784089088
fold_4,evaluation,2025-05-16,L-R,solar,5075,4879,G3,False,1.4366434999974445,1.4191740000001118,0.42480729101225734,0.4220030000001316,784089088
fold_4,evaluation,2025-05-16,L-N,night,5786,5562,G1,False,1.4133050019736402,1.3976339999999254,0.07645516598131508,0.07582600000000639,772063232
fold_4,evaluation,2025-05-16,L-N,shoulder,6525,6273,G2,False,1.493885708914604,1.4805269999999382,0.2256135829957202,0.22429299999998875,772063232
fold_4,evaluation,2025-05-16,L-N,solar,5075,4879,G3,False,1.46058966597775,1.3809020000001055,0.42145429202355444,0.41665400000010777,772063232
fold_4,evaluation,2025-05-17,L-P,pooled,17386,16714,G3,False,2.5762297499459237,2.484029000000419,0.7604724579723552,0.7527220000001762,801112064
fold_4,evaluation,2025-05-17,L-R,night,5786,5562,G1,False,1.4839466250268742,1.468845999999985,0.10110308398725465,0.09745900000007168,774553600
fold_4,evaluation,2025-05-17,L-R,shoulder,6525,6273,G3,False,1.6134075419977307,1.5941740000000664,0.5141431670053862,0.5074429999999666,774553600
fold_4,evaluation,2025-05-17,L-R,solar,5075,4879,G3,False,1.4504589160205796,1.3780299999998533,0.44552504195598885,0.4403269999997974,774553600
fold_4,evaluation,2025-05-17,L-N,night,5786,5562,G1,False,1.370745208056178,1.358471000000236,0.0748737920075655,0.07437500000014552,801112064
fold_4,evaluation,2025-05-17,L-N,shoulder,6525,6273,G3,False,1.531566500023473,1.5151140000000396,0.4527761249919422,0.4498399999999947,801112064
fold_4,evaluation,2025-05-17,L-N,solar,5075,4879,G3,False,1.42018941702554,1.4012000000002445,0.4053675420000218,0.4026690000000599,801112064
fold_4,evaluation,2025-05-18,L-P,pooled,17386,16714,G4,False,2.470843916933518,2.445667000000185,1.1581691249739379,1.1470159999998941,784089088
fold_4,evaluation,2025-05-18,L-R,night,5786,5562,G4,False,1.526654791960027,1.50754999999981,0.7479526249808259,0.7387739999999212,772063232
fold_4,evaluation,2025-05-18,L-R,shoulder,6525,6273,G4,False,1.6682890830561519,1.647249999999758,0.8452765840338543,0.8319589999998698,772063232
fold_4,evaluation,2025-05-18,L-R,solar,5075,4879,G3,False,1.4264267510152422,1.4079959999999119,0.42757470795186237,0.4246969999999237,772063232
fold_4,evaluation,2025-05-18,L-N,night,5786,5562,G1,False,1.4130822920124047,1.3966810000001715,0.08400462503777817,0.08311500000013439,774553600
fold_4,evaluation,2025-05-18,L-N,shoulder,6525,6273,G3,False,1.588107874034904,1.5127920000002177,0.4996637919684872,0.48731599999996433,774553600
fold_4,evaluation,2025-05-18,L-N,solar,5075,4879,G2,False,1.3536604989203624,1.337246999999934,0.22428804205264896,0.22070699999994758,774553600
fold_4,evaluation,2025-05-19,L-P,pooled,17386,16714,G3,False,2.4978350410819985,2.4668790000000627,0.8557379169506021,0.7904940000000806,784089088
fold_4,evaluation,2025-05-19,L-R,night,5786,5562,G1,False,1.5310877490555868,1.5083399999996345,0.08095137501368299,0.08036700000002384,801112064
fold_4,evaluation,2025-05-19,L-R,shoulder,6525,6273,G4,False,1.633223042008467,1.617815999999948,0.7881436249590479,0.7828500000000531,801112064
fold_4,evaluation,2025-05-19,L-R,solar,5075,4879,G1,False,1.4409349160268903,1.4216409999999087,0.07517433300381526,0.07472600000005514,801112064
fold_4,evaluation,2025-05-19,L-N,night,5786,5562,G1,False,1.4326136239687912,1.414113000000043,0.07399966701632366,0.07356299999992189,784089088
fold_4,evaluation,2025-05-19,L-N,shoulder,6525,6273,G4,False,1.5095189569983631,1.4923579999999674,0.7204245409811847,0.7160860000001321,784089088
fold_4,evaluation,2025-05-19,L-N,solar,5075,4879,G1,False,1.3837429590057582,1.368449000000055,0.07027995801763609,0.06993499999998676,784089088
fold_4,evaluation,2025-05-20,L-P,pooled,17386,16714,G4,False,2.4480449581169523,2.423975000000155,1.1625809170072898,1.1506620000000112,774553600
fold_4,evaluation,2025-05-20,L-R,night,5786,5562,G4,False,1.4448084159521386,1.4348390000000109,0.7682514589978382,0.7581970000001093,772063232
fold_4,evaluation,2025-05-20,L-R,shoulder,6525,6273,G4,False,1.651667083031498,1.633368999999675,0.7758671250194311,0.7709910000000946,772063232
fold_4,evaluation,2025-05-20,L-R,solar,5075,4879,G3,False,1.4194169149850495,1.402932999999848,0.4281765419873409,0.4249899999999798,772063232
fold_4,evaluation,2025-05-20,L-N,night,5786,5562,G1,False,1.4076035840553232,1.3916059999999106,0.07539650000398979,0.0748430000001008,801112064
fold_4,evaluation,2025-05-20,L-N,shoulder,6525,6273,G2,False,1.673299750953447,1.5931499999999232,0.22910416597733274,0.22752700000000914,801112064
fold_4,evaluation,2025-05-20,L-N,solar,5075,4879,G4,False,1.3825427079573274,1.3664989999999761,0.6527948750299402,0.6484780000000683,801112064
fold_4,evaluation,2025-05-21,L-P,pooled,17386,16714,G3,False,2.4879114580107853,2.4559750000000804,0.7533084169845097,0.7481830000001537,774553600
fold_4,evaluation,2025-05-21,L-R,night,5786,5562,G2,False,1.5050160009996034,1.489212999999836,0.2253171670017764,0.22415000000000873,784089088
fold_4,evaluation,2025-05-21,L-R,shoulder,6525,6273,G4,False,1.7180563339497894,1.6432509999999638,0.7856352499802597,0.7804540000001907,784089088
fold_4,evaluation,2025-05-21,L-R,solar,5075,4879,G1,False,1.4889379999949597,1.465328000000227,0.08068337495205924,0.08005600000001323,784089088
fold_4,evaluation,2025-05-21,L-N,night,5786,5562,G1,False,1.4942740829428658,1.4698010000001887,0.0742850000387989,0.07380899999998292,772063232
fold_4,evaluation,2025-05-21,L-N,shoulder,6525,6273,G3,False,1.540493041917216,1.521619000000328,0.4480280000134371,0.4448909999998705,772063232
fold_4,evaluation,2025-05-21,L-N,solar,5075,4879,G4,False,1.3712659580050968,1.3576580000001286,0.6638372090528719,0.655516999999918,772063232
fold_4,evaluation,2025-05-22,L-P,pooled,17386,16714,G3,False,2.6268474999815226,2.530104000000165,0.7452563749975525,0.7400930000001154,774553600
fold_4,evaluation,2025-05-22,L-R,night,5786,5562,G1,False,1.5027521239826456,1.483194999999796,0.07949587499024346,0.07901700000002165,801112064
fold_4,evaluation,2025-05-22,L-R,shoulder,6525,6273,G4,False,1.6736949160113,1.6546019999998407,0.8430608329945244,0.8297370000000228,801112064
fold_4,evaluation,2025-05-22,L-R,solar,5075,4879,G3,False,1.45354433497414,1.434443999999985,0.4285240829922259,0.4259859999999662,801112064
fold_4,evaluation,2025-05-22,L-N,night,5786,5562,G1,False,1.3783033760846592,1.3646189999999478,0.07454587501706555,0.0740099999998165,774553600
fold_4,evaluation,2025-05-22,L-N,shoulder,6525,6273,G4,False,1.4946650838828646,1.481358999999884,0.7362030840013176,0.727828000000045,774553600
fold_4,evaluation,2025-05-22,L-N,solar,5075,4879,G1,False,1.4570367509149946,1.43128999999999,0.07030354102607816,0.0698539999998502,774553600
fold_4,evaluation,2025-05-23,L-P,pooled,17386,16714,G2,False,2.5008833759929985,2.4713240000003225,0.41000462498050183,0.40687500000012733,784089088
fold_4,evaluation,2025-05-23,L-R,night,5786,5562,G1,False,1.5148444149526767,1.497047000000066,0.08063375001074746,0.08016500000007909,772063232
fold_4,evaluation,2025-05-23,L-R,shoulder,6525,6273,G2,False,1.7134022509562783,1.628875999999991,0.24986883299425244,0.2482350000000224,772063232
fold_4,evaluation,2025-05-23,L-R,solar,5075,4879,G1,False,1.4249726249254309,1.4050139999999374,0.07622175000142306,0.07570499999997082,772063232
fold_4,evaluation,2025-05-23,L-N,night,5786,5562,G1,False,1.4109529579873197,1.3923829999998816,0.07772750000003725,0.07710900000006404,784089088
fold_4,evaluation,2025-05-23,L-N,shoulder,6525,6273,G3,False,1.5658211669651791,1.481939999999895,0.4701993750059046,0.4655239999999594,784089088
fold_4,evaluation,2025-05-23,L-N,solar,5075,4879,G1,False,1.361898084054701,1.3463290000001962,0.07040770904859528,0.07006599999999708,784089088
fold_4,evaluation,2025-05-24,L-P,pooled,17386,16714,G3,False,2.5271202080184594,2.4364830000001803,0.7495569169986993,0.7450510000001032,801112064
fold_4,evaluation,2025-05-24,L-R,night,5786,5562,G2,False,1.5621112500084564,1.4805680000001757,0.22275320801418275,0.221416999999974,774553600
fold_4,evaluation,2025-05-24,L-R,shoulder,6525,6273,G4,False,1.6283598749432713,1.6135520000002543,0.7845941669656895,0.7793320000000676,774553600
fold_4,evaluation,2025-05-24,L-R,solar,5075,4879,G3,False,1.4271240420057438,1.4094830000001366,0.42496212502010167,0.42232899999999063,774553600
fold_4,evaluation,2025-05-24,L-N,night,5786,5562,G1,False,1.4022964169853367,1.388241999999991,0.0742339999997057,0.0737859999999273,772063232
fold_4,evaluation,2025-05-24,L-N,shoulder,6525,6273,G2,False,1.4831142910406925,1.4703490000001693,0.2522828340297565,0.24897399999986192,772063232
fold_4,evaluation,2025-05-24,L-N,solar,5075,4879,G2,False,1.3649292079498991,1.3526460000000498,0.20563275000313297,0.20307900000011614,772063232
fold_4,evaluation,2025-05-25,L-P,pooled,17386,16714,G4,False,2.4698844180093147,2.4441830000002938,1.125700542004779,1.117674000000079,801112064
fold_4,evaluation,2025-05-25,L-R,night,5786,5562,G3,False,1.4750509580480866,1.462304000000131,0.470168208994437,0.4642749999998159,784089088
fold_4,evaluation,2025-05-25,L-R,shoulder,6525,6273,G3,False,1.6280052920337766,1.6143309999997655,0.516386249975767,0.510082999999895,784089088
fold_4,evaluation,2025-05-25,L-R,solar,5075,4879,G3,False,1.3715343739604577,1.360629000000472,0.5032512079924345,0.49268599999982143,784089088
fold_4,evaluation,2025-05-25,L-N,night,5786,5562,G1,False,1.4238117930362932,1.4065750000002026,0.07411820796551183,0.07361400000013418,774553600
fold_4,evaluation,2025-05-25,L-N,shoulder,6525,6273,G2,False,1.5717295840149745,1.5019239999996898,0.2299411669955589,0.22857199999998556,774553600
fold_4,evaluation,2025-05-25,L-N,solar,5075,4879,G3,False,1.3983536249725148,1.3807940000001508,0.4045429159887135,0.4017599999999675,774553600
fold_4,evaluation,2025-05-26,L-P,pooled,17386,16714,G3,False,2.5277763750054874,2.4912819999999556,0.7485255000065081,0.7435899999998128,801112064
fold_4,evaluation,2025-05-26,L-R,night,5786,5562,G3,False,1.461219543009065,1.449418999999807,0.48430033400654793,0.476430000000164,772063232
fold_4,evaluation,2025-05-26,L-R,shoulder,6525,6273,G4,False,1.5982109579490498,1.5822930000001634,0.8118664579815231,0.8036849999998594,772063232
fold_4,evaluation,2025-05-26,L-R,solar,5075,4879,G1,False,1.4568469999358058,1.3866609999997763,0.08951750001870096,0.08732599999984814,772063232
fold_4,evaluation,2025-05-26,L-N,night,5786,5562,G1,False,1.4560289170476608,1.3844910000000255,0.08113512495765463,0.080112999999983,784089088
fold_4,evaluation,2025-05-26,L-N,shoulder,6525,6273,G4,False,1.5063341250061058,1.4916909999999461,0.7992044999846257,0.787806000000046,784089088
fold_4,evaluation,2025-05-26,L-N,solar,5075,4879,G1,False,1.3298835409805179,1.3215800000002673,0.0745135000324808,0.0737659999999778,784089088
fold_4,evaluation,2025-05-27,L-P,pooled,17386,16714,G3,False,2.5306651249411516,2.444060000000036,0.8087388750282116,0.7968860000000859,801112064
fold_4,evaluation,2025-05-27,L-R,night,5786,5562,G2,False,1.4920262490632012,1.4767409999999472,0.22572124999715015,0.2224700000001576,774553600
fold_4,evaluation,2025-05-27,L-R,shoulder,6525,6273,G3,False,1.6472377909231,1.6293100000000322,0.49053325003478676,0.481134000000111,774553600
fold_4,evaluation,2025-05-27,L-R,solar,5075,4879,G3,False,1.4269140829565004,1.4094789999999193,0.43026674998691306,0.42738200000007964,774553600
fold_4,evaluation,2025-05-27,L-N,night,5786,5562,G1,False,1.3861928319674917,1.3711430000000746,0.08951158297713846,0.08718499999986307,801112064
fold_4,evaluation,2025-05-27,L-N,shoulder,6525,6273,G3,False,1.462544250942301,1.4519759999998314,0.4682023339555599,0.46388999999999214,801112064
fold_4,evaluation,2025-05-27,L-N,solar,5075,4879,G4,False,1.3378164589521475,1.3281509999999344,0.741120291990228,0.7264279999999417,801112064
fold_4,evaluation,2025-05-28,L-P,pooled,17386,16714,G4,False,2.4404927079449408,2.4181609999996,1.219085749995429,1.1970220000000609,772063232
fold_4,evaluation,2025-05-28,L-R,night,5786,5562,G2,False,1.4449286249582656,1.4332859999997254,0.2718300420092419,0.2659320000000207,784089088
fold_4,evaluation,2025-05-28,L-R,shoulder,6525,6273,G4,False,1.6273817070177756,1.6109429999999065,0.9093356660450809,0.8429059999998572,784089088
fold_4,evaluation,2025-05-28,L-R,solar,5075,4879,G1,False,1.3631311670760624,1.354160999999749,0.07776916597504169,0.07682399999998779,784089088
fold_4,evaluation,2025-05-28,L-N,night,5786,5562,G3,False,1.3820690410211682,1.3661560000002737,0.4201787909842096,0.4175869999999122,772063232
fold_4,evaluation,2025-05-28,L-N,shoulder,6525,6273,G4,False,1.4909474999876693,1.4779579999999441,0.7503485839697532,0.742294000000129,772063232
fold_4,evaluation,2025-05-28,L-N,solar,5075,4879,G1,False,1.460006707930006,1.3884140000000116,0.07146499998634681,0.07097599999997328,772063232
fold_4,evaluation,2025-05-29,L-P,pooled,17386,16714,G3,False,2.5094498739927076,2.433046000000104,0.772831792011857,0.765536000000111,774553600
fold_4,evaluation,2025-05-29,L-R,night,5786,5562,G4,False,1.5737151670618914,1.497838000000229,0.7370831249863841,0.7299199999999928,801112064
fold_4,evaluation,2025-05-29,L-R,shoulder,6525,6273,G3,False,1.6427269150153734,1.627950999999939,0.506388167035766,0.5010360000001128,801112064
fold_4,evaluation,2025-05-29,L-R,solar,5075,4879,G1,False,1.396186415979173,1.385014000000183,0.07577083300566301,0.07515300000000025,801112064
fold_4,evaluation,2025-05-29,L-N,night,5786,5562,G3,False,1.3758973329677247,1.3645140000000993,0.43664608302060515,0.4317479999999705,784089088
fold_4,evaluation,2025-05-29,L-N,shoulder,6525,6273,G4,False,1.506875001010485,1.4926089999999022,0.7252710000029765,0.7201139999999668,784089088
fold_4,evaluation,2025-05-29,L-N,solar,5075,4879,G4,False,1.338836542039644,1.3248459999999795,0.6703767919680104,0.663964999999962,784089088
fold_4,evaluation,2025-05-30,L-P,pooled,17386,16714,G4,False,2.420789748954121,2.396676999999954,1.1650531670311466,1.153440000000046,774553600
fold_4,evaluation,2025-05-30,L-R,night,5786,5562,G1,False,1.4953960829880089,1.480089000000362,0.08199999999487773,0.08146499999998014,772063232
fold_4,evaluation,2025-05-30,L-R,shoulder,6525,6273,G4,False,1.6238536239834502,1.6082710000000588,0.8179250829853117,0.8089800000000196,772063232
fold_4,evaluation,2025-05-30,L-R,solar,5075,4879,G3,False,1.3931343330768868,1.380319000000327,0.44919454195769504,0.4443229999999403,772063232
fold_4,evaluation,2025-05-30,L-N,night,5786,5562,G1,False,1.3853779989876784,1.372117000000344,0.07723954098764807,0.07676300000002811,774553600
fold_4,evaluation,2025-05-30,L-N,shoulder,6525,6273,G4,False,1.5116651670541614,1.491588999999749,0.8148304169881158,0.747380000000021,774553600
fold_4,evaluation,2025-05-30,L-N,solar,5075,4879,G3,False,1.3346008760272525,1.3240820000000895,0.4546675420133397,0.4472679999998945,774553600
fold_4,evaluation,2025-05-31,L-P,pooled,17386,16714,G1,False,2.4281132500618696,2.404078000000027,0.16184233303647488,0.16107099999999264,801112064
fold_4,evaluation,2025-05-31,L-R,night,5786,5562,G2,False,1.4735356660676189,1.4585840000002008,0.24516762502025813,0.23991099999989274,784089088
fold_4,evaluation,2025-05-31,L-R,shoulder,6525,6273,G2,False,1.6232783750165254,1.6083479999999781,0.24854641599813476,0.24691099999995458,784089088
fold_4,evaluation,2025-05-31,L-R,solar,5075,4879,G1,False,1.5037562500219792,1.4235889999997653,0.0747934160172008,0.07438200000001416,784089088
fold_4,evaluation,2025-05-31,L-N,night,5786,5562,G1,False,1.433328499959316,1.4148319999997057,0.1070502910297364,0.10291099999994913,801112064
fold_4,evaluation,2025-05-31,L-N,shoulder,6525,6273,G1,False,1.494221126078628,1.4795750000002954,0.08487262501148507,0.08435899999994945,801112064
fold_4,evaluation,2025-05-31,L-N,solar,5075,4879,G2,False,1.3917092909687199,1.3196199999997589,0.20207941700937226,0.20080000000007203,801112064
fold_4,evaluation,2025-06-01,L-P,pooled,17386,16714,G1,False,2.50161162490258,2.4153050000002168,0.18843475001631305,0.18480899999985922,772063232
fold_4,evaluation,2025-06-01,L-R,night,5786,5562,G2,False,1.4774591670138761,1.4620019999997567,0.22536595800193027,0.22370599999999286,774553600
fold_4,evaluation,2025-06-01,L-R,shoulder,6525,6273,G4,False,1.584291209001094,1.5731579999999212,0.8079194580204785,0.7998829999999089,774553600
fold_4,evaluation,2025-06-01,L-R,solar,5075,4879,G1,False,1.415683250001166,1.399630999999772,0.07551270799012855,0.07500300000015159,774553600
fold_4,evaluation,2025-06-01,L-N,night,5786,5562,G1,False,1.3998360429541208,1.3800320000000283,0.07538341701729223,0.07469700000001467,772063232
fold_4,evaluation,2025-06-01,L-N,shoulder,6525,6273,G2,False,1.501411332981661,1.4877070000000003,0.22776066698133945,0.22639800000001742,772063232
fold_4,evaluation,2025-06-01,L-N,solar,5075,4879,G2,False,1.344214082986582,1.331454999999778,0.2072152909822762,0.20508700000004865,772063232
fold_4,evaluation,2025-06-02,L-P,pooled,17386,16714,G4,False,2.436628876021132,2.414886999999908,1.1789407499600202,1.1645630000000438,784089088
fold_4,evaluation,2025-06-02,L-R,night,5786,5562,G1,False,1.490149916964583,1.474974000000202,0.08153133396990597,0.0808830000000853,801112064
fold_4,evaluation,2025-06-02,L-R,shoulder,6525,6273,G4,False,1.762767625041306,1.6824670000000879,0.7868954580044374,0.7817639999998391,801112064
fold_4,evaluation,2025-06-02,L-R,solar,5075,4879,G1,False,1.4356808320153505,1.421415999999681,0.07645633397623897,0.07605599999988044,801112064
fold_4,evaluation,2025-06-02,L-N,night,5786,5562,G2,False,1.5349130000104196,1.455169000000069,0.2116615839768201,0.21028200000000652,784089088
fold_4,evaluation,2025-06-02,L-N,shoulder,6525,6273,G4,False,1.465169958944898,1.4538709999999355,0.7749449170078151,0.7633299999999963,784089088
fold_4,evaluation,2025-06-02,L-N,solar,5075,4879,G1,False,1.3242530000279658,1.3112860000001092,0.07526241702726111,0.07449899999983245,784089088
fold_4,evaluation,2025-06-03,L-P,pooled,17386,16714,G3,False,2.5802967090858147,2.4928310000000238,0.773874833015725,0.765327999999954,774553600
fold_4,evaluation,2025-06-03,L-R,night,5786,5562,G4,False,1.644238665990997,1.5591709999998784,0.725441791000776,0.7198080000000573,772063232
fold_4,evaluation,2025-06-03,L-R,shoulder,6525,6273,G4,False,1.64359458303079,1.6273819999998977,0.8204667500103824,0.8109170000000177,772063232
fold_4,evaluation,2025-06-03,L-R,solar,5075,4879,G1,False,1.4004898330313154,1.3859169999998358,0.07571637502405792,0.07521399999995992,772063232
fold_4,evaluation,2025-06-03,L-N,night,5786,5562,G1,False,1.3868069989839569,1.3726200000000972,0.07442804198944941,0.07377700000006371,801112064
fold_4,evaluation,2025-06-03,L-N,shoulder,6525,6273,G2,False,1.4799175410880707,1.470166000000063,0.27098737499909475,0.26496000000020103,801112064
fold_4,evaluation,2025-06-03,L-N,solar,5075,4879,G1,False,1.3254473329288885,1.314251000000013,0.09290541696827859,0.09052999999994427,801112064
fold_4,evaluation,2025-06-04,L-P,pooled,17386,16714,G3,False,2.4390954580157995,2.413537000000133,0.7542972500086762,0.7493620000000192,774553600
fold_4,evaluation,2025-06-04,L-R,night,5786,5562,G4,False,1.4874533340334892,1.47342800000024,0.7190917499829084,0.7140920000001643,784089088
fold_4,evaluation,2025-06-04,L-R,shoulder,6525,6273,G4,False,1.6586131239891984,1.6356430000000728,0.7814806249807589,0.7767020000001139,784089088
fold_4,evaluation,2025-06-04,L-R,solar,5075,4879,G1,False,1.5207621260196902,1.4420020000002296,0.07506170804845169,0.07448900000008507,784089088
fold_4,evaluation,2025-06-04,L-N,night,5786,5562,G2,False,1.4025390830356628,1.3850619999998344,0.21130479197017848,0.21006899999997586,774553600
fold_4,evaluation,2025-06-04,L-N,shoulder,6525,6273,G4,False,1.520399333909154,1.5035030000003644,0.7256302090245299,0.7205260000000635,774553600
fold_4,evaluation,2025-06-04,L-N,solar,5075,4879,G1,False,1.4331318760523573,1.3536209999999755,0.07188341597793624,0.07136500000001433,774553600
fold_4,evaluation,2025-06-05,L-P,pooled,17386,16714,G3,False,2.5472392509691417,2.4567120000001523,0.746092708024662,0.7406610000000455,772063232
fold_4,evaluation,2025-06-05,L-R,night,5786,5562,G4,False,1.450489417067729,1.440049000000272,0.8602840419625863,0.7800170000000435,801112064
fold_4,evaluation,2025-06-05,L-R,shoulder,6525,6273,G3,False,1.6964241659734398,1.6715719999999692,0.48477966600330546,0.48152699999991455,801112064
fold_4,evaluation,2025-06-05,L-R,solar,5075,4879,G3,False,1.4191059159929864,1.402419000000009,0.4281477499753237,0.4252599999999802,801112064
fold_4,evaluation,2025-06-05,L-N,night,5786,5562,G4,False,1.417619832966011,1.3978510000001734,0.6783719999948516,0.6736049999999523,772063232
fold_4,evaluation,2025-06-05,L-N,shoulder,6525,6273,G3,False,1.5199805430020206,1.5064619999998285,0.44731016701553017,0.44435999999996056,772063232
fold_4,evaluation,2025-06-05,L-N,solar,5075,4879,G1,False,1.422270831943024,1.400459999999839,0.07072412502020597,0.07037999999988642,772063232
fold_4,evaluation,2025-06-06,L-P,pooled,17386,16714,G3,False,2.543124001007527,2.505904999999757,0.7831757080275565,0.7731559999999718,784089088
fold_4,evaluation,2025-06-06,L-R,night,5786,5562,G4,False,1.5439170000026934,1.518827999999985,0.74548500002129,0.7382480000001124,774553600
fold_4,evaluation,2025-06-06,L-R,shoulder,6525,6273,G4,False,1.6258872909820639,1.6114790000001449,0.9030090420274064,0.8351440000001276,774553600
fold_4,evaluation,2025-06-06,L-R,solar,5075,4879,G3,False,1.4011481249472126,1.3869320000003427,0.486471000011079,0.47630900000012844,774553600
fold_4,evaluation,2025-06-06,L-N,night,5786,5562,G3,False,1.4194570000399835,1.4042599999997947,0.4145177500322461,0.4116070000000036,801112064
fold_4,evaluation,2025-06-06,L-N,shoulder,6525,6273,G4,False,1.6010792910237797,1.5753789999998844,0.8365596670191735,0.7655810000001111,801112064
fold_4,evaluation,2025-06-06,L-N,solar,5075,4879,G3,False,1.3649746669107117,1.3495570000000043,0.40607908298261464,0.4038339999999607,801112064
fold_4,evaluation,2025-06-07,L-P,pooled,17386,16714,G4,False,2.450002334022429,2.4244830000002366,1.213824915990699,1.1958589999999276,784089088
fold_4,evaluation,2025-06-07,L-R,night,5786,5562,G2,False,1.4999455409124494,1.4856130000000576,0.2606962500140071,0.25454100000001745,772063232
fold_4,evaluation,2025-06-07,L-R,shoulder,6525,6273,G4,False,1.6653998319525272,1.6433059999997113,0.8282245000009425,0.8159599999999045,772063232
fold_4,evaluation,2025-06-07,L-R,solar,5075,4879,G3,False,1.5415352080017328,1.467015000000174,0.47983575001126155,0.46838000000002467,772063232
fold_4,evaluation,2025-06-07,L-N,night,5786,5562,G1,False,1.5434978751000017,1.455103999999892,0.07457383297150955,0.07421999999996842,784089088
fold_4,evaluation,2025-06-07,L-N,shoulder,6525,6273,G3,False,1.4843465409940109,1.472816000000421,0.5078549170284532,0.4975179999999,784089088
fold_4,evaluation,2025-06-07,L-N,solar,5075,4879,G1,False,1.309370125993155,1.3002599999999802,0.07844645902514458,0.07730900000001384,784089088
fold_4,evaluation,2025-06-08,L-P,pooled,17386,16714,G2,False,2.4981074580573477,2.4650480000000243,0.4438207909697667,0.4369739999999638,774553600
fold_4,evaluation,2025-06-08,L-R,night,5786,5562,G1,False,1.5160770399379544,1.4934339999999793,0.08034112502355129,0.07981199999994715,801112064
fold_4,evaluation,2025-06-08,L-R,shoulder,6525,6273,G4,False,1.7073231649119407,1.6766119999999773,0.7959538750001229,0.7876290000001518,801112064
fold_4,evaluation,2025-06-08,L-R,solar,5075,4879,G3,False,1.4310929161147214,1.413463999999749,0.4280488329823129,0.42523599999981343,801112064
fold_4,evaluation,2025-06-08,L-N,night,5786,5562,G1,False,1.3728952929959632,1.3607200000001285,0.07436654198681936,0.07402100000012979,774553600
fold_4,evaluation,2025-06-08,L-N,shoulder,6525,6273,G2,False,1.495685499976389,1.4824130000001787,0.22766066703479737,0.2263629999999921,774553600
fold_4,evaluation,2025-06-08,L-N,solar,5075,4879,G3,False,1.4354733329382725,1.4128050000001622,0.4066751670325175,0.40420399999993606,774553600
fold_4,evaluation,2025-06-09,L-P,pooled,17386,16714,G2,False,2.484650792030152,2.454295000000002,0.410345165990293,0.4076159999999618,772063232
fold_4,evaluation,2025-06-09,L-R,night,5786,5562,G1,False,1.4863637919770554,1.4650440000000344,0.08422841603169218,0.08344699999997829,784089088
fold_4,evaluation,2025-06-09,L-R,shoulder,6525,6273,G4,False,1.6833540830411948,1.6127919999998994,0.852026374952402,0.8373839999999291,784089088
fold_4,evaluation,2025-06-09,L-R,solar,5075,4879,G1,False,1.3955178759642877,1.3834790000000794,0.07544608402531594,0.07501099999990402,784089088
fold_4,evaluation,2025-06-09,L-N,night,5786,5562,G1,False,1.3741855840780772,1.3634250000000065,0.07819166604895145,0.07770200000004479,772063232
fold_4,evaluation,2025-06-09,L-N,shoulder,6525,6273,G3,False,1.618222500081174,1.5399079999999685,0.5021564170019701,0.4926829999999427,772063232
fold_4,evaluation,2025-06-09,L-N,solar,5075,4879,G1,False,1.34647908504121,1.3339820000005602,0.07113508397014812,0.07074699999998302,772063232
fold_4,evaluation,2025-06-10,L-P,pooled,17386,16714,G4,False,2.4484048759914003,2.425613000000112,1.1977534589823335,1.1375779999998485,801112064
fold_4,evaluation,2025-06-10,L-R,night,5786,5562,G4,False,1.4910849179141223,1.4754170000001068,0.7509637079783715,0.742270999999846,774553600
fold_4,evaluation,2025-06-10,L-R,shoulder,6525,6273,G4,False,1.735875376034528,1.7108530000000428,0.8261003330117092,0.8144560000000638,774553600
fold_4,evaluation,2025-06-10,L-R,solar,5075,4879,G1,False,1.5020808319677599,1.4748839999997472,0.07500116596929729,0.07459300000004987,774553600
fold_4,evaluation,2025-06-10,L-N,night,5786,5562,G3,False,1.4833697080612183,1.4589699999999084,0.4269357500015758,0.4232520000000477,801112064
fold_4,evaluation,2025-06-10,L-N,shoulder,6525,6273,G4,False,1.5040137100149877,1.4877299999996012,0.7755605839774944,0.7638570000001437,801112064
fold_4,evaluation,2025-06-10,L-N,solar,5075,4879,G1,False,1.4408092909143306,1.4177439999996295,0.07134150003548712,0.07088500000008935,801112064
fold_4,evaluation,2025-06-11,L-P,pooled,17386,16714,G4,False,2.616582040907815,2.5747889999997824,1.176679249969311,1.164541999999983,784089088
fold_4,evaluation,2025-06-11,L-R,night,5786,5562,G1,False,1.5571097509819083,1.5366089999999986,0.09412462497130036,0.0905009999999038,772063232
fold_4,evaluation,2025-06-11,L-R,shoulder,6525,6273,G3,False,1.6278018740122207,1.6130639999998948,0.4872128330171108,0.4842060000000856,772063232
fold_4,evaluation,2025-06-11,L-R,solar,5075,4879,G1,False,1.4384463339229114,1.4239060000002155,0.07699583302019164,0.07650300000000243,772063232
fold_4,evaluation,2025-06-11,L-N,night,5786,5562,G2,False,1.3530045410152525,1.3437110000002122,0.23618683399399742,0.23119599999995444,784089088
fold_4,evaluation,2025-06-11,L-N,shoulder,6525,6273,G3,False,1.593970167916268,1.516691000000037,0.4649189589545131,0.4610339999999269,784089088
fold_4,evaluation,2025-06-11,L-N,solar,5075,4879,G1,False,1.3641146669979207,1.3457539999997152,0.0705447499640286,0.07003499999996166,784089088
fold_4,evaluation,2025-06-12,L-P,pooled,17386,16714,G3,False,2.4621369999367744,2.437583000000359,0.7673309170058928,0.7589309999998477,774553600
fold_4,evaluation,2025-06-12,L-R,night,5786,5562,G1,False,1.4891914570471272,1.474558999999772,0.09930891694966704,0.09606400000006943,801112064
fold_4,evaluation,2025-06-12,L-R,shoulder,6525,6273,G4,False,1.7506276259664446,1.710544999999911,0.8460839170147665,0.8315229999998337,801112064
fold_4,evaluation,2025-06-12,L-R,solar,5075,4879,G1,False,1.5021247910917737,1.4256269999998494,0.07555233401944861,0.07513200000016695,801112064
fold_4,evaluation,2025-06-12,L-N,night,5786,5562,G2,False,1.441505791968666,1.422584999999799,0.21039941703202203,0.20895800000016607,772063232
fold_4,evaluation,2025-06-12,L-N,shoulder,6525,6273,G2,False,1.543271622969769,1.5208899999997811,0.25179862504592165,0.24723199999993994,772063232
fold_4,evaluation,2025-06-12,L-N,solar,5075,4879,G1,False,1.4014411669922993,1.3303990000001704,0.09387870802311227,0.08978000000001884,772063232
fold_4,evaluation,2025-06-13,L-P,pooled,17386,16714,G3,False,2.579210916068405,2.4860530000000836,0.804178457998205,0.7933420000001661,774553600
fold_4,evaluation,2025-06-13,L-R,night,5786,5562,G2,False,1.5811558749410324,1.5473919999999453,0.22397537500364706,0.22276599999986502,784089088
fold_4,evaluation,2025-06-13,L-R,shoulder,6525,6273,G3,False,1.6777993320138194,1.6592719999998735,0.4896131670102477,0.48580599999991136,784089088
fold_4,evaluation,2025-06-13,L-R,solar,5075,4879,G1,False,1.4364442499936558,1.4211749999999483,0.07550974999321625,0.07508600000005572,784089088
fold_4,evaluation,2025-06-13,L-N,night,5786,5562,G4,False,1.4079813749413006,1.3933099999999286,0.6757198749692179,0.6714190000000144,774553600
fold_4,evaluation,2025-06-13,L-N,shoulder,6525,6273,G4,False,1.5091672079870477,1.4919829999996637,0.7202174169942737,0.7151049999999941,774553600
fold_4,evaluation,2025-06-13,L-N,solar,5075,4879,G1,False,1.377570582961198,1.361238000000185,0.07044600002700463,0.0700930000000426,774553600
fold_4,evaluation,2025-06-14,L-P,pooled,17386,16714,G4,False,2.4758669169968925,2.4477969999998095,1.159755083033815,1.146302999999989,772063232
fold_4,evaluation,2025-06-14,L-R,night,5786,5562,G4,False,1.4564096669782884,1.4465190000000803,0.759240708022844,0.7498370000000705,801112064
fold_4,evaluation,2025-06-14,L-R,shoulder,6525,6273,G4,False,1.6459421250619926,1.6291129999999612,0.850319666962605,0.7883620000000064,801112064
fold_4,evaluation,2025-06-14,L-R,solar,5075,4879,G1,False,1.456644750025589,1.437188999999762,0.07650250004371628,0.07586299999979929,801112064
fold_4,evaluation,2025-06-14,L-N,night,5786,5562,G1,False,1.4150527089950629,1.3943679999999858,0.07696066697826609,0.07643299999995179,784089088
fold_4,evaluation,2025-06-14,L-N,shoulder,6525,6273,G4,False,1.5656868739170022,1.5417780000004768,0.7286726669990458,0.7237390000000232,784089088
fold_4,evaluation,2025-06-14,L-N,solar,5075,4879,G1,False,1.3745509169530123,1.3573409999999058,0.1361598750227131,0.0763120000001436,784089088
fold_4,evaluation,2025-06-15,L-P,pooled,17386,16714,G3,False,2.498637127049733,2.4707439999997405,0.8227171250036918,0.7575550000001385,772063232
fold_4,evaluation,2025-06-15,L-R,night,5786,5562,G1,False,1.5494561679661274,1.4821249999999964,0.07960420800372958,0.07920199999989563,774553600
fold_4,evaluation,2025-06-15,L-R,shoulder,6525,6273,G3,False,1.6349231660133228,1.6200790000002598,0.4822512089740485,0.47921899999983,774553600
fold_4,evaluation,2025-06-15,L-R,solar,5075,4879,G1,False,1.4869976239278913,1.462338999999929,0.07620158302597702,0.07571800000005169,774553600
fold_4,evaluation,2025-06-15,L-N,night,5786,5562,G1,False,1.445125208934769,1.4244999999998527,0.07418841699836776,0.07368399999995745,801112064
fold_4,evaluation,2025-06-15,L-N,shoulder,6525,6273,G4,False,1.4910000830423087,1.4755319999999301,0.7570889999624342,0.7482609999999568,801112064
fold_4,evaluation,2025-06-15,L-N,solar,5075,4879,G1,False,1.3586615400272422,1.3457989999999427,0.0707717920304276,0.07030699999995704,801112064
fold_4,evaluation,2025-06-16,L-P,pooled,17386,16714,G4,False,2.4800897070090286,2.452105000000074,1.1273117499658838,1.1191479999999956,772063232
fold_4,evaluation,2025-06-16,L-R,night,5786,5562,G3,False,1.4809971679351293,1.4676630000001296,0.44325095805106685,0.4403669999999238,784089088
fold_4,evaluation,2025-06-16,L-R,shoulder,6525,6273,G4,False,1.623367458989378,1.6091189999999642,0.8290475829853676,0.8192959999998948,784089088
fold_4,evaluation,2025-06-16,L-R,solar,5075,4879,G3,False,1.4436842509894632,1.4250359999998636,0.42389879195252433,0.42089000000009946,784089088
fold_4,evaluation,2025-06-16,L-N,night,5786,5562,G1,False,1.3971571659785695,1.3826729999998406,0.08016049995785579,0.07913600000006227,772063232
fold_4,evaluation,2025-06-16,L-N,shoulder,6525,6273,G4,False,1.5068622500402853,1.491533999999774,0.7562642089906149,0.7467440000000352,772063232
fold_4,evaluation,2025-06-16,L-N,solar,5075,4879,G1,False,1.3513879580423236,1.3393020000000888,0.07123304100241512,0.0707950000000892,772063232
fold_4,evaluation,2025-06-17,L-P,pooled,17386,16714,G4,False,2.491190375003498,2.4597810000002482,1.122729457973037,1.1141489999999976,774553600
fold_4,evaluation,2025-06-17,L-R,night,5786,5562,G1,False,1.495192333997693,1.4815679999999247,0.08043362502939999,0.07997299999988172,801112064
fold_4,evaluation,2025-06-17,L-R,shoulder,6525,6273,G4,False,1.7668445850140415,1.6885140000001684,0.8063237089663744,0.7999629999999343,801112064
fold_4,evaluation,2025-06-17,L-R,solar,5075,4879,G2,False,1.4348210830357857,1.4208500000002005,0.21381895802915096,0.21268899999995483,801112064
fold_4,evaluation,2025-06-17,L-N,night,5786,5562,G3,False,1.498620500031393,1.422566000000188,0.41860579198691994,0.4156420000001617,774553600
fold_4,evaluation,2025-06-17,L-N,shoulder,6525,6273,G4,False,1.4806534589733928,1.4677699999999732,0.7362228749552742,0.7291069999998854,774553600
fold_4,evaluation,2025-06-17,L-N,solar,5075,4879,G1,False,1.3868084999849088,1.3689140000005864,0.07158070796867833,0.07102000000008957,774553600
fold_4,evaluation,2025-06-18,L-P,pooled,17386,16714,G4,False,2.5030705819954164,2.470487999999932,1.1442437910009176,1.1325140000001284,784089088
fold_4,evaluation,2025-06-18,L-R,night,5786,5562,G1,False,1.526361418014858,1.496954000000187,0.0901514160213992,0.08893399999988105,772063232
fold_4,evaluation,2025-06-18,L-R,shoulder,6525,6273,G3,False,1.6512759170145728,1.6318920000001071,0.4990511249634437,0.4953370000000632,772063232
fold_4,evaluation,2025-06-18,L-R,solar,5075,4879,G3,False,1.3985871670302004,1.387300000000323,0.42504316702252254,0.4225659999999607,772063232
fold_4,evaluation,2025-06-18,L-N,night,5786,5562,G1,False,1.3835703329532407,1.3702550000002702,0.07826841698260978,0.07740699999999379,801112064
fold_4,evaluation,2025-06-18,L-N,shoulder,6525,6273,G4,False,1.4763351650326513,1.4637119999999868,0.7726805839920416,0.7611190000000079,801112064
fold_4,evaluation,2025-06-18,L-N,solar,5075,4879,G1,False,1.3870588749996386,1.3712110000003577,0.07102366699837148,0.07055000000013933,801112064
fold_4,evaluation,2025-06-19,L-P,pooled,17386,16714,G4,False,2.4503076660330407,2.424467000000277,1.1500580830033869,1.1377090000000862,784089088
fold_4,evaluation,2025-06-19,L-R,night,5786,5562,G1,False,1.4953528749756515,1.4804769999993823,0.08247516700066626,0.08193499999993037,774553600
fold_4,evaluation,2025-06-19,L-R,shoulder,6525,6273,G2,False,1.6445502509595826,1.6275720000003275,0.2501247499603778,0.2485159999998814,774553600
fold_4,evaluation,2025-06-19,L-R,solar,5075,4879,G4,False,1.4349674170371145,1.4162619999999606,0.6779295420274138,0.6733140000001185,774553600
fold_4,evaluation,2025-06-19,L-N,night,5786,5562,G1,False,1.405425958975684,1.3884559999999055,0.07477116701193154,0.07425899999998364,772063232
fold_4,evaluation,2025-06-19,L-N,shoulder,6525,6273,G2,False,1.5131321249646135,1.4977559999999812,0.255954957974609,0.251316000000088,772063232
fold_4,evaluation,2025-06-19,L-N,solar,5075,4879,G1,False,1.3689707919838838,1.3549139999995532,0.07224133296404034,0.07181200000013632,772063232
fold_4,evaluation,2025-06-20,L-P,pooled,17386,16714,G4,False,2.464602416031994,2.4406360000000404,1.1548799159936607,1.1442010000000664,784089088
fold_4,evaluation,2025-06-20,L-R,night,5786,5562,G1,False,1.4835297919926234,1.47084800000016,0.08047699998132885,0.08012600000006387,801112064
fold_4,evaluation,2025-06-20,L-R,shoulder,6525,6273,G4,False,1.6758254580199718,1.6546720000001187,0.8095597909996286,0.801593000000139,801112064
fold_4,evaluation,2025-06-20,L-R,solar,5075,4879,G4,False,1.47731200105045,1.4570699999999306,0.7100454579922371,0.7019250000000739,801112064
fold_4,evaluation,2025-06-20,L-N,night,5786,5562,G1,False,1.5033517070114613,1.4176599999998416,0.07442887499928474,0.07401800000002368,774553600
fold_4,evaluation,2025-06-20,L-N,shoulder,6525,6273,G4,False,1.5205302080139518,1.503615000000309,0.7454063330078498,0.7376799999999548,774553600
fold_4,evaluation,2025-06-20,L-N,solar,5075,4879,G1,False,1.4073483339161612,1.3867530000002262,0.07206554198637605,0.07163500000001477,774553600
fold_4,evaluation,2025-06-21,L-P,pooled,17386,16714,G4,False,2.5933749160030857,2.4923449999998866,1.1848753329832107,1.1698209999999563,784089088
fold_4,evaluation,2025-06-21,L-R,night,5786,5562,G1,False,1.5565662080189213,1.4816679999998996,0.08721870800945908,0.08547900000007758,772063232
fold_4,evaluation,2025-06-21,L-R,shoulder,6525,6273,G4,False,1.6332589569501579,1.616961999999603,0.8292023329995573,0.8201350000001639,772063232
fold_4,evaluation,2025-06-21,L-R,solar,5075,4879,G3,False,1.4810088759986684,1.4593050000000858,0.47861504094908014,0.47039700000004814,772063232
fold_4,evaluation,2025-06-21,L-N,night,5786,5562,G1,False,1.4252408749889582,1.4071449999999004,0.07503529102541506,0.07464600000002974,801112064
fold_4,evaluation,2025-06-21,L-N,shoulder,6525,6273,G4,False,1.5403517910744995,1.522061999999778,0.735103374987375,0.7291839999998047,801112064
fold_4,evaluation,2025-06-21,L-N,solar,5075,4879,G1,False,1.3694757090415806,1.3546789999998055,0.0715791669790633,0.07114499999988766,801112064
fold_4,evaluation,2025-06-22,L-P,pooled,17386,16714,G4,False,2.471260081976652,2.4470870000000104,1.1944607080076821,1.1759900000001835,784089088
fold_4,evaluation,2025-06-22,L-R,night,5786,5562,G1,False,1.5403809589915909,1.5189089999998941,0.09292229200946167,0.091274999999996,774553600
fold_4,evaluation,2025-06-22,L-R,shoulder,6525,6273,G4,False,1.7447802500100806,1.663544000000229,0.8251393749960698,0.8136930000000575,774553600
fold_4,evaluation,2025-06-22,L-R,solar,5075,4879,G4,False,1.4260524159763008,1.409846000000016,0.7335225419956259,0.7220340000001215,774553600
fold_4,evaluation,2025-06-22,L-N,night,5786,5562,G1,False,1.4340222920291126,1.4089980000001106,0.07554145896574482,0.07495300000005045,772063232
fold_4,evaluation,2025-06-22,L-N,shoulder,6525,6273,G2,False,1.4809147510677576,1.4691159999999854,0.25969095900654793,0.2542630000000372,772063232
fold_4,evaluation,2025-06-22,L-N,solar,5075,4879,G1,False,1.4457570000668056,1.375278000000435,0.08380412502447143,0.08206999999993059,772063232
fold_4,evaluation,2025-06-23,L-P,pooled,17386,16714,G3,False,2.5826925419969484,2.4880169999999,0.7678846250055358,0.7607129999998961,784089088
fold_4,evaluation,2025-06-23,L-R,night,5786,5562,G1,False,1.5529364999965765,1.5197559999999157,0.0870677080238238,0.08638599999994767,801112064
fold_4,evaluation,2025-06-23,L-R,shoulder,6525,6273,G3,False,1.6800512499758042,1.6579049999998006,0.4884844580083154,0.48517199999992044,801112064
fold_4,evaluation,2025-06-23,L-R,solar,5075,4879,G3,False,1.43853616702836,1.4218320000004496,0.4278916669427417,0.4249409999999898,801112064
fold_4,evaluation,2025-06-23,L-N,night,5786,5562,G1,False,1.412601749994792,1.3921790000003966,0.07446833397261798,0.0739979999998468,784089088
fold_4,evaluation,2025-06-23,L-N,shoulder,6525,6273,G3,False,1.5101371670607477,1.4930030000002716,0.46412987500661984,0.4594919999999547,784089088
fold_4,evaluation,2025-06-23,L-N,solar,5075,4879,G1,False,1.394819833978545,1.3753640000002179,0.07113616698188707,0.07067700000015975,784089088
fold_4,evaluation,2025-06-24,L-P,pooled,17386,16714,G4,False,2.5167325420188718,2.4882339999999203,1.1354945410275832,1.1270549999999275,772063232
fold_4,evaluation,2025-06-24,L-R,night,5786,5562,G1,False,1.4940572500927374,1.479645999999775,0.09757654200075194,0.09481999999979962,774553600
fold_4,evaluation,2025-06-24,L-R,shoulder,6525,6273,G3,False,1.6405786239774898,1.6218520000002172,0.576292084006127,0.5603569999998399,774553600
fold_4,evaluation,2025-06-24,L-R,solar,5075,4879,G2,False,1.390978501061909,1.380431999999928,0.22283508302643895,0.21994999999992615,774553600
fold_4,evaluation,2025-06-24,L-N,night,5786,5562,G1,False,1.4519659160869196,1.4275139999997464,0.07497058296576142,0.07441500000004453,801112064
fold_4,evaluation,2025-06-24,L-N,shoulder,6525,6273,G3,False,1.6311639589257538,1.543145000000095,0.4622499590041116,0.45806999999990694,801112064
fold_4,evaluation,2025-06-24,L-N,solar,5075,4879,G1,False,1.4448776679346338,1.417442999999821,0.07034945802297443,0.07007399999997688,801112064
fold_4,evaluation,2025-06-25,L-P,pooled,17386,16714,G3,False,2.593311833916232,2.55093399999987,0.7431701669702306,0.7390449999998054,772063232
fold_4,evaluation,2025-06-25,L-R,night,5786,5562,G1,False,1.5801020420040004,1.552693999999974,0.08395345800090581,0.08140099999991435,784089088
fold_4,evaluation,2025-06-25,L-R,shoulder,6525,6273,G4,False,1.7426452920190059,1.7147049999998671,0.8260767500032671,0.8120429999999033,784089088
fold_4,evaluation,2025-06-25,L-R,solar,5075,4879,G3,False,1.5289081249502487,1.4364160000002357,0.42580433294642717,0.42269499999997606,784089088
fold_4,evaluation,2025-06-25,L-N,night,5786,5562,G1,False,1.384652917040512,1.3676349999998365,0.07752175000496209,0.07717999999999847,774553600
fold_4,evaluation,2025-06-25,L-N,shoulder,6525,6273,G4,False,1.6113490829593502,1.575465000000122,0.7570475419634022,0.7477759999999307,774553600
fold_4,evaluation,2025-06-25,L-N,solar,5075,4879,G1,False,1.4939334170194343,1.40028099999995,0.07078962499508634,0.07031499999993684,774553600
fold_4,evaluation,2025-06-26,L-P,pooled,17386,16714,G4,False,2.647425624949392,2.541181999999935,1.2681903750053607,1.2368089999999938,772063232
fold_4,evaluation,2025-06-26,L-R,night,5786,5562,G1,False,1.5990838329889812,1.5710350000003928,0.08251395798288286,0.08201899999994566,801112064
fold_4,evaluation,2025-06-26,L-R,shoulder,6525,6273,G3,False,1.6763219590066,1.6565180000002329,0.5031788750202395,0.49820900000008805,801112064
fold_4,evaluation,2025-06-26,L-R,solar,5075,4879,G3,False,1.441667791979853,1.416168000000198,0.42803295800695196,0.42515800000001036,801112064
fold_4,evaluation,2025-06-26,L-N,night,5786,5562,G1,False,1.3968236249638721,1.3823950000003151,0.08175591699546203,0.08062999999992826,772063232
fold_4,evaluation,2025-06-26,L-N,shoulder,6525,6273,G4,False,1.4951513330452144,1.4798969999997098,0.7204486249829642,0.7159260000000813,772063232
fold_4,evaluation,2025-06-26,L-N,solar,5075,4879,G3,False,1.3755623340257443,1.3588720000000194,0.40512245800346136,0.4024629999998979,772063232
fold_4,evaluation,2025-06-27,L-P,pooled,17386,16714,G3,False,2.513173750950955,2.4835550000004787,0.753050290979445,0.7482150000000729,784089088
fold_4,evaluation,2025-06-27,L-R,night,5786,5562,G1,False,1.4613096669781953,1.4504309999997531,0.08036100002937019,0.07989599999996244,774553600
fold_4,evaluation,2025-06-27,L-R,shoulder,6525,6273,G4,False,1.6942129169474356,1.620076000000381,0.7892860419815406,0.7824350000000777,774553600
fold_4,evaluation,2025-06-27,L-R,solar,5075,4879,G4,False,1.4586479989811778,1.4406699999997272,0.7207611249759793,0.708960000000161,774553600
fold_4,evaluation,2025-06-27,L-N,night,5786,5562,G1,False,1.4187264599604532,1.4010769999999866,0.07826045801630244,0.07518800000002557,784089088
fold_4,evaluation,2025-06-27,L-N,shoulder,6525,6273,G4,False,1.5464434169698507,1.5237769999998818,0.7282457499532029,0.723891999999978,784089088
fold_4,evaluation,2025-06-27,L-N,solar,5075,4879,G1,False,1.390027209999971,1.3665569999996023,0.0707198340096511,0.07033999999998741,784089088
fold_4,evaluation,2025-06-28,L-P,pooled,17386,16714,G3,False,2.546788207953796,2.4609989999999016,0.7645557500072755,0.7589130000001205,801112064
fold_4,evaluation,2025-06-28,L-R,night,5786,5562,G1,False,1.5116463348967955,1.4886880000001383,0.08115404198179021,0.08059299999990799,772063232
fold_4,evaluation,2025-06-28,L-R,shoulder,6525,6273,G2,False,1.6838519570301287,1.6621839999997974,0.27503791701747105,0.2712530000001152,772063232
fold_4,evaluation,2025-06-28,L-R,solar,5075,4879,G4,False,1.4684153340058401,1.4482149999996636,0.6866577090113424,0.6791159999997944,772063232
fold_4,evaluation,2025-06-28,L-N,night,5786,5562,G1,False,1.4618313329992816,1.4371730000004845,0.07520129199838266,0.07451700000001438,801112064
fold_4,evaluation,2025-06-28,L-N,shoulder,6525,6273,G3,False,1.5364196669543162,1.5175140000001193,0.4806699169566855,0.4717790000001969,801112064
fold_4,evaluation,2025-06-28,L-N,solar,5075,4879,G1,False,1.3562437510117888,1.3435269999999946,0.07144233398139477,0.0709790000000794,801112064
fold_4,evaluation,2025-06-29,L-P,pooled,17386,16714,G4,False,2.5145120410015807,2.480878999999959,1.2010495000286028,1.1842149999999947,774553600
fold_4,evaluation,2025-06-29,L-R,night,5786,5562,G1,False,1.5280252090306021,1.507624000000078,0.0808825419517234,0.08022400000004382,784089088
fold_4,evaluation,2025-06-29,L-R,shoulder,6525,6273,G2,False,1.701575792976655,1.624723000000131,0.251070250000339,0.24933899999996356,784089088
fold_4,evaluation,2025-06-29,L-R,solar,5075,4879,G4,False,1.4502830819692463,1.4322420000000875,0.6933194160228595,0.6889900000001035,784089088
fold_4,evaluation,2025-06-29,L-N,night,5786,5562,G1,False,1.429261249024421,1.4108809999997902,0.0748857919825241,0.07439700000008997,774553600
fold_4,evaluation,2025-06-29,L-N,shoulder,6525,6273,G4,False,1.580549707985483,1.5058890000000247,0.7682386249653064,0.7580430000000433,774553600
fold_4,evaluation,2025-06-29,L-N,solar,5075,4879,G1,False,1.3610486660618335,1.3472719999999754,0.07338091701967642,0.07207500000004075,774553600
fold_4,evaluation,2025-06-30,L-P,pooled,17386,16714,G4,False,2.5254050419316627,2.441512999999759,1.1596862910082564,1.1465410000000702,772063232
fold_4,evaluation,2025-06-30,L-R,night,5786,5562,G1,False,1.483716375019867,1.470154999999977,0.08153975004097447,0.08074499999997897,801112064
fold_4,evaluation,2025-06-30,L-R,shoulder,6525,6273,G2,False,1.6205912930308841,1.6083100000003014,0.24963808298343793,0.24788599999988037,801112064
fold_4,evaluation,2025-06-30,L-R,solar,5075,4879,G3,False,1.4804941260372289,1.4051640000000134,0.4948011660017073,0.48402499999997417,801112064
fold_4,evaluation,2025-06-30,L-N,night,5786,5562,G1,False,1.4496075000497513,1.4282000000002881,0.07552162499632686,0.0749749999999949,784089088
fold_4,evaluation,2025-06-30,L-N,shoulder,6525,6273,G4,False,1.4690830830368213,1.4568719999999757,0.7903311249683611,0.7767710000000534,784089088
fold_4,evaluation,2025-06-30,L-N,solar,5075,4879,G1,False,1.3247182489722036,1.3142990000003465,0.07051629200577736,0.07009500000003754,784089088
fold_4,evaluation,2025-07-01,L-P,pooled,17386,16714,G4,False,2.4645397079875693,2.439704999999776,1.1231806669966318,1.1162589999999,772063232
fold_4,evaluation,2025-07-01,L-R,night,5786,5562,G1,False,1.451014043064788,1.4402219999999488,0.07962233299622312,0.07925799999998162,774553600
fold_4,evaluation,2025-07-01,L-R,shoulder,6525,6273,G2,False,1.613070749968756,1.6003210000001218,0.2499778329511173,0.24837400000001253,774553600
fold_4,evaluation,2025-07-01,L-R,solar,5075,4879,G3,False,1.389321458991617,1.3765439999999671,0.5047953749890439,0.49344200000018645,774553600
fold_4,evaluation,2025-07-01,L-N,night,5786,5562,G1,False,1.3623328329995275,1.3526710000001003,0.07503983296919614,0.0743689999999333,801112064
fold_4,evaluation,2025-07-01,L-N,shoulder,6525,6273,G3,False,1.481126416940242,1.4689120000000457,0.4523411660338752,0.4446300000001884,801112064
fold_4,evaluation,2025-07-01,L-N,solar,5075,4879,G1,False,1.3872488319757394,1.3667230000000927,0.07286562502849847,0.07234700000003613,801112064
fold_4,evaluation,2025-07-02,L-P,pooled,17386,16714,G3,False,2.4999428739538416,2.472050999999965,0.7625175410066731,0.755493000000115,772063232
fold_4,evaluation,2025-07-02,L-R,night,5786,5562,G4,False,1.4569741670857184,1.4460450000001401,0.7249172920128331,0.718024000000014,784089088
fold_4,evaluation,2025-07-02,L-R,shoulder,6525,6273,G4,False,1.620908665994648,1.6040749999999662,0.7984591670101508,0.7917580000000726,784089088
fold_4,evaluation,2025-07-02,L-R,solar,5075,4879,G3,False,1.4696009579929523,1.4007739999997284,0.4294675420387648,0.42695000000003347,784089088
fold_4,evaluation,2025-07-02,L-N,night,5786,5562,G1,False,1.3713367090094835,1.3557330000003276,0.08688066701870412,0.07441100000005463,774553600
fold_4,evaluation,2025-07-02,L-N,shoulder,6525,6273,G2,False,1.4865155409788713,1.4711939999997412,0.23323491698829457,0.23183900000003632,774553600
fold_4,evaluation,2025-07-02,L-N,solar,5075,4879,G1,False,1.3298107069567777,1.3173600000000079,0.0738973330007866,0.07324500000004264,774553600
fold_4,evaluation,2025-07-03,L-P,pooled,17386,16714,G2,False,2.487070333037991,2.4122580000000653,0.4370905419928022,0.4305139999999028,772063232
fold_4,evaluation,2025-07-03,L-R,night,5786,5562,G2,False,1.537233957031276,1.4637840000000324,0.22631104197353125,0.22484800000006544,801112064
fold_4,evaluation,2025-07-03,L-R,shoulder,6525,6273,G3,False,1.7120304169948213,1.686429999999973,0.48655575001612306,0.4835080000000289,801112064
fold_4,evaluation,2025-07-03,L-R,solar,5075,4879,G1,False,1.4251722489716485,1.4107599999997547,0.07557154103415087,0.07500899999990907,801112064
fold_4,evaluation,2025-07-03,L-N,night,5786,5562,G1,False,1.3593539170105942,1.3490320000000793,0.08302466699387878,0.0821059999998397,772063232
fold_4,evaluation,2025-07-03,L-N,shoulder,6525,6273,G4,False,1.5044402920175344,1.4913039999999,0.7312904160353355,0.7247949999998582,772063232
fold_4,evaluation,2025-07-03,L-N,solar,5075,4879,G1,False,1.4121180420042947,1.3921500000001288,0.07207941700471565,0.07159999999998945,772063232
fold_4,evaluation,2025-07-04,L-P,pooled,17386,16714,G2,False,2.5285033330437727,2.4940229999997428,0.41400233400054276,0.41102599999999256,774553600
fold_4,evaluation,2025-07-04,L-R,night,5786,5562,G1,False,1.5297098339651711,1.5095169999997324,0.08116116700693965,0.08050200000002405,784089088
fold_4,evaluation,2025-07-04,L-R,shoulder,6525,6273,G2,False,1.6502789589576423,1.6339239999997517,0.24792470800457522,0.2458529999998973,784089088
fold_4,evaluation,2025-07-04,L-R,solar,5075,4879,G1,False,1.415647000016179,1.3996169999998074,0.075037665956188,0.07466500000009546,784089088
fold_4,evaluation,2025-07-04,L-N,night,5786,5562,G1,False,1.3949423759477213,1.3812309999998433,0.07684587500989437,0.07607800000005227,801112064
fold_4,evaluation,2025-07-04,L-N,shoulder,6525,6273,G3,False,1.6057583760120906,1.5288590000000113,0.4465187499881722,0.44360200000005534,801112064
fold_4,evaluation,2025-07-04,L-N,solar,5075,4879,G3,False,1.3873902089544572,1.3712890000001607,0.41526662500109524,0.41176400000017566,801112064
fold_4,evaluation,2025-07-05,L-P,pooled,17386,16714,G4,False,2.4220005000242963,2.40160300000025,1.2575807090033777,1.1827599999999165,774553600
fold_4,evaluation,2025-07-05,L-R,night,5786,5562,G4,False,1.4799032090231776,1.4663350000000719,0.8021621660445817,0.7889359999999215,772063232
fold_4,evaluation,2025-07-05,L-R,shoulder,6525,6273,G4,False,1.7427918341127224,1.7129829999998947,0.7867837499943562,0.781697000000122,772063232
fold_4,evaluation,2025-07-05,L-R,solar,5075,4879,G3,False,1.3963788319961168,1.382808999999952,0.46990029205335304,0.4627729999999701,772063232
fold_4,evaluation,2025-07-05,L-N,night,5786,5562,G1,False,1.4440413748961873,1.4157709999999497,0.07422675000270829,0.07390099999997801,784089088
fold_4,evaluation,2025-07-05,L-N,shoulder,6525,6273,G4,False,1.6344734589802101,1.602938999999651,0.7272010830347426,0.7223449999999048,784089088
fold_4,evaluation,2025-07-05,L-N,solar,5075,4879,G1,False,1.3538124579936266,1.3394310000001042,0.07078708300832659,0.07018900000002759,784089088
fold_4,evaluation,2025-07-06,L-P,pooled,17386,16714,G2,False,2.487205667013768,2.4547350000004826,0.41396087501198053,0.4103629999999612,774553600
fold_4,evaluation,2025-07-06,L-R,night,5786,5562,G1,False,1.5208430419443175,1.5027949999998782,0.09703729196917266,0.09509400000001733,801112064
fold_4,evaluation,2025-07-06,L-R,shoulder,6525,6273,G4,False,1.652913083031308,1.6372619999999642,0.8228928340249695,0.8132949999999255,801112064
fold_4,evaluation,2025-07-06,L-R,solar,5075,4879,G3,False,1.4928609170019627,1.4686240000003181,0.4227390829473734,0.42021999999997206,801112064
fold_4,evaluation,2025-07-06,L-N,night,5786,5562,G1,False,1.4479923330363818,1.4243270000001758,0.07371729100123048,0.07323500000006788,774553600
fold_4,evaluation,2025-07-06,L-N,shoulder,6525,6273,G2,False,1.483942958060652,1.4715520000002016,0.29371458396781236,0.23202599999990525,774553600
fold_4,evaluation,2025-07-06,L-N,solar,5075,4879,G1,False,1.3663327510003,1.350915000000441,0.07100929203443229,0.07053499999983615,774553600
fold_4,evaluation,2025-07-07,L-P,pooled,17386,16714,G4,False,2.449283874942921,2.4219960000000356,1.204941375006456,1.1341310000000249,772063232
fold_4,evaluation,2025-07-07,L-R,night,5786,5562,G1,False,1.4845513759646565,1.4668269999999666,0.08126583299599588,0.08074400000009518,784089088
fold_4,evaluation,2025-07-07,L-R,shoulder,6525,6273,G3,False,1.6340420839260332,1.617913999999928,0.49268383299931884,0.4896840000001248,784089088
fold_4,evaluation,2025-07-07,L-R,solar,5075,4879,G2,False,1.418326375016477,1.4048250000000735,0.2739238749491051,0.21549700000014127,784089088
fold_4,evaluation,2025-07-07,L-N,night,5786,5562,G1,False,1.4244382079923525,1.359409999999798,0.0741700420039706,0.07368500000006861,801112064
fold_4,evaluation,2025-07-07,L-N,shoulder,6525,6273,G2,False,1.5894382920232601,1.5618299999998726,0.22764375002589077,0.22603400000002694,801112064
fold_4,evaluation,2025-07-07,L-N,solar,5075,4879,G1,False,1.355167748988606,1.3410109999999804,0.0718239169800654,0.07127300000001924,801112064
fold_4,evaluation,2025-07-08,L-P,pooled,17386,16714,G4,False,2.4264850009349175,2.4046619999999166,1.2684647080022842,1.2421739999999772,774553600
fold_4,evaluation,2025-07-08,L-R,night,5786,5562,G1,False,1.4933113339939155,1.4789310000001024,0.07999558304436505,0.0796339999999418,772063232
fold_4,evaluation,2025-07-08,L-R,shoulder,6525,6273,G4,False,1.6620204580249265,1.6416490000001431,0.7914729159674607,0.7869160000000193,772063232
fold_4,evaluation,2025-07-08,L-R,solar,5075,4879,G1,False,1.5252535419422202,1.4937469999999848,0.07619070902001113,0.07577600000013263,772063232
fold_4,evaluation,2025-07-08,L-N,night,5786,5562,G1,False,1.4767165009398013,1.4466029999998682,0.07464458304457366,0.0740849999999682,784089088
fold_4,evaluation,2025-07-08,L-N,shoulder,6525,6273,G4,False,1.4924033340648748,1.4766750000001139,0.7672464589704759,0.756108999999924,784089088
fold_4,evaluation,2025-07-08,L-N,solar,5075,4879,G1,False,1.3613330850494094,1.3441320000001724,0.07229204202303663,0.07189100000005055,784089088
fold_4,evaluation,2025-07-09,L-P,pooled,17386,16714,G1,False,2.4478512079804204,2.4237729999997555,0.1650792920263484,0.16388700000015888,774553600
fold_4,evaluation,2025-07-09,L-R,night,5786,5562,G1,False,1.532314710028004,1.5150750000000244,0.08067112503340468,0.07993800000008378,801112064
fold_4,evaluation,2025-07-09,L-R,shoulder,6525,6273,G4,False,1.6657799171516672,1.646632999999838,0.8452467910246924,0.7808150000000751,801112064
fold_4,evaluation,2025-07-09,L-R,solar,5075,4879,G2,False,1.4539475420024246,1.4358760000000075,0.21521995798684657,0.2139199999999164,801112064
fold_4,evaluation,2025-07-09,L-N,night,5786,5562,G1,False,1.4266177500248887,1.409106999999949,0.07472333300393075,0.07413199999996323,772063232
fold_4,evaluation,2025-07-09,L-N,shoulder,6525,6273,G4,False,1.5690219570533372,1.4960190000003877,0.7229418340139091,0.7188720000001467,772063232
fold_4,evaluation,2025-07-09,L-N,solar,5075,4879,G1,False,1.3773805840173736,1.360720999999785,0.07426687504630536,0.07364199999983612,772063232
fold_4,evaluation,2025-07-10,L-P,pooled,17386,16714,G4,False,2.5093562089605257,2.4765249999998105,1.1872426660265774,1.1174459999999726,774553600
fold_4,evaluation,2025-07-10,L-R,night,5786,5562,G1,False,1.5156078749569133,1.4977030000000013,0.07976270897779614,0.07927199999994627,784089088
fold_4,evaluation,2025-07-10,L-R,shoulder,6525,6273,G3,False,1.6084959589643404,1.5961240000001453,0.5150245410040952,0.5069359999999961,784089088
fold_4,evaluation,2025-07-10,L-R,solar,5075,4879,G1,False,1.4813191239954904,1.4030220000001918,0.07520166598260403,0.0747430000001259,784089088
fold_4,evaluation,2025-07-10,L-N,night,5786,5562,G1,False,1.401609166932758,1.3857630000002246,0.07390675001079217,0.0734420000001137,801112064
fold_4,evaluation,2025-07-10,L-N,shoulder,6525,6273,G3,False,1.520345624012407,1.5016860000000634,0.4473521250183694,0.44381899999984853,801112064
fold_4,evaluation,2025-07-10,L-N,solar,5075,4879,G1,False,1.37448104203213,1.3564530000001014,0.07055812497856095,0.07011199999988094,801112064
fold_4,evaluation,2025-07-11,L-P,pooled,17386,16714,G4,False,2.49996874894714,2.4601070000001073,1.1121879159472883,1.1048969999999372,774553600
fold_4,evaluation,2025-07-11,L-R,night,5786,5562,G1,False,1.4952015419839881,1.4785109999997985,0.08190325001487508,0.0812949999999546,772063232
fold_4,evaluation,2025-07-11,L-R,shoulder,6525,6273,G2,False,1.5985707080108114,1.5873379999998178,0.27158158394740894,0.2666429999999309,772063232
fold_4,evaluation,2025-07-11,L-R,solar,5075,4879,G1,False,1.4383047500159591,1.4165279999999711,0.07591887499438599,0.07538799999997536,772063232
fold_4,evaluation,2025-07-11,L-N,night,5786,5562,G1,False,1.397297375020571,1.378465000000233,0.07467108400305733,0.0742640000000847,784089088
fold_4,evaluation,2025-07-11,L-N,shoulder,6525,6273,G2,False,1.4876593739027157,1.4730459999998402,0.23018562502693385,0.2287100000000919,784089088
fold_4,evaluation,2025-07-11,L-N,solar,5075,4879,G1,False,1.3070019999868236,1.2981430000002092,0.07241608301410452,0.07197500000006585,784089088
fold_4,evaluation,2025-07-12,L-P,pooled,17386,16714,G1,False,2.4472115840180777,2.4181880000001,0.17852295900229365,0.175164999999879,774553600
fold_4,evaluation,2025-07-12,L-R,night,5786,5562,G1,False,1.481901501014363,1.4678459999997813,0.08093529200414196,0.08028399999989233,801112064
fold_4,evaluation,2025-07-12,L-R,shoulder,6525,6273,G2,False,1.6385794590460137,1.6207150000000183,0.2491599579807371,0.2474320000001171,801112064
fold_4,evaluation,2025-07-12,L-R,solar,5075,4879,G4,False,1.4728267500177026,1.4041159999997035,0.7049224579823203,0.6973299999999654,801112064
fold_4,evaluation,2025-07-12,L-N,night,5786,5562,G1,False,1.4160192509298213,1.3463990000000194,0.08020833402406424,0.078029000000015,774553600
fold_4,evaluation,2025-07-12,L-N,shoulder,6525,6273,G4,False,1.5146308739786036,1.49742399999991,0.7238142920541577,0.7194480000000567,774553600
fold_4,evaluation,2025-07-12,L-N,solar,5075,4879,G1,False,1.3728615819709376,1.3553420000000642,0.0721708329510875,0.07174899999995432,774553600
fold_4,evaluation,2025-07-13,L-P,pooled,17386,16714,G2,False,2.517046208900865,2.43177799999944,0.40622916602296755,0.40352099999995517,772063232
fold_4,evaluation,2025-07-13,L-R,night,5786,5562,G1,False,1.569903498981148,1.4932099999996353,0.08047950000036508,0.07989999999995234,784089088
fold_4,evaluation,2025-07-13,L-R,shoulder,6525,6273,G4,False,1.6758889989578165,1.653583000000026,0.8020871669868939,0.792882999999847,784089088
fold_4,evaluation,2025-07-13,L-R,solar,5075,4879,G3,False,1.4230334180174395,1.4072349999999005,0.4252994579728693,0.42270699999994577,784089088
fold_4,evaluation,2025-07-13,L-N,night,5786,5562,G1,False,1.4018401670036837,1.3865430000000742,0.0746817920007743,0.07429499999989275,772063232
fold_4,evaluation,2025-07-13,L-N,shoulder,6525,6273,G3,False,1.5095625409157947,1.4913640000002033,0.4492289160261862,0.4467669999999089,772063232
fold_4,evaluation,2025-07-13,L-N,solar,5075,4879,G1,False,1.352679458039347,1.3366069999999581,0.07736812502844259,0.07643099999995684,772063232
fold_4,evaluation,2025-07-14,L-P,pooled,17386,16714,G4,False,2.4468745829653926,2.4234359999998105,1.1617053330410272,1.1469480000000658,801112064
fold_4,evaluation,2025-07-14,L-R,night,5786,5562,G1,False,1.5018304989789613,1.4831850000000486,0.08236562501406297,0.08163100000001577,774553600
fold_4,evaluation,2025-07-14,L-R,shoulder,6525,6273,G4,False,1.6632224169443361,1.6431030000001101,0.8676584580098279,0.784891000000016,774553600
fold_4,evaluation,2025-07-14,L-R,solar,5075,4879,G1,False,1.4046709990361705,1.3905010000000857,0.07570370798930526,0.07533799999987423,774553600
fold_4,evaluation,2025-07-14,L-N,night,5786,5562,G1,False,1.3754617070080712,1.3637309999996887,0.08538062497973442,0.08495300000004136,784089088
fold_4,evaluation,2025-07-14,L-N,shoulder,6525,6273,G2,False,1.5568062079837546,1.475420999999642,0.22949533304199576,0.22781699999995908,784089088
fold_4,evaluation,2025-07-14,L-N,solar,5075,4879,G2,False,1.391964958049357,1.3710949999999684,0.20282637502532452,0.20188900000016474,784089088
fold_4,evaluation,2025-07-15,L-P,pooled,17386,16714,G4,False,2.501031956926454,2.474476999999979,1.2279327919823118,1.1447330000000875,801112064
fold_4,evaluation,2025-07-15,L-R,night,5786,5562,G1,False,1.5003198329359293,1.4840810000000602,0.08110216597560793,0.08056399999986752,772063232
fold_4,evaluation,2025-07-15,L-R,shoulder,6525,6273,G4,False,1.6240190000389703,1.6088129999998273,0.797847791982349,0.7916309999998248,772063232
fold_4,evaluation,2025-07-15,L-R,solar,5075,4879,G3,False,1.5248541679466143,1.439247000000023,0.431785624998156,0.4287380000000667,772063232
fold_4,evaluation,2025-07-15,L-N,night,5786,5562,G1,False,1.3788651249487884,1.367413999999826,0.07869329204550013,0.07799599999998463,774553600
fold_4,evaluation,2025-07-15,L-N,shoulder,6525,6273,G2,False,1.5381364159402438,1.5153439999999136,0.2275713750277646,0.22593000000006214,774553600
fold_4,evaluation,2025-07-15,L-N,solar,5075,4879,G2,False,1.3864811669336632,1.3682220000000598,0.19999570900108665,0.19876000000022032,774553600
fold_4,evaluation,2025-07-16,L-P,pooled,17386,16714,G4,False,2.4407825829694048,2.418693999999732,1.2060851249843836,1.1816400000000158,801112064
fold_4,evaluation,2025-07-16,L-R,night,5786,5562,G2,False,1.5061414989177138,1.4895480000000134,0.2242766660056077,0.2230019999999513,784089088
fold_4,evaluation,2025-07-16,L-R,shoulder,6525,6273,G2,False,1.6540372500312515,1.637986999999839,0.27653958299197257,0.27197099999989405,784089088
fold_4,evaluation,2025-07-16,L-R,solar,5075,4879,G2,False,1.4301572080003098,1.4105769999998756,0.21513020800193772,0.21109299999989162,784089088
fold_4,evaluation,2025-07-16,L-N,night,5786,5562,G2,False,1.419614708982408,1.4009929999999713,0.2088643329916522,0.2078630000000885,772063232
fold_4,evaluation,2025-07-16,L-N,shoulder,6525,6273,G1,False,1.602947457053233,1.5774489999998877,0.08496195799671113,0.08423199999992903,772063232
fold_4,evaluation,2025-07-16,L-N,solar,5075,4879,G2,False,1.358591876050923,1.3445740000001933,0.20689616596791893,0.20551900000009482,772063232
fold_4,evaluation,2025-07-17,L-P,pooled,17386,16714,G4,False,2.471442957932595,2.4464070000001357,1.2561505420017056,1.2293019999999615,801112064
fold_4,evaluation,2025-07-17,L-R,night,5786,5562,G2,False,1.486864415986929,1.4720330000002377,0.2519824169576168,0.24664800000005016,774553600
fold_4,evaluation,2025-07-17,L-R,shoulder,6525,6273,G4,False,1.7021350840223022,1.6285139999997682,0.7801704590092413,0.7742789999999786,774553600
fold_4,evaluation,2025-07-17,L-R,solar,5075,4879,G1,False,1.5012210419517942,1.4785960000001523,0.0754900419851765,0.07498200000009092,774553600
fold_4,evaluation,2025-07-17,L-N,night,5786,5562,G1,False,1.4609913760214113,1.4354080000000522,0.0745958749903366,0.07414700000003904,784089088
fold_4,evaluation,2025-07-17,L-N,shoulder,6525,6273,G1,False,1.5256764169898815,1.5069009999997434,0.08819249999942258,0.08766700000001038,784089088
fold_4,evaluation,2025-07-17,L-N,solar,5075,4879,G4,False,1.402414084004704,1.3305700000000797,0.6553810829645954,0.6510699999998906,784089088
fold_4,evaluation,2025-07-18,L-P,pooled,17386,16714,G3,False,2.491869167017285,2.4129420000001573,0.80022429197561,0.7876800000001367,801112064
fold_4,evaluation,2025-07-18,L-R,night,5786,5562,G1,False,1.527689958922565,1.4653360000002067,0.08118366700364277,0.08064599999988786,772063232
fold_4,evaluation,2025-07-18,L-R,shoulder,6525,6273,G4,False,1.6088050839607604,1.5946679999997286,0.8522071249899454,0.8397190000000592,772063232
fold_4,evaluation,2025-07-18,L-R,solar,5075,4879,G2,False,1.4130801670253277,1.3982289999996738,0.22751224995590746,0.22404200000005403,772063232
fold_4,evaluation,2025-07-18,L-N,night,5786,5562,G1,False,1.3952361679985188,1.3830980000000181,0.07458145800046623,0.0740849999999682,774553600
fold_4,evaluation,2025-07-18,L-N,shoulder,6525,6273,G1,False,1.5756600830936804,1.55298700000003,0.08566962496843189,0.08478900000000067,774553600
fold_4,evaluation,2025-07-18,L-N,solar,5075,4879,G1,False,1.3741779999691062,1.3572180000001026,0.07022474997211248,0.06986299999994117,774553600
fold_4,evaluation,2025-07-19,L-P,pooled,17386,16714,G4,False,2.4716163319535553,2.4463359999997465,1.1291871669818647,1.1207080000001497,801112064
fold_4,evaluation,2025-07-19,L-R,night,5786,5562,G1,False,1.513078875024803,1.4904190000002018,0.0820002089603804,0.08137299999998504,784089088
fold_4,evaluation,2025-07-19,L-R,shoulder,6525,6273,G2,False,1.6545121670351364,1.6332439999996495,0.3177064170013182,0.26795399999991787,784089088
fold_4,evaluation,2025-07-19,L-R,solar,5075,4879,G1,False,1.4134593339986168,1.3985349999998107,0.08202825003536418,0.08066499999995358,784089088
fold_4,evaluation,2025-07-19,L-N,night,5786,5562,G1,False,1.4223328339867294,1.405571000000009,0.100860417005606,0.09346200000004501,772063232
fold_4,evaluation,2025-07-19,L-N,shoulder,6525,6273,G4,False,1.5653390410006978,1.494335000000092,0.7851136659737676,0.7725479999999152,772063232
fold_4,evaluation,2025-07-19,L-N,solar,5075,4879,G1,False,1.3158496249234304,1.307321000000229,0.07116129103815183,0.0705920000000333,772063232
fold_4,evaluation,2025-07-20,L-P,pooled,17386,16714,G3,False,2.5975763760507107,2.497726000000057,0.7532371249981225,0.7488170000001446,801112064
fold_4,evaluation,2025-07-20,L-R,night,5786,5562,G1,False,1.4616969170165248,1.4502970000000914,0.09746024996275082,0.09508200000004763,774553600
fold_4,evaluation,2025-07-20,L-R,shoulder,6525,6273,G4,False,1.667597291059792,1.6450659999998152,0.7856012919801287,0.7799609999999575,774553600
fold_4,evaluation,2025-07-20,L-R,solar,5075,4879,G4,False,1.4344864579616114,1.3708329999999478,0.7435475829988718,0.7299839999998312,774553600
fold_4,evaluation,2025-07-20,L-N,night,5786,5562,G1,False,1.3541474170051515,1.3444660000000113,0.08970000001136214,0.08680200000003424,784089088
fold_4,evaluation,2025-07-20,L-N,shoulder,6525,6273,G1,False,1.531310123973526,1.512369999999919,0.08441645803395659,0.0837819999999283,784089088
fold_4,evaluation,2025-07-20,L-N,solar,5075,4879,G1,False,1.3541721659712493,1.339202000000114,0.07734129199525341,0.07664599999998245,784089088
fold_4,evaluation,2025-07-21,L-P,pooled,17386,16714,G4,False,2.4669479599106126,2.440943999999945,1.1923135000397451,1.1773109999999178,801112064
fold_4,evaluation,2025-07-21,L-R,night,5786,5562,G1,False,1.4605844580801204,1.4491039999998065,0.10315858403919265,0.10051500000008673,772063232
fold_4,evaluation,2025-07-21,L-R,shoulder,6525,6273,G4,False,1.6620095839025453,1.6410060000002886,0.8489415000076406,0.8315920000000006,772063232
fold_4,evaluation,2025-07-21,L-R,solar,5075,4879,G2,False,1.4026609580614604,1.390114999999696,0.237445916980505,0.23355799999990268,772063232
fold_4,evaluation,2025-07-21,L-N,night,5786,5562,G1,False,1.3998406259925105,1.3854499999997643,0.07446662499569356,0.07392000000004373,784089088
fold_4,evaluation,2025-07-21,L-N,shoulder,6525,6273,G2,False,1.4925312509876676,1.4775550000001658,0.2690704580163583,0.2638059999999314,784089088
fold_4,evaluation,2025-07-21,L-N,solar,5075,4879,G1,False,1.4138083339785226,1.3918870000002244,0.07253304199548438,0.07198599999992439,784089088
fold_4,evaluation,2025-07-22,L-P,pooled,17386,16714,G3,False,2.4703985420637764,2.444270999999844,0.8139044999843463,0.7998430000000099,774553600
fold_4,evaluation,2025-07-22,L-R,night,5786,5562,G2,False,1.5291290419991128,1.5115890000001855,0.22710758401080966,0.22531000000003587,801112064
fold_4,evaluation,2025-07-22,L-R,shoulder,6525,6273,G4,False,1.6702082919655368,1.649739999999838,0.939055000024382,0.8693399999999656,801112064
fold_4,evaluation,2025-07-22,L-R,solar,5075,4879,G4,False,1.4688346670009196,1.4489670000000388,0.6801306250272319,0.6757700000000568,801112064
fold_4,evaluation,2025-07-22,L-N,night,5786,5562,G1,False,1.397995917010121,1.3819229999996878,0.08435241697588935,0.0831789999999728,772063232
fold_4,evaluation,2025-07-22,L-N,shoulder,6525,6273,G1,False,1.5233483740594238,1.5068049999997584,0.08376779197715223,0.08315799999991214,772063232
fold_4,evaluation,2025-07-22,L-N,solar,5075,4879,G1,False,1.4182743749697693,1.3412850000001981,0.07668820896651596,0.0752669999999398,772063232
fold_4,evaluation,2025-07-23,L-P,pooled,17386,16714,G4,False,2.463071459031198,2.433671000000004,1.277151665999554,1.2069620000002033,774553600
fold_4,evaluation,2025-07-23,L-R,night,5786,5562,G1,False,1.5589216669905,1.487086999999974,0.10335179098183289,0.10068300000011732,784089088
fold_4,evaluation,2025-07-23,L-R,shoulder,6525,6273,G4,False,1.6932048329617828,1.665382000000136,0.7856341250007972,0.7799520000000939,784089088
fold_4,evaluation,2025-07-23,L-R,solar,5075,4879,G4,False,1.3825425829272717,1.371393999999782,0.7873428749735467,0.7710380000000896,784089088
fold_4,evaluation,2025-07-23,L-N,night,5786,5562,G1,False,1.3622096260078251,1.3520949999997356,0.07477066700812429,0.0740650000000187,801112064
fold_4,evaluation,2025-07-23,L-N,shoulder,6525,6273,G1,False,1.590993915044237,1.5611950000004526,0.08408662502188236,0.08357300000011492,801112064
fold_4,evaluation,2025-07-23,L-N,solar,5075,4879,G1,False,1.429224708932452,1.4100650000000314,0.07260249997489154,0.07218199999988428,801112064
fold_4,evaluation,2025-07-24,L-P,pooled,17386,16714,G4,False,2.4953636669088155,2.466931999999815,1.2231191250029951,1.1983589999999822,774553600
fold_4,evaluation,2025-07-24,L-R,night,5786,5562,G2,False,1.5616924580535851,1.537047999999686,0.22546512499684468,0.2241660000001957,772063232
fold_4,evaluation,2025-07-24,L-R,shoulder,6525,6273,G2,False,1.6850409990292974,1.6627300000000105,0.25211558397859335,0.249896999999919,772063232
fold_4,evaluation,2025-07-24,L-R,solar,5075,4879,G2,False,1.4888509989832528,1.464132999999947,0.21740845800377429,0.21553399999993417,772063232
fold_4,evaluation,2025-07-24,L-N,night,5786,5562,G2,False,1.3734704159433022,1.3620639999999185,0.23500024998793378,0.22880799999984447,774553600
fold_4,evaluation,2025-07-24,L-N,shoulder,6525,6273,G1,False,1.571394541009795,1.5026950000001307,0.08264858298934996,0.08220500000015818,774553600
fold_4,evaluation,2025-07-24,L-N,solar,5075,4879,G1,False,1.33068216702668,1.317569000000276,0.0764846249949187,0.07558199999994031,774553600
fold_4,evaluation,2025-07-25,L-P,pooled,17386,16714,G4,False,2.493335415958427,2.466222000000016,1.2398809159640223,1.1630810000001475,784089088
fold_4,evaluation,2025-07-25,L-R,night,5786,5562,G1,False,1.5509240010287613,1.525577000000112,0.08099124999716878,0.08060500000010506,801112064
fold_4,evaluation,2025-07-25,L-R,shoulder,6525,6273,G4,False,1.703042917069979,1.6781519999999546,0.7929017500136979,0.7874489999999241,801112064
fold_4,evaluation,2025-07-25,L-R,solar,5075,4879,G2,False,1.5048526240279898,1.4307220000000598,0.21433941699797288,0.21284100000002582,801112064
fold_4,evaluation,2025-07-25,L-N,night,5786,5562,G1,False,1.459397251077462,1.3838839999998527,0.07644800003618002,0.07564899999988484,772063232
fold_4,evaluation,2025-07-25,L-N,shoulder,6525,6273,G1,False,1.5031101669883355,1.488158999999996,0.08327179099433124,0.08269700000005287,772063232
fold_4,evaluation,2025-07-25,L-N,solar,5075,4879,G2,False,1.4301497908891179,1.4089470000001256,0.20251074997941032,0.20128399999998692,772063232
fold_4,evaluation,2025-07-26,L-P,pooled,17386,16714,G4,False,2.5163238339009695,2.4853229999998803,1.1335656250012107,1.1240519999998924,784089088
fold_4,evaluation,2025-07-26,L-R,night,5786,5562,G3,False,1.57287550001638,1.5505459999999402,0.4575804999913089,0.44821999999999207,774553600
fold_4,evaluation,2025-07-26,L-R,shoulder,6525,6273,G1,False,1.677684916940052,1.655134999999973,0.09111641603522003,0.0905680000000757,774553600
fold_4,evaluation,2025-07-26,L-R,solar,5075,4879,G2,False,1.384801458043512,1.37385200000017,0.21117575000971556,0.2099510000000464,774553600
fold_4,evaluation,2025-07-26,L-N,night,5786,5562,G1,False,1.3913836669526063,1.3758869999996932,0.07537395803956315,0.07467399999995905,801112064
fold_4,evaluation,2025-07-26,L-N,shoulder,6525,6273,G1,False,1.5382033759378828,1.5213269999999284,0.08428783301496878,0.08366700000010496,801112064
fold_4,evaluation,2025-07-26,L-N,solar,5075,4879,G1,False,1.4011877910234034,1.3809469999998782,0.07113529194612056,0.0706590000002052,801112064
fold_4,evaluation,2025-07-27,L-P,pooled,17386,16714,G1,False,2.5044138760422356,2.4747270000002572,0.16213920898735523,0.1612600000000839,772063232
fold_4,evaluation,2025-07-27,L-R,night,5786,5562,G1,False,1.5269678750191815,1.5020410000001903,0.07992279098834842,0.07950999999980013,784089088
fold_4,evaluation,2025-07-27,L-R,shoulder,6525,6273,G1,False,1.6883153750095516,1.6220969999999397,0.09122100000968203,0.09076599999980317,784089088
fold_4,evaluation,2025-07-27,L-R,solar,5075,4879,G4,False,1.4662008740124293,1.4475109999998494,0.6800828749546781,0.6755709999999908,784089088
fold_4,evaluation,2025-07-27,L-N,night,5786,5562,G1,False,1.4070525850402191,1.3866620000001149,0.07397150003816932,0.07359200000018973,772063232
fold_4,evaluation,2025-07-27,L-N,shoulder,6525,6273,G1,False,1.6089839600026608,1.579180000000406,0.08254158397903666,0.08205299999985982,772063232
fold_4,evaluation,2025-07-27,L-N,solar,5075,4879,G1,False,1.4162794169969857,1.3417759999999817,0.07194879098096862,0.07139999999981228,772063232
fold_4,evaluation,2025-07-28,L-P,pooled,17386,16714,G3,False,2.5536124580539763,2.458140000000185,0.7476936670136638,0.7422910000000229,774553600
fold_4,evaluation,2025-07-28,L-R,night,5786,5562,G1,False,1.5349928750074469,1.4620859999999993,0.08144187496509403,0.08101499999997941,801112064
fold_4,evaluation,2025-07-28,L-R,shoulder,6525,6273,G1,False,1.653086623933632,1.6316270000002078,0.09054791601374745,0.08999500000004446,801112064
fold_4,evaluation,2025-07-28,L-R,solar,5075,4879,G4,False,1.4629100830061361,1.4388260000000628,0.7222226660232991,0.7147680000000491,801112064
fold_4,evaluation,2025-07-28,L-N,night,5786,5562,G1,False,1.466297542967368,1.4423219999998764,0.07947616698220372,0.07629799999995157,784089088
fold_4,evaluation,2025-07-28,L-N,shoulder,6525,6273,G1,False,1.4955240829731338,1.4815829999997732,0.09764049999648705,0.09488299999998162,784089088
fold_4,evaluation,2025-07-28,L-N,solar,5075,4879,G1,False,1.347461499972269,1.3348340000000007,0.07396758400136605,0.07300100000020393,784089088
fold_4,evaluation,2025-07-29,L-P,pooled,17386,16714,G1,False,2.533281625015661,2.49880499999972,0.19284391700057313,0.18888300000003255,774553600
fold_4,evaluation,2025-07-29,L-R,night,5786,5562,G1,False,1.4976478340104222,1.4830590000001393,0.0859222500002943,0.08511599999997088,772063232
fold_4,evaluation,2025-07-29,L-R,shoulder,6525,6273,G1,False,1.639278000977356,1.619110999999748,0.09144037502119318,0.0908590000001368,772063232
fold_4,evaluation,2025-07-29,L-R,solar,5075,4879,G4,False,1.406884459021967,1.3945850000000064,0.7295922919875011,0.7185569999999188,772063232
fold_4,evaluation,2025-07-29,L-N,night,5786,5562,G1,False,1.4049169570207596,1.386944000000085,0.07500229100696743,0.07460700000001452,774553600
fold_4,evaluation,2025-07-29,L-N,shoulder,6525,6273,G2,False,1.5019777070265263,1.4851410000001124,0.2319940840243362,0.23051200000008976,774553600
fold_4,evaluation,2025-07-29,L-N,solar,5075,4879,G1,False,1.377844792092219,1.3597619999998187,0.0736674580257386,0.07304599999997663,774553600
fold_5,warmup,2025-12-02,L-P,pooled,17435,16763,G1,False,2.611609584011603,2.5760899999999083,0.1634563339757733,0.16246000000001004,824672256
fold_5,warmup,2025-12-02,L-R,night,5803,5579,G1,False,1.5576372089562938,1.5390019999999822,0.08321545901708305,0.08275200000002769,804962304
fold_5,warmup,2025-12-02,L-R,shoulder,6543,6291,G2,False,1.7570742510142736,1.7061189999999442,0.2510871249833144,0.24929200000008223,804962304
fold_5,warmup,2025-12-02,L-R,solar,5089,4893,G1,False,1.5548375000362284,1.5206960000000436,0.07885133294621482,0.07831700000008368,804962304
fold_5,warmup,2025-12-02,L-N,night,5803,5579,G4,False,1.4456729589728639,1.4285500000000866,0.7283294580411166,0.7182790000000523,804896768
fold_5,warmup,2025-12-02,L-N,shoulder,6543,6291,G4,False,1.5597023330046795,1.5394620000000714,0.9770090410020202,0.881354999999985,804896768
fold_5,warmup,2025-12-02,L-N,solar,5089,4893,G3,False,1.5142832499695942,1.4627500000000282,0.4775507500162348,0.4595350000000735,804896768
fold_5,warmup,2025-12-03,L-P,pooled,17435,16763,G2,False,2.6482780420337804,2.5804620000000114,0.42390737496316433,0.41877899999997226,823066624
fold_5,warmup,2025-12-03,L-R,night,5803,5579,G4,False,1.5491550830192864,1.52900000000011,0.7738854580093175,0.7641250000000355,824737792
fold_5,warmup,2025-12-03,L-R,shoulder,6543,6291,G1,False,1.6277860009577125,1.6092459999999846,0.1089355829753913,0.10447800000008556,824737792
fold_5,warmup,2025-12-03,L-R,solar,5089,4893,G1,False,1.6044545429758728,1.5449890000001005,0.10324045800371096,0.09510699999998451,824737792
fold_5,warmup,2025-12-03,L-N,night,5803,5579,G4,False,1.5835214160033502,1.536587999999938,0.8691286249668337,0.8386600000000044,804962304
fold_5,warmup,2025-12-03,L-N,shoulder,6543,6291,G3,False,1.691469833953306,1.6569700000000012,0.5714032909600064,0.5511470000000145,804962304
fold_5,warmup,2025-12-03,L-N,solar,5089,4893,G4,False,1.3174613749142736,1.3085160000001679,0.7306182089960203,0.7176930000000539,804962304
fold_5,warmup,2025-12-04,L-P,pooled,17435,16763,G1,False,2.9449259580578655,2.8067490000000817,0.1602626670501195,0.15949699999998757,823066624
fold_5,warmup,2025-12-04,L-R,night,5803,5579,G1,False,1.860742249933537,1.7374510000000782,0.10418141697300598,0.1019659999999476,824754176
fold_5,warmup,2025-12-04,L-R,shoulder,6543,6291,G2,False,1.776557707984466,1.7476959999999053,0.3007953339838423,0.29458999999997104,824754176
fold_5,warmup,2025-12-04,L-R,solar,5089,4893,G2,False,1.3938364580390044,1.3815900000000738,0.24744612496579066,0.24295999999992546,824754176
fold_5,warmup,2025-12-04,L-N,night,5803,5579,G4,False,1.5375919999205507,1.5042740000001231,0.6905905830208212,0.6836489999999458,804896768
fold_5,warmup,2025-12-04,L-N,shoulder,6543,6291,G4,False,1.629338665981777,1.599709999999959,0.8461685829679482,0.7777200000000448,804896768
fold_5,warmup,2025-12-04,L-N,solar,5089,4893,G4,False,1.3994363740785047,1.3797629999999117,0.7711341669782996,0.7523210000000518,804896768
fold_5,warmup,2025-12-05,L-P,pooled,17435,16763,G1,False,2.5573781260754913,2.525784999999928,0.19684587500523776,0.19230700000002798,823083008
fold_5,warmup,2025-12-05,L-R,night,5803,5579,G1,False,1.643131333985366,1.6094909999999345,0.07981562503846362,0.07927400000005491,823099392
fold_5,warmup,2025-12-05,L-R,shoulder,6543,6291,G1,False,1.753858458949253,1.7099589999999125,0.09479733399348333,0.09391099999993457,823099392
fold_5,warmup,2025-12-05,L-R,solar,5089,4893,G2,False,1.522420792025514,1.4486159999999018,0.21370795799884945,0.21234100000003764,823099392
fold_5,warmup,2025-12-05,L-N,night,5803,5579,G4,False,1.4678204170195386,1.4423140000000103,0.7957183750113472,0.727121000000011,824754176
fold_5,warmup,2025-12-05,L-N,shoulder,6543,6291,G2,False,1.583610706962645,1.5528480000001537,0.22729137499118224,0.225420999999983,824754176
fold_5,warmup,2025-12-05,L-N,solar,5089,4893,G4,False,1.3621283330139704,1.3482280000001765,0.7391626249882393,0.7226570000000265,824754176
fold_5,warmup,2025-12-06,L-P,pooled,17435,16763,G2,False,2.5561622510431334,2.4786889999999175,0.45261866599321365,0.44521099999997205,804962304
fold_5,warmup,2025-12-06,L-R,night,5803,5579,G1,False,1.544872166996356,1.5286809999998923,0.10314595804084092,0.100324999999998,804896768
fold_5,warmup,2025-12-06,L-R,shoulder,6543,6291,G1,False,1.6106190840364434,1.5964440000000195,0.11652829201193526,0.11294599999996535,804896768
fold_5,warmup,2025-12-06,L-R,solar,5089,4893,G1,False,1.4929004160221666,1.4635410000000775,0.08063554199179634,0.07897300000001906,804896768
fold_5,warmup,2025-12-06,L-N,night,5803,5579,G3,False,1.4885344170033932,1.4504689999998845,0.48535283299861476,0.46768200000008164,804962304
fold_5,warmup,2025-12-06,L-N,shoulder,6543,6291,G4,False,1.607883291959297,1.5750499999999192,0.9152490829583257,0.8185139999999365,804962304
fold_5,warmup,2025-12-06,L-N,solar,5089,4893,G4,False,1.3155136670684442,1.3057499999998754,0.7361991659854539,0.7218010000000277,804962304
fold_5,warmup,2025-12-07,L-P,pooled,17435,16763,G1,False,2.551724581979215,2.5064310000000205,0.17596216697711498,0.16931099999999333,823099392
fold_5,warmup,2025-12-07,L-R,night,5803,5579,G1,False,1.5627563750604168,1.5427129999999352,0.07877012505196035,0.07845599999996011,824754176
fold_5,warmup,2025-12-07,L-R,shoulder,6543,6291,G3,False,1.884219709027093,1.7685500000000047,0.5074116670293733,0.5006230000000187,824754176
fold_5,warmup,2025-12-07,L-R,solar,5089,4893,G2,False,1.487784918048419,1.455569999999966,0.2639627499738708,0.2568499999999858,824754176
fold_5,warmup,2025-12-07,L-N,night,5803,5579,G3,False,1.4028107499470934,1.3761439999999538,0.47410212497925386,0.4659830000000511,804896768
fold_5,warmup,2025-12-07,L-N,shoulder,6543,6291,G4,False,1.6386506661074236,1.6132090000000971,0.7240644170087762,0.7193180000000439,804896768
fold_5,warmup,2025-12-07,L-N,solar,5089,4893,G4,False,1.5252952099544927,1.4211439999997992,0.7921120000537485,0.7662589999999909,804896768
fold_5,warmup,2025-12-08,L-P,pooled,17435,16763,G2,False,2.7345508330035955,2.599980999999957,0.41932649997761473,0.4171239999999443,823099392
fold_5,warmup,2025-12-08,L-R,night,5803,5579,G2,False,1.6059684170177206,1.5710439999999153,0.23325716698309407,0.23025000000006912,804962304
fold_5,warmup,2025-12-08,L-R,shoulder,6543,6291,G4,False,1.8307388329412788,1.7732319999998936,0.7959610830293968,0.7847300000000814,804962304
fold_5,warmup,2025-12-08,L-R,solar,5089,4893,G1,False,1.4941142079187557,1.4690180000000055,0.07480791700072587,0.07435099999997874,804962304
fold_5,warmup,2025-12-08,L-N,night,5803,5579,G4,False,1.5138659169897437,1.4783220000000483,0.7455975419725291,0.7329770000000053,823099392
fold_5,warmup,2025-12-08,L-N,shoulder,6543,6291,G4,False,1.5825317920534872,1.5583489999999074,0.7281434580218047,0.7228790000000345,823099392
fold_5,warmup,2025-12-08,L-N,solar,5089,4893,G4,False,1.418111001024954,1.398490000000038,0.7975764169823378,0.7574399999999741,823099392
fold_5,warmup,2025-12-09,L-P,pooled,17435,16763,G1,False,2.6276487919385545,2.5842669999998407,0.18771254201419652,0.18238900000005742,824754176
fold_5,warmup,2025-12-09,L-R,night,5803,5579,G1,False,1.6943645020364784,1.6379099999999198,0.0828342079767026,0.08063100000003942,804896768
fold_5,warmup,2025-12-09,L-R,shoulder,6543,6291,G2,False,1.8553399580996484,1.7624769999998762,0.2550116250058636,0.25294300000007297,804896768
fold_5,warmup,2025-12-09,L-R,solar,5089,4893,G1,False,1.4372405399917625,1.4185989999998583,0.07512774999486282,0.07469300000002477,804896768
fold_5,warmup,2025-12-09,L-N,night,5803,5579,G4,False,1.4320581669453532,1.3940240000000585,0.7301296250079758,0.7197889999999916,824754176
fold_5,warmup,2025-12-09,L-N,shoulder,6543,6291,G4,False,1.659067417087499,1.6315450000001874,0.7348409999976866,0.7303180000000111,824754176
fold_5,warmup,2025-12-09,L-N,solar,5089,4893,G3,False,1.5591308329603635,1.4662010000001828,0.451980417012237,0.4433359999999311,824754176
fold_5,warmup,2025-12-10,L-P,pooled,17435,16763,G2,False,2.7469523330801167,2.636517000000026,0.40852799999993294,0.40652000000000044,804962304
fold_5,warmup,2025-12-10,L-R,night,5803,5579,G4,False,1.6853289590217173,1.5951789999999164,0.832377583021298,0.8161450000000059,823099392
fold_5,warmup,2025-12-10,L-R,shoulder,6543,6291,G2,False,1.683227624045685,1.66069600000003,0.26854612497845665,0.2649539999999888,823099392
fold_5,warmup,2025-12-10,L-R,solar,5089,4893,G1,False,1.5091696680756286,1.4842869999999948,0.0983985000057146,0.09532600000000002,823099392
fold_5,warmup,2025-12-10,L-N,night,5803,5579,G4,False,1.492050332017243,1.4603290000000015,0.6992370410007425,0.6929939999999988,804962304
fold_5,warmup,2025-12-10,L-N,shoulder,6543,6291,G3,False,1.5854659989709035,1.562571999999932,0.5155814160243608,0.5066949999999224,804962304
fold_5,warmup,2025-12-10,L-N,solar,5089,4893,G4,False,1.4110111259506084,1.390937000000008,0.694388416945003,0.6804250000000138,804962304
fold_5,warmup,2025-12-11,L-P,pooled,17435,16763,G1,False,2.6702219589496963,2.619326999999771,0.1847301249508746,0.18233199999997396,804896768
fold_5,warmup,2025-12-11,L-R,night,5803,5579,G1,False,1.5764595829532482,1.5537649999999985,0.08169487497070804,0.08121100000005299,824754176
fold_5,warmup,2025-12-11,L-R,shoulder,6543,6291,G1,False,1.9109391669626348,1.8163720000000012,0.11326824995921925,0.10999900000001617,824754176
fold_5,warmup,2025-12-11,L-R,solar,5089,4893,G2,False,1.4609408740652725,1.4371029999999791,0.2194939170149155,0.21715600000004542,824754176
fold_5,warmup,2025-12-11,L-N,night,5803,5579,G2,False,1.3961586239165626,1.3763329999999314,0.22869291703682393,0.22519799999997758,804896768
fold_5,warmup,2025-12-11,L-N,shoulder,6543,6291,G4,False,1.8507381250383332,1.7535929999997961,0.780841416970361,0.7714189999999235,804896768
fold_5,warmup,2025-12-11,L-N,solar,5089,4893,G3,False,1.3571384570095688,1.3437640000000783,0.45341433299472556,0.4457639999999401,804896768
fold_5,warmup,2025-12-12,L-P,pooled,17435,16763,G1,False,2.7326659580576234,2.633432999999968,0.21823395800311118,0.21226500000000215,823099392
fold_5,warmup,2025-12-12,L-R,night,5803,5579,G1,False,1.802487583947368,1.7051530000001094,0.08964095800183713,0.08798799999999574,804962304
fold_5,warmup,2025-12-12,L-R,shoulder,6543,6291,G2,False,1.6765004589688033,1.6535939999999982,0.24688125000102445,0.24452899999994315,804962304
fold_5,warmup,2025-12-12,L-R,solar,5089,4893,G1,False,1.417526041972451,1.4057140000001027,0.07558762497501448,0.07520099999999275,804962304
fold_5,warmup,2025-12-12,L-N,night,5803,5579,G4,False,1.5495333330472931,1.5220440000000508,0.6849464580300264,0.6798240000000533,823099392
fold_5,warmup,2025-12-12,L-N,shoulder,6543,6291,G3,False,1.6782859589438885,1.655130000000213,0.48613150004530326,0.4809410000000298,823099392
fold_5,warmup,2025-12-12,L-N,solar,5089,4893,G4,False,1.3834205009043217,1.3663360000000466,0.6564616670366377,0.6521579999999858,823099392
fold_5,warmup,2025-12-13,L-P,pooled,17435,16763,G1,False,2.582286206947174,2.547048000000018,0.17912187497131526,0.17690300000003845,824754176
fold_5,warmup,2025-12-13,L-R,night,5803,5579,G1,False,1.5209052499267273,1.5031210000000783,0.07973104197299108,0.0793149999999514,804896768
fold_5,warmup,2025-12-13,L-R,shoulder,6543,6291,G2,False,1.7088823330122977,1.6841539999999213,0.2552234580507502,0.2535490000000209,804896768
fold_5,warmup,2025-12-13,L-R,solar,5089,4893,G1,False,1.4143463328946382,1.4030520000000024,0.07559041702188551,0.07506700000010369,804896768
fold_5,warmup,2025-12-13,L-N,night,5803,5579,G4,False,1.4060038750176318,1.388019000000213,0.7334977500140667,0.7228400000000192,824754176
fold_5,warmup,2025-12-13,L-N,shoulder,6543,6291,G3,False,1.5752077921060845,1.5109420000001137,0.5628817080287263,0.5461480000000165,824754176
fold_5,warmup,2025-12-13,L-N,solar,5089,4893,G4,False,1.3975195410312153,1.3814109999999573,0.6597652500495315,0.6549979999999778,824754176
fold_5,warmup,2025-12-14,L-P,pooled,17435,16763,G1,False,2.5905125409481116,2.5563829999999825,0.1632749589625746,0.16241999999999734,804962304
fold_5,warmup,2025-12-14,L-R,night,5803,5579,G2,False,1.5199741660035215,1.451463000000217,0.22978900000452995,0.22830399999998008,823099392
fold_5,warmup,2025-12-14,L-R,shoulder,6543,6291,G1,False,1.624655540974345,1.6105909999999994,0.09052183403400704,0.0899810000000798,823099392
fold_5,warmup,2025-12-14,L-R,solar,5089,4893,G1,False,1.5127553340862505,1.4893609999999171,0.07577716698870063,0.07535399999994752,823099392
fold_5,warmup,2025-12-14,L-N,night,5803,5579,G4,False,1.4174219160922803,1.350349000000051,0.7547717920388095,0.7412789999999632,804896768
fold_5,warmup,2025-12-14,L-N,shoulder,6543,6291,G3,False,1.515219042019453,1.5017629999999826,0.4529481659992598,0.4501460000000179,804896768
fold_5,warmup,2025-12-14,L-N,solar,5089,4893,G4,False,1.422545332054142,1.4021540000001096,0.650263375020586,0.6465709999999945,804896768
fold_5,warmup,2025-12-15,L-P,pooled,17435,16763,G1,False,2.6108272500569,2.5234870000000456,0.16201774997171015,0.16123399999992216,804962304
fold_5,warmup,2025-12-15,L-R,night,5803,5579,G1,False,1.489396457967814,1.4772670000000971,0.08007120800903067,0.07966899999996713,824754176
fold_5,warmup,2025-12-15,L-R,shoulder,6543,6291,G1,False,1.729946207953617,1.7048360000000002,0.09118054201826453,0.09064599999999245,824754176
fold_5,warmup,2025-12-15,L-R,solar,5089,4893,G2,False,1.4167440829332918,1.4043449999999211,0.2147823750274256,0.21343400000000656,824754176
fold_5,warmup,2025-12-15,L-N,night,5803,5579,G1,False,1.401305874926038,1.390630000000101,0.0755035420297645,0.0750269999999773,804962304
fold_5,warmup,2025-12-15,L-N,shoulder,6543,6291,G3,False,1.549142082920298,1.5326270000000477,0.4552268339903094,0.45203300000002855,804962304
fold_5,warmup,2025-12-15,L-N,solar,5089,4893,G4,False,1.3446689170086756,1.3311189999999442,0.7053415830014274,0.6954459999999472,804962304
fold_5,warmup,2025-12-16,L-P,pooled,17435,16763,G1,False,2.5890275000128895,2.55504099999996,0.16258304205257446,0.1617109999999684,823099392
fold_5,warmup,2025-12-16,L-R,night,5803,5579,G1,False,1.5981649580644444,1.5731480000000602,0.08148674998665228,0.08098800000004758,804896768
fold_5,warmup,2025-12-16,L-R,shoulder,6543,6291,G1,False,1.8591227910947055,1.7959560000001602,0.1157753340085037,0.11258599999996477,804896768
fold_5,warmup,2025-12-16,L-R,solar,5089,4893,G1,False,1.5453178340685554,1.449045999999953,0.09690183302154765,0.09173499999997148,804896768
fold_5,warmup,2025-12-16,L-N,night,5803,5579,G1,False,1.4081929160747677,1.3900670000000446,0.0820507500320673,0.08116200000006302,823099392
fold_5,warmup,2025-12-16,L-N,shoulder,6543,6291,G4,False,1.644253789971117,1.6155420000001186,0.7769684999948367,0.768369000000007,823099392
fold_5,warmup,2025-12-16,L-N,solar,5089,4893,G2,False,1.5184511249535717,1.4796079999999847,0.2663200829993002,0.2581480000000056,823099392
fold_5,warmup,2025-12-17,L-P,pooled,17435,16763,G1,False,2.6390497920219786,2.5307119999998804,0.19476437498815358,0.1901900000000296,824754176
fold_5,warmup,2025-12-17,L-R,night,5803,5579,G2,False,1.7089989999658428,1.6097760000000108,0.25142787501681596,0.24222899999995207,804962304
fold_5,warmup,2025-12-17,L-R,shoulder,6543,6291,G1,False,1.6752102499594912,1.6542870000000676,0.0896219169953838,0.08912599999996473,804962304
fold_5,warmup,2025-12-17,L-R,solar,5089,4893,G1,False,1.5978147089481354,1.5628149999998868,0.07447020802646875,0.07413899999994555,804962304
fold_5,warmup,2025-12-17,L-N,night,5803,5579,G2,False,1.6225834989454597,1.5625729999998157,0.20828516699839383,0.207129000000009,824754176
fold_5,warmup,2025-12-17,L-N,shoulder,6543,6291,G4,False,1.5550845839898102,1.528774999999996,0.7388243330060504,0.7318460000000186,824754176
fold_5,warmup,2025-12-17,L-N,solar,5089,4893,G3,False,1.3613187079899944,1.3481230000001005,0.41319674998521805,0.41018399999995836,824754176
fold_5,warmup,2025-12-18,L-P,pooled,17435,16763,G1,False,2.535231335030403,2.510505999999964,0.1652466249652207,0.1631600000000617,804896768
fold_5,warmup,2025-12-18,L-R,night,5803,5579,G1,False,1.5738518759608269,1.5459979999999405,0.08056229201611131,0.08014300000002095,823099392
fold_5,warmup,2025-12-18,L-R,shoulder,6543,6291,G1,False,1.7463720820378512,1.6966189999999415,0.11409329198068008,0.11113199999999779,823099392
fold_5,warmup,2025-12-18,L-R,solar,5089,4893,G1,False,1.4346177079714835,1.4213209999999208,0.08601904101669788,0.08358299999997598,823099392
fold_5,warmup,2025-12-18,L-N,night,5803,5579,G4,False,1.461219790915493,1.4350259999998798,0.6912190419971012,0.6830260000000408,804962304
fold_5,warmup,2025-12-18,L-N,shoulder,6543,6291,G4,False,1.657207542040851,1.6266350000000784,0.7173070830176584,0.7131239999999934,804962304
fold_5,warmup,2025-12-18,L-N,solar,5089,4893,G4,False,1.4761148759280331,1.394369000000097,0.76218591601355,0.7465740000000096,804962304
fold_5,warmup,2025-12-19,L-P,pooled,17435,16763,G1,False,2.6119890839909203,2.570498999999927,0.25222379103070125,0.1830889999999954,804896768
fold_5,warmup,2025-12-19,L-R,night,5803,5579,G2,False,1.6102496649837121,1.524658000000045,0.28284145798534155,0.27623700000003737,824754176
fold_5,warmup,2025-12-19,L-R,shoulder,6543,6291,G1,False,1.6194159999722615,1.6036930000000211,0.08943620801437646,0.08909499999992931,824754176
fold_5,warmup,2025-12-19,L-R,solar,5089,4893,G1,False,1.5773667920148,1.546282000000133,0.07732966600451618,0.07686599999999544,824754176
fold_5,warmup,2025-12-19,L-N,night,5803,5579,G4,False,1.4612836669548415,1.4412629999998217,0.7956961670424789,0.777877999999987,804896768
fold_5,warmup,2025-12-19,L-N,shoulder,6543,6291,G4,False,1.6121741668903269,1.584634999999821,0.8598783749621361,0.842049999999972,804896768
fold_5,warmup,2025-12-19,L-N,solar,5089,4893,G2,False,1.374354790954385,1.3597160000000486,0.2004766659811139,0.19952299999999923,804896768
fold_5,warmup,2025-12-20,L-P,pooled,17435,16763,G1,False,2.621873791969847,2.584451000000172,0.1594389589736238,0.15889099999992595,823099392
fold_5,warmup,2025-12-20,L-R,night,5803,5579,G1,False,1.6047602510079741,1.5770069999999805,0.09189737500855699,0.09116800000003877,804962304
fold_5,warmup,2025-12-20,L-R,shoulder,6543,6291,G1,False,1.6712840420077555,1.652449000000047,0.11508874996798113,0.11153600000000097,804962304
fold_5,warmup,2025-12-20,L-R,solar,5089,4893,G1,False,1.4947287500835955,1.4727369999998245,0.07454708399018273,0.07424200000002656,804962304
fold_5,warmup,2025-12-20,L-N,night,5803,5579,G4,False,1.5609352919855155,1.53196899999989,0.7559360410086811,0.7415290000000141,823099392
fold_5,warmup,2025-12-20,L-N,shoulder,6543,6291,G2,False,1.7086755831260234,1.6689300000000458,0.2863187919720076,0.2813820000000078,823099392
fold_5,warmup,2025-12-20,L-N,solar,5089,4893,G4,False,1.2772758749779314,1.2710199999999077,0.6606683749705553,0.6563869999999952,823099392
fold_5,warmup,2025-12-21,L-P,pooled,17435,16763,G1,False,2.69630229100585,2.650007999999957,0.1588999999803491,0.15829199999996035,824754176
fold_5,warmup,2025-12-21,L-R,night,5803,5579,G1,False,1.4245840000221506,1.418034999999918,0.07928770896978676,0.07886400000006688,804896768
fold_5,warmup,2025-12-21,L-R,shoulder,6543,6291,G1,False,1.9183457490289584,1.8675599999999122,0.09402154199779034,0.09292800000002899,804896768
fold_5,warmup,2025-12-21,L-R,solar,5089,4893,G1,False,1.572978165000677,1.543863999999985,0.09768083301605657,0.09504000000003998,804896768
fold_5,warmup,2025-12-21,L-N,night,5803,5579,G4,False,1.4260057920473628,1.4096700000000055,0.842199208040256,0.8208750000000009,824754176
fold_5,warmup,2025-12-21,L-N,shoulder,6543,6291,G4,False,1.6427207499509677,1.6143230000001267,0.8979544580215588,0.8733570000000555,824754176
fold_5,warmup,2025-12-21,L-N,solar,5089,4893,G1,False,1.533432082971558,1.492964000000029,0.08253016701200977,0.08081900000001951,824754176
fold_5,warmup,2025-12-22,L-P,pooled,17435,16763,G1,False,2.828291541081853,2.760016000000064,0.16004504199372604,0.1590280000000348,804962304
fold_5,warmup,2025-12-22,L-R,night,5803,5579,G1,False,1.6838044169126078,1.6443160000000034,0.0971478340215981,0.09464200000002165,823099392
fold_5,warmup,2025-12-22,L-R,shoulder,6543,6291,G1,False,1.6286921260179952,1.6135610000000042,0.10943904198938981,0.10714999999993324,823099392
fold_5,warmup,2025-12-22,L-R,solar,5089,4893,G1,False,1.6876120429951698,1.6463829999999007,0.10936654196120799,0.1064489999999978,823099392
fold_5,warmup,2025-12-22,L-N,night,5803,5579,G1,False,1.5176352079724893,1.493466999999896,0.10583458299515769,0.1029559999999492,804896768
fold_5,warmup,2025-12-22,L-N,shoulder,6543,6291,G2,False,1.5160056669265032,1.4989389999999503,0.2745392920332961,0.2691469999999754,804896768
fold_5,warmup,2025-12-22,L-N,solar,5089,4893,G2,False,1.529187375039328,1.4983140000000503,0.19778783299261704,0.19692400000008092,804896768
fold_5,warmup,2025-12-23,L-P,pooled,17435,16763,G1,False,2.9116314159473404,2.8519300000000385,0.16510395897785202,0.16431099999999788,804962304
fold_5,warmup,2025-12-23,L-R,night,5803,5579,G1,False,1.5383666260167956,1.5216699999998582,0.07936458400217816,0.07895199999995839,824754176
fold_5,warmup,2025-12-23,L-R,shoulder,6543,6291,G1,False,1.6216743760742247,1.60560200000009,0.08832954202080145,0.08786600000007638,824754176
fold_5,warmup,2025-12-23,L-R,solar,5089,4893,G1,False,1.510517000046093,1.4881859999998142,0.07430945796659216,0.07375200000001314,824754176
fold_5,warmup,2025-12-23,L-N,night,5803,5579,G1,False,1.452615375048481,1.4359620000000177,0.07536550000077114,0.07495700000004035,804962304
fold_5,warmup,2025-12-23,L-N,shoulder,6543,6291,G1,False,1.477615749987308,1.469534999999837,0.10099479102063924,0.09909200000004148,804962304
fold_5,warmup,2025-12-23,L-N,solar,5089,4893,G1,False,1.4435258319717832,1.4223419999998441,0.07547395903384313,0.07126200000004701,804962304
fold_5,warmup,2025-12-24,L-P,pooled,17435,16763,G1,False,2.6655549979186617,2.632362999999941,0.16783141699852422,0.16683199999999943,823099392
fold_5,warmup,2025-12-24,L-R,night,5803,5579,G1,False,1.5516314579872414,1.5340569999999616,0.07870695798192173,0.07843400000001566,804896768
fold_5,warmup,2025-12-24,L-R,shoulder,6543,6291,G1,False,1.748274167010095,1.719530000000077,0.11082258395617828,0.10755800000004001,804896768
fold_5,warmup,2025-12-24,L-R,solar,5089,4893,G1,False,1.4288977090618573,1.4122739999999112,0.07424337498378009,0.07387099999994007,804896768
fold_5,warmup,2025-12-24,L-N,night,5803,5579,G4,False,1.4599997909972444,1.4408089999999447,0.7914510419941507,0.7748589999999922,823099392
fold_5,warmup,2025-12-24,L-N,shoulder,6543,6291,G1,False,1.6664950419217348,1.6342089999999416,0.11562629201216623,0.11066600000003746,823099392
fold_5,warmup,2025-12-24,L-N,solar,5089,4893,G1,False,1.4806174989207648,1.4563410000000658,0.07076358399353921,0.07030100000008588,823099392
fold_5,warmup,2025-12-25,L-P,pooled,17435,16763,G1,False,2.6805724989972077,2.6432949999999664,0.20736275002127513,0.20236599999998361,824754176
fold_5,warmup,2025-12-25,L-R,night,5803,5579,G1,False,1.6292007499141619,1.6004399999998213,0.09634183399612084,0.09544500000004064,804962304
fold_5,warmup,2025-12-25,L-R,shoulder,6543,6291,G1,False,1.8509767080540769,1.8040240000001404,0.08943058300064877,0.08894999999995434,804962304
fold_5,warmup,2025-12-25,L-R,solar,5089,4893,G1,False,1.5174191680271178,1.4892189999999346,0.07488625001860783,0.07442600000001676,804962304
fold_5,warmup,2025-12-25,L-N,night,5803,5579,G4,False,1.4690572910476476,1.4485429999998587,0.8341213339590468,0.8153710000000274,824754176
fold_5,warmup,2025-12-25,L-N,shoulder,6543,6291,G1,False,1.5746338330791332,1.5562680000001592,0.09315437497571111,0.09194999999999709,824754176
fold_5,warmup,2025-12-25,L-N,solar,5089,4893,G1,False,1.565007583994884,1.527943000000164,0.0721338750445284,0.07173999999997704,824754176
fold_5,warmup,2025-12-26,L-P,pooled,17435,16763,G1,False,2.7715949570410885,2.7149919999998247,0.19165287498617545,0.1863629999999148,804896768
fold_5,warmup,2025-12-26,L-R,night,5803,5579,G1,False,1.6148142909514718,1.5818309999999656,0.08077149995369837,0.08030599999995047,823099392
fold_5,warmup,2025-12-26,L-R,shoulder,6543,6291,G1,False,1.7824884170549922,1.747115000000008,0.08825700002489612,0.08787000000006628,823099392
fold_5,warmup,2025-12-26,L-R,solar,5089,4893,G1,False,1.4659082500147633,1.4474430000000211,0.07425654196413234,0.073929000000021,823099392
fold_5,warmup,2025-12-26,L-N,night,5803,5579,G4,False,1.4450520009850152,1.4284929999998894,0.7546843750169501,0.7451869999999872,804896768
fold_5,warmup,2025-12-26,L-N,shoulder,6543,6291,G1,False,1.687705543008633,1.6596159999999145,0.08406487497268245,0.08357499999999618,804896768
fold_5,warmup,2025-12-26,L-N,solar,5089,4893,G1,False,1.3884080419666134,1.3681470000000218,0.08905000000959262,0.08640800000000581,804896768
fold_5,warmup,2025-12-27,L-P,pooled,17435,16763,G1,False,2.666193667042535,2.6268179999999575,0.16107479197671637,0.16006800000002386,804962304
fold_5,warmup,2025-12-27,L-R,night,5803,5579,G1,False,1.6122327069169842,1.584267000000068,0.10125058400444686,0.09887400000002344,824754176
fold_5,warmup,2025-12-27,L-R,shoulder,6543,6291,G1,False,1.9928959169774316,1.9370969999999943,0.11178183305310085,0.11102900000003046,824754176
fold_5,warmup,2025-12-27,L-R,solar,5089,4893,G1,False,1.443424791970756,1.4254799999999932,0.08098408399382606,0.08047500000009222,824754176
fold_5,warmup,2025-12-27,L-N,night,5803,5579,G1,False,1.5904369569616392,1.5550590000000284,0.07272370904684067,0.07249500000000353,804962304
fold_5,warmup,2025-12-27,L-N,shoulder,6543,6291,G1,False,1.801454292028211,1.7582630000000563,0.10417574999155477,0.10142900000005284,804962304
fold_5,warmup,2025-12-27,L-N,solar,5089,4893,G1,False,1.408101248962339,1.3900750000000244,0.09360804199241102,0.09098299999993742,804962304
fold_5,warmup,2025-12-28,L-P,pooled,17435,16763,G1,False,2.866281917085871,2.810214999999971,0.1957374589983374,0.19221700000002784,823099392
fold_5,warmup,2025-12-28,L-R,night,5803,5579,G1,False,1.743538374954369,1.7006489999999985,0.09477908402914181,0.09239200000001802,804896768
fold_5,warmup,2025-12-28,L-R,shoulder,6543,6291,G1,False,1.6698017510352656,1.6491300000000138,0.09354254201753065,0.09288200000003144,804896768
fold_5,warmup,2025-12-28,L-R,solar,5089,4893,G1,False,1.541313748981338,1.5147220000000061,0.07513683300931007,0.07456600000000435,804896768
fold_5,warmup,2025-12-28,L-N,night,5803,5579,G4,False,1.4995629580225796,1.4761499999999614,0.7427444169879891,0.729184000000032,823099392
fold_5,warmup,2025-12-28,L-N,shoulder,6543,6291,G1,False,1.5975522920489311,1.5204239999999345,0.08281962503679097,0.08245300000010047,823099392
fold_5,warmup,2025-12-28,L-N,solar,5089,4893,G1,False,1.328588124946691,1.3200559999999086,0.07707783300429583,0.07598600000005717,823099392
fold_5,warmup,2025-12-29,L-P,pooled,17435,16763,G1,False,2.662495874974411,2.624323000000004,0.16613208298804238,0.16507400000000416,824754176
fold_5,warmup,2025-12-29,L-R,night,5803,5579,G1,False,1.5413123740581796,1.5253359999999248,0.0916658749920316,0.08986399999992045,804962304
fold_5,warmup,2025-12-29,L-R,shoulder,6543,6291,G1,False,1.6846075840294361,1.6015860000001112,0.09050620900234208,0.09010899999998401,804962304
fold_5,warmup,2025-12-29,L-R,solar,5089,4893,G1,False,1.3910255410592072,1.3788629999999102,0.07524041598662734,0.07484999999996944,804962304
fold_5,warmup,2025-12-29,L-N,night,5803,5579,G1,False,1.4086612919927575,1.3981539999999768,0.07398350001312792,0.073498000000086,824754176
fold_5,warmup,2025-12-29,L-N,shoulder,6543,6291,G2,False,1.5385050420300104,1.5227670000000444,0.2850839580059983,0.27539999999999054,824754176
fold_5,warmup,2025-12-29,L-N,solar,5089,4893,G1,False,1.449821499059908,1.3643970000000536,0.07368033297825605,0.07331099999998969,824754176
fold_5,warmup,2025-12-30,L-P,pooled,17435,16763,G1,False,2.619865292974282,2.526563999999894,0.18788708397187293,0.18474800000001323,804896768
fold_5,warmup,2025-12-30,L-R,night,5803,5579,G1,False,1.5362343329470605,1.5208640000000742,0.08124695799779147,0.08037100000001374,804962304
fold_5,warmup,2025-12-30,L-R,shoulder,6543,6291,G1,False,1.6597785830381326,1.6393360000000712,0.09046983299776912,0.09011799999996128,804962304
fold_5,warmup,2025-12-30,L-R,solar,5089,4893,G1,False,1.5717587909311987,1.5433459999999286,0.07801566697889939,0.07758899999998903,804962304
fold_5,warmup,2025-12-30,L-N,night,5803,5579,G4,False,1.4373853329452686,1.4238189999999804,0.7090149580035359,0.7006509999999935,823099392
fold_5,warmup,2025-12-30,L-N,shoulder,6543,6291,G2,False,1.5698937489651144,1.5519439999998212,0.23047045903513208,0.22937400000000707,823099392
fold_5,warmup,2025-12-30,L-N,solar,5089,4893,G1,False,1.4930842500762083,1.467807000000107,0.0714809579658322,0.07067200000005869,823099392
fold_5,admission,2025-12-31,L-P,pooled,17435,16763,G1,False,2.7168156249681488,2.674763999999982,0.16516854200745001,0.16399599999999737,804896768
fold_5,admission,2025-12-31,L-R,night,5803,5579,G1,False,1.5773788340156898,1.5578309999999647,0.10419595800340176,0.10105399999997644,824754176
fold_5,admission,2025-12-31,L-R,shoulder,6543,6291,G1,False,1.7091909180162475,1.636081999999874,0.0974102079635486,0.09452899999996589,824754176
fold_5,admission,2025-12-31,L-R,solar,5089,4893,G1,False,1.3603348329779692,1.350977999999941,0.08323795802425593,0.08170299999994768,824754176
fold_5,admission,2025-12-31,L-N,night,5803,5579,G4,False,1.4657840840518475,1.4474450000001298,0.6630990839912556,0.660129999999981,804896768
fold_5,admission,2025-12-31,L-N,shoulder,6543,6291,G1,False,1.6466121668927372,1.6181759999999485,0.08635962498374283,0.08588300000008076,804896768
fold_5,admission,2025-12-31,L-N,solar,5089,4893,G1,False,1.4668840429512784,1.3898769999999558,0.07202937500551343,0.07117700000003424,804896768
fold_5,admission,2026-01-01,L-P,pooled,17435,16763,G1,False,2.6048764169681817,2.520152000000053,0.17271524999523535,0.1710689999999886,804962304
fold_5,admission,2026-01-01,L-R,night,5803,5579,G1,False,1.6046220419812016,1.531366999999932,0.08165870804805309,0.08113600000001497,823099392
fold_5,admission,2026-01-01,L-R,shoulder,6543,6291,G1,False,1.621682500001043,1.6059609999999793,0.09170629200525582,0.0913749999999709,823099392
fold_5,admission,2026-01-01,L-R,solar,5089,4893,G1,False,1.5251686669653282,1.4993360000000848,0.07586641702800989,0.0753709999999046,823099392
fold_5,admission,2026-01-01,L-N,night,5803,5579,G2,False,1.5374442089232616,1.508956000000012,0.20767783402698115,0.20661299999994753,824754176
fold_5,admission,2026-01-01,L-N,shoulder,6543,6291,G1,False,1.7068968759849668,1.6739259999999376,0.08450520900078118,0.08403199999997923,824754176
fold_5,admission,2026-01-01,L-N,solar,5089,4893,G1,False,1.3670840830309317,1.3562329999999747,0.06999441602965817,0.06972400000006473,824754176
fold_5,admission,2026-01-02,L-P,pooled,17435,16763,G1,False,2.6799190000165254,2.644743999999946,0.16133954201359302,0.16055800000003728,804962304
fold_5,admission,2026-01-02,L-R,night,5803,5579,G1,False,1.5187788330367766,1.5055000000000973,0.07936058298218995,0.07898199999999633,804896768
fold_5,admission,2026-01-02,L-R,shoulder,6543,6291,G1,False,1.7829499999643303,1.7477219999998397,0.10882004199083894,0.1059579999999869,804896768
fold_5,admission,2026-01-02,L-R,solar,5089,4893,G1,False,1.4691924979561009,1.443475999999805,0.09636683302232996,0.09389499999997497,804896768
fold_5,admission,2026-01-02,L-N,night,5803,5579,G4,False,1.529033457976766,1.5022889999999052,0.7029617499792948,0.6965059999999994,804962304
fold_5,admission,2026-01-02,L-N,shoulder,6543,6291,G2,False,1.5694109580363147,1.5528670000001057,0.22585733397863805,0.22464899999999943,804962304
fold_5,admission,2026-01-02,L-N,solar,5089,4893,G1,False,1.5195648749941029,1.4883920000000899,0.13464029203169048,0.07732899999996334,804962304
fold_5,admission,2026-01-03,L-P,pooled,17435,16763,G1,False,2.7606985429883935,2.716769999999997,0.19908529199892655,0.19248800000002575,823099392
fold_5,admission,2026-01-03,L-R,night,5803,5579,G1,False,1.688352333032526,1.6551960000000463,0.08258583297720179,0.08209999999996853,824754176
fold_5,admission,2026-01-03,L-R,shoulder,6543,6291,G1,False,1.706823082990013,1.6828380000000607,0.09526445803930983,0.09448099999997339,824754176
fold_5,admission,2026-01-03,L-R,solar,5089,4893,G1,False,1.4755624989629723,1.409364000000096,0.09615825000219047,0.09305600000004688,824754176
fold_5,admission,2026-01-03,L-N,night,5803,5579,G2,False,1.5961638750741258,1.5129620000001296,0.22023537498898804,0.21741300000007868,823099392
fold_5,admission,2026-01-03,L-N,shoulder,6543,6291,G2,False,1.518423667002935,1.5066810000000714,0.2715028750244528,0.26602600000001075,823099392
fold_5,admission,2026-01-03,L-N,solar,5089,4893,G1,False,1.4525926670175977,1.4296780000001945,0.08653704100288451,0.08506800000009207,823099392
fold_5,admission,2026-01-04,L-P,pooled,17435,16763,G1,False,2.7431274160044268,2.6437199999999166,0.20672029099659994,0.2008739999999989,804896768
fold_5,admission,2026-01-04,L-R,night,5803,5579,G2,False,1.5908861250500195,1.5676979999999503,0.22744337504263967,0.22612600000002203,804962304
fold_5,admission,2026-01-04,L-R,shoulder,6543,6291,G1,False,1.7072673329384997,1.6857569999999669,0.09087558399187401,0.09049400000003516,804962304
fold_5,admission,2026-01-04,L-R,solar,5089,4893,G1,False,1.550813624926377,1.5188540000001467,0.07811191701330245,0.07769699999994373,804962304
fold_5,admission,2026-01-04,L-N,night,5803,5579,G4,False,1.400196540984325,1.3894679999999653,0.7584035419858992,0.7464650000000574,804896768
fold_5,admission,2026-01-04,L-N,shoulder,6543,6291,G2,False,1.5456658329931088,1.4800669999999627,0.24998204194707796,0.24690800000007584,804896768
fold_5,admission,2026-01-04,L-N,solar,5089,4893,G1,False,1.5431480009574443,1.5090840000000298,0.07374308299040422,0.07341099999996459,804896768
fold_5,admission,2026-01-05,L-P,pooled,17435,16763,G1,False,2.733362166036386,2.686117000000081,0.18477387499297038,0.1822899999999663,824754176
fold_5,admission,2026-01-05,L-R,night,5803,5579,G1,False,1.744660624070093,1.7076350000000957,0.08920899999793619,0.08742799999993167,823099392
fold_5,admission,2026-01-05,L-R,shoulder,6543,6291,G1,False,1.781630251032766,1.7485940000001392,0.09418575000017881,0.09300500000006195,823099392
fold_5,admission,2026-01-05,L-R,solar,5089,4893,G1,False,1.4330832090345211,1.3671170000000075,0.07507458300096914,0.0747239999999465,823099392
fold_5,admission,2026-01-05,L-N,night,5803,5579,G3,False,1.4272647899924777,1.3658660000000964,0.43877775000873953,0.4342100000000073,824754176
fold_5,admission,2026-01-05,L-N,shoulder,6543,6291,G2,False,1.8674397490685806,1.815429999999992,0.25779516698094085,0.25632999999993444,824754176
fold_5,admission,2026-01-05,L-N,solar,5089,4893,G1,False,1.5371934180147946,1.4992949999998473,0.07023941696388647,0.06979599999999664,824754176
fold_5,admission,2026-01-06,L-P,pooled,17435,16763,G4,False,2.756403709005099,2.659044999999992,1.3889745839987881,1.345811000000026,804962304
fold_5,admission,2026-01-06,L-R,night,5803,5579,G4,False,1.676216000050772,1.6385709999998426,0.8886923750396818,0.8649429999999256,804896768
fold_5,admission,2026-01-06,L-R,shoulder,6543,6291,G1,False,1.646289042022545,1.6257040000000416,0.12693133298307657,0.12140600000009272,804896768
fold_5,admission,2026-01-06,L-R,solar,5089,4893,G1,False,1.6075629589613527,1.5708509999998341,0.07547400001203641,0.07518100000004324,804896768
fold_5,admission,2026-01-06,L-N,night,5803,5579,G1,False,1.6919628749601543,1.6502360000000635,0.09413924999535084,0.09152800000003936,823099392
fold_5,admission,2026-01-06,L-N,shoulder,6543,6291,G2,False,1.6055635839584284,1.5809220000001005,0.2248166250064969,0.22373700000002827,823099392
fold_5,admission,2026-01-06,L-N,solar,5089,4893,G1,False,1.4412518760072999,1.4192880000000514,0.07055841700639576,0.07023500000002514,823099392
fold_5,warmup,2026-01-07,L-P,pooled,17435,16763,G1,False,2.6387984590255655,2.6072060000000192,0.2158815839793533,0.20866899999998623,804962304
fold_5,warmup,2026-01-07,L-R,night,5803,5579,G4,False,1.5158898319932632,1.5017250000000786,0.8757321659941226,0.8536000000000286,824754176
fold_5,warmup,2026-01-07,L-R,shoulder,6543,6291,G2,False,1.601101918029599,1.5312099999998736,0.25048941699787974,0.2459719999999379,824754176
fold_5,warmup,2026-01-07,L-R,solar,5089,4893,G1,False,1.3075745420064777,1.300785000000019,0.07707833399763331,0.07557999999994536,824754176
fold_5,warmup,2026-01-07,L-N,night,5803,5579,G4,False,1.3261599999968894,1.3180899999999838,0.6741396670113318,0.661658999999986,804962304
fold_5,warmup,2026-01-07,L-N,shoulder,6543,6291,G4,False,1.434924624976702,1.4279220000000805,0.7028735420317389,0.6981799999999794,804962304
fold_5,warmup,2026-01-07,L-N,solar,5089,4893,G1,False,1.343049082905054,1.2743769999998449,0.07107612502295524,0.07062400000006619,804962304
fold_5,evaluation,2026-01-08,L-P,pooled,17435,16763,G2,False,2.5837994160247035,2.553184999999985,0.4048339160508476,0.4017599999999675,801112064
fold_5,evaluation,2026-01-08,L-R,night,5803,5579,G1,False,1.484201373939868,1.4710770000003777,0.08087587496265769,0.08037500000000364,784089088
fold_5,evaluation,2026-01-08,L-R,shoulder,6543,6291,G1,False,1.7729115429683588,1.6823349999999664,0.09225270798197016,0.09164400000008754,784089088
fold_5,evaluation,2026-01-08,L-R,solar,5089,4893,G1,False,1.41000975004863,1.3945420000000013,0.07780012500006706,0.07736399999998866,784089088
fold_5,evaluation,2026-01-08,L-N,night,5803,5579,G3,False,1.415842249058187,1.400267999999869,0.4141294590081088,0.4113480000000891,801112064
fold_5,evaluation,2026-01-08,L-N,shoulder,6543,6291,G1,False,1.5687360829906538,1.5485530000000836,0.0840028750244528,0.08349599999996826,801112064
fold_5,evaluation,2026-01-08,L-N,solar,5089,4893,G1,False,1.5224420429440215,1.4420689999999468,0.07241004204843193,0.07193200000006073,801112064
fold_5,evaluation,2026-01-09,L-P,pooled,17435,16763,G2,False,2.648267457028851,2.554362000000083,0.42652883304981515,0.4224220000000969,772063232
fold_5,evaluation,2026-01-09,L-R,night,5803,5579,G4,False,1.6428304149885662,1.5596909999999298,0.7465734169818461,0.7396470000001045,774553600
fold_5,evaluation,2026-01-09,L-R,shoulder,6543,6291,G4,False,1.646691916976124,1.6268529999999828,0.8374700829735957,0.8246390000001611,774553600
fold_5,evaluation,2026-01-09,L-R,solar,5089,4893,G1,False,1.4650615010177717,1.4446540000001278,0.07662129198433831,0.07607599999982995,774553600
fold_5,evaluation,2026-01-09,L-N,night,5803,5579,G2,False,1.4593000839813612,1.4389520000001994,0.21189895900897682,0.21032900000000154,784089088
fold_5,evaluation,2026-01-09,L-N,shoulder,6543,6291,G2,False,1.6118060841108672,1.5832499999999072,0.23047825001413003,0.2288779999998951,784089088
fold_5,evaluation,2026-01-09,L-N,solar,5089,4893,G1,False,1.3774280430516228,1.3609630000000834,0.07222104200627655,0.07168000000001484,784089088
fold_5,evaluation,2026-01-10,L-P,pooled,17435,16763,G3,False,2.64181154203834,2.607212999999774,0.7878206670284271,0.7804499999999734,772063232
fold_5,evaluation,2026-01-10,L-R,night,5803,5579,G2,False,1.5471100830473006,1.5296030000001792,0.23680549999698997,0.233951000000161,801112064
fold_5,evaluation,2026-01-10,L-R,shoulder,6543,6291,G3,False,1.6308153739082627,1.614448000000266,0.4837531250086613,0.48000500000011925,801112064
fold_5,evaluation,2026-01-10,L-R,solar,5089,4893,G2,False,1.4694589180289768,1.440902000000051,0.21501837502000853,0.21375800000009804,801112064
fold_5,evaluation,2026-01-10,L-N,night,5803,5579,G3,False,1.4953544570016675,1.4687129999999797,0.4338004590244964,0.42338900000004287,772063232
fold_5,evaluation,2026-01-10,L-N,shoulder,6543,6291,G4,False,1.5529291660059243,1.5357329999999365,0.7542555000400171,0.7439620000000104,772063232
fold_5,evaluation,2026-01-10,L-N,solar,5089,4893,G2,False,1.3614967489847913,1.3478539999998702,0.20739133295137435,0.2059079999999085,772063232
fold_5,evaluation,2026-01-11,L-P,pooled,17435,16763,G3,False,2.5605642089503817,2.532385999999633,0.7405755419749767,0.7355150000000776,774553600
fold_5,evaluation,2026-01-11,L-R,night,5803,5579,G3,False,1.5289914179593325,1.5133909999995012,0.44438933301717043,0.4415639999999712,784089088
fold_5,evaluation,2026-01-11,L-R,shoulder,6543,6291,G4,False,1.6662727069924586,1.6425060000001395,0.7965149590163492,0.7908819999997831,784089088
fold_5,evaluation,2026-01-11,L-R,solar,5089,4893,G2,False,1.504882289969828,1.4216000000001259,0.2149863329832442,0.21336300000007213,784089088
fold_5,evaluation,2026-01-11,L-N,night,5803,5579,G3,False,1.5124150009360164,1.4291149999999107,0.44017091701971367,0.43299500000011903,801112064
fold_5,evaluation,2026-01-11,L-N,shoulder,6543,6291,G4,False,1.5383851249935105,1.5234550000000127,0.78065912501188,0.7686280000000352,801112064
fold_5,evaluation,2026-01-11,L-N,solar,5089,4893,G1,False,1.3800124990520999,1.3616450000001805,0.07221045799087733,0.07183899999995447,801112064
fold_5,evaluation,2026-01-12,L-P,pooled,17435,16763,G4,False,2.6878705840790644,2.5874419999997826,1.1323490420472808,1.1254030000000057,774553600
fold_5,evaluation,2026-01-12,L-R,night,5803,5579,G3,False,1.5341708749183454,1.5145919999999933,0.4611019580042921,0.4568100000001323,772063232
fold_5,evaluation,2026-01-12,L-R,shoulder,6543,6291,G4,False,1.63795779296197,1.6220040000000608,0.8132087499834597,0.8048220000000583,772063232
fold_5,evaluation,2026-01-12,L-R,solar,5089,4893,G4,False,1.4286261679953896,1.4097190000002229,0.7559486669488251,0.7426470000000336,772063232
fold_5,evaluation,2026-01-12,L-N,night,5803,5579,G3,False,1.4217685839976184,1.4068400000003294,0.47368341602850705,0.46250800000007075,784089088
fold_5,evaluation,2026-01-12,L-N,shoulder,6543,6291,G1,False,1.5684250830090605,1.548422999999957,0.08324245800031349,0.08285899999987123,784089088
fold_5,evaluation,2026-01-12,L-N,solar,5089,4893,G2,False,1.3678967920131981,1.351251999999704,0.20631654100725427,0.20453999999995176,784089088
fold_5,evaluation,2026-01-13,L-P,pooled,17435,16763,G2,False,2.639552915992681,2.6027120000001105,0.4057796249981038,0.4032159999999294,774553600
fold_5,evaluation,2026-01-13,L-R,night,5803,5579,G4,False,1.549766001990065,1.5315069999996922,0.778698209032882,0.7682550000001811,801112064
fold_5,evaluation,2026-01-13,L-R,shoulder,6543,6291,G1,False,1.6121728760190308,1.597398000000112,0.09548854100285098,0.09467700000004697,801112064
fold_5,evaluation,2026-01-13,L-R,solar,5089,4893,G2,False,1.4599870000383817,1.3840840000000298,0.23419883399037644,0.2300199999999677,801112064
fold_5,evaluation,2026-01-13,L-N,night,5803,5579,G4,False,1.4484657499706373,1.4315630000000965,0.7855047089979053,0.71205800000007,774553600
fold_5,evaluation,2026-01-13,L-N,shoulder,6543,6291,G2,False,1.5602629169588909,1.5406030000001465,0.26315129100112244,0.25630100000012135,774553600
fold_5,evaluation,2026-01-13,L-N,solar,5089,4893,G1,False,1.3411965820705518,1.3283610000000863,0.07258641597582027,0.07214499999986401,774553600
fold_5,evaluation,2026-01-14,L-P,pooled,17435,16763,G2,False,2.5882401250419207,2.507199000000128,0.43666533299256116,0.43022799999994277,772063232
fold_5,evaluation,2026-01-14,L-R,night,5803,5579,G4,False,1.5760186240659095,1.5014780000001338,0.7322167500387877,0.7258010000000468,784089088
fold_5,evaluation,2026-01-14,L-R,shoulder,6543,6291,G2,False,1.6479571660165675,1.6286459999998897,0.25179449998540804,0.2500750000001517,784089088
fold_5,evaluation,2026-01-14,L-R,solar,5089,4893,G1,False,1.4486267089960165,1.425771000000168,0.07627020799554884,0.07527600000003076,784089088
fold_5,evaluation,2026-01-14,L-N,night,5803,5579,G3,False,1.4597833750885911,1.4391660000001139,0.4179073330014944,0.414209000000028,801112064
fold_5,evaluation,2026-01-14,L-N,shoulder,6543,6291,G2,False,1.5878145819879137,1.565121999999974,0.26081233302829787,0.25535100000001876,801112064
fold_5,evaluation,2026-01-14,L-N,solar,5089,4893,G4,False,1.3722557080327533,1.3575409999998556,0.7018502910505049,0.6918000000000575,801112064
fold_5,evaluation,2026-01-15,L-P,pooled,17435,16763,G1,False,2.642297749989666,2.6049759999998514,0.16486887499922886,0.16382699999985562,772063232
fold_5,evaluation,2026-01-15,L-R,night,5803,5579,G1,False,1.5325892509426922,1.513964999999871,0.08056658296845853,0.08012200000007397,774553600
fold_5,evaluation,2026-01-15,L-R,shoulder,6543,6291,G1,False,1.686101874918677,1.6606860000001689,0.1194603749900125,0.11496699999997873,774553600
fold_5,evaluation,2026-01-15,L-R,solar,5089,4893,G1,False,1.4168046259437688,1.3951610000001438,0.08155275002354756,0.08019899999999325,774553600
fold_5,evaluation,2026-01-15,L-N,night,5803,5579,G2,False,1.4982332910294645,1.4690309999996316,0.25253037497168407,0.24599800000009964,772063232
fold_5,evaluation,2026-01-15,L-N,shoulder,6543,6291,G3,False,1.6325877089984715,1.6066579999999249,0.4774307500338182,0.47085500000002867,772063232
fold_5,evaluation,2026-01-15,L-N,solar,5089,4893,G1,False,1.461561415984761,1.3864479999997457,0.0879008750198409,0.08491499999990992,772063232
fold_5,evaluation,2026-01-16,L-P,pooled,17435,16763,G2,False,2.682586208858993,2.6429880000000594,0.48526229098206386,0.4250979999999345,784089088
fold_5,evaluation,2026-01-16,L-R,night,5803,5579,G4,False,1.6671537929214537,1.590502000000015,0.7936287919874303,0.7804959999998573,801112064
fold_5,evaluation,2026-01-16,L-R,shoulder,6543,6291,G1,False,1.6441939579090104,1.6264279999998053,0.09432437497889623,0.09363100000018676,801112064
fold_5,evaluation,2026-01-16,L-R,solar,5089,4893,G1,False,1.4704335000133142,1.445566000000099,0.07563733396818861,0.0752629999999499,801112064
fold_5,evaluation,2026-01-16,L-N,night,5803,5579,G1,False,1.5335247089969926,1.4536960000002637,0.08284404198639095,0.08139500000015687,774553600
fold_5,evaluation,2026-01-16,L-N,shoulder,6543,6291,G2,False,1.6154277069726959,1.5901170000001912,0.22863191697979346,0.22717099999999846,774553600
fold_5,evaluation,2026-01-16,L-N,solar,5089,4893,G1,False,1.3978647920303047,1.3792560000001686,0.07068458397407085,0.07032200000003286,774553600
fold_5,evaluation,2026-01-17,L-P,pooled,17435,16763,G2,False,2.652629667019937,2.6149689999997463,0.4403363749734126,0.4341580000000249,784089088
fold_5,evaluation,2026-01-17,L-R,night,5803,5579,G1,False,1.5972868749522604,1.5691509999999198,0.09023904200876132,0.08892000000014377,772063232
fold_5,evaluation,2026-01-17,L-R,shoulder,6543,6291,G4,False,1.7776812510564923,1.6908919999996215,0.8094150419929065,0.8018560000000434,772063232
fold_5,evaluation,2026-01-17,L-R,solar,5089,4893,G1,False,1.3879900829633698,1.3748349999996208,0.07626254198839888,0.07574299999987488,772063232
fold_5,evaluation,2026-01-17,L-N,night,5803,5579,G1,False,1.4452849180088378,1.4244659999994838,0.07396079099271446,0.07361900000000787,784089088
fold_5,evaluation,2026-01-17,L-N,shoulder,6543,6291,G1,False,1.6395331670646556,1.601765999999543,0.08351400005631149,0.08287400000017442,784089088
fold_5,evaluation,2026-01-17,L-N,solar,5089,4893,G3,False,1.3984561669640243,1.3819180000002689,0.4755397079861723,0.4168560000000525,784089088
fold_5,evaluation,2026-01-18,L-P,pooled,17435,16763,G1,False,2.7370518330135383,2.6377070000000913,0.17350999999325722,0.17127499999992324,774553600
fold_5,evaluation,2026-01-18,L-R,night,5803,5579,G1,False,1.5521717489464208,1.5317630000001827,0.08361954096471891,0.08292499999993197,801112064
fold_5,evaluation,2026-01-18,L-R,shoulder,6543,6291,G3,False,1.6570948339649476,1.6399089999999887,0.5958133339881897,0.5253390000000309,801112064
fold_5,evaluation,2026-01-18,L-R,solar,5089,4893,G1,False,1.441353291098494,1.417361000000028,0.09722691704519093,0.09499000000005253,801112064
fold_5,evaluation,2026-01-18,L-N,night,5803,5579,G3,False,1.4529298329143785,1.4301269999998567,0.41727170802187175,0.4142540000000281,774553600
fold_5,evaluation,2026-01-18,L-N,shoulder,6543,6291,G2,False,1.6349951250012964,1.5988019999999779,0.23950804199557751,0.23477900000011687,774553600
fold_5,evaluation,2026-01-18,L-N,solar,5089,4893,G1,False,1.447939624893479,1.3823930000003202,0.0731982080033049,0.07265299999994568,774553600
fold_5,evaluation,2026-01-19,L-P,pooled,17435,16763,G2,False,2.605844957055524,2.5768349999998463,0.48460620804689825,0.42114200000014534,772063232
fold_5,evaluation,2026-01-19,L-R,night,5803,5579,G3,False,1.565564124903176,1.5464929999998276,0.4605025830096565,0.4560510000001159,784089088
fold_5,evaluation,2026-01-19,L-R,shoulder,6543,6291,G4,False,1.6523757070535794,1.632251000000224,0.8547669590334408,0.8411539999999604,784089088
fold_5,evaluation,2026-01-19,L-R,solar,5089,4893,G1,False,1.5197643340216018,1.4325730000000476,0.07651645800797269,0.07618100000013328,784089088
fold_5,evaluation,2026-01-19,L-N,night,5803,5579,G1,False,1.4786399580189027,1.4531940000001669,0.09895570896333084,0.09314600000016071,801112064
fold_5,evaluation,2026-01-19,L-N,shoulder,6543,6291,G2,False,1.5812172089354135,1.5564170000000104,0.22755266597960144,0.22579100000007202,801112064
fold_5,evaluation,2026-01-19,L-N,solar,5089,4893,G1,False,1.3595028750714846,1.345333000000437,0.0730399580206722,0.07255099999997583,801112064
fold_5,evaluation,2026-01-20,L-P,pooled,17435,16763,G2,False,2.638315334043,2.5968890000001466,0.44476679200306535,0.4363779999998769,772063232
fold_5,evaluation,2026-01-20,L-R,night,5803,5579,G4,False,1.5550764169893228,1.5355699999997796,0.7526801669737324,0.7432490000001053,774553600
fold_5,evaluation,2026-01-20,L-R,shoulder,6543,6291,G4,False,1.6858501669485122,1.6559030000003077,0.8636443339637481,0.7959710000000086,774553600
fold_5,evaluation,2026-01-20,L-R,solar,5089,4893,G1,False,1.4488047499908134,1.4259329999999864,0.07763691700529307,0.0770980000002055,774553600
fold_5,evaluation,2026-01-20,L-N,night,5803,5579,G1,False,1.4226592920604162,1.4052780000001803,0.07465862500248477,0.07420500000011998,772063232
fold_5,evaluation,2026-01-20,L-N,shoulder,6543,6291,G4,False,1.6437167499680072,1.5573449999999411,0.7687985420343466,0.7591190000000552,772063232
fold_5,evaluation,2026-01-20,L-N,solar,5089,4893,G3,False,1.431226082961075,1.4056410000000596,0.4065660000196658,0.40332599999987906,772063232
fold_5,evaluation,2026-01-21,L-P,pooled,17435,16763,G2,False,2.6073223329731263,2.5713740000001053,0.41186612501041964,0.4076829999999063,784089088
fold_5,evaluation,2026-01-21,L-R,night,5803,5579,G1,False,1.608630001079291,1.5825660000000425,0.08044345903908834,0.07986499999992702,801112064
fold_5,evaluation,2026-01-21,L-R,shoulder,6543,6291,G4,False,1.7088004589895718,1.6786939999999504,0.8181366249918938,0.8112269999999171,801112064
fold_5,evaluation,2026-01-21,L-R,solar,5089,4893,G1,False,1.4446019160095602,1.413747999999714,0.14842170901829377,0.08604700000000776,801112064
fold_5,evaluation,2026-01-21,L-N,night,5803,5579,G4,False,1.447349667956587,1.421243000000004,0.7451806670287624,0.6825059999998757,784089088
fold_5,evaluation,2026-01-21,L-N,shoulder,6543,6291,G3,False,1.5178171659936197,1.5034159999997883,0.485619459010195,0.47892000000001644,784089088
fold_5,evaluation,2026-01-21,L-N,solar,5089,4893,G4,False,1.4559117909520864,1.4297069999997802,0.7040422079735436,0.6926379999999881,784089088
fold_5,evaluation,2026-01-22,L-P,pooled,17435,16763,G3,False,2.653179750952404,2.614492999999811,0.7642402920173481,0.7555689999999231,774553600
fold_5,evaluation,2026-01-22,L-R,night,5803,5579,G1,False,1.5631122920894995,1.5412039999996523,0.10880449996329844,0.1055469999998877,772063232
fold_5,evaluation,2026-01-22,L-R,shoulder,6543,6291,G4,False,1.6338121680309996,1.616121000000021,0.812000917037949,0.8012989999999718,772063232
fold_5,evaluation,2026-01-22,L-R,solar,5089,4893,G1,False,1.409887915942818,1.3884259999999813,0.07536687498213723,0.07482000000004518,772063232
fold_5,evaluation,2026-01-22,L-N,night,5803,5579,G4,False,1.4214482519309968,1.4042849999998452,0.7034268329734914,0.6952559999999721,801112064
fold_5,evaluation,2026-01-22,L-N,shoulder,6543,6291,G2,False,1.5952961249859072,1.5712550000000647,0.23375966696767136,0.23182300000007672,801112064
fold_5,evaluation,2026-01-22,L-N,solar,5089,4893,G1,False,1.3576901669730432,1.3450760000000628,0.07585258298786357,0.0746009999998023,801112064
fold_5,evaluation,2026-01-23,L-P,pooled,17435,16763,G1,False,2.559095001022797,2.5338500000000295,0.17171887500444427,0.1695209999998042,774553600
fold_5,evaluation,2026-01-23,L-R,night,5803,5579,G2,False,1.5028376260888763,1.487423999999919,0.24289324996061623,0.23927099999991697,784089088
fold_5,evaluation,2026-01-23,L-R,shoulder,6543,6291,G4,False,1.7018200409947895,1.623341999999866,0.8222165419720113,0.8117149999998219,784089088
fold_5,evaluation,2026-01-23,L-R,solar,5089,4893,G1,False,1.4351143330568448,1.4176930000000993,0.08373441698495299,0.08213000000000648,784089088
fold_5,evaluation,2026-01-23,L-N,night,5803,5579,G1,False,1.4793733329861425,1.4570129999997334,0.0739938750048168,0.0735819999999876,774553600
fold_5,evaluation,2026-01-23,L-N,shoulder,6543,6291,G4,False,1.5482414170983247,1.5295709999998053,0.762121332983952,0.7533479999999599,774553600
fold_5,evaluation,2026-01-23,L-N,solar,5089,4893,G4,False,1.459354583057575,1.3848069999996824,0.6613711669924669,0.6517780000001494,774553600
fold_5,evaluation,2026-01-24,L-P,pooled,17435,16763,G1,False,2.6218118749093264,2.5275789999998324,0.16455258300993592,0.16325899999992544,772063232
fold_5,evaluation,2026-01-24,L-R,night,5803,5579,G4,False,1.6004465839941986,1.525651999999809,0.7764569169958122,0.7612859999999273,801112064
fold_5,evaluation,2026-01-24,L-R,shoulder,6543,6291,G1,False,1.6551420830655843,1.631680999999844,0.10475870803929865,0.10217499999998836,801112064
fold_5,evaluation,2026-01-24,L-R,solar,5089,4893,G1,False,1.4556569181149825,1.4374339999999393,0.08424470800673589,0.08310000000005857,801112064
fold_5,evaluation,2026-01-24,L-N,night,5803,5579,G1,False,1.3861416248837486,1.3726520000002438,0.0917598339729011,0.08861500000011802,772063232
fold_5,evaluation,2026-01-24,L-N,shoulder,6543,6291,G2,False,1.5747121249441989,1.5482810000000882,0.23830545897362754,0.2363350000000537,772063232
fold_5,evaluation,2026-01-24,L-N,solar,5089,4893,G1,False,1.3709074590587988,1.3547390000001087,0.07201754202833399,0.07150300000012066,772063232
fold_5,evaluation,2026-01-25,L-P,pooled,17435,16763,G1,False,2.4940295009873807,2.4609359999997196,0.19226270803483203,0.18758600000001024,784089088
fold_5,evaluation,2026-01-25,L-R,night,5803,5579,G4,False,1.5603791659814306,1.5359270000001288,0.7601140409824438,0.7497479999999541,774553600
fold_5,evaluation,2026-01-25,L-R,shoulder,6543,6291,G4,False,1.7480754159623757,1.6525989999997819,0.8042364160064608,0.7955030000000534,774553600
fold_5,evaluation,2026-01-25,L-R,solar,5089,4893,G1,False,1.4488586249644868,1.426922999999988,0.0780308329849504,0.07740600000011,774553600
fold_5,evaluation,2026-01-25,L-N,night,5803,5579,G1,False,1.4450778330792673,1.4207710000000588,0.07597433298360556,0.0753540000000612,784089088
fold_5,evaluation,2026-01-25,L-N,shoulder,6543,6291,G2,False,1.6051513339625672,1.5195519999997487,0.23087279102765024,0.22928499999989072,784089088
fold_5,evaluation,2026-01-25,L-N,solar,5089,4893,G4,False,1.3601222910219803,1.3435100000001512,0.6715274580055848,0.6646549999998115,784089088
fold_5,evaluation,2026-01-26,L-P,pooled,17435,16763,G2,False,2.51838945801137,2.4857599999998,0.4201052919961512,0.4163029999999708,801112064
fold_5,evaluation,2026-01-26,L-R,night,5803,5579,G4,False,1.5090566260623746,1.4891340000001492,0.7480597919784486,0.7406220000000303,772063232
fold_5,evaluation,2026-01-26,L-R,shoulder,6543,6291,G1,False,1.6757819159538485,1.6521790000001602,0.09188008395722136,0.09122500000012224,772063232
fold_5,evaluation,2026-01-26,L-R,solar,5089,4893,G1,False,1.5445172100444324,1.4529390000000149,0.07636800000909716,0.07570000000009713,772063232
fold_5,evaluation,2026-01-26,L-N,night,5803,5579,G1,False,1.509476583043579,1.4212350000002516,0.07980879204114899,0.07864500000005137,801112064
fold_5,evaluation,2026-01-26,L-N,shoulder,6543,6291,G4,False,1.5209280400304124,1.5019250000002557,0.7843634160235524,0.7698600000001079,801112064
fold_5,evaluation,2026-01-26,L-N,solar,5089,4893,G1,False,1.395401042944286,1.3713620000000901,0.0713555829715915,0.07094400000005407,801112064
fold_5,evaluation,2026-01-27,L-P,pooled,17435,16763,G2,False,2.512603458017111,2.482407000000194,0.4439363330020569,0.43673999999987245,784089088
fold_5,evaluation,2026-01-27,L-R,night,5803,5579,G1,False,1.5201372900046408,1.4935640000003332,0.0820782920345664,0.08118199999989884,774553600
fold_5,evaluation,2026-01-27,L-R,shoulder,6543,6291,G1,False,1.7031206251122057,1.6793149999998604,0.09192641696427017,0.09136999999986983,774553600
fold_5,evaluation,2026-01-27,L-R,solar,5089,4893,G1,False,1.4944309179554693,1.4709429999998065,0.0993048750096932,0.09597200000007433,774553600
fold_5,evaluation,2026-01-27,L-N,night,5803,5579,G1,False,1.3913938329787925,1.3771499999998014,0.09029820800060406,0.08801600000015242,772063232
fold_5,evaluation,2026-01-27,L-N,shoulder,6543,6291,G3,False,1.58916687394958,1.5646089999997912,0.5030855830409564,0.49454599999990023,772063232
fold_5,evaluation,2026-01-27,L-N,solar,5089,4893,G1,False,1.3824747080216184,1.3630299999997533,0.07064200000604615,0.07022299999994175,772063232
fold_5,evaluation,2026-01-28,L-P,pooled,17435,16763,G1,False,2.54369445896009,2.504779000000326,0.1615883749909699,0.1605250000000069,784089088
fold_5,evaluation,2026-01-28,L-R,night,5803,5579,G1,False,1.5834777080453932,1.558942999999772,0.08062587497988716,0.08011600000008912,801112064
fold_5,evaluation,2026-01-28,L-R,shoulder,6543,6291,G1,False,1.7757105830241926,1.6913210000000163,0.0917799579910934,0.09123499999986961,801112064
fold_5,evaluation,2026-01-28,L-R,solar,5089,4893,G1,False,1.4499602919677272,1.4294669999999314,0.07627512502949685,0.07560300000000097,801112064
fold_5,evaluation,2026-01-28,L-N,night,5803,5579,G1,False,1.418121624912601,1.40037499999994,0.07508883299306035,0.07450700000003962,774553600
fold_5,evaluation,2026-01-28,L-N,shoulder,6543,6291,G4,False,1.485342042054981,1.4723219999998491,0.7798337500425987,0.7680190000000948,774553600
fold_5,evaluation,2026-01-28,L-N,solar,5089,4893,G1,False,1.4755592900328338,1.3915200000001278,0.07191237498773262,0.07143600000017614,774553600
fold_5,evaluation,2026-01-29,L-P,pooled,17435,16763,G1,False,2.5954317100113258,2.5056949999998324,0.1633995840093121,0.16210900000010042,784089088
fold_5,evaluation,2026-01-29,L-R,night,5803,5579,G1,False,1.5447744169505313,1.5073319999999057,0.09598187502706423,0.09347000000002481,772063232
fold_5,evaluation,2026-01-29,L-R,shoulder,6543,6291,G1,False,1.6458219579653814,1.6268470000002253,0.11620958300773054,0.11291000000005624,772063232
fold_5,evaluation,2026-01-29,L-R,solar,5089,4893,G1,False,1.4289897509734146,1.412873999999647,0.076367833011318,0.07584399999996094,772063232
fold_5,evaluation,2026-01-29,L-N,night,5803,5579,G1,False,1.372053332044743,1.3599930000000313,0.09088587498990819,0.08895000000006803,784089088
fold_5,evaluation,2026-01-29,L-N,shoulder,6543,6291,G4,False,1.582883416034747,1.5563240000001315,0.7999544590129517,0.786640000000034,784089088
fold_5,evaluation,2026-01-29,L-N,solar,5089,4893,G2,False,1.3817763749393634,1.3631669999997484,0.20667895796941593,0.20527100000003884,784089088
fold_5,evaluation,2026-01-30,L-P,pooled,17435,16763,G1,False,2.4508277500863187,2.4225980000001073,0.17274858395103365,0.17062699999996767,801112064
fold_5,evaluation,2026-01-30,L-R,night,5803,5579,G1,False,1.572126082959585,1.5487389999998413,0.10293195798294619,0.09959699999990335,774553600
fold_5,evaluation,2026-01-30,L-R,shoulder,6543,6291,G1,False,1.6685898759169504,1.645551999999725,0.11337395798182115,0.10967399999981353,774553600
fold_5,evaluation,2026-01-30,L-R,solar,5089,4893,G1,False,1.444394250982441,1.4251560000002428,0.09333708300255239,0.0904849999999442,774553600
fold_5,evaluation,2026-01-30,L-N,night,5803,5579,G1,False,1.53047095797956,1.4986860000001343,0.07526475004851818,0.07453999999984262,801112064
fold_5,evaluation,2026-01-30,L-N,shoulder,6543,6291,G4,False,1.5961385410628282,1.5684909999995398,0.7298883340554312,0.7245769999999538,801112064
fold_5,evaluation,2026-01-30,L-N,solar,5089,4893,G2,False,1.3861325000762008,1.3696460000001025,0.20291837496915832,0.20139000000017404,801112064
fold_5,evaluation,2026-01-31,L-P,pooled,17435,16763,G1,False,2.5985699159791693,2.55561200000011,0.16278350003995,0.1615830000000642,772063232
fold_5,evaluation,2026-01-31,L-R,night,5803,5579,G1,False,1.5469081249902956,1.523580999999922,0.09332624997477978,0.0910039999998844,784089088
fold_5,evaluation,2026-01-31,L-R,shoulder,6543,6291,G2,False,1.6161201240611263,1.6016769999998814,0.2714462919975631,0.2668060000000878,784089088
fold_5,evaluation,2026-01-31,L-R,solar,5089,4893,G1,False,1.4682566260453314,1.3918240000000424,0.08196416695136577,0.08088000000020656,784089088
fold_5,evaluation,2026-01-31,L-N,night,5803,5579,G2,False,1.4100033329450525,1.3925480000002608,0.24361120903631672,0.23703199999999924,772063232
fold_5,evaluation,2026-01-31,L-N,shoulder,6543,6291,G3,False,1.4977844179375097,1.4841699999999491,0.49105920805595815,0.482340000000022,772063232
fold_5,evaluation,2026-01-31,L-N,solar,5089,4893,G2,False,1.400280458969064,1.3275610000000597,0.21529662504326552,0.21070699999995668,772063232
fold_5,evaluation,2026-02-01,L-P,pooled,17435,16763,G2,False,2.5205171239795163,2.436036999999942,0.41381554200779647,0.41036800000006224,774553600
fold_5,evaluation,2026-02-01,L-R,night,5803,5579,G1,False,1.503044957993552,1.4871980000000349,0.08086629101308063,0.08024399999999332,801112064
fold_5,evaluation,2026-02-01,L-R,shoulder,6543,6291,G4,False,1.6402540410635993,1.6250409999997828,0.7932969160028733,0.7859589999998207,801112064
fold_5,evaluation,2026-02-01,L-R,solar,5089,4893,G1,False,1.4563556259963661,1.438874999999598,0.0778722909744829,0.0764689999998609,801112064
fold_5,evaluation,2026-02-01,L-N,night,5803,5579,G2,False,1.4644836679799482,1.4405350000001818,0.21528262505307794,0.21316799999999603,774553600
fold_5,evaluation,2026-02-01,L-N,shoulder,6543,6291,G4,False,1.5292667089379393,1.5085749999996096,0.8108103750273585,0.7457499999998163,774553600
fold_5,evaluation,2026-02-01,L-N,solar,5089,4893,G3,False,1.3558773749973625,1.342683999999963,0.4079720419831574,0.4047160000000076,774553600
fold_5,evaluation,2026-02-02,L-P,pooled,17435,16763,G1,False,2.4948590010753833,2.464997000000267,0.16501316701760516,0.16370300000016869,784089088
fold_5,evaluation,2026-02-02,L-R,night,5803,5579,G1,False,1.5088179999729618,1.4923260000000482,0.08191125001758337,0.0810750000000553,772063232
fold_5,evaluation,2026-02-02,L-R,shoulder,6543,6291,G1,False,1.769174706947524,1.6846429999998236,0.09137320902664214,0.09071199999993951,772063232
fold_5,evaluation,2026-02-02,L-R,solar,5089,4893,G1,False,1.4307230421109125,1.416258000000198,0.07622149999951944,0.07574899999985973,772063232
fold_5,evaluation,2026-02-02,L-N,night,5803,5579,G1,False,1.4266354169812985,1.4079760000001897,0.07442866603378206,0.07397200000013981,784089088
fold_5,evaluation,2026-02-02,L-N,shoulder,6543,6291,G2,False,1.5034499579924159,1.4854129999998804,0.24088687502080575,0.2380510000000413,784089088
fold_5,evaluation,2026-02-02,L-N,solar,5089,4893,G3,False,1.4108500010333955,1.3500729999998384,0.4367134589701891,0.43047699999988254,784089088
fold_5,evaluation,2026-02-03,L-P,pooled,17435,16763,G1,False,2.584757042059209,2.4937710000001516,0.16477366600884125,0.1635839999999007,801112064
fold_5,evaluation,2026-02-03,L-R,night,5803,5579,G4,False,1.50607962498907,1.4859150000002046,0.7418395830318332,0.7355440000001181,772063232
fold_5,evaluation,2026-02-03,L-R,shoulder,6543,6291,G1,False,1.6695667499443516,1.647495999999819,0.09109112498117611,0.09060699999986355,772063232
fold_5,evaluation,2026-02-03,L-R,solar,5089,4893,G1,False,1.4225127489771694,1.405898999999863,0.09267645899672061,0.09036300000002484,772063232
fold_5,evaluation,2026-02-03,L-N,night,5803,5579,G1,False,1.3940152919967659,1.3770620000000235,0.07476962497457862,0.07414999999991778,774553600
fold_5,evaluation,2026-02-03,L-N,shoulder,6543,6291,G2,False,1.5790311250602826,1.5567969999999605,0.2309973330120556,0.22927200000003722,774553600
fold_5,evaluation,2026-02-03,L-N,solar,5089,4893,G2,False,1.3519653340335935,1.3386569999997846,0.20977616700110957,0.20455199999992146,774553600
fold_5,evaluation,2026-02-04,L-P,pooled,17435,16763,G1,False,2.4605495820287615,2.4319450000000415,0.16324737499235198,0.16195799999991323,801112064
fold_5,evaluation,2026-02-04,L-R,night,5803,5579,G1,False,1.5218957079923712,1.5006329999998798,0.08461579197319224,0.08383800000001429,784089088
fold_5,evaluation,2026-02-04,L-R,shoulder,6543,6291,G1,False,1.6434554170118645,1.6280360000000655,0.11213708395371214,0.10964500000000044,784089088
fold_5,evaluation,2026-02-04,L-R,solar,5089,4893,G1,False,1.4278074590838514,1.410223999999971,0.07664433401077986,0.0759250000000975,784089088
fold_5,evaluation,2026-02-04,L-N,night,5803,5579,G1,False,1.4732625000178814,1.4515590000000884,0.07523645798210055,0.07468100000005506,801112064
fold_5,evaluation,2026-02-04,L-N,shoulder,6543,6291,G4,False,1.6194818340591155,1.540826000000152,0.727068624983076,0.7216980000000603,801112064
fold_5,evaluation,2026-02-04,L-N,solar,5089,4893,G4,False,1.3523244579555467,1.3398450000001958,0.6620677500031888,0.6567059999999856,801112064
fold_5,evaluation,2026-02-05,L-P,pooled,17435,16763,G1,False,2.4416648750193417,2.418323999999984,0.17591420898679644,0.17260499999997592,774553600
fold_5,evaluation,2026-02-05,L-R,night,5803,5579,G2,False,1.50434695801232,1.489458999999897,0.23247037502005696,0.2303150000000187,772063232
fold_5,evaluation,2026-02-05,L-R,shoulder,6543,6291,G1,False,1.6368139570113271,1.6156879999996363,0.09383866697316989,0.093103999999812,772063232
fold_5,evaluation,2026-02-05,L-R,solar,5089,4893,G1,False,1.567320374015253,1.479287000000113,0.07619945798069239,0.07560199999988981,772063232
fold_5,evaluation,2026-02-05,L-N,night,5803,5579,G1,False,1.5156211670255288,1.4283179999995355,0.0737039580126293,0.07334599999990132,784089088
fold_5,evaluation,2026-02-05,L-N,shoulder,6543,6291,G4,False,1.5247456669458188,1.5075250000002143,0.7467145419795997,0.7394590000001244,784089088
fold_5,evaluation,2026-02-05,L-N,solar,5089,4893,G1,False,1.351459248980973,1.3354519999998047,0.07151824998436496,0.07064700000000812,784089088
fold_5,evaluation,2026-02-06,L-P,pooled,17435,16763,G1,False,2.5647467089584097,2.469284000000016,0.1665385410306044,0.16447900000002846,774553600
fold_5,evaluation,2026-02-06,L-R,night,5803,5579,G1,False,1.493829832994379,1.4777710000000752,0.0818760420079343,0.0812780000001112,801112064
fold_5,evaluation,2026-02-06,L-R,shoulder,6543,6291,G1,False,1.6407547910348512,1.6221099999997932,0.09174354100832716,0.09115799999995033,801112064
fold_5,evaluation,2026-02-06,L-R,solar,5089,4893,G1,False,1.447778209054377,1.4302849999999125,0.07772745797410607,0.0772349999999733,801112064
fold_5,evaluation,2026-02-06,L-N,night,5803,5579,G4,False,1.3948460839455947,1.3817229999999654,0.6929842919926159,0.6852949999999964,774553600
fold_5,evaluation,2026-02-06,L-N,shoulder,6543,6291,G4,False,1.5815149159752764,1.5006249999996726,0.7425605829921551,0.7357540000000427,774553600
fold_5,evaluation,2026-02-06,L-N,solar,5089,4893,G3,False,1.3546379589824937,1.3389019999999618,0.41271887498442084,0.40989399999989473,774553600
fold_5,evaluation,2026-02-07,L-P,pooled,17435,16763,G1,False,2.4867721660993993,2.4620270000000346,0.1639148750109598,0.1607450000001336,772063232
fold_5,evaluation,2026-02-07,L-R,night,5803,5579,G4,False,1.485232208040543,1.4703649999999016,0.7298376660328358,0.7242540000002009,784089088
fold_5,evaluation,2026-02-07,L-R,shoulder,6543,6291,G1,False,1.6412545810453594,1.6246690000000399,0.09203695901669562,0.09135399999991023,784089088
fold_5,evaluation,2026-02-07,L-R,solar,5089,4893,G1,False,1.5312245409586467,1.4550809999998364,0.07474899996304885,0.07432299999982206,784089088
fold_5,evaluation,2026-02-07,L-N,night,5803,5579,G1,False,1.425473667040933,1.4063279999995757,0.07412220805417746,0.07375200000001314,772063232
fold_5,evaluation,2026-02-07,L-N,shoulder,6543,6291,G3,False,1.510787998966407,1.49283000000014,0.45013524999376386,0.4469289999999546,772063232
fold_5,evaluation,2026-02-07,L-N,solar,5089,4893,G3,False,1.3642379160155542,1.3472489999999198,0.4035929160309024,0.4011350000000675,772063232
fold_5,evaluation,2026-02-08,L-P,pooled,17435,16763,G1,False,2.5227269580354914,2.441579999999931,0.16392954101320356,0.16254400000002533,801112064
fold_5,evaluation,2026-02-08,L-R,night,5803,5579,G1,False,1.4862200399511494,1.4702420000000984,0.0849282499984838,0.08424399999989873,774553600
fold_5,evaluation,2026-02-08,L-R,shoulder,6543,6291,G1,False,1.644889332994353,1.6268310000000383,0.09159837500192225,0.09092699999996512,774553600
fold_5,evaluation,2026-02-08,L-R,solar,5089,4893,G1,False,1.4025279150810093,1.3893350000000737,0.07858450000640005,0.07778799999982766,774553600
fold_5,evaluation,2026-02-08,L-N,night,5803,5579,G1,False,1.4119718329166062,1.396203000000014,0.07412566698621958,0.07357500000011896,801112064
fold_5,evaluation,2026-02-08,L-N,shoulder,6543,6291,G3,False,1.5056212509516627,1.490666999999803,0.4556870419764891,0.45202500000004875,801112064
fold_5,evaluation,2026-02-08,L-N,solar,5089,4893,G3,False,1.3489527910132892,1.3358679999998913,0.41088254196802154,0.40769799999998213,801112064
fold_5,evaluation,2026-02-09,L-P,pooled,17435,16763,G1,False,2.4528889989014715,2.4301309999998466,0.17778566695051268,0.17480799999998453,784089088
fold_5,evaluation,2026-02-09,L-R,night,5803,5579,G4,False,1.4957362919813022,1.4779809999999998,0.7451498750015162,0.7383250000000317,772063232
fold_5,evaluation,2026-02-09,L-R,shoulder,6543,6291,G1,False,1.7384429589728825,1.6629629999999906,0.09208729100646451,0.09129999999981919,772063232
fold_5,evaluation,2026-02-09,L-R,solar,5089,4893,G1,False,1.4089929579640739,1.3924369999997452,0.0762352499878034,0.07538599999998041,772063232
fold_5,evaluation,2026-02-09,L-N,night,5803,5579,G2,False,1.3646929179667495,1.3524159999999483,0.2106545830029063,0.20859599999994316,784089088
fold_5,evaluation,2026-02-09,L-N,shoulder,6543,6291,G4,False,1.4999082901049405,1.4858560000000125,0.8143213329603896,0.794542999999976,784089088
fold_5,evaluation,2026-02-09,L-N,solar,5089,4893,G3,False,1.4350818759994581,1.3615160000001651,0.42929729097522795,0.42298299999993105,784089088
fold_5,evaluation,2026-02-10,L-P,pooled,17435,16763,G1,False,2.452956208959222,2.4279410000001462,0.22666158300125971,0.17080400000008922,774553600
fold_5,evaluation,2026-02-10,L-R,night,5803,5579,G4,False,1.550488372973632,1.531673999999839,0.8087454999913462,0.7438560000000507,801112064
fold_5,evaluation,2026-02-10,L-R,shoulder,6543,6291,G2,False,1.684736958006397,1.6592839999998432,0.2523408340057358,0.25056400000016765,801112064
fold_5,evaluation,2026-02-10,L-R,solar,5089,4893,G1,False,1.4186244990560226,1.4052930000000288,0.07685220899293199,0.07623199999989083,801112064
fold_5,evaluation,2026-02-10,L-N,night,5803,5579,G2,False,1.4120130420196801,1.3950869999998758,0.20946879097027704,0.20826499999998305,774553600
fold_5,evaluation,2026-02-10,L-N,shoulder,6543,6291,G4,False,1.5273336679092608,1.5100770000001376,0.7329929999541491,0.7278550000000905,774553600
fold_5,evaluation,2026-02-10,L-N,solar,5089,4893,G2,False,1.4024008329724893,1.3805249999998068,0.20592141599627212,0.20389799999998104,774553600
fold_5,evaluation,2026-02-11,L-P,pooled,17435,16763,G1,False,2.4985888739465736,2.4678039999998873,0.16383575001964346,0.16164400000002388,772063232
fold_5,evaluation,2026-02-11,L-R,night,5803,5579,G3,False,1.5180740000214428,1.4996219999998175,0.44806487497407943,0.44478000000003703,784089088
fold_5,evaluation,2026-02-11,L-R,shoulder,6543,6291,G4,False,1.6724924999871291,1.6037849999997889,0.8257551249698736,0.814440999999988,784089088
fold_5,evaluation,2026-02-11,L-R,solar,5089,4893,G1,False,1.4008628749870695,1.387613999999985,0.07504970801528543,0.07463099999995393,784089088
fold_5,evaluation,2026-02-11,L-N,night,5803,5579,G1,False,1.4008640829706565,1.383827999999994,0.08563024998875335,0.08441300000004048,772063232
fold_5,evaluation,2026-02-11,L-N,shoulder,6543,6291,G4,False,1.5282100830227137,1.4646440000001348,0.7962669170228764,0.7831080000000838,772063232
fold_5,evaluation,2026-02-11,L-N,solar,5089,4893,G3,False,1.3190773749956861,1.309137999999848,0.43029683304484934,0.42294200000014825,772063232
fold_5,evaluation,2026-02-12,L-P,pooled,17435,16763,G1,False,2.4852235420257784,2.456090000000131,0.1638857499929145,0.16279500000018743,801112064
fold_5,evaluation,2026-02-12,L-R,night,5803,5579,G2,False,1.4965435009798966,1.4817829999999503,0.22824649995891377,0.22634199999993143,774553600
fold_5,evaluation,2026-02-12,L-R,shoulder,6543,6291,G2,False,1.6748317510355264,1.6551150000004782,0.25222750002285466,0.25024200000007113,774553600
fold_5,evaluation,2026-02-12,L-R,solar,5089,4893,G1,False,1.5218763739103451,1.4471399999999903,0.10102087497944012,0.09686600000009093,774553600
fold_5,evaluation,2026-02-12,L-N,night,5803,5579,G2,False,1.4688509169500321,1.3916609999998855,0.23632204195018858,0.23295799999982592,801112064
fold_5,evaluation,2026-02-12,L-N,shoulder,6543,6291,G3,False,1.527378375059925,1.5087459999999737,0.5139724170439877,0.5035110000001168,801112064
fold_5,evaluation,2026-02-12,L-N,solar,5089,4893,G4,False,1.3502095420262776,1.3351040000000012,0.7473837080178782,0.7341539999999895,801112064
fold_5,evaluation,2026-02-13,L-P,pooled,17435,16763,G1,False,2.4917363760760054,2.463305999999875,0.16500445798737928,0.16257099999984348,772063232
fold_5,evaluation,2026-02-13,L-R,night,5803,5579,G4,False,1.559083542029839,1.5383699999999862,0.731036709039472,0.7234780000001138,784089088
fold_5,evaluation,2026-02-13,L-R,shoulder,6543,6291,G1,False,1.707184791972395,1.6765560000001187,0.0918811250012368,0.09123399999998583,784089088
fold_5,evaluation,2026-02-13,L-R,solar,5089,4893,G1,False,1.5392674169852398,1.505837000000156,0.0764711249503307,0.07600300000012794,784089088
fold_5,evaluation,2026-02-13,L-N,night,5803,5579,G1,False,1.5003134589642286,1.4699159999997846,0.0747472089715302,0.07418999999981679,774553600
fold_5,evaluation,2026-02-13,L-N,shoulder,6543,6291,G4,False,1.4871449569473043,1.4729509999999664,0.750510249985382,0.7432320000000345,774553600
fold_5,evaluation,2026-02-13,L-N,solar,5089,4893,G4,False,1.4422268330235966,1.4141290000000026,0.664220042002853,0.6566849999999249,774553600
fold_5,evaluation,2026-02-14,L-P,pooled,17435,16763,G1,False,2.6085642920224927,2.560902000000169,0.1781496669864282,0.17570899999986977,772063232
fold_5,evaluation,2026-02-14,L-R,night,5803,5579,G4,False,1.6034576669335365,1.5733080000002246,0.7951062499778345,0.733496999999943,801112064
fold_5,evaluation,2026-02-14,L-R,shoulder,6543,6291,G1,False,1.6941370000131428,1.667283999999654,0.09231641702353954,0.09156400000006215,801112064
fold_5,evaluation,2026-02-14,L-R,solar,5089,4893,G1,False,1.4231202088994905,1.410251999999673,0.07698320801137015,0.07623999999987063,801112064
fold_5,evaluation,2026-02-14,L-N,night,5803,5579,G1,False,1.435776001017075,1.3710089999999582,0.0751615830231458,0.0746599999999944,772063232
fold_5,evaluation,2026-02-14,L-N,shoulder,6543,6291,G4,False,1.5374884589691646,1.5153239999999641,0.7713892909814604,0.7596390000001065,772063232
fold_5,evaluation,2026-02-14,L-N,solar,5089,4893,G3,False,1.349290708953049,1.3354290000002038,0.422381000011228,0.41640800000004674,772063232
fold_5,evaluation,2026-02-15,L-P,pooled,17435,16763,G1,False,2.4489275009837,2.427617000000282,0.20070787495933473,0.19484800000009272,784089088
fold_5,evaluation,2026-02-15,L-R,night,5803,5579,G3,False,1.566212791018188,1.5389850000001388,0.4520018329494633,0.4486829999998463,774553600
fold_5,evaluation,2026-02-15,L-R,shoulder,6543,6291,G3,False,1.7103257510461845,1.6313930000001164,0.4887053749989718,0.4842639999999392,774553600
fold_5,evaluation,2026-02-15,L-R,solar,5089,4893,G1,False,1.4357447499642149,1.4171140000000833,0.0754549169796519,0.07493999999996959,774553600
fold_5,evaluation,2026-02-15,L-N,night,5803,5579,G1,False,1.3943929580855183,1.3797499999998308,0.07688416598830372,0.0763809999998557,784089088
fold_5,evaluation,2026-02-15,L-N,shoulder,6543,6291,G4,False,1.5428902090061456,1.524563000000171,0.7939474579761736,0.733071000000109,784089088
fold_5,evaluation,2026-02-15,L-N,solar,5089,4893,G2,False,1.373442417010665,1.356155000000399,0.20169833296677098,0.20053299999995033,784089088
fold_5,evaluation,2026-02-16,L-P,pooled,17435,16763,G1,False,2.4507704179850407,2.4254920000000766,0.1634038749616593,0.16236099999991893,801112064
fold_5,evaluation,2026-02-16,L-R,night,5803,5579,G4,False,1.521371750102844,1.5055459999998675,0.7458387079532258,0.7385440000000472,772063232
fold_5,evaluation,2026-02-16,L-R,shoulder,6543,6291,G1,False,1.6528164979536086,1.6339189999996506,0.12780433299485594,0.12344700000016928,772063232
fold_5,evaluation,2026-02-16,L-R,solar,5089,4893,G1,False,1.468414458038751,1.400258999999778,0.07666399999288842,0.0758899999998448,772063232
fold_5,evaluation,2026-02-16,L-N,night,5803,5579,G4,False,1.4829550410504453,1.4067589999999655,0.6826813329826109,0.6764670000000024,801112064
fold_5,evaluation,2026-02-16,L-N,shoulder,6543,6291,G4,False,1.5709689170471393,1.5461339999999382,0.7726411660551094,0.7622340000000349,801112064
fold_5,evaluation,2026-02-16,L-N,solar,5089,4893,G3,False,1.3409232080448419,1.3236749999998665,0.44728995801415294,0.4410729999999603,801112064
fold_5,evaluation,2026-02-17,L-P,pooled,17435,16763,G1,False,2.4719816260039806,2.443514999999934,0.20897470897762105,0.20237399999996342,774553600
fold_5,evaluation,2026-02-17,L-R,night,5803,5579,G3,False,1.4953733330476098,1.481516999999485,0.45986912498483434,0.4547069999998712,784089088
fold_5,evaluation,2026-02-17,L-R,shoulder,6543,6291,G1,False,1.658445417007897,1.6387990000000627,0.09121383400633931,0.0906880000000001,784089088
fold_5,evaluation,2026-02-17,L-R,solar,5089,4893,G1,False,1.4814069579006173,1.4578440000000228,0.07496016600634903,0.0744320000001153,784089088
fold_5,evaluation,2026-02-17,L-N,night,5803,5579,G2,False,1.4042108749854378,1.3879750000000968,0.23353304201737046,0.22961800000007315,772063232
fold_5,evaluation,2026-02-17,L-N,shoulder,6543,6291,G4,False,1.5548522910685278,1.4820669999999154,0.81623708299594,0.7997259999999642,772063232
fold_5,evaluation,2026-02-17,L-N,solar,5089,4893,G2,False,1.324748459039256,1.3122379999999794,0.22590916597982869,0.22304799999983516,772063232
fold_5,evaluation,2026-02-18,L-P,pooled,17435,16763,G1,False,2.456634834932629,2.430366000000049,0.16662562498822808,0.16509999999993852,774553600
fold_5,evaluation,2026-02-18,L-R,night,5803,5579,G1,False,1.5181476260186173,1.496522000000141,0.08086070901481435,0.08024199999999837,801112064
fold_5,evaluation,2026-02-18,L-R,shoulder,6543,6291,G1,False,1.6233223750605248,1.6063650000000962,0.11238304199650884,0.11000699999999597,801112064
fold_5,evaluation,2026-02-18,L-R,solar,5089,4893,G1,False,1.510572624974884,1.4388040000001183,0.08141591702587903,0.08051300000010997,801112064
fold_5,evaluation,2026-02-18,L-N,night,5803,5579,G2,False,1.3989680819795467,1.3832029999996394,0.2745505000348203,0.21631000000002132,774553600
fold_5,evaluation,2026-02-18,L-N,shoulder,6543,6291,G4,False,1.5348736240412109,1.5118350000004739,0.7284395419992507,0.7226259999999911,774553600
fold_5,evaluation,2026-02-18,L-N,solar,5089,4893,G3,False,1.4089299570186995,1.3866879999998218,0.4065312079619616,0.40206399999988207,774553600
fold_5,evaluation,2026-02-19,L-P,pooled,17435,16763,G1,False,2.5332070420263335,2.4987760000001344,0.16387141699669883,0.1629209999998693,784089088
fold_5,evaluation,2026-02-19,L-R,night,5803,5579,G1,False,1.4801395420217887,1.466965000000073,0.10790345800342038,0.1015300000001389,784089088
fold_5,evaluation,2026-02-19,L-R,shoulder,6543,6291,G1,False,1.6391800409764983,1.6235489999999118,0.09637345903320238,0.09539599999993698,784089088
fold_5,evaluation,2026-02-19,L-R,solar,5089,4893,G1,False,1.420398624963127,1.4022130000000743,0.09852375002810732,0.0955300000000534,784089088
fold_5,evaluation,2026-02-19,L-N,night,5803,5579,G2,False,1.3736745420610532,1.3621759999996357,0.2642035829485394,0.25379499999985455,772063232
fold_5,evaluation,2026-02-19,L-N,shoulder,6543,6291,G4,False,1.4825772929470986,1.4681890000001658,0.7809699579956941,0.7675070000000233,772063232
fold_5,evaluation,2026-02-19,L-N,solar,5089,4893,G3,False,1.3432959580677561,1.3266440000002149,0.440602625021711,0.4334519999999884,772063232
fold_5,evaluation,2026-02-20,L-P,pooled,17435,16763,G2,False,2.548801083001308,2.5022730000000593,0.41016433405457065,0.40667899999994006,801112064
fold_5,evaluation,2026-02-20,L-R,night,5803,5579,G4,False,1.5467802080675028,1.519988999999896,0.7371102079632692,0.7308359999999539,774553600
fold_5,evaluation,2026-02-20,L-R,shoulder,6543,6291,G1,False,1.6537091660429724,1.634997999999996,0.09520729101495817,0.09446299999990515,774553600
fold_5,evaluation,2026-02-20,L-R,solar,5089,4893,G1,False,1.4903203330468386,1.4135599999999613,0.08969462499953806,0.08849699999996119,774553600
fold_5,evaluation,2026-02-20,L-N,night,5803,5579,G2,False,1.4210477090673521,1.4007839999997032,0.27740820799954236,0.2172640000001138,801112064
fold_5,evaluation,2026-02-20,L-N,shoulder,6543,6291,G3,False,1.5107178330072202,1.4944699999998647,0.44751441600965336,0.44408500000008644,801112064
fold_5,evaluation,2026-02-20,L-N,solar,5089,4893,G3,False,1.3946571260457858,1.3769539999998415,0.40606666600797325,0.40318200000001525,801112064
fold_5,evaluation,2026-02-21,L-P,pooled,17435,16763,G1,False,2.5882002920261584,2.497679000000062,0.16199524997500703,0.16100699999992685,784089088
fold_5,evaluation,2026-02-21,L-R,night,5803,5579,G1,False,1.6178967510350049,1.5405080000000453,0.08115995797561482,0.08035300000005918,772063232
fold_5,evaluation,2026-02-21,L-R,shoulder,6543,6291,G1,False,1.6222877080435865,1.6045090000000073,0.10469654196640477,0.10252799999989293,772063232
fold_5,evaluation,2026-02-21,L-R,solar,5089,4893,G1,False,1.4188152920105495,1.4034769999998389,0.078229583974462,0.0772549999999228,772063232
fold_5,evaluation,2026-02-21,L-N,night,5803,5579,G3,False,1.414219540078193,1.3931760000000395,0.4160099999862723,0.41284399999995003,784089088
fold_5,evaluation,2026-02-21,L-N,shoulder,6543,6291,G3,False,1.5046640809159726,1.4894479999998111,0.45398408302571625,0.45062099999995553,784089088
fold_5,evaluation,2026-02-21,L-N,solar,5089,4893,G4,False,1.3885894159320742,1.364500999999791,0.6576679160352796,0.6504390000000058,784089088
fold_5,evaluation,2026-02-22,L-P,pooled,17435,16763,G1,False,2.516777831944637,2.476571000000149,0.1656825410318561,0.1638780000000679,774553600
fold_5,evaluation,2026-02-22,L-R,night,5803,5579,G4,False,1.5338892500149086,1.5108689999997296,0.7371428330079652,0.7281399999999394,801112064
fold_5,evaluation,2026-02-22,L-R,shoulder,6543,6291,G1,False,1.7148994180024602,1.6372760000001563,0.09229045803658664,0.09163899999998648,801112064
fold_5,evaluation,2026-02-22,L-R,solar,5089,4893,G1,False,1.435219708015211,1.4196239999996578,0.07742404198506847,0.07695899999998801,801112064
fold_5,evaluation,2026-02-22,L-N,night,5803,5579,G4,False,1.3715278750751168,1.3587169999998423,0.7194486249936745,0.708752000000004,772063232
fold_5,evaluation,2026-02-22,L-N,shoulder,6543,6291,G3,False,1.5536625839886256,1.5321410000001379,0.45365912502165884,0.45033699999999044,772063232
fold_5,evaluation,2026-02-22,L-N,solar,5089,4893,G4,False,1.3959942910005338,1.3244549999999435,0.6719470410025679,0.6654359999999997,772063232
fold_5,evaluation,2026-02-23,L-P,pooled,17435,16763,G1,False,2.4476039160508662,2.4237599999996746,0.2284735829452984,0.17438200000015058,774553600
fold_5,evaluation,2026-02-23,L-R,night,5803,5579,G4,False,1.578398916986771,1.5046469999999772,0.7354045829852112,0.7288759999999002,784089088
fold_5,evaluation,2026-02-23,L-R,shoulder,6543,6291,G1,False,1.6335139580187388,1.618505000000141,0.09263520798413083,0.09183200000006764,784089088
fold_5,evaluation,2026-02-23,L-R,solar,5089,4893,G1,False,1.4495367499766871,1.428668000000016,0.0764047090196982,0.07544999999981883,784089088
fold_5,evaluation,2026-02-23,L-N,night,5803,5579,G1,False,1.4050225850078277,1.3905449999999746,0.07441170804668218,0.07397399999990739,774553600
fold_5,evaluation,2026-02-23,L-N,shoulder,6543,6291,G2,False,1.514718041056767,1.497908999999936,0.22783158399397507,0.22654199999988123,774553600
fold_5,evaluation,2026-02-23,L-N,solar,5089,4893,G4,False,1.4069076670566574,1.3854630000002999,0.6550772080081515,0.6500829999999951,774553600
fold_5,evaluation,2026-02-24,L-P,pooled,17435,16763,G1,False,2.480890417995397,2.45102100000031,0.16736958402907476,0.165894999999864,801112064
fold_5,evaluation,2026-02-24,L-R,night,5803,5579,G4,False,1.5073032500222325,1.4910640000000512,0.7348271670052782,0.7295499999997901,772063232
fold_5,evaluation,2026-02-24,L-R,shoulder,6543,6291,G1,False,1.7206035019480623,1.638943999999583,0.09294258401496336,0.09220200000004297,772063232
fold_5,evaluation,2026-02-24,L-R,solar,5089,4893,G1,False,1.480712249118369,1.4538890000001174,0.07634141598828137,0.07598200000006727,772063232
fold_5,evaluation,2026-02-24,L-N,night,5803,5579,G1,False,1.4136302510742098,1.3957229999998617,0.07816483301576227,0.0769559999998819,801112064
fold_5,evaluation,2026-02-24,L-N,shoulder,6543,6291,G3,False,1.6187398320180364,1.541550000000143,0.45101420796709135,0.4470729999998184,801112064
fold_5,evaluation,2026-02-24,L-N,solar,5089,4893,G3,False,1.392782416951377,1.3712379999999484,0.4093131250119768,0.40611199999989367,801112064
fold_5,evaluation,2026-02-25,L-P,pooled,17435,16763,G1,False,2.561346418049652,2.470546000000013,0.22083470900543034,0.2145660000001044,784089088
fold_5,evaluation,2026-02-25,L-R,night,5803,5579,G4,False,1.5525650409981608,1.5261290000000827,0.7300084590096958,0.7250220000000809,774553600
fold_5,evaluation,2026-02-25,L-R,shoulder,6543,6291,G1,False,1.6653555409866385,1.644317000000001,0.0931813339702785,0.09236699999996745,774553600
fold_5,evaluation,2026-02-25,L-R,solar,5089,4893,G1,False,1.4525327080627903,1.4316639999997278,0.0754001250024885,0.07481000000007043,774553600
fold_5,evaluation,2026-02-25,L-N,night,5803,5579,G2,False,1.3947666260646656,1.3765000000000782,0.2211161669692956,0.21901500000012675,784089088
fold_5,evaluation,2026-02-25,L-N,shoulder,6543,6291,G3,False,1.4883094580145553,1.4760290000001532,0.5047890830319375,0.4949250000001939,784089088
fold_5,evaluation,2026-02-25,L-N,solar,5089,4893,G4,False,1.3904899589833803,1.3740159999999833,0.6972001669928432,0.6850899999999456,784089088
fold_5,evaluation,2026-02-26,L-P,pooled,17435,16763,G1,False,2.4747926261043176,2.4472559999996975,0.16897529200650752,0.1666099999999915,772063232
fold_5,evaluation,2026-02-26,L-R,night,5803,5579,G4,False,1.5368512089480646,1.51471000000015,0.7905369169893675,0.7767590000000837,801112064
fold_5,evaluation,2026-02-26,L-R,shoulder,6543,6291,G1,False,1.6916465420508757,1.6648329999998168,0.09234491700772196,0.09180099999980484,801112064
fold_5,evaluation,2026-02-26,L-R,solar,5089,4893,G1,False,1.3921368339797482,1.3812379999999393,0.0876736250356771,0.0860090000001037,801112064
fold_5,evaluation,2026-02-26,L-N,night,5803,5579,G4,False,1.4141798330820166,1.3942550000003848,0.6787593750050291,0.6734959999998864,774553600
fold_5,evaluation,2026-02-26,L-N,shoulder,6543,6291,G2,False,1.5258395419223234,1.5059670000000551,0.23152087500784546,0.229424999999992,774553600
fold_5,evaluation,2026-02-26,L-N,solar,5089,4893,G3,False,1.4407831249409355,1.4163750000000164,0.41872570803388953,0.41532299999994393,774553600
fold_5,evaluation,2026-02-27,L-P,pooled,17435,16763,G1,False,2.538497205998283,2.5055979999999636,0.1654880419955589,0.16435099999989689,772063232
fold_5,evaluation,2026-02-27,L-R,night,5803,5579,G1,False,1.5419622089830227,1.522139000000152,0.09555695799645036,0.09328300000015588,784089088
fold_5,evaluation,2026-02-27,L-R,shoulder,6543,6291,G1,False,1.7064701250055805,1.6317750000002889,0.09616270900005475,0.09553800000003321,784089088
fold_5,evaluation,2026-02-27,L-R,solar,5089,4893,G1,False,1.3896660830941983,1.3782169999997222,0.07669533300213516,0.07599300000015319,784089088
fold_5,evaluation,2026-02-27,L-N,night,5803,5579,G4,False,1.4492349170031957,1.4258100000001832,0.6783631659927778,0.6732389999999668,772063232
fold_5,evaluation,2026-02-27,L-N,shoulder,6543,6291,G2,False,1.571960834087804,1.5373160000001462,0.23108375002630055,0.22962200000006305,772063232
fold_5,evaluation,2026-02-27,L-N,solar,5089,4893,G1,False,1.3448500001104549,1.3302499999999782,0.07120191695867106,0.07078299999989213,772063232
fold_5,evaluation,2026-02-28,L-P,pooled,17435,16763,G1,False,2.476222498982679,2.4487699999999677,0.16286304197274148,0.16189399999984744,801112064
fold_5,evaluation,2026-02-28,L-R,night,5803,5579,G4,False,1.569540167984087,1.5009990000000926,0.7789936659974046,0.76854000000003,774553600
fold_5,evaluation,2026-02-28,L-R,shoulder,6543,6291,G1,False,1.6665152089553885,1.6454189999999471,0.09639212500769645,0.09519000000000233,774553600
fold_5,evaluation,2026-02-28,L-R,solar,5089,4893,G1,False,1.4099205399979837,1.3980059999998957,0.07697950000874698,0.07638299999985065,774553600
fold_5,evaluation,2026-02-28,L-N,night,5803,5579,G4,False,1.5261744989547879,1.44323200000008,0.6793471670243889,0.6738800000000538,801112064
fold_5,evaluation,2026-02-28,L-N,shoulder,6543,6291,G3,False,1.6161575830192305,1.5752230000002783,0.5037973329890519,0.49520800000004783,801112064
fold_5,evaluation,2026-02-28,L-N,solar,5089,4893,G4,False,1.373558457067702,1.3557949999999437,0.6599155829753727,0.6540519999998651,801112064
fold_5,evaluation,2026-03-01,L-P,pooled,17435,16763,G1,False,2.520240207959432,2.485582000000022,0.16440524999052286,0.1633670000001075,784089088
fold_5,evaluation,2026-03-01,L-R,night,5803,5579,G4,False,1.5267992510925978,1.5087999999998374,0.7329166670097038,0.7272529999997914,772063232
fold_5,evaluation,2026-03-01,L-R,shoulder,6543,6291,G1,False,1.8564073329907842,1.7522119999998722,0.09437941596843302,0.09358100000008562,772063232
fold_5,evaluation,2026-03-01,L-R,solar,5089,4893,G1,False,1.474487873900216,1.448086000000103,0.07694058399647474,0.07634299999995164,772063232
fold_5,evaluation,2026-03-01,L-N,night,5803,5579,G2,False,1.415680956968572,1.3985119999999824,0.23689900001045316,0.22793000000001484,784089088
fold_5,evaluation,2026-03-01,L-N,shoulder,6543,6291,G2,False,1.6140933329588734,1.5339749999998276,0.2624765409855172,0.25671299999999064,784089088
fold_5,evaluation,2026-03-01,L-N,solar,5089,4893,G3,False,1.4782887490000576,1.4464320000004136,0.4500131249660626,0.4431969999998273,784089088
fold_5,evaluation,2026-03-02,L-P,pooled,17435,16763,G1,False,2.6881316659855656,2.6243910000000596,0.16556200000923127,0.16404899999997724,774553600
fold_5,evaluation,2026-03-02,L-R,night,5803,5579,G1,False,1.5410055419779383,1.5181030000001101,0.09942591597791761,0.09645999999997912,801112064
fold_5,evaluation,2026-03-02,L-R,shoulder,6543,6291,G1,False,1.6732893759617582,1.6527510000000802,0.09260708303190768,0.09191800000007788,801112064
fold_5,evaluation,2026-03-02,L-R,solar,5089,4893,G1,False,1.48275929200463,1.4634209999996983,0.07693650003056973,0.07656199999996716,801112064
fold_5,evaluation,2026-03-02,L-N,night,5803,5579,G4,False,1.4481980820419267,1.4274010000003727,0.7070952499634586,0.6976070000000618,774553600
fold_5,evaluation,2026-03-02,L-N,shoulder,6543,6291,G4,False,1.5393702919245698,1.5205270000001292,0.7509245830005966,0.7438469999999597,774553600
fold_5,evaluation,2026-03-02,L-N,solar,5089,4893,G4,False,1.3865540410624817,1.3657550000000356,0.6598977079847828,0.6524799999999686,774553600
fold_5,evaluation,2026-03-03,L-P,pooled,17435,16763,G1,False,2.543626874045003,2.508002000000033,0.16814829199574888,0.16672200000016346,772063232
fold_5,evaluation,2026-03-03,L-R,night,5803,5579,G1,False,1.493834876047913,1.478322000000162,0.10514479101402685,0.1006800000000112,784089088
fold_5,evaluation,2026-03-03,L-R,shoulder,6543,6291,G1,False,1.6686731249792501,1.6480639999999767,0.09149929200066254,0.09049400000003516,784089088
fold_5,evaluation,2026-03-03,L-R,solar,5089,4893,G1,False,1.430956041906029,1.4144999999998618,0.08346520800841972,0.08148899999991954,784089088
fold_5,evaluation,2026-03-03,L-N,night,5803,5579,G4,False,1.4148437489639036,1.3955520000001798,0.7094070000457577,0.7013579999998001,772063232
fold_5,evaluation,2026-03-03,L-N,shoulder,6543,6291,G3,False,1.5413337510544807,1.5211870000002818,0.5799633749993518,0.5076349999999366,772063232
fold_5,evaluation,2026-03-03,L-N,solar,5089,4893,G3,False,1.3788942079991102,1.3616329999999834,0.4110839579952881,0.4076669999999467,772063232
fold_5,evaluation,2026-03-04,L-P,pooled,17435,16763,G1,False,2.506974334071856,2.475918999999749,0.17056320799747482,0.16869199999996454,801112064
fold_5,evaluation,2026-03-04,L-R,night,5803,5579,G3,False,1.5136426659300923,1.496255999999903,0.5520983749884181,0.4888159999998152,784089088
fold_5,evaluation,2026-03-04,L-R,shoulder,6543,6291,G1,False,1.630896000948269,1.6141130000000885,0.09512358403299004,0.09441199999992023,784089088
fold_5,evaluation,2026-03-04,L-R,solar,5089,4893,G1,False,1.477177167951595,1.4555119999999988,0.07658879098016769,0.07595800000012787,784089088
fold_5,evaluation,2026-03-04,L-N,night,5803,5579,G4,False,1.3976502910372801,1.3831490000002304,0.8076454169931822,0.7394809999998415,774553600
fold_5,evaluation,2026-03-04,L-N,shoulder,6543,6291,G3,False,1.525550585007295,1.5089789999999539,0.45103470800677314,0.4476559999998244,774553600
fold_5,evaluation,2026-03-04,L-N,solar,5089,4893,G4,False,1.3845728740561754,1.3669170000000577,0.6914384170086123,0.6822139999999308,774553600
fold_5,evaluation,2026-03-05,L-P,pooled,17435,16763,G2,False,2.578147124964744,2.4863169999998718,0.41032912500668317,0.40716900000006717,801112064
fold_5,evaluation,2026-03-05,L-R,night,5803,5579,G2,False,1.545853792107664,1.5254589999999553,0.2542766250553541,0.24874900000008893,772063232
fold_5,evaluation,2026-03-05,L-R,shoulder,6543,6291,G1,False,1.6788072080234997,1.6510949999999411,0.09288129198830575,0.09208699999999226,772063232
fold_5,evaluation,2026-03-05,L-R,solar,5089,4893,G1,False,1.3802648750133812,1.369269999999915,0.07932833302766085,0.07818300000008094,772063232
fold_5,evaluation,2026-03-05,L-N,night,5803,5579,G4,False,1.438768125954084,1.417255999999952,0.6774856250267476,0.6725890000000163,801112064
fold_5,evaluation,2026-03-05,L-N,shoulder,6543,6291,G3,False,1.600349875050597,1.5702620000004117,0.44833908398868516,0.4448489999999765,801112064
fold_5,evaluation,2026-03-05,L-N,solar,5089,4893,G1,False,1.3579914579750039,1.3425769999996646,0.07074116700096056,0.07037700000000768,801112064
fold_5,evaluation,2026-03-06,L-P,pooled,17435,16763,G3,False,2.548225623962935,2.5065600000002632,0.7544966249843128,0.7488399999999729,784089088
fold_5,evaluation,2026-03-06,L-R,night,5803,5579,G2,False,1.5960551249445416,1.5679190000000744,0.22926195804029703,0.22759099999984755,774553600
fold_5,evaluation,2026-03-06,L-R,shoulder,6543,6291,G3,False,1.6635508750914596,1.6385640000000876,0.4943979590316303,0.4904670000000806,774553600
fold_5,evaluation,2026-03-06,L-R,solar,5089,4893,G1,False,1.4410372930578887,1.4213670000001457,0.07672154100146145,0.07615399999986039,774553600
fold_5,evaluation,2026-03-06,L-N,night,5803,5579,G3,False,1.4318478340283036,1.410957000000053,0.421313916973304,0.41790599999990263,772063232
fold_5,evaluation,2026-03-06,L-N,shoulder,6543,6291,G3,False,1.5776881669880822,1.5559360000002016,0.45663404202787206,0.4511019999999917,772063232
fold_5,evaluation,2026-03-06,L-N,solar,5089,4893,G2,False,1.3927883760188706,1.3730309999998553,0.20660045801196247,0.20521800000005896,772063232
fold_5,evaluation,2026-03-07,L-P,pooled,17435,16763,G4,False,2.5517109579523094,2.4660429999998996,1.2065233329776675,1.1873839999998381,784089088
fold_5,evaluation,2026-03-07,L-R,night,5803,5579,G4,False,1.5424632510403171,1.5211980000001404,0.801158249960281,0.7386259999998401,801112064
fold_5,evaluation,2026-03-07,L-R,shoulder,6543,6291,G3,False,1.680094416020438,1.6603509999999915,0.4907610000227578,0.4872090000001208,801112064
fold_5,evaluation,2026-03-07,L-R,solar,5089,4893,G1,False,1.4755155409802683,1.453340000000253,0.07610900001600385,0.07563900000013746,801112064
fold_5,evaluation,2026-03-07,L-N,night,5803,5579,G3,False,1.435326167033054,1.4115199999998822,0.41827079199720174,0.4151889999998275,774553600
fold_5,evaluation,2026-03-07,L-N,shoulder,6543,6291,G4,False,1.5091843749396503,1.4943499999999403,0.7337034589727409,0.7281409999998232,774553600
fold_5,evaluation,2026-03-07,L-N,solar,5089,4893,G3,False,1.3736922909738496,1.3532030000001214,0.4142270829761401,0.41043599999989056,774553600
fold_5,evaluation,2026-03-08,L-P,pooled,17435,16763,G3,False,2.5007770830998197,2.4647549999999683,0.7855775839998387,0.7679769999999735,784089088
fold_5,evaluation,2026-03-08,L-R,night,5803,5579,G1,False,1.5470598339452408,1.527062999999771,0.08142270799726248,0.0808119999999235,772063232
fold_5,evaluation,2026-03-08,L-R,shoulder,6543,6291,G4,False,1.6210267909336835,1.6072619999997642,0.8743124169996008,0.8077159999998003,772063232
fold_5,evaluation,2026-03-08,L-R,solar,5089,4893,G1,False,1.459286208031699,1.436317999999801,0.07732383301481605,0.0767519999999422,772063232
fold_5,evaluation,2026-03-08,L-N,night,5803,5579,G4,False,1.4387298739748076,1.412068999999974,0.6941556250094436,0.6873199999999997,801112064
fold_5,evaluation,2026-03-08,L-N,shoulder,6543,6291,G3,False,1.4958106250269338,1.4792019999999866,0.5663139160024002,0.5443289999998342,801112064
fold_5,evaluation,2026-03-08,L-N,solar,5089,4893,G3,False,1.3746867919689976,1.3158429999998589,0.4705654580029659,0.4409570000000258,801112064
fold_5,evaluation,2026-03-09,L-P,pooled,17435,16763,G4,False,2.4611777520622127,2.4358670000003713,1.2210981660173275,1.1470460000000458,784089088
fold_5,evaluation,2026-03-09,L-R,night,5803,5579,G1,False,1.5753407079610042,1.5009419999998954,0.08136295899748802,0.08049000000005435,774553600
fold_5,evaluation,2026-03-09,L-R,shoulder,6543,6291,G4,False,1.6686544588883407,1.6466240000002017,0.8226368330069818,0.8125380000001314,774553600
fold_5,evaluation,2026-03-09,L-R,solar,5089,4893,G1,False,1.5001255430397578,1.4686449999996967,0.07641720800893381,0.07571699999994053,774553600
fold_5,evaluation,2026-03-09,L-N,night,5803,5579,G4,False,1.3758879570523277,1.3604629999999815,0.7553103329846635,0.735155000000077,772063232
fold_5,evaluation,2026-03-09,L-N,shoulder,6543,6291,G3,False,1.5253334160079248,1.5072059999999965,0.44865412497892976,0.44489199999998164,772063232
fold_5,evaluation,2026-03-09,L-N,solar,5089,4893,G4,False,1.34117862500716,1.3280540000000656,0.7217360840295441,0.704881000000114,772063232
fold_5,evaluation,2026-03-10,L-P,pooled,17435,16763,G3,False,2.493021250993479,2.459416999999803,0.7666812920360826,0.7594759999999496,784089088
fold_5,evaluation,2026-03-10,L-R,night,5803,5579,G2,False,1.4901723329676315,1.4771589999998014,0.2739738749805838,0.26660599999991064,801112064
fold_5,evaluation,2026-03-10,L-R,shoulder,6543,6291,G4,False,1.6511705400189385,1.6337519999999586,0.9451087919878773,0.8633310000000165,801112064
fold_5,evaluation,2026-03-10,L-R,solar,5089,4893,G1,False,1.44209170906106,1.4246630000000096,0.07684175000758842,0.07627000000002226,801112064
fold_5,evaluation,2026-03-10,L-N,night,5803,5579,G4,False,1.4439480839646421,1.42239799999993,0.7220067500020377,0.7093340000001263,784089088
fold_5,evaluation,2026-03-10,L-N,shoulder,6543,6291,G3,False,1.6045100420014933,1.5752270000002682,0.5359335420071147,0.5212639999999737,784089088
fold_5,evaluation,2026-03-10,L-N,solar,5089,4893,G1,False,1.324205707933288,1.3128209999999854,0.09207270795013756,0.08995599999980186,784089088
fold_5,evaluation,2026-03-11,L-P,pooled,17435,16763,G3,False,2.4767166249803267,2.4500860000000557,0.8844362499658018,0.8073899999999412,774553600
fold_5,evaluation,2026-03-11,L-R,night,5803,5579,G1,False,1.5558757920516655,1.5330410000001393,0.08824204199481755,0.08714099999997416,772063232
fold_5,evaluation,2026-03-11,L-R,shoulder,6543,6291,G3,False,1.6368259590235539,1.6157270000001063,0.5092450410011224,0.5041329999999107,772063232
fold_5,evaluation,2026-03-11,L-R,solar,5089,4893,G1,False,1.5016702899592929,1.4749400000000605,0.08721999998670071,0.08545000000003711,772063232
fold_5,evaluation,2026-03-11,L-N,night,5803,5579,G4,False,1.4884454159764573,1.4605860000001485,0.6949713340145536,0.6831010000000788,801112064
fold_5,evaluation,2026-03-11,L-N,shoulder,6543,6291,G2,False,1.5764634170336649,1.5518889999998464,0.2347000419977121,0.23253199999999197,801112064
fold_5,evaluation,2026-03-11,L-N,solar,5089,4893,G1,False,1.3409568339702673,1.3283249999999498,0.08071750000817701,0.07905800000003183,801112064
fold_5,evaluation,2026-03-12,L-P,pooled,17435,16763,G2,False,2.55270333198132,2.512038000000075,0.4337289580143988,0.42836800000009134,774553600
fold_5,evaluation,2026-03-12,L-R,night,5803,5579,G3,False,1.4930136249749921,1.4744439999999486,0.46022487501613796,0.4555310000000645,784089088
fold_5,evaluation,2026-03-12,L-R,shoulder,6543,6291,G3,False,1.6499180000391789,1.6295390000000225,0.5336994589888491,0.5256319999998595,784089088
fold_5,evaluation,2026-03-12,L-R,solar,5089,4893,G1,False,1.499308124941308,1.4729819999997744,0.08122812496731058,0.0785920000000715,784089088
fold_5,evaluation,2026-03-12,L-N,night,5803,5579,G3,False,1.4226353749982081,1.4016230000001997,0.46448020898969844,0.4550400000000536,774553600
fold_5,evaluation,2026-03-12,L-N,shoulder,6543,6291,G3,False,1.5624952930375002,1.5388920000000326,0.454698332992848,0.4513009999998303,774553600
fold_5,evaluation,2026-03-12,L-N,solar,5089,4893,G4,False,1.347999832010828,1.3329339999997956,0.7124115839833394,0.7011119999999664,774553600
fold_5,evaluation,2026-03-13,L-P,pooled,17435,16763,G4,False,2.5247134590754285,2.48624000000018,1.1828926249872893,1.1675199999999677,772063232
fold_5,evaluation,2026-03-13,L-R,night,5803,5579,G3,False,1.545535956916865,1.5243600000001152,0.46615599998040125,0.46072499999991123,801112064
fold_5,evaluation,2026-03-13,L-R,shoulder,6543,6291,G4,False,1.7222619170788676,1.6476059999999961,0.8210372909670696,0.8110100000001239,801112064
fold_5,evaluation,2026-03-13,L-R,solar,5089,4893,G2,False,1.4314514169236645,1.4125520000000051,0.21942791697802022,0.21767300000010437,801112064
fold_5,evaluation,2026-03-13,L-N,night,5803,5579,G1,False,1.4259423749754205,1.4076070000000982,0.07919770799344406,0.07765000000017608,772063232
fold_5,evaluation,2026-03-13,L-N,shoulder,6543,6291,G3,False,1.5281400009989738,1.5104879999998957,0.5063113329815678,0.49428899999998066,772063232
fold_5,evaluation,2026-03-13,L-N,solar,5089,4893,G1,False,1.4174252508673817,1.3491550000001098,0.07417954195989296,0.07366900000010901,772063232
fold_5,evaluation,2026-03-14,L-P,pooled,17435,16763,G3,False,2.572411499917507,2.485151000000087,0.7864064159803092,0.7767229999999472,784089088
fold_5,evaluation,2026-03-14,L-R,night,5803,5579,G3,False,1.589739499031566,1.5128829999998743,0.47422487498261034,0.46875100000011116,774553600
fold_5,evaluation,2026-03-14,L-R,shoulder,6543,6291,G4,False,1.7104092510417104,1.6838649999997415,0.7942668750183657,0.7873409999999694,774553600
fold_5,evaluation,2026-03-14,L-R,solar,5089,4893,G2,False,1.4560575000941753,1.436685000000125,0.21502854203572497,0.21368899999993118,774553600
fold_5,evaluation,2026-03-14,L-N,night,5803,5579,G2,False,1.3769026669906452,1.3603200000000015,0.26080654200632125,0.25154299999985597,784089088
fold_5,evaluation,2026-03-14,L-N,shoulder,6543,6291,G3,False,1.5315870420308784,1.514124000000038,0.46509362501092255,0.45816599999989194,784089088
fold_5,evaluation,2026-03-14,L-N,solar,5089,4893,G1,False,1.3530686250305735,1.3383790000000317,0.09439512499375269,0.09048099999995429,784089088
fold_5,evaluation,2026-03-15,L-P,pooled,17435,16763,G3,False,2.5882485829642974,2.542381999999634,0.7591482909629121,0.7538070000000516,801112064
fold_5,evaluation,2026-03-15,L-R,night,5803,5579,G3,False,1.5585097510484047,1.5385219999998299,0.4978631249978207,0.4893130000000383,772063232
fold_5,evaluation,2026-03-15,L-R,shoulder,6543,6291,G4,False,1.7011403319775127,1.624889999999823,0.7956574159907177,0.7900429999999687,772063232
fold_5,evaluation,2026-03-15,L-R,solar,5089,4893,G1,False,1.3879775009700097,1.3758049999999002,0.0876882920274511,0.08523199999990538,772063232
fold_5,evaluation,2026-03-15,L-N,night,5803,5579,G1,False,1.4153977919486351,1.3972639999997227,0.07666466600494459,0.07593500000007225,801112064
fold_5,evaluation,2026-03-15,L-N,shoulder,6543,6291,G4,False,1.5294322899426334,1.5127339999999094,0.7352255000150762,0.729865000000018,801112064
fold_5,evaluation,2026-03-15,L-N,solar,5089,4893,G4,False,1.401654959016014,1.3308370000002014,0.6675640419707634,0.6607460000000174,801112064
fold_5,evaluation,2026-03-16,L-P,pooled,17435,16763,G3,False,2.527425458014477,2.442342999999937,0.76098791701952,0.7533660000001419,774553600
fold_5,evaluation,2026-03-16,L-R,night,5803,5579,G4,False,1.5779461670317687,1.500872999999956,0.7416745829978026,0.7355400000001282,784089088
fold_5,evaluation,2026-03-16,L-R,shoulder,6543,6291,G3,False,1.6360082509927452,1.6194089999996777,0.5697851669974625,0.5537769999998545,784089088
fold_5,evaluation,2026-03-16,L-R,solar,5089,4893,G1,False,1.3858988340361975,1.3744580000000042,0.07681075000436977,0.0761609999999564,784089088
fold_5,evaluation,2026-03-16,L-N,night,5803,5579,G1,False,1.372289748978801,1.3569070000003194,0.07967812498100102,0.07875599999988481,772063232
fold_5,evaluation,2026-03-16,L-N,shoulder,6543,6291,G4,False,1.5336997069534846,1.5114790000000085,0.7677728749695234,0.756858000000193,772063232
fold_5,evaluation,2026-03-16,L-N,solar,5089,4893,G1,False,1.334440500009805,1.3217939999999544,0.07347695803036913,0.07242799999994531,772063232
fold_5,evaluation,2026-03-17,L-P,pooled,17435,16763,G3,False,2.4380833340110257,2.4159940000001825,0.8257661670213565,0.8099120000001676,774553600
fold_5,evaluation,2026-03-17,L-R,night,5803,5579,G3,False,1.552531416004058,1.5305699999998978,0.45331229199655354,0.449284999999918,801112064
fold_5,evaluation,2026-03-17,L-R,shoulder,6543,6291,G3,False,1.702874917013105,1.6204279999999471,0.493818957998883,0.4898040000000492,801112064
fold_5,evaluation,2026-03-17,L-R,solar,5089,4893,G2,False,1.4993588759680279,1.473203999999896,0.21903574996395037,0.21708699999999226,801112064
fold_5,evaluation,2026-03-17,L-N,night,5803,5579,G1,False,1.364939708961174,1.3506039999999757,0.07462029199814424,0.07415100000002894,784089088
fold_5,evaluation,2026-03-17,L-N,shoulder,6543,6291,G3,False,1.4934278749860823,1.47500300000047,0.505386249977164,0.4929090000000542,784089088
fold_5,evaluation,2026-03-17,L-N,solar,5089,4893,G4,False,1.456222332897596,1.42761299999961,0.7717938750283793,0.6990889999999581,784089088
fold_5,evaluation,2026-03-18,L-P,pooled,17435,16763,G4,False,2.5362613340257667,2.4972419999996873,1.2514804169768468,1.1725709999998344,774553600
fold_5,evaluation,2026-03-18,L-R,night,5803,5579,G3,False,1.664176250982564,1.5771729999999025,0.4864191669621505,0.4798399999999674,772063232
fold_5,evaluation,2026-03-18,L-R,shoulder,6543,6291,G2,False,1.62510308297351,1.6101310000001376,0.25178150000283495,0.2500320000001466,772063232
fold_5,evaluation,2026-03-18,L-R,solar,5089,4893,G4,False,1.396611040981952,1.3847970000001624,0.7525891659897752,0.7386240000000726,772063232
fold_5,evaluation,2026-03-18,L-N,night,5803,5579,G1,False,1.3612703330582008,1.3491789999998218,0.07524112495593727,0.07473099999992883,774553600
fold_5,evaluation,2026-03-18,L-N,shoulder,6543,6291,G3,False,1.4810772909549996,1.470046000000366,0.4829123329836875,0.47560999999996056,774553600
fold_5,evaluation,2026-03-18,L-N,solar,5089,4893,G4,False,1.3974698759266175,1.3737530000000788,0.6612850420060568,0.6553969999999936,774553600
fold_5,evaluation,2026-03-19,L-P,pooled,17435,16763,G4,False,2.5182430850109085,2.4831819999999425,1.1307817499618977,1.1180950000000394,801112064
fold_5,evaluation,2026-03-19,L-R,night,5803,5579,G4,False,1.4948242080281489,1.4811079999999492,0.7450844999984838,0.7373669999999493,784089088
fold_5,evaluation,2026-03-19,L-R,shoulder,6543,6291,G4,False,1.767257541010622,1.688519000000042,0.7774804580258206,0.7721020000001317,784089088
fold_5,evaluation,2026-03-19,L-R,solar,5089,4893,G2,False,1.4312889580032788,1.4120670000002065,0.21464162500342354,0.21301199999993514,784089088
fold_5,evaluation,2026-03-19,L-N,night,5803,5579,G1,False,1.4154518750146963,1.3992860000000746,0.07378649996826425,0.07340999999996711,772063232
fold_5,evaluation,2026-03-19,L-N,shoulder,6543,6291,G3,False,1.511703001044225,1.4943579999999201,0.4586746249697171,0.45446399999991627,772063232
fold_5,evaluation,2026-03-19,L-N,solar,5089,4893,G3,False,1.3728736669872887,1.3548919999998361,0.511128916987218,0.44364599999994425,772063232
fold_5,evaluation,2026-03-20,L-P,pooled,17435,16763,G3,False,2.5216950409812853,2.4860189999997147,0.7589878750150092,0.7524990000001708,801112064
fold_5,evaluation,2026-03-20,L-R,night,5803,5579,G3,False,1.5144482510513626,1.4970279999997729,0.5270423329784535,0.4676240000001144,774553600
fold_5,evaluation,2026-03-20,L-R,shoulder,6543,6291,G3,False,1.6569614160107449,1.6364770000002409,0.49244112498126924,0.4857959999999366,774553600
fold_5,evaluation,2026-03-20,L-R,solar,5089,4893,G4,False,1.4298904580064118,1.4107249999999567,0.6899878340191208,0.6843409999999039,774553600
fold_5,evaluation,2026-03-20,L-N,night,5803,5579,G4,False,1.3882912079570815,1.3721909999999298,0.6775305829942226,0.6723170000000209,801112064
fold_5,evaluation,2026-03-20,L-N,shoulder,6543,6291,G3,False,1.5472321260604076,1.5279090000003634,0.4537784159765579,0.4497729999998228,801112064
fold_5,evaluation,2026-03-20,L-N,solar,5089,4893,G4,False,1.3692729590111412,1.3524900000002162,0.6858742919866927,0.6746749999999793,801112064
fold_5,evaluation,2026-03-21,L-P,pooled,17435,16763,G3,False,2.4406605410040356,2.416550000000143,0.7858650829875842,0.7772249999998166,784089088
fold_5,evaluation,2026-03-21,L-R,night,5803,5579,G3,False,1.5285342489369214,1.5088530000000446,0.44525566697120667,0.442218000000139,772063232
fold_5,evaluation,2026-03-21,L-R,shoulder,6543,6291,G2,False,1.6538904150365852,1.635265999999774,0.2535109170130454,0.2516449999998258,772063232
fold_5,evaluation,2026-03-21,L-R,solar,5089,4893,G2,False,1.4697352099465206,1.4474690000001829,0.21577687497483566,0.21435799999994742,772063232
fold_5,evaluation,2026-03-21,L-N,night,5803,5579,G2,False,1.4327005419763736,1.4129100000002381,0.21188966697081923,0.21006499999998596,784089088
fold_5,evaluation,2026-03-21,L-N,shoulder,6543,6291,G3,False,1.6712911669746973,1.5833470000002308,0.45122379198437557,0.44806900000003225,784089088
fold_5,evaluation,2026-03-21,L-N,solar,5089,4893,G4,False,1.3340513330185786,1.3224559999998746,0.6721827079891227,0.6639760000000479,784089088
fold_5,evaluation,2026-03-22,L-P,pooled,17435,16763,G4,False,2.4618219589465298,2.4345049999997173,1.1741817919537425,1.1593399999999292,774553600
fold_5,evaluation,2026-03-22,L-R,night,5803,5579,G3,False,1.5845989170484245,1.5135119999999915,0.4821084170253016,0.47474899999997433,801112064
fold_5,evaluation,2026-03-22,L-R,shoulder,6543,6291,G3,False,1.6559088749927469,1.638905999999679,0.5460886250366457,0.5352040000000216,801112064
fold_5,evaluation,2026-03-22,L-R,solar,5089,4893,G2,False,1.4472436250071041,1.4269299999998566,0.22168612503446639,0.21931500000005144,801112064
fold_5,evaluation,2026-03-22,L-N,night,5803,5579,G3,False,1.515442708041519,1.4312350000000151,0.4192824169876985,0.41597600000000057,772063232
fold_5,evaluation,2026-03-22,L-N,shoulder,6543,6291,G4,False,1.540772750042379,1.5203620000002047,0.7325529999798164,0.7262459999999464,772063232
fold_5,evaluation,2026-03-22,L-N,solar,5089,4893,G4,False,1.358312416006811,1.3435150000000249,0.6508487079991028,0.6461040000001503,772063232
fold_5,evaluation,2026-03-23,L-P,pooled,17435,16763,G3,False,2.572573999990709,2.4756219999999303,0.7817177910474129,0.7715840000000753,774553600
fold_5,evaluation,2026-03-23,L-R,night,5803,5579,G4,False,1.5065958760678768,1.4878590000000713,0.7448965419898741,0.7355019999999968,784089088
fold_5,evaluation,2026-03-23,L-R,shoulder,6543,6291,G3,False,1.6374070409801789,1.6178350000000137,0.5090232079965062,0.5017110000001139,784089088
fold_5,evaluation,2026-03-23,L-R,solar,5089,4893,G1,False,1.4433714159531519,1.4255640000001222,0.07610420795390382,0.07544499999994514,784089088
fold_5,evaluation,2026-03-23,L-N,night,5803,5579,G1,False,1.4039264579769224,1.3864819999998872,0.07856795797124505,0.07764900000006492,774553600
fold_5,evaluation,2026-03-23,L-N,shoulder,6543,6291,G3,False,1.53864191705361,1.5184040000003733,0.47425899998052046,0.4681519999999182,774553600
fold_5,evaluation,2026-03-23,L-N,solar,5089,4893,G1,False,1.3203046660055406,1.3086410000000797,0.08475554100004956,0.08338099999991755,774553600
fold_5,evaluation,2026-03-24,L-P,pooled,17435,16763,G4,False,2.453926083049737,2.4299889999999778,1.1734537919983268,1.1561299999998482,801112064
fold_5,evaluation,2026-03-24,L-R,night,5803,5579,G3,False,1.5278632490080781,1.5079369999998562,0.46703445905586705,0.46161899999992784,772063232
fold_5,evaluation,2026-03-24,L-R,shoulder,6543,6291,G3,False,1.6304294590372592,1.6139110000001438,0.49897633300861344,0.49442999999996573,772063232
fold_5,evaluation,2026-03-24,L-R,solar,5089,4893,G2,False,1.4885730420355685,1.4154630000000452,0.2170322920428589,0.21535299999982271,772063232
fold_5,evaluation,2026-03-24,L-N,night,5803,5579,G2,False,1.4014673749334179,1.382270999999946,0.21395599999232218,0.21217599999999948,784089088
fold_5,evaluation,2026-03-24,L-N,shoulder,6543,6291,G3,False,1.537426293012686,1.5168040000000929,0.45425316697219387,0.4505659999999807,784089088
fold_5,evaluation,2026-03-24,L-N,solar,5089,4893,G1,False,1.3504317898768932,1.3363780000004226,0.07369145803386346,0.07319200000006276,784089088
fold_5,evaluation,2026-03-25,L-P,pooled,17435,16763,G4,False,2.5199882929446176,2.4341819999999643,1.1517468329984695,1.1417489999998907,774553600
fold_5,evaluation,2026-03-25,L-R,night,5803,5579,G4,False,1.53847816697089,1.4657389999997577,0.7735757500049658,0.7645109999998567,801112064
fold_5,evaluation,2026-03-25,L-R,shoulder,6543,6291,G4,False,1.6763751249527559,1.652404999999817,0.8079540419857949,0.8025299999999334,801112064
fold_5,evaluation,2026-03-25,L-R,solar,5089,4893,G4,False,1.403177290048916,1.3895129999998517,0.7174511670018546,0.7069070000000011,801112064
fold_5,evaluation,2026-03-25,L-N,night,5803,5579,G2,False,1.408972290926613,1.3900519999999688,0.21107495803153142,0.20953000000008615,772063232
fold_5,evaluation,2026-03-25,L-N,shoulder,6543,6291,G4,False,1.5967796670738608,1.5190470000000005,0.7744271669653244,0.7634080000000267,772063232
fold_5,evaluation,2026-03-25,L-N,solar,5089,4893,G3,False,1.3786163750337437,1.3582840000001397,0.42060404195217416,0.4172350000001188,772063232
fold_5,evaluation,2026-03-26,L-P,pooled,17435,16763,G4,False,2.5407655829912983,2.4999279999999544,1.1312547919806093,1.1218340000000353,774553600
fold_5,evaluation,2026-03-26,L-R,night,5803,5579,G4,False,1.5216836240142584,1.4997370000000956,0.742826082976535,0.737487000000101,784089088
fold_5,evaluation,2026-03-26,L-R,shoulder,6543,6291,G3,False,1.6221598340198398,1.60608000000002,0.5587530839839019,0.5448650000000725,784089088
fold_5,evaluation,2026-03-26,L-R,solar,5089,4893,G4,False,1.505542124970816,1.4283140000000003,0.7120585829834454,0.7044960000000628,784089088
fold_5,evaluation,2026-03-26,L-N,night,5803,5579,G4,False,1.4777612090110779,1.405033000000003,0.7130398330045864,0.7020189999998365,801112064
fold_5,evaluation,2026-03-26,L-N,shoulder,6543,6291,G3,False,1.5359634160413407,1.5118509999999787,0.4514094169717282,0.4483989999998812,801112064
fold_5,evaluation,2026-03-26,L-N,solar,5089,4893,G1,False,1.3512837490416132,1.3381479999995918,0.07386816601501778,0.07340599999997721,801112064
fold_5,evaluation,2026-03-27,L-P,pooled,17435,16763,G4,False,2.555559875036124,2.465588999999909,1.129501125018578,1.120732999999973,774553600
fold_5,evaluation,2026-03-27,L-R,night,5803,5579,G3,False,1.4765501680085436,1.4628009999998994,0.5236739999963902,0.5104159999998501,772063232
fold_5,evaluation,2026-03-27,L-R,shoulder,6543,6291,G4,False,1.638281458930578,1.6230039999998098,0.8178012080024928,0.8088900000000194,772063232
fold_5,evaluation,2026-03-27,L-R,solar,5089,4893,G4,False,1.3810599169810303,1.3704410000002554,0.751270167005714,0.7380330000000868,772063232
fold_5,evaluation,2026-03-27,L-N,night,5803,5579,G3,False,1.402799292060081,1.3840119999997569,0.41198291699402034,0.4091670000000249,774553600
fold_5,evaluation,2026-03-27,L-N,shoulder,6543,6291,G4,False,1.5830155000439845,1.505408000000216,0.7559237919631414,0.747190000000046,774553600
fold_5,evaluation,2026-03-27,L-N,solar,5089,4893,G4,False,1.3690730839734897,1.3510479999999916,0.670229958021082,0.6638940000000275,774553600
fold_5,evaluation,2026-03-28,L-P,pooled,17435,16763,G4,False,2.4520145410788245,2.4254750000004606,1.147252875030972,1.1371469999999135,784089088
fold_5,evaluation,2026-03-28,L-R,night,5803,5579,G4,False,1.5402686250163242,1.5207400000001599,0.7542921249987558,0.7471219999999903,801112064
fold_5,evaluation,2026-03-28,L-R,shoulder,6543,6291,G3,False,1.6612662929692306,1.6374889999999596,0.5129803330055438,0.5069310000001224,801112064
fold_5,evaluation,2026-03-28,L-R,solar,5089,4893,G4,False,1.4811309999786317,1.4069190000000162,0.7050298330141231,0.6988089999999829,801112064
fold_5,evaluation,2026-03-28,L-N,night,5803,5579,G4,False,1.4660127080278471,1.396569999999656,0.7053122500074096,0.6974700000000666,784089088
fold_5,evaluation,2026-03-28,L-N,shoulder,6543,6291,G3,False,1.5563345829723403,1.5335620000000745,0.4533890000311658,0.45001700000011624,784089088
fold_5,evaluation,2026-03-28,L-N,solar,5089,4893,G3,False,1.3532249159761705,1.3367400000001908,0.4264517500414513,0.4202700000000732,784089088
fold_5,evaluation,2026-03-29,L-P,pooled,17435,16763,G3,False,2.51816533197416,2.430949999999939,0.7944485420011915,0.783427999999958,772063232
fold_5,evaluation,2026-03-29,L-R,night,5803,5579,G3,False,1.5144540420151316,1.4963860000000295,0.4480377919971943,0.44470099999989543,774553600
fold_5,evaluation,2026-03-29,L-R,shoulder,6543,6291,G4,False,1.6586638331064023,1.6336880000001202,0.8061785839963704,0.7945560000000569,774553600
fold_5,evaluation,2026-03-29,L-R,solar,5089,4893,G3,False,1.4728817929280922,1.4503850000000966,0.4303813329897821,0.42742299999986244,774553600
fold_5,evaluation,2026-03-29,L-N,night,5803,5579,G3,False,1.4107771669514477,1.3942769999998745,0.4155668329913169,0.412525000000187,772063232
fold_5,evaluation,2026-03-29,L-N,shoulder,6543,6291,G4,False,1.6538784579606727,1.5643159999999625,0.7271802090108395,0.7216459999999643,772063232
fold_5,evaluation,2026-03-29,L-N,solar,5089,4893,G3,False,1.3690387509996071,1.352064000000155,0.4075523749925196,0.4041810000001078,772063232
fold_5,evaluation,2026-03-30,L-P,pooled,17435,16764,G4,False,2.4545412080478854,2.427131000000145,1.1798031250364147,1.1654530000000705,801112064
fold_5,evaluation,2026-03-30,L-R,night,5803,5580,G4,False,1.5310461259796284,1.5130159999998796,0.7270719590014778,0.7220429999999851,784089088
fold_5,evaluation,2026-03-30,L-R,shoulder,6543,6291,G4,False,1.6125554589089006,1.5960969999998724,0.885682333027944,0.8657399999999598,784089088
fold_5,evaluation,2026-03-30,L-R,solar,5089,4893,G4,False,1.476398499973584,1.4509859999998298,0.6875491249957122,0.6825820000001386,784089088
fold_5,evaluation,2026-03-30,L-N,night,5803,5580,G2,False,1.5211472510709427,1.436392000000069,0.2089996249997057,0.2075769999999011,801112064
fold_5,evaluation,2026-03-30,L-N,shoulder,6543,6291,G4,False,1.605131832882762,1.5765129999999772,0.789209165959619,0.7722669999998288,801112064
fold_5,evaluation,2026-03-30,L-N,solar,5089,4893,G3,False,1.3355067919474095,1.3241390000000592,0.40872666699578986,0.405179999999973,801112064
fold_5,evaluation,2026-03-31,L-P,pooled,17435,16765,G3,False,2.5599874169565737,2.468480000000227,0.757352875021752,0.751978999999892,774553600
fold_5,evaluation,2026-03-31,L-R,night,5803,5581,G3,False,1.4700007080100477,1.4585189999997965,0.4978812910267152,0.48538299999995616,772063232
fold_5,evaluation,2026-03-31,L-R,shoulder,6543,6291,G2,False,1.643354499945417,1.626419999999598,0.25559166696621105,0.25292799999988347,772063232
fold_5,evaluation,2026-03-31,L-R,solar,5089,4893,G4,False,1.5256869579898193,1.4961579999996957,0.6945604999782518,0.6888129999999819,772063232
fold_5,evaluation,2026-03-31,L-N,night,5803,5581,G4,False,1.4760350420256145,1.4506550000003244,0.7212531669647433,0.7084839999999986,774553600
fold_5,evaluation,2026-03-31,L-N,shoulder,6543,6291,G3,False,1.588719084043987,1.5637150000002293,0.5239777909591794,0.45971000000008644,774553600
fold_5,evaluation,2026-03-31,L-N,solar,5089,4893,G3,False,1.3549801248591393,1.3404170000001159,0.42272824997780845,0.4183739999998579,774553600
fold_5,evaluation,2026-04-01,L-P,pooled,17435,16766,G4,False,2.499043582996819,2.4664009999999053,1.1689838339807466,1.1541560000000572,784089088
fold_5,evaluation,2026-04-01,L-R,night,5803,5582,G3,False,1.4984661250491627,1.4843590000002678,0.4615868330001831,0.4573159999999916,801112064
fold_5,evaluation,2026-04-01,L-R,shoulder,6543,6291,G4,False,1.6372254160232842,1.6176010000001497,0.8074006250244565,0.7983119999998962,801112064
fold_5,evaluation,2026-04-01,L-R,solar,5089,4893,G3,False,1.5162347499863245,1.4891139999999723,0.5080834999680519,0.442594999999983,801112064
fold_5,evaluation,2026-04-01,L-N,night,5803,5582,G4,False,1.5153007920016535,1.4327549999998155,0.7159622089820914,0.703476000000137,772063232
fold_5,evaluation,2026-04-01,L-N,shoulder,6543,6291,G4,False,1.5426453329855576,1.524992999999995,0.7315488749882206,0.726272999999992,772063232
fold_5,evaluation,2026-04-01,L-N,solar,5089,4893,G4,False,1.3149121679598466,1.3056359999998222,0.6983789580408484,0.6873330000000806,772063232
fold_5,evaluation,2026-04-02,L-P,pooled,17435,16766,G3,False,2.58381837408524,2.4933139999998275,0.7536299159983173,0.7482449999999972,784089088
fold_5,evaluation,2026-04-02,L-R,night,5803,5582,G4,False,1.511683958931826,1.4919889999996485,0.734284000005573,0.7282539999998789,774553600
fold_5,evaluation,2026-04-02,L-R,shoulder,6543,6291,G4,False,1.637770667031873,1.6197740000000067,0.8837425829842687,0.8670839999999771,774553600
fold_5,evaluation,2026-04-02,L-R,solar,5089,4893,G3,False,1.4478048760211095,1.4271359999997912,0.4628813749877736,0.45555500000000393,774553600
fold_5,evaluation,2026-04-02,L-N,night,5803,5582,G4,False,1.4231401259894483,1.4025990000000093,0.6975276669836603,0.6902419999998983,784089088
fold_5,evaluation,2026-04-02,L-N,shoulder,6543,6291,G3,False,1.5737359590712003,1.5501110000002427,0.4777514170273207,0.4687699999999495,784089088
fold_5,evaluation,2026-04-02,L-N,solar,5089,4893,G3,False,1.3283700830070302,1.3162670000001526,0.45341833296697587,0.4443670000000566,784089088
fold_5,evaluation,2026-04-03,L-P,pooled,17435,16766,G4,False,2.4865225420799106,2.4576790000000983,1.1935343749937601,1.175249999999778,801112064
fold_5,evaluation,2026-04-03,L-R,night,5803,5582,G4,False,1.578754249960184,1.5547260000000733,0.7561837499961257,0.748824999999897,772063232
fold_5,evaluation,2026-04-03,L-R,shoulder,6543,6291,G4,False,1.684281918045599,1.6601680000001124,0.828491166990716,0.8195929999999407,772063232
fold_5,evaluation,2026-04-03,L-R,solar,5089,4893,G3,False,1.4479347910382785,1.3857430000000477,0.4320926659856923,0.42923400000017864,772063232
fold_5,evaluation,2026-04-03,L-N,night,5803,5582,G4,False,1.4298663340159692,1.41237000000001,0.7623224999988452,0.6945000000000618,801112064
fold_5,evaluation,2026-04-03,L-N,shoulder,6543,6291,G3,False,1.5538067489978857,1.5291250000002492,0.44956283300416544,0.4435909999999694,801112064
fold_5,evaluation,2026-04-03,L-N,solar,5089,4893,G3,False,1.3466992920148186,1.333266999999978,0.43158304202370346,0.42544500000008156,801112064
fold_5,evaluation,2026-04-04,L-P,pooled,17435,16766,G4,False,2.5111808329820633,2.4229330000000573,1.1961267910082825,1.1799869999999828,774553600
fold_5,evaluation,2026-04-04,L-R,night,5803,5582,G4,False,1.5480123329907656,1.4735339999999724,0.7679607919999398,0.7572959999999966,784089088
fold_5,evaluation,2026-04-04,L-R,shoulder,6543,6291,G3,False,1.6161937480210327,1.6023369999998067,0.486525124986656,0.48327000000017506,784089088
fold_5,evaluation,2026-04-04,L-R,solar,5089,4893,G3,False,1.4491802089614794,1.4273729999999887,0.4259488749667071,0.4229640000000927,784089088
fold_5,evaluation,2026-04-04,L-N,night,5803,5582,G4,False,1.4177151250187308,1.3975430000000415,0.6706952090025879,0.6654100000000653,774553600
fold_5,evaluation,2026-04-04,L-N,shoulder,6543,6291,G4,False,1.582830959057901,1.5536169999998037,0.7460052500246093,0.728005999999823,774553600
fold_5,evaluation,2026-04-04,L-N,solar,5089,4893,G3,False,1.3421610000659712,1.3304460000001654,0.40560854104114696,0.4030319999999392,774553600
fold_5,evaluation,2026-04-05,L-P,pooled,17435,16766,G4,False,2.4287741250009276,2.408896999999797,1.2496829169685952,1.225932000000057,772063232
fold_5,evaluation,2026-04-05,L-R,night,5803,5582,G4,False,1.494410415936727,1.4811190000000352,0.7355264580110088,0.7300829999999223,801112064
fold_5,evaluation,2026-04-05,L-R,shoulder,6543,6291,G3,False,1.656228541978635,1.6344619999997576,0.5008663340122439,0.4957259999998769,801112064
fold_5,evaluation,2026-04-05,L-R,solar,5089,4893,G4,False,1.5148481670184992,1.4894299999998566,0.7577566670370288,0.6950289999999768,801112064
fold_5,evaluation,2026-04-05,L-N,night,5803,5582,G3,False,1.46001195901772,1.4334219999996094,0.49075695796636865,0.4234069999999974,784089088
fold_5,evaluation,2026-04-05,L-N,shoulder,6543,6291,G4,False,1.5736729159252718,1.545217999999977,0.7554457079968415,0.7481199999999717,784089088
fold_5,evaluation,2026-04-05,L-N,solar,5089,4893,G4,False,1.3569525420898572,1.3389229999997951,0.6548099999781698,0.6497079999999187,784089088
fold_5,evaluation,2026-04-06,L-P,pooled,17435,16767,G3,False,2.522995541978162,2.436153000000104,0.7648372919647954,0.7580179999999928,772063232
fold_5,evaluation,2026-04-06,L-R,night,5803,5583,G4,False,1.5129880409804173,1.4951669999998103,0.7749951249570586,0.7636459999998806,774553600
fold_5,evaluation,2026-04-06,L-R,shoulder,6543,6291,G4,False,1.6681195839191787,1.647433999999521,0.8207326249685138,0.8083440000000337,774553600
fold_5,evaluation,2026-04-06,L-R,solar,5089,4893,G3,False,1.4260884170071222,1.4099739999999201,0.5211959169828333,0.5032929999999851,774553600
fold_5,evaluation,2026-04-06,L-N,night,5803,5583,G4,False,1.428711666900199,1.407605999999987,0.7419837919878773,0.7262700000001132,772063232
fold_5,evaluation,2026-04-06,L-N,shoulder,6543,6291,G3,False,1.5296150839421898,1.4621720000000096,0.44156762497732416,0.4387090000000171,772063232
fold_5,evaluation,2026-04-06,L-N,solar,5089,4893,G4,False,1.3512195409857668,1.3367579999996906,0.7621648749918677,0.7432269999999335,772063232
fold_5,evaluation,2026-04-07,L-P,pooled,17435,16767,G4,False,2.606718832976185,2.560449999999719,1.142345917003695,1.1334779999999682,801112064
fold_5,evaluation,2026-04-07,L-R,night,5803,5583,G3,False,1.5524997489410453,1.5271109999996497,0.5339624169864692,0.5176689999998416,784089088
fold_5,evaluation,2026-04-07,L-R,shoulder,6543,6291,G3,False,1.521224958007224,1.510595000000194,0.46776041702833027,0.4639380000000983,784089088
fold_5,evaluation,2026-04-07,L-R,solar,5089,4893,G4,False,1.4375824179733172,1.3687810000001264,0.6736970000201836,0.668858999999884,784089088
fold_5,evaluation,2026-04-07,L-N,night,5803,5583,G3,False,1.457322624977678,1.3868679999995948,0.4235510420403443,0.41862500000002,801112064
fold_5,evaluation,2026-04-07,L-N,shoulder,6543,6291,G3,False,1.4083724999800324,1.3990730000002713,0.4193339589983225,0.41780500000004395,801112064
fold_5,evaluation,2026-04-07,L-N,solar,5089,4893,G3,False,1.259165123978164,1.2524289999998928,0.3866696250042878,0.38471999999978834,801112064
