policy,scope,fold,n_hours,n_days,first_delivery_date,last_delivery_date,MAE,RMSE,WIS,mean_pinball_7,raw_central_MAE,centering_effect,bias,daily_mean_level_MAE,within_day_shape_MAE,missing_count,crossings,coverage50,hit_count50,lower_miss_count50,upper_miss_count50,mean_width50,median_width50,p95_width50,coverage80,hit_count80,lower_miss_count80,upper_miss_count80,mean_width80,median_width80,p95_width80,coverage95,hit_count95,lower_miss_count95,upper_miss_count95,mean_width95,median_width95,p95_width95,represented_dates,window_start,window_end,calendar_days,stress_period,pooled_ratio_MAE,pooled_ratio_WIS,S_MAE,S_WIS
B0,pooled,all,10747.0,448.0,2020-07-01,2026-04-07,32.81010165627617,61.07331770317242,20.020603986162254,10.010301993081127,32.452299246301294,0.35780240997487706,2.175260537824509,27.724523223181937,19.282844480191976,0.0,0.0,0.46217549083465154,4967.0,2894.0,2886.0,38.083496673490274,22.625,117.04999999999995,0.751558574485903,8077.0,1324.0,1346.0,93.54281166837255,64.44949999999997,244.38499999999993,0.9074160230762073,9752.0,503.0,492.0,166.60476947054994,136.9025,462.057,"[""2020-07-01"", ""2020-07-02"", ""2020-07-03"", ""2020-07-04"", ""2020-07-05"", ""2020-07-06"", ""2020-07-07"", ""2020-07-08"", ""2020-07-09"", ""2020-07-10"", ""2020-07-11"", ""2020-07-12"", ""2020-07-13"", ""2020-07-14"", ""2020-07-15"", ""2020-07-16"", ""2020-07-17"", ""2020-07-18"", ""2020-07-19"", ""2020-07-20"", ""2020-07-21"", ""2020-07-22"", ""2020-07-23"", ""2020-07-24"", ""2020-07-25"", ""2020-07-26"", ""2020-07-27"", ""2020-07-28"", ""2020-07-29"", ""2020-07-30"", ""2020-07-31"", ""2020-08-01"", ""2020-08-02"", ""2020-08-03"", ""2020-08-04"", ""2020-08-05"", ""2020-08-06"", ""2020-08-07"", ""2020-08-08"", ""2020-08-09"", ""2020-08-10"", ""2020-08-11"", ""2020-08-12"", ""2020-08-13"", ""2020-08-14"", ""2020-08-15"", ""2020-08-16"", ""2020-08-17"", ""2020-08-18"", ""2020-08-19"", ""2020-08-20"", ""2020-08-21"", ""2020-08-22"", ""2020-08-23"", ""2020-08-24"", ""2020-08-25"", ""2020-08-26"", ""2020-08-27"", ""2020-08-28"", ""2020-08-29"", ""2020-08-30"", ""2020-08-31"", ""2020-09-01"", ""2020-09-02"", ""2020-09-03"", ""2020-09-04"", ""2020-09-05"", ""2020-09-06"", ""2020-09-07"", ""2020-09-08"", ""2020-09-09"", ""2020-09-10"", ""2020-09-11"", ""2020-09-12"", ""2020-09-13"", ""2020-09-14"", ""2020-09-15"", ""2020-09-16"", ""2020-09-17"", ""2020-09-18"", ""2020-09-19"", ""2020-09-20"", ""2020-09-21"", ""2020-09-22"", ""2020-09-23"", ""2020-09-24"", ""2020-09-25"", ""2020-09-26"", ""2020-09-27"", ""2020-09-28"", ""2021-04-01"", ""2021-04-02"", ""2021-04-03"", ""2021-04-04"", ""2021-04-05"", ""2021-04-06"", ""2021-04-07"", ""2021-04-08"", ""2021-04-09"", ""2021-04-10"", ""2021-04-11"", ""2021-04-12"", ""2021-04-13"", ""2021-04-14"", ""2021-04-15"", ""2021-04-16"", ""2021-04-17"", ""2021-04-18"", ""2021-04-19"", ""2021-04-20"", ""2021-04-21"", ""2021-04-22"", ""2021-04-23"", ""2021-04-24"", ""2021-04-25"", ""2021-04-26"", ""2021-04-27"", ""2021-04-28"", ""2021-04-29"", ""2021-04-30"", ""2021-05-01"", ""2021-05-02"", ""2021-05-03"", ""2021-05-04"", ""2021-05-05"", ""2021-05-06"", ""2021-05-07"", ""2021-05-08"", ""2021-05-09"", ""2021-05-10"", ""2021-05-11"", ""2021-05-12"", ""2021-05-13"", ""2021-05-14"", ""2021-05-15"", ""2021-05-16"", ""2021-05-17"", ""2021-05-18"", ""2021-05-19"", ""2021-05-20"", ""2021-05-21"", ""2021-05-22"", ""2021-05-23"", ""2021-05-24"", ""2021-05-25"", ""2021-05-26"", ""2021-05-27"", ""2021-05-28"", ""2021-05-29"", ""2021-05-30"", ""2021-05-31"", ""2021-06-01"", ""2021-06-02"", ""2021-06-03"", ""2021-06-04"", ""2021-06-05"", ""2021-06-06"", ""2021-06-07"", ""2021-06-08"", ""2021-06-09"", ""2021-06-10"", ""2021-06-11"", ""2021-06-12"", ""2021-06-13"", ""2021-06-14"", ""2021-06-15"", ""2021-06-16"", ""2021-06-17"", ""2021-06-18"", ""2021-06-19"", ""2021-06-20"", ""2021-06-21"", ""2021-06-22"", ""2021-06-23"", ""2021-06-24"", ""2021-06-25"", ""2021-06-26"", ""2021-06-27"", ""2021-06-28"", ""2021-06-29"", ""2022-07-01"", ""2022-07-02"", ""2022-07-03"", ""2022-07-04"", ""2022-07-05"", ""2022-07-06"", ""2022-07-07"", ""2022-07-08"", ""2022-07-09"", ""2022-07-10"", ""2022-07-11"", ""2022-07-12"", ""2022-07-13"", ""2022-07-14"", ""2022-07-15"", ""2022-07-16"", ""2022-07-17"", ""2022-07-18"", ""2022-07-19"", ""2022-07-22"", ""2022-07-23"", ""2022-07-24"", ""2022-07-25"", ""2022-07-26"", ""2022-07-27"", ""2022-07-28"", ""2022-07-29"", ""2022-07-30"", ""2022-07-31"", ""2022-08-01"", ""2022-08-02"", ""2022-08-03"", ""2022-08-04"", ""2022-08-05"", ""2022-08-06"", ""2022-08-07"", ""2022-08-08"", ""2022-08-09"", ""2022-08-10"", ""2022-08-11"", ""2022-08-12"", ""2022-08-13"", ""2022-08-14"", ""2022-08-15"", ""2022-08-16"", ""2022-08-17"", ""2022-08-18"", ""2022-08-19"", ""2022-08-20"", ""2022-08-21"", ""2022-08-22"", ""2022-08-23"", ""2022-08-24"", ""2022-08-25"", ""2022-08-26"", ""2022-08-27"", ""2022-08-28"", ""2022-08-29"", ""2022-08-30"", ""2022-08-31"", ""2022-09-01"", ""2022-09-02"", ""2022-09-03"", ""2022-09-04"", ""2022-09-05"", ""2022-09-06"", ""2022-09-07"", ""2022-09-08"", ""2022-09-09"", ""2022-09-10"", ""2022-09-11"", ""2022-09-12"", ""2022-09-13"", ""2022-09-14"", ""2022-09-15"", ""2022-09-16"", ""2022-09-17"", ""2022-09-18"", ""2022-09-19"", ""2022-09-20"", ""2022-09-21"", ""2022-09-22"", ""2022-09-23"", ""2022-09-24"", ""2022-09-25"", ""2022-09-26"", ""2022-09-27"", ""2022-09-28"", ""2025-05-01"", ""2025-05-02"", ""2025-05-03"", ""2025-05-04"", ""2025-05-05"", ""2025-05-06"", ""2025-05-07"", ""2025-05-08"", ""2025-05-09"", ""2025-05-10"", ""2025-05-11"", ""2025-05-12"", ""2025-05-13"", ""2025-05-14"", ""2025-05-15"", ""2025-05-16"", ""2025-05-17"", ""2025-05-18"", ""2025-05-19"", ""2025-05-20"", ""2025-05-21"", ""2025-05-22"", ""2025-05-23"", ""2025-05-24"", ""2025-05-25"", ""2025-05-26"", ""2025-05-27"", ""2025-05-28"", ""2025-05-29"", ""2025-05-30"", ""2025-05-31"", ""2025-06-01"", ""2025-06-02"", ""2025-06-03"", ""2025-06-04"", ""2025-06-05"", ""2025-06-06"", ""2025-06-07"", ""2025-06-08"", ""2025-06-09"", ""2025-06-10"", ""2025-06-11"", ""2025-06-12"", ""2025-06-13"", ""2025-06-14"", ""2025-06-15"", ""2025-06-16"", ""2025-06-17"", ""2025-06-18"", ""2025-06-19"", ""2025-06-20"", ""2025-06-21"", ""2025-06-22"", ""2025-06-23"", ""2025-06-24"", ""2025-06-25"", ""2025-06-26"", ""2025-06-27"", ""2025-06-28"", ""2025-06-29"", ""2025-06-30"", ""2025-07-01"", ""2025-07-02"", ""2025-07-03"", ""2025-07-04"", ""2025-07-05"", ""2025-07-06"", ""2025-07-07"", ""2025-07-08"", ""2025-07-09"", ""2025-07-10"", ""2025-07-11"", ""2025-07-12"", ""2025-07-13"", ""2025-07-14"", ""2025-07-15"", ""2025-07-16"", ""2025-07-17"", ""2025-07-18"", ""2025-07-19"", ""2025-07-20"", ""2025-07-21"", ""2025-07-22"", ""2025-07-23"", ""2025-07-24"", ""2025-07-25"", ""2025-07-26"", ""2025-07-27"", ""2025-07-28"", ""2025-07-29"", ""2026-01-08"", ""2026-01-09"", ""2026-01-10"", ""2026-01-11"", ""2026-01-12"", ""2026-01-13"", ""2026-01-14"", ""2026-01-15"", ""2026-01-16"", ""2026-01-17"", ""2026-01-18"", ""2026-01-19"", ""2026-01-20"", ""2026-01-21"", ""2026-01-22"", ""2026-01-23"", ""2026-01-24"", ""2026-01-25"", ""2026-01-26"", ""2026-01-27"", ""2026-01-28"", ""2026-01-29"", ""2026-01-30"", ""2026-01-31"", ""2026-02-01"", ""2026-02-02"", ""2026-02-03"", ""2026-02-04"", ""2026-02-05"", ""2026-02-06"", ""2026-02-07"", ""2026-02-08"", ""2026-02-09"", ""2026-02-10"", ""2026-02-11"", ""2026-02-12"", ""2026-02-13"", ""2026-02-14"", ""2026-02-15"", ""2026-02-16"", ""2026-02-17"", ""2026-02-18"", ""2026-02-19"", ""2026-02-20"", ""2026-02-21"", ""2026-02-22"", ""2026-02-23"", ""2026-02-24"", ""2026-02-25"", ""2026-02-26"", ""2026-02-27"", ""2026-02-28"", ""2026-03-01"", ""2026-03-02"", ""2026-03-03"", ""2026-03-04"", ""2026-03-05"", ""2026-03-06"", ""2026-03-07"", ""2026-03-08"", ""2026-03-09"", ""2026-03-10"", ""2026-03-11"", ""2026-03-12"", ""2026-03-13"", ""2026-03-14"", ""2026-03-15"", ""2026-03-16"", ""2026-03-17"", ""2026-03-18"", ""2026-03-19"", ""2026-03-20"", ""2026-03-21"", ""2026-03-22"", ""2026-03-23"", ""2026-03-24"", ""2026-03-25"", ""2026-03-26"", ""2026-03-27"", ""2026-03-28"", ""2026-03-29"", ""2026-03-30"", ""2026-03-31"", ""2026-04-01"", ""2026-04-02"", ""2026-04-03"", ""2026-04-04"", ""2026-04-05"", ""2026-04-06"", ""2026-04-07""]",,,,,1.0,1.0,,
B0,per_fold,fold_1,2160.0,90.0,2020-07-01,2020-09-28,8.633138888888888,14.550374132901442,5.709041481481482,2.8545207407407407,8.590592592592593,0.04254629629629636,0.26563888888888904,7.3831759259259275,6.303100694444444,0.0,0.0,0.4597222222222222,993.0,613.0,554.0,8.888944444444443,8.280000000000001,12.805,0.7416666666666667,1602.0,290.0,268.0,22.774811111111106,22.486499999999992,32.977999999999994,0.9199074074074074,1987.0,92.0,81.0,51.30301666666668,52.94800000000002,64.09700000000002,"[""2020-07-01"", ""2020-07-02"", ""2020-07-03"", ""2020-07-04"", ""2020-07-05"", ""2020-07-06"", ""2020-07-07"", ""2020-07-08"", ""2020-07-09"", ""2020-07-10"", ""2020-07-11"", ""2020-07-12"", ""2020-07-13"", ""2020-07-14"", ""2020-07-15"", ""2020-07-16"", ""2020-07-17"", ""2020-07-18"", ""2020-07-19"", ""2020-07-20"", ""2020-07-21"", ""2020-07-22"", ""2020-07-23"", ""2020-07-24"", ""2020-07-25"", ""2020-07-26"", ""2020-07-27"", ""2020-07-28"", ""2020-07-29"", ""2020-07-30"", ""2020-07-31"", ""2020-08-01"", ""2020-08-02"", ""2020-08-03"", ""2020-08-04"", ""2020-08-05"", ""2020-08-06"", ""2020-08-07"", ""2020-08-08"", ""2020-08-09"", ""2020-08-10"", ""2020-08-11"", ""2020-08-12"", ""2020-08-13"", ""2020-08-14"", ""2020-08-15"", ""2020-08-16"", ""2020-08-17"", ""2020-08-18"", ""2020-08-19"", ""2020-08-20"", ""2020-08-21"", ""2020-08-22"", ""2020-08-23"", ""2020-08-24"", ""2020-08-25"", ""2020-08-26"", ""2020-08-27"", ""2020-08-28"", ""2020-08-29"", ""2020-08-30"", ""2020-08-31"", ""2020-09-01"", ""2020-09-02"", ""2020-09-03"", ""2020-09-04"", ""2020-09-05"", ""2020-09-06"", ""2020-09-07"", ""2020-09-08"", ""2020-09-09"", ""2020-09-10"", ""2020-09-11"", ""2020-09-12"", ""2020-09-13"", ""2020-09-14"", ""2020-09-15"", ""2020-09-16"", ""2020-09-17"", ""2020-09-18"", ""2020-09-19"", ""2020-09-20"", ""2020-09-21"", ""2020-09-22"", ""2020-09-23"", ""2020-09-24"", ""2020-09-25"", ""2020-09-26"", ""2020-09-27"", ""2020-09-28""]",2020-07-01,2020-09-28,90.0,False,,,,
B0,per_fold,fold_2,2159.0,90.0,2021-04-01,2021-06-29,16.171625752663275,25.672794231259175,10.88716980083372,5.44358490041686,16.242139879573877,-0.0705141269106068,-1.2664242704955992,14.462467995169082,9.255120577159312,0.0,0.0,0.5173691523853636,1117.0,478.0,564.0,17.965217693376562,18.477499999999992,22.69,0.7744326076887448,1672.0,217.0,270.0,54.29137193144974,56.14,67.061,0.9147753589624826,1975.0,76.0,108.0,114.57869198703105,122.38525000000016,136.9025,"[""2021-04-01"", ""2021-04-02"", ""2021-04-03"", ""2021-04-04"", ""2021-04-05"", ""2021-04-06"", ""2021-04-07"", ""2021-04-08"", ""2021-04-09"", ""2021-04-10"", ""2021-04-11"", ""2021-04-12"", ""2021-04-13"", ""2021-04-14"", ""2021-04-15"", ""2021-04-16"", ""2021-04-17"", ""2021-04-18"", ""2021-04-19"", ""2021-04-20"", ""2021-04-21"", ""2021-04-22"", ""2021-04-23"", ""2021-04-24"", ""2021-04-25"", ""2021-04-26"", ""2021-04-27"", ""2021-04-28"", ""2021-04-29"", ""2021-04-30"", ""2021-05-01"", ""2021-05-02"", ""2021-05-03"", ""2021-05-04"", ""2021-05-05"", ""2021-05-06"", ""2021-05-07"", ""2021-05-08"", ""2021-05-09"", ""2021-05-10"", ""2021-05-11"", ""2021-05-12"", ""2021-05-13"", ""2021-05-14"", ""2021-05-15"", ""2021-05-16"", ""2021-05-17"", ""2021-05-18"", ""2021-05-19"", ""2021-05-20"", ""2021-05-21"", ""2021-05-22"", ""2021-05-23"", ""2021-05-24"", ""2021-05-25"", ""2021-05-26"", ""2021-05-27"", ""2021-05-28"", ""2021-05-29"", ""2021-05-30"", ""2021-05-31"", ""2021-06-01"", ""2021-06-02"", ""2021-06-03"", ""2021-06-04"", ""2021-06-05"", ""2021-06-06"", ""2021-06-07"", ""2021-06-08"", ""2021-06-09"", ""2021-06-10"", ""2021-06-11"", ""2021-06-12"", ""2021-06-13"", ""2021-06-14"", ""2021-06-15"", ""2021-06-16"", ""2021-06-17"", ""2021-06-18"", ""2021-06-19"", ""2021-06-20"", ""2021-06-21"", ""2021-06-22"", ""2021-06-23"", ""2021-06-24"", ""2021-06-25"", ""2021-06-26"", ""2021-06-27"", ""2021-06-28"", ""2021-06-29""]",2021-04-01,2021-06-29,90.0,False,,,,
B0,per_fold,fold_3,2112.0,88.0,2022-07-01,2022-09-28,86.9488731060606,121.60900672043293,51.72695986877705,25.863479934388526,85.65789299242422,1.2909801136363646,9.941519886363636,76.61560132575758,41.74388809974748,0.0,0.0,0.41051136363636365,867.0,642.0,603.0,103.48724431818182,101.37125000000003,185.1675,0.7182765151515151,1517.0,318.0,277.0,238.9440795454545,216.11599999999996,423.89000000000004,0.8768939393939394,1852.0,142.0,118.0,376.3510369318182,335.24700000000007,568.1875,"[""2022-07-01"", ""2022-07-02"", ""2022-07-03"", ""2022-07-04"", ""2022-07-05"", ""2022-07-06"", ""2022-07-07"", ""2022-07-08"", ""2022-07-09"", ""2022-07-10"", ""2022-07-11"", ""2022-07-12"", ""2022-07-13"", ""2022-07-14"", ""2022-07-15"", ""2022-07-16"", ""2022-07-17"", ""2022-07-18"", ""2022-07-19"", ""2022-07-22"", ""2022-07-23"", ""2022-07-24"", ""2022-07-25"", ""2022-07-26"", ""2022-07-27"", ""2022-07-28"", ""2022-07-29"", ""2022-07-30"", ""2022-07-31"", ""2022-08-01"", ""2022-08-02"", ""2022-08-03"", ""2022-08-04"", ""2022-08-05"", ""2022-08-06"", ""2022-08-07"", ""2022-08-08"", ""2022-08-09"", ""2022-08-10"", ""2022-08-11"", ""2022-08-12"", ""2022-08-13"", ""2022-08-14"", ""2022-08-15"", ""2022-08-16"", ""2022-08-17"", ""2022-08-18"", ""2022-08-19"", ""2022-08-20"", ""2022-08-21"", ""2022-08-22"", ""2022-08-23"", ""2022-08-24"", ""2022-08-25"", ""2022-08-26"", ""2022-08-27"", ""2022-08-28"", ""2022-08-29"", ""2022-08-30"", ""2022-08-31"", ""2022-09-01"", ""2022-09-02"", ""2022-09-03"", ""2022-09-04"", ""2022-09-05"", ""2022-09-06"", ""2022-09-07"", ""2022-09-08"", ""2022-09-09"", ""2022-09-10"", ""2022-09-11"", ""2022-09-12"", ""2022-09-13"", ""2022-09-14"", ""2022-09-15"", ""2022-09-16"", ""2022-09-17"", ""2022-09-18"", ""2022-09-19"", ""2022-09-20"", ""2022-09-21"", ""2022-09-22"", ""2022-09-23"", ""2022-09-24"", ""2022-09-25"", ""2022-09-26"", ""2022-09-27"", ""2022-09-28""]",2022-07-01,2022-09-28,90.0,True,,,,
B0,per_fold,fold_4,2160.0,90.0,2025-05-01,2025-07-29,22.984564814814817,36.35392467286538,14.561240595238095,7.2806202976190475,22.84526851851852,0.13929629629629584,-0.4930370370370366,15.530240740740737,20.24671875,0.0,0.0,0.5064814814814815,1094.0,517.0,549.0,28.258,25.23249999999999,40.63249999999999,0.8143518518518519,1759.0,187.0,214.0,75.79389999999998,73.01649999999998,102.544,0.9398148148148148,2030.0,67.0,63.0,149.50966666666667,151.690125,171.30200000000002,"[""2025-05-01"", ""2025-05-02"", ""2025-05-03"", ""2025-05-04"", ""2025-05-05"", ""2025-05-06"", ""2025-05-07"", ""2025-05-08"", ""2025-05-09"", ""2025-05-10"", ""2025-05-11"", ""2025-05-12"", ""2025-05-13"", ""2025-05-14"", ""2025-05-15"", ""2025-05-16"", ""2025-05-17"", ""2025-05-18"", ""2025-05-19"", ""2025-05-20"", ""2025-05-21"", ""2025-05-22"", ""2025-05-23"", ""2025-05-24"", ""2025-05-25"", ""2025-05-26"", ""2025-05-27"", ""2025-05-28"", ""2025-05-29"", ""2025-05-30"", ""2025-05-31"", ""2025-06-01"", ""2025-06-02"", ""2025-06-03"", ""2025-06-04"", ""2025-06-05"", ""2025-06-06"", ""2025-06-07"", ""2025-06-08"", ""2025-06-09"", ""2025-06-10"", ""2025-06-11"", ""2025-06-12"", ""2025-06-13"", ""2025-06-14"", ""2025-06-15"", ""2025-06-16"", ""2025-06-17"", ""2025-06-18"", ""2025-06-19"", ""2025-06-20"", ""2025-06-21"", ""2025-06-22"", ""2025-06-23"", ""2025-06-24"", ""2025-06-25"", ""2025-06-26"", ""2025-06-27"", ""2025-06-28"", ""2025-06-29"", ""2025-06-30"", ""2025-07-01"", ""2025-07-02"", ""2025-07-03"", ""2025-07-04"", ""2025-07-05"", ""2025-07-06"", ""2025-07-07"", ""2025-07-08"", ""2025-07-09"", ""2025-07-10"", ""2025-07-11"", ""2025-07-12"", ""2025-07-13"", ""2025-07-14"", ""2025-07-15"", ""2025-07-16"", ""2025-07-17"", ""2025-07-18"", ""2025-07-19"", ""2025-07-20"", ""2025-07-21"", ""2025-07-22"", ""2025-07-23"", ""2025-07-24"", ""2025-07-25"", ""2025-07-26"", ""2025-07-27"", ""2025-07-28"", ""2025-07-29""]",2025-05-01,2025-07-29,90.0,False,,,,
B0,per_fold,fold_5,2156.0,90.0,2026-01-08,2026-04-07,30.503414888682755,43.69833951035703,17.915066285117945,8.957533142558972,30.09608070500928,0.40733418367347035,2.600382653061225,25.717598530595822,19.360029051887555,0.0,0.0,0.4155844155844156,896.0,644.0,616.0,33.25323457792208,25.258124999999993,63.71625,0.7082560296846011,1527.0,312.0,317.0,79.09610992578848,69.39349999999999,139.71749999999997,0.8849721706864564,1908.0,126.0,122.0,145.8799979128015,159.31156250000004,197.99312500000002,"[""2026-01-08"", ""2026-01-09"", ""2026-01-10"", ""2026-01-11"", ""2026-01-12"", ""2026-01-13"", ""2026-01-14"", ""2026-01-15"", ""2026-01-16"", ""2026-01-17"", ""2026-01-18"", ""2026-01-19"", ""2026-01-20"", ""2026-01-21"", ""2026-01-22"", ""2026-01-23"", ""2026-01-24"", ""2026-01-25"", ""2026-01-26"", ""2026-01-27"", ""2026-01-28"", ""2026-01-29"", ""2026-01-30"", ""2026-01-31"", ""2026-02-01"", ""2026-02-02"", ""2026-02-03"", ""2026-02-04"", ""2026-02-05"", ""2026-02-06"", ""2026-02-07"", ""2026-02-08"", ""2026-02-09"", ""2026-02-10"", ""2026-02-11"", ""2026-02-12"", ""2026-02-13"", ""2026-02-14"", ""2026-02-15"", ""2026-02-16"", ""2026-02-17"", ""2026-02-18"", ""2026-02-19"", ""2026-02-20"", ""2026-02-21"", ""2026-02-22"", ""2026-02-23"", ""2026-02-24"", ""2026-02-25"", ""2026-02-26"", ""2026-02-27"", ""2026-02-28"", ""2026-03-01"", ""2026-03-02"", ""2026-03-03"", ""2026-03-04"", ""2026-03-05"", ""2026-03-06"", ""2026-03-07"", ""2026-03-08"", ""2026-03-09"", ""2026-03-10"", ""2026-03-11"", ""2026-03-12"", ""2026-03-13"", ""2026-03-14"", ""2026-03-15"", ""2026-03-16"", ""2026-03-17"", ""2026-03-18"", ""2026-03-19"", ""2026-03-20"", ""2026-03-21"", ""2026-03-22"", ""2026-03-23"", ""2026-03-24"", ""2026-03-25"", ""2026-03-26"", ""2026-03-27"", ""2026-03-28"", ""2026-03-29"", ""2026-03-30"", ""2026-03-31"", ""2026-04-01"", ""2026-04-02"", ""2026-04-03"", ""2026-04-04"", ""2026-04-05"", ""2026-04-06"", ""2026-04-07""]",2026-01-08,2026-04-07,90.0,False,,,,
B1,pooled,all,10747.0,448.0,2020-07-01,2026-04-07,41.743481556831235,81.34440986985622,25.24792934918561,12.623964674592806,41.75983235890547,-0.016350802074239917,-25.99951385652631,37.39949703786969,18.56804576879601,0.0,0.0,0.36447380664371454,3917.0,2044.0,4786.0,41.53164224298361,25.62308758760568,140.67092102438875,0.6280822555131664,6750.0,1151.0,2846.0,75.46902836943482,52.73437548281521,245.88705395604677,0.8451660928631246,9083.0,406.0,1258.0,130.86485779642376,97.88195880988283,387.5230624286474,"[""2020-07-01"", ""2020-07-02"", ""2020-07-03"", ""2020-07-04"", ""2020-07-05"", ""2020-07-06"", ""2020-07-07"", ""2020-07-08"", ""2020-07-09"", ""2020-07-10"", ""2020-07-11"", ""2020-07-12"", ""2020-07-13"", ""2020-07-14"", ""2020-07-15"", ""2020-07-16"", ""2020-07-17"", ""2020-07-18"", ""2020-07-19"", ""2020-07-20"", ""2020-07-21"", ""2020-07-22"", ""2020-07-23"", ""2020-07-24"", ""2020-07-25"", ""2020-07-26"", ""2020-07-27"", ""2020-07-28"", ""2020-07-29"", ""2020-07-30"", ""2020-07-31"", ""2020-08-01"", ""2020-08-02"", ""2020-08-03"", ""2020-08-04"", ""2020-08-05"", ""2020-08-06"", ""2020-08-07"", ""2020-08-08"", ""2020-08-09"", ""2020-08-10"", ""2020-08-11"", ""2020-08-12"", ""2020-08-13"", ""2020-08-14"", ""2020-08-15"", ""2020-08-16"", ""2020-08-17"", ""2020-08-18"", ""2020-08-19"", ""2020-08-20"", ""2020-08-21"", ""2020-08-22"", ""2020-08-23"", ""2020-08-24"", ""2020-08-25"", ""2020-08-26"", ""2020-08-27"", ""2020-08-28"", ""2020-08-29"", ""2020-08-30"", ""2020-08-31"", ""2020-09-01"", ""2020-09-02"", ""2020-09-03"", ""2020-09-04"", ""2020-09-05"", ""2020-09-06"", ""2020-09-07"", ""2020-09-08"", ""2020-09-09"", ""2020-09-10"", ""2020-09-11"", ""2020-09-12"", ""2020-09-13"", ""2020-09-14"", ""2020-09-15"", ""2020-09-16"", ""2020-09-17"", ""2020-09-18"", ""2020-09-19"", ""2020-09-20"", ""2020-09-21"", ""2020-09-22"", ""2020-09-23"", ""2020-09-24"", ""2020-09-25"", ""2020-09-26"", ""2020-09-27"", ""2020-09-28"", ""2021-04-01"", ""2021-04-02"", ""2021-04-03"", ""2021-04-04"", ""2021-04-05"", ""2021-04-06"", ""2021-04-07"", ""2021-04-08"", ""2021-04-09"", ""2021-04-10"", ""2021-04-11"", ""2021-04-12"", ""2021-04-13"", ""2021-04-14"", ""2021-04-15"", ""2021-04-16"", ""2021-04-17"", ""2021-04-18"", ""2021-04-19"", ""2021-04-20"", ""2021-04-21"", ""2021-04-22"", ""2021-04-23"", ""2021-04-24"", ""2021-04-25"", ""2021-04-26"", ""2021-04-27"", ""2021-04-28"", ""2021-04-29"", ""2021-04-30"", ""2021-05-01"", ""2021-05-02"", ""2021-05-03"", ""2021-05-04"", ""2021-05-05"", ""2021-05-06"", ""2021-05-07"", ""2021-05-08"", ""2021-05-09"", ""2021-05-10"", ""2021-05-11"", ""2021-05-12"", ""2021-05-13"", ""2021-05-14"", ""2021-05-15"", ""2021-05-16"", ""2021-05-17"", ""2021-05-18"", ""2021-05-19"", ""2021-05-20"", ""2021-05-21"", ""2021-05-22"", ""2021-05-23"", ""2021-05-24"", ""2021-05-25"", ""2021-05-26"", ""2021-05-27"", ""2021-05-28"", ""2021-05-29"", ""2021-05-30"", ""2021-05-31"", ""2021-06-01"", ""2021-06-02"", ""2021-06-03"", ""2021-06-04"", ""2021-06-05"", ""2021-06-06"", ""2021-06-07"", ""2021-06-08"", ""2021-06-09"", ""2021-06-10"", ""2021-06-11"", ""2021-06-12"", ""2021-06-13"", ""2021-06-14"", ""2021-06-15"", ""2021-06-16"", ""2021-06-17"", ""2021-06-18"", ""2021-06-19"", ""2021-06-20"", ""2021-06-21"", ""2021-06-22"", ""2021-06-23"", ""2021-06-24"", ""2021-06-25"", ""2021-06-26"", ""2021-06-27"", ""2021-06-28"", ""2021-06-29"", ""2022-07-01"", ""2022-07-02"", ""2022-07-03"", ""2022-07-04"", ""2022-07-05"", ""2022-07-06"", ""2022-07-07"", ""2022-07-08"", ""2022-07-09"", ""2022-07-10"", ""2022-07-11"", ""2022-07-12"", ""2022-07-13"", ""2022-07-14"", ""2022-07-15"", ""2022-07-16"", ""2022-07-17"", ""2022-07-18"", ""2022-07-19"", ""2022-07-22"", ""2022-07-23"", ""2022-07-24"", ""2022-07-25"", ""2022-07-26"", ""2022-07-27"", ""2022-07-28"", ""2022-07-29"", ""2022-07-30"", ""2022-07-31"", ""2022-08-01"", ""2022-08-02"", ""2022-08-03"", ""2022-08-04"", ""2022-08-05"", ""2022-08-06"", ""2022-08-07"", ""2022-08-08"", ""2022-08-09"", ""2022-08-10"", ""2022-08-11"", ""2022-08-12"", ""2022-08-13"", ""2022-08-14"", ""2022-08-15"", ""2022-08-16"", ""2022-08-17"", ""2022-08-18"", ""2022-08-19"", ""2022-08-20"", ""2022-08-21"", ""2022-08-22"", ""2022-08-23"", ""2022-08-24"", ""2022-08-25"", ""2022-08-26"", ""2022-08-27"", ""2022-08-28"", ""2022-08-29"", ""2022-08-30"", ""2022-08-31"", ""2022-09-01"", ""2022-09-02"", ""2022-09-03"", ""2022-09-04"", ""2022-09-05"", ""2022-09-06"", ""2022-09-07"", ""2022-09-08"", ""2022-09-09"", ""2022-09-10"", ""2022-09-11"", ""2022-09-12"", ""2022-09-13"", ""2022-09-14"", ""2022-09-15"", ""2022-09-16"", ""2022-09-17"", ""2022-09-18"", ""2022-09-19"", ""2022-09-20"", ""2022-09-21"", ""2022-09-22"", ""2022-09-23"", ""2022-09-24"", ""2022-09-25"", ""2022-09-26"", ""2022-09-27"", ""2022-09-28"", ""2025-05-01"", ""2025-05-02"", ""2025-05-03"", ""2025-05-04"", ""2025-05-05"", ""2025-05-06"", ""2025-05-07"", ""2025-05-08"", ""2025-05-09"", ""2025-05-10"", ""2025-05-11"", ""2025-05-12"", ""2025-05-13"", ""2025-05-14"", ""2025-05-15"", ""2025-05-16"", ""2025-05-17"", ""2025-05-18"", ""2025-05-19"", ""2025-05-20"", ""2025-05-21"", ""2025-05-22"", ""2025-05-23"", ""2025-05-24"", ""2025-05-25"", ""2025-05-26"", ""2025-05-27"", ""2025-05-28"", ""2025-05-29"", ""2025-05-30"", ""2025-05-31"", ""2025-06-01"", ""2025-06-02"", ""2025-06-03"", ""2025-06-04"", ""2025-06-05"", ""2025-06-06"", ""2025-06-07"", ""2025-06-08"", ""2025-06-09"", ""2025-06-10"", ""2025-06-11"", ""2025-06-12"", ""2025-06-13"", ""2025-06-14"", ""2025-06-15"", ""2025-06-16"", ""2025-06-17"", ""2025-06-18"", ""2025-06-19"", ""2025-06-20"", ""2025-06-21"", ""2025-06-22"", ""2025-06-23"", ""2025-06-24"", ""2025-06-25"", ""2025-06-26"", ""2025-06-27"", ""2025-06-28"", ""2025-06-29"", ""2025-06-30"", ""2025-07-01"", ""2025-07-02"", ""2025-07-03"", ""2025-07-04"", ""2025-07-05"", ""2025-07-06"", ""2025-07-07"", ""2025-07-08"", ""2025-07-09"", ""2025-07-10"", ""2025-07-11"", ""2025-07-12"", ""2025-07-13"", ""2025-07-14"", ""2025-07-15"", ""2025-07-16"", ""2025-07-17"", ""2025-07-18"", ""2025-07-19"", ""2025-07-20"", ""2025-07-21"", ""2025-07-22"", ""2025-07-23"", ""2025-07-24"", ""2025-07-25"", ""2025-07-26"", ""2025-07-27"", ""2025-07-28"", ""2025-07-29"", ""2026-01-08"", ""2026-01-09"", ""2026-01-10"", ""2026-01-11"", ""2026-01-12"", ""2026-01-13"", ""2026-01-14"", ""2026-01-15"", ""2026-01-16"", ""2026-01-17"", ""2026-01-18"", ""2026-01-19"", ""2026-01-20"", ""2026-01-21"", ""2026-01-22"", ""2026-01-23"", ""2026-01-24"", ""2026-01-25"", ""2026-01-26"", ""2026-01-27"", ""2026-01-28"", ""2026-01-29"", ""2026-01-30"", ""2026-01-31"", ""2026-02-01"", ""2026-02-02"", ""2026-02-03"", ""2026-02-04"", ""2026-02-05"", ""2026-02-06"", ""2026-02-07"", ""2026-02-08"", ""2026-02-09"", ""2026-02-10"", ""2026-02-11"", ""2026-02-12"", ""2026-02-13"", ""2026-02-14"", ""2026-02-15"", ""2026-02-16"", ""2026-02-17"", ""2026-02-18"", ""2026-02-19"", ""2026-02-20"", ""2026-02-21"", ""2026-02-22"", ""2026-02-23"", ""2026-02-24"", ""2026-02-25"", ""2026-02-26"", ""2026-02-27"", ""2026-02-28"", ""2026-03-01"", ""2026-03-02"", ""2026-03-03"", ""2026-03-04"", ""2026-03-05"", ""2026-03-06"", ""2026-03-07"", ""2026-03-08"", ""2026-03-09"", ""2026-03-10"", ""2026-03-11"", ""2026-03-12"", ""2026-03-13"", ""2026-03-14"", ""2026-03-15"", ""2026-03-16"", ""2026-03-17"", ""2026-03-18"", ""2026-03-19"", ""2026-03-20"", ""2026-03-21"", ""2026-03-22"", ""2026-03-23"", ""2026-03-24"", ""2026-03-25"", ""2026-03-26"", ""2026-03-27"", ""2026-03-28"", ""2026-03-29"", ""2026-03-30"", ""2026-03-31"", ""2026-04-01"", ""2026-04-02"", ""2026-04-03"", ""2026-04-04"", ""2026-04-05"", ""2026-04-06"", ""2026-04-07""]",,,,,1.2722752886943958,1.2610972859078755,,
B1,per_fold,fold_1,2160.0,90.0,2020-07-01,2020-09-28,6.6128886954178006,10.821226795773368,4.0026294086922105,2.0013147043461053,6.644541232166757,-0.0316525367489561,-0.8034800263162767,5.607534172310233,4.441553798961657,0.0,0.0,0.3902777777777778,843.0,569.0,748.0,7.065185550140391,6.562474829363394,13.614609039968048,0.6763888888888889,1461.0,296.0,403.0,14.753674024354854,13.782884921698923,26.54875833683153,0.8944444444444445,1932.0,113.0,115.0,27.22446992436816,25.77696030215912,43.65979207173266,"[""2020-07-01"", ""2020-07-02"", ""2020-07-03"", ""2020-07-04"", ""2020-07-05"", ""2020-07-06"", ""2020-07-07"", ""2020-07-08"", ""2020-07-09"", ""2020-07-10"", ""2020-07-11"", ""2020-07-12"", ""2020-07-13"", ""2020-07-14"", ""2020-07-15"", ""2020-07-16"", ""2020-07-17"", ""2020-07-18"", ""2020-07-19"", ""2020-07-20"", ""2020-07-21"", ""2020-07-22"", ""2020-07-23"", ""2020-07-24"", ""2020-07-25"", ""2020-07-26"", ""2020-07-27"", ""2020-07-28"", ""2020-07-29"", ""2020-07-30"", ""2020-07-31"", ""2020-08-01"", ""2020-08-02"", ""2020-08-03"", ""2020-08-04"", ""2020-08-05"", ""2020-08-06"", ""2020-08-07"", ""2020-08-08"", ""2020-08-09"", ""2020-08-10"", ""2020-08-11"", ""2020-08-12"", ""2020-08-13"", ""2020-08-14"", ""2020-08-15"", ""2020-08-16"", ""2020-08-17"", ""2020-08-18"", ""2020-08-19"", ""2020-08-20"", ""2020-08-21"", ""2020-08-22"", ""2020-08-23"", ""2020-08-24"", ""2020-08-25"", ""2020-08-26"", ""2020-08-27"", ""2020-08-28"", ""2020-08-29"", ""2020-08-30"", ""2020-08-31"", ""2020-09-01"", ""2020-09-02"", ""2020-09-03"", ""2020-09-04"", ""2020-09-05"", ""2020-09-06"", ""2020-09-07"", ""2020-09-08"", ""2020-09-09"", ""2020-09-10"", ""2020-09-11"", ""2020-09-12"", ""2020-09-13"", ""2020-09-14"", ""2020-09-15"", ""2020-09-16"", ""2020-09-17"", ""2020-09-18"", ""2020-09-19"", ""2020-09-20"", ""2020-09-21"", ""2020-09-22"", ""2020-09-23"", ""2020-09-24"", ""2020-09-25"", ""2020-09-26"", ""2020-09-27"", ""2020-09-28""]",2020-07-01,2020-09-28,90.0,False,,,,
B1,per_fold,fold_2,2159.0,90.0,2021-04-01,2021-06-29,20.03914109230744,24.60158139432297,10.824925546830002,5.412462773415001,20.03906532944399,7.576286345050186e-05,-11.887317902059083,17.748464194965795,9.065828279924197,0.0,0.0,0.23714682723483094,512.0,243.0,1404.0,20.61224099330952,21.1852559551227,28.402788652578046,0.5062528948587309,1093.0,195.0,871.0,33.82735686156299,33.70284927294212,46.2999921063924,0.8832792959703566,1907.0,110.0,142.0,67.26792804831932,66.45761756523461,92.88351169924894,"[""2021-04-01"", ""2021-04-02"", ""2021-04-03"", ""2021-04-04"", ""2021-04-05"", ""2021-04-06"", ""2021-04-07"", ""2021-04-08"", ""2021-04-09"", ""2021-04-10"", ""2021-04-11"", ""2021-04-12"", ""2021-04-13"", ""2021-04-14"", ""2021-04-15"", ""2021-04-16"", ""2021-04-17"", ""2021-04-18"", ""2021-04-19"", ""2021-04-20"", ""2021-04-21"", ""2021-04-22"", ""2021-04-23"", ""2021-04-24"", ""2021-04-25"", ""2021-04-26"", ""2021-04-27"", ""2021-04-28"", ""2021-04-29"", ""2021-04-30"", ""2021-05-01"", ""2021-05-02"", ""2021-05-03"", ""2021-05-04"", ""2021-05-05"", ""2021-05-06"", ""2021-05-07"", ""2021-05-08"", ""2021-05-09"", ""2021-05-10"", ""2021-05-11"", ""2021-05-12"", ""2021-05-13"", ""2021-05-14"", ""2021-05-15"", ""2021-05-16"", ""2021-05-17"", ""2021-05-18"", ""2021-05-19"", ""2021-05-20"", ""2021-05-21"", ""2021-05-22"", ""2021-05-23"", ""2021-05-24"", ""2021-05-25"", ""2021-05-26"", ""2021-05-27"", ""2021-05-28"", ""2021-05-29"", ""2021-05-30"", ""2021-05-31"", ""2021-06-01"", ""2021-06-02"", ""2021-06-03"", ""2021-06-04"", ""2021-06-05"", ""2021-06-06"", ""2021-06-07"", ""2021-06-08"", ""2021-06-09"", ""2021-06-10"", ""2021-06-11"", ""2021-06-12"", ""2021-06-13"", ""2021-06-14"", ""2021-06-15"", ""2021-06-16"", ""2021-06-17"", ""2021-06-18"", ""2021-06-19"", ""2021-06-20"", ""2021-06-21"", ""2021-06-22"", ""2021-06-23"", ""2021-06-24"", ""2021-06-25"", ""2021-06-26"", ""2021-06-27"", ""2021-06-28"", ""2021-06-29""]",2021-04-01,2021-06-29,90.0,False,,,,
B1,per_fold,fold_3,2112.0,88.0,2022-07-01,2022-09-28,140.9928521771404,175.84915342062834,87.93534942326052,43.96767471163026,141.007962544039,-0.015110366898565883,-124.48698951327908,133.39896612970588,47.928891092241685,0.0,0.0,0.20880681818181818,441.0,152.0,1519.0,118.22169988514405,118.85286684537249,173.96247892616137,0.3527462121212121,745.0,102.0,1265.0,198.61746658772785,197.15985178408476,279.59606772704365,0.5553977272727273,1173.0,22.0,917.0,330.900820003033,321.7863714001095,450.8272737496083,"[""2022-07-01"", ""2022-07-02"", ""2022-07-03"", ""2022-07-04"", ""2022-07-05"", ""2022-07-06"", ""2022-07-07"", ""2022-07-08"", ""2022-07-09"", ""2022-07-10"", ""2022-07-11"", ""2022-07-12"", ""2022-07-13"", ""2022-07-14"", ""2022-07-15"", ""2022-07-16"", ""2022-07-17"", ""2022-07-18"", ""2022-07-19"", ""2022-07-22"", ""2022-07-23"", ""2022-07-24"", ""2022-07-25"", ""2022-07-26"", ""2022-07-27"", ""2022-07-28"", ""2022-07-29"", ""2022-07-30"", ""2022-07-31"", ""2022-08-01"", ""2022-08-02"", ""2022-08-03"", ""2022-08-04"", ""2022-08-05"", ""2022-08-06"", ""2022-08-07"", ""2022-08-08"", ""2022-08-09"", ""2022-08-10"", ""2022-08-11"", ""2022-08-12"", ""2022-08-13"", ""2022-08-14"", ""2022-08-15"", ""2022-08-16"", ""2022-08-17"", ""2022-08-18"", ""2022-08-19"", ""2022-08-20"", ""2022-08-21"", ""2022-08-22"", ""2022-08-23"", ""2022-08-24"", ""2022-08-25"", ""2022-08-26"", ""2022-08-27"", ""2022-08-28"", ""2022-08-29"", ""2022-08-30"", ""2022-08-31"", ""2022-09-01"", ""2022-09-02"", ""2022-09-03"", ""2022-09-04"", ""2022-09-05"", ""2022-09-06"", ""2022-09-07"", ""2022-09-08"", ""2022-09-09"", ""2022-09-10"", ""2022-09-11"", ""2022-09-12"", ""2022-09-13"", ""2022-09-14"", ""2022-09-15"", ""2022-09-16"", ""2022-09-17"", ""2022-09-18"", ""2022-09-19"", ""2022-09-20"", ""2022-09-21"", ""2022-09-22"", ""2022-09-23"", ""2022-09-24"", ""2022-09-25"", ""2022-09-26"", ""2022-09-27"", ""2022-09-28""]",2022-07-01,2022-09-28,90.0,True,,,,
B1,per_fold,fold_4,2160.0,90.0,2025-05-01,2025-07-29,20.06527158805811,29.712497951330132,11.370950921093906,5.685475460546953,20.10430225358185,-0.039030665523742014,4.512356385457043,13.887523014144325,16.442030812203225,0.0,0.0,0.46805555555555556,1011.0,590.0,559.0,27.832901191725316,25.99143086819521,48.74233023343037,0.8125,1755.0,319.0,86.0,62.582014081321134,60.9319585671342,90.55528584404198,0.9625,2079.0,66.0,15.0,116.35558160617329,113.6098095859333,151.79818613088457,"[""2025-05-01"", ""2025-05-02"", ""2025-05-03"", ""2025-05-04"", ""2025-05-05"", ""2025-05-06"", ""2025-05-07"", ""2025-05-08"", ""2025-05-09"", ""2025-05-10"", ""2025-05-11"", ""2025-05-12"", ""2025-05-13"", ""2025-05-14"", ""2025-05-15"", ""2025-05-16"", ""2025-05-17"", ""2025-05-18"", ""2025-05-19"", ""2025-05-20"", ""2025-05-21"", ""2025-05-22"", ""2025-05-23"", ""2025-05-24"", ""2025-05-25"", ""2025-05-26"", ""2025-05-27"", ""2025-05-28"", ""2025-05-29"", ""2025-05-30"", ""2025-05-31"", ""2025-06-01"", ""2025-06-02"", ""2025-06-03"", ""2025-06-04"", ""2025-06-05"", ""2025-06-06"", ""2025-06-07"", ""2025-06-08"", ""2025-06-09"", ""2025-06-10"", ""2025-06-11"", ""2025-06-12"", ""2025-06-13"", ""2025-06-14"", ""2025-06-15"", ""2025-06-16"", ""2025-06-17"", ""2025-06-18"", ""2025-06-19"", ""2025-06-20"", ""2025-06-21"", ""2025-06-22"", ""2025-06-23"", ""2025-06-24"", ""2025-06-25"", ""2025-06-26"", ""2025-06-27"", ""2025-06-28"", ""2025-06-29"", ""2025-06-30"", ""2025-07-01"", ""2025-07-02"", ""2025-07-03"", ""2025-07-04"", ""2025-07-05"", ""2025-07-06"", ""2025-07-07"", ""2025-07-08"", ""2025-07-09"", ""2025-07-10"", ""2025-07-11"", ""2025-07-12"", ""2025-07-13"", ""2025-07-14"", ""2025-07-15"", ""2025-07-16"", ""2025-07-17"", ""2025-07-18"", ""2025-07-19"", ""2025-07-20"", ""2025-07-21"", ""2025-07-22"", ""2025-07-23"", ""2025-07-24"", ""2025-07-25"", ""2025-07-26"", ""2025-07-27"", ""2025-07-28"", ""2025-07-29""]",2025-05-01,2025-07-29,90.0,False,,,,
B1,per_fold,fold_5,2156.0,90.0,2026-01-08,2026-04-07,23.168349101365912,32.91769317260091,13.470357590829112,6.735178795414556,23.164312380640144,0.004036720725766723,0.5349224725225775,18.488319213596345,15.604500869185463,0.0,0.0,0.5148423005565863,1110.0,490.0,556.0,35.60975573327247,33.67060133711682,56.79240173463576,0.7866419294990723,1696.0,239.0,221.0,70.27236024149362,66.51056903102605,104.41025855505129,0.9239332096474954,1992.0,95.0,69.0,116.96555052387271,112.5630910207085,177.88647382804686,"[""2026-01-08"", ""2026-01-09"", ""2026-01-10"", ""2026-01-11"", ""2026-01-12"", ""2026-01-13"", ""2026-01-14"", ""2026-01-15"", ""2026-01-16"", ""2026-01-17"", ""2026-01-18"", ""2026-01-19"", ""2026-01-20"", ""2026-01-21"", ""2026-01-22"", ""2026-01-23"", ""2026-01-24"", ""2026-01-25"", ""2026-01-26"", ""2026-01-27"", ""2026-01-28"", ""2026-01-29"", ""2026-01-30"", ""2026-01-31"", ""2026-02-01"", ""2026-02-02"", ""2026-02-03"", ""2026-02-04"", ""2026-02-05"", ""2026-02-06"", ""2026-02-07"", ""2026-02-08"", ""2026-02-09"", ""2026-02-10"", ""2026-02-11"", ""2026-02-12"", ""2026-02-13"", ""2026-02-14"", ""2026-02-15"", ""2026-02-16"", ""2026-02-17"", ""2026-02-18"", ""2026-02-19"", ""2026-02-20"", ""2026-02-21"", ""2026-02-22"", ""2026-02-23"", ""2026-02-24"", ""2026-02-25"", ""2026-02-26"", ""2026-02-27"", ""2026-02-28"", ""2026-03-01"", ""2026-03-02"", ""2026-03-03"", ""2026-03-04"", ""2026-03-05"", ""2026-03-06"", ""2026-03-07"", ""2026-03-08"", ""2026-03-09"", ""2026-03-10"", ""2026-03-11"", ""2026-03-12"", ""2026-03-13"", ""2026-03-14"", ""2026-03-15"", ""2026-03-16"", ""2026-03-17"", ""2026-03-18"", ""2026-03-19"", ""2026-03-20"", ""2026-03-21"", ""2026-03-22"", ""2026-03-23"", ""2026-03-24"", ""2026-03-25"", ""2026-03-26"", ""2026-03-27"", ""2026-03-28"", ""2026-03-29"", ""2026-03-30"", ""2026-03-31"", ""2026-04-01"", ""2026-04-02"", ""2026-04-03"", ""2026-04-04"", ""2026-04-05"", ""2026-04-06"", ""2026-04-07""]",2026-01-08,2026-04-07,90.0,False,,,,
B2,pooled,all,10747.0,448.0,2020-07-01,2026-04-07,20.984252545162313,38.249488659841816,12.662319073520665,6.331159536760333,20.996017925221153,-0.011765380058840699,1.2939795446716031,15.955393815304964,15.765399557738752,0.0,0.0,0.4758537266213827,5114.0,2754.0,2879.0,27.04450681686576,20.796338151596363,75.26229292130739,0.7724016004466363,8301.0,1186.0,1260.0,62.49230737541949,46.550570250856794,176.65191911668546,0.9295617381594864,9990.0,376.0,381.0,118.86439613409101,88.12384871581087,355.04512576921616,"[""2020-07-01"", ""2020-07-02"", ""2020-07-03"", ""2020-07-04"", ""2020-07-05"", ""2020-07-06"", ""2020-07-07"", ""2020-07-08"", ""2020-07-09"", ""2020-07-10"", ""2020-07-11"", ""2020-07-12"", ""2020-07-13"", ""2020-07-14"", ""2020-07-15"", ""2020-07-16"", ""2020-07-17"", ""2020-07-18"", ""2020-07-19"", ""2020-07-20"", ""2020-07-21"", ""2020-07-22"", ""2020-07-23"", ""2020-07-24"", ""2020-07-25"", ""2020-07-26"", ""2020-07-27"", ""2020-07-28"", ""2020-07-29"", ""2020-07-30"", ""2020-07-31"", ""2020-08-01"", ""2020-08-02"", ""2020-08-03"", ""2020-08-04"", ""2020-08-05"", ""2020-08-06"", ""2020-08-07"", ""2020-08-08"", ""2020-08-09"", ""2020-08-10"", ""2020-08-11"", ""2020-08-12"", ""2020-08-13"", ""2020-08-14"", ""2020-08-15"", ""2020-08-16"", ""2020-08-17"", ""2020-08-18"", ""2020-08-19"", ""2020-08-20"", ""2020-08-21"", ""2020-08-22"", ""2020-08-23"", ""2020-08-24"", ""2020-08-25"", ""2020-08-26"", ""2020-08-27"", ""2020-08-28"", ""2020-08-29"", ""2020-08-30"", ""2020-08-31"", ""2020-09-01"", ""2020-09-02"", ""2020-09-03"", ""2020-09-04"", ""2020-09-05"", ""2020-09-06"", ""2020-09-07"", ""2020-09-08"", ""2020-09-09"", ""2020-09-10"", ""2020-09-11"", ""2020-09-12"", ""2020-09-13"", ""2020-09-14"", ""2020-09-15"", ""2020-09-16"", ""2020-09-17"", ""2020-09-18"", ""2020-09-19"", ""2020-09-20"", ""2020-09-21"", ""2020-09-22"", ""2020-09-23"", ""2020-09-24"", ""2020-09-25"", ""2020-09-26"", ""2020-09-27"", ""2020-09-28"", ""2021-04-01"", ""2021-04-02"", ""2021-04-03"", ""2021-04-04"", ""2021-04-05"", ""2021-04-06"", ""2021-04-07"", ""2021-04-08"", ""2021-04-09"", ""2021-04-10"", ""2021-04-11"", ""2021-04-12"", ""2021-04-13"", ""2021-04-14"", ""2021-04-15"", ""2021-04-16"", ""2021-04-17"", ""2021-04-18"", ""2021-04-19"", ""2021-04-20"", ""2021-04-21"", ""2021-04-22"", ""2021-04-23"", ""2021-04-24"", ""2021-04-25"", ""2021-04-26"", ""2021-04-27"", ""2021-04-28"", ""2021-04-29"", ""2021-04-30"", ""2021-05-01"", ""2021-05-02"", ""2021-05-03"", ""2021-05-04"", ""2021-05-05"", ""2021-05-06"", ""2021-05-07"", ""2021-05-08"", ""2021-05-09"", ""2021-05-10"", ""2021-05-11"", ""2021-05-12"", ""2021-05-13"", ""2021-05-14"", ""2021-05-15"", ""2021-05-16"", ""2021-05-17"", ""2021-05-18"", ""2021-05-19"", ""2021-05-20"", ""2021-05-21"", ""2021-05-22"", ""2021-05-23"", ""2021-05-24"", ""2021-05-25"", ""2021-05-26"", ""2021-05-27"", ""2021-05-28"", ""2021-05-29"", ""2021-05-30"", ""2021-05-31"", ""2021-06-01"", ""2021-06-02"", ""2021-06-03"", ""2021-06-04"", ""2021-06-05"", ""2021-06-06"", ""2021-06-07"", ""2021-06-08"", ""2021-06-09"", ""2021-06-10"", ""2021-06-11"", ""2021-06-12"", ""2021-06-13"", ""2021-06-14"", ""2021-06-15"", ""2021-06-16"", ""2021-06-17"", ""2021-06-18"", ""2021-06-19"", ""2021-06-20"", ""2021-06-21"", ""2021-06-22"", ""2021-06-23"", ""2021-06-24"", ""2021-06-25"", ""2021-06-26"", ""2021-06-27"", ""2021-06-28"", ""2021-06-29"", ""2022-07-01"", ""2022-07-02"", ""2022-07-03"", ""2022-07-04"", ""2022-07-05"", ""2022-07-06"", ""2022-07-07"", ""2022-07-08"", ""2022-07-09"", ""2022-07-10"", ""2022-07-11"", ""2022-07-12"", ""2022-07-13"", ""2022-07-14"", ""2022-07-15"", ""2022-07-16"", ""2022-07-17"", ""2022-07-18"", ""2022-07-19"", ""2022-07-22"", ""2022-07-23"", ""2022-07-24"", ""2022-07-25"", ""2022-07-26"", ""2022-07-27"", ""2022-07-28"", ""2022-07-29"", ""2022-07-30"", ""2022-07-31"", ""2022-08-01"", ""2022-08-02"", ""2022-08-03"", ""2022-08-04"", ""2022-08-05"", ""2022-08-06"", ""2022-08-07"", ""2022-08-08"", ""2022-08-09"", ""2022-08-10"", ""2022-08-11"", ""2022-08-12"", ""2022-08-13"", ""2022-08-14"", ""2022-08-15"", ""2022-08-16"", ""2022-08-17"", ""2022-08-18"", ""2022-08-19"", ""2022-08-20"", ""2022-08-21"", ""2022-08-22"", ""2022-08-23"", ""2022-08-24"", ""2022-08-25"", ""2022-08-26"", ""2022-08-27"", ""2022-08-28"", ""2022-08-29"", ""2022-08-30"", ""2022-08-31"", ""2022-09-01"", ""2022-09-02"", ""2022-09-03"", ""2022-09-04"", ""2022-09-05"", ""2022-09-06"", ""2022-09-07"", ""2022-09-08"", ""2022-09-09"", ""2022-09-10"", ""2022-09-11"", ""2022-09-12"", ""2022-09-13"", ""2022-09-14"", ""2022-09-15"", ""2022-09-16"", ""2022-09-17"", ""2022-09-18"", ""2022-09-19"", ""2022-09-20"", ""2022-09-21"", ""2022-09-22"", ""2022-09-23"", ""2022-09-24"", ""2022-09-25"", ""2022-09-26"", ""2022-09-27"", ""2022-09-28"", ""2025-05-01"", ""2025-05-02"", ""2025-05-03"", ""2025-05-04"", ""2025-05-05"", ""2025-05-06"", ""2025-05-07"", ""2025-05-08"", ""2025-05-09"", ""2025-05-10"", ""2025-05-11"", ""2025-05-12"", ""2025-05-13"", ""2025-05-14"", ""2025-05-15"", ""2025-05-16"", ""2025-05-17"", ""2025-05-18"", ""2025-05-19"", ""2025-05-20"", ""2025-05-21"", ""2025-05-22"", ""2025-05-23"", ""2025-05-24"", ""2025-05-25"", ""2025-05-26"", ""2025-05-27"", ""2025-05-28"", ""2025-05-29"", ""2025-05-30"", ""2025-05-31"", ""2025-06-01"", ""2025-06-02"", ""2025-06-03"", ""2025-06-04"", ""2025-06-05"", ""2025-06-06"", ""2025-06-07"", ""2025-06-08"", ""2025-06-09"", ""2025-06-10"", ""2025-06-11"", ""2025-06-12"", ""2025-06-13"", ""2025-06-14"", ""2025-06-15"", ""2025-06-16"", ""2025-06-17"", ""2025-06-18"", ""2025-06-19"", ""2025-06-20"", ""2025-06-21"", ""2025-06-22"", ""2025-06-23"", ""2025-06-24"", ""2025-06-25"", ""2025-06-26"", ""2025-06-27"", ""2025-06-28"", ""2025-06-29"", ""2025-06-30"", ""2025-07-01"", ""2025-07-02"", ""2025-07-03"", ""2025-07-04"", ""2025-07-05"", ""2025-07-06"", ""2025-07-07"", ""2025-07-08"", ""2025-07-09"", ""2025-07-10"", ""2025-07-11"", ""2025-07-12"", ""2025-07-13"", ""2025-07-14"", ""2025-07-15"", ""2025-07-16"", ""2025-07-17"", ""2025-07-18"", ""2025-07-19"", ""2025-07-20"", ""2025-07-21"", ""2025-07-22"", ""2025-07-23"", ""2025-07-24"", ""2025-07-25"", ""2025-07-26"", ""2025-07-27"", ""2025-07-28"", ""2025-07-29"", ""2026-01-08"", ""2026-01-09"", ""2026-01-10"", ""2026-01-11"", ""2026-01-12"", ""2026-01-13"", ""2026-01-14"", ""2026-01-15"", ""2026-01-16"", ""2026-01-17"", ""2026-01-18"", ""2026-01-19"", ""2026-01-20"", ""2026-01-21"", ""2026-01-22"", ""2026-01-23"", ""2026-01-24"", ""2026-01-25"", ""2026-01-26"", ""2026-01-27"", ""2026-01-28"", ""2026-01-29"", ""2026-01-30"", ""2026-01-31"", ""2026-02-01"", ""2026-02-02"", ""2026-02-03"", ""2026-02-04"", ""2026-02-05"", ""2026-02-06"", ""2026-02-07"", ""2026-02-08"", ""2026-02-09"", ""2026-02-10"", ""2026-02-11"", ""2026-02-12"", ""2026-02-13"", ""2026-02-14"", ""2026-02-15"", ""2026-02-16"", ""2026-02-17"", ""2026-02-18"", ""2026-02-19"", ""2026-02-20"", ""2026-02-21"", ""2026-02-22"", ""2026-02-23"", ""2026-02-24"", ""2026-02-25"", ""2026-02-26"", ""2026-02-27"", ""2026-02-28"", ""2026-03-01"", ""2026-03-02"", ""2026-03-03"", ""2026-03-04"", ""2026-03-05"", ""2026-03-06"", ""2026-03-07"", ""2026-03-08"", ""2026-03-09"", ""2026-03-10"", ""2026-03-11"", ""2026-03-12"", ""2026-03-13"", ""2026-03-14"", ""2026-03-15"", ""2026-03-16"", ""2026-03-17"", ""2026-03-18"", ""2026-03-19"", ""2026-03-20"", ""2026-03-21"", ""2026-03-22"", ""2026-03-23"", ""2026-03-24"", ""2026-03-25"", ""2026-03-26"", ""2026-03-27"", ""2026-03-28"", ""2026-03-29"", ""2026-03-30"", ""2026-03-31"", ""2026-04-01"", ""2026-04-02"", ""2026-04-03"", ""2026-04-04"", ""2026-04-05"", ""2026-04-06"", ""2026-04-07""]",,,,,0.6395668250283609,0.6324643892997708,,
B2,per_fold,fold_1,2160.0,90.0,2020-07-01,2020-09-28,6.219269083145662,10.657679757299416,3.9496630165748834,1.9748315082874417,6.203372929091896,0.01589615405376493,0.10403145475981315,5.3189314470141325,4.561923247391403,0.0,0.0,0.45092592592592595,974.0,553.0,633.0,6.749694967697097,6.150311137284081,10.16654657450416,0.7481481481481481,1616.0,261.0,283.0,16.21910218912214,14.56944240131563,25.503953600924888,0.912962962962963,1972.0,84.0,104.0,34.17077960892051,36.40674448927895,47.624445417291085,"[""2020-07-01"", ""2020-07-02"", ""2020-07-03"", ""2020-07-04"", ""2020-07-05"", ""2020-07-06"", ""2020-07-07"", ""2020-07-08"", ""2020-07-09"", ""2020-07-10"", ""2020-07-11"", ""2020-07-12"", ""2020-07-13"", ""2020-07-14"", ""2020-07-15"", ""2020-07-16"", ""2020-07-17"", ""2020-07-18"", ""2020-07-19"", ""2020-07-20"", ""2020-07-21"", ""2020-07-22"", ""2020-07-23"", ""2020-07-24"", ""2020-07-25"", ""2020-07-26"", ""2020-07-27"", ""2020-07-28"", ""2020-07-29"", ""2020-07-30"", ""2020-07-31"", ""2020-08-01"", ""2020-08-02"", ""2020-08-03"", ""2020-08-04"", ""2020-08-05"", ""2020-08-06"", ""2020-08-07"", ""2020-08-08"", ""2020-08-09"", ""2020-08-10"", ""2020-08-11"", ""2020-08-12"", ""2020-08-13"", ""2020-08-14"", ""2020-08-15"", ""2020-08-16"", ""2020-08-17"", ""2020-08-18"", ""2020-08-19"", ""2020-08-20"", ""2020-08-21"", ""2020-08-22"", ""2020-08-23"", ""2020-08-24"", ""2020-08-25"", ""2020-08-26"", ""2020-08-27"", ""2020-08-28"", ""2020-08-29"", ""2020-08-30"", ""2020-08-31"", ""2020-09-01"", ""2020-09-02"", ""2020-09-03"", ""2020-09-04"", ""2020-09-05"", ""2020-09-06"", ""2020-09-07"", ""2020-09-08"", ""2020-09-09"", ""2020-09-10"", ""2020-09-11"", ""2020-09-12"", ""2020-09-13"", ""2020-09-14"", ""2020-09-15"", ""2020-09-16"", ""2020-09-17"", ""2020-09-18"", ""2020-09-19"", ""2020-09-20"", ""2020-09-21"", ""2020-09-22"", ""2020-09-23"", ""2020-09-24"", ""2020-09-25"", ""2020-09-26"", ""2020-09-27"", ""2020-09-28""]",2020-07-01,2020-09-28,90.0,False,,,,
B2,per_fold,fold_2,2159.0,90.0,2021-04-01,2021-06-29,9.676380314770356,15.001715129950888,6.037991118171897,3.0189955590859485,9.756913166350904,-0.08053285158054761,1.9849661826344327,7.931705140998632,6.6025643150292606,0.0,0.0,0.48633626679018066,1050.0,530.0,579.0,12.099967451780946,12.130045449699168,15.9099959127808,0.7836961556276054,1692.0,222.0,245.0,31.884259070845815,32.04301323583753,42.852162254500655,0.9393237610004632,2028.0,68.0,63.0,60.417390540388844,61.63102537273009,70.28561654757857,"[""2021-04-01"", ""2021-04-02"", ""2021-04-03"", ""2021-04-04"", ""2021-04-05"", ""2021-04-06"", ""2021-04-07"", ""2021-04-08"", ""2021-04-09"", ""2021-04-10"", ""2021-04-11"", ""2021-04-12"", ""2021-04-13"", ""2021-04-14"", ""2021-04-15"", ""2021-04-16"", ""2021-04-17"", ""2021-04-18"", ""2021-04-19"", ""2021-04-20"", ""2021-04-21"", ""2021-04-22"", ""2021-04-23"", ""2021-04-24"", ""2021-04-25"", ""2021-04-26"", ""2021-04-27"", ""2021-04-28"", ""2021-04-29"", ""2021-04-30"", ""2021-05-01"", ""2021-05-02"", ""2021-05-03"", ""2021-05-04"", ""2021-05-05"", ""2021-05-06"", ""2021-05-07"", ""2021-05-08"", ""2021-05-09"", ""2021-05-10"", ""2021-05-11"", ""2021-05-12"", ""2021-05-13"", ""2021-05-14"", ""2021-05-15"", ""2021-05-16"", ""2021-05-17"", ""2021-05-18"", ""2021-05-19"", ""2021-05-20"", ""2021-05-21"", ""2021-05-22"", ""2021-05-23"", ""2021-05-24"", ""2021-05-25"", ""2021-05-26"", ""2021-05-27"", ""2021-05-28"", ""2021-05-29"", ""2021-05-30"", ""2021-05-31"", ""2021-06-01"", ""2021-06-02"", ""2021-06-03"", ""2021-06-04"", ""2021-06-05"", ""2021-06-06"", ""2021-06-07"", ""2021-06-08"", ""2021-06-09"", ""2021-06-10"", ""2021-06-11"", ""2021-06-12"", ""2021-06-13"", ""2021-06-14"", ""2021-06-15"", ""2021-06-16"", ""2021-06-17"", ""2021-06-18"", ""2021-06-19"", ""2021-06-20"", ""2021-06-21"", ""2021-06-22"", ""2021-06-23"", ""2021-06-24"", ""2021-06-25"", ""2021-06-26"", ""2021-06-27"", ""2021-06-28"", ""2021-06-29""]",2021-04-01,2021-06-29,90.0,False,,,,
B2,per_fold,fold_3,2112.0,88.0,2022-07-01,2022-09-28,54.0078246501801,75.05706693059392,32.324242234891194,16.162121117445597,54.2515630341949,-0.2437383840148133,1.8975528945860267,43.37341731848554,38.02323298742718,0.0,0.0,0.46448863636363635,981.0,562.0,569.0,69.45217520247341,70.6609402347463,79.64668700249331,0.7623106060606061,1610.0,242.0,260.0,160.58049424453472,162.31812828215092,191.49360009564685,0.9232954545454546,1950.0,80.0,82.0,301.1767520572288,324.6895508124203,361.7284923211689,"[""2022-07-01"", ""2022-07-02"", ""2022-07-03"", ""2022-07-04"", ""2022-07-05"", ""2022-07-06"", ""2022-07-07"", ""2022-07-08"", ""2022-07-09"", ""2022-07-10"", ""2022-07-11"", ""2022-07-12"", ""2022-07-13"", ""2022-07-14"", ""2022-07-15"", ""2022-07-16"", ""2022-07-17"", ""2022-07-18"", ""2022-07-19"", ""2022-07-22"", ""2022-07-23"", ""2022-07-24"", ""2022-07-25"", ""2022-07-26"", ""2022-07-27"", ""2022-07-28"", ""2022-07-29"", ""2022-07-30"", ""2022-07-31"", ""2022-08-01"", ""2022-08-02"", ""2022-08-03"", ""2022-08-04"", ""2022-08-05"", ""2022-08-06"", ""2022-08-07"", ""2022-08-08"", ""2022-08-09"", ""2022-08-10"", ""2022-08-11"", ""2022-08-12"", ""2022-08-13"", ""2022-08-14"", ""2022-08-15"", ""2022-08-16"", ""2022-08-17"", ""2022-08-18"", ""2022-08-19"", ""2022-08-20"", ""2022-08-21"", ""2022-08-22"", ""2022-08-23"", ""2022-08-24"", ""2022-08-25"", ""2022-08-26"", ""2022-08-27"", ""2022-08-28"", ""2022-08-29"", ""2022-08-30"", ""2022-08-31"", ""2022-09-01"", ""2022-09-02"", ""2022-09-03"", ""2022-09-04"", ""2022-09-05"", ""2022-09-06"", ""2022-09-07"", ""2022-09-08"", ""2022-09-09"", ""2022-09-10"", ""2022-09-11"", ""2022-09-12"", ""2022-09-13"", ""2022-09-14"", ""2022-09-15"", ""2022-09-16"", ""2022-09-17"", ""2022-09-18"", ""2022-09-19"", ""2022-09-20"", ""2022-09-21"", ""2022-09-22"", ""2022-09-23"", ""2022-09-24"", ""2022-09-25"", ""2022-09-26"", ""2022-09-27"", ""2022-09-28""]",2022-07-01,2022-09-28,90.0,True,,,,
B2,per_fold,fold_4,2160.0,90.0,2025-05-01,2025-07-29,16.540609327437128,25.795228887774314,9.905451774182755,4.952725887091377,16.497111553956056,0.04349777348106997,1.4456326663752892,9.483777349909703,15.237292295977767,0.0,0.0,0.5185185185185185,1120.0,523.0,517.0,23.649943573961064,23.020675975187814,27.935507222105976,0.8060185185185185,1741.0,209.0,210.0,51.01884086306049,51.734251318267496,56.98948322187951,0.9486111111111111,2049.0,59.0,52.0,95.87075718474625,94.46880388017051,110.17927578366454,"[""2025-05-01"", ""2025-05-02"", ""2025-05-03"", ""2025-05-04"", ""2025-05-05"", ""2025-05-06"", ""2025-05-07"", ""2025-05-08"", ""2025-05-09"", ""2025-05-10"", ""2025-05-11"", ""2025-05-12"", ""2025-05-13"", ""2025-05-14"", ""2025-05-15"", ""2025-05-16"", ""2025-05-17"", ""2025-05-18"", ""2025-05-19"", ""2025-05-20"", ""2025-05-21"", ""2025-05-22"", ""2025-05-23"", ""2025-05-24"", ""2025-05-25"", ""2025-05-26"", ""2025-05-27"", ""2025-05-28"", ""2025-05-29"", ""2025-05-30"", ""2025-05-31"", ""2025-06-01"", ""2025-06-02"", ""2025-06-03"", ""2025-06-04"", ""2025-06-05"", ""2025-06-06"", ""2025-06-07"", ""2025-06-08"", ""2025-06-09"", ""2025-06-10"", ""2025-06-11"", ""2025-06-12"", ""2025-06-13"", ""2025-06-14"", ""2025-06-15"", ""2025-06-16"", ""2025-06-17"", ""2025-06-18"", ""2025-06-19"", ""2025-06-20"", ""2025-06-21"", ""2025-06-22"", ""2025-06-23"", ""2025-06-24"", ""2025-06-25"", ""2025-06-26"", ""2025-06-27"", ""2025-06-28"", ""2025-06-29"", ""2025-06-30"", ""2025-07-01"", ""2025-07-02"", ""2025-07-03"", ""2025-07-04"", ""2025-07-05"", ""2025-07-06"", ""2025-07-07"", ""2025-07-08"", ""2025-07-09"", ""2025-07-10"", ""2025-07-11"", ""2025-07-12"", ""2025-07-13"", ""2025-07-14"", ""2025-07-15"", ""2025-07-16"", ""2025-07-17"", ""2025-07-18"", ""2025-07-19"", ""2025-07-20"", ""2025-07-21"", ""2025-07-22"", ""2025-07-23"", ""2025-07-24"", ""2025-07-25"", ""2025-07-26"", ""2025-07-27"", ""2025-07-28"", ""2025-07-29""]",2025-05-01,2025-07-29,90.0,False,,,,
B2,per_fold,fold_5,2156.0,90.0,2026-01-08,2026-04-07,19.202501843799176,27.718969509863385,11.52600775086585,5.763003875432925,19.001243740536616,0.20125810326256183,1.050997200028044,14.278427231298613,14.89074167335184,0.0,0.0,0.4587198515769944,989.0,586.0,581.0,24.200960925257778,22.799108737971707,34.50882388707832,0.761595547309833,1642.0,252.0,262.0,54.910366972405065,53.78318019324382,79.00283467069337,0.923469387755102,1991.0,85.0,80.0,106.6880794328336,117.2637765320345,146.15090636185982,"[""2026-01-08"", ""2026-01-09"", ""2026-01-10"", ""2026-01-11"", ""2026-01-12"", ""2026-01-13"", ""2026-01-14"", ""2026-01-15"", ""2026-01-16"", ""2026-01-17"", ""2026-01-18"", ""2026-01-19"", ""2026-01-20"", ""2026-01-21"", ""2026-01-22"", ""2026-01-23"", ""2026-01-24"", ""2026-01-25"", ""2026-01-26"", ""2026-01-27"", ""2026-01-28"", ""2026-01-29"", ""2026-01-30"", ""2026-01-31"", ""2026-02-01"", ""2026-02-02"", ""2026-02-03"", ""2026-02-04"", ""2026-02-05"", ""2026-02-06"", ""2026-02-07"", ""2026-02-08"", ""2026-02-09"", ""2026-02-10"", ""2026-02-11"", ""2026-02-12"", ""2026-02-13"", ""2026-02-14"", ""2026-02-15"", ""2026-02-16"", ""2026-02-17"", ""2026-02-18"", ""2026-02-19"", ""2026-02-20"", ""2026-02-21"", ""2026-02-22"", ""2026-02-23"", ""2026-02-24"", ""2026-02-25"", ""2026-02-26"", ""2026-02-27"", ""2026-02-28"", ""2026-03-01"", ""2026-03-02"", ""2026-03-03"", ""2026-03-04"", ""2026-03-05"", ""2026-03-06"", ""2026-03-07"", ""2026-03-08"", ""2026-03-09"", ""2026-03-10"", ""2026-03-11"", ""2026-03-12"", ""2026-03-13"", ""2026-03-14"", ""2026-03-15"", ""2026-03-16"", ""2026-03-17"", ""2026-03-18"", ""2026-03-19"", ""2026-03-20"", ""2026-03-21"", ""2026-03-22"", ""2026-03-23"", ""2026-03-24"", ""2026-03-25"", ""2026-03-26"", ""2026-03-27"", ""2026-03-28"", ""2026-03-29"", ""2026-03-30"", ""2026-03-31"", ""2026-04-01"", ""2026-04-02"", ""2026-04-03"", ""2026-04-04"", ""2026-04-05"", ""2026-04-06"", ""2026-04-07""]",2026-01-08,2026-04-07,90.0,False,,,,
B3,pooled,all,10747.0,448.0,2020-07-01,2026-04-07,26.323933197067298,45.47014217557738,15.167693659401653,7.583846829700827,26.306797401828426,0.01713579523886651,2.9382813839230164,21.61846215200784,16.300115511789304,0.0,0.0,0.46589745975621105,5007.0,2807.0,2933.0,36.22738533069966,23.017674370599124,121.24097969777847,0.767376942402531,8247.0,1207.0,1293.0,75.74076060303126,53.528434860435624,223.96043019746486,0.9258397692379269,9950.0,414.0,383.0,130.9795011350218,94.89877136544874,390.59762578284597,"[""2020-07-01"", ""2020-07-02"", ""2020-07-03"", ""2020-07-04"", ""2020-07-05"", ""2020-07-06"", ""2020-07-07"", ""2020-07-08"", ""2020-07-09"", ""2020-07-10"", ""2020-07-11"", ""2020-07-12"", ""2020-07-13"", ""2020-07-14"", ""2020-07-15"", ""2020-07-16"", ""2020-07-17"", ""2020-07-18"", ""2020-07-19"", ""2020-07-20"", ""2020-07-21"", ""2020-07-22"", ""2020-07-23"", ""2020-07-24"", ""2020-07-25"", ""2020-07-26"", ""2020-07-27"", ""2020-07-28"", ""2020-07-29"", ""2020-07-30"", ""2020-07-31"", ""2020-08-01"", ""2020-08-02"", ""2020-08-03"", ""2020-08-04"", ""2020-08-05"", ""2020-08-06"", ""2020-08-07"", ""2020-08-08"", ""2020-08-09"", ""2020-08-10"", ""2020-08-11"", ""2020-08-12"", ""2020-08-13"", ""2020-08-14"", ""2020-08-15"", ""2020-08-16"", ""2020-08-17"", ""2020-08-18"", ""2020-08-19"", ""2020-08-20"", ""2020-08-21"", ""2020-08-22"", ""2020-08-23"", ""2020-08-24"", ""2020-08-25"", ""2020-08-26"", ""2020-08-27"", ""2020-08-28"", ""2020-08-29"", ""2020-08-30"", ""2020-08-31"", ""2020-09-01"", ""2020-09-02"", ""2020-09-03"", ""2020-09-04"", ""2020-09-05"", ""2020-09-06"", ""2020-09-07"", ""2020-09-08"", ""2020-09-09"", ""2020-09-10"", ""2020-09-11"", ""2020-09-12"", ""2020-09-13"", ""2020-09-14"", ""2020-09-15"", ""2020-09-16"", ""2020-09-17"", ""2020-09-18"", ""2020-09-19"", ""2020-09-20"", ""2020-09-21"", ""2020-09-22"", ""2020-09-23"", ""2020-09-24"", ""2020-09-25"", ""2020-09-26"", ""2020-09-27"", ""2020-09-28"", ""2021-04-01"", ""2021-04-02"", ""2021-04-03"", ""2021-04-04"", ""2021-04-05"", ""2021-04-06"", ""2021-04-07"", ""2021-04-08"", ""2021-04-09"", ""2021-04-10"", ""2021-04-11"", ""2021-04-12"", ""2021-04-13"", ""2021-04-14"", ""2021-04-15"", ""2021-04-16"", ""2021-04-17"", ""2021-04-18"", ""2021-04-19"", ""2021-04-20"", ""2021-04-21"", ""2021-04-22"", ""2021-04-23"", ""2021-04-24"", ""2021-04-25"", ""2021-04-26"", ""2021-04-27"", ""2021-04-28"", ""2021-04-29"", ""2021-04-30"", ""2021-05-01"", ""2021-05-02"", ""2021-05-03"", ""2021-05-04"", ""2021-05-05"", ""2021-05-06"", ""2021-05-07"", ""2021-05-08"", ""2021-05-09"", ""2021-05-10"", ""2021-05-11"", ""2021-05-12"", ""2021-05-13"", ""2021-05-14"", ""2021-05-15"", ""2021-05-16"", ""2021-05-17"", ""2021-05-18"", ""2021-05-19"", ""2021-05-20"", ""2021-05-21"", ""2021-05-22"", ""2021-05-23"", ""2021-05-24"", ""2021-05-25"", ""2021-05-26"", ""2021-05-27"", ""2021-05-28"", ""2021-05-29"", ""2021-05-30"", ""2021-05-31"", ""2021-06-01"", ""2021-06-02"", ""2021-06-03"", ""2021-06-04"", ""2021-06-05"", ""2021-06-06"", ""2021-06-07"", ""2021-06-08"", ""2021-06-09"", ""2021-06-10"", ""2021-06-11"", ""2021-06-12"", ""2021-06-13"", ""2021-06-14"", ""2021-06-15"", ""2021-06-16"", ""2021-06-17"", ""2021-06-18"", ""2021-06-19"", ""2021-06-20"", ""2021-06-21"", ""2021-06-22"", ""2021-06-23"", ""2021-06-24"", ""2021-06-25"", ""2021-06-26"", ""2021-06-27"", ""2021-06-28"", ""2021-06-29"", ""2022-07-01"", ""2022-07-02"", ""2022-07-03"", ""2022-07-04"", ""2022-07-05"", ""2022-07-06"", ""2022-07-07"", ""2022-07-08"", ""2022-07-09"", ""2022-07-10"", ""2022-07-11"", ""2022-07-12"", ""2022-07-13"", ""2022-07-14"", ""2022-07-15"", ""2022-07-16"", ""2022-07-17"", ""2022-07-18"", ""2022-07-19"", ""2022-07-22"", ""2022-07-23"", ""2022-07-24"", ""2022-07-25"", ""2022-07-26"", ""2022-07-27"", ""2022-07-28"", ""2022-07-29"", ""2022-07-30"", ""2022-07-31"", ""2022-08-01"", ""2022-08-02"", ""2022-08-03"", ""2022-08-04"", ""2022-08-05"", ""2022-08-06"", ""2022-08-07"", ""2022-08-08"", ""2022-08-09"", ""2022-08-10"", ""2022-08-11"", ""2022-08-12"", ""2022-08-13"", ""2022-08-14"", ""2022-08-15"", ""2022-08-16"", ""2022-08-17"", ""2022-08-18"", ""2022-08-19"", ""2022-08-20"", ""2022-08-21"", ""2022-08-22"", ""2022-08-23"", ""2022-08-24"", ""2022-08-25"", ""2022-08-26"", ""2022-08-27"", ""2022-08-28"", ""2022-08-29"", ""2022-08-30"", ""2022-08-31"", ""2022-09-01"", ""2022-09-02"", ""2022-09-03"", ""2022-09-04"", ""2022-09-05"", ""2022-09-06"", ""2022-09-07"", ""2022-09-08"", ""2022-09-09"", ""2022-09-10"", ""2022-09-11"", ""2022-09-12"", ""2022-09-13"", ""2022-09-14"", ""2022-09-15"", ""2022-09-16"", ""2022-09-17"", ""2022-09-18"", ""2022-09-19"", ""2022-09-20"", ""2022-09-21"", ""2022-09-22"", ""2022-09-23"", ""2022-09-24"", ""2022-09-25"", ""2022-09-26"", ""2022-09-27"", ""2022-09-28"", ""2025-05-01"", ""2025-05-02"", ""2025-05-03"", ""2025-05-04"", ""2025-05-05"", ""2025-05-06"", ""2025-05-07"", ""2025-05-08"", ""2025-05-09"", ""2025-05-10"", ""2025-05-11"", ""2025-05-12"", ""2025-05-13"", ""2025-05-14"", ""2025-05-15"", ""2025-05-16"", ""2025-05-17"", ""2025-05-18"", ""2025-05-19"", ""2025-05-20"", ""2025-05-21"", ""2025-05-22"", ""2025-05-23"", ""2025-05-24"", ""2025-05-25"", ""2025-05-26"", ""2025-05-27"", ""2025-05-28"", ""2025-05-29"", ""2025-05-30"", ""2025-05-31"", ""2025-06-01"", ""2025-06-02"", ""2025-06-03"", ""2025-06-04"", ""2025-06-05"", ""2025-06-06"", ""2025-06-07"", ""2025-06-08"", ""2025-06-09"", ""2025-06-10"", ""2025-06-11"", ""2025-06-12"", ""2025-06-13"", ""2025-06-14"", ""2025-06-15"", ""2025-06-16"", ""2025-06-17"", ""2025-06-18"", ""2025-06-19"", ""2025-06-20"", ""2025-06-21"", ""2025-06-22"", ""2025-06-23"", ""2025-06-24"", ""2025-06-25"", ""2025-06-26"", ""2025-06-27"", ""2025-06-28"", ""2025-06-29"", ""2025-06-30"", ""2025-07-01"", ""2025-07-02"", ""2025-07-03"", ""2025-07-04"", ""2025-07-05"", ""2025-07-06"", ""2025-07-07"", ""2025-07-08"", ""2025-07-09"", ""2025-07-10"", ""2025-07-11"", ""2025-07-12"", ""2025-07-13"", ""2025-07-14"", ""2025-07-15"", ""2025-07-16"", ""2025-07-17"", ""2025-07-18"", ""2025-07-19"", ""2025-07-20"", ""2025-07-21"", ""2025-07-22"", ""2025-07-23"", ""2025-07-24"", ""2025-07-25"", ""2025-07-26"", ""2025-07-27"", ""2025-07-28"", ""2025-07-29"", ""2026-01-08"", ""2026-01-09"", ""2026-01-10"", ""2026-01-11"", ""2026-01-12"", ""2026-01-13"", ""2026-01-14"", ""2026-01-15"", ""2026-01-16"", ""2026-01-17"", ""2026-01-18"", ""2026-01-19"", ""2026-01-20"", ""2026-01-21"", ""2026-01-22"", ""2026-01-23"", ""2026-01-24"", ""2026-01-25"", ""2026-01-26"", ""2026-01-27"", ""2026-01-28"", ""2026-01-29"", ""2026-01-30"", ""2026-01-31"", ""2026-02-01"", ""2026-02-02"", ""2026-02-03"", ""2026-02-04"", ""2026-02-05"", ""2026-02-06"", ""2026-02-07"", ""2026-02-08"", ""2026-02-09"", ""2026-02-10"", ""2026-02-11"", ""2026-02-12"", ""2026-02-13"", ""2026-02-14"", ""2026-02-15"", ""2026-02-16"", ""2026-02-17"", ""2026-02-18"", ""2026-02-19"", ""2026-02-20"", ""2026-02-21"", ""2026-02-22"", ""2026-02-23"", ""2026-02-24"", ""2026-02-25"", ""2026-02-26"", ""2026-02-27"", ""2026-02-28"", ""2026-03-01"", ""2026-03-02"", ""2026-03-03"", ""2026-03-04"", ""2026-03-05"", ""2026-03-06"", ""2026-03-07"", ""2026-03-08"", ""2026-03-09"", ""2026-03-10"", ""2026-03-11"", ""2026-03-12"", ""2026-03-13"", ""2026-03-14"", ""2026-03-15"", ""2026-03-16"", ""2026-03-17"", ""2026-03-18"", ""2026-03-19"", ""2026-03-20"", ""2026-03-21"", ""2026-03-22"", ""2026-03-23"", ""2026-03-24"", ""2026-03-25"", ""2026-03-26"", ""2026-03-27"", ""2026-03-28"", ""2026-03-29"", ""2026-03-30"", ""2026-03-31"", ""2026-04-01"", ""2026-04-02"", ""2026-04-03"", ""2026-04-04"", ""2026-04-05"", ""2026-04-06"", ""2026-04-07""]",,,,,0.80231184507872,0.7576041996477823,,
B3,per_fold,fold_1,2160.0,90.0,2020-07-01,2020-09-28,6.507629688478688,10.526574854979174,4.014541625932317,2.0072708129661585,6.494955257294539,0.012674431184148844,0.10992305931799567,5.477333618170371,4.483013414574919,0.0,0.0,0.46296296296296297,1000.0,556.0,604.0,7.9717032625224995,7.543748809197648,11.032474253024855,0.7638888888888888,1650.0,236.0,274.0,17.64845051912601,16.20673512771253,24.618778395640305,0.9254629629629629,1999.0,79.0,82.0,35.72453691635477,36.037031562148954,47.505574146174496,"[""2020-07-01"", ""2020-07-02"", ""2020-07-03"", ""2020-07-04"", ""2020-07-05"", ""2020-07-06"", ""2020-07-07"", ""2020-07-08"", ""2020-07-09"", ""2020-07-10"", ""2020-07-11"", ""2020-07-12"", ""2020-07-13"", ""2020-07-14"", ""2020-07-15"", ""2020-07-16"", ""2020-07-17"", ""2020-07-18"", ""2020-07-19"", ""2020-07-20"", ""2020-07-21"", ""2020-07-22"", ""2020-07-23"", ""2020-07-24"", ""2020-07-25"", ""2020-07-26"", ""2020-07-27"", ""2020-07-28"", ""2020-07-29"", ""2020-07-30"", ""2020-07-31"", ""2020-08-01"", ""2020-08-02"", ""2020-08-03"", ""2020-08-04"", ""2020-08-05"", ""2020-08-06"", ""2020-08-07"", ""2020-08-08"", ""2020-08-09"", ""2020-08-10"", ""2020-08-11"", ""2020-08-12"", ""2020-08-13"", ""2020-08-14"", ""2020-08-15"", ""2020-08-16"", ""2020-08-17"", ""2020-08-18"", ""2020-08-19"", ""2020-08-20"", ""2020-08-21"", ""2020-08-22"", ""2020-08-23"", ""2020-08-24"", ""2020-08-25"", ""2020-08-26"", ""2020-08-27"", ""2020-08-28"", ""2020-08-29"", ""2020-08-30"", ""2020-08-31"", ""2020-09-01"", ""2020-09-02"", ""2020-09-03"", ""2020-09-04"", ""2020-09-05"", ""2020-09-06"", ""2020-09-07"", ""2020-09-08"", ""2020-09-09"", ""2020-09-10"", ""2020-09-11"", ""2020-09-12"", ""2020-09-13"", ""2020-09-14"", ""2020-09-15"", ""2020-09-16"", ""2020-09-17"", ""2020-09-18"", ""2020-09-19"", ""2020-09-20"", ""2020-09-21"", ""2020-09-22"", ""2020-09-23"", ""2020-09-24"", ""2020-09-25"", ""2020-09-26"", ""2020-09-27"", ""2020-09-28""]",2020-07-01,2020-09-28,90.0,False,,,,
B3,per_fold,fold_2,2159.0,90.0,2021-04-01,2021-06-29,11.663357337065136,17.691289764026603,7.231317452216929,3.6156587261084647,12.085637909115059,-0.4222805720499206,1.4249088451476073,9.84860538031702,7.279192902806954,0.0,0.0,0.49421028253821214,1067.0,492.0,600.0,14.727877097816183,14.87074313436056,17.60417329488959,0.77674849467346,1677.0,207.0,275.0,37.74109166989264,36.89191675893668,51.50414219354266,0.9333024548402038,2015.0,67.0,77.0,75.82701484268291,78.41730917796332,89.46774843951658,"[""2021-04-01"", ""2021-04-02"", ""2021-04-03"", ""2021-04-04"", ""2021-04-05"", ""2021-04-06"", ""2021-04-07"", ""2021-04-08"", ""2021-04-09"", ""2021-04-10"", ""2021-04-11"", ""2021-04-12"", ""2021-04-13"", ""2021-04-14"", ""2021-04-15"", ""2021-04-16"", ""2021-04-17"", ""2021-04-18"", ""2021-04-19"", ""2021-04-20"", ""2021-04-21"", ""2021-04-22"", ""2021-04-23"", ""2021-04-24"", ""2021-04-25"", ""2021-04-26"", ""2021-04-27"", ""2021-04-28"", ""2021-04-29"", ""2021-04-30"", ""2021-05-01"", ""2021-05-02"", ""2021-05-03"", ""2021-05-04"", ""2021-05-05"", ""2021-05-06"", ""2021-05-07"", ""2021-05-08"", ""2021-05-09"", ""2021-05-10"", ""2021-05-11"", ""2021-05-12"", ""2021-05-13"", ""2021-05-14"", ""2021-05-15"", ""2021-05-16"", ""2021-05-17"", ""2021-05-18"", ""2021-05-19"", ""2021-05-20"", ""2021-05-21"", ""2021-05-22"", ""2021-05-23"", ""2021-05-24"", ""2021-05-25"", ""2021-05-26"", ""2021-05-27"", ""2021-05-28"", ""2021-05-29"", ""2021-05-30"", ""2021-05-31"", ""2021-06-01"", ""2021-06-02"", ""2021-06-03"", ""2021-06-04"", ""2021-06-05"", ""2021-06-06"", ""2021-06-07"", ""2021-06-08"", ""2021-06-09"", ""2021-06-10"", ""2021-06-11"", ""2021-06-12"", ""2021-06-13"", ""2021-06-14"", ""2021-06-15"", ""2021-06-16"", ""2021-06-17"", ""2021-06-18"", ""2021-06-19"", ""2021-06-20"", ""2021-06-21"", ""2021-06-22"", ""2021-06-23"", ""2021-06-24"", ""2021-06-25"", ""2021-06-26"", ""2021-06-27"", ""2021-06-28"", ""2021-06-29""]",2021-04-01,2021-06-29,90.0,False,,,,
B3,per_fold,fold_3,2112.0,88.0,2022-07-01,2022-09-28,70.61551747920332,89.49525277203959,39.58339255825997,19.791696279129987,70.65062700038699,-0.03510952118368396,9.07008142296775,59.55232085250338,39.04802005107438,0.0,0.0,0.421875,891.0,624.0,597.0,101.75242554589369,111.7162377220161,133.8517061825976,0.743844696969697,1571.0,296.0,245.0,195.37636349508904,192.9338992621901,270.608033855635,0.9024621212121212,1906.0,121.0,85.0,322.88349932462427,324.5611691397208,439.0428732451811,"[""2022-07-01"", ""2022-07-02"", ""2022-07-03"", ""2022-07-04"", ""2022-07-05"", ""2022-07-06"", ""2022-07-07"", ""2022-07-08"", ""2022-07-09"", ""2022-07-10"", ""2022-07-11"", ""2022-07-12"", ""2022-07-13"", ""2022-07-14"", ""2022-07-15"", ""2022-07-16"", ""2022-07-17"", ""2022-07-18"", ""2022-07-19"", ""2022-07-22"", ""2022-07-23"", ""2022-07-24"", ""2022-07-25"", ""2022-07-26"", ""2022-07-27"", ""2022-07-28"", ""2022-07-29"", ""2022-07-30"", ""2022-07-31"", ""2022-08-01"", ""2022-08-02"", ""2022-08-03"", ""2022-08-04"", ""2022-08-05"", ""2022-08-06"", ""2022-08-07"", ""2022-08-08"", ""2022-08-09"", ""2022-08-10"", ""2022-08-11"", ""2022-08-12"", ""2022-08-13"", ""2022-08-14"", ""2022-08-15"", ""2022-08-16"", ""2022-08-17"", ""2022-08-18"", ""2022-08-19"", ""2022-08-20"", ""2022-08-21"", ""2022-08-22"", ""2022-08-23"", ""2022-08-24"", ""2022-08-25"", ""2022-08-26"", ""2022-08-27"", ""2022-08-28"", ""2022-08-29"", ""2022-08-30"", ""2022-08-31"", ""2022-09-01"", ""2022-09-02"", ""2022-09-03"", ""2022-09-04"", ""2022-09-05"", ""2022-09-06"", ""2022-09-07"", ""2022-09-08"", ""2022-09-09"", ""2022-09-10"", ""2022-09-11"", ""2022-09-12"", ""2022-09-13"", ""2022-09-14"", ""2022-09-15"", ""2022-09-16"", ""2022-09-17"", ""2022-09-18"", ""2022-09-19"", ""2022-09-20"", ""2022-09-21"", ""2022-09-22"", ""2022-09-23"", ""2022-09-24"", ""2022-09-25"", ""2022-09-26"", ""2022-09-27"", ""2022-09-28""]",2022-07-01,2022-09-28,90.0,True,,,,
B3,per_fold,fold_4,2160.0,90.0,2025-05-01,2025-07-29,18.398892852116457,28.006538572290818,10.958215457948477,5.479107728974238,18.246319969986803,0.15257288212965497,0.4583639055285142,13.023783335924414,15.023955364051812,0.0,0.0,0.5212962962962963,1126.0,499.0,535.0,26.709327256653868,26.18247702085388,33.278266844367636,0.8166666666666667,1764.0,187.0,209.0,59.14743885032155,59.599094358059276,69.64594170795608,0.9416666666666667,2034.0,51.0,75.0,105.63408443848421,106.24913404991077,122.38078796222466,"[""2025-05-01"", ""2025-05-02"", ""2025-05-03"", ""2025-05-04"", ""2025-05-05"", ""2025-05-06"", ""2025-05-07"", ""2025-05-08"", ""2025-05-09"", ""2025-05-10"", ""2025-05-11"", ""2025-05-12"", ""2025-05-13"", ""2025-05-14"", ""2025-05-15"", ""2025-05-16"", ""2025-05-17"", ""2025-05-18"", ""2025-05-19"", ""2025-05-20"", ""2025-05-21"", ""2025-05-22"", ""2025-05-23"", ""2025-05-24"", ""2025-05-25"", ""2025-05-26"", ""2025-05-27"", ""2025-05-28"", ""2025-05-29"", ""2025-05-30"", ""2025-05-31"", ""2025-06-01"", ""2025-06-02"", ""2025-06-03"", ""2025-06-04"", ""2025-06-05"", ""2025-06-06"", ""2025-06-07"", ""2025-06-08"", ""2025-06-09"", ""2025-06-10"", ""2025-06-11"", ""2025-06-12"", ""2025-06-13"", ""2025-06-14"", ""2025-06-15"", ""2025-06-16"", ""2025-06-17"", ""2025-06-18"", ""2025-06-19"", ""2025-06-20"", ""2025-06-21"", ""2025-06-22"", ""2025-06-23"", ""2025-06-24"", ""2025-06-25"", ""2025-06-26"", ""2025-06-27"", ""2025-06-28"", ""2025-06-29"", ""2025-06-30"", ""2025-07-01"", ""2025-07-02"", ""2025-07-03"", ""2025-07-04"", ""2025-07-05"", ""2025-07-06"", ""2025-07-07"", ""2025-07-08"", ""2025-07-09"", ""2025-07-10"", ""2025-07-11"", ""2025-07-12"", ""2025-07-13"", ""2025-07-14"", ""2025-07-15"", ""2025-07-16"", ""2025-07-17"", ""2025-07-18"", ""2025-07-19"", ""2025-07-20"", ""2025-07-21"", ""2025-07-22"", ""2025-07-23"", ""2025-07-24"", ""2025-07-25"", ""2025-07-26"", ""2025-07-27"", ""2025-07-28"", ""2025-07-29""]",2025-05-01,2025-07-29,90.0,False,,,,
B3,per_fold,fold_5,2156.0,90.0,2026-01-08,2026-04-07,25.410046370313395,35.35289346202151,14.588826064019319,7.294413032009659,25.032922409984078,0.37712396032931395,3.7652226470179175,21.0332422109128,16.16748284709491,0.0,0.0,0.42810760667903525,923.0,636.0,597.0,31.41283618761399,29.553318262456372,52.51843674389436,0.7351576994434137,1585.0,281.0,290.0,71.42343995632837,70.27263813214469,112.52950220539,0.9257884972170687,1996.0,96.0,64.0,119.04526945856604,120.00402643980763,166.464338010243,"[""2026-01-08"", ""2026-01-09"", ""2026-01-10"", ""2026-01-11"", ""2026-01-12"", ""2026-01-13"", ""2026-01-14"", ""2026-01-15"", ""2026-01-16"", ""2026-01-17"", ""2026-01-18"", ""2026-01-19"", ""2026-01-20"", ""2026-01-21"", ""2026-01-22"", ""2026-01-23"", ""2026-01-24"", ""2026-01-25"", ""2026-01-26"", ""2026-01-27"", ""2026-01-28"", ""2026-01-29"", ""2026-01-30"", ""2026-01-31"", ""2026-02-01"", ""2026-02-02"", ""2026-02-03"", ""2026-02-04"", ""2026-02-05"", ""2026-02-06"", ""2026-02-07"", ""2026-02-08"", ""2026-02-09"", ""2026-02-10"", ""2026-02-11"", ""2026-02-12"", ""2026-02-13"", ""2026-02-14"", ""2026-02-15"", ""2026-02-16"", ""2026-02-17"", ""2026-02-18"", ""2026-02-19"", ""2026-02-20"", ""2026-02-21"", ""2026-02-22"", ""2026-02-23"", ""2026-02-24"", ""2026-02-25"", ""2026-02-26"", ""2026-02-27"", ""2026-02-28"", ""2026-03-01"", ""2026-03-02"", ""2026-03-03"", ""2026-03-04"", ""2026-03-05"", ""2026-03-06"", ""2026-03-07"", ""2026-03-08"", ""2026-03-09"", ""2026-03-10"", ""2026-03-11"", ""2026-03-12"", ""2026-03-13"", ""2026-03-14"", ""2026-03-15"", ""2026-03-16"", ""2026-03-17"", ""2026-03-18"", ""2026-03-19"", ""2026-03-20"", ""2026-03-21"", ""2026-03-22"", ""2026-03-23"", ""2026-03-24"", ""2026-03-25"", ""2026-03-26"", ""2026-03-27"", ""2026-03-28"", ""2026-03-29"", ""2026-03-30"", ""2026-03-31"", ""2026-04-01"", ""2026-04-02"", ""2026-04-03"", ""2026-04-04"", ""2026-04-05"", ""2026-04-06"", ""2026-04-07""]",2026-01-08,2026-04-07,90.0,False,,,,
A1,pooled,all,10747.0,448.0,2020-07-01,2026-04-07,20.70749196318633,36.494797188378634,12.449676327150861,6.2248381635754315,20.504517353092744,0.20297461009358628,1.6648414008610726,15.548046364378294,15.461869830812843,0.0,0.0,0.5028380013026891,5404.0,2687.0,2656.0,30.336093296135385,20.86482990769435,92.54776467451501,0.7881269191402251,8470.0,1145.0,1132.0,67.13061430169061,48.0427571198889,191.7540510983315,0.9420303340467107,10124.0,306.0,317.0,134.3285233504371,94.413211078769,372.57400974789743,"[""2020-07-01"", ""2020-07-02"", ""2020-07-03"", ""2020-07-04"", ""2020-07-05"", ""2020-07-06"", ""2020-07-07"", ""2020-07-08"", ""2020-07-09"", ""2020-07-10"", ""2020-07-11"", ""2020-07-12"", ""2020-07-13"", ""2020-07-14"", ""2020-07-15"", ""2020-07-16"", ""2020-07-17"", ""2020-07-18"", ""2020-07-19"", ""2020-07-20"", ""2020-07-21"", ""2020-07-22"", ""2020-07-23"", ""2020-07-24"", ""2020-07-25"", ""2020-07-26"", ""2020-07-27"", ""2020-07-28"", ""2020-07-29"", ""2020-07-30"", ""2020-07-31"", ""2020-08-01"", ""2020-08-02"", ""2020-08-03"", ""2020-08-04"", ""2020-08-05"", ""2020-08-06"", ""2020-08-07"", ""2020-08-08"", ""2020-08-09"", ""2020-08-10"", ""2020-08-11"", ""2020-08-12"", ""2020-08-13"", ""2020-08-14"", ""2020-08-15"", ""2020-08-16"", ""2020-08-17"", ""2020-08-18"", ""2020-08-19"", ""2020-08-20"", ""2020-08-21"", ""2020-08-22"", ""2020-08-23"", ""2020-08-24"", ""2020-08-25"", ""2020-08-26"", ""2020-08-27"", ""2020-08-28"", ""2020-08-29"", ""2020-08-30"", ""2020-08-31"", ""2020-09-01"", ""2020-09-02"", ""2020-09-03"", ""2020-09-04"", ""2020-09-05"", ""2020-09-06"", ""2020-09-07"", ""2020-09-08"", ""2020-09-09"", ""2020-09-10"", ""2020-09-11"", ""2020-09-12"", ""2020-09-13"", ""2020-09-14"", ""2020-09-15"", ""2020-09-16"", ""2020-09-17"", ""2020-09-18"", ""2020-09-19"", ""2020-09-20"", ""2020-09-21"", ""2020-09-22"", ""2020-09-23"", ""2020-09-24"", ""2020-09-25"", ""2020-09-26"", ""2020-09-27"", ""2020-09-28"", ""2021-04-01"", ""2021-04-02"", ""2021-04-03"", ""2021-04-04"", ""2021-04-05"", ""2021-04-06"", ""2021-04-07"", ""2021-04-08"", ""2021-04-09"", ""2021-04-10"", ""2021-04-11"", ""2021-04-12"", ""2021-04-13"", ""2021-04-14"", ""2021-04-15"", ""2021-04-16"", ""2021-04-17"", ""2021-04-18"", ""2021-04-19"", ""2021-04-20"", ""2021-04-21"", ""2021-04-22"", ""2021-04-23"", ""2021-04-24"", ""2021-04-25"", ""2021-04-26"", ""2021-04-27"", ""2021-04-28"", ""2021-04-29"", ""2021-04-30"", ""2021-05-01"", ""2021-05-02"", ""2021-05-03"", ""2021-05-04"", ""2021-05-05"", ""2021-05-06"", ""2021-05-07"", ""2021-05-08"", ""2021-05-09"", ""2021-05-10"", ""2021-05-11"", ""2021-05-12"", ""2021-05-13"", ""2021-05-14"", ""2021-05-15"", ""2021-05-16"", ""2021-05-17"", ""2021-05-18"", ""2021-05-19"", ""2021-05-20"", ""2021-05-21"", ""2021-05-22"", ""2021-05-23"", ""2021-05-24"", ""2021-05-25"", ""2021-05-26"", ""2021-05-27"", ""2021-05-28"", ""2021-05-29"", ""2021-05-30"", ""2021-05-31"", ""2021-06-01"", ""2021-06-02"", ""2021-06-03"", ""2021-06-04"", ""2021-06-05"", ""2021-06-06"", ""2021-06-07"", ""2021-06-08"", ""2021-06-09"", ""2021-06-10"", ""2021-06-11"", ""2021-06-12"", ""2021-06-13"", ""2021-06-14"", ""2021-06-15"", ""2021-06-16"", ""2021-06-17"", ""2021-06-18"", ""2021-06-19"", ""2021-06-20"", ""2021-06-21"", ""2021-06-22"", ""2021-06-23"", ""2021-06-24"", ""2021-06-25"", ""2021-06-26"", ""2021-06-27"", ""2021-06-28"", ""2021-06-29"", ""2022-07-01"", ""2022-07-02"", ""2022-07-03"", ""2022-07-04"", ""2022-07-05"", ""2022-07-06"", ""2022-07-07"", ""2022-07-08"", ""2022-07-09"", ""2022-07-10"", ""2022-07-11"", ""2022-07-12"", ""2022-07-13"", ""2022-07-14"", ""2022-07-15"", ""2022-07-16"", ""2022-07-17"", ""2022-07-18"", ""2022-07-19"", ""2022-07-22"", ""2022-07-23"", ""2022-07-24"", ""2022-07-25"", ""2022-07-26"", ""2022-07-27"", ""2022-07-28"", ""2022-07-29"", ""2022-07-30"", ""2022-07-31"", ""2022-08-01"", ""2022-08-02"", ""2022-08-03"", ""2022-08-04"", ""2022-08-05"", ""2022-08-06"", ""2022-08-07"", ""2022-08-08"", ""2022-08-09"", ""2022-08-10"", ""2022-08-11"", ""2022-08-12"", ""2022-08-13"", ""2022-08-14"", ""2022-08-15"", ""2022-08-16"", ""2022-08-17"", ""2022-08-18"", ""2022-08-19"", ""2022-08-20"", ""2022-08-21"", ""2022-08-22"", ""2022-08-23"", ""2022-08-24"", ""2022-08-25"", ""2022-08-26"", ""2022-08-27"", ""2022-08-28"", ""2022-08-29"", ""2022-08-30"", ""2022-08-31"", ""2022-09-01"", ""2022-09-02"", ""2022-09-03"", ""2022-09-04"", ""2022-09-05"", ""2022-09-06"", ""2022-09-07"", ""2022-09-08"", ""2022-09-09"", ""2022-09-10"", ""2022-09-11"", ""2022-09-12"", ""2022-09-13"", ""2022-09-14"", ""2022-09-15"", ""2022-09-16"", ""2022-09-17"", ""2022-09-18"", ""2022-09-19"", ""2022-09-20"", ""2022-09-21"", ""2022-09-22"", ""2022-09-23"", ""2022-09-24"", ""2022-09-25"", ""2022-09-26"", ""2022-09-27"", ""2022-09-28"", ""2025-05-01"", ""2025-05-02"", ""2025-05-03"", ""2025-05-04"", ""2025-05-05"", ""2025-05-06"", ""2025-05-07"", ""2025-05-08"", ""2025-05-09"", ""2025-05-10"", ""2025-05-11"", ""2025-05-12"", ""2025-05-13"", ""2025-05-14"", ""2025-05-15"", ""2025-05-16"", ""2025-05-17"", ""2025-05-18"", ""2025-05-19"", ""2025-05-20"", ""2025-05-21"", ""2025-05-22"", ""2025-05-23"", ""2025-05-24"", ""2025-05-25"", ""2025-05-26"", ""2025-05-27"", ""2025-05-28"", ""2025-05-29"", ""2025-05-30"", ""2025-05-31"", ""2025-06-01"", ""2025-06-02"", ""2025-06-03"", ""2025-06-04"", ""2025-06-05"", ""2025-06-06"", ""2025-06-07"", ""2025-06-08"", ""2025-06-09"", ""2025-06-10"", ""2025-06-11"", ""2025-06-12"", ""2025-06-13"", ""2025-06-14"", ""2025-06-15"", ""2025-06-16"", ""2025-06-17"", ""2025-06-18"", ""2025-06-19"", ""2025-06-20"", ""2025-06-21"", ""2025-06-22"", ""2025-06-23"", ""2025-06-24"", ""2025-06-25"", ""2025-06-26"", ""2025-06-27"", ""2025-06-28"", ""2025-06-29"", ""2025-06-30"", ""2025-07-01"", ""2025-07-02"", ""2025-07-03"", ""2025-07-04"", ""2025-07-05"", ""2025-07-06"", ""2025-07-07"", ""2025-07-08"", ""2025-07-09"", ""2025-07-10"", ""2025-07-11"", ""2025-07-12"", ""2025-07-13"", ""2025-07-14"", ""2025-07-15"", ""2025-07-16"", ""2025-07-17"", ""2025-07-18"", ""2025-07-19"", ""2025-07-20"", ""2025-07-21"", ""2025-07-22"", ""2025-07-23"", ""2025-07-24"", ""2025-07-25"", ""2025-07-26"", ""2025-07-27"", ""2025-07-28"", ""2025-07-29"", ""2026-01-08"", ""2026-01-09"", ""2026-01-10"", ""2026-01-11"", ""2026-01-12"", ""2026-01-13"", ""2026-01-14"", ""2026-01-15"", ""2026-01-16"", ""2026-01-17"", ""2026-01-18"", ""2026-01-19"", ""2026-01-20"", ""2026-01-21"", ""2026-01-22"", ""2026-01-23"", ""2026-01-24"", ""2026-01-25"", ""2026-01-26"", ""2026-01-27"", ""2026-01-28"", ""2026-01-29"", ""2026-01-30"", ""2026-01-31"", ""2026-02-01"", ""2026-02-02"", ""2026-02-03"", ""2026-02-04"", ""2026-02-05"", ""2026-02-06"", ""2026-02-07"", ""2026-02-08"", ""2026-02-09"", ""2026-02-10"", ""2026-02-11"", ""2026-02-12"", ""2026-02-13"", ""2026-02-14"", ""2026-02-15"", ""2026-02-16"", ""2026-02-17"", ""2026-02-18"", ""2026-02-19"", ""2026-02-20"", ""2026-02-21"", ""2026-02-22"", ""2026-02-23"", ""2026-02-24"", ""2026-02-25"", ""2026-02-26"", ""2026-02-27"", ""2026-02-28"", ""2026-03-01"", ""2026-03-02"", ""2026-03-03"", ""2026-03-04"", ""2026-03-05"", ""2026-03-06"", ""2026-03-07"", ""2026-03-08"", ""2026-03-09"", ""2026-03-10"", ""2026-03-11"", ""2026-03-12"", ""2026-03-13"", ""2026-03-14"", ""2026-03-15"", ""2026-03-16"", ""2026-03-17"", ""2026-03-18"", ""2026-03-19"", ""2026-03-20"", ""2026-03-21"", ""2026-03-22"", ""2026-03-23"", ""2026-03-24"", ""2026-03-25"", ""2026-03-26"", ""2026-03-27"", ""2026-03-28"", ""2026-03-29"", ""2026-03-30"", ""2026-03-31"", ""2026-04-01"", ""2026-04-02"", ""2026-04-03"", ""2026-04-04"", ""2026-04-05"", ""2026-04-06"", ""2026-04-07""]",,,,,0.6311316002651045,0.6218431939294025,,
A1,per_fold,fold_1,2160.0,90.0,2020-07-01,2020-09-28,6.819900081534383,10.7139391922076,4.10385611923026,2.05192805961513,6.711440377563845,0.1084597039705377,-0.284471388695003,5.634080133377617,4.833135627787794,0.0,0.0,0.49675925925925923,1073.0,532.0,555.0,9.824772396282885,8.268057318585182,20.353410918560698,0.7731481481481481,1670.0,228.0,262.0,21.652594965803534,18.772257522103665,49.46358144941204,0.9356481481481481,2021.0,66.0,73.0,39.26524416436561,34.97859364833471,86.8150694824761,"[""2020-07-01"", ""2020-07-02"", ""2020-07-03"", ""2020-07-04"", ""2020-07-05"", ""2020-07-06"", ""2020-07-07"", ""2020-07-08"", ""2020-07-09"", ""2020-07-10"", ""2020-07-11"", ""2020-07-12"", ""2020-07-13"", ""2020-07-14"", ""2020-07-15"", ""2020-07-16"", ""2020-07-17"", ""2020-07-18"", ""2020-07-19"", ""2020-07-20"", ""2020-07-21"", ""2020-07-22"", ""2020-07-23"", ""2020-07-24"", ""2020-07-25"", ""2020-07-26"", ""2020-07-27"", ""2020-07-28"", ""2020-07-29"", ""2020-07-30"", ""2020-07-31"", ""2020-08-01"", ""2020-08-02"", ""2020-08-03"", ""2020-08-04"", ""2020-08-05"", ""2020-08-06"", ""2020-08-07"", ""2020-08-08"", ""2020-08-09"", ""2020-08-10"", ""2020-08-11"", ""2020-08-12"", ""2020-08-13"", ""2020-08-14"", ""2020-08-15"", ""2020-08-16"", ""2020-08-17"", ""2020-08-18"", ""2020-08-19"", ""2020-08-20"", ""2020-08-21"", ""2020-08-22"", ""2020-08-23"", ""2020-08-24"", ""2020-08-25"", ""2020-08-26"", ""2020-08-27"", ""2020-08-28"", ""2020-08-29"", ""2020-08-30"", ""2020-08-31"", ""2020-09-01"", ""2020-09-02"", ""2020-09-03"", ""2020-09-04"", ""2020-09-05"", ""2020-09-06"", ""2020-09-07"", ""2020-09-08"", ""2020-09-09"", ""2020-09-10"", ""2020-09-11"", ""2020-09-12"", ""2020-09-13"", ""2020-09-14"", ""2020-09-15"", ""2020-09-16"", ""2020-09-17"", ""2020-09-18"", ""2020-09-19"", ""2020-09-20"", ""2020-09-21"", ""2020-09-22"", ""2020-09-23"", ""2020-09-24"", ""2020-09-25"", ""2020-09-26"", ""2020-09-27"", ""2020-09-28""]",2020-07-01,2020-09-28,90.0,False,,,,
A1,per_fold,fold_2,2159.0,90.0,2021-04-01,2021-06-29,9.953359482231182,14.831803465245779,6.246549290927245,3.123274645463622,9.915014668827874,0.038344813403306394,1.238495187615177,7.402120270752935,6.964948262495272,0.0,0.0,0.5270958777211672,1138.0,497.0,524.0,14.941718597545291,13.94321358698313,24.345344990320307,0.793886058360352,1714.0,215.0,230.0,34.88562137338292,32.88816522075105,67.58834107681892,0.9314497452524316,2011.0,72.0,76.0,71.93790327960548,64.13481466288763,127.78420430270884,"[""2021-04-01"", ""2021-04-02"", ""2021-04-03"", ""2021-04-04"", ""2021-04-05"", ""2021-04-06"", ""2021-04-07"", ""2021-04-08"", ""2021-04-09"", ""2021-04-10"", ""2021-04-11"", ""2021-04-12"", ""2021-04-13"", ""2021-04-14"", ""2021-04-15"", ""2021-04-16"", ""2021-04-17"", ""2021-04-18"", ""2021-04-19"", ""2021-04-20"", ""2021-04-21"", ""2021-04-22"", ""2021-04-23"", ""2021-04-24"", ""2021-04-25"", ""2021-04-26"", ""2021-04-27"", ""2021-04-28"", ""2021-04-29"", ""2021-04-30"", ""2021-05-01"", ""2021-05-02"", ""2021-05-03"", ""2021-05-04"", ""2021-05-05"", ""2021-05-06"", ""2021-05-07"", ""2021-05-08"", ""2021-05-09"", ""2021-05-10"", ""2021-05-11"", ""2021-05-12"", ""2021-05-13"", ""2021-05-14"", ""2021-05-15"", ""2021-05-16"", ""2021-05-17"", ""2021-05-18"", ""2021-05-19"", ""2021-05-20"", ""2021-05-21"", ""2021-05-22"", ""2021-05-23"", ""2021-05-24"", ""2021-05-25"", ""2021-05-26"", ""2021-05-27"", ""2021-05-28"", ""2021-05-29"", ""2021-05-30"", ""2021-05-31"", ""2021-06-01"", ""2021-06-02"", ""2021-06-03"", ""2021-06-04"", ""2021-06-05"", ""2021-06-06"", ""2021-06-07"", ""2021-06-08"", ""2021-06-09"", ""2021-06-10"", ""2021-06-11"", ""2021-06-12"", ""2021-06-13"", ""2021-06-14"", ""2021-06-15"", ""2021-06-16"", ""2021-06-17"", ""2021-06-18"", ""2021-06-19"", ""2021-06-20"", ""2021-06-21"", ""2021-06-22"", ""2021-06-23"", ""2021-06-24"", ""2021-06-25"", ""2021-06-26"", ""2021-06-27"", ""2021-06-28"", ""2021-06-29""]",2021-04-01,2021-06-29,90.0,False,,,,
A1,per_fold,fold_3,2112.0,88.0,2022-07-01,2022-09-28,51.212762782292266,70.0557261622223,30.454607295819592,15.227303647909796,50.586329663872384,0.6264331184198692,4.588528607299196,41.62120354205984,35.48387283237619,0.0,0.0,0.4891098484848485,1033.0,557.0,522.0,76.46928490855746,71.22643008424532,112.08595752419649,0.7708333333333334,1628.0,258.0,226.0,162.6043854213884,157.29100641599112,233.2534780059666,0.9422348484848485,1990.0,64.0,58.0,317.06599561501775,294.9471077076421,471.1246370393193,"[""2022-07-01"", ""2022-07-02"", ""2022-07-03"", ""2022-07-04"", ""2022-07-05"", ""2022-07-06"", ""2022-07-07"", ""2022-07-08"", ""2022-07-09"", ""2022-07-10"", ""2022-07-11"", ""2022-07-12"", ""2022-07-13"", ""2022-07-14"", ""2022-07-15"", ""2022-07-16"", ""2022-07-17"", ""2022-07-18"", ""2022-07-19"", ""2022-07-22"", ""2022-07-23"", ""2022-07-24"", ""2022-07-25"", ""2022-07-26"", ""2022-07-27"", ""2022-07-28"", ""2022-07-29"", ""2022-07-30"", ""2022-07-31"", ""2022-08-01"", ""2022-08-02"", ""2022-08-03"", ""2022-08-04"", ""2022-08-05"", ""2022-08-06"", ""2022-08-07"", ""2022-08-08"", ""2022-08-09"", ""2022-08-10"", ""2022-08-11"", ""2022-08-12"", ""2022-08-13"", ""2022-08-14"", ""2022-08-15"", ""2022-08-16"", ""2022-08-17"", ""2022-08-18"", ""2022-08-19"", ""2022-08-20"", ""2022-08-21"", ""2022-08-22"", ""2022-08-23"", ""2022-08-24"", ""2022-08-25"", ""2022-08-26"", ""2022-08-27"", ""2022-08-28"", ""2022-08-29"", ""2022-08-30"", ""2022-08-31"", ""2022-09-01"", ""2022-09-02"", ""2022-09-03"", ""2022-09-04"", ""2022-09-05"", ""2022-09-06"", ""2022-09-07"", ""2022-09-08"", ""2022-09-09"", ""2022-09-10"", ""2022-09-11"", ""2022-09-12"", ""2022-09-13"", ""2022-09-14"", ""2022-09-15"", ""2022-09-16"", ""2022-09-17"", ""2022-09-18"", ""2022-09-19"", ""2022-09-20"", ""2022-09-21"", ""2022-09-22"", ""2022-09-23"", ""2022-09-24"", ""2022-09-25"", ""2022-09-26"", ""2022-09-27"", ""2022-09-28""]",2022-07-01,2022-09-28,90.0,True,,,,
A1,per_fold,fold_4,2160.0,90.0,2025-05-01,2025-07-29,16.740444529025567,26.035675714065906,10.086960537897482,5.043480268948741,16.71985375254507,0.02059077648049519,1.6312817852173662,9.257862244943029,15.531494840116718,0.0,0.0,0.5032407407407408,1087.0,550.0,523.0,23.46452648066488,22.761859360652068,34.394508222518276,0.7976851851851852,1723.0,221.0,216.0,51.765340303706374,50.36468943322953,75.77340773415949,0.9444444444444444,2040.0,59.0,61.0,100.04822617239961,95.37821120759092,143.43826295356504,"[""2025-05-01"", ""2025-05-02"", ""2025-05-03"", ""2025-05-04"", ""2025-05-05"", ""2025-05-06"", ""2025-05-07"", ""2025-05-08"", ""2025-05-09"", ""2025-05-10"", ""2025-05-11"", ""2025-05-12"", ""2025-05-13"", ""2025-05-14"", ""2025-05-15"", ""2025-05-16"", ""2025-05-17"", ""2025-05-18"", ""2025-05-19"", ""2025-05-20"", ""2025-05-21"", ""2025-05-22"", ""2025-05-23"", ""2025-05-24"", ""2025-05-25"", ""2025-05-26"", ""2025-05-27"", ""2025-05-28"", ""2025-05-29"", ""2025-05-30"", ""2025-05-31"", ""2025-06-01"", ""2025-06-02"", ""2025-06-03"", ""2025-06-04"", ""2025-06-05"", ""2025-06-06"", ""2025-06-07"", ""2025-06-08"", ""2025-06-09"", ""2025-06-10"", ""2025-06-11"", ""2025-06-12"", ""2025-06-13"", ""2025-06-14"", ""2025-06-15"", ""2025-06-16"", ""2025-06-17"", ""2025-06-18"", ""2025-06-19"", ""2025-06-20"", ""2025-06-21"", ""2025-06-22"", ""2025-06-23"", ""2025-06-24"", ""2025-06-25"", ""2025-06-26"", ""2025-06-27"", ""2025-06-28"", ""2025-06-29"", ""2025-06-30"", ""2025-07-01"", ""2025-07-02"", ""2025-07-03"", ""2025-07-04"", ""2025-07-05"", ""2025-07-06"", ""2025-07-07"", ""2025-07-08"", ""2025-07-09"", ""2025-07-10"", ""2025-07-11"", ""2025-07-12"", ""2025-07-13"", ""2025-07-14"", ""2025-07-15"", ""2025-07-16"", ""2025-07-17"", ""2025-07-18"", ""2025-07-19"", ""2025-07-20"", ""2025-07-21"", ""2025-07-22"", ""2025-07-23"", ""2025-07-24"", ""2025-07-25"", ""2025-07-26"", ""2025-07-27"", ""2025-07-28"", ""2025-07-29""]",2025-05-01,2025-07-29,90.0,False,,,,
A1,per_fold,fold_5,2156.0,90.0,2026-01-08,2026-04-07,19.48163898479388,28.581740222534926,11.75235481475487,5.876177407377435,19.251209532724747,0.2304294520691275,1.2143119433620493,14.404369123595426,14.935923256199475,0.0,0.0,0.4976808905380334,1073.0,551.0,532.0,27.993881679214365,29.17540694783513,44.60301981051501,0.8047309833024119,1735.0,223.0,198.0,66.85132335947195,67.8230948403152,105.04267245824242,0.9564007421150278,2062.0,45.0,49.0,147.38136762530092,153.65210215512874,267.59845582794935,"[""2026-01-08"", ""2026-01-09"", ""2026-01-10"", ""2026-01-11"", ""2026-01-12"", ""2026-01-13"", ""2026-01-14"", ""2026-01-15"", ""2026-01-16"", ""2026-01-17"", ""2026-01-18"", ""2026-01-19"", ""2026-01-20"", ""2026-01-21"", ""2026-01-22"", ""2026-01-23"", ""2026-01-24"", ""2026-01-25"", ""2026-01-26"", ""2026-01-27"", ""2026-01-28"", ""2026-01-29"", ""2026-01-30"", ""2026-01-31"", ""2026-02-01"", ""2026-02-02"", ""2026-02-03"", ""2026-02-04"", ""2026-02-05"", ""2026-02-06"", ""2026-02-07"", ""2026-02-08"", ""2026-02-09"", ""2026-02-10"", ""2026-02-11"", ""2026-02-12"", ""2026-02-13"", ""2026-02-14"", ""2026-02-15"", ""2026-02-16"", ""2026-02-17"", ""2026-02-18"", ""2026-02-19"", ""2026-02-20"", ""2026-02-21"", ""2026-02-22"", ""2026-02-23"", ""2026-02-24"", ""2026-02-25"", ""2026-02-26"", ""2026-02-27"", ""2026-02-28"", ""2026-03-01"", ""2026-03-02"", ""2026-03-03"", ""2026-03-04"", ""2026-03-05"", ""2026-03-06"", ""2026-03-07"", ""2026-03-08"", ""2026-03-09"", ""2026-03-10"", ""2026-03-11"", ""2026-03-12"", ""2026-03-13"", ""2026-03-14"", ""2026-03-15"", ""2026-03-16"", ""2026-03-17"", ""2026-03-18"", ""2026-03-19"", ""2026-03-20"", ""2026-03-21"", ""2026-03-22"", ""2026-03-23"", ""2026-03-24"", ""2026-03-25"", ""2026-03-26"", ""2026-03-27"", ""2026-03-28"", ""2026-03-29"", ""2026-03-30"", ""2026-03-31"", ""2026-04-01"", ""2026-04-02"", ""2026-04-03"", ""2026-04-04"", ""2026-04-05"", ""2026-04-06"", ""2026-04-07""]",2026-01-08,2026-04-07,90.0,False,,,,
H0,pooled,all,10747.0,448.0,2020-07-01,2026-04-07,20.23103542154645,36.46119966912359,12.046459955387254,6.023229977693627,19.99979091334783,0.2312445081986186,1.472995000558423,15.523632536338079,14.971093058458775,0.0,0.0,0.4993021308272076,5366.0,2673.0,2708.0,29.459177719100104,19.625799086135785,89.62301844011013,0.7906392481622778,8497.0,1114.0,1136.0,65.77562220812527,45.51354774642074,195.64623173189386,0.9388666604633852,10090.0,309.0,348.0,124.63573426269241,86.25196685307066,361.70971450919274,"[""2020-07-01"", ""2020-07-02"", ""2020-07-03"", ""2020-07-04"", ""2020-07-05"", ""2020-07-06"", ""2020-07-07"", ""2020-07-08"", ""2020-07-09"", ""2020-07-10"", ""2020-07-11"", ""2020-07-12"", ""2020-07-13"", ""2020-07-14"", ""2020-07-15"", ""2020-07-16"", ""2020-07-17"", ""2020-07-18"", ""2020-07-19"", ""2020-07-20"", ""2020-07-21"", ""2020-07-22"", ""2020-07-23"", ""2020-07-24"", ""2020-07-25"", ""2020-07-26"", ""2020-07-27"", ""2020-07-28"", ""2020-07-29"", ""2020-07-30"", ""2020-07-31"", ""2020-08-01"", ""2020-08-02"", ""2020-08-03"", ""2020-08-04"", ""2020-08-05"", ""2020-08-06"", ""2020-08-07"", ""2020-08-08"", ""2020-08-09"", ""2020-08-10"", ""2020-08-11"", ""2020-08-12"", ""2020-08-13"", ""2020-08-14"", ""2020-08-15"", ""2020-08-16"", ""2020-08-17"", ""2020-08-18"", ""2020-08-19"", ""2020-08-20"", ""2020-08-21"", ""2020-08-22"", ""2020-08-23"", ""2020-08-24"", ""2020-08-25"", ""2020-08-26"", ""2020-08-27"", ""2020-08-28"", ""2020-08-29"", ""2020-08-30"", ""2020-08-31"", ""2020-09-01"", ""2020-09-02"", ""2020-09-03"", ""2020-09-04"", ""2020-09-05"", ""2020-09-06"", ""2020-09-07"", ""2020-09-08"", ""2020-09-09"", ""2020-09-10"", ""2020-09-11"", ""2020-09-12"", ""2020-09-13"", ""2020-09-14"", ""2020-09-15"", ""2020-09-16"", ""2020-09-17"", ""2020-09-18"", ""2020-09-19"", ""2020-09-20"", ""2020-09-21"", ""2020-09-22"", ""2020-09-23"", ""2020-09-24"", ""2020-09-25"", ""2020-09-26"", ""2020-09-27"", ""2020-09-28"", ""2021-04-01"", ""2021-04-02"", ""2021-04-03"", ""2021-04-04"", ""2021-04-05"", ""2021-04-06"", ""2021-04-07"", ""2021-04-08"", ""2021-04-09"", ""2021-04-10"", ""2021-04-11"", ""2021-04-12"", ""2021-04-13"", ""2021-04-14"", ""2021-04-15"", ""2021-04-16"", ""2021-04-17"", ""2021-04-18"", ""2021-04-19"", ""2021-04-20"", ""2021-04-21"", ""2021-04-22"", ""2021-04-23"", ""2021-04-24"", ""2021-04-25"", ""2021-04-26"", ""2021-04-27"", ""2021-04-28"", ""2021-04-29"", ""2021-04-30"", ""2021-05-01"", ""2021-05-02"", ""2021-05-03"", ""2021-05-04"", ""2021-05-05"", ""2021-05-06"", ""2021-05-07"", ""2021-05-08"", ""2021-05-09"", ""2021-05-10"", ""2021-05-11"", ""2021-05-12"", ""2021-05-13"", ""2021-05-14"", ""2021-05-15"", ""2021-05-16"", ""2021-05-17"", ""2021-05-18"", ""2021-05-19"", ""2021-05-20"", ""2021-05-21"", ""2021-05-22"", ""2021-05-23"", ""2021-05-24"", ""2021-05-25"", ""2021-05-26"", ""2021-05-27"", ""2021-05-28"", ""2021-05-29"", ""2021-05-30"", ""2021-05-31"", ""2021-06-01"", ""2021-06-02"", ""2021-06-03"", ""2021-06-04"", ""2021-06-05"", ""2021-06-06"", ""2021-06-07"", ""2021-06-08"", ""2021-06-09"", ""2021-06-10"", ""2021-06-11"", ""2021-06-12"", ""2021-06-13"", ""2021-06-14"", ""2021-06-15"", ""2021-06-16"", ""2021-06-17"", ""2021-06-18"", ""2021-06-19"", ""2021-06-20"", ""2021-06-21"", ""2021-06-22"", ""2021-06-23"", ""2021-06-24"", ""2021-06-25"", ""2021-06-26"", ""2021-06-27"", ""2021-06-28"", ""2021-06-29"", ""2022-07-01"", ""2022-07-02"", ""2022-07-03"", ""2022-07-04"", ""2022-07-05"", ""2022-07-06"", ""2022-07-07"", ""2022-07-08"", ""2022-07-09"", ""2022-07-10"", ""2022-07-11"", ""2022-07-12"", ""2022-07-13"", ""2022-07-14"", ""2022-07-15"", ""2022-07-16"", ""2022-07-17"", ""2022-07-18"", ""2022-07-19"", ""2022-07-22"", ""2022-07-23"", ""2022-07-24"", ""2022-07-25"", ""2022-07-26"", ""2022-07-27"", ""2022-07-28"", ""2022-07-29"", ""2022-07-30"", ""2022-07-31"", ""2022-08-01"", ""2022-08-02"", ""2022-08-03"", ""2022-08-04"", ""2022-08-05"", ""2022-08-06"", ""2022-08-07"", ""2022-08-08"", ""2022-08-09"", ""2022-08-10"", ""2022-08-11"", ""2022-08-12"", ""2022-08-13"", ""2022-08-14"", ""2022-08-15"", ""2022-08-16"", ""2022-08-17"", ""2022-08-18"", ""2022-08-19"", ""2022-08-20"", ""2022-08-21"", ""2022-08-22"", ""2022-08-23"", ""2022-08-24"", ""2022-08-25"", ""2022-08-26"", ""2022-08-27"", ""2022-08-28"", ""2022-08-29"", ""2022-08-30"", ""2022-08-31"", ""2022-09-01"", ""2022-09-02"", ""2022-09-03"", ""2022-09-04"", ""2022-09-05"", ""2022-09-06"", ""2022-09-07"", ""2022-09-08"", ""2022-09-09"", ""2022-09-10"", ""2022-09-11"", ""2022-09-12"", ""2022-09-13"", ""2022-09-14"", ""2022-09-15"", ""2022-09-16"", ""2022-09-17"", ""2022-09-18"", ""2022-09-19"", ""2022-09-20"", ""2022-09-21"", ""2022-09-22"", ""2022-09-23"", ""2022-09-24"", ""2022-09-25"", ""2022-09-26"", ""2022-09-27"", ""2022-09-28"", ""2025-05-01"", ""2025-05-02"", ""2025-05-03"", ""2025-05-04"", ""2025-05-05"", ""2025-05-06"", ""2025-05-07"", ""2025-05-08"", ""2025-05-09"", ""2025-05-10"", ""2025-05-11"", ""2025-05-12"", ""2025-05-13"", ""2025-05-14"", ""2025-05-15"", ""2025-05-16"", ""2025-05-17"", ""2025-05-18"", ""2025-05-19"", ""2025-05-20"", ""2025-05-21"", ""2025-05-22"", ""2025-05-23"", ""2025-05-24"", ""2025-05-25"", ""2025-05-26"", ""2025-05-27"", ""2025-05-28"", ""2025-05-29"", ""2025-05-30"", ""2025-05-31"", ""2025-06-01"", ""2025-06-02"", ""2025-06-03"", ""2025-06-04"", ""2025-06-05"", ""2025-06-06"", ""2025-06-07"", ""2025-06-08"", ""2025-06-09"", ""2025-06-10"", ""2025-06-11"", ""2025-06-12"", ""2025-06-13"", ""2025-06-14"", ""2025-06-15"", ""2025-06-16"", ""2025-06-17"", ""2025-06-18"", ""2025-06-19"", ""2025-06-20"", ""2025-06-21"", ""2025-06-22"", ""2025-06-23"", ""2025-06-24"", ""2025-06-25"", ""2025-06-26"", ""2025-06-27"", ""2025-06-28"", ""2025-06-29"", ""2025-06-30"", ""2025-07-01"", ""2025-07-02"", ""2025-07-03"", ""2025-07-04"", ""2025-07-05"", ""2025-07-06"", ""2025-07-07"", ""2025-07-08"", ""2025-07-09"", ""2025-07-10"", ""2025-07-11"", ""2025-07-12"", ""2025-07-13"", ""2025-07-14"", ""2025-07-15"", ""2025-07-16"", ""2025-07-17"", ""2025-07-18"", ""2025-07-19"", ""2025-07-20"", ""2025-07-21"", ""2025-07-22"", ""2025-07-23"", ""2025-07-24"", ""2025-07-25"", ""2025-07-26"", ""2025-07-27"", ""2025-07-28"", ""2025-07-29"", ""2026-01-08"", ""2026-01-09"", ""2026-01-10"", ""2026-01-11"", ""2026-01-12"", ""2026-01-13"", ""2026-01-14"", ""2026-01-15"", ""2026-01-16"", ""2026-01-17"", ""2026-01-18"", ""2026-01-19"", ""2026-01-20"", ""2026-01-21"", ""2026-01-22"", ""2026-01-23"", ""2026-01-24"", ""2026-01-25"", ""2026-01-26"", ""2026-01-27"", ""2026-01-28"", ""2026-01-29"", ""2026-01-30"", ""2026-01-31"", ""2026-02-01"", ""2026-02-02"", ""2026-02-03"", ""2026-02-04"", ""2026-02-05"", ""2026-02-06"", ""2026-02-07"", ""2026-02-08"", ""2026-02-09"", ""2026-02-10"", ""2026-02-11"", ""2026-02-12"", ""2026-02-13"", ""2026-02-14"", ""2026-02-15"", ""2026-02-16"", ""2026-02-17"", ""2026-02-18"", ""2026-02-19"", ""2026-02-20"", ""2026-02-21"", ""2026-02-22"", ""2026-02-23"", ""2026-02-24"", ""2026-02-25"", ""2026-02-26"", ""2026-02-27"", ""2026-02-28"", ""2026-03-01"", ""2026-03-02"", ""2026-03-03"", ""2026-03-04"", ""2026-03-05"", ""2026-03-06"", ""2026-03-07"", ""2026-03-08"", ""2026-03-09"", ""2026-03-10"", ""2026-03-11"", ""2026-03-12"", ""2026-03-13"", ""2026-03-14"", ""2026-03-15"", ""2026-03-16"", ""2026-03-17"", ""2026-03-18"", ""2026-03-19"", ""2026-03-20"", ""2026-03-21"", ""2026-03-22"", ""2026-03-23"", ""2026-03-24"", ""2026-03-25"", ""2026-03-26"", ""2026-03-27"", ""2026-03-28"", ""2026-03-29"", ""2026-03-30"", ""2026-03-31"", ""2026-04-01"", ""2026-04-02"", ""2026-04-03"", ""2026-04-04"", ""2026-04-05"", ""2026-04-06"", ""2026-04-07""]",,,,,0.6166099585271021,0.6017031236277122,,
H0,per_fold,fold_1,2160.0,90.0,2020-07-01,2020-09-28,6.310802110246006,10.45570455490826,3.855935752625375,1.9279678763126875,6.274299592111937,0.036502518134068906,0.15337547026472698,5.38967412259617,4.495097427895076,0.0,0.0,0.49074074074074076,1060.0,525.0,575.0,8.840229753712276,7.459604798761754,17.64466801462473,0.7828703703703703,1691.0,221.0,248.0,20.318938612518732,17.128317915758412,44.117270029495586,0.9282407407407407,2005.0,58.0,97.0,36.72319220515116,31.051274014244587,80.29348456161077,"[""2020-07-01"", ""2020-07-02"", ""2020-07-03"", ""2020-07-04"", ""2020-07-05"", ""2020-07-06"", ""2020-07-07"", ""2020-07-08"", ""2020-07-09"", ""2020-07-10"", ""2020-07-11"", ""2020-07-12"", ""2020-07-13"", ""2020-07-14"", ""2020-07-15"", ""2020-07-16"", ""2020-07-17"", ""2020-07-18"", ""2020-07-19"", ""2020-07-20"", ""2020-07-21"", ""2020-07-22"", ""2020-07-23"", ""2020-07-24"", ""2020-07-25"", ""2020-07-26"", ""2020-07-27"", ""2020-07-28"", ""2020-07-29"", ""2020-07-30"", ""2020-07-31"", ""2020-08-01"", ""2020-08-02"", ""2020-08-03"", ""2020-08-04"", ""2020-08-05"", ""2020-08-06"", ""2020-08-07"", ""2020-08-08"", ""2020-08-09"", ""2020-08-10"", ""2020-08-11"", ""2020-08-12"", ""2020-08-13"", ""2020-08-14"", ""2020-08-15"", ""2020-08-16"", ""2020-08-17"", ""2020-08-18"", ""2020-08-19"", ""2020-08-20"", ""2020-08-21"", ""2020-08-22"", ""2020-08-23"", ""2020-08-24"", ""2020-08-25"", ""2020-08-26"", ""2020-08-27"", ""2020-08-28"", ""2020-08-29"", ""2020-08-30"", ""2020-08-31"", ""2020-09-01"", ""2020-09-02"", ""2020-09-03"", ""2020-09-04"", ""2020-09-05"", ""2020-09-06"", ""2020-09-07"", ""2020-09-08"", ""2020-09-09"", ""2020-09-10"", ""2020-09-11"", ""2020-09-12"", ""2020-09-13"", ""2020-09-14"", ""2020-09-15"", ""2020-09-16"", ""2020-09-17"", ""2020-09-18"", ""2020-09-19"", ""2020-09-20"", ""2020-09-21"", ""2020-09-22"", ""2020-09-23"", ""2020-09-24"", ""2020-09-25"", ""2020-09-26"", ""2020-09-27"", ""2020-09-28""]",2020-07-01,2020-09-28,90.0,False,,,,
H0,per_fold,fold_2,2159.0,90.0,2021-04-01,2021-06-29,9.457089743262161,14.411175089233838,5.981432938667355,2.9907164693336776,9.495384557306327,-0.03829481404416236,1.6347748936365056,7.50916347613008,6.479377144573862,0.0,0.0,0.5155164427975915,1113.0,516.0,530.0,13.844590500929787,12.60903565830958,24.631640305267446,0.7809170912459472,1686.0,215.0,258.0,34.66137398001968,30.71105257390566,67.11578199951916,0.936081519221862,2021.0,64.0,74.0,65.923541159616,58.956174613768816,119.36700837990618,"[""2021-04-01"", ""2021-04-02"", ""2021-04-03"", ""2021-04-04"", ""2021-04-05"", ""2021-04-06"", ""2021-04-07"", ""2021-04-08"", ""2021-04-09"", ""2021-04-10"", ""2021-04-11"", ""2021-04-12"", ""2021-04-13"", ""2021-04-14"", ""2021-04-15"", ""2021-04-16"", ""2021-04-17"", ""2021-04-18"", ""2021-04-19"", ""2021-04-20"", ""2021-04-21"", ""2021-04-22"", ""2021-04-23"", ""2021-04-24"", ""2021-04-25"", ""2021-04-26"", ""2021-04-27"", ""2021-04-28"", ""2021-04-29"", ""2021-04-30"", ""2021-05-01"", ""2021-05-02"", ""2021-05-03"", ""2021-05-04"", ""2021-05-05"", ""2021-05-06"", ""2021-05-07"", ""2021-05-08"", ""2021-05-09"", ""2021-05-10"", ""2021-05-11"", ""2021-05-12"", ""2021-05-13"", ""2021-05-14"", ""2021-05-15"", ""2021-05-16"", ""2021-05-17"", ""2021-05-18"", ""2021-05-19"", ""2021-05-20"", ""2021-05-21"", ""2021-05-22"", ""2021-05-23"", ""2021-05-24"", ""2021-05-25"", ""2021-05-26"", ""2021-05-27"", ""2021-05-28"", ""2021-05-29"", ""2021-05-30"", ""2021-05-31"", ""2021-06-01"", ""2021-06-02"", ""2021-06-03"", ""2021-06-04"", ""2021-06-05"", ""2021-06-06"", ""2021-06-07"", ""2021-06-08"", ""2021-06-09"", ""2021-06-10"", ""2021-06-11"", ""2021-06-12"", ""2021-06-13"", ""2021-06-14"", ""2021-06-15"", ""2021-06-16"", ""2021-06-17"", ""2021-06-18"", ""2021-06-19"", ""2021-06-20"", ""2021-06-21"", ""2021-06-22"", ""2021-06-23"", ""2021-06-24"", ""2021-06-25"", ""2021-06-26"", ""2021-06-27"", ""2021-06-28"", ""2021-06-29""]",2021-04-01,2021-06-29,90.0,False,,,,
H0,per_fold,fold_3,2112.0,88.0,2022-07-01,2022-09-28,51.213622921785436,70.80203474107034,30.22126634528976,15.11063317264488,50.135983603687635,1.0776393180978008,3.9630786997955747,42.0450193487235,35.21640149731003,0.0,0.0,0.4881628787878788,1031.0,557.0,524.0,74.189903793206,70.96021559506616,111.96843047488629,0.7821969696969697,1652.0,230.0,230.0,165.28274973830457,159.83314520600268,241.32873031212029,0.9389204545454546,1983.0,67.0,62.0,304.62066980389824,287.63164385293715,466.9681830941413,"[""2022-07-01"", ""2022-07-02"", ""2022-07-03"", ""2022-07-04"", ""2022-07-05"", ""2022-07-06"", ""2022-07-07"", ""2022-07-08"", ""2022-07-09"", ""2022-07-10"", ""2022-07-11"", ""2022-07-12"", ""2022-07-13"", ""2022-07-14"", ""2022-07-15"", ""2022-07-16"", ""2022-07-17"", ""2022-07-18"", ""2022-07-19"", ""2022-07-22"", ""2022-07-23"", ""2022-07-24"", ""2022-07-25"", ""2022-07-26"", ""2022-07-27"", ""2022-07-28"", ""2022-07-29"", ""2022-07-30"", ""2022-07-31"", ""2022-08-01"", ""2022-08-02"", ""2022-08-03"", ""2022-08-04"", ""2022-08-05"", ""2022-08-06"", ""2022-08-07"", ""2022-08-08"", ""2022-08-09"", ""2022-08-10"", ""2022-08-11"", ""2022-08-12"", ""2022-08-13"", ""2022-08-14"", ""2022-08-15"", ""2022-08-16"", ""2022-08-17"", ""2022-08-18"", ""2022-08-19"", ""2022-08-20"", ""2022-08-21"", ""2022-08-22"", ""2022-08-23"", ""2022-08-24"", ""2022-08-25"", ""2022-08-26"", ""2022-08-27"", ""2022-08-28"", ""2022-08-29"", ""2022-08-30"", ""2022-08-31"", ""2022-09-01"", ""2022-09-02"", ""2022-09-03"", ""2022-09-04"", ""2022-09-05"", ""2022-09-06"", ""2022-09-07"", ""2022-09-08"", ""2022-09-09"", ""2022-09-10"", ""2022-09-11"", ""2022-09-12"", ""2022-09-13"", ""2022-09-14"", ""2022-09-15"", ""2022-09-16"", ""2022-09-17"", ""2022-09-18"", ""2022-09-19"", ""2022-09-20"", ""2022-09-21"", ""2022-09-22"", ""2022-09-23"", ""2022-09-24"", ""2022-09-25"", ""2022-09-26"", ""2022-09-27"", ""2022-09-28""]",2022-07-01,2022-09-28,90.0,True,,,,
H0,per_fold,fold_4,2160.0,90.0,2025-05-01,2025-07-29,16.1242511972614,25.355513919681652,9.54679415511936,4.773397077559681,16.181827559996467,-0.057576362735065376,1.3546983220602669,8.978628557365495,14.886559253211592,0.0,0.0,0.5027777777777778,1086.0,537.0,537.0,23.042948730441758,22.190036322691228,36.82027268453684,0.799074074074074,1726.0,225.0,209.0,49.095051162362395,47.96006020767122,75.09771148728386,0.9384259259259259,2027.0,70.0,63.0,89.94206175506928,87.03679024961303,136.5044155492461,"[""2025-05-01"", ""2025-05-02"", ""2025-05-03"", ""2025-05-04"", ""2025-05-05"", ""2025-05-06"", ""2025-05-07"", ""2025-05-08"", ""2025-05-09"", ""2025-05-10"", ""2025-05-11"", ""2025-05-12"", ""2025-05-13"", ""2025-05-14"", ""2025-05-15"", ""2025-05-16"", ""2025-05-17"", ""2025-05-18"", ""2025-05-19"", ""2025-05-20"", ""2025-05-21"", ""2025-05-22"", ""2025-05-23"", ""2025-05-24"", ""2025-05-25"", ""2025-05-26"", ""2025-05-27"", ""2025-05-28"", ""2025-05-29"", ""2025-05-30"", ""2025-05-31"", ""2025-06-01"", ""2025-06-02"", ""2025-06-03"", ""2025-06-04"", ""2025-06-05"", ""2025-06-06"", ""2025-06-07"", ""2025-06-08"", ""2025-06-09"", ""2025-06-10"", ""2025-06-11"", ""2025-06-12"", ""2025-06-13"", ""2025-06-14"", ""2025-06-15"", ""2025-06-16"", ""2025-06-17"", ""2025-06-18"", ""2025-06-19"", ""2025-06-20"", ""2025-06-21"", ""2025-06-22"", ""2025-06-23"", ""2025-06-24"", ""2025-06-25"", ""2025-06-26"", ""2025-06-27"", ""2025-06-28"", ""2025-06-29"", ""2025-06-30"", ""2025-07-01"", ""2025-07-02"", ""2025-07-03"", ""2025-07-04"", ""2025-07-05"", ""2025-07-06"", ""2025-07-07"", ""2025-07-08"", ""2025-07-09"", ""2025-07-10"", ""2025-07-11"", ""2025-07-12"", ""2025-07-13"", ""2025-07-14"", ""2025-07-15"", ""2025-07-16"", ""2025-07-17"", ""2025-07-18"", ""2025-07-19"", ""2025-07-20"", ""2025-07-21"", ""2025-07-22"", ""2025-07-23"", ""2025-07-24"", ""2025-07-25"", ""2025-07-26"", ""2025-07-27"", ""2025-07-28"", ""2025-07-29""]",2025-05-01,2025-07-29,90.0,False,,,,
H0,per_fold,fold_5,2156.0,90.0,2026-01-08,2026-04-07,18.730145716433146,27.468769579643137,11.026057654908808,5.513028827454404,18.573648268544698,0.15649744788844983,0.31230828861313403,14.28504132826149,14.222608279504763,0.0,0.0,0.49907235621521334,1076.0,538.0,542.0,28.362972967828206,28.57924127863216,49.203669841858215,0.8079777365491652,1742.0,223.0,191.0,61.709332136742695,61.90637095088164,102.37211060437312,0.9526901669758813,2054.0,50.0,52.0,129.95153412691795,129.68620603688862,224.61602852952757,"[""2026-01-08"", ""2026-01-09"", ""2026-01-10"", ""2026-01-11"", ""2026-01-12"", ""2026-01-13"", ""2026-01-14"", ""2026-01-15"", ""2026-01-16"", ""2026-01-17"", ""2026-01-18"", ""2026-01-19"", ""2026-01-20"", ""2026-01-21"", ""2026-01-22"", ""2026-01-23"", ""2026-01-24"", ""2026-01-25"", ""2026-01-26"", ""2026-01-27"", ""2026-01-28"", ""2026-01-29"", ""2026-01-30"", ""2026-01-31"", ""2026-02-01"", ""2026-02-02"", ""2026-02-03"", ""2026-02-04"", ""2026-02-05"", ""2026-02-06"", ""2026-02-07"", ""2026-02-08"", ""2026-02-09"", ""2026-02-10"", ""2026-02-11"", ""2026-02-12"", ""2026-02-13"", ""2026-02-14"", ""2026-02-15"", ""2026-02-16"", ""2026-02-17"", ""2026-02-18"", ""2026-02-19"", ""2026-02-20"", ""2026-02-21"", ""2026-02-22"", ""2026-02-23"", ""2026-02-24"", ""2026-02-25"", ""2026-02-26"", ""2026-02-27"", ""2026-02-28"", ""2026-03-01"", ""2026-03-02"", ""2026-03-03"", ""2026-03-04"", ""2026-03-05"", ""2026-03-06"", ""2026-03-07"", ""2026-03-08"", ""2026-03-09"", ""2026-03-10"", ""2026-03-11"", ""2026-03-12"", ""2026-03-13"", ""2026-03-14"", ""2026-03-15"", ""2026-03-16"", ""2026-03-17"", ""2026-03-18"", ""2026-03-19"", ""2026-03-20"", ""2026-03-21"", ""2026-03-22"", ""2026-03-23"", ""2026-03-24"", ""2026-03-25"", ""2026-03-26"", ""2026-03-27"", ""2026-03-28"", ""2026-03-29"", ""2026-03-30"", ""2026-03-31"", ""2026-04-01"", ""2026-04-02"", ""2026-04-03"", ""2026-04-04"", ""2026-04-05"", ""2026-04-06"", ""2026-04-07""]",2026-01-08,2026-04-07,90.0,False,,,,
HG,pooled,all,10747.0,448.0,2020-07-01,2026-04-07,18.258885500475362,32.675927457102404,10.665905821725305,5.3329529108626526,17.96173730068515,0.2971481997902067,1.5342112051254713,14.091551054326573,13.036160324974796,0.0,0.0,0.4937191774448683,5306.0,2747.0,2694.0,27.142760138629214,17.854428446478465,85.2615361034512,0.7913836419465897,8505.0,1112.0,1130.0,58.80676873570269,38.96529381454056,184.86687185229968,0.9376570205638783,10077.0,303.0,367.0,106.24360374406864,72.99573878246065,322.7939226757866,"[""2020-07-01"", ""2020-07-02"", ""2020-07-03"", ""2020-07-04"", ""2020-07-05"", ""2020-07-06"", ""2020-07-07"", ""2020-07-08"", ""2020-07-09"", ""2020-07-10"", ""2020-07-11"", ""2020-07-12"", ""2020-07-13"", ""2020-07-14"", ""2020-07-15"", ""2020-07-16"", ""2020-07-17"", ""2020-07-18"", ""2020-07-19"", ""2020-07-20"", ""2020-07-21"", ""2020-07-22"", ""2020-07-23"", ""2020-07-24"", ""2020-07-25"", ""2020-07-26"", ""2020-07-27"", ""2020-07-28"", ""2020-07-29"", ""2020-07-30"", ""2020-07-31"", ""2020-08-01"", ""2020-08-02"", ""2020-08-03"", ""2020-08-04"", ""2020-08-05"", ""2020-08-06"", ""2020-08-07"", ""2020-08-08"", ""2020-08-09"", ""2020-08-10"", ""2020-08-11"", ""2020-08-12"", ""2020-08-13"", ""2020-08-14"", ""2020-08-15"", ""2020-08-16"", ""2020-08-17"", ""2020-08-18"", ""2020-08-19"", ""2020-08-20"", ""2020-08-21"", ""2020-08-22"", ""2020-08-23"", ""2020-08-24"", ""2020-08-25"", ""2020-08-26"", ""2020-08-27"", ""2020-08-28"", ""2020-08-29"", ""2020-08-30"", ""2020-08-31"", ""2020-09-01"", ""2020-09-02"", ""2020-09-03"", ""2020-09-04"", ""2020-09-05"", ""2020-09-06"", ""2020-09-07"", ""2020-09-08"", ""2020-09-09"", ""2020-09-10"", ""2020-09-11"", ""2020-09-12"", ""2020-09-13"", ""2020-09-14"", ""2020-09-15"", ""2020-09-16"", ""2020-09-17"", ""2020-09-18"", ""2020-09-19"", ""2020-09-20"", ""2020-09-21"", ""2020-09-22"", ""2020-09-23"", ""2020-09-24"", ""2020-09-25"", ""2020-09-26"", ""2020-09-27"", ""2020-09-28"", ""2021-04-01"", ""2021-04-02"", ""2021-04-03"", ""2021-04-04"", ""2021-04-05"", ""2021-04-06"", ""2021-04-07"", ""2021-04-08"", ""2021-04-09"", ""2021-04-10"", ""2021-04-11"", ""2021-04-12"", ""2021-04-13"", ""2021-04-14"", ""2021-04-15"", ""2021-04-16"", ""2021-04-17"", ""2021-04-18"", ""2021-04-19"", ""2021-04-20"", ""2021-04-21"", ""2021-04-22"", ""2021-04-23"", ""2021-04-24"", ""2021-04-25"", ""2021-04-26"", ""2021-04-27"", ""2021-04-28"", ""2021-04-29"", ""2021-04-30"", ""2021-05-01"", ""2021-05-02"", ""2021-05-03"", ""2021-05-04"", ""2021-05-05"", ""2021-05-06"", ""2021-05-07"", ""2021-05-08"", ""2021-05-09"", ""2021-05-10"", ""2021-05-11"", ""2021-05-12"", ""2021-05-13"", ""2021-05-14"", ""2021-05-15"", ""2021-05-16"", ""2021-05-17"", ""2021-05-18"", ""2021-05-19"", ""2021-05-20"", ""2021-05-21"", ""2021-05-22"", ""2021-05-23"", ""2021-05-24"", ""2021-05-25"", ""2021-05-26"", ""2021-05-27"", ""2021-05-28"", ""2021-05-29"", ""2021-05-30"", ""2021-05-31"", ""2021-06-01"", ""2021-06-02"", ""2021-06-03"", ""2021-06-04"", ""2021-06-05"", ""2021-06-06"", ""2021-06-07"", ""2021-06-08"", ""2021-06-09"", ""2021-06-10"", ""2021-06-11"", ""2021-06-12"", ""2021-06-13"", ""2021-06-14"", ""2021-06-15"", ""2021-06-16"", ""2021-06-17"", ""2021-06-18"", ""2021-06-19"", ""2021-06-20"", ""2021-06-21"", ""2021-06-22"", ""2021-06-23"", ""2021-06-24"", ""2021-06-25"", ""2021-06-26"", ""2021-06-27"", ""2021-06-28"", ""2021-06-29"", ""2022-07-01"", ""2022-07-02"", ""2022-07-03"", ""2022-07-04"", ""2022-07-05"", ""2022-07-06"", ""2022-07-07"", ""2022-07-08"", ""2022-07-09"", ""2022-07-10"", ""2022-07-11"", ""2022-07-12"", ""2022-07-13"", ""2022-07-14"", ""2022-07-15"", ""2022-07-16"", ""2022-07-17"", ""2022-07-18"", ""2022-07-19"", ""2022-07-22"", ""2022-07-23"", ""2022-07-24"", ""2022-07-25"", ""2022-07-26"", ""2022-07-27"", ""2022-07-28"", ""2022-07-29"", ""2022-07-30"", ""2022-07-31"", ""2022-08-01"", ""2022-08-02"", ""2022-08-03"", ""2022-08-04"", ""2022-08-05"", ""2022-08-06"", ""2022-08-07"", ""2022-08-08"", ""2022-08-09"", ""2022-08-10"", ""2022-08-11"", ""2022-08-12"", ""2022-08-13"", ""2022-08-14"", ""2022-08-15"", ""2022-08-16"", ""2022-08-17"", ""2022-08-18"", ""2022-08-19"", ""2022-08-20"", ""2022-08-21"", ""2022-08-22"", ""2022-08-23"", ""2022-08-24"", ""2022-08-25"", ""2022-08-26"", ""2022-08-27"", ""2022-08-28"", ""2022-08-29"", ""2022-08-30"", ""2022-08-31"", ""2022-09-01"", ""2022-09-02"", ""2022-09-03"", ""2022-09-04"", ""2022-09-05"", ""2022-09-06"", ""2022-09-07"", ""2022-09-08"", ""2022-09-09"", ""2022-09-10"", ""2022-09-11"", ""2022-09-12"", ""2022-09-13"", ""2022-09-14"", ""2022-09-15"", ""2022-09-16"", ""2022-09-17"", ""2022-09-18"", ""2022-09-19"", ""2022-09-20"", ""2022-09-21"", ""2022-09-22"", ""2022-09-23"", ""2022-09-24"", ""2022-09-25"", ""2022-09-26"", ""2022-09-27"", ""2022-09-28"", ""2025-05-01"", ""2025-05-02"", ""2025-05-03"", ""2025-05-04"", ""2025-05-05"", ""2025-05-06"", ""2025-05-07"", ""2025-05-08"", ""2025-05-09"", ""2025-05-10"", ""2025-05-11"", ""2025-05-12"", ""2025-05-13"", ""2025-05-14"", ""2025-05-15"", ""2025-05-16"", ""2025-05-17"", ""2025-05-18"", ""2025-05-19"", ""2025-05-20"", ""2025-05-21"", ""2025-05-22"", ""2025-05-23"", ""2025-05-24"", ""2025-05-25"", ""2025-05-26"", ""2025-05-27"", ""2025-05-28"", ""2025-05-29"", ""2025-05-30"", ""2025-05-31"", ""2025-06-01"", ""2025-06-02"", ""2025-06-03"", ""2025-06-04"", ""2025-06-05"", ""2025-06-06"", ""2025-06-07"", ""2025-06-08"", ""2025-06-09"", ""2025-06-10"", ""2025-06-11"", ""2025-06-12"", ""2025-06-13"", ""2025-06-14"", ""2025-06-15"", ""2025-06-16"", ""2025-06-17"", ""2025-06-18"", ""2025-06-19"", ""2025-06-20"", ""2025-06-21"", ""2025-06-22"", ""2025-06-23"", ""2025-06-24"", ""2025-06-25"", ""2025-06-26"", ""2025-06-27"", ""2025-06-28"", ""2025-06-29"", ""2025-06-30"", ""2025-07-01"", ""2025-07-02"", ""2025-07-03"", ""2025-07-04"", ""2025-07-05"", ""2025-07-06"", ""2025-07-07"", ""2025-07-08"", ""2025-07-09"", ""2025-07-10"", ""2025-07-11"", ""2025-07-12"", ""2025-07-13"", ""2025-07-14"", ""2025-07-15"", ""2025-07-16"", ""2025-07-17"", ""2025-07-18"", ""2025-07-19"", ""2025-07-20"", ""2025-07-21"", ""2025-07-22"", ""2025-07-23"", ""2025-07-24"", ""2025-07-25"", ""2025-07-26"", ""2025-07-27"", ""2025-07-28"", ""2025-07-29"", ""2026-01-08"", ""2026-01-09"", ""2026-01-10"", ""2026-01-11"", ""2026-01-12"", ""2026-01-13"", ""2026-01-14"", ""2026-01-15"", ""2026-01-16"", ""2026-01-17"", ""2026-01-18"", ""2026-01-19"", ""2026-01-20"", ""2026-01-21"", ""2026-01-22"", ""2026-01-23"", ""2026-01-24"", ""2026-01-25"", ""2026-01-26"", ""2026-01-27"", ""2026-01-28"", ""2026-01-29"", ""2026-01-30"", ""2026-01-31"", ""2026-02-01"", ""2026-02-02"", ""2026-02-03"", ""2026-02-04"", ""2026-02-05"", ""2026-02-06"", ""2026-02-07"", ""2026-02-08"", ""2026-02-09"", ""2026-02-10"", ""2026-02-11"", ""2026-02-12"", ""2026-02-13"", ""2026-02-14"", ""2026-02-15"", ""2026-02-16"", ""2026-02-17"", ""2026-02-18"", ""2026-02-19"", ""2026-02-20"", ""2026-02-21"", ""2026-02-22"", ""2026-02-23"", ""2026-02-24"", ""2026-02-25"", ""2026-02-26"", ""2026-02-27"", ""2026-02-28"", ""2026-03-01"", ""2026-03-02"", ""2026-03-03"", ""2026-03-04"", ""2026-03-05"", ""2026-03-06"", ""2026-03-07"", ""2026-03-08"", ""2026-03-09"", ""2026-03-10"", ""2026-03-11"", ""2026-03-12"", ""2026-03-13"", ""2026-03-14"", ""2026-03-15"", ""2026-03-16"", ""2026-03-17"", ""2026-03-18"", ""2026-03-19"", ""2026-03-20"", ""2026-03-21"", ""2026-03-22"", ""2026-03-23"", ""2026-03-24"", ""2026-03-25"", ""2026-03-26"", ""2026-03-27"", ""2026-03-28"", ""2026-03-29"", ""2026-03-30"", ""2026-03-31"", ""2026-04-01"", ""2026-04-02"", ""2026-04-03"", ""2026-04-04"", ""2026-04-05"", ""2026-04-06"", ""2026-04-07""]",,,,,0.5565019484474124,0.532746456055837,,
HG,per_fold,fold_1,2160.0,90.0,2020-07-01,2020-09-28,5.253924602538004,8.812990569592358,3.208235420275873,1.6041177101379365,5.177961128221587,0.07596347431641742,0.3751897244250987,4.264975100695117,3.8487421475544665,0.0,0.0,0.48148148148148145,1040.0,579.0,541.0,7.296703760870162,6.455306567772553,13.089380437717987,0.7824074074074074,1690.0,229.0,241.0,16.756396721996037,14.731031327824969,32.95858629449294,0.9337962962962963,2017.0,59.0,84.0,29.16498825829782,25.137013705131054,59.423401849198704,"[""2020-07-01"", ""2020-07-02"", ""2020-07-03"", ""2020-07-04"", ""2020-07-05"", ""2020-07-06"", ""2020-07-07"", ""2020-07-08"", ""2020-07-09"", ""2020-07-10"", ""2020-07-11"", ""2020-07-12"", ""2020-07-13"", ""2020-07-14"", ""2020-07-15"", ""2020-07-16"", ""2020-07-17"", ""2020-07-18"", ""2020-07-19"", ""2020-07-20"", ""2020-07-21"", ""2020-07-22"", ""2020-07-23"", ""2020-07-24"", ""2020-07-25"", ""2020-07-26"", ""2020-07-27"", ""2020-07-28"", ""2020-07-29"", ""2020-07-30"", ""2020-07-31"", ""2020-08-01"", ""2020-08-02"", ""2020-08-03"", ""2020-08-04"", ""2020-08-05"", ""2020-08-06"", ""2020-08-07"", ""2020-08-08"", ""2020-08-09"", ""2020-08-10"", ""2020-08-11"", ""2020-08-12"", ""2020-08-13"", ""2020-08-14"", ""2020-08-15"", ""2020-08-16"", ""2020-08-17"", ""2020-08-18"", ""2020-08-19"", ""2020-08-20"", ""2020-08-21"", ""2020-08-22"", ""2020-08-23"", ""2020-08-24"", ""2020-08-25"", ""2020-08-26"", ""2020-08-27"", ""2020-08-28"", ""2020-08-29"", ""2020-08-30"", ""2020-08-31"", ""2020-09-01"", ""2020-09-02"", ""2020-09-03"", ""2020-09-04"", ""2020-09-05"", ""2020-09-06"", ""2020-09-07"", ""2020-09-08"", ""2020-09-09"", ""2020-09-10"", ""2020-09-11"", ""2020-09-12"", ""2020-09-13"", ""2020-09-14"", ""2020-09-15"", ""2020-09-16"", ""2020-09-17"", ""2020-09-18"", ""2020-09-19"", ""2020-09-20"", ""2020-09-21"", ""2020-09-22"", ""2020-09-23"", ""2020-09-24"", ""2020-09-25"", ""2020-09-26"", ""2020-09-27"", ""2020-09-28""]",2020-07-01,2020-09-28,90.0,False,,,,
HG,per_fold,fold_2,2159.0,90.0,2021-04-01,2021-06-29,8.380965193656028,12.491775498487348,5.13448166723657,2.5672408336182846,8.469498783382372,-0.08853358972634334,1.0755348895923906,6.537363741937683,5.90449929346186,0.0,0.0,0.5257063455303381,1135.0,509.0,515.0,12.877203600236964,12.148352862978996,22.605869273882902,0.7999073645206114,1727.0,212.0,220.0,28.24302346230464,25.63728635471773,50.61430976495946,0.9351551644279759,2019.0,68.0,72.0,55.97013875145248,50.792718686471005,97.0129706202205,"[""2021-04-01"", ""2021-04-02"", ""2021-04-03"", ""2021-04-04"", ""2021-04-05"", ""2021-04-06"", ""2021-04-07"", ""2021-04-08"", ""2021-04-09"", ""2021-04-10"", ""2021-04-11"", ""2021-04-12"", ""2021-04-13"", ""2021-04-14"", ""2021-04-15"", ""2021-04-16"", ""2021-04-17"", ""2021-04-18"", ""2021-04-19"", ""2021-04-20"", ""2021-04-21"", ""2021-04-22"", ""2021-04-23"", ""2021-04-24"", ""2021-04-25"", ""2021-04-26"", ""2021-04-27"", ""2021-04-28"", ""2021-04-29"", ""2021-04-30"", ""2021-05-01"", ""2021-05-02"", ""2021-05-03"", ""2021-05-04"", ""2021-05-05"", ""2021-05-06"", ""2021-05-07"", ""2021-05-08"", ""2021-05-09"", ""2021-05-10"", ""2021-05-11"", ""2021-05-12"", ""2021-05-13"", ""2021-05-14"", ""2021-05-15"", ""2021-05-16"", ""2021-05-17"", ""2021-05-18"", ""2021-05-19"", ""2021-05-20"", ""2021-05-21"", ""2021-05-22"", ""2021-05-23"", ""2021-05-24"", ""2021-05-25"", ""2021-05-26"", ""2021-05-27"", ""2021-05-28"", ""2021-05-29"", ""2021-05-30"", ""2021-05-31"", ""2021-06-01"", ""2021-06-02"", ""2021-06-03"", ""2021-06-04"", ""2021-06-05"", ""2021-06-06"", ""2021-06-07"", ""2021-06-08"", ""2021-06-09"", ""2021-06-10"", ""2021-06-11"", ""2021-06-12"", ""2021-06-13"", ""2021-06-14"", ""2021-06-15"", ""2021-06-16"", ""2021-06-17"", ""2021-06-18"", ""2021-06-19"", ""2021-06-20"", ""2021-06-21"", ""2021-06-22"", ""2021-06-23"", ""2021-06-24"", ""2021-06-25"", ""2021-06-26"", ""2021-06-27"", ""2021-06-28"", ""2021-06-29""]",2021-04-01,2021-06-29,90.0,False,,,,
HG,per_fold,fold_3,2112.0,88.0,2022-07-01,2022-09-28,48.035385691213605,64.68671223507418,27.791822265728936,13.895911132864468,46.72045648768586,1.3149292035277576,7.42599385087807,40.063162493810864,30.809947729697658,0.0,0.0,0.47679924242424243,1007.0,582.0,523.0,70.75962852490777,68.69924596514329,105.72674065527919,0.7817234848484849,1651.0,241.0,220.0,154.9693193955931,150.63831120274614,228.54792426596586,0.9360795454545454,1977.0,62.0,73.0,272.8984528212783,258.73539304931705,420.30683806917574,"[""2022-07-01"", ""2022-07-02"", ""2022-07-03"", ""2022-07-04"", ""2022-07-05"", ""2022-07-06"", ""2022-07-07"", ""2022-07-08"", ""2022-07-09"", ""2022-07-10"", ""2022-07-11"", ""2022-07-12"", ""2022-07-13"", ""2022-07-14"", ""2022-07-15"", ""2022-07-16"", ""2022-07-17"", ""2022-07-18"", ""2022-07-19"", ""2022-07-22"", ""2022-07-23"", ""2022-07-24"", ""2022-07-25"", ""2022-07-26"", ""2022-07-27"", ""2022-07-28"", ""2022-07-29"", ""2022-07-30"", ""2022-07-31"", ""2022-08-01"", ""2022-08-02"", ""2022-08-03"", ""2022-08-04"", ""2022-08-05"", ""2022-08-06"", ""2022-08-07"", ""2022-08-08"", ""2022-08-09"", ""2022-08-10"", ""2022-08-11"", ""2022-08-12"", ""2022-08-13"", ""2022-08-14"", ""2022-08-15"", ""2022-08-16"", ""2022-08-17"", ""2022-08-18"", ""2022-08-19"", ""2022-08-20"", ""2022-08-21"", ""2022-08-22"", ""2022-08-23"", ""2022-08-24"", ""2022-08-25"", ""2022-08-26"", ""2022-08-27"", ""2022-08-28"", ""2022-08-29"", ""2022-08-30"", ""2022-08-31"", ""2022-09-01"", ""2022-09-02"", ""2022-09-03"", ""2022-09-04"", ""2022-09-05"", ""2022-09-06"", ""2022-09-07"", ""2022-09-08"", ""2022-09-09"", ""2022-09-10"", ""2022-09-11"", ""2022-09-12"", ""2022-09-13"", ""2022-09-14"", ""2022-09-15"", ""2022-09-16"", ""2022-09-17"", ""2022-09-18"", ""2022-09-19"", ""2022-09-20"", ""2022-09-21"", ""2022-09-22"", ""2022-09-23"", ""2022-09-24"", ""2022-09-25"", ""2022-09-26"", ""2022-09-27"", ""2022-09-28""]",2022-07-01,2022-09-28,90.0,True,,,,
HG,per_fold,fold_4,2160.0,90.0,2025-05-01,2025-07-29,14.636119694466323,22.036093250538748,8.517781550107456,4.258890775053728,14.620590740313636,0.015528954152683962,-0.1757680630979138,8.515927172535417,13.009494156840224,0.0,0.0,0.4777777777777778,1032.0,551.0,577.0,21.28499940626349,21.078888461511077,32.94855597701228,0.7805555555555556,1686.0,231.0,243.0,43.48491685232683,43.067824616836944,65.71760320916921,0.9324074074074075,2014.0,70.0,76.0,76.32844781427708,74.90059259149916,113.41524749706849,"[""2025-05-01"", ""2025-05-02"", ""2025-05-03"", ""2025-05-04"", ""2025-05-05"", ""2025-05-06"", ""2025-05-07"", ""2025-05-08"", ""2025-05-09"", ""2025-05-10"", ""2025-05-11"", ""2025-05-12"", ""2025-05-13"", ""2025-05-14"", ""2025-05-15"", ""2025-05-16"", ""2025-05-17"", ""2025-05-18"", ""2025-05-19"", ""2025-05-20"", ""2025-05-21"", ""2025-05-22"", ""2025-05-23"", ""2025-05-24"", ""2025-05-25"", ""2025-05-26"", ""2025-05-27"", ""2025-05-28"", ""2025-05-29"", ""2025-05-30"", ""2025-05-31"", ""2025-06-01"", ""2025-06-02"", ""2025-06-03"", ""2025-06-04"", ""2025-06-05"", ""2025-06-06"", ""2025-06-07"", ""2025-06-08"", ""2025-06-09"", ""2025-06-10"", ""2025-06-11"", ""2025-06-12"", ""2025-06-13"", ""2025-06-14"", ""2025-06-15"", ""2025-06-16"", ""2025-06-17"", ""2025-06-18"", ""2025-06-19"", ""2025-06-20"", ""2025-06-21"", ""2025-06-22"", ""2025-06-23"", ""2025-06-24"", ""2025-06-25"", ""2025-06-26"", ""2025-06-27"", ""2025-06-28"", ""2025-06-29"", ""2025-06-30"", ""2025-07-01"", ""2025-07-02"", ""2025-07-03"", ""2025-07-04"", ""2025-07-05"", ""2025-07-06"", ""2025-07-07"", ""2025-07-08"", ""2025-07-09"", ""2025-07-10"", ""2025-07-11"", ""2025-07-12"", ""2025-07-13"", ""2025-07-14"", ""2025-07-15"", ""2025-07-16"", ""2025-07-17"", ""2025-07-18"", ""2025-07-19"", ""2025-07-20"", ""2025-07-21"", ""2025-07-22"", ""2025-07-23"", ""2025-07-24"", ""2025-07-25"", ""2025-07-26"", ""2025-07-27"", ""2025-07-28"", ""2025-07-29""]",2025-05-01,2025-07-29,90.0,False,,,,
HG,per_fold,fold_5,2156.0,90.0,2026-01-08,2026-04-07,15.640309999597784,22.420935792747507,9.052235002444618,4.526117501222309,15.450216493094704,0.1900935065030809,-0.9036928602354997,11.65347368353121,11.997866890216143,0.0,0.0,0.5064935064935064,1092.0,526.0,538.0,24.452943576680283,24.68810336300539,41.27301483296195,0.812152133580705,1751.0,199.0,206.0,52.69165865651718,54.41974460842144,86.87369815715405,0.950834879406308,2050.0,44.0,62.0,100.5255684590993,100.79273155048614,170.85470083779845,"[""2026-01-08"", ""2026-01-09"", ""2026-01-10"", ""2026-01-11"", ""2026-01-12"", ""2026-01-13"", ""2026-01-14"", ""2026-01-15"", ""2026-01-16"", ""2026-01-17"", ""2026-01-18"", ""2026-01-19"", ""2026-01-20"", ""2026-01-21"", ""2026-01-22"", ""2026-01-23"", ""2026-01-24"", ""2026-01-25"", ""2026-01-26"", ""2026-01-27"", ""2026-01-28"", ""2026-01-29"", ""2026-01-30"", ""2026-01-31"", ""2026-02-01"", ""2026-02-02"", ""2026-02-03"", ""2026-02-04"", ""2026-02-05"", ""2026-02-06"", ""2026-02-07"", ""2026-02-08"", ""2026-02-09"", ""2026-02-10"", ""2026-02-11"", ""2026-02-12"", ""2026-02-13"", ""2026-02-14"", ""2026-02-15"", ""2026-02-16"", ""2026-02-17"", ""2026-02-18"", ""2026-02-19"", ""2026-02-20"", ""2026-02-21"", ""2026-02-22"", ""2026-02-23"", ""2026-02-24"", ""2026-02-25"", ""2026-02-26"", ""2026-02-27"", ""2026-02-28"", ""2026-03-01"", ""2026-03-02"", ""2026-03-03"", ""2026-03-04"", ""2026-03-05"", ""2026-03-06"", ""2026-03-07"", ""2026-03-08"", ""2026-03-09"", ""2026-03-10"", ""2026-03-11"", ""2026-03-12"", ""2026-03-13"", ""2026-03-14"", ""2026-03-15"", ""2026-03-16"", ""2026-03-17"", ""2026-03-18"", ""2026-03-19"", ""2026-03-20"", ""2026-03-21"", ""2026-03-22"", ""2026-03-23"", ""2026-03-24"", ""2026-03-25"", ""2026-03-26"", ""2026-03-27"", ""2026-03-28"", ""2026-03-29"", ""2026-03-30"", ""2026-03-31"", ""2026-04-01"", ""2026-04-02"", ""2026-04-03"", ""2026-04-04"", ""2026-04-05"", ""2026-04-06"", ""2026-04-07""]",2026-01-08,2026-04-07,90.0,False,,,,
HGL,pooled,all,10747.0,448.0,2020-07-01,2026-04-07,17.549693593320555,31.492300619031436,10.23606326165729,5.118031630828645,17.244508915666433,0.3051846776541193,1.3919681960688854,13.72704969470394,12.171382753413619,0.0,0.0,0.496138457243882,5332.0,2735.0,2680.0,26.328242357115077,16.842169484914876,84.72064410701334,0.7904531497161998,8495.0,1107.0,1145.0,56.139984005350115,36.22894871819814,180.00664036810116,0.9392388573555411,10094.0,312.0,341.0,101.91577182718189,70.10464582964495,307.60619151940045,"[""2020-07-01"", ""2020-07-02"", ""2020-07-03"", ""2020-07-04"", ""2020-07-05"", ""2020-07-06"", ""2020-07-07"", ""2020-07-08"", ""2020-07-09"", ""2020-07-10"", ""2020-07-11"", ""2020-07-12"", ""2020-07-13"", ""2020-07-14"", ""2020-07-15"", ""2020-07-16"", ""2020-07-17"", ""2020-07-18"", ""2020-07-19"", ""2020-07-20"", ""2020-07-21"", ""2020-07-22"", ""2020-07-23"", ""2020-07-24"", ""2020-07-25"", ""2020-07-26"", ""2020-07-27"", ""2020-07-28"", ""2020-07-29"", ""2020-07-30"", ""2020-07-31"", ""2020-08-01"", ""2020-08-02"", ""2020-08-03"", ""2020-08-04"", ""2020-08-05"", ""2020-08-06"", ""2020-08-07"", ""2020-08-08"", ""2020-08-09"", ""2020-08-10"", ""2020-08-11"", ""2020-08-12"", ""2020-08-13"", ""2020-08-14"", ""2020-08-15"", ""2020-08-16"", ""2020-08-17"", ""2020-08-18"", ""2020-08-19"", ""2020-08-20"", ""2020-08-21"", ""2020-08-22"", ""2020-08-23"", ""2020-08-24"", ""2020-08-25"", ""2020-08-26"", ""2020-08-27"", ""2020-08-28"", ""2020-08-29"", ""2020-08-30"", ""2020-08-31"", ""2020-09-01"", ""2020-09-02"", ""2020-09-03"", ""2020-09-04"", ""2020-09-05"", ""2020-09-06"", ""2020-09-07"", ""2020-09-08"", ""2020-09-09"", ""2020-09-10"", ""2020-09-11"", ""2020-09-12"", ""2020-09-13"", ""2020-09-14"", ""2020-09-15"", ""2020-09-16"", ""2020-09-17"", ""2020-09-18"", ""2020-09-19"", ""2020-09-20"", ""2020-09-21"", ""2020-09-22"", ""2020-09-23"", ""2020-09-24"", ""2020-09-25"", ""2020-09-26"", ""2020-09-27"", ""2020-09-28"", ""2021-04-01"", ""2021-04-02"", ""2021-04-03"", ""2021-04-04"", ""2021-04-05"", ""2021-04-06"", ""2021-04-07"", ""2021-04-08"", ""2021-04-09"", ""2021-04-10"", ""2021-04-11"", ""2021-04-12"", ""2021-04-13"", ""2021-04-14"", ""2021-04-15"", ""2021-04-16"", ""2021-04-17"", ""2021-04-18"", ""2021-04-19"", ""2021-04-20"", ""2021-04-21"", ""2021-04-22"", ""2021-04-23"", ""2021-04-24"", ""2021-04-25"", ""2021-04-26"", ""2021-04-27"", ""2021-04-28"", ""2021-04-29"", ""2021-04-30"", ""2021-05-01"", ""2021-05-02"", ""2021-05-03"", ""2021-05-04"", ""2021-05-05"", ""2021-05-06"", ""2021-05-07"", ""2021-05-08"", ""2021-05-09"", ""2021-05-10"", ""2021-05-11"", ""2021-05-12"", ""2021-05-13"", ""2021-05-14"", ""2021-05-15"", ""2021-05-16"", ""2021-05-17"", ""2021-05-18"", ""2021-05-19"", ""2021-05-20"", ""2021-05-21"", ""2021-05-22"", ""2021-05-23"", ""2021-05-24"", ""2021-05-25"", ""2021-05-26"", ""2021-05-27"", ""2021-05-28"", ""2021-05-29"", ""2021-05-30"", ""2021-05-31"", ""2021-06-01"", ""2021-06-02"", ""2021-06-03"", ""2021-06-04"", ""2021-06-05"", ""2021-06-06"", ""2021-06-07"", ""2021-06-08"", ""2021-06-09"", ""2021-06-10"", ""2021-06-11"", ""2021-06-12"", ""2021-06-13"", ""2021-06-14"", ""2021-06-15"", ""2021-06-16"", ""2021-06-17"", ""2021-06-18"", ""2021-06-19"", ""2021-06-20"", ""2021-06-21"", ""2021-06-22"", ""2021-06-23"", ""2021-06-24"", ""2021-06-25"", ""2021-06-26"", ""2021-06-27"", ""2021-06-28"", ""2021-06-29"", ""2022-07-01"", ""2022-07-02"", ""2022-07-03"", ""2022-07-04"", ""2022-07-05"", ""2022-07-06"", ""2022-07-07"", ""2022-07-08"", ""2022-07-09"", ""2022-07-10"", ""2022-07-11"", ""2022-07-12"", ""2022-07-13"", ""2022-07-14"", ""2022-07-15"", ""2022-07-16"", ""2022-07-17"", ""2022-07-18"", ""2022-07-19"", ""2022-07-22"", ""2022-07-23"", ""2022-07-24"", ""2022-07-25"", ""2022-07-26"", ""2022-07-27"", ""2022-07-28"", ""2022-07-29"", ""2022-07-30"", ""2022-07-31"", ""2022-08-01"", ""2022-08-02"", ""2022-08-03"", ""2022-08-04"", ""2022-08-05"", ""2022-08-06"", ""2022-08-07"", ""2022-08-08"", ""2022-08-09"", ""2022-08-10"", ""2022-08-11"", ""2022-08-12"", ""2022-08-13"", ""2022-08-14"", ""2022-08-15"", ""2022-08-16"", ""2022-08-17"", ""2022-08-18"", ""2022-08-19"", ""2022-08-20"", ""2022-08-21"", ""2022-08-22"", ""2022-08-23"", ""2022-08-24"", ""2022-08-25"", ""2022-08-26"", ""2022-08-27"", ""2022-08-28"", ""2022-08-29"", ""2022-08-30"", ""2022-08-31"", ""2022-09-01"", ""2022-09-02"", ""2022-09-03"", ""2022-09-04"", ""2022-09-05"", ""2022-09-06"", ""2022-09-07"", ""2022-09-08"", ""2022-09-09"", ""2022-09-10"", ""2022-09-11"", ""2022-09-12"", ""2022-09-13"", ""2022-09-14"", ""2022-09-15"", ""2022-09-16"", ""2022-09-17"", ""2022-09-18"", ""2022-09-19"", ""2022-09-20"", ""2022-09-21"", ""2022-09-22"", ""2022-09-23"", ""2022-09-24"", ""2022-09-25"", ""2022-09-26"", ""2022-09-27"", ""2022-09-28"", ""2025-05-01"", ""2025-05-02"", ""2025-05-03"", ""2025-05-04"", ""2025-05-05"", ""2025-05-06"", ""2025-05-07"", ""2025-05-08"", ""2025-05-09"", ""2025-05-10"", ""2025-05-11"", ""2025-05-12"", ""2025-05-13"", ""2025-05-14"", ""2025-05-15"", ""2025-05-16"", ""2025-05-17"", ""2025-05-18"", ""2025-05-19"", ""2025-05-20"", ""2025-05-21"", ""2025-05-22"", ""2025-05-23"", ""2025-05-24"", ""2025-05-25"", ""2025-05-26"", ""2025-05-27"", ""2025-05-28"", ""2025-05-29"", ""2025-05-30"", ""2025-05-31"", ""2025-06-01"", ""2025-06-02"", ""2025-06-03"", ""2025-06-04"", ""2025-06-05"", ""2025-06-06"", ""2025-06-07"", ""2025-06-08"", ""2025-06-09"", ""2025-06-10"", ""2025-06-11"", ""2025-06-12"", ""2025-06-13"", ""2025-06-14"", ""2025-06-15"", ""2025-06-16"", ""2025-06-17"", ""2025-06-18"", ""2025-06-19"", ""2025-06-20"", ""2025-06-21"", ""2025-06-22"", ""2025-06-23"", ""2025-06-24"", ""2025-06-25"", ""2025-06-26"", ""2025-06-27"", ""2025-06-28"", ""2025-06-29"", ""2025-06-30"", ""2025-07-01"", ""2025-07-02"", ""2025-07-03"", ""2025-07-04"", ""2025-07-05"", ""2025-07-06"", ""2025-07-07"", ""2025-07-08"", ""2025-07-09"", ""2025-07-10"", ""2025-07-11"", ""2025-07-12"", ""2025-07-13"", ""2025-07-14"", ""2025-07-15"", ""2025-07-16"", ""2025-07-17"", ""2025-07-18"", ""2025-07-19"", ""2025-07-20"", ""2025-07-21"", ""2025-07-22"", ""2025-07-23"", ""2025-07-24"", ""2025-07-25"", ""2025-07-26"", ""2025-07-27"", ""2025-07-28"", ""2025-07-29"", ""2026-01-08"", ""2026-01-09"", ""2026-01-10"", ""2026-01-11"", ""2026-01-12"", ""2026-01-13"", ""2026-01-14"", ""2026-01-15"", ""2026-01-16"", ""2026-01-17"", ""2026-01-18"", ""2026-01-19"", ""2026-01-20"", ""2026-01-21"", ""2026-01-22"", ""2026-01-23"", ""2026-01-24"", ""2026-01-25"", ""2026-01-26"", ""2026-01-27"", ""2026-01-28"", ""2026-01-29"", ""2026-01-30"", ""2026-01-31"", ""2026-02-01"", ""2026-02-02"", ""2026-02-03"", ""2026-02-04"", ""2026-02-05"", ""2026-02-06"", ""2026-02-07"", ""2026-02-08"", ""2026-02-09"", ""2026-02-10"", ""2026-02-11"", ""2026-02-12"", ""2026-02-13"", ""2026-02-14"", ""2026-02-15"", ""2026-02-16"", ""2026-02-17"", ""2026-02-18"", ""2026-02-19"", ""2026-02-20"", ""2026-02-21"", ""2026-02-22"", ""2026-02-23"", ""2026-02-24"", ""2026-02-25"", ""2026-02-26"", ""2026-02-27"", ""2026-02-28"", ""2026-03-01"", ""2026-03-02"", ""2026-03-03"", ""2026-03-04"", ""2026-03-05"", ""2026-03-06"", ""2026-03-07"", ""2026-03-08"", ""2026-03-09"", ""2026-03-10"", ""2026-03-11"", ""2026-03-12"", ""2026-03-13"", ""2026-03-14"", ""2026-03-15"", ""2026-03-16"", ""2026-03-17"", ""2026-03-18"", ""2026-03-19"", ""2026-03-20"", ""2026-03-21"", ""2026-03-22"", ""2026-03-23"", ""2026-03-24"", ""2026-03-25"", ""2026-03-26"", ""2026-03-27"", ""2026-03-28"", ""2026-03-29"", ""2026-03-30"", ""2026-03-31"", ""2026-04-01"", ""2026-04-02"", ""2026-04-03"", ""2026-04-04"", ""2026-04-05"", ""2026-04-06"", ""2026-04-07""]",,,,,0.5348869009055178,0.5112764464414862,,
HGL,per_fold,fold_1,2160.0,90.0,2020-07-01,2020-09-28,4.930960509642647,8.35417673460615,3.017880239754553,1.5089401198772765,4.83286334481717,0.0980971648254772,0.4047026711089483,4.049573653831344,3.5887970330801435,0.0,0.0,0.4828703703703704,1043.0,581.0,536.0,6.874937787989925,5.988930188795814,12.802970699738594,0.7851851851851852,1696.0,222.0,242.0,15.705021658869596,13.681518604119251,30.80383292538368,0.9375,2025.0,59.0,76.0,27.75536387606643,23.76748473471467,56.25937474915783,"[""2020-07-01"", ""2020-07-02"", ""2020-07-03"", ""2020-07-04"", ""2020-07-05"", ""2020-07-06"", ""2020-07-07"", ""2020-07-08"", ""2020-07-09"", ""2020-07-10"", ""2020-07-11"", ""2020-07-12"", ""2020-07-13"", ""2020-07-14"", ""2020-07-15"", ""2020-07-16"", ""2020-07-17"", ""2020-07-18"", ""2020-07-19"", ""2020-07-20"", ""2020-07-21"", ""2020-07-22"", ""2020-07-23"", ""2020-07-24"", ""2020-07-25"", ""2020-07-26"", ""2020-07-27"", ""2020-07-28"", ""2020-07-29"", ""2020-07-30"", ""2020-07-31"", ""2020-08-01"", ""2020-08-02"", ""2020-08-03"", ""2020-08-04"", ""2020-08-05"", ""2020-08-06"", ""2020-08-07"", ""2020-08-08"", ""2020-08-09"", ""2020-08-10"", ""2020-08-11"", ""2020-08-12"", ""2020-08-13"", ""2020-08-14"", ""2020-08-15"", ""2020-08-16"", ""2020-08-17"", ""2020-08-18"", ""2020-08-19"", ""2020-08-20"", ""2020-08-21"", ""2020-08-22"", ""2020-08-23"", ""2020-08-24"", ""2020-08-25"", ""2020-08-26"", ""2020-08-27"", ""2020-08-28"", ""2020-08-29"", ""2020-08-30"", ""2020-08-31"", ""2020-09-01"", ""2020-09-02"", ""2020-09-03"", ""2020-09-04"", ""2020-09-05"", ""2020-09-06"", ""2020-09-07"", ""2020-09-08"", ""2020-09-09"", ""2020-09-10"", ""2020-09-11"", ""2020-09-12"", ""2020-09-13"", ""2020-09-14"", ""2020-09-15"", ""2020-09-16"", ""2020-09-17"", ""2020-09-18"", ""2020-09-19"", ""2020-09-20"", ""2020-09-21"", ""2020-09-22"", ""2020-09-23"", ""2020-09-24"", ""2020-09-25"", ""2020-09-26"", ""2020-09-27"", ""2020-09-28""]",2020-07-01,2020-09-28,90.0,False,,,,
HGL,per_fold,fold_2,2159.0,90.0,2021-04-01,2021-06-29,7.713016585113509,11.720601147423242,4.786404255399961,2.3932021276999804,7.844646507535272,-0.13162992242176316,1.2780375814873615,6.034702376644601,5.458694012001877,0.0,0.0,0.5312644742936544,1147.0,487.0,525.0,11.688632669401864,10.9187339665326,20.886207468784807,0.8054654932839277,1739.0,199.0,221.0,26.2336679082416,23.871565878331793,47.14950398067498,0.9402501157943493,2030.0,65.0,64.0,53.97505103560987,48.71422079584749,94.82933505700517,"[""2021-04-01"", ""2021-04-02"", ""2021-04-03"", ""2021-04-04"", ""2021-04-05"", ""2021-04-06"", ""2021-04-07"", ""2021-04-08"", ""2021-04-09"", ""2021-04-10"", ""2021-04-11"", ""2021-04-12"", ""2021-04-13"", ""2021-04-14"", ""2021-04-15"", ""2021-04-16"", ""2021-04-17"", ""2021-04-18"", ""2021-04-19"", ""2021-04-20"", ""2021-04-21"", ""2021-04-22"", ""2021-04-23"", ""2021-04-24"", ""2021-04-25"", ""2021-04-26"", ""2021-04-27"", ""2021-04-28"", ""2021-04-29"", ""2021-04-30"", ""2021-05-01"", ""2021-05-02"", ""2021-05-03"", ""2021-05-04"", ""2021-05-05"", ""2021-05-06"", ""2021-05-07"", ""2021-05-08"", ""2021-05-09"", ""2021-05-10"", ""2021-05-11"", ""2021-05-12"", ""2021-05-13"", ""2021-05-14"", ""2021-05-15"", ""2021-05-16"", ""2021-05-17"", ""2021-05-18"", ""2021-05-19"", ""2021-05-20"", ""2021-05-21"", ""2021-05-22"", ""2021-05-23"", ""2021-05-24"", ""2021-05-25"", ""2021-05-26"", ""2021-05-27"", ""2021-05-28"", ""2021-05-29"", ""2021-05-30"", ""2021-05-31"", ""2021-06-01"", ""2021-06-02"", ""2021-06-03"", ""2021-06-04"", ""2021-06-05"", ""2021-06-06"", ""2021-06-07"", ""2021-06-08"", ""2021-06-09"", ""2021-06-10"", ""2021-06-11"", ""2021-06-12"", ""2021-06-13"", ""2021-06-14"", ""2021-06-15"", ""2021-06-16"", ""2021-06-17"", ""2021-06-18"", ""2021-06-19"", ""2021-06-20"", ""2021-06-21"", ""2021-06-22"", ""2021-06-23"", ""2021-06-24"", ""2021-06-25"", ""2021-06-26"", ""2021-06-27"", ""2021-06-28"", ""2021-06-29""]",2021-04-01,2021-06-29,90.0,False,,,,
HGL,per_fold,fold_3,2112.0,88.0,2022-07-01,2022-09-28,47.02773874828664,62.51338338405236,27.01096309573922,13.50548154786961,45.85877868309296,1.1689600651936802,6.6202946132040195,39.80259908311948,28.929546119270217,0.0,0.0,0.48011363636363635,1014.0,598.0,500.0,70.81534159693744,67.88101809542195,109.78709103721438,0.775094696969697,1637.0,255.0,220.0,150.88570640796237,143.4510818413042,231.4811250164417,0.9332386363636364,1971.0,73.0,68.0,261.7259043751833,246.15764766223208,405.97469043393187,"[""2022-07-01"", ""2022-07-02"", ""2022-07-03"", ""2022-07-04"", ""2022-07-05"", ""2022-07-06"", ""2022-07-07"", ""2022-07-08"", ""2022-07-09"", ""2022-07-10"", ""2022-07-11"", ""2022-07-12"", ""2022-07-13"", ""2022-07-14"", ""2022-07-15"", ""2022-07-16"", ""2022-07-17"", ""2022-07-18"", ""2022-07-19"", ""2022-07-22"", ""2022-07-23"", ""2022-07-24"", ""2022-07-25"", ""2022-07-26"", ""2022-07-27"", ""2022-07-28"", ""2022-07-29"", ""2022-07-30"", ""2022-07-31"", ""2022-08-01"", ""2022-08-02"", ""2022-08-03"", ""2022-08-04"", ""2022-08-05"", ""2022-08-06"", ""2022-08-07"", ""2022-08-08"", ""2022-08-09"", ""2022-08-10"", ""2022-08-11"", ""2022-08-12"", ""2022-08-13"", ""2022-08-14"", ""2022-08-15"", ""2022-08-16"", ""2022-08-17"", ""2022-08-18"", ""2022-08-19"", ""2022-08-20"", ""2022-08-21"", ""2022-08-22"", ""2022-08-23"", ""2022-08-24"", ""2022-08-25"", ""2022-08-26"", ""2022-08-27"", ""2022-08-28"", ""2022-08-29"", ""2022-08-30"", ""2022-08-31"", ""2022-09-01"", ""2022-09-02"", ""2022-09-03"", ""2022-09-04"", ""2022-09-05"", ""2022-09-06"", ""2022-09-07"", ""2022-09-08"", ""2022-09-09"", ""2022-09-10"", ""2022-09-11"", ""2022-09-12"", ""2022-09-13"", ""2022-09-14"", ""2022-09-15"", ""2022-09-16"", ""2022-09-17"", ""2022-09-18"", ""2022-09-19"", ""2022-09-20"", ""2022-09-21"", ""2022-09-22"", ""2022-09-23"", ""2022-09-24"", ""2022-09-25"", ""2022-09-26"", ""2022-09-27"", ""2022-09-28""]",2022-07-01,2022-09-28,90.0,True,,,,
HGL,per_fold,fold_4,2160.0,90.0,2025-05-01,2025-07-29,13.772374557966877,21.172808936315068,8.046634538327039,4.0233172691635195,13.610595534854177,0.16177902311269948,-0.23109922116107867,8.183675355813552,12.05563456459346,0.0,0.0,0.4828703703703704,1043.0,527.0,590.0,20.14922369783441,20.30191026728038,31.32101831864657,0.7828703703703703,1691.0,219.0,250.0,40.46711942051263,39.84140217422841,60.74508725793375,0.9337962962962963,2017.0,68.0,75.0,73.33411278392028,71.70553815438896,109.73080183837222,"[""2025-05-01"", ""2025-05-02"", ""2025-05-03"", ""2025-05-04"", ""2025-05-05"", ""2025-05-06"", ""2025-05-07"", ""2025-05-08"", ""2025-05-09"", ""2025-05-10"", ""2025-05-11"", ""2025-05-12"", ""2025-05-13"", ""2025-05-14"", ""2025-05-15"", ""2025-05-16"", ""2025-05-17"", ""2025-05-18"", ""2025-05-19"", ""2025-05-20"", ""2025-05-21"", ""2025-05-22"", ""2025-05-23"", ""2025-05-24"", ""2025-05-25"", ""2025-05-26"", ""2025-05-27"", ""2025-05-28"", ""2025-05-29"", ""2025-05-30"", ""2025-05-31"", ""2025-06-01"", ""2025-06-02"", ""2025-06-03"", ""2025-06-04"", ""2025-06-05"", ""2025-06-06"", ""2025-06-07"", ""2025-06-08"", ""2025-06-09"", ""2025-06-10"", ""2025-06-11"", ""2025-06-12"", ""2025-06-13"", ""2025-06-14"", ""2025-06-15"", ""2025-06-16"", ""2025-06-17"", ""2025-06-18"", ""2025-06-19"", ""2025-06-20"", ""2025-06-21"", ""2025-06-22"", ""2025-06-23"", ""2025-06-24"", ""2025-06-25"", ""2025-06-26"", ""2025-06-27"", ""2025-06-28"", ""2025-06-29"", ""2025-06-30"", ""2025-07-01"", ""2025-07-02"", ""2025-07-03"", ""2025-07-04"", ""2025-07-05"", ""2025-07-06"", ""2025-07-07"", ""2025-07-08"", ""2025-07-09"", ""2025-07-10"", ""2025-07-11"", ""2025-07-12"", ""2025-07-13"", ""2025-07-14"", ""2025-07-15"", ""2025-07-16"", ""2025-07-17"", ""2025-07-18"", ""2025-07-19"", ""2025-07-20"", ""2025-07-21"", ""2025-07-22"", ""2025-07-23"", ""2025-07-24"", ""2025-07-25"", ""2025-07-26"", ""2025-07-27"", ""2025-07-28"", ""2025-07-29""]",2025-05-01,2025-07-29,90.0,False,,,,
HGL,per_fold,fold_5,2156.0,90.0,2026-01-08,2026-04-07,14.950077113978647,21.42126070880626,8.685815912228607,4.342907956114304,14.702473909144745,0.24760320483390202,-1.0003926763697557,11.144154657186636,11.19172375888239,0.0,0.0,0.5032467532467533,1085.0,542.0,529.0,23.08890186297059,23.64942347344676,39.126205045162266,0.8033395176252319,1732.0,212.0,212.0,49.487700568887796,50.3491285796764,81.77106119382375,0.9512987012987013,2051.0,47.0,58.0,96.30718228890706,96.93222802404625,160.11653915543695,"[""2026-01-08"", ""2026-01-09"", ""2026-01-10"", ""2026-01-11"", ""2026-01-12"", ""2026-01-13"", ""2026-01-14"", ""2026-01-15"", ""2026-01-16"", ""2026-01-17"", ""2026-01-18"", ""2026-01-19"", ""2026-01-20"", ""2026-01-21"", ""2026-01-22"", ""2026-01-23"", ""2026-01-24"", ""2026-01-25"", ""2026-01-26"", ""2026-01-27"", ""2026-01-28"", ""2026-01-29"", ""2026-01-30"", ""2026-01-31"", ""2026-02-01"", ""2026-02-02"", ""2026-02-03"", ""2026-02-04"", ""2026-02-05"", ""2026-02-06"", ""2026-02-07"", ""2026-02-08"", ""2026-02-09"", ""2026-02-10"", ""2026-02-11"", ""2026-02-12"", ""2026-02-13"", ""2026-02-14"", ""2026-02-15"", ""2026-02-16"", ""2026-02-17"", ""2026-02-18"", ""2026-02-19"", ""2026-02-20"", ""2026-02-21"", ""2026-02-22"", ""2026-02-23"", ""2026-02-24"", ""2026-02-25"", ""2026-02-26"", ""2026-02-27"", ""2026-02-28"", ""2026-03-01"", ""2026-03-02"", ""2026-03-03"", ""2026-03-04"", ""2026-03-05"", ""2026-03-06"", ""2026-03-07"", ""2026-03-08"", ""2026-03-09"", ""2026-03-10"", ""2026-03-11"", ""2026-03-12"", ""2026-03-13"", ""2026-03-14"", ""2026-03-15"", ""2026-03-16"", ""2026-03-17"", ""2026-03-18"", ""2026-03-19"", ""2026-03-20"", ""2026-03-21"", ""2026-03-22"", ""2026-03-23"", ""2026-03-24"", ""2026-03-25"", ""2026-03-26"", ""2026-03-27"", ""2026-03-28"", ""2026-03-29"", ""2026-03-30"", ""2026-03-31"", ""2026-04-01"", ""2026-04-02"", ""2026-04-03"", ""2026-04-04"", ""2026-04-05"", ""2026-04-06"", ""2026-04-07""]",2026-01-08,2026-04-07,90.0,False,,,,
R,pooled,all,10747.0,448.0,2020-07-01,2026-04-07,17.520429664636808,31.385885947856043,10.248430843718442,5.124215421859221,17.257797381826734,0.2626322828100777,1.4995799339425728,13.757247132542563,12.085586462340942,0.0,0.0,0.48943891318507493,5260.0,2795.0,2692.0,26.26761320175705,16.656463438466147,84.49323939403315,0.7902670512701219,8493.0,1095.0,1159.0,56.04493698593208,36.31028615815572,177.51497614084334,0.9375639713408394,10076.0,318.0,353.0,101.78073525488523,70.20893465112704,303.50949964609555,"[""2020-07-01"", ""2020-07-02"", ""2020-07-03"", ""2020-07-04"", ""2020-07-05"", ""2020-07-06"", ""2020-07-07"", ""2020-07-08"", ""2020-07-09"", ""2020-07-10"", ""2020-07-11"", ""2020-07-12"", ""2020-07-13"", ""2020-07-14"", ""2020-07-15"", ""2020-07-16"", ""2020-07-17"", ""2020-07-18"", ""2020-07-19"", ""2020-07-20"", ""2020-07-21"", ""2020-07-22"", ""2020-07-23"", ""2020-07-24"", ""2020-07-25"", ""2020-07-26"", ""2020-07-27"", ""2020-07-28"", ""2020-07-29"", ""2020-07-30"", ""2020-07-31"", ""2020-08-01"", ""2020-08-02"", ""2020-08-03"", ""2020-08-04"", ""2020-08-05"", ""2020-08-06"", ""2020-08-07"", ""2020-08-08"", ""2020-08-09"", ""2020-08-10"", ""2020-08-11"", ""2020-08-12"", ""2020-08-13"", ""2020-08-14"", ""2020-08-15"", ""2020-08-16"", ""2020-08-17"", ""2020-08-18"", ""2020-08-19"", ""2020-08-20"", ""2020-08-21"", ""2020-08-22"", ""2020-08-23"", ""2020-08-24"", ""2020-08-25"", ""2020-08-26"", ""2020-08-27"", ""2020-08-28"", ""2020-08-29"", ""2020-08-30"", ""2020-08-31"", ""2020-09-01"", ""2020-09-02"", ""2020-09-03"", ""2020-09-04"", ""2020-09-05"", ""2020-09-06"", ""2020-09-07"", ""2020-09-08"", ""2020-09-09"", ""2020-09-10"", ""2020-09-11"", ""2020-09-12"", ""2020-09-13"", ""2020-09-14"", ""2020-09-15"", ""2020-09-16"", ""2020-09-17"", ""2020-09-18"", ""2020-09-19"", ""2020-09-20"", ""2020-09-21"", ""2020-09-22"", ""2020-09-23"", ""2020-09-24"", ""2020-09-25"", ""2020-09-26"", ""2020-09-27"", ""2020-09-28"", ""2021-04-01"", ""2021-04-02"", ""2021-04-03"", ""2021-04-04"", ""2021-04-05"", ""2021-04-06"", ""2021-04-07"", ""2021-04-08"", ""2021-04-09"", ""2021-04-10"", ""2021-04-11"", ""2021-04-12"", ""2021-04-13"", ""2021-04-14"", ""2021-04-15"", ""2021-04-16"", ""2021-04-17"", ""2021-04-18"", ""2021-04-19"", ""2021-04-20"", ""2021-04-21"", ""2021-04-22"", ""2021-04-23"", ""2021-04-24"", ""2021-04-25"", ""2021-04-26"", ""2021-04-27"", ""2021-04-28"", ""2021-04-29"", ""2021-04-30"", ""2021-05-01"", ""2021-05-02"", ""2021-05-03"", ""2021-05-04"", ""2021-05-05"", ""2021-05-06"", ""2021-05-07"", ""2021-05-08"", ""2021-05-09"", ""2021-05-10"", ""2021-05-11"", ""2021-05-12"", ""2021-05-13"", ""2021-05-14"", ""2021-05-15"", ""2021-05-16"", ""2021-05-17"", ""2021-05-18"", ""2021-05-19"", ""2021-05-20"", ""2021-05-21"", ""2021-05-22"", ""2021-05-23"", ""2021-05-24"", ""2021-05-25"", ""2021-05-26"", ""2021-05-27"", ""2021-05-28"", ""2021-05-29"", ""2021-05-30"", ""2021-05-31"", ""2021-06-01"", ""2021-06-02"", ""2021-06-03"", ""2021-06-04"", ""2021-06-05"", ""2021-06-06"", ""2021-06-07"", ""2021-06-08"", ""2021-06-09"", ""2021-06-10"", ""2021-06-11"", ""2021-06-12"", ""2021-06-13"", ""2021-06-14"", ""2021-06-15"", ""2021-06-16"", ""2021-06-17"", ""2021-06-18"", ""2021-06-19"", ""2021-06-20"", ""2021-06-21"", ""2021-06-22"", ""2021-06-23"", ""2021-06-24"", ""2021-06-25"", ""2021-06-26"", ""2021-06-27"", ""2021-06-28"", ""2021-06-29"", ""2022-07-01"", ""2022-07-02"", ""2022-07-03"", ""2022-07-04"", ""2022-07-05"", ""2022-07-06"", ""2022-07-07"", ""2022-07-08"", ""2022-07-09"", ""2022-07-10"", ""2022-07-11"", ""2022-07-12"", ""2022-07-13"", ""2022-07-14"", ""2022-07-15"", ""2022-07-16"", ""2022-07-17"", ""2022-07-18"", ""2022-07-19"", ""2022-07-22"", ""2022-07-23"", ""2022-07-24"", ""2022-07-25"", ""2022-07-26"", ""2022-07-27"", ""2022-07-28"", ""2022-07-29"", ""2022-07-30"", ""2022-07-31"", ""2022-08-01"", ""2022-08-02"", ""2022-08-03"", ""2022-08-04"", ""2022-08-05"", ""2022-08-06"", ""2022-08-07"", ""2022-08-08"", ""2022-08-09"", ""2022-08-10"", ""2022-08-11"", ""2022-08-12"", ""2022-08-13"", ""2022-08-14"", ""2022-08-15"", ""2022-08-16"", ""2022-08-17"", ""2022-08-18"", ""2022-08-19"", ""2022-08-20"", ""2022-08-21"", ""2022-08-22"", ""2022-08-23"", ""2022-08-24"", ""2022-08-25"", ""2022-08-26"", ""2022-08-27"", ""2022-08-28"", ""2022-08-29"", ""2022-08-30"", ""2022-08-31"", ""2022-09-01"", ""2022-09-02"", ""2022-09-03"", ""2022-09-04"", ""2022-09-05"", ""2022-09-06"", ""2022-09-07"", ""2022-09-08"", ""2022-09-09"", ""2022-09-10"", ""2022-09-11"", ""2022-09-12"", ""2022-09-13"", ""2022-09-14"", ""2022-09-15"", ""2022-09-16"", ""2022-09-17"", ""2022-09-18"", ""2022-09-19"", ""2022-09-20"", ""2022-09-21"", ""2022-09-22"", ""2022-09-23"", ""2022-09-24"", ""2022-09-25"", ""2022-09-26"", ""2022-09-27"", ""2022-09-28"", ""2025-05-01"", ""2025-05-02"", ""2025-05-03"", ""2025-05-04"", ""2025-05-05"", ""2025-05-06"", ""2025-05-07"", ""2025-05-08"", ""2025-05-09"", ""2025-05-10"", ""2025-05-11"", ""2025-05-12"", ""2025-05-13"", ""2025-05-14"", ""2025-05-15"", ""2025-05-16"", ""2025-05-17"", ""2025-05-18"", ""2025-05-19"", ""2025-05-20"", ""2025-05-21"", ""2025-05-22"", ""2025-05-23"", ""2025-05-24"", ""2025-05-25"", ""2025-05-26"", ""2025-05-27"", ""2025-05-28"", ""2025-05-29"", ""2025-05-30"", ""2025-05-31"", ""2025-06-01"", ""2025-06-02"", ""2025-06-03"", ""2025-06-04"", ""2025-06-05"", ""2025-06-06"", ""2025-06-07"", ""2025-06-08"", ""2025-06-09"", ""2025-06-10"", ""2025-06-11"", ""2025-06-12"", ""2025-06-13"", ""2025-06-14"", ""2025-06-15"", ""2025-06-16"", ""2025-06-17"", ""2025-06-18"", ""2025-06-19"", ""2025-06-20"", ""2025-06-21"", ""2025-06-22"", ""2025-06-23"", ""2025-06-24"", ""2025-06-25"", ""2025-06-26"", ""2025-06-27"", ""2025-06-28"", ""2025-06-29"", ""2025-06-30"", ""2025-07-01"", ""2025-07-02"", ""2025-07-03"", ""2025-07-04"", ""2025-07-05"", ""2025-07-06"", ""2025-07-07"", ""2025-07-08"", ""2025-07-09"", ""2025-07-10"", ""2025-07-11"", ""2025-07-12"", ""2025-07-13"", ""2025-07-14"", ""2025-07-15"", ""2025-07-16"", ""2025-07-17"", ""2025-07-18"", ""2025-07-19"", ""2025-07-20"", ""2025-07-21"", ""2025-07-22"", ""2025-07-23"", ""2025-07-24"", ""2025-07-25"", ""2025-07-26"", ""2025-07-27"", ""2025-07-28"", ""2025-07-29"", ""2026-01-08"", ""2026-01-09"", ""2026-01-10"", ""2026-01-11"", ""2026-01-12"", ""2026-01-13"", ""2026-01-14"", ""2026-01-15"", ""2026-01-16"", ""2026-01-17"", ""2026-01-18"", ""2026-01-19"", ""2026-01-20"", ""2026-01-21"", ""2026-01-22"", ""2026-01-23"", ""2026-01-24"", ""2026-01-25"", ""2026-01-26"", ""2026-01-27"", ""2026-01-28"", ""2026-01-29"", ""2026-01-30"", ""2026-01-31"", ""2026-02-01"", ""2026-02-02"", ""2026-02-03"", ""2026-02-04"", ""2026-02-05"", ""2026-02-06"", ""2026-02-07"", ""2026-02-08"", ""2026-02-09"", ""2026-02-10"", ""2026-02-11"", ""2026-02-12"", ""2026-02-13"", ""2026-02-14"", ""2026-02-15"", ""2026-02-16"", ""2026-02-17"", ""2026-02-18"", ""2026-02-19"", ""2026-02-20"", ""2026-02-21"", ""2026-02-22"", ""2026-02-23"", ""2026-02-24"", ""2026-02-25"", ""2026-02-26"", ""2026-02-27"", ""2026-02-28"", ""2026-03-01"", ""2026-03-02"", ""2026-03-03"", ""2026-03-04"", ""2026-03-05"", ""2026-03-06"", ""2026-03-07"", ""2026-03-08"", ""2026-03-09"", ""2026-03-10"", ""2026-03-11"", ""2026-03-12"", ""2026-03-13"", ""2026-03-14"", ""2026-03-15"", ""2026-03-16"", ""2026-03-17"", ""2026-03-18"", ""2026-03-19"", ""2026-03-20"", ""2026-03-21"", ""2026-03-22"", ""2026-03-23"", ""2026-03-24"", ""2026-03-25"", ""2026-03-26"", ""2026-03-27"", ""2026-03-28"", ""2026-03-29"", ""2026-03-30"", ""2026-03-31"", ""2026-04-01"", ""2026-04-02"", ""2026-04-03"", ""2026-04-04"", ""2026-04-05"", ""2026-04-06"", ""2026-04-07""]",,,,,0.5339949826484419,0.5118941891464365,,
R,per_fold,fold_1,2160.0,90.0,2020-07-01,2020-09-28,4.987168382191216,8.371007146044576,3.024310560368546,1.512155280184273,4.89439270494879,0.0927756772424273,0.42207868752203237,4.043897976930196,3.6473013351020116,0.0,0.0,0.47962962962962963,1036.0,584.0,540.0,6.909255788211327,6.096803775962725,12.694897575129692,0.7893518518518519,1705.0,215.0,240.0,15.881036836908855,13.913157414575863,30.86819712926225,0.9328703703703703,2015.0,59.0,86.0,27.815096456680294,23.639713644329753,56.49829100623297,"[""2020-07-01"", ""2020-07-02"", ""2020-07-03"", ""2020-07-04"", ""2020-07-05"", ""2020-07-06"", ""2020-07-07"", ""2020-07-08"", ""2020-07-09"", ""2020-07-10"", ""2020-07-11"", ""2020-07-12"", ""2020-07-13"", ""2020-07-14"", ""2020-07-15"", ""2020-07-16"", ""2020-07-17"", ""2020-07-18"", ""2020-07-19"", ""2020-07-20"", ""2020-07-21"", ""2020-07-22"", ""2020-07-23"", ""2020-07-24"", ""2020-07-25"", ""2020-07-26"", ""2020-07-27"", ""2020-07-28"", ""2020-07-29"", ""2020-07-30"", ""2020-07-31"", ""2020-08-01"", ""2020-08-02"", ""2020-08-03"", ""2020-08-04"", ""2020-08-05"", ""2020-08-06"", ""2020-08-07"", ""2020-08-08"", ""2020-08-09"", ""2020-08-10"", ""2020-08-11"", ""2020-08-12"", ""2020-08-13"", ""2020-08-14"", ""2020-08-15"", ""2020-08-16"", ""2020-08-17"", ""2020-08-18"", ""2020-08-19"", ""2020-08-20"", ""2020-08-21"", ""2020-08-22"", ""2020-08-23"", ""2020-08-24"", ""2020-08-25"", ""2020-08-26"", ""2020-08-27"", ""2020-08-28"", ""2020-08-29"", ""2020-08-30"", ""2020-08-31"", ""2020-09-01"", ""2020-09-02"", ""2020-09-03"", ""2020-09-04"", ""2020-09-05"", ""2020-09-06"", ""2020-09-07"", ""2020-09-08"", ""2020-09-09"", ""2020-09-10"", ""2020-09-11"", ""2020-09-12"", ""2020-09-13"", ""2020-09-14"", ""2020-09-15"", ""2020-09-16"", ""2020-09-17"", ""2020-09-18"", ""2020-09-19"", ""2020-09-20"", ""2020-09-21"", ""2020-09-22"", ""2020-09-23"", ""2020-09-24"", ""2020-09-25"", ""2020-09-26"", ""2020-09-27"", ""2020-09-28""]",2020-07-01,2020-09-28,90.0,False,,,,
R,per_fold,fold_2,2159.0,90.0,2021-04-01,2021-06-29,7.582947147860642,11.503765352965672,4.694559926555343,2.3472799632776713,7.6673175946453505,-0.08437044678470894,1.3641159327573067,5.882958663594677,5.435613468711944,0.0,0.0,0.5261695229272811,1136.0,510.0,513.0,11.548875087470618,10.818459256070355,20.41892641182736,0.8059286706808708,1740.0,198.0,221.0,25.806579437539032,23.66980670692753,45.77178014096446,0.937471051412691,2024.0,68.0,67.0,52.476986770886946,47.29996919374183,92.34847355076083,"[""2021-04-01"", ""2021-04-02"", ""2021-04-03"", ""2021-04-04"", ""2021-04-05"", ""2021-04-06"", ""2021-04-07"", ""2021-04-08"", ""2021-04-09"", ""2021-04-10"", ""2021-04-11"", ""2021-04-12"", ""2021-04-13"", ""2021-04-14"", ""2021-04-15"", ""2021-04-16"", ""2021-04-17"", ""2021-04-18"", ""2021-04-19"", ""2021-04-20"", ""2021-04-21"", ""2021-04-22"", ""2021-04-23"", ""2021-04-24"", ""2021-04-25"", ""2021-04-26"", ""2021-04-27"", ""2021-04-28"", ""2021-04-29"", ""2021-04-30"", ""2021-05-01"", ""2021-05-02"", ""2021-05-03"", ""2021-05-04"", ""2021-05-05"", ""2021-05-06"", ""2021-05-07"", ""2021-05-08"", ""2021-05-09"", ""2021-05-10"", ""2021-05-11"", ""2021-05-12"", ""2021-05-13"", ""2021-05-14"", ""2021-05-15"", ""2021-05-16"", ""2021-05-17"", ""2021-05-18"", ""2021-05-19"", ""2021-05-20"", ""2021-05-21"", ""2021-05-22"", ""2021-05-23"", ""2021-05-24"", ""2021-05-25"", ""2021-05-26"", ""2021-05-27"", ""2021-05-28"", ""2021-05-29"", ""2021-05-30"", ""2021-05-31"", ""2021-06-01"", ""2021-06-02"", ""2021-06-03"", ""2021-06-04"", ""2021-06-05"", ""2021-06-06"", ""2021-06-07"", ""2021-06-08"", ""2021-06-09"", ""2021-06-10"", ""2021-06-11"", ""2021-06-12"", ""2021-06-13"", ""2021-06-14"", ""2021-06-15"", ""2021-06-16"", ""2021-06-17"", ""2021-06-18"", ""2021-06-19"", ""2021-06-20"", ""2021-06-21"", ""2021-06-22"", ""2021-06-23"", ""2021-06-24"", ""2021-06-25"", ""2021-06-26"", ""2021-06-27"", ""2021-06-28"", ""2021-06-29""]",2021-04-01,2021-06-29,90.0,False,,,,
R,per_fold,fold_3,2112.0,88.0,2022-07-01,2022-09-28,46.72186711824687,62.175904904773596,26.95819128849266,13.47909564424633,45.79740284280914,0.9244642754377275,7.551094045523897,39.741062870360885,28.280304021000127,0.0,0.0,0.4725378787878788,998.0,617.0,497.0,70.36440326202631,69.31642520361646,109.26191946883642,0.7694128787878788,1625.0,261.0,226.0,149.45708119766894,143.32605346948526,226.07729455780265,0.9332386363636364,1971.0,72.0,69.0,258.36624363951336,244.1841165524288,399.4319977011405,"[""2022-07-01"", ""2022-07-02"", ""2022-07-03"", ""2022-07-04"", ""2022-07-05"", ""2022-07-06"", ""2022-07-07"", ""2022-07-08"", ""2022-07-09"", ""2022-07-10"", ""2022-07-11"", ""2022-07-12"", ""2022-07-13"", ""2022-07-14"", ""2022-07-15"", ""2022-07-16"", ""2022-07-17"", ""2022-07-18"", ""2022-07-19"", ""2022-07-22"", ""2022-07-23"", ""2022-07-24"", ""2022-07-25"", ""2022-07-26"", ""2022-07-27"", ""2022-07-28"", ""2022-07-29"", ""2022-07-30"", ""2022-07-31"", ""2022-08-01"", ""2022-08-02"", ""2022-08-03"", ""2022-08-04"", ""2022-08-05"", ""2022-08-06"", ""2022-08-07"", ""2022-08-08"", ""2022-08-09"", ""2022-08-10"", ""2022-08-11"", ""2022-08-12"", ""2022-08-13"", ""2022-08-14"", ""2022-08-15"", ""2022-08-16"", ""2022-08-17"", ""2022-08-18"", ""2022-08-19"", ""2022-08-20"", ""2022-08-21"", ""2022-08-22"", ""2022-08-23"", ""2022-08-24"", ""2022-08-25"", ""2022-08-26"", ""2022-08-27"", ""2022-08-28"", ""2022-08-29"", ""2022-08-30"", ""2022-08-31"", ""2022-09-01"", ""2022-09-02"", ""2022-09-03"", ""2022-09-04"", ""2022-09-05"", ""2022-09-06"", ""2022-09-07"", ""2022-09-08"", ""2022-09-09"", ""2022-09-10"", ""2022-09-11"", ""2022-09-12"", ""2022-09-13"", ""2022-09-14"", ""2022-09-15"", ""2022-09-16"", ""2022-09-17"", ""2022-09-18"", ""2022-09-19"", ""2022-09-20"", ""2022-09-21"", ""2022-09-22"", ""2022-09-23"", ""2022-09-24"", ""2022-09-25"", ""2022-09-26"", ""2022-09-27"", ""2022-09-28""]",2022-07-01,2022-09-28,90.0,True,,,,
R,per_fold,fold_4,2160.0,90.0,2025-05-01,2025-07-29,14.081657351682393,21.479872538865912,8.222668408219677,4.111334204109839,13.935278520471497,0.14637883121089731,-0.265033951566956,8.56051718116478,12.29596149410463,0.0,0.0,0.4726851851851852,1021.0,538.0,601.0,20.439348724386885,20.317948870990303,31.59325751061258,0.7819444444444444,1689.0,210.0,261.0,41.42792378891335,41.03244268091374,62.14515204307873,0.9351851851851852,2020.0,66.0,74.0,74.50797990062979,72.80076100548894,110.95344043257806,"[""2025-05-01"", ""2025-05-02"", ""2025-05-03"", ""2025-05-04"", ""2025-05-05"", ""2025-05-06"", ""2025-05-07"", ""2025-05-08"", ""2025-05-09"", ""2025-05-10"", ""2025-05-11"", ""2025-05-12"", ""2025-05-13"", ""2025-05-14"", ""2025-05-15"", ""2025-05-16"", ""2025-05-17"", ""2025-05-18"", ""2025-05-19"", ""2025-05-20"", ""2025-05-21"", ""2025-05-22"", ""2025-05-23"", ""2025-05-24"", ""2025-05-25"", ""2025-05-26"", ""2025-05-27"", ""2025-05-28"", ""2025-05-29"", ""2025-05-30"", ""2025-05-31"", ""2025-06-01"", ""2025-06-02"", ""2025-06-03"", ""2025-06-04"", ""2025-06-05"", ""2025-06-06"", ""2025-06-07"", ""2025-06-08"", ""2025-06-09"", ""2025-06-10"", ""2025-06-11"", ""2025-06-12"", ""2025-06-13"", ""2025-06-14"", ""2025-06-15"", ""2025-06-16"", ""2025-06-17"", ""2025-06-18"", ""2025-06-19"", ""2025-06-20"", ""2025-06-21"", ""2025-06-22"", ""2025-06-23"", ""2025-06-24"", ""2025-06-25"", ""2025-06-26"", ""2025-06-27"", ""2025-06-28"", ""2025-06-29"", ""2025-06-30"", ""2025-07-01"", ""2025-07-02"", ""2025-07-03"", ""2025-07-04"", ""2025-07-05"", ""2025-07-06"", ""2025-07-07"", ""2025-07-08"", ""2025-07-09"", ""2025-07-10"", ""2025-07-11"", ""2025-07-12"", ""2025-07-13"", ""2025-07-14"", ""2025-07-15"", ""2025-07-16"", ""2025-07-17"", ""2025-07-18"", ""2025-07-19"", ""2025-07-20"", ""2025-07-21"", ""2025-07-22"", ""2025-07-23"", ""2025-07-24"", ""2025-07-25"", ""2025-07-26"", ""2025-07-27"", ""2025-07-28"", ""2025-07-29""]",2025-05-01,2025-07-29,90.0,False,,,,
R,per_fold,fold_5,2156.0,90.0,2026-01-08,2026-04-07,14.867916407567861,21.4097565976277,8.708328767422094,4.354164383711047,14.619482896443358,0.24843351112450385,-1.4453933221482518,11.135217098169349,11.123774781257142,0.0,0.0,0.4958256029684601,1069.0,546.0,541.0,23.043326683127166,23.405120625071767,39.647882057899146,0.8042671614100185,1734.0,211.0,211.0,49.70214394290936,50.42017111342339,82.2866871812177,0.9489795918367347,2046.0,53.0,57.0,99.18942293481659,98.68721083990957,169.22588052472565,"[""2026-01-08"", ""2026-01-09"", ""2026-01-10"", ""2026-01-11"", ""2026-01-12"", ""2026-01-13"", ""2026-01-14"", ""2026-01-15"", ""2026-01-16"", ""2026-01-17"", ""2026-01-18"", ""2026-01-19"", ""2026-01-20"", ""2026-01-21"", ""2026-01-22"", ""2026-01-23"", ""2026-01-24"", ""2026-01-25"", ""2026-01-26"", ""2026-01-27"", ""2026-01-28"", ""2026-01-29"", ""2026-01-30"", ""2026-01-31"", ""2026-02-01"", ""2026-02-02"", ""2026-02-03"", ""2026-02-04"", ""2026-02-05"", ""2026-02-06"", ""2026-02-07"", ""2026-02-08"", ""2026-02-09"", ""2026-02-10"", ""2026-02-11"", ""2026-02-12"", ""2026-02-13"", ""2026-02-14"", ""2026-02-15"", ""2026-02-16"", ""2026-02-17"", ""2026-02-18"", ""2026-02-19"", ""2026-02-20"", ""2026-02-21"", ""2026-02-22"", ""2026-02-23"", ""2026-02-24"", ""2026-02-25"", ""2026-02-26"", ""2026-02-27"", ""2026-02-28"", ""2026-03-01"", ""2026-03-02"", ""2026-03-03"", ""2026-03-04"", ""2026-03-05"", ""2026-03-06"", ""2026-03-07"", ""2026-03-08"", ""2026-03-09"", ""2026-03-10"", ""2026-03-11"", ""2026-03-12"", ""2026-03-13"", ""2026-03-14"", ""2026-03-15"", ""2026-03-16"", ""2026-03-17"", ""2026-03-18"", ""2026-03-19"", ""2026-03-20"", ""2026-03-21"", ""2026-03-22"", ""2026-03-23"", ""2026-03-24"", ""2026-03-25"", ""2026-03-26"", ""2026-03-27"", ""2026-03-28"", ""2026-03-29"", ""2026-03-30"", ""2026-03-31"", ""2026-04-01"", ""2026-04-02"", ""2026-04-03"", ""2026-04-04"", ""2026-04-05"", ""2026-04-06"", ""2026-04-07""]",2026-01-08,2026-04-07,90.0,False,,,,
M,pooled,all,10747.0,448.0,2020-07-01,2026-04-07,17.423424196407982,31.17755241923969,10.205525194847981,5.1027625974239905,17.154396966009916,0.269027230398069,1.344601599937909,13.58485180616543,12.102167853941245,0.0,0.0,0.49511491579045314,5321.0,2749.0,2677.0,26.225652343504496,16.856855800813932,83.9359334531009,0.7897087559318879,8487.0,1098.0,1162.0,56.19732644855014,36.54758718558041,178.67872763060225,0.9380292174560343,10081.0,313.0,353.0,101.69228052897606,70.20916482385452,304.84174298206335,"[""2020-07-01"", ""2020-07-02"", ""2020-07-03"", ""2020-07-04"", ""2020-07-05"", ""2020-07-06"", ""2020-07-07"", ""2020-07-08"", ""2020-07-09"", ""2020-07-10"", ""2020-07-11"", ""2020-07-12"", ""2020-07-13"", ""2020-07-14"", ""2020-07-15"", ""2020-07-16"", ""2020-07-17"", ""2020-07-18"", ""2020-07-19"", ""2020-07-20"", ""2020-07-21"", ""2020-07-22"", ""2020-07-23"", ""2020-07-24"", ""2020-07-25"", ""2020-07-26"", ""2020-07-27"", ""2020-07-28"", ""2020-07-29"", ""2020-07-30"", ""2020-07-31"", ""2020-08-01"", ""2020-08-02"", ""2020-08-03"", ""2020-08-04"", ""2020-08-05"", ""2020-08-06"", ""2020-08-07"", ""2020-08-08"", ""2020-08-09"", ""2020-08-10"", ""2020-08-11"", ""2020-08-12"", ""2020-08-13"", ""2020-08-14"", ""2020-08-15"", ""2020-08-16"", ""2020-08-17"", ""2020-08-18"", ""2020-08-19"", ""2020-08-20"", ""2020-08-21"", ""2020-08-22"", ""2020-08-23"", ""2020-08-24"", ""2020-08-25"", ""2020-08-26"", ""2020-08-27"", ""2020-08-28"", ""2020-08-29"", ""2020-08-30"", ""2020-08-31"", ""2020-09-01"", ""2020-09-02"", ""2020-09-03"", ""2020-09-04"", ""2020-09-05"", ""2020-09-06"", ""2020-09-07"", ""2020-09-08"", ""2020-09-09"", ""2020-09-10"", ""2020-09-11"", ""2020-09-12"", ""2020-09-13"", ""2020-09-14"", ""2020-09-15"", ""2020-09-16"", ""2020-09-17"", ""2020-09-18"", ""2020-09-19"", ""2020-09-20"", ""2020-09-21"", ""2020-09-22"", ""2020-09-23"", ""2020-09-24"", ""2020-09-25"", ""2020-09-26"", ""2020-09-27"", ""2020-09-28"", ""2021-04-01"", ""2021-04-02"", ""2021-04-03"", ""2021-04-04"", ""2021-04-05"", ""2021-04-06"", ""2021-04-07"", ""2021-04-08"", ""2021-04-09"", ""2021-04-10"", ""2021-04-11"", ""2021-04-12"", ""2021-04-13"", ""2021-04-14"", ""2021-04-15"", ""2021-04-16"", ""2021-04-17"", ""2021-04-18"", ""2021-04-19"", ""2021-04-20"", ""2021-04-21"", ""2021-04-22"", ""2021-04-23"", ""2021-04-24"", ""2021-04-25"", ""2021-04-26"", ""2021-04-27"", ""2021-04-28"", ""2021-04-29"", ""2021-04-30"", ""2021-05-01"", ""2021-05-02"", ""2021-05-03"", ""2021-05-04"", ""2021-05-05"", ""2021-05-06"", ""2021-05-07"", ""2021-05-08"", ""2021-05-09"", ""2021-05-10"", ""2021-05-11"", ""2021-05-12"", ""2021-05-13"", ""2021-05-14"", ""2021-05-15"", ""2021-05-16"", ""2021-05-17"", ""2021-05-18"", ""2021-05-19"", ""2021-05-20"", ""2021-05-21"", ""2021-05-22"", ""2021-05-23"", ""2021-05-24"", ""2021-05-25"", ""2021-05-26"", ""2021-05-27"", ""2021-05-28"", ""2021-05-29"", ""2021-05-30"", ""2021-05-31"", ""2021-06-01"", ""2021-06-02"", ""2021-06-03"", ""2021-06-04"", ""2021-06-05"", ""2021-06-06"", ""2021-06-07"", ""2021-06-08"", ""2021-06-09"", ""2021-06-10"", ""2021-06-11"", ""2021-06-12"", ""2021-06-13"", ""2021-06-14"", ""2021-06-15"", ""2021-06-16"", ""2021-06-17"", ""2021-06-18"", ""2021-06-19"", ""2021-06-20"", ""2021-06-21"", ""2021-06-22"", ""2021-06-23"", ""2021-06-24"", ""2021-06-25"", ""2021-06-26"", ""2021-06-27"", ""2021-06-28"", ""2021-06-29"", ""2022-07-01"", ""2022-07-02"", ""2022-07-03"", ""2022-07-04"", ""2022-07-05"", ""2022-07-06"", ""2022-07-07"", ""2022-07-08"", ""2022-07-09"", ""2022-07-10"", ""2022-07-11"", ""2022-07-12"", ""2022-07-13"", ""2022-07-14"", ""2022-07-15"", ""2022-07-16"", ""2022-07-17"", ""2022-07-18"", ""2022-07-19"", ""2022-07-22"", ""2022-07-23"", ""2022-07-24"", ""2022-07-25"", ""2022-07-26"", ""2022-07-27"", ""2022-07-28"", ""2022-07-29"", ""2022-07-30"", ""2022-07-31"", ""2022-08-01"", ""2022-08-02"", ""2022-08-03"", ""2022-08-04"", ""2022-08-05"", ""2022-08-06"", ""2022-08-07"", ""2022-08-08"", ""2022-08-09"", ""2022-08-10"", ""2022-08-11"", ""2022-08-12"", ""2022-08-13"", ""2022-08-14"", ""2022-08-15"", ""2022-08-16"", ""2022-08-17"", ""2022-08-18"", ""2022-08-19"", ""2022-08-20"", ""2022-08-21"", ""2022-08-22"", ""2022-08-23"", ""2022-08-24"", ""2022-08-25"", ""2022-08-26"", ""2022-08-27"", ""2022-08-28"", ""2022-08-29"", ""2022-08-30"", ""2022-08-31"", ""2022-09-01"", ""2022-09-02"", ""2022-09-03"", ""2022-09-04"", ""2022-09-05"", ""2022-09-06"", ""2022-09-07"", ""2022-09-08"", ""2022-09-09"", ""2022-09-10"", ""2022-09-11"", ""2022-09-12"", ""2022-09-13"", ""2022-09-14"", ""2022-09-15"", ""2022-09-16"", ""2022-09-17"", ""2022-09-18"", ""2022-09-19"", ""2022-09-20"", ""2022-09-21"", ""2022-09-22"", ""2022-09-23"", ""2022-09-24"", ""2022-09-25"", ""2022-09-26"", ""2022-09-27"", ""2022-09-28"", ""2025-05-01"", ""2025-05-02"", ""2025-05-03"", ""2025-05-04"", ""2025-05-05"", ""2025-05-06"", ""2025-05-07"", ""2025-05-08"", ""2025-05-09"", ""2025-05-10"", ""2025-05-11"", ""2025-05-12"", ""2025-05-13"", ""2025-05-14"", ""2025-05-15"", ""2025-05-16"", ""2025-05-17"", ""2025-05-18"", ""2025-05-19"", ""2025-05-20"", ""2025-05-21"", ""2025-05-22"", ""2025-05-23"", ""2025-05-24"", ""2025-05-25"", ""2025-05-26"", ""2025-05-27"", ""2025-05-28"", ""2025-05-29"", ""2025-05-30"", ""2025-05-31"", ""2025-06-01"", ""2025-06-02"", ""2025-06-03"", ""2025-06-04"", ""2025-06-05"", ""2025-06-06"", ""2025-06-07"", ""2025-06-08"", ""2025-06-09"", ""2025-06-10"", ""2025-06-11"", ""2025-06-12"", ""2025-06-13"", ""2025-06-14"", ""2025-06-15"", ""2025-06-16"", ""2025-06-17"", ""2025-06-18"", ""2025-06-19"", ""2025-06-20"", ""2025-06-21"", ""2025-06-22"", ""2025-06-23"", ""2025-06-24"", ""2025-06-25"", ""2025-06-26"", ""2025-06-27"", ""2025-06-28"", ""2025-06-29"", ""2025-06-30"", ""2025-07-01"", ""2025-07-02"", ""2025-07-03"", ""2025-07-04"", ""2025-07-05"", ""2025-07-06"", ""2025-07-07"", ""2025-07-08"", ""2025-07-09"", ""2025-07-10"", ""2025-07-11"", ""2025-07-12"", ""2025-07-13"", ""2025-07-14"", ""2025-07-15"", ""2025-07-16"", ""2025-07-17"", ""2025-07-18"", ""2025-07-19"", ""2025-07-20"", ""2025-07-21"", ""2025-07-22"", ""2025-07-23"", ""2025-07-24"", ""2025-07-25"", ""2025-07-26"", ""2025-07-27"", ""2025-07-28"", ""2025-07-29"", ""2026-01-08"", ""2026-01-09"", ""2026-01-10"", ""2026-01-11"", ""2026-01-12"", ""2026-01-13"", ""2026-01-14"", ""2026-01-15"", ""2026-01-16"", ""2026-01-17"", ""2026-01-18"", ""2026-01-19"", ""2026-01-20"", ""2026-01-21"", ""2026-01-22"", ""2026-01-23"", ""2026-01-24"", ""2026-01-25"", ""2026-01-26"", ""2026-01-27"", ""2026-01-28"", ""2026-01-29"", ""2026-01-30"", ""2026-01-31"", ""2026-02-01"", ""2026-02-02"", ""2026-02-03"", ""2026-02-04"", ""2026-02-05"", ""2026-02-06"", ""2026-02-07"", ""2026-02-08"", ""2026-02-09"", ""2026-02-10"", ""2026-02-11"", ""2026-02-12"", ""2026-02-13"", ""2026-02-14"", ""2026-02-15"", ""2026-02-16"", ""2026-02-17"", ""2026-02-18"", ""2026-02-19"", ""2026-02-20"", ""2026-02-21"", ""2026-02-22"", ""2026-02-23"", ""2026-02-24"", ""2026-02-25"", ""2026-02-26"", ""2026-02-27"", ""2026-02-28"", ""2026-03-01"", ""2026-03-02"", ""2026-03-03"", ""2026-03-04"", ""2026-03-05"", ""2026-03-06"", ""2026-03-07"", ""2026-03-08"", ""2026-03-09"", ""2026-03-10"", ""2026-03-11"", ""2026-03-12"", ""2026-03-13"", ""2026-03-14"", ""2026-03-15"", ""2026-03-16"", ""2026-03-17"", ""2026-03-18"", ""2026-03-19"", ""2026-03-20"", ""2026-03-21"", ""2026-03-22"", ""2026-03-23"", ""2026-03-24"", ""2026-03-25"", ""2026-03-26"", ""2026-03-27"", ""2026-03-28"", ""2026-03-29"", ""2026-03-30"", ""2026-03-31"", ""2026-04-01"", ""2026-04-02"", ""2026-04-03"", ""2026-04-04"", ""2026-04-05"", ""2026-04-06"", ""2026-04-07""]",,,,,0.5310384094184937,0.5097511144969347,,
M,per_fold,fold_1,2160.0,90.0,2020-07-01,2020-09-28,4.894426713052852,8.266304350082319,2.9864763722037604,1.4932381861018802,4.80485308088028,0.08957363217257165,0.3992176494421771,3.955357758071159,3.620914410972621,0.0,0.0,0.4888888888888889,1056.0,576.0,528.0,6.826116393845297,5.996229798083375,12.525678844201488,0.7870370370370371,1700.0,222.0,238.0,15.694805118679607,13.782739448807613,30.605134839233713,0.9342592592592592,2018.0,60.0,82.0,27.441311960518888,23.393085778493052,55.44364118696779,"[""2020-07-01"", ""2020-07-02"", ""2020-07-03"", ""2020-07-04"", ""2020-07-05"", ""2020-07-06"", ""2020-07-07"", ""2020-07-08"", ""2020-07-09"", ""2020-07-10"", ""2020-07-11"", ""2020-07-12"", ""2020-07-13"", ""2020-07-14"", ""2020-07-15"", ""2020-07-16"", ""2020-07-17"", ""2020-07-18"", ""2020-07-19"", ""2020-07-20"", ""2020-07-21"", ""2020-07-22"", ""2020-07-23"", ""2020-07-24"", ""2020-07-25"", ""2020-07-26"", ""2020-07-27"", ""2020-07-28"", ""2020-07-29"", ""2020-07-30"", ""2020-07-31"", ""2020-08-01"", ""2020-08-02"", ""2020-08-03"", ""2020-08-04"", ""2020-08-05"", ""2020-08-06"", ""2020-08-07"", ""2020-08-08"", ""2020-08-09"", ""2020-08-10"", ""2020-08-11"", ""2020-08-12"", ""2020-08-13"", ""2020-08-14"", ""2020-08-15"", ""2020-08-16"", ""2020-08-17"", ""2020-08-18"", ""2020-08-19"", ""2020-08-20"", ""2020-08-21"", ""2020-08-22"", ""2020-08-23"", ""2020-08-24"", ""2020-08-25"", ""2020-08-26"", ""2020-08-27"", ""2020-08-28"", ""2020-08-29"", ""2020-08-30"", ""2020-08-31"", ""2020-09-01"", ""2020-09-02"", ""2020-09-03"", ""2020-09-04"", ""2020-09-05"", ""2020-09-06"", ""2020-09-07"", ""2020-09-08"", ""2020-09-09"", ""2020-09-10"", ""2020-09-11"", ""2020-09-12"", ""2020-09-13"", ""2020-09-14"", ""2020-09-15"", ""2020-09-16"", ""2020-09-17"", ""2020-09-18"", ""2020-09-19"", ""2020-09-20"", ""2020-09-21"", ""2020-09-22"", ""2020-09-23"", ""2020-09-24"", ""2020-09-25"", ""2020-09-26"", ""2020-09-27"", ""2020-09-28""]",2020-07-01,2020-09-28,90.0,False,,,,
M,per_fold,fold_2,2159.0,90.0,2021-04-01,2021-06-29,7.676157961238565,11.642302773492483,4.763456624077773,2.3817283120388866,7.788783511220245,-0.11262554998167941,1.2765684826877963,5.932856202745513,5.467462941468904,0.0,0.0,0.5280222325150533,1140.0,498.0,521.0,11.63673457953948,10.881241486618137,20.726858766861003,0.7999073645206114,1727.0,205.0,227.0,26.196729468860298,23.706037210991234,47.63888607527789,0.9379342288096341,2025.0,66.0,68.0,53.43839185923243,48.37228192394538,94.53833648019969,"[""2021-04-01"", ""2021-04-02"", ""2021-04-03"", ""2021-04-04"", ""2021-04-05"", ""2021-04-06"", ""2021-04-07"", ""2021-04-08"", ""2021-04-09"", ""2021-04-10"", ""2021-04-11"", ""2021-04-12"", ""2021-04-13"", ""2021-04-14"", ""2021-04-15"", ""2021-04-16"", ""2021-04-17"", ""2021-04-18"", ""2021-04-19"", ""2021-04-20"", ""2021-04-21"", ""2021-04-22"", ""2021-04-23"", ""2021-04-24"", ""2021-04-25"", ""2021-04-26"", ""2021-04-27"", ""2021-04-28"", ""2021-04-29"", ""2021-04-30"", ""2021-05-01"", ""2021-05-02"", ""2021-05-03"", ""2021-05-04"", ""2021-05-05"", ""2021-05-06"", ""2021-05-07"", ""2021-05-08"", ""2021-05-09"", ""2021-05-10"", ""2021-05-11"", ""2021-05-12"", ""2021-05-13"", ""2021-05-14"", ""2021-05-15"", ""2021-05-16"", ""2021-05-17"", ""2021-05-18"", ""2021-05-19"", ""2021-05-20"", ""2021-05-21"", ""2021-05-22"", ""2021-05-23"", ""2021-05-24"", ""2021-05-25"", ""2021-05-26"", ""2021-05-27"", ""2021-05-28"", ""2021-05-29"", ""2021-05-30"", ""2021-05-31"", ""2021-06-01"", ""2021-06-02"", ""2021-06-03"", ""2021-06-04"", ""2021-06-05"", ""2021-06-06"", ""2021-06-07"", ""2021-06-08"", ""2021-06-09"", ""2021-06-10"", ""2021-06-11"", ""2021-06-12"", ""2021-06-13"", ""2021-06-14"", ""2021-06-15"", ""2021-06-16"", ""2021-06-17"", ""2021-06-18"", ""2021-06-19"", ""2021-06-20"", ""2021-06-21"", ""2021-06-22"", ""2021-06-23"", ""2021-06-24"", ""2021-06-25"", ""2021-06-26"", ""2021-06-27"", ""2021-06-28"", ""2021-06-29""]",2021-04-01,2021-06-29,90.0,False,,,,
M,per_fold,fold_3,2112.0,88.0,2022-07-01,2022-09-28,46.25181080517698,61.66367241992284,26.789009334438198,13.394504667219099,45.28821312760526,0.963597677571719,6.405543000894298,39.090692097707645,28.464410841847307,0.0,0.0,0.4824810606060606,1019.0,598.0,495.0,69.76690446807359,67.70707822706098,108.29144005176549,0.7736742424242424,1634.0,253.0,225.0,150.12029871083038,143.98767315202576,228.06686139024816,0.9327651515151515,1970.0,69.0,73.0,259.4948457703798,244.66902234139994,399.2737563204688,"[""2022-07-01"", ""2022-07-02"", ""2022-07-03"", ""2022-07-04"", ""2022-07-05"", ""2022-07-06"", ""2022-07-07"", ""2022-07-08"", ""2022-07-09"", ""2022-07-10"", ""2022-07-11"", ""2022-07-12"", ""2022-07-13"", ""2022-07-14"", ""2022-07-15"", ""2022-07-16"", ""2022-07-17"", ""2022-07-18"", ""2022-07-19"", ""2022-07-22"", ""2022-07-23"", ""2022-07-24"", ""2022-07-25"", ""2022-07-26"", ""2022-07-27"", ""2022-07-28"", ""2022-07-29"", ""2022-07-30"", ""2022-07-31"", ""2022-08-01"", ""2022-08-02"", ""2022-08-03"", ""2022-08-04"", ""2022-08-05"", ""2022-08-06"", ""2022-08-07"", ""2022-08-08"", ""2022-08-09"", ""2022-08-10"", ""2022-08-11"", ""2022-08-12"", ""2022-08-13"", ""2022-08-14"", ""2022-08-15"", ""2022-08-16"", ""2022-08-17"", ""2022-08-18"", ""2022-08-19"", ""2022-08-20"", ""2022-08-21"", ""2022-08-22"", ""2022-08-23"", ""2022-08-24"", ""2022-08-25"", ""2022-08-26"", ""2022-08-27"", ""2022-08-28"", ""2022-08-29"", ""2022-08-30"", ""2022-08-31"", ""2022-09-01"", ""2022-09-02"", ""2022-09-03"", ""2022-09-04"", ""2022-09-05"", ""2022-09-06"", ""2022-09-07"", ""2022-09-08"", ""2022-09-09"", ""2022-09-10"", ""2022-09-11"", ""2022-09-12"", ""2022-09-13"", ""2022-09-14"", ""2022-09-15"", ""2022-09-16"", ""2022-09-17"", ""2022-09-18"", ""2022-09-19"", ""2022-09-20"", ""2022-09-21"", ""2022-09-22"", ""2022-09-23"", ""2022-09-24"", ""2022-09-25"", ""2022-09-26"", ""2022-09-27"", ""2022-09-28""]",2022-07-01,2022-09-28,90.0,True,,,,
M,per_fold,fold_4,2160.0,90.0,2025-05-01,2025-07-29,13.969879157207922,21.411435273302203,8.158409065337498,4.079204532668749,13.781692651904816,0.18818650530310765,-0.27050889227671165,8.391321312009739,12.156712985170465,0.0,0.0,0.47314814814814815,1022.0,541.0,597.0,20.39961744895509,20.335104169858703,31.873793977219716,0.7847222222222222,1695.0,205.0,260.0,41.14637296604191,40.62076917529034,61.79685631763641,0.9337962962962963,2017.0,66.0,77.0,74.11840269917249,72.60813881395708,111.09662957138275,"[""2025-05-01"", ""2025-05-02"", ""2025-05-03"", ""2025-05-04"", ""2025-05-05"", ""2025-05-06"", ""2025-05-07"", ""2025-05-08"", ""2025-05-09"", ""2025-05-10"", ""2025-05-11"", ""2025-05-12"", ""2025-05-13"", ""2025-05-14"", ""2025-05-15"", ""2025-05-16"", ""2025-05-17"", ""2025-05-18"", ""2025-05-19"", ""2025-05-20"", ""2025-05-21"", ""2025-05-22"", ""2025-05-23"", ""2025-05-24"", ""2025-05-25"", ""2025-05-26"", ""2025-05-27"", ""2025-05-28"", ""2025-05-29"", ""2025-05-30"", ""2025-05-31"", ""2025-06-01"", ""2025-06-02"", ""2025-06-03"", ""2025-06-04"", ""2025-06-05"", ""2025-06-06"", ""2025-06-07"", ""2025-06-08"", ""2025-06-09"", ""2025-06-10"", ""2025-06-11"", ""2025-06-12"", ""2025-06-13"", ""2025-06-14"", ""2025-06-15"", ""2025-06-16"", ""2025-06-17"", ""2025-06-18"", ""2025-06-19"", ""2025-06-20"", ""2025-06-21"", ""2025-06-22"", ""2025-06-23"", ""2025-06-24"", ""2025-06-25"", ""2025-06-26"", ""2025-06-27"", ""2025-06-28"", ""2025-06-29"", ""2025-06-30"", ""2025-07-01"", ""2025-07-02"", ""2025-07-03"", ""2025-07-04"", ""2025-07-05"", ""2025-07-06"", ""2025-07-07"", ""2025-07-08"", ""2025-07-09"", ""2025-07-10"", ""2025-07-11"", ""2025-07-12"", ""2025-07-13"", ""2025-07-14"", ""2025-07-15"", ""2025-07-16"", ""2025-07-17"", ""2025-07-18"", ""2025-07-19"", ""2025-07-20"", ""2025-07-21"", ""2025-07-22"", ""2025-07-23"", ""2025-07-24"", ""2025-07-25"", ""2025-07-26"", ""2025-07-27"", ""2025-07-28"", ""2025-07-29""]",2025-05-01,2025-07-29,90.0,False,,,,
M,per_fold,fold_5,2156.0,90.0,2026-01-08,2026-04-07,14.95639596483556,21.378070422235226,8.693476882293487,4.346738441146743,14.724803193258772,0.23159277157678831,-0.9796826034120644,11.120828111216253,11.160127347877829,0.0,0.0,0.5027829313543599,1084.0,536.0,536.0,23.454586475601477,23.90283993323552,39.87476078305443,0.8028756957328386,1731.0,213.0,212.0,49.89003380288812,50.429816558725605,81.98481223526939,0.9512987012987013,2051.0,52.0,53.0,97.44496887237811,97.6360509270953,163.07354175709102,"[""2026-01-08"", ""2026-01-09"", ""2026-01-10"", ""2026-01-11"", ""2026-01-12"", ""2026-01-13"", ""2026-01-14"", ""2026-01-15"", ""2026-01-16"", ""2026-01-17"", ""2026-01-18"", ""2026-01-19"", ""2026-01-20"", ""2026-01-21"", ""2026-01-22"", ""2026-01-23"", ""2026-01-24"", ""2026-01-25"", ""2026-01-26"", ""2026-01-27"", ""2026-01-28"", ""2026-01-29"", ""2026-01-30"", ""2026-01-31"", ""2026-02-01"", ""2026-02-02"", ""2026-02-03"", ""2026-02-04"", ""2026-02-05"", ""2026-02-06"", ""2026-02-07"", ""2026-02-08"", ""2026-02-09"", ""2026-02-10"", ""2026-02-11"", ""2026-02-12"", ""2026-02-13"", ""2026-02-14"", ""2026-02-15"", ""2026-02-16"", ""2026-02-17"", ""2026-02-18"", ""2026-02-19"", ""2026-02-20"", ""2026-02-21"", ""2026-02-22"", ""2026-02-23"", ""2026-02-24"", ""2026-02-25"", ""2026-02-26"", ""2026-02-27"", ""2026-02-28"", ""2026-03-01"", ""2026-03-02"", ""2026-03-03"", ""2026-03-04"", ""2026-03-05"", ""2026-03-06"", ""2026-03-07"", ""2026-03-08"", ""2026-03-09"", ""2026-03-10"", ""2026-03-11"", ""2026-03-12"", ""2026-03-13"", ""2026-03-14"", ""2026-03-15"", ""2026-03-16"", ""2026-03-17"", ""2026-03-18"", ""2026-03-19"", ""2026-03-20"", ""2026-03-21"", ""2026-03-22"", ""2026-03-23"", ""2026-03-24"", ""2026-03-25"", ""2026-03-26"", ""2026-03-27"", ""2026-03-28"", ""2026-03-29"", ""2026-03-30"", ""2026-03-31"", ""2026-04-01"", ""2026-04-02"", ""2026-04-03"", ""2026-04-04"", ""2026-04-05"", ""2026-04-06"", ""2026-04-07""]",2026-01-08,2026-04-07,90.0,False,,,,
A-PN-sel,pooled,all,10747.0,448.0,2020-07-01,2026-04-07,17.48039559030962,31.28768738479317,10.229818474361325,5.114909237180663,17.228567401426833,0.25182818888278874,1.4016709681345751,13.656080359546507,12.11142877311269,0.0,0.0,0.4898111100772309,5264.0,2798.0,2685.0,26.380060607739804,16.659037502180496,85.48445221947394,0.7898948543779659,8489.0,1101.0,1157.0,56.070334097426326,36.484813961829644,177.15534435081278,0.9393319065785801,10095.0,307.0,345.0,101.58857755063711,70.22909362363445,303.7324822166553,"[""2020-07-01"", ""2020-07-02"", ""2020-07-03"", ""2020-07-04"", ""2020-07-05"", ""2020-07-06"", ""2020-07-07"", ""2020-07-08"", ""2020-07-09"", ""2020-07-10"", ""2020-07-11"", ""2020-07-12"", ""2020-07-13"", ""2020-07-14"", ""2020-07-15"", ""2020-07-16"", ""2020-07-17"", ""2020-07-18"", ""2020-07-19"", ""2020-07-20"", ""2020-07-21"", ""2020-07-22"", ""2020-07-23"", ""2020-07-24"", ""2020-07-25"", ""2020-07-26"", ""2020-07-27"", ""2020-07-28"", ""2020-07-29"", ""2020-07-30"", ""2020-07-31"", ""2020-08-01"", ""2020-08-02"", ""2020-08-03"", ""2020-08-04"", ""2020-08-05"", ""2020-08-06"", ""2020-08-07"", ""2020-08-08"", ""2020-08-09"", ""2020-08-10"", ""2020-08-11"", ""2020-08-12"", ""2020-08-13"", ""2020-08-14"", ""2020-08-15"", ""2020-08-16"", ""2020-08-17"", ""2020-08-18"", ""2020-08-19"", ""2020-08-20"", ""2020-08-21"", ""2020-08-22"", ""2020-08-23"", ""2020-08-24"", ""2020-08-25"", ""2020-08-26"", ""2020-08-27"", ""2020-08-28"", ""2020-08-29"", ""2020-08-30"", ""2020-08-31"", ""2020-09-01"", ""2020-09-02"", ""2020-09-03"", ""2020-09-04"", ""2020-09-05"", ""2020-09-06"", ""2020-09-07"", ""2020-09-08"", ""2020-09-09"", ""2020-09-10"", ""2020-09-11"", ""2020-09-12"", ""2020-09-13"", ""2020-09-14"", ""2020-09-15"", ""2020-09-16"", ""2020-09-17"", ""2020-09-18"", ""2020-09-19"", ""2020-09-20"", ""2020-09-21"", ""2020-09-22"", ""2020-09-23"", ""2020-09-24"", ""2020-09-25"", ""2020-09-26"", ""2020-09-27"", ""2020-09-28"", ""2021-04-01"", ""2021-04-02"", ""2021-04-03"", ""2021-04-04"", ""2021-04-05"", ""2021-04-06"", ""2021-04-07"", ""2021-04-08"", ""2021-04-09"", ""2021-04-10"", ""2021-04-11"", ""2021-04-12"", ""2021-04-13"", ""2021-04-14"", ""2021-04-15"", ""2021-04-16"", ""2021-04-17"", ""2021-04-18"", ""2021-04-19"", ""2021-04-20"", ""2021-04-21"", ""2021-04-22"", ""2021-04-23"", ""2021-04-24"", ""2021-04-25"", ""2021-04-26"", ""2021-04-27"", ""2021-04-28"", ""2021-04-29"", ""2021-04-30"", ""2021-05-01"", ""2021-05-02"", ""2021-05-03"", ""2021-05-04"", ""2021-05-05"", ""2021-05-06"", ""2021-05-07"", ""2021-05-08"", ""2021-05-09"", ""2021-05-10"", ""2021-05-11"", ""2021-05-12"", ""2021-05-13"", ""2021-05-14"", ""2021-05-15"", ""2021-05-16"", ""2021-05-17"", ""2021-05-18"", ""2021-05-19"", ""2021-05-20"", ""2021-05-21"", ""2021-05-22"", ""2021-05-23"", ""2021-05-24"", ""2021-05-25"", ""2021-05-26"", ""2021-05-27"", ""2021-05-28"", ""2021-05-29"", ""2021-05-30"", ""2021-05-31"", ""2021-06-01"", ""2021-06-02"", ""2021-06-03"", ""2021-06-04"", ""2021-06-05"", ""2021-06-06"", ""2021-06-07"", ""2021-06-08"", ""2021-06-09"", ""2021-06-10"", ""2021-06-11"", ""2021-06-12"", ""2021-06-13"", ""2021-06-14"", ""2021-06-15"", ""2021-06-16"", ""2021-06-17"", ""2021-06-18"", ""2021-06-19"", ""2021-06-20"", ""2021-06-21"", ""2021-06-22"", ""2021-06-23"", ""2021-06-24"", ""2021-06-25"", ""2021-06-26"", ""2021-06-27"", ""2021-06-28"", ""2021-06-29"", ""2022-07-01"", ""2022-07-02"", ""2022-07-03"", ""2022-07-04"", ""2022-07-05"", ""2022-07-06"", ""2022-07-07"", ""2022-07-08"", ""2022-07-09"", ""2022-07-10"", ""2022-07-11"", ""2022-07-12"", ""2022-07-13"", ""2022-07-14"", ""2022-07-15"", ""2022-07-16"", ""2022-07-17"", ""2022-07-18"", ""2022-07-19"", ""2022-07-22"", ""2022-07-23"", ""2022-07-24"", ""2022-07-25"", ""2022-07-26"", ""2022-07-27"", ""2022-07-28"", ""2022-07-29"", ""2022-07-30"", ""2022-07-31"", ""2022-08-01"", ""2022-08-02"", ""2022-08-03"", ""2022-08-04"", ""2022-08-05"", ""2022-08-06"", ""2022-08-07"", ""2022-08-08"", ""2022-08-09"", ""2022-08-10"", ""2022-08-11"", ""2022-08-12"", ""2022-08-13"", ""2022-08-14"", ""2022-08-15"", ""2022-08-16"", ""2022-08-17"", ""2022-08-18"", ""2022-08-19"", ""2022-08-20"", ""2022-08-21"", ""2022-08-22"", ""2022-08-23"", ""2022-08-24"", ""2022-08-25"", ""2022-08-26"", ""2022-08-27"", ""2022-08-28"", ""2022-08-29"", ""2022-08-30"", ""2022-08-31"", ""2022-09-01"", ""2022-09-02"", ""2022-09-03"", ""2022-09-04"", ""2022-09-05"", ""2022-09-06"", ""2022-09-07"", ""2022-09-08"", ""2022-09-09"", ""2022-09-10"", ""2022-09-11"", ""2022-09-12"", ""2022-09-13"", ""2022-09-14"", ""2022-09-15"", ""2022-09-16"", ""2022-09-17"", ""2022-09-18"", ""2022-09-19"", ""2022-09-20"", ""2022-09-21"", ""2022-09-22"", ""2022-09-23"", ""2022-09-24"", ""2022-09-25"", ""2022-09-26"", ""2022-09-27"", ""2022-09-28"", ""2025-05-01"", ""2025-05-02"", ""2025-05-03"", ""2025-05-04"", ""2025-05-05"", ""2025-05-06"", ""2025-05-07"", ""2025-05-08"", ""2025-05-09"", ""2025-05-10"", ""2025-05-11"", ""2025-05-12"", ""2025-05-13"", ""2025-05-14"", ""2025-05-15"", ""2025-05-16"", ""2025-05-17"", ""2025-05-18"", ""2025-05-19"", ""2025-05-20"", ""2025-05-21"", ""2025-05-22"", ""2025-05-23"", ""2025-05-24"", ""2025-05-25"", ""2025-05-26"", ""2025-05-27"", ""2025-05-28"", ""2025-05-29"", ""2025-05-30"", ""2025-05-31"", ""2025-06-01"", ""2025-06-02"", ""2025-06-03"", ""2025-06-04"", ""2025-06-05"", ""2025-06-06"", ""2025-06-07"", ""2025-06-08"", ""2025-06-09"", ""2025-06-10"", ""2025-06-11"", ""2025-06-12"", ""2025-06-13"", ""2025-06-14"", ""2025-06-15"", ""2025-06-16"", ""2025-06-17"", ""2025-06-18"", ""2025-06-19"", ""2025-06-20"", ""2025-06-21"", ""2025-06-22"", ""2025-06-23"", ""2025-06-24"", ""2025-06-25"", ""2025-06-26"", ""2025-06-27"", ""2025-06-28"", ""2025-06-29"", ""2025-06-30"", ""2025-07-01"", ""2025-07-02"", ""2025-07-03"", ""2025-07-04"", ""2025-07-05"", ""2025-07-06"", ""2025-07-07"", ""2025-07-08"", ""2025-07-09"", ""2025-07-10"", ""2025-07-11"", ""2025-07-12"", ""2025-07-13"", ""2025-07-14"", ""2025-07-15"", ""2025-07-16"", ""2025-07-17"", ""2025-07-18"", ""2025-07-19"", ""2025-07-20"", ""2025-07-21"", ""2025-07-22"", ""2025-07-23"", ""2025-07-24"", ""2025-07-25"", ""2025-07-26"", ""2025-07-27"", ""2025-07-28"", ""2025-07-29"", ""2026-01-08"", ""2026-01-09"", ""2026-01-10"", ""2026-01-11"", ""2026-01-12"", ""2026-01-13"", ""2026-01-14"", ""2026-01-15"", ""2026-01-16"", ""2026-01-17"", ""2026-01-18"", ""2026-01-19"", ""2026-01-20"", ""2026-01-21"", ""2026-01-22"", ""2026-01-23"", ""2026-01-24"", ""2026-01-25"", ""2026-01-26"", ""2026-01-27"", ""2026-01-28"", ""2026-01-29"", ""2026-01-30"", ""2026-01-31"", ""2026-02-01"", ""2026-02-02"", ""2026-02-03"", ""2026-02-04"", ""2026-02-05"", ""2026-02-06"", ""2026-02-07"", ""2026-02-08"", ""2026-02-09"", ""2026-02-10"", ""2026-02-11"", ""2026-02-12"", ""2026-02-13"", ""2026-02-14"", ""2026-02-15"", ""2026-02-16"", ""2026-02-17"", ""2026-02-18"", ""2026-02-19"", ""2026-02-20"", ""2026-02-21"", ""2026-02-22"", ""2026-02-23"", ""2026-02-24"", ""2026-02-25"", ""2026-02-26"", ""2026-02-27"", ""2026-02-28"", ""2026-03-01"", ""2026-03-02"", ""2026-03-03"", ""2026-03-04"", ""2026-03-05"", ""2026-03-06"", ""2026-03-07"", ""2026-03-08"", ""2026-03-09"", ""2026-03-10"", ""2026-03-11"", ""2026-03-12"", ""2026-03-13"", ""2026-03-14"", ""2026-03-15"", ""2026-03-16"", ""2026-03-17"", ""2026-03-18"", ""2026-03-19"", ""2026-03-20"", ""2026-03-21"", ""2026-03-22"", ""2026-03-23"", ""2026-03-24"", ""2026-03-25"", ""2026-03-26"", ""2026-03-27"", ""2026-03-28"", ""2026-03-29"", ""2026-03-30"", ""2026-03-31"", ""2026-04-01"", ""2026-04-02"", ""2026-04-03"", ""2026-04-04"", ""2026-04-05"", ""2026-04-06"", ""2026-04-07""]",,,,,0.5327748073881946,0.5109645284144236,,
A-PN-sel,per_fold,fold_1,2160.0,90.0,2020-07-01,2020-09-28,4.970205425263849,8.294638433469213,3.007460231305021,1.5037301156525105,4.888335827904772,0.08186959735907783,0.43924997600993415,4.007589189895982,3.665474324591639,0.0,0.0,0.4837962962962963,1045.0,586.0,529.0,6.957232707650493,6.150103758800308,12.777398564201292,0.7865740740740741,1699.0,223.0,238.0,15.78523453635729,13.786750950729648,31.024537933074242,0.9351851851851852,2020.0,54.0,86.0,27.849248742880295,23.81876601641386,56.86988963669641,"[""2020-07-01"", ""2020-07-02"", ""2020-07-03"", ""2020-07-04"", ""2020-07-05"", ""2020-07-06"", ""2020-07-07"", ""2020-07-08"", ""2020-07-09"", ""2020-07-10"", ""2020-07-11"", ""2020-07-12"", ""2020-07-13"", ""2020-07-14"", ""2020-07-15"", ""2020-07-16"", ""2020-07-17"", ""2020-07-18"", ""2020-07-19"", ""2020-07-20"", ""2020-07-21"", ""2020-07-22"", ""2020-07-23"", ""2020-07-24"", ""2020-07-25"", ""2020-07-26"", ""2020-07-27"", ""2020-07-28"", ""2020-07-29"", ""2020-07-30"", ""2020-07-31"", ""2020-08-01"", ""2020-08-02"", ""2020-08-03"", ""2020-08-04"", ""2020-08-05"", ""2020-08-06"", ""2020-08-07"", ""2020-08-08"", ""2020-08-09"", ""2020-08-10"", ""2020-08-11"", ""2020-08-12"", ""2020-08-13"", ""2020-08-14"", ""2020-08-15"", ""2020-08-16"", ""2020-08-17"", ""2020-08-18"", ""2020-08-19"", ""2020-08-20"", ""2020-08-21"", ""2020-08-22"", ""2020-08-23"", ""2020-08-24"", ""2020-08-25"", ""2020-08-26"", ""2020-08-27"", ""2020-08-28"", ""2020-08-29"", ""2020-08-30"", ""2020-08-31"", ""2020-09-01"", ""2020-09-02"", ""2020-09-03"", ""2020-09-04"", ""2020-09-05"", ""2020-09-06"", ""2020-09-07"", ""2020-09-08"", ""2020-09-09"", ""2020-09-10"", ""2020-09-11"", ""2020-09-12"", ""2020-09-13"", ""2020-09-14"", ""2020-09-15"", ""2020-09-16"", ""2020-09-17"", ""2020-09-18"", ""2020-09-19"", ""2020-09-20"", ""2020-09-21"", ""2020-09-22"", ""2020-09-23"", ""2020-09-24"", ""2020-09-25"", ""2020-09-26"", ""2020-09-27"", ""2020-09-28""]",2020-07-01,2020-09-28,90.0,False,,,,
A-PN-sel,per_fold,fold_2,2159.0,90.0,2021-04-01,2021-06-29,7.538726974157842,11.347680340604638,4.659064234516377,2.3295321172581884,7.621397505766903,-0.08267053160905963,1.297536959080719,5.8380955404711194,5.40217094777214,0.0,0.0,0.5303381194997684,1145.0,504.0,510.0,11.584831555610565,10.84875333191215,20.59581662030389,0.8073182028716999,1743.0,201.0,215.0,25.846141956531913,23.811486722164602,45.91733112181906,0.9397869383974062,2029.0,64.0,66.0,51.71635306064512,46.82218849056702,89.92189274063908,"[""2021-04-01"", ""2021-04-02"", ""2021-04-03"", ""2021-04-04"", ""2021-04-05"", ""2021-04-06"", ""2021-04-07"", ""2021-04-08"", ""2021-04-09"", ""2021-04-10"", ""2021-04-11"", ""2021-04-12"", ""2021-04-13"", ""2021-04-14"", ""2021-04-15"", ""2021-04-16"", ""2021-04-17"", ""2021-04-18"", ""2021-04-19"", ""2021-04-20"", ""2021-04-21"", ""2021-04-22"", ""2021-04-23"", ""2021-04-24"", ""2021-04-25"", ""2021-04-26"", ""2021-04-27"", ""2021-04-28"", ""2021-04-29"", ""2021-04-30"", ""2021-05-01"", ""2021-05-02"", ""2021-05-03"", ""2021-05-04"", ""2021-05-05"", ""2021-05-06"", ""2021-05-07"", ""2021-05-08"", ""2021-05-09"", ""2021-05-10"", ""2021-05-11"", ""2021-05-12"", ""2021-05-13"", ""2021-05-14"", ""2021-05-15"", ""2021-05-16"", ""2021-05-17"", ""2021-05-18"", ""2021-05-19"", ""2021-05-20"", ""2021-05-21"", ""2021-05-22"", ""2021-05-23"", ""2021-05-24"", ""2021-05-25"", ""2021-05-26"", ""2021-05-27"", ""2021-05-28"", ""2021-05-29"", ""2021-05-30"", ""2021-05-31"", ""2021-06-01"", ""2021-06-02"", ""2021-06-03"", ""2021-06-04"", ""2021-06-05"", ""2021-06-06"", ""2021-06-07"", ""2021-06-08"", ""2021-06-09"", ""2021-06-10"", ""2021-06-11"", ""2021-06-12"", ""2021-06-13"", ""2021-06-14"", ""2021-06-15"", ""2021-06-16"", ""2021-06-17"", ""2021-06-18"", ""2021-06-19"", ""2021-06-20"", ""2021-06-21"", ""2021-06-22"", ""2021-06-23"", ""2021-06-24"", ""2021-06-25"", ""2021-06-26"", ""2021-06-27"", ""2021-06-28"", ""2021-06-29""]",2021-04-01,2021-06-29,90.0,False,,,,
A-PN-sel,per_fold,fold_3,2112.0,88.0,2022-07-01,2022-09-28,46.55618977854975,61.94630338075606,26.909724501492043,13.454862250746022,45.72696665666177,0.8292231218879715,7.228321660204885,39.26512275437121,28.455848154117493,0.0,0.0,0.4744318181818182,1002.0,615.0,495.0,70.68931262477984,69.30396398855126,109.5716535946234,0.7675189393939394,1621.0,260.0,231.0,149.33926817196993,143.12926893422656,225.57516466360113,0.9341856060606061,1973.0,74.0,65.0,257.03073248771767,242.66670696718205,395.73853703639855,"[""2022-07-01"", ""2022-07-02"", ""2022-07-03"", ""2022-07-04"", ""2022-07-05"", ""2022-07-06"", ""2022-07-07"", ""2022-07-08"", ""2022-07-09"", ""2022-07-10"", ""2022-07-11"", ""2022-07-12"", ""2022-07-13"", ""2022-07-14"", ""2022-07-15"", ""2022-07-16"", ""2022-07-17"", ""2022-07-18"", ""2022-07-19"", ""2022-07-22"", ""2022-07-23"", ""2022-07-24"", ""2022-07-25"", ""2022-07-26"", ""2022-07-27"", ""2022-07-28"", ""2022-07-29"", ""2022-07-30"", ""2022-07-31"", ""2022-08-01"", ""2022-08-02"", ""2022-08-03"", ""2022-08-04"", ""2022-08-05"", ""2022-08-06"", ""2022-08-07"", ""2022-08-08"", ""2022-08-09"", ""2022-08-10"", ""2022-08-11"", ""2022-08-12"", ""2022-08-13"", ""2022-08-14"", ""2022-08-15"", ""2022-08-16"", ""2022-08-17"", ""2022-08-18"", ""2022-08-19"", ""2022-08-20"", ""2022-08-21"", ""2022-08-22"", ""2022-08-23"", ""2022-08-24"", ""2022-08-25"", ""2022-08-26"", ""2022-08-27"", ""2022-08-28"", ""2022-08-29"", ""2022-08-30"", ""2022-08-31"", ""2022-09-01"", ""2022-09-02"", ""2022-09-03"", ""2022-09-04"", ""2022-09-05"", ""2022-09-06"", ""2022-09-07"", ""2022-09-08"", ""2022-09-09"", ""2022-09-10"", ""2022-09-11"", ""2022-09-12"", ""2022-09-13"", ""2022-09-14"", ""2022-09-15"", ""2022-09-16"", ""2022-09-17"", ""2022-09-18"", ""2022-09-19"", ""2022-09-20"", ""2022-09-21"", ""2022-09-22"", ""2022-09-23"", ""2022-09-24"", ""2022-09-25"", ""2022-09-26"", ""2022-09-27"", ""2022-09-28""]",2022-07-01,2022-09-28,90.0,True,,,,
A-PN-sel,per_fold,fold_4,2160.0,90.0,2025-05-01,2025-07-29,14.150138421636434,21.6067704789472,8.262159741489459,4.131079870744729,13.973418595850088,0.1767198257863437,-0.32749755965009386,8.631361621588457,12.312505905902269,0.0,0.0,0.46805555555555556,1011.0,546.0,603.0,20.649763056042964,20.323045256719176,32.41484458828681,0.7847222222222222,1695.0,206.0,259.0,41.755810703736216,41.283760913991,62.59368691044098,0.937962962962963,2026.0,62.0,72.0,74.97930669450457,73.46448141065152,111.8948507614214,"[""2025-05-01"", ""2025-05-02"", ""2025-05-03"", ""2025-05-04"", ""2025-05-05"", ""2025-05-06"", ""2025-05-07"", ""2025-05-08"", ""2025-05-09"", ""2025-05-10"", ""2025-05-11"", ""2025-05-12"", ""2025-05-13"", ""2025-05-14"", ""2025-05-15"", ""2025-05-16"", ""2025-05-17"", ""2025-05-18"", ""2025-05-19"", ""2025-05-20"", ""2025-05-21"", ""2025-05-22"", ""2025-05-23"", ""2025-05-24"", ""2025-05-25"", ""2025-05-26"", ""2025-05-27"", ""2025-05-28"", ""2025-05-29"", ""2025-05-30"", ""2025-05-31"", ""2025-06-01"", ""2025-06-02"", ""2025-06-03"", ""2025-06-04"", ""2025-06-05"", ""2025-06-06"", ""2025-06-07"", ""2025-06-08"", ""2025-06-09"", ""2025-06-10"", ""2025-06-11"", ""2025-06-12"", ""2025-06-13"", ""2025-06-14"", ""2025-06-15"", ""2025-06-16"", ""2025-06-17"", ""2025-06-18"", ""2025-06-19"", ""2025-06-20"", ""2025-06-21"", ""2025-06-22"", ""2025-06-23"", ""2025-06-24"", ""2025-06-25"", ""2025-06-26"", ""2025-06-27"", ""2025-06-28"", ""2025-06-29"", ""2025-06-30"", ""2025-07-01"", ""2025-07-02"", ""2025-07-03"", ""2025-07-04"", ""2025-07-05"", ""2025-07-06"", ""2025-07-07"", ""2025-07-08"", ""2025-07-09"", ""2025-07-10"", ""2025-07-11"", ""2025-07-12"", ""2025-07-13"", ""2025-07-14"", ""2025-07-15"", ""2025-07-16"", ""2025-07-17"", ""2025-07-18"", ""2025-07-19"", ""2025-07-20"", ""2025-07-21"", ""2025-07-22"", ""2025-07-23"", ""2025-07-24"", ""2025-07-25"", ""2025-07-26"", ""2025-07-27"", ""2025-07-28"", ""2025-07-29""]",2025-05-01,2025-07-29,90.0,False,,,,
A-PN-sel,per_fold,fold_5,2156.0,90.0,2026-01-08,2026-04-07,14.823322982490279,21.330394358570445,8.675891546035729,4.337945773017864,14.556620368276096,0.2667026142141858,-1.5052063848807808,11.107322522401871,11.079336432763935,0.0,0.0,0.49211502782931354,1061.0,547.0,548.0,22.99068687834119,23.34893203265871,39.25429417226153,0.8028756957328386,1731.0,211.0,214.0,49.67201668046652,50.19239873841627,82.34139560357808,0.949443413729128,2047.0,53.0,56.0,99.79510664190781,98.8237611392895,172.27692488763964,"[""2026-01-08"", ""2026-01-09"", ""2026-01-10"", ""2026-01-11"", ""2026-01-12"", ""2026-01-13"", ""2026-01-14"", ""2026-01-15"", ""2026-01-16"", ""2026-01-17"", ""2026-01-18"", ""2026-01-19"", ""2026-01-20"", ""2026-01-21"", ""2026-01-22"", ""2026-01-23"", ""2026-01-24"", ""2026-01-25"", ""2026-01-26"", ""2026-01-27"", ""2026-01-28"", ""2026-01-29"", ""2026-01-30"", ""2026-01-31"", ""2026-02-01"", ""2026-02-02"", ""2026-02-03"", ""2026-02-04"", ""2026-02-05"", ""2026-02-06"", ""2026-02-07"", ""2026-02-08"", ""2026-02-09"", ""2026-02-10"", ""2026-02-11"", ""2026-02-12"", ""2026-02-13"", ""2026-02-14"", ""2026-02-15"", ""2026-02-16"", ""2026-02-17"", ""2026-02-18"", ""2026-02-19"", ""2026-02-20"", ""2026-02-21"", ""2026-02-22"", ""2026-02-23"", ""2026-02-24"", ""2026-02-25"", ""2026-02-26"", ""2026-02-27"", ""2026-02-28"", ""2026-03-01"", ""2026-03-02"", ""2026-03-03"", ""2026-03-04"", ""2026-03-05"", ""2026-03-06"", ""2026-03-07"", ""2026-03-08"", ""2026-03-09"", ""2026-03-10"", ""2026-03-11"", ""2026-03-12"", ""2026-03-13"", ""2026-03-14"", ""2026-03-15"", ""2026-03-16"", ""2026-03-17"", ""2026-03-18"", ""2026-03-19"", ""2026-03-20"", ""2026-03-21"", ""2026-03-22"", ""2026-03-23"", ""2026-03-24"", ""2026-03-25"", ""2026-03-26"", ""2026-03-27"", ""2026-03-28"", ""2026-03-29"", ""2026-03-30"", ""2026-03-31"", ""2026-04-01"", ""2026-04-02"", ""2026-04-03"", ""2026-04-04"", ""2026-04-05"", ""2026-04-06"", ""2026-04-07""]",2026-01-08,2026-04-07,90.0,False,,,,
A-LP,pooled,all,10747.0,448.0,2020-07-01,2026-04-07,17.587950357443304,31.50325671843715,10.281615497948172,5.140807748974086,17.321169940385886,0.26678041705741845,1.4007223383954004,13.71175148744166,12.248244765924508,0.0,0.0,0.49511491579045314,5321.0,2743.0,2683.0,26.563325417656028,17.17175197168409,85.46373495347397,0.7885921652554201,8475.0,1106.0,1166.0,56.93585814719913,36.81927546665176,182.07345170654838,0.9385875127942682,10087.0,300.0,360.0,102.54293063994069,70.88816796724635,308.3230187531488,"[""2020-07-01"", ""2020-07-02"", ""2020-07-03"", ""2020-07-04"", ""2020-07-05"", ""2020-07-06"", ""2020-07-07"", ""2020-07-08"", ""2020-07-09"", ""2020-07-10"", ""2020-07-11"", ""2020-07-12"", ""2020-07-13"", ""2020-07-14"", ""2020-07-15"", ""2020-07-16"", ""2020-07-17"", ""2020-07-18"", ""2020-07-19"", ""2020-07-20"", ""2020-07-21"", ""2020-07-22"", ""2020-07-23"", ""2020-07-24"", ""2020-07-25"", ""2020-07-26"", ""2020-07-27"", ""2020-07-28"", ""2020-07-29"", ""2020-07-30"", ""2020-07-31"", ""2020-08-01"", ""2020-08-02"", ""2020-08-03"", ""2020-08-04"", ""2020-08-05"", ""2020-08-06"", ""2020-08-07"", ""2020-08-08"", ""2020-08-09"", ""2020-08-10"", ""2020-08-11"", ""2020-08-12"", ""2020-08-13"", ""2020-08-14"", ""2020-08-15"", ""2020-08-16"", ""2020-08-17"", ""2020-08-18"", ""2020-08-19"", ""2020-08-20"", ""2020-08-21"", ""2020-08-22"", ""2020-08-23"", ""2020-08-24"", ""2020-08-25"", ""2020-08-26"", ""2020-08-27"", ""2020-08-28"", ""2020-08-29"", ""2020-08-30"", ""2020-08-31"", ""2020-09-01"", ""2020-09-02"", ""2020-09-03"", ""2020-09-04"", ""2020-09-05"", ""2020-09-06"", ""2020-09-07"", ""2020-09-08"", ""2020-09-09"", ""2020-09-10"", ""2020-09-11"", ""2020-09-12"", ""2020-09-13"", ""2020-09-14"", ""2020-09-15"", ""2020-09-16"", ""2020-09-17"", ""2020-09-18"", ""2020-09-19"", ""2020-09-20"", ""2020-09-21"", ""2020-09-22"", ""2020-09-23"", ""2020-09-24"", ""2020-09-25"", ""2020-09-26"", ""2020-09-27"", ""2020-09-28"", ""2021-04-01"", ""2021-04-02"", ""2021-04-03"", ""2021-04-04"", ""2021-04-05"", ""2021-04-06"", ""2021-04-07"", ""2021-04-08"", ""2021-04-09"", ""2021-04-10"", ""2021-04-11"", ""2021-04-12"", ""2021-04-13"", ""2021-04-14"", ""2021-04-15"", ""2021-04-16"", ""2021-04-17"", ""2021-04-18"", ""2021-04-19"", ""2021-04-20"", ""2021-04-21"", ""2021-04-22"", ""2021-04-23"", ""2021-04-24"", ""2021-04-25"", ""2021-04-26"", ""2021-04-27"", ""2021-04-28"", ""2021-04-29"", ""2021-04-30"", ""2021-05-01"", ""2021-05-02"", ""2021-05-03"", ""2021-05-04"", ""2021-05-05"", ""2021-05-06"", ""2021-05-07"", ""2021-05-08"", ""2021-05-09"", ""2021-05-10"", ""2021-05-11"", ""2021-05-12"", ""2021-05-13"", ""2021-05-14"", ""2021-05-15"", ""2021-05-16"", ""2021-05-17"", ""2021-05-18"", ""2021-05-19"", ""2021-05-20"", ""2021-05-21"", ""2021-05-22"", ""2021-05-23"", ""2021-05-24"", ""2021-05-25"", ""2021-05-26"", ""2021-05-27"", ""2021-05-28"", ""2021-05-29"", ""2021-05-30"", ""2021-05-31"", ""2021-06-01"", ""2021-06-02"", ""2021-06-03"", ""2021-06-04"", ""2021-06-05"", ""2021-06-06"", ""2021-06-07"", ""2021-06-08"", ""2021-06-09"", ""2021-06-10"", ""2021-06-11"", ""2021-06-12"", ""2021-06-13"", ""2021-06-14"", ""2021-06-15"", ""2021-06-16"", ""2021-06-17"", ""2021-06-18"", ""2021-06-19"", ""2021-06-20"", ""2021-06-21"", ""2021-06-22"", ""2021-06-23"", ""2021-06-24"", ""2021-06-25"", ""2021-06-26"", ""2021-06-27"", ""2021-06-28"", ""2021-06-29"", ""2022-07-01"", ""2022-07-02"", ""2022-07-03"", ""2022-07-04"", ""2022-07-05"", ""2022-07-06"", ""2022-07-07"", ""2022-07-08"", ""2022-07-09"", ""2022-07-10"", ""2022-07-11"", ""2022-07-12"", ""2022-07-13"", ""2022-07-14"", ""2022-07-15"", ""2022-07-16"", ""2022-07-17"", ""2022-07-18"", ""2022-07-19"", ""2022-07-22"", ""2022-07-23"", ""2022-07-24"", ""2022-07-25"", ""2022-07-26"", ""2022-07-27"", ""2022-07-28"", ""2022-07-29"", ""2022-07-30"", ""2022-07-31"", ""2022-08-01"", ""2022-08-02"", ""2022-08-03"", ""2022-08-04"", ""2022-08-05"", ""2022-08-06"", ""2022-08-07"", ""2022-08-08"", ""2022-08-09"", ""2022-08-10"", ""2022-08-11"", ""2022-08-12"", ""2022-08-13"", ""2022-08-14"", ""2022-08-15"", ""2022-08-16"", ""2022-08-17"", ""2022-08-18"", ""2022-08-19"", ""2022-08-20"", ""2022-08-21"", ""2022-08-22"", ""2022-08-23"", ""2022-08-24"", ""2022-08-25"", ""2022-08-26"", ""2022-08-27"", ""2022-08-28"", ""2022-08-29"", ""2022-08-30"", ""2022-08-31"", ""2022-09-01"", ""2022-09-02"", ""2022-09-03"", ""2022-09-04"", ""2022-09-05"", ""2022-09-06"", ""2022-09-07"", ""2022-09-08"", ""2022-09-09"", ""2022-09-10"", ""2022-09-11"", ""2022-09-12"", ""2022-09-13"", ""2022-09-14"", ""2022-09-15"", ""2022-09-16"", ""2022-09-17"", ""2022-09-18"", ""2022-09-19"", ""2022-09-20"", ""2022-09-21"", ""2022-09-22"", ""2022-09-23"", ""2022-09-24"", ""2022-09-25"", ""2022-09-26"", ""2022-09-27"", ""2022-09-28"", ""2025-05-01"", ""2025-05-02"", ""2025-05-03"", ""2025-05-04"", ""2025-05-05"", ""2025-05-06"", ""2025-05-07"", ""2025-05-08"", ""2025-05-09"", ""2025-05-10"", ""2025-05-11"", ""2025-05-12"", ""2025-05-13"", ""2025-05-14"", ""2025-05-15"", ""2025-05-16"", ""2025-05-17"", ""2025-05-18"", ""2025-05-19"", ""2025-05-20"", ""2025-05-21"", ""2025-05-22"", ""2025-05-23"", ""2025-05-24"", ""2025-05-25"", ""2025-05-26"", ""2025-05-27"", ""2025-05-28"", ""2025-05-29"", ""2025-05-30"", ""2025-05-31"", ""2025-06-01"", ""2025-06-02"", ""2025-06-03"", ""2025-06-04"", ""2025-06-05"", ""2025-06-06"", ""2025-06-07"", ""2025-06-08"", ""2025-06-09"", ""2025-06-10"", ""2025-06-11"", ""2025-06-12"", ""2025-06-13"", ""2025-06-14"", ""2025-06-15"", ""2025-06-16"", ""2025-06-17"", ""2025-06-18"", ""2025-06-19"", ""2025-06-20"", ""2025-06-21"", ""2025-06-22"", ""2025-06-23"", ""2025-06-24"", ""2025-06-25"", ""2025-06-26"", ""2025-06-27"", ""2025-06-28"", ""2025-06-29"", ""2025-06-30"", ""2025-07-01"", ""2025-07-02"", ""2025-07-03"", ""2025-07-04"", ""2025-07-05"", ""2025-07-06"", ""2025-07-07"", ""2025-07-08"", ""2025-07-09"", ""2025-07-10"", ""2025-07-11"", ""2025-07-12"", ""2025-07-13"", ""2025-07-14"", ""2025-07-15"", ""2025-07-16"", ""2025-07-17"", ""2025-07-18"", ""2025-07-19"", ""2025-07-20"", ""2025-07-21"", ""2025-07-22"", ""2025-07-23"", ""2025-07-24"", ""2025-07-25"", ""2025-07-26"", ""2025-07-27"", ""2025-07-28"", ""2025-07-29"", ""2026-01-08"", ""2026-01-09"", ""2026-01-10"", ""2026-01-11"", ""2026-01-12"", ""2026-01-13"", ""2026-01-14"", ""2026-01-15"", ""2026-01-16"", ""2026-01-17"", ""2026-01-18"", ""2026-01-19"", ""2026-01-20"", ""2026-01-21"", ""2026-01-22"", ""2026-01-23"", ""2026-01-24"", ""2026-01-25"", ""2026-01-26"", ""2026-01-27"", ""2026-01-28"", ""2026-01-29"", ""2026-01-30"", ""2026-01-31"", ""2026-02-01"", ""2026-02-02"", ""2026-02-03"", ""2026-02-04"", ""2026-02-05"", ""2026-02-06"", ""2026-02-07"", ""2026-02-08"", ""2026-02-09"", ""2026-02-10"", ""2026-02-11"", ""2026-02-12"", ""2026-02-13"", ""2026-02-14"", ""2026-02-15"", ""2026-02-16"", ""2026-02-17"", ""2026-02-18"", ""2026-02-19"", ""2026-02-20"", ""2026-02-21"", ""2026-02-22"", ""2026-02-23"", ""2026-02-24"", ""2026-02-25"", ""2026-02-26"", ""2026-02-27"", ""2026-02-28"", ""2026-03-01"", ""2026-03-02"", ""2026-03-03"", ""2026-03-04"", ""2026-03-05"", ""2026-03-06"", ""2026-03-07"", ""2026-03-08"", ""2026-03-09"", ""2026-03-10"", ""2026-03-11"", ""2026-03-12"", ""2026-03-13"", ""2026-03-14"", ""2026-03-15"", ""2026-03-16"", ""2026-03-17"", ""2026-03-18"", ""2026-03-19"", ""2026-03-20"", ""2026-03-21"", ""2026-03-22"", ""2026-03-23"", ""2026-03-24"", ""2026-03-25"", ""2026-03-26"", ""2026-03-27"", ""2026-03-28"", ""2026-03-29"", ""2026-03-30"", ""2026-03-31"", ""2026-04-01"", ""2026-04-02"", ""2026-04-03"", ""2026-04-04"", ""2026-04-05"", ""2026-04-06"", ""2026-04-07""]",,,,,0.5360529065620541,0.5135517142766807,,
A-LP,per_fold,fold_1,2160.0,90.0,2020-07-01,2020-09-28,4.861510165070184,8.294410966390314,2.983048024001104,1.4915240120005517,4.766134319315947,0.0953758457542367,0.36740835100950303,3.93487943003598,3.5968259772525717,0.0,0.0,0.487962962962963,1054.0,578.0,528.0,6.767421445900669,5.957005274815978,12.279556828246257,0.7828703703703703,1691.0,227.0,242.0,15.691651195861272,13.798617986108397,31.06917585910373,0.9361111111111111,2022.0,56.0,82.0,27.03600860830279,23.133345269053045,55.24857709267011,"[""2020-07-01"", ""2020-07-02"", ""2020-07-03"", ""2020-07-04"", ""2020-07-05"", ""2020-07-06"", ""2020-07-07"", ""2020-07-08"", ""2020-07-09"", ""2020-07-10"", ""2020-07-11"", ""2020-07-12"", ""2020-07-13"", ""2020-07-14"", ""2020-07-15"", ""2020-07-16"", ""2020-07-17"", ""2020-07-18"", ""2020-07-19"", ""2020-07-20"", ""2020-07-21"", ""2020-07-22"", ""2020-07-23"", ""2020-07-24"", ""2020-07-25"", ""2020-07-26"", ""2020-07-27"", ""2020-07-28"", ""2020-07-29"", ""2020-07-30"", ""2020-07-31"", ""2020-08-01"", ""2020-08-02"", ""2020-08-03"", ""2020-08-04"", ""2020-08-05"", ""2020-08-06"", ""2020-08-07"", ""2020-08-08"", ""2020-08-09"", ""2020-08-10"", ""2020-08-11"", ""2020-08-12"", ""2020-08-13"", ""2020-08-14"", ""2020-08-15"", ""2020-08-16"", ""2020-08-17"", ""2020-08-18"", ""2020-08-19"", ""2020-08-20"", ""2020-08-21"", ""2020-08-22"", ""2020-08-23"", ""2020-08-24"", ""2020-08-25"", ""2020-08-26"", ""2020-08-27"", ""2020-08-28"", ""2020-08-29"", ""2020-08-30"", ""2020-08-31"", ""2020-09-01"", ""2020-09-02"", ""2020-09-03"", ""2020-09-04"", ""2020-09-05"", ""2020-09-06"", ""2020-09-07"", ""2020-09-08"", ""2020-09-09"", ""2020-09-10"", ""2020-09-11"", ""2020-09-12"", ""2020-09-13"", ""2020-09-14"", ""2020-09-15"", ""2020-09-16"", ""2020-09-17"", ""2020-09-18"", ""2020-09-19"", ""2020-09-20"", ""2020-09-21"", ""2020-09-22"", ""2020-09-23"", ""2020-09-24"", ""2020-09-25"", ""2020-09-26"", ""2020-09-27"", ""2020-09-28""]",2020-07-01,2020-09-28,90.0,False,,,,
A-LP,per_fold,fold_2,2159.0,90.0,2021-04-01,2021-06-29,7.8937423090025645,12.036854972598102,4.924228324982904,2.462114162491452,8.028534230018522,-0.1347919210159585,1.2214177536663104,6.115990582647873,5.579436639081842,0.0,0.0,0.5220009263547939,1127.0,501.0,531.0,11.877240732353812,11.022897003358025,21.52333364559935,0.8012968967114404,1730.0,199.0,230.0,26.885609933703666,23.981941637607967,50.21354387288103,0.9337656322371468,2016.0,68.0,75.0,55.95224804507406,50.74015379208702,102.12128818655627,"[""2021-04-01"", ""2021-04-02"", ""2021-04-03"", ""2021-04-04"", ""2021-04-05"", ""2021-04-06"", ""2021-04-07"", ""2021-04-08"", ""2021-04-09"", ""2021-04-10"", ""2021-04-11"", ""2021-04-12"", ""2021-04-13"", ""2021-04-14"", ""2021-04-15"", ""2021-04-16"", ""2021-04-17"", ""2021-04-18"", ""2021-04-19"", ""2021-04-20"", ""2021-04-21"", ""2021-04-22"", ""2021-04-23"", ""2021-04-24"", ""2021-04-25"", ""2021-04-26"", ""2021-04-27"", ""2021-04-28"", ""2021-04-29"", ""2021-04-30"", ""2021-05-01"", ""2021-05-02"", ""2021-05-03"", ""2021-05-04"", ""2021-05-05"", ""2021-05-06"", ""2021-05-07"", ""2021-05-08"", ""2021-05-09"", ""2021-05-10"", ""2021-05-11"", ""2021-05-12"", ""2021-05-13"", ""2021-05-14"", ""2021-05-15"", ""2021-05-16"", ""2021-05-17"", ""2021-05-18"", ""2021-05-19"", ""2021-05-20"", ""2021-05-21"", ""2021-05-22"", ""2021-05-23"", ""2021-05-24"", ""2021-05-25"", ""2021-05-26"", ""2021-05-27"", ""2021-05-28"", ""2021-05-29"", ""2021-05-30"", ""2021-05-31"", ""2021-06-01"", ""2021-06-02"", ""2021-06-03"", ""2021-06-04"", ""2021-06-05"", ""2021-06-06"", ""2021-06-07"", ""2021-06-08"", ""2021-06-09"", ""2021-06-10"", ""2021-06-11"", ""2021-06-12"", ""2021-06-13"", ""2021-06-14"", ""2021-06-15"", ""2021-06-16"", ""2021-06-17"", ""2021-06-18"", ""2021-06-19"", ""2021-06-20"", ""2021-06-21"", ""2021-06-22"", ""2021-06-23"", ""2021-06-24"", ""2021-06-25"", ""2021-06-26"", ""2021-06-27"", ""2021-06-28"", ""2021-06-29""]",2021-04-01,2021-06-29,90.0,False,,,,
A-LP,per_fold,fold_3,2112.0,88.0,2022-07-01,2022-09-28,46.765091817448194,62.38415212800755,27.008901453725304,13.504450726862652,45.74518716990592,1.0199046475422782,6.0894825461606725,39.66483046902469,29.05602466253636,0.0,0.0,0.48863636363636365,1032.0,579.0,501.0,70.90123581789113,68.07443080536413,110.4208467732763,0.7732007575757576,1633.0,250.0,229.0,152.96756338878947,146.52262555476688,234.90358191116198,0.9327651515151515,1970.0,68.0,74.0,263.7279749784541,249.46881702037837,408.1181716238381,"[""2022-07-01"", ""2022-07-02"", ""2022-07-03"", ""2022-07-04"", ""2022-07-05"", ""2022-07-06"", ""2022-07-07"", ""2022-07-08"", ""2022-07-09"", ""2022-07-10"", ""2022-07-11"", ""2022-07-12"", ""2022-07-13"", ""2022-07-14"", ""2022-07-15"", ""2022-07-16"", ""2022-07-17"", ""2022-07-18"", ""2022-07-19"", ""2022-07-22"", ""2022-07-23"", ""2022-07-24"", ""2022-07-25"", ""2022-07-26"", ""2022-07-27"", ""2022-07-28"", ""2022-07-29"", ""2022-07-30"", ""2022-07-31"", ""2022-08-01"", ""2022-08-02"", ""2022-08-03"", ""2022-08-04"", ""2022-08-05"", ""2022-08-06"", ""2022-08-07"", ""2022-08-08"", ""2022-08-09"", ""2022-08-10"", ""2022-08-11"", ""2022-08-12"", ""2022-08-13"", ""2022-08-14"", ""2022-08-15"", ""2022-08-16"", ""2022-08-17"", ""2022-08-18"", ""2022-08-19"", ""2022-08-20"", ""2022-08-21"", ""2022-08-22"", ""2022-08-23"", ""2022-08-24"", ""2022-08-25"", ""2022-08-26"", ""2022-08-27"", ""2022-08-28"", ""2022-08-29"", ""2022-08-30"", ""2022-08-31"", ""2022-09-01"", ""2022-09-02"", ""2022-09-03"", ""2022-09-04"", ""2022-09-05"", ""2022-09-06"", ""2022-09-07"", ""2022-09-08"", ""2022-09-09"", ""2022-09-10"", ""2022-09-11"", ""2022-09-12"", ""2022-09-13"", ""2022-09-14"", ""2022-09-15"", ""2022-09-16"", ""2022-09-17"", ""2022-09-18"", ""2022-09-19"", ""2022-09-20"", ""2022-09-21"", ""2022-09-22"", ""2022-09-23"", ""2022-09-24"", ""2022-09-25"", ""2022-09-26"", ""2022-09-27"", ""2022-09-28""]",2022-07-01,2022-09-28,90.0,True,,,,
A-LP,per_fold,fold_4,2160.0,90.0,2025-05-01,2025-07-29,13.849342480438352,21.29741244339193,8.082751092575721,4.041375546287861,13.65738536705171,0.19195711338664292,-0.19612202980006924,8.238223086156358,12.046892020654399,0.0,0.0,0.47824074074074074,1033.0,536.0,591.0,20.182868296758063,20.19769118809655,31.27678179145495,0.7833333333333333,1692.0,213.0,255.0,40.752708729216046,40.24437843346578,61.47242745452861,0.9365740740740741,2023.0,63.0,74.0,73.92348396990724,72.4020872280517,111.11461535228408,"[""2025-05-01"", ""2025-05-02"", ""2025-05-03"", ""2025-05-04"", ""2025-05-05"", ""2025-05-06"", ""2025-05-07"", ""2025-05-08"", ""2025-05-09"", ""2025-05-10"", ""2025-05-11"", ""2025-05-12"", ""2025-05-13"", ""2025-05-14"", ""2025-05-15"", ""2025-05-16"", ""2025-05-17"", ""2025-05-18"", ""2025-05-19"", ""2025-05-20"", ""2025-05-21"", ""2025-05-22"", ""2025-05-23"", ""2025-05-24"", ""2025-05-25"", ""2025-05-26"", ""2025-05-27"", ""2025-05-28"", ""2025-05-29"", ""2025-05-30"", ""2025-05-31"", ""2025-06-01"", ""2025-06-02"", ""2025-06-03"", ""2025-06-04"", ""2025-06-05"", ""2025-06-06"", ""2025-06-07"", ""2025-06-08"", ""2025-06-09"", ""2025-06-10"", ""2025-06-11"", ""2025-06-12"", ""2025-06-13"", ""2025-06-14"", ""2025-06-15"", ""2025-06-16"", ""2025-06-17"", ""2025-06-18"", ""2025-06-19"", ""2025-06-20"", ""2025-06-21"", ""2025-06-22"", ""2025-06-23"", ""2025-06-24"", ""2025-06-25"", ""2025-06-26"", ""2025-06-27"", ""2025-06-28"", ""2025-06-29"", ""2025-06-30"", ""2025-07-01"", ""2025-07-02"", ""2025-07-03"", ""2025-07-04"", ""2025-07-05"", ""2025-07-06"", ""2025-07-07"", ""2025-07-08"", ""2025-07-09"", ""2025-07-10"", ""2025-07-11"", ""2025-07-12"", ""2025-07-13"", ""2025-07-14"", ""2025-07-15"", ""2025-07-16"", ""2025-07-17"", ""2025-07-18"", ""2025-07-19"", ""2025-07-20"", ""2025-07-21"", ""2025-07-22"", ""2025-07-23"", ""2025-07-24"", ""2025-07-25"", ""2025-07-26"", ""2025-07-27"", ""2025-07-28"", ""2025-07-29""]",2025-05-01,2025-07-29,90.0,False,,,,
A-LP,per_fold,fold_5,2156.0,90.0,2026-01-08,2026-04-07,15.209553438570335,21.59382556125265,8.7755968649059,4.38779843245295,15.03171155905459,0.17784187951574207,-0.3777567489489381,11.181568957823025,11.330764300954142,0.0,0.0,0.49860853432282004,1075.0,549.0,532.0,24.06171596979061,24.551058125731885,40.585874834566425,0.801948051948052,1729.0,217.0,210.0,50.4899463570466,51.36374325911893,81.99079422418933,0.9536178107606679,2056.0,45.0,55.0,95.62244199197548,97.25463865228076,155.27393140214167,"[""2026-01-08"", ""2026-01-09"", ""2026-01-10"", ""2026-01-11"", ""2026-01-12"", ""2026-01-13"", ""2026-01-14"", ""2026-01-15"", ""2026-01-16"", ""2026-01-17"", ""2026-01-18"", ""2026-01-19"", ""2026-01-20"", ""2026-01-21"", ""2026-01-22"", ""2026-01-23"", ""2026-01-24"", ""2026-01-25"", ""2026-01-26"", ""2026-01-27"", ""2026-01-28"", ""2026-01-29"", ""2026-01-30"", ""2026-01-31"", ""2026-02-01"", ""2026-02-02"", ""2026-02-03"", ""2026-02-04"", ""2026-02-05"", ""2026-02-06"", ""2026-02-07"", ""2026-02-08"", ""2026-02-09"", ""2026-02-10"", ""2026-02-11"", ""2026-02-12"", ""2026-02-13"", ""2026-02-14"", ""2026-02-15"", ""2026-02-16"", ""2026-02-17"", ""2026-02-18"", ""2026-02-19"", ""2026-02-20"", ""2026-02-21"", ""2026-02-22"", ""2026-02-23"", ""2026-02-24"", ""2026-02-25"", ""2026-02-26"", ""2026-02-27"", ""2026-02-28"", ""2026-03-01"", ""2026-03-02"", ""2026-03-03"", ""2026-03-04"", ""2026-03-05"", ""2026-03-06"", ""2026-03-07"", ""2026-03-08"", ""2026-03-09"", ""2026-03-10"", ""2026-03-11"", ""2026-03-12"", ""2026-03-13"", ""2026-03-14"", ""2026-03-15"", ""2026-03-16"", ""2026-03-17"", ""2026-03-18"", ""2026-03-19"", ""2026-03-20"", ""2026-03-21"", ""2026-03-22"", ""2026-03-23"", ""2026-03-24"", ""2026-03-25"", ""2026-03-26"", ""2026-03-27"", ""2026-03-28"", ""2026-03-29"", ""2026-03-30"", ""2026-03-31"", ""2026-04-01"", ""2026-04-02"", ""2026-04-03"", ""2026-04-04"", ""2026-04-05"", ""2026-04-06"", ""2026-04-07""]",2026-01-08,2026-04-07,90.0,False,,,,
A-LN,pooled,all,10747.0,448.0,2020-07-01,2026-04-07,17.535750572494926,31.448569021765213,10.238770386332286,5.119385193166144,17.253238169565357,0.28251240292957014,1.515801651531876,13.749509871462555,12.116521814426415,0.0,0.0,0.49260258676840046,5294.0,2755.0,2698.0,26.36466850781112,16.650081329895144,85.48170822095852,0.7883130175863031,8472.0,1120.0,1155.0,55.715007301177565,36.05653043381824,176.42111743570936,0.9378431190099563,10079.0,317.0,351.0,101.65016027949935,70.03069963405045,302.9408031115682,"[""2020-07-01"", ""2020-07-02"", ""2020-07-03"", ""2020-07-04"", ""2020-07-05"", ""2020-07-06"", ""2020-07-07"", ""2020-07-08"", ""2020-07-09"", ""2020-07-10"", ""2020-07-11"", ""2020-07-12"", ""2020-07-13"", ""2020-07-14"", ""2020-07-15"", ""2020-07-16"", ""2020-07-17"", ""2020-07-18"", ""2020-07-19"", ""2020-07-20"", ""2020-07-21"", ""2020-07-22"", ""2020-07-23"", ""2020-07-24"", ""2020-07-25"", ""2020-07-26"", ""2020-07-27"", ""2020-07-28"", ""2020-07-29"", ""2020-07-30"", ""2020-07-31"", ""2020-08-01"", ""2020-08-02"", ""2020-08-03"", ""2020-08-04"", ""2020-08-05"", ""2020-08-06"", ""2020-08-07"", ""2020-08-08"", ""2020-08-09"", ""2020-08-10"", ""2020-08-11"", ""2020-08-12"", ""2020-08-13"", ""2020-08-14"", ""2020-08-15"", ""2020-08-16"", ""2020-08-17"", ""2020-08-18"", ""2020-08-19"", ""2020-08-20"", ""2020-08-21"", ""2020-08-22"", ""2020-08-23"", ""2020-08-24"", ""2020-08-25"", ""2020-08-26"", ""2020-08-27"", ""2020-08-28"", ""2020-08-29"", ""2020-08-30"", ""2020-08-31"", ""2020-09-01"", ""2020-09-02"", ""2020-09-03"", ""2020-09-04"", ""2020-09-05"", ""2020-09-06"", ""2020-09-07"", ""2020-09-08"", ""2020-09-09"", ""2020-09-10"", ""2020-09-11"", ""2020-09-12"", ""2020-09-13"", ""2020-09-14"", ""2020-09-15"", ""2020-09-16"", ""2020-09-17"", ""2020-09-18"", ""2020-09-19"", ""2020-09-20"", ""2020-09-21"", ""2020-09-22"", ""2020-09-23"", ""2020-09-24"", ""2020-09-25"", ""2020-09-26"", ""2020-09-27"", ""2020-09-28"", ""2021-04-01"", ""2021-04-02"", ""2021-04-03"", ""2021-04-04"", ""2021-04-05"", ""2021-04-06"", ""2021-04-07"", ""2021-04-08"", ""2021-04-09"", ""2021-04-10"", ""2021-04-11"", ""2021-04-12"", ""2021-04-13"", ""2021-04-14"", ""2021-04-15"", ""2021-04-16"", ""2021-04-17"", ""2021-04-18"", ""2021-04-19"", ""2021-04-20"", ""2021-04-21"", ""2021-04-22"", ""2021-04-23"", ""2021-04-24"", ""2021-04-25"", ""2021-04-26"", ""2021-04-27"", ""2021-04-28"", ""2021-04-29"", ""2021-04-30"", ""2021-05-01"", ""2021-05-02"", ""2021-05-03"", ""2021-05-04"", ""2021-05-05"", ""2021-05-06"", ""2021-05-07"", ""2021-05-08"", ""2021-05-09"", ""2021-05-10"", ""2021-05-11"", ""2021-05-12"", ""2021-05-13"", ""2021-05-14"", ""2021-05-15"", ""2021-05-16"", ""2021-05-17"", ""2021-05-18"", ""2021-05-19"", ""2021-05-20"", ""2021-05-21"", ""2021-05-22"", ""2021-05-23"", ""2021-05-24"", ""2021-05-25"", ""2021-05-26"", ""2021-05-27"", ""2021-05-28"", ""2021-05-29"", ""2021-05-30"", ""2021-05-31"", ""2021-06-01"", ""2021-06-02"", ""2021-06-03"", ""2021-06-04"", ""2021-06-05"", ""2021-06-06"", ""2021-06-07"", ""2021-06-08"", ""2021-06-09"", ""2021-06-10"", ""2021-06-11"", ""2021-06-12"", ""2021-06-13"", ""2021-06-14"", ""2021-06-15"", ""2021-06-16"", ""2021-06-17"", ""2021-06-18"", ""2021-06-19"", ""2021-06-20"", ""2021-06-21"", ""2021-06-22"", ""2021-06-23"", ""2021-06-24"", ""2021-06-25"", ""2021-06-26"", ""2021-06-27"", ""2021-06-28"", ""2021-06-29"", ""2022-07-01"", ""2022-07-02"", ""2022-07-03"", ""2022-07-04"", ""2022-07-05"", ""2022-07-06"", ""2022-07-07"", ""2022-07-08"", ""2022-07-09"", ""2022-07-10"", ""2022-07-11"", ""2022-07-12"", ""2022-07-13"", ""2022-07-14"", ""2022-07-15"", ""2022-07-16"", ""2022-07-17"", ""2022-07-18"", ""2022-07-19"", ""2022-07-22"", ""2022-07-23"", ""2022-07-24"", ""2022-07-25"", ""2022-07-26"", ""2022-07-27"", ""2022-07-28"", ""2022-07-29"", ""2022-07-30"", ""2022-07-31"", ""2022-08-01"", ""2022-08-02"", ""2022-08-03"", ""2022-08-04"", ""2022-08-05"", ""2022-08-06"", ""2022-08-07"", ""2022-08-08"", ""2022-08-09"", ""2022-08-10"", ""2022-08-11"", ""2022-08-12"", ""2022-08-13"", ""2022-08-14"", ""2022-08-15"", ""2022-08-16"", ""2022-08-17"", ""2022-08-18"", ""2022-08-19"", ""2022-08-20"", ""2022-08-21"", ""2022-08-22"", ""2022-08-23"", ""2022-08-24"", ""2022-08-25"", ""2022-08-26"", ""2022-08-27"", ""2022-08-28"", ""2022-08-29"", ""2022-08-30"", ""2022-08-31"", ""2022-09-01"", ""2022-09-02"", ""2022-09-03"", ""2022-09-04"", ""2022-09-05"", ""2022-09-06"", ""2022-09-07"", ""2022-09-08"", ""2022-09-09"", ""2022-09-10"", ""2022-09-11"", ""2022-09-12"", ""2022-09-13"", ""2022-09-14"", ""2022-09-15"", ""2022-09-16"", ""2022-09-17"", ""2022-09-18"", ""2022-09-19"", ""2022-09-20"", ""2022-09-21"", ""2022-09-22"", ""2022-09-23"", ""2022-09-24"", ""2022-09-25"", ""2022-09-26"", ""2022-09-27"", ""2022-09-28"", ""2025-05-01"", ""2025-05-02"", ""2025-05-03"", ""2025-05-04"", ""2025-05-05"", ""2025-05-06"", ""2025-05-07"", ""2025-05-08"", ""2025-05-09"", ""2025-05-10"", ""2025-05-11"", ""2025-05-12"", ""2025-05-13"", ""2025-05-14"", ""2025-05-15"", ""2025-05-16"", ""2025-05-17"", ""2025-05-18"", ""2025-05-19"", ""2025-05-20"", ""2025-05-21"", ""2025-05-22"", ""2025-05-23"", ""2025-05-24"", ""2025-05-25"", ""2025-05-26"", ""2025-05-27"", ""2025-05-28"", ""2025-05-29"", ""2025-05-30"", ""2025-05-31"", ""2025-06-01"", ""2025-06-02"", ""2025-06-03"", ""2025-06-04"", ""2025-06-05"", ""2025-06-06"", ""2025-06-07"", ""2025-06-08"", ""2025-06-09"", ""2025-06-10"", ""2025-06-11"", ""2025-06-12"", ""2025-06-13"", ""2025-06-14"", ""2025-06-15"", ""2025-06-16"", ""2025-06-17"", ""2025-06-18"", ""2025-06-19"", ""2025-06-20"", ""2025-06-21"", ""2025-06-22"", ""2025-06-23"", ""2025-06-24"", ""2025-06-25"", ""2025-06-26"", ""2025-06-27"", ""2025-06-28"", ""2025-06-29"", ""2025-06-30"", ""2025-07-01"", ""2025-07-02"", ""2025-07-03"", ""2025-07-04"", ""2025-07-05"", ""2025-07-06"", ""2025-07-07"", ""2025-07-08"", ""2025-07-09"", ""2025-07-10"", ""2025-07-11"", ""2025-07-12"", ""2025-07-13"", ""2025-07-14"", ""2025-07-15"", ""2025-07-16"", ""2025-07-17"", ""2025-07-18"", ""2025-07-19"", ""2025-07-20"", ""2025-07-21"", ""2025-07-22"", ""2025-07-23"", ""2025-07-24"", ""2025-07-25"", ""2025-07-26"", ""2025-07-27"", ""2025-07-28"", ""2025-07-29"", ""2026-01-08"", ""2026-01-09"", ""2026-01-10"", ""2026-01-11"", ""2026-01-12"", ""2026-01-13"", ""2026-01-14"", ""2026-01-15"", ""2026-01-16"", ""2026-01-17"", ""2026-01-18"", ""2026-01-19"", ""2026-01-20"", ""2026-01-21"", ""2026-01-22"", ""2026-01-23"", ""2026-01-24"", ""2026-01-25"", ""2026-01-26"", ""2026-01-27"", ""2026-01-28"", ""2026-01-29"", ""2026-01-30"", ""2026-01-31"", ""2026-02-01"", ""2026-02-02"", ""2026-02-03"", ""2026-02-04"", ""2026-02-05"", ""2026-02-06"", ""2026-02-07"", ""2026-02-08"", ""2026-02-09"", ""2026-02-10"", ""2026-02-11"", ""2026-02-12"", ""2026-02-13"", ""2026-02-14"", ""2026-02-15"", ""2026-02-16"", ""2026-02-17"", ""2026-02-18"", ""2026-02-19"", ""2026-02-20"", ""2026-02-21"", ""2026-02-22"", ""2026-02-23"", ""2026-02-24"", ""2026-02-25"", ""2026-02-26"", ""2026-02-27"", ""2026-02-28"", ""2026-03-01"", ""2026-03-02"", ""2026-03-03"", ""2026-03-04"", ""2026-03-05"", ""2026-03-06"", ""2026-03-07"", ""2026-03-08"", ""2026-03-09"", ""2026-03-10"", ""2026-03-11"", ""2026-03-12"", ""2026-03-13"", ""2026-03-14"", ""2026-03-15"", ""2026-03-16"", ""2026-03-17"", ""2026-03-18"", ""2026-03-19"", ""2026-03-20"", ""2026-03-21"", ""2026-03-22"", ""2026-03-23"", ""2026-03-24"", ""2026-03-25"", ""2026-03-26"", ""2026-03-27"", ""2026-03-28"", ""2026-03-29"", ""2026-03-30"", ""2026-03-31"", ""2026-04-01"", ""2026-04-02"", ""2026-04-03"", ""2026-04-04"", ""2026-04-05"", ""2026-04-06"", ""2026-04-07""]",,,,,0.5344619396855954,0.5114116633748448,,
A-LN,per_fold,fold_1,2160.0,90.0,2020-07-01,2020-09-28,5.000630035406123,8.335555591841374,3.0326653050277006,1.5163326525138503,4.904428566191156,0.09620146921496694,0.4418924147713081,4.124800579781701,3.6039120260443993,0.0,0.0,0.4810185185185185,1039.0,582.0,539.0,6.949614640938644,6.0963773206564085,12.763737708883145,0.7916666666666666,1710.0,215.0,235.0,15.83925748240921,13.772585395092793,30.59621809174605,0.9347222222222222,2019.0,59.0,82.0,28.027212384313728,23.76626391777061,56.75092166168718,"[""2020-07-01"", ""2020-07-02"", ""2020-07-03"", ""2020-07-04"", ""2020-07-05"", ""2020-07-06"", ""2020-07-07"", ""2020-07-08"", ""2020-07-09"", ""2020-07-10"", ""2020-07-11"", ""2020-07-12"", ""2020-07-13"", ""2020-07-14"", ""2020-07-15"", ""2020-07-16"", ""2020-07-17"", ""2020-07-18"", ""2020-07-19"", ""2020-07-20"", ""2020-07-21"", ""2020-07-22"", ""2020-07-23"", ""2020-07-24"", ""2020-07-25"", ""2020-07-26"", ""2020-07-27"", ""2020-07-28"", ""2020-07-29"", ""2020-07-30"", ""2020-07-31"", ""2020-08-01"", ""2020-08-02"", ""2020-08-03"", ""2020-08-04"", ""2020-08-05"", ""2020-08-06"", ""2020-08-07"", ""2020-08-08"", ""2020-08-09"", ""2020-08-10"", ""2020-08-11"", ""2020-08-12"", ""2020-08-13"", ""2020-08-14"", ""2020-08-15"", ""2020-08-16"", ""2020-08-17"", ""2020-08-18"", ""2020-08-19"", ""2020-08-20"", ""2020-08-21"", ""2020-08-22"", ""2020-08-23"", ""2020-08-24"", ""2020-08-25"", ""2020-08-26"", ""2020-08-27"", ""2020-08-28"", ""2020-08-29"", ""2020-08-30"", ""2020-08-31"", ""2020-09-01"", ""2020-09-02"", ""2020-09-03"", ""2020-09-04"", ""2020-09-05"", ""2020-09-06"", ""2020-09-07"", ""2020-09-08"", ""2020-09-09"", ""2020-09-10"", ""2020-09-11"", ""2020-09-12"", ""2020-09-13"", ""2020-09-14"", ""2020-09-15"", ""2020-09-16"", ""2020-09-17"", ""2020-09-18"", ""2020-09-19"", ""2020-09-20"", ""2020-09-21"", ""2020-09-22"", ""2020-09-23"", ""2020-09-24"", ""2020-09-25"", ""2020-09-26"", ""2020-09-27"", ""2020-09-28""]",2020-07-01,2020-09-28,90.0,False,,,,
A-LN,per_fold,fold_2,2159.0,90.0,2021-04-01,2021-06-29,7.6020402791632335,11.478304601927634,4.703707634004349,2.3518538170021746,7.675178405845402,-0.07313812668216832,1.3161105273252884,5.925472498061822,5.393640097679049,0.0,0.0,0.5345067160722556,1154.0,496.0,509.0,11.639441661113853,10.986998513330377,20.636447015577872,0.8012968967114404,1730.0,201.0,228.0,25.862263666992146,23.657278388552697,45.78522050705499,0.9407132931912923,2031.0,65.0,63.0,52.6961683488306,47.53918149759753,90.75563643696013,"[""2021-04-01"", ""2021-04-02"", ""2021-04-03"", ""2021-04-04"", ""2021-04-05"", ""2021-04-06"", ""2021-04-07"", ""2021-04-08"", ""2021-04-09"", ""2021-04-10"", ""2021-04-11"", ""2021-04-12"", ""2021-04-13"", ""2021-04-14"", ""2021-04-15"", ""2021-04-16"", ""2021-04-17"", ""2021-04-18"", ""2021-04-19"", ""2021-04-20"", ""2021-04-21"", ""2021-04-22"", ""2021-04-23"", ""2021-04-24"", ""2021-04-25"", ""2021-04-26"", ""2021-04-27"", ""2021-04-28"", ""2021-04-29"", ""2021-04-30"", ""2021-05-01"", ""2021-05-02"", ""2021-05-03"", ""2021-05-04"", ""2021-05-05"", ""2021-05-06"", ""2021-05-07"", ""2021-05-08"", ""2021-05-09"", ""2021-05-10"", ""2021-05-11"", ""2021-05-12"", ""2021-05-13"", ""2021-05-14"", ""2021-05-15"", ""2021-05-16"", ""2021-05-17"", ""2021-05-18"", ""2021-05-19"", ""2021-05-20"", ""2021-05-21"", ""2021-05-22"", ""2021-05-23"", ""2021-05-24"", ""2021-05-25"", ""2021-05-26"", ""2021-05-27"", ""2021-05-28"", ""2021-05-29"", ""2021-05-30"", ""2021-05-31"", ""2021-06-01"", ""2021-06-02"", ""2021-06-03"", ""2021-06-04"", ""2021-06-05"", ""2021-06-06"", ""2021-06-07"", ""2021-06-08"", ""2021-06-09"", ""2021-06-10"", ""2021-06-11"", ""2021-06-12"", ""2021-06-13"", ""2021-06-14"", ""2021-06-15"", ""2021-06-16"", ""2021-06-17"", ""2021-06-18"", ""2021-06-19"", ""2021-06-20"", ""2021-06-21"", ""2021-06-22"", ""2021-06-23"", ""2021-06-24"", ""2021-06-25"", ""2021-06-26"", ""2021-06-27"", ""2021-06-28"", ""2021-06-29""]",2021-04-01,2021-06-29,90.0,False,,,,
A-LN,per_fold,fold_3,2112.0,88.0,2022-07-01,2022-09-28,46.98464704039001,62.429415080830395,27.017118930327282,13.508559465163641,46.019268121836426,0.965378918553587,7.567388257142199,39.81544732580183,28.617303182857416,0.0,0.0,0.4668560606060606,986.0,613.0,513.0,71.03134173584752,68.85363227723116,110.06313616812616,0.7679924242424242,1622.0,273.0,217.0,148.69588615074687,141.91234347894277,225.7595226864039,0.9332386363636364,1971.0,75.0,66.0,257.40521626322305,241.92401958644584,399.5173058636333,"[""2022-07-01"", ""2022-07-02"", ""2022-07-03"", ""2022-07-04"", ""2022-07-05"", ""2022-07-06"", ""2022-07-07"", ""2022-07-08"", ""2022-07-09"", ""2022-07-10"", ""2022-07-11"", ""2022-07-12"", ""2022-07-13"", ""2022-07-14"", ""2022-07-15"", ""2022-07-16"", ""2022-07-17"", ""2022-07-18"", ""2022-07-19"", ""2022-07-22"", ""2022-07-23"", ""2022-07-24"", ""2022-07-25"", ""2022-07-26"", ""2022-07-27"", ""2022-07-28"", ""2022-07-29"", ""2022-07-30"", ""2022-07-31"", ""2022-08-01"", ""2022-08-02"", ""2022-08-03"", ""2022-08-04"", ""2022-08-05"", ""2022-08-06"", ""2022-08-07"", ""2022-08-08"", ""2022-08-09"", ""2022-08-10"", ""2022-08-11"", ""2022-08-12"", ""2022-08-13"", ""2022-08-14"", ""2022-08-15"", ""2022-08-16"", ""2022-08-17"", ""2022-08-18"", ""2022-08-19"", ""2022-08-20"", ""2022-08-21"", ""2022-08-22"", ""2022-08-23"", ""2022-08-24"", ""2022-08-25"", ""2022-08-26"", ""2022-08-27"", ""2022-08-28"", ""2022-08-29"", ""2022-08-30"", ""2022-08-31"", ""2022-09-01"", ""2022-09-02"", ""2022-09-03"", ""2022-09-04"", ""2022-09-05"", ""2022-09-06"", ""2022-09-07"", ""2022-09-08"", ""2022-09-09"", ""2022-09-10"", ""2022-09-11"", ""2022-09-12"", ""2022-09-13"", ""2022-09-14"", ""2022-09-15"", ""2022-09-16"", ""2022-09-17"", ""2022-09-18"", ""2022-09-19"", ""2022-09-20"", ""2022-09-21"", ""2022-09-22"", ""2022-09-23"", ""2022-09-24"", ""2022-09-25"", ""2022-09-26"", ""2022-09-27"", ""2022-09-28""]",2022-07-01,2022-09-28,90.0,True,,,,
A-LN,per_fold,fold_4,2160.0,90.0,2025-05-01,2025-07-29,13.92607319516887,21.276610780808717,8.128043324947885,4.064021662473943,13.766063194265334,0.16001000090353604,-0.25591647351617547,8.349426295135716,12.169549066384686,0.0,0.0,0.4791666666666667,1035.0,529.0,596.0,20.27994999013386,20.23673505335445,31.420362955248436,0.7777777777777778,1680.0,220.0,260.0,40.83296106597372,40.29670286822609,61.80659025202303,0.9310185185185185,2011.0,68.0,81.0,73.80990228249594,72.422918739811,109.16297727414701,"[""2025-05-01"", ""2025-05-02"", ""2025-05-03"", ""2025-05-04"", ""2025-05-05"", ""2025-05-06"", ""2025-05-07"", ""2025-05-08"", ""2025-05-09"", ""2025-05-10"", ""2025-05-11"", ""2025-05-12"", ""2025-05-13"", ""2025-05-14"", ""2025-05-15"", ""2025-05-16"", ""2025-05-17"", ""2025-05-18"", ""2025-05-19"", ""2025-05-20"", ""2025-05-21"", ""2025-05-22"", ""2025-05-23"", ""2025-05-24"", ""2025-05-25"", ""2025-05-26"", ""2025-05-27"", ""2025-05-28"", ""2025-05-29"", ""2025-05-30"", ""2025-05-31"", ""2025-06-01"", ""2025-06-02"", ""2025-06-03"", ""2025-06-04"", ""2025-06-05"", ""2025-06-06"", ""2025-06-07"", ""2025-06-08"", ""2025-06-09"", ""2025-06-10"", ""2025-06-11"", ""2025-06-12"", ""2025-06-13"", ""2025-06-14"", ""2025-06-15"", ""2025-06-16"", ""2025-06-17"", ""2025-06-18"", ""2025-06-19"", ""2025-06-20"", ""2025-06-21"", ""2025-06-22"", ""2025-06-23"", ""2025-06-24"", ""2025-06-25"", ""2025-06-26"", ""2025-06-27"", ""2025-06-28"", ""2025-06-29"", ""2025-06-30"", ""2025-07-01"", ""2025-07-02"", ""2025-07-03"", ""2025-07-04"", ""2025-07-05"", ""2025-07-06"", ""2025-07-07"", ""2025-07-08"", ""2025-07-09"", ""2025-07-10"", ""2025-07-11"", ""2025-07-12"", ""2025-07-13"", ""2025-07-14"", ""2025-07-15"", ""2025-07-16"", ""2025-07-17"", ""2025-07-18"", ""2025-07-19"", ""2025-07-20"", ""2025-07-21"", ""2025-07-22"", ""2025-07-23"", ""2025-07-24"", ""2025-07-25"", ""2025-07-26"", ""2025-07-27"", ""2025-07-28"", ""2025-07-29""]",2025-05-01,2025-07-29,90.0,False,,,,
A-LN,per_fold,fold_5,2156.0,90.0,2026-01-08,2026-04-07,14.8101358592504,21.376455184385478,8.67971926646531,4.339859633232655,14.53102224220506,0.2791136170453387,-1.3614073801844324,11.111645713072576,11.160004956822789,0.0,0.0,0.5009276437847866,1080.0,535.0,541.0,22.90235832925543,23.3505916659879,38.94811714906466,0.8024118738404453,1730.0,211.0,215.0,49.38536762237236,50.12223928006176,81.94544158186442,0.949443413729128,2047.0,50.0,59.0,99.7473379547394,99.02957822851788,170.56479230740476,"[""2026-01-08"", ""2026-01-09"", ""2026-01-10"", ""2026-01-11"", ""2026-01-12"", ""2026-01-13"", ""2026-01-14"", ""2026-01-15"", ""2026-01-16"", ""2026-01-17"", ""2026-01-18"", ""2026-01-19"", ""2026-01-20"", ""2026-01-21"", ""2026-01-22"", ""2026-01-23"", ""2026-01-24"", ""2026-01-25"", ""2026-01-26"", ""2026-01-27"", ""2026-01-28"", ""2026-01-29"", ""2026-01-30"", ""2026-01-31"", ""2026-02-01"", ""2026-02-02"", ""2026-02-03"", ""2026-02-04"", ""2026-02-05"", ""2026-02-06"", ""2026-02-07"", ""2026-02-08"", ""2026-02-09"", ""2026-02-10"", ""2026-02-11"", ""2026-02-12"", ""2026-02-13"", ""2026-02-14"", ""2026-02-15"", ""2026-02-16"", ""2026-02-17"", ""2026-02-18"", ""2026-02-19"", ""2026-02-20"", ""2026-02-21"", ""2026-02-22"", ""2026-02-23"", ""2026-02-24"", ""2026-02-25"", ""2026-02-26"", ""2026-02-27"", ""2026-02-28"", ""2026-03-01"", ""2026-03-02"", ""2026-03-03"", ""2026-03-04"", ""2026-03-05"", ""2026-03-06"", ""2026-03-07"", ""2026-03-08"", ""2026-03-09"", ""2026-03-10"", ""2026-03-11"", ""2026-03-12"", ""2026-03-13"", ""2026-03-14"", ""2026-03-15"", ""2026-03-16"", ""2026-03-17"", ""2026-03-18"", ""2026-03-19"", ""2026-03-20"", ""2026-03-21"", ""2026-03-22"", ""2026-03-23"", ""2026-03-24"", ""2026-03-25"", ""2026-03-26"", ""2026-03-27"", ""2026-03-28"", ""2026-03-29"", ""2026-03-30"", ""2026-03-31"", ""2026-04-01"", ""2026-04-02"", ""2026-04-03"", ""2026-04-04"", ""2026-04-05"", ""2026-04-06"", ""2026-04-07""]",2026-01-08,2026-04-07,90.0,False,,,,
v4+DL,pooled,all,10747.0,448.0,2020-07-01,2026-04-07,17.645522481965514,31.8160936742439,10.712048510528692,5.356024255264346,17.244508915666433,0.4010135662990827,1.3029401163746417,13.82929834355212,12.166132091982076,0.0,0.0,0.503210198194845,5408.0,2696.0,2643.0,27.900814141437557,18.10783071693047,90.55319480078686,0.8033869917186192,8634.0,1070.0,1043.0,63.97055318755427,41.52829636069677,194.5895541544192,0.9413789894854377,10117.0,296.0,334.0,117.69906812646828,81.25522773582406,362.2396969190191,"[""2020-07-01"", ""2020-07-02"", ""2020-07-03"", ""2020-07-04"", ""2020-07-05"", ""2020-07-06"", ""2020-07-07"", ""2020-07-08"", ""2020-07-09"", ""2020-07-10"", ""2020-07-11"", ""2020-07-12"", ""2020-07-13"", ""2020-07-14"", ""2020-07-15"", ""2020-07-16"", ""2020-07-17"", ""2020-07-18"", ""2020-07-19"", ""2020-07-20"", ""2020-07-21"", ""2020-07-22"", ""2020-07-23"", ""2020-07-24"", ""2020-07-25"", ""2020-07-26"", ""2020-07-27"", ""2020-07-28"", ""2020-07-29"", ""2020-07-30"", ""2020-07-31"", ""2020-08-01"", ""2020-08-02"", ""2020-08-03"", ""2020-08-04"", ""2020-08-05"", ""2020-08-06"", ""2020-08-07"", ""2020-08-08"", ""2020-08-09"", ""2020-08-10"", ""2020-08-11"", ""2020-08-12"", ""2020-08-13"", ""2020-08-14"", ""2020-08-15"", ""2020-08-16"", ""2020-08-17"", ""2020-08-18"", ""2020-08-19"", ""2020-08-20"", ""2020-08-21"", ""2020-08-22"", ""2020-08-23"", ""2020-08-24"", ""2020-08-25"", ""2020-08-26"", ""2020-08-27"", ""2020-08-28"", ""2020-08-29"", ""2020-08-30"", ""2020-08-31"", ""2020-09-01"", ""2020-09-02"", ""2020-09-03"", ""2020-09-04"", ""2020-09-05"", ""2020-09-06"", ""2020-09-07"", ""2020-09-08"", ""2020-09-09"", ""2020-09-10"", ""2020-09-11"", ""2020-09-12"", ""2020-09-13"", ""2020-09-14"", ""2020-09-15"", ""2020-09-16"", ""2020-09-17"", ""2020-09-18"", ""2020-09-19"", ""2020-09-20"", ""2020-09-21"", ""2020-09-22"", ""2020-09-23"", ""2020-09-24"", ""2020-09-25"", ""2020-09-26"", ""2020-09-27"", ""2020-09-28"", ""2021-04-01"", ""2021-04-02"", ""2021-04-03"", ""2021-04-04"", ""2021-04-05"", ""2021-04-06"", ""2021-04-07"", ""2021-04-08"", ""2021-04-09"", ""2021-04-10"", ""2021-04-11"", ""2021-04-12"", ""2021-04-13"", ""2021-04-14"", ""2021-04-15"", ""2021-04-16"", ""2021-04-17"", ""2021-04-18"", ""2021-04-19"", ""2021-04-20"", ""2021-04-21"", ""2021-04-22"", ""2021-04-23"", ""2021-04-24"", ""2021-04-25"", ""2021-04-26"", ""2021-04-27"", ""2021-04-28"", ""2021-04-29"", ""2021-04-30"", ""2021-05-01"", ""2021-05-02"", ""2021-05-03"", ""2021-05-04"", ""2021-05-05"", ""2021-05-06"", ""2021-05-07"", ""2021-05-08"", ""2021-05-09"", ""2021-05-10"", ""2021-05-11"", ""2021-05-12"", ""2021-05-13"", ""2021-05-14"", ""2021-05-15"", ""2021-05-16"", ""2021-05-17"", ""2021-05-18"", ""2021-05-19"", ""2021-05-20"", ""2021-05-21"", ""2021-05-22"", ""2021-05-23"", ""2021-05-24"", ""2021-05-25"", ""2021-05-26"", ""2021-05-27"", ""2021-05-28"", ""2021-05-29"", ""2021-05-30"", ""2021-05-31"", ""2021-06-01"", ""2021-06-02"", ""2021-06-03"", ""2021-06-04"", ""2021-06-05"", ""2021-06-06"", ""2021-06-07"", ""2021-06-08"", ""2021-06-09"", ""2021-06-10"", ""2021-06-11"", ""2021-06-12"", ""2021-06-13"", ""2021-06-14"", ""2021-06-15"", ""2021-06-16"", ""2021-06-17"", ""2021-06-18"", ""2021-06-19"", ""2021-06-20"", ""2021-06-21"", ""2021-06-22"", ""2021-06-23"", ""2021-06-24"", ""2021-06-25"", ""2021-06-26"", ""2021-06-27"", ""2021-06-28"", ""2021-06-29"", ""2022-07-01"", ""2022-07-02"", ""2022-07-03"", ""2022-07-04"", ""2022-07-05"", ""2022-07-06"", ""2022-07-07"", ""2022-07-08"", ""2022-07-09"", ""2022-07-10"", ""2022-07-11"", ""2022-07-12"", ""2022-07-13"", ""2022-07-14"", ""2022-07-15"", ""2022-07-16"", ""2022-07-17"", ""2022-07-18"", ""2022-07-19"", ""2022-07-22"", ""2022-07-23"", ""2022-07-24"", ""2022-07-25"", ""2022-07-26"", ""2022-07-27"", ""2022-07-28"", ""2022-07-29"", ""2022-07-30"", ""2022-07-31"", ""2022-08-01"", ""2022-08-02"", ""2022-08-03"", ""2022-08-04"", ""2022-08-05"", ""2022-08-06"", ""2022-08-07"", ""2022-08-08"", ""2022-08-09"", ""2022-08-10"", ""2022-08-11"", ""2022-08-12"", ""2022-08-13"", ""2022-08-14"", ""2022-08-15"", ""2022-08-16"", ""2022-08-17"", ""2022-08-18"", ""2022-08-19"", ""2022-08-20"", ""2022-08-21"", ""2022-08-22"", ""2022-08-23"", ""2022-08-24"", ""2022-08-25"", ""2022-08-26"", ""2022-08-27"", ""2022-08-28"", ""2022-08-29"", ""2022-08-30"", ""2022-08-31"", ""2022-09-01"", ""2022-09-02"", ""2022-09-03"", ""2022-09-04"", ""2022-09-05"", ""2022-09-06"", ""2022-09-07"", ""2022-09-08"", ""2022-09-09"", ""2022-09-10"", ""2022-09-11"", ""2022-09-12"", ""2022-09-13"", ""2022-09-14"", ""2022-09-15"", ""2022-09-16"", ""2022-09-17"", ""2022-09-18"", ""2022-09-19"", ""2022-09-20"", ""2022-09-21"", ""2022-09-22"", ""2022-09-23"", ""2022-09-24"", ""2022-09-25"", ""2022-09-26"", ""2022-09-27"", ""2022-09-28"", ""2025-05-01"", ""2025-05-02"", ""2025-05-03"", ""2025-05-04"", ""2025-05-05"", ""2025-05-06"", ""2025-05-07"", ""2025-05-08"", ""2025-05-09"", ""2025-05-10"", ""2025-05-11"", ""2025-05-12"", ""2025-05-13"", ""2025-05-14"", ""2025-05-15"", ""2025-05-16"", ""2025-05-17"", ""2025-05-18"", ""2025-05-19"", ""2025-05-20"", ""2025-05-21"", ""2025-05-22"", ""2025-05-23"", ""2025-05-24"", ""2025-05-25"", ""2025-05-26"", ""2025-05-27"", ""2025-05-28"", ""2025-05-29"", ""2025-05-30"", ""2025-05-31"", ""2025-06-01"", ""2025-06-02"", ""2025-06-03"", ""2025-06-04"", ""2025-06-05"", ""2025-06-06"", ""2025-06-07"", ""2025-06-08"", ""2025-06-09"", ""2025-06-10"", ""2025-06-11"", ""2025-06-12"", ""2025-06-13"", ""2025-06-14"", ""2025-06-15"", ""2025-06-16"", ""2025-06-17"", ""2025-06-18"", ""2025-06-19"", ""2025-06-20"", ""2025-06-21"", ""2025-06-22"", ""2025-06-23"", ""2025-06-24"", ""2025-06-25"", ""2025-06-26"", ""2025-06-27"", ""2025-06-28"", ""2025-06-29"", ""2025-06-30"", ""2025-07-01"", ""2025-07-02"", ""2025-07-03"", ""2025-07-04"", ""2025-07-05"", ""2025-07-06"", ""2025-07-07"", ""2025-07-08"", ""2025-07-09"", ""2025-07-10"", ""2025-07-11"", ""2025-07-12"", ""2025-07-13"", ""2025-07-14"", ""2025-07-15"", ""2025-07-16"", ""2025-07-17"", ""2025-07-18"", ""2025-07-19"", ""2025-07-20"", ""2025-07-21"", ""2025-07-22"", ""2025-07-23"", ""2025-07-24"", ""2025-07-25"", ""2025-07-26"", ""2025-07-27"", ""2025-07-28"", ""2025-07-29"", ""2026-01-08"", ""2026-01-09"", ""2026-01-10"", ""2026-01-11"", ""2026-01-12"", ""2026-01-13"", ""2026-01-14"", ""2026-01-15"", ""2026-01-16"", ""2026-01-17"", ""2026-01-18"", ""2026-01-19"", ""2026-01-20"", ""2026-01-21"", ""2026-01-22"", ""2026-01-23"", ""2026-01-24"", ""2026-01-25"", ""2026-01-26"", ""2026-01-27"", ""2026-01-28"", ""2026-01-29"", ""2026-01-30"", ""2026-01-31"", ""2026-02-01"", ""2026-02-02"", ""2026-02-03"", ""2026-02-04"", ""2026-02-05"", ""2026-02-06"", ""2026-02-07"", ""2026-02-08"", ""2026-02-09"", ""2026-02-10"", ""2026-02-11"", ""2026-02-12"", ""2026-02-13"", ""2026-02-14"", ""2026-02-15"", ""2026-02-16"", ""2026-02-17"", ""2026-02-18"", ""2026-02-19"", ""2026-02-20"", ""2026-02-21"", ""2026-02-22"", ""2026-02-23"", ""2026-02-24"", ""2026-02-25"", ""2026-02-26"", ""2026-02-27"", ""2026-02-28"", ""2026-03-01"", ""2026-03-02"", ""2026-03-03"", ""2026-03-04"", ""2026-03-05"", ""2026-03-06"", ""2026-03-07"", ""2026-03-08"", ""2026-03-09"", ""2026-03-10"", ""2026-03-11"", ""2026-03-12"", ""2026-03-13"", ""2026-03-14"", ""2026-03-15"", ""2026-03-16"", ""2026-03-17"", ""2026-03-18"", ""2026-03-19"", ""2026-03-20"", ""2026-03-21"", ""2026-03-22"", ""2026-03-23"", ""2026-03-24"", ""2026-03-25"", ""2026-03-26"", ""2026-03-27"", ""2026-03-28"", ""2026-03-29"", ""2026-03-30"", ""2026-03-31"", ""2026-04-01"", ""2026-04-02"", ""2026-04-03"", ""2026-04-04"", ""2026-04-05"", ""2026-04-06"", ""2026-04-07""]",,,,,0.5378076138508441,0.5350512161337687,,
v4+DL,per_fold,fold_1,2160.0,90.0,2020-07-01,2020-09-28,4.965717199069652,8.375880408536355,3.1571793329959847,1.5785896664979924,4.83286334481717,0.13285385425248197,0.3005514500766052,4.025790022655951,3.5886873406675766,0.0,0.0,0.5023148148148148,1085.0,566.0,509.0,7.603330861005445,6.717566433318181,14.872769919771693,0.8115740740740741,1753.0,215.0,192.0,19.759853459835483,15.600967218402413,47.196384350633956,0.9481481481481482,2048.0,51.0,61.0,38.10315078746485,26.852337442410494,112.4904623509446,"[""2020-07-01"", ""2020-07-02"", ""2020-07-03"", ""2020-07-04"", ""2020-07-05"", ""2020-07-06"", ""2020-07-07"", ""2020-07-08"", ""2020-07-09"", ""2020-07-10"", ""2020-07-11"", ""2020-07-12"", ""2020-07-13"", ""2020-07-14"", ""2020-07-15"", ""2020-07-16"", ""2020-07-17"", ""2020-07-18"", ""2020-07-19"", ""2020-07-20"", ""2020-07-21"", ""2020-07-22"", ""2020-07-23"", ""2020-07-24"", ""2020-07-25"", ""2020-07-26"", ""2020-07-27"", ""2020-07-28"", ""2020-07-29"", ""2020-07-30"", ""2020-07-31"", ""2020-08-01"", ""2020-08-02"", ""2020-08-03"", ""2020-08-04"", ""2020-08-05"", ""2020-08-06"", ""2020-08-07"", ""2020-08-08"", ""2020-08-09"", ""2020-08-10"", ""2020-08-11"", ""2020-08-12"", ""2020-08-13"", ""2020-08-14"", ""2020-08-15"", ""2020-08-16"", ""2020-08-17"", ""2020-08-18"", ""2020-08-19"", ""2020-08-20"", ""2020-08-21"", ""2020-08-22"", ""2020-08-23"", ""2020-08-24"", ""2020-08-25"", ""2020-08-26"", ""2020-08-27"", ""2020-08-28"", ""2020-08-29"", ""2020-08-30"", ""2020-08-31"", ""2020-09-01"", ""2020-09-02"", ""2020-09-03"", ""2020-09-04"", ""2020-09-05"", ""2020-09-06"", ""2020-09-07"", ""2020-09-08"", ""2020-09-09"", ""2020-09-10"", ""2020-09-11"", ""2020-09-12"", ""2020-09-13"", ""2020-09-14"", ""2020-09-15"", ""2020-09-16"", ""2020-09-17"", ""2020-09-18"", ""2020-09-19"", ""2020-09-20"", ""2020-09-21"", ""2020-09-22"", ""2020-09-23"", ""2020-09-24"", ""2020-09-25"", ""2020-09-26"", ""2020-09-27"", ""2020-09-28""]",2020-07-01,2020-09-28,90.0,False,,,,
v4+DL,per_fold,fold_2,2159.0,90.0,2021-04-01,2021-06-29,7.876077487706347,11.859635691286684,5.217431197423361,2.6087155987116804,7.844646507535272,0.03143098017107483,0.9496592914946513,6.086749688620799,5.4403219498288715,0.0,0.0,0.5067160722556739,1094.0,509.0,556.0,12.041070164972043,9.814489518188005,27.681056820696373,0.8063918480778138,1741.0,217.0,201.0,33.98927607565342,26.653469887494015,79.24666931797765,0.9379342288096341,2025.0,69.0,65.0,68.31795026610907,63.06540050381328,126.7765846090263,"[""2021-04-01"", ""2021-04-02"", ""2021-04-03"", ""2021-04-04"", ""2021-04-05"", ""2021-04-06"", ""2021-04-07"", ""2021-04-08"", ""2021-04-09"", ""2021-04-10"", ""2021-04-11"", ""2021-04-12"", ""2021-04-13"", ""2021-04-14"", ""2021-04-15"", ""2021-04-16"", ""2021-04-17"", ""2021-04-18"", ""2021-04-19"", ""2021-04-20"", ""2021-04-21"", ""2021-04-22"", ""2021-04-23"", ""2021-04-24"", ""2021-04-25"", ""2021-04-26"", ""2021-04-27"", ""2021-04-28"", ""2021-04-29"", ""2021-04-30"", ""2021-05-01"", ""2021-05-02"", ""2021-05-03"", ""2021-05-04"", ""2021-05-05"", ""2021-05-06"", ""2021-05-07"", ""2021-05-08"", ""2021-05-09"", ""2021-05-10"", ""2021-05-11"", ""2021-05-12"", ""2021-05-13"", ""2021-05-14"", ""2021-05-15"", ""2021-05-16"", ""2021-05-17"", ""2021-05-18"", ""2021-05-19"", ""2021-05-20"", ""2021-05-21"", ""2021-05-22"", ""2021-05-23"", ""2021-05-24"", ""2021-05-25"", ""2021-05-26"", ""2021-05-27"", ""2021-05-28"", ""2021-05-29"", ""2021-05-30"", ""2021-05-31"", ""2021-06-01"", ""2021-06-02"", ""2021-06-03"", ""2021-06-04"", ""2021-06-05"", ""2021-06-06"", ""2021-06-07"", ""2021-06-08"", ""2021-06-09"", ""2021-06-10"", ""2021-06-11"", ""2021-06-12"", ""2021-06-13"", ""2021-06-14"", ""2021-06-15"", ""2021-06-16"", ""2021-06-17"", ""2021-06-18"", ""2021-06-19"", ""2021-06-20"", ""2021-06-21"", ""2021-06-22"", ""2021-06-23"", ""2021-06-24"", ""2021-06-25"", ""2021-06-26"", ""2021-06-27"", ""2021-06-28"", ""2021-06-29""]",2021-04-01,2021-06-29,90.0,False,,,,
v4+DL,per_fold,fold_3,2112.0,88.0,2022-07-01,2022-09-28,47.55261450232105,63.38409760072975,28.532268338457683,14.266134169228842,45.85877868309296,1.6938358192281004,5.5685923803612996,40.627124729937265,28.981225361626496,0.0,0.0,0.49763257575757575,1051.0,568.0,493.0,75.58426386843847,70.73751137507021,142.3273499111303,0.7921401515151515,1673.0,234.0,205.0,172.67888152434122,157.75754362310266,325.63911371934705,0.9275568181818182,1959.0,77.0,76.0,292.7344013689274,276.29360885451797,485.72913964456416,"[""2022-07-01"", ""2022-07-02"", ""2022-07-03"", ""2022-07-04"", ""2022-07-05"", ""2022-07-06"", ""2022-07-07"", ""2022-07-08"", ""2022-07-09"", ""2022-07-10"", ""2022-07-11"", ""2022-07-12"", ""2022-07-13"", ""2022-07-14"", ""2022-07-15"", ""2022-07-16"", ""2022-07-17"", ""2022-07-18"", ""2022-07-19"", ""2022-07-22"", ""2022-07-23"", ""2022-07-24"", ""2022-07-25"", ""2022-07-26"", ""2022-07-27"", ""2022-07-28"", ""2022-07-29"", ""2022-07-30"", ""2022-07-31"", ""2022-08-01"", ""2022-08-02"", ""2022-08-03"", ""2022-08-04"", ""2022-08-05"", ""2022-08-06"", ""2022-08-07"", ""2022-08-08"", ""2022-08-09"", ""2022-08-10"", ""2022-08-11"", ""2022-08-12"", ""2022-08-13"", ""2022-08-14"", ""2022-08-15"", ""2022-08-16"", ""2022-08-17"", ""2022-08-18"", ""2022-08-19"", ""2022-08-20"", ""2022-08-21"", ""2022-08-22"", ""2022-08-23"", ""2022-08-24"", ""2022-08-25"", ""2022-08-26"", ""2022-08-27"", ""2022-08-28"", ""2022-08-29"", ""2022-08-30"", ""2022-08-31"", ""2022-09-01"", ""2022-09-02"", ""2022-09-03"", ""2022-09-04"", ""2022-09-05"", ""2022-09-06"", ""2022-09-07"", ""2022-09-08"", ""2022-09-09"", ""2022-09-10"", ""2022-09-11"", ""2022-09-12"", ""2022-09-13"", ""2022-09-14"", ""2022-09-15"", ""2022-09-16"", ""2022-09-17"", ""2022-09-18"", ""2022-09-19"", ""2022-09-20"", ""2022-09-21"", ""2022-09-22"", ""2022-09-23"", ""2022-09-24"", ""2022-09-25"", ""2022-09-26"", ""2022-09-27"", ""2022-09-28""]",2022-07-01,2022-09-28,90.0,True,,,,
v4+DL,per_fold,fold_4,2160.0,90.0,2025-05-01,2025-07-29,13.636087896210261,21.18953634129316,8.186892372191663,4.093446186095831,13.610595534854177,0.025492361356082155,0.14153206319602582,8.094971666235985,12.069842704194036,0.0,0.0,0.5018518518518519,1084.0,511.0,565.0,20.68343298905531,21.163994803051654,32.48747516749706,0.7976851851851852,1723.0,203.0,234.0,41.94267526412152,41.60245226443506,63.328574321621716,0.9439814814814815,2039.0,60.0,61.0,88.26018566341453,76.78446039655073,188.7778391064644,"[""2025-05-01"", ""2025-05-02"", ""2025-05-03"", ""2025-05-04"", ""2025-05-05"", ""2025-05-06"", ""2025-05-07"", ""2025-05-08"", ""2025-05-09"", ""2025-05-10"", ""2025-05-11"", ""2025-05-12"", ""2025-05-13"", ""2025-05-14"", ""2025-05-15"", ""2025-05-16"", ""2025-05-17"", ""2025-05-18"", ""2025-05-19"", ""2025-05-20"", ""2025-05-21"", ""2025-05-22"", ""2025-05-23"", ""2025-05-24"", ""2025-05-25"", ""2025-05-26"", ""2025-05-27"", ""2025-05-28"", ""2025-05-29"", ""2025-05-30"", ""2025-05-31"", ""2025-06-01"", ""2025-06-02"", ""2025-06-03"", ""2025-06-04"", ""2025-06-05"", ""2025-06-06"", ""2025-06-07"", ""2025-06-08"", ""2025-06-09"", ""2025-06-10"", ""2025-06-11"", ""2025-06-12"", ""2025-06-13"", ""2025-06-14"", ""2025-06-15"", ""2025-06-16"", ""2025-06-17"", ""2025-06-18"", ""2025-06-19"", ""2025-06-20"", ""2025-06-21"", ""2025-06-22"", ""2025-06-23"", ""2025-06-24"", ""2025-06-25"", ""2025-06-26"", ""2025-06-27"", ""2025-06-28"", ""2025-06-29"", ""2025-06-30"", ""2025-07-01"", ""2025-07-02"", ""2025-07-03"", ""2025-07-04"", ""2025-07-05"", ""2025-07-06"", ""2025-07-07"", ""2025-07-08"", ""2025-07-09"", ""2025-07-10"", ""2025-07-11"", ""2025-07-12"", ""2025-07-13"", ""2025-07-14"", ""2025-07-15"", ""2025-07-16"", ""2025-07-17"", ""2025-07-18"", ""2025-07-19"", ""2025-07-20"", ""2025-07-21"", ""2025-07-22"", ""2025-07-23"", ""2025-07-24"", ""2025-07-25"", ""2025-07-26"", ""2025-07-27"", ""2025-07-28"", ""2025-07-29""]",2025-05-01,2025-07-29,90.0,False,,,,
v4+DL,per_fold,fold_5,2156.0,90.0,2026-01-08,2026-04-07,14.852021327930759,21.19694418122138,8.856496184316734,4.428248092158367,14.702473909144745,0.14954741878601266,-0.3540744321199576,10.907362863341385,11.119199277455754,0.0,0.0,0.5074211502782932,1094.0,542.0,520.0,24.638220726150983,26.1108909689857,43.3080366884092,0.8089053803339518,1744.0,201.0,211.0,53.86522645461704,54.87882244698872,97.55728996290938,0.9489795918367347,2046.0,39.0,71.0,104.92280524376208,93.13484795429399,233.9755171834246,"[""2026-01-08"", ""2026-01-09"", ""2026-01-10"", ""2026-01-11"", ""2026-01-12"", ""2026-01-13"", ""2026-01-14"", ""2026-01-15"", ""2026-01-16"", ""2026-01-17"", ""2026-01-18"", ""2026-01-19"", ""2026-01-20"", ""2026-01-21"", ""2026-01-22"", ""2026-01-23"", ""2026-01-24"", ""2026-01-25"", ""2026-01-26"", ""2026-01-27"", ""2026-01-28"", ""2026-01-29"", ""2026-01-30"", ""2026-01-31"", ""2026-02-01"", ""2026-02-02"", ""2026-02-03"", ""2026-02-04"", ""2026-02-05"", ""2026-02-06"", ""2026-02-07"", ""2026-02-08"", ""2026-02-09"", ""2026-02-10"", ""2026-02-11"", ""2026-02-12"", ""2026-02-13"", ""2026-02-14"", ""2026-02-15"", ""2026-02-16"", ""2026-02-17"", ""2026-02-18"", ""2026-02-19"", ""2026-02-20"", ""2026-02-21"", ""2026-02-22"", ""2026-02-23"", ""2026-02-24"", ""2026-02-25"", ""2026-02-26"", ""2026-02-27"", ""2026-02-28"", ""2026-03-01"", ""2026-03-02"", ""2026-03-03"", ""2026-03-04"", ""2026-03-05"", ""2026-03-06"", ""2026-03-07"", ""2026-03-08"", ""2026-03-09"", ""2026-03-10"", ""2026-03-11"", ""2026-03-12"", ""2026-03-13"", ""2026-03-14"", ""2026-03-15"", ""2026-03-16"", ""2026-03-17"", ""2026-03-18"", ""2026-03-19"", ""2026-03-20"", ""2026-03-21"", ""2026-03-22"", ""2026-03-23"", ""2026-03-24"", ""2026-03-25"", ""2026-03-26"", ""2026-03-27"", ""2026-03-28"", ""2026-03-29"", ""2026-03-30"", ""2026-03-31"", ""2026-04-01"", ""2026-04-02"", ""2026-04-03"", ""2026-04-04"", ""2026-04-05"", ""2026-04-06"", ""2026-04-07""]",2026-01-08,2026-04-07,90.0,False,,,,
v3+DL,pooled,all,10747.0,448.0,2020-07-01,2026-04-07,18.30396643990655,32.78351938994569,11.147507811747513,5.5737539058737555,17.96173730068515,0.3422291392213997,1.3115562333883215,14.138536679287423,13.017323617663425,0.0,0.0,0.5049781334325858,5427.0,2710.0,2610.0,28.980714213654643,19.429904381273083,90.44649353698223,0.8031078440495022,8631.0,1097.0,1019.0,67.40917638821315,44.3112572658759,206.35233633174536,0.9416581371545547,10120.0,284.0,343.0,122.25762064978677,86.1480767419897,371.10354915123713,"[""2020-07-01"", ""2020-07-02"", ""2020-07-03"", ""2020-07-04"", ""2020-07-05"", ""2020-07-06"", ""2020-07-07"", ""2020-07-08"", ""2020-07-09"", ""2020-07-10"", ""2020-07-11"", ""2020-07-12"", ""2020-07-13"", ""2020-07-14"", ""2020-07-15"", ""2020-07-16"", ""2020-07-17"", ""2020-07-18"", ""2020-07-19"", ""2020-07-20"", ""2020-07-21"", ""2020-07-22"", ""2020-07-23"", ""2020-07-24"", ""2020-07-25"", ""2020-07-26"", ""2020-07-27"", ""2020-07-28"", ""2020-07-29"", ""2020-07-30"", ""2020-07-31"", ""2020-08-01"", ""2020-08-02"", ""2020-08-03"", ""2020-08-04"", ""2020-08-05"", ""2020-08-06"", ""2020-08-07"", ""2020-08-08"", ""2020-08-09"", ""2020-08-10"", ""2020-08-11"", ""2020-08-12"", ""2020-08-13"", ""2020-08-14"", ""2020-08-15"", ""2020-08-16"", ""2020-08-17"", ""2020-08-18"", ""2020-08-19"", ""2020-08-20"", ""2020-08-21"", ""2020-08-22"", ""2020-08-23"", ""2020-08-24"", ""2020-08-25"", ""2020-08-26"", ""2020-08-27"", ""2020-08-28"", ""2020-08-29"", ""2020-08-30"", ""2020-08-31"", ""2020-09-01"", ""2020-09-02"", ""2020-09-03"", ""2020-09-04"", ""2020-09-05"", ""2020-09-06"", ""2020-09-07"", ""2020-09-08"", ""2020-09-09"", ""2020-09-10"", ""2020-09-11"", ""2020-09-12"", ""2020-09-13"", ""2020-09-14"", ""2020-09-15"", ""2020-09-16"", ""2020-09-17"", ""2020-09-18"", ""2020-09-19"", ""2020-09-20"", ""2020-09-21"", ""2020-09-22"", ""2020-09-23"", ""2020-09-24"", ""2020-09-25"", ""2020-09-26"", ""2020-09-27"", ""2020-09-28"", ""2021-04-01"", ""2021-04-02"", ""2021-04-03"", ""2021-04-04"", ""2021-04-05"", ""2021-04-06"", ""2021-04-07"", ""2021-04-08"", ""2021-04-09"", ""2021-04-10"", ""2021-04-11"", ""2021-04-12"", ""2021-04-13"", ""2021-04-14"", ""2021-04-15"", ""2021-04-16"", ""2021-04-17"", ""2021-04-18"", ""2021-04-19"", ""2021-04-20"", ""2021-04-21"", ""2021-04-22"", ""2021-04-23"", ""2021-04-24"", ""2021-04-25"", ""2021-04-26"", ""2021-04-27"", ""2021-04-28"", ""2021-04-29"", ""2021-04-30"", ""2021-05-01"", ""2021-05-02"", ""2021-05-03"", ""2021-05-04"", ""2021-05-05"", ""2021-05-06"", ""2021-05-07"", ""2021-05-08"", ""2021-05-09"", ""2021-05-10"", ""2021-05-11"", ""2021-05-12"", ""2021-05-13"", ""2021-05-14"", ""2021-05-15"", ""2021-05-16"", ""2021-05-17"", ""2021-05-18"", ""2021-05-19"", ""2021-05-20"", ""2021-05-21"", ""2021-05-22"", ""2021-05-23"", ""2021-05-24"", ""2021-05-25"", ""2021-05-26"", ""2021-05-27"", ""2021-05-28"", ""2021-05-29"", ""2021-05-30"", ""2021-05-31"", ""2021-06-01"", ""2021-06-02"", ""2021-06-03"", ""2021-06-04"", ""2021-06-05"", ""2021-06-06"", ""2021-06-07"", ""2021-06-08"", ""2021-06-09"", ""2021-06-10"", ""2021-06-11"", ""2021-06-12"", ""2021-06-13"", ""2021-06-14"", ""2021-06-15"", ""2021-06-16"", ""2021-06-17"", ""2021-06-18"", ""2021-06-19"", ""2021-06-20"", ""2021-06-21"", ""2021-06-22"", ""2021-06-23"", ""2021-06-24"", ""2021-06-25"", ""2021-06-26"", ""2021-06-27"", ""2021-06-28"", ""2021-06-29"", ""2022-07-01"", ""2022-07-02"", ""2022-07-03"", ""2022-07-04"", ""2022-07-05"", ""2022-07-06"", ""2022-07-07"", ""2022-07-08"", ""2022-07-09"", ""2022-07-10"", ""2022-07-11"", ""2022-07-12"", ""2022-07-13"", ""2022-07-14"", ""2022-07-15"", ""2022-07-16"", ""2022-07-17"", ""2022-07-18"", ""2022-07-19"", ""2022-07-22"", ""2022-07-23"", ""2022-07-24"", ""2022-07-25"", ""2022-07-26"", ""2022-07-27"", ""2022-07-28"", ""2022-07-29"", ""2022-07-30"", ""2022-07-31"", ""2022-08-01"", ""2022-08-02"", ""2022-08-03"", ""2022-08-04"", ""2022-08-05"", ""2022-08-06"", ""2022-08-07"", ""2022-08-08"", ""2022-08-09"", ""2022-08-10"", ""2022-08-11"", ""2022-08-12"", ""2022-08-13"", ""2022-08-14"", ""2022-08-15"", ""2022-08-16"", ""2022-08-17"", ""2022-08-18"", ""2022-08-19"", ""2022-08-20"", ""2022-08-21"", ""2022-08-22"", ""2022-08-23"", ""2022-08-24"", ""2022-08-25"", ""2022-08-26"", ""2022-08-27"", ""2022-08-28"", ""2022-08-29"", ""2022-08-30"", ""2022-08-31"", ""2022-09-01"", ""2022-09-02"", ""2022-09-03"", ""2022-09-04"", ""2022-09-05"", ""2022-09-06"", ""2022-09-07"", ""2022-09-08"", ""2022-09-09"", ""2022-09-10"", ""2022-09-11"", ""2022-09-12"", ""2022-09-13"", ""2022-09-14"", ""2022-09-15"", ""2022-09-16"", ""2022-09-17"", ""2022-09-18"", ""2022-09-19"", ""2022-09-20"", ""2022-09-21"", ""2022-09-22"", ""2022-09-23"", ""2022-09-24"", ""2022-09-25"", ""2022-09-26"", ""2022-09-27"", ""2022-09-28"", ""2025-05-01"", ""2025-05-02"", ""2025-05-03"", ""2025-05-04"", ""2025-05-05"", ""2025-05-06"", ""2025-05-07"", ""2025-05-08"", ""2025-05-09"", ""2025-05-10"", ""2025-05-11"", ""2025-05-12"", ""2025-05-13"", ""2025-05-14"", ""2025-05-15"", ""2025-05-16"", ""2025-05-17"", ""2025-05-18"", ""2025-05-19"", ""2025-05-20"", ""2025-05-21"", ""2025-05-22"", ""2025-05-23"", ""2025-05-24"", ""2025-05-25"", ""2025-05-26"", ""2025-05-27"", ""2025-05-28"", ""2025-05-29"", ""2025-05-30"", ""2025-05-31"", ""2025-06-01"", ""2025-06-02"", ""2025-06-03"", ""2025-06-04"", ""2025-06-05"", ""2025-06-06"", ""2025-06-07"", ""2025-06-08"", ""2025-06-09"", ""2025-06-10"", ""2025-06-11"", ""2025-06-12"", ""2025-06-13"", ""2025-06-14"", ""2025-06-15"", ""2025-06-16"", ""2025-06-17"", ""2025-06-18"", ""2025-06-19"", ""2025-06-20"", ""2025-06-21"", ""2025-06-22"", ""2025-06-23"", ""2025-06-24"", ""2025-06-25"", ""2025-06-26"", ""2025-06-27"", ""2025-06-28"", ""2025-06-29"", ""2025-06-30"", ""2025-07-01"", ""2025-07-02"", ""2025-07-03"", ""2025-07-04"", ""2025-07-05"", ""2025-07-06"", ""2025-07-07"", ""2025-07-08"", ""2025-07-09"", ""2025-07-10"", ""2025-07-11"", ""2025-07-12"", ""2025-07-13"", ""2025-07-14"", ""2025-07-15"", ""2025-07-16"", ""2025-07-17"", ""2025-07-18"", ""2025-07-19"", ""2025-07-20"", ""2025-07-21"", ""2025-07-22"", ""2025-07-23"", ""2025-07-24"", ""2025-07-25"", ""2025-07-26"", ""2025-07-27"", ""2025-07-28"", ""2025-07-29"", ""2026-01-08"", ""2026-01-09"", ""2026-01-10"", ""2026-01-11"", ""2026-01-12"", ""2026-01-13"", ""2026-01-14"", ""2026-01-15"", ""2026-01-16"", ""2026-01-17"", ""2026-01-18"", ""2026-01-19"", ""2026-01-20"", ""2026-01-21"", ""2026-01-22"", ""2026-01-23"", ""2026-01-24"", ""2026-01-25"", ""2026-01-26"", ""2026-01-27"", ""2026-01-28"", ""2026-01-29"", ""2026-01-30"", ""2026-01-31"", ""2026-02-01"", ""2026-02-02"", ""2026-02-03"", ""2026-02-04"", ""2026-02-05"", ""2026-02-06"", ""2026-02-07"", ""2026-02-08"", ""2026-02-09"", ""2026-02-10"", ""2026-02-11"", ""2026-02-12"", ""2026-02-13"", ""2026-02-14"", ""2026-02-15"", ""2026-02-16"", ""2026-02-17"", ""2026-02-18"", ""2026-02-19"", ""2026-02-20"", ""2026-02-21"", ""2026-02-22"", ""2026-02-23"", ""2026-02-24"", ""2026-02-25"", ""2026-02-26"", ""2026-02-27"", ""2026-02-28"", ""2026-03-01"", ""2026-03-02"", ""2026-03-03"", ""2026-03-04"", ""2026-03-05"", ""2026-03-06"", ""2026-03-07"", ""2026-03-08"", ""2026-03-09"", ""2026-03-10"", ""2026-03-11"", ""2026-03-12"", ""2026-03-13"", ""2026-03-14"", ""2026-03-15"", ""2026-03-16"", ""2026-03-17"", ""2026-03-18"", ""2026-03-19"", ""2026-03-20"", ""2026-03-21"", ""2026-03-22"", ""2026-03-23"", ""2026-03-24"", ""2026-03-25"", ""2026-03-26"", ""2026-03-27"", ""2026-03-28"", ""2026-03-29"", ""2026-03-30"", ""2026-03-31"", ""2026-04-01"", ""2026-04-02"", ""2026-04-03"", ""2026-04-04"", ""2026-04-05"", ""2026-04-06"", ""2026-04-07""]",,,,,0.5578759441729808,0.5568017737852662,,
v3+DL,per_fold,fold_1,2160.0,90.0,2020-07-01,2020-09-28,5.314827280626418,8.858745305202262,3.3543061088209587,1.6771530544104793,5.177961128221587,0.1368661524048317,0.24727228103377755,4.2949157404788805,3.8637096963417443,0.0,0.0,0.5092592592592593,1100.0,553.0,507.0,8.094030682660245,7.006515964042853,15.198049255655796,0.8125,1755.0,216.0,189.0,21.01182078093694,16.58525157740489,50.35123106926376,0.9453703703703704,2042.0,44.0,74.0,40.10763194146314,29.3063866990434,116.92142607270623,"[""2020-07-01"", ""2020-07-02"", ""2020-07-03"", ""2020-07-04"", ""2020-07-05"", ""2020-07-06"", ""2020-07-07"", ""2020-07-08"", ""2020-07-09"", ""2020-07-10"", ""2020-07-11"", ""2020-07-12"", ""2020-07-13"", ""2020-07-14"", ""2020-07-15"", ""2020-07-16"", ""2020-07-17"", ""2020-07-18"", ""2020-07-19"", ""2020-07-20"", ""2020-07-21"", ""2020-07-22"", ""2020-07-23"", ""2020-07-24"", ""2020-07-25"", ""2020-07-26"", ""2020-07-27"", ""2020-07-28"", ""2020-07-29"", ""2020-07-30"", ""2020-07-31"", ""2020-08-01"", ""2020-08-02"", ""2020-08-03"", ""2020-08-04"", ""2020-08-05"", ""2020-08-06"", ""2020-08-07"", ""2020-08-08"", ""2020-08-09"", ""2020-08-10"", ""2020-08-11"", ""2020-08-12"", ""2020-08-13"", ""2020-08-14"", ""2020-08-15"", ""2020-08-16"", ""2020-08-17"", ""2020-08-18"", ""2020-08-19"", ""2020-08-20"", ""2020-08-21"", ""2020-08-22"", ""2020-08-23"", ""2020-08-24"", ""2020-08-25"", ""2020-08-26"", ""2020-08-27"", ""2020-08-28"", ""2020-08-29"", ""2020-08-30"", ""2020-08-31"", ""2020-09-01"", ""2020-09-02"", ""2020-09-03"", ""2020-09-04"", ""2020-09-05"", ""2020-09-06"", ""2020-09-07"", ""2020-09-08"", ""2020-09-09"", ""2020-09-10"", ""2020-09-11"", ""2020-09-12"", ""2020-09-13"", ""2020-09-14"", ""2020-09-15"", ""2020-09-16"", ""2020-09-17"", ""2020-09-18"", ""2020-09-19"", ""2020-09-20"", ""2020-09-21"", ""2020-09-22"", ""2020-09-23"", ""2020-09-24"", ""2020-09-25"", ""2020-09-26"", ""2020-09-27"", ""2020-09-28""]",2020-07-01,2020-09-28,90.0,False,,,,
v3+DL,per_fold,fold_2,2159.0,90.0,2021-04-01,2021-06-29,8.490946127570584,12.612502264792765,5.562662521126662,2.781331260563331,8.469498783382372,0.021447344188213827,0.8200942174891678,6.560957674188345,5.888897701301303,0.0,0.0,0.5067160722556739,1094.0,532.0,533.0,13.445648589695514,11.199422774234833,32.35588086183528,0.8073182028716999,1743.0,226.0,190.0,36.54463431265373,28.752801761499875,87.84289030683655,0.9337656322371468,2016.0,74.0,69.0,70.8041030188483,64.25390333713374,132.35256135828055,"[""2021-04-01"", ""2021-04-02"", ""2021-04-03"", ""2021-04-04"", ""2021-04-05"", ""2021-04-06"", ""2021-04-07"", ""2021-04-08"", ""2021-04-09"", ""2021-04-10"", ""2021-04-11"", ""2021-04-12"", ""2021-04-13"", ""2021-04-14"", ""2021-04-15"", ""2021-04-16"", ""2021-04-17"", ""2021-04-18"", ""2021-04-19"", ""2021-04-20"", ""2021-04-21"", ""2021-04-22"", ""2021-04-23"", ""2021-04-24"", ""2021-04-25"", ""2021-04-26"", ""2021-04-27"", ""2021-04-28"", ""2021-04-29"", ""2021-04-30"", ""2021-05-01"", ""2021-05-02"", ""2021-05-03"", ""2021-05-04"", ""2021-05-05"", ""2021-05-06"", ""2021-05-07"", ""2021-05-08"", ""2021-05-09"", ""2021-05-10"", ""2021-05-11"", ""2021-05-12"", ""2021-05-13"", ""2021-05-14"", ""2021-05-15"", ""2021-05-16"", ""2021-05-17"", ""2021-05-18"", ""2021-05-19"", ""2021-05-20"", ""2021-05-21"", ""2021-05-22"", ""2021-05-23"", ""2021-05-24"", ""2021-05-25"", ""2021-05-26"", ""2021-05-27"", ""2021-05-28"", ""2021-05-29"", ""2021-05-30"", ""2021-05-31"", ""2021-06-01"", ""2021-06-02"", ""2021-06-03"", ""2021-06-04"", ""2021-06-05"", ""2021-06-06"", ""2021-06-07"", ""2021-06-08"", ""2021-06-09"", ""2021-06-10"", ""2021-06-11"", ""2021-06-12"", ""2021-06-13"", ""2021-06-14"", ""2021-06-15"", ""2021-06-16"", ""2021-06-17"", ""2021-06-18"", ""2021-06-19"", ""2021-06-20"", ""2021-06-21"", ""2021-06-22"", ""2021-06-23"", ""2021-06-24"", ""2021-06-25"", ""2021-06-26"", ""2021-06-27"", ""2021-06-28"", ""2021-06-29""]",2021-04-01,2021-06-29,90.0,False,,,,
v3+DL,per_fold,fold_3,2112.0,88.0,2022-07-01,2022-09-28,48.28741522276528,65.0258400058715,29.30249687655968,14.65124843827984,46.72045648768586,1.5669587350794352,5.762642713666565,40.54927112081972,30.803329605300334,0.0,0.0,0.4971590909090909,1050.0,569.0,493.0,76.76821108015062,73.53641438384862,141.37343295302546,0.7911931818181818,1671.0,238.0,203.0,180.82140494551746,159.17018937707104,355.4925051484823,0.9341856060606061,1973.0,67.0,72.0,302.7531944984183,281.40356492219536,509.93707802140693,"[""2022-07-01"", ""2022-07-02"", ""2022-07-03"", ""2022-07-04"", ""2022-07-05"", ""2022-07-06"", ""2022-07-07"", ""2022-07-08"", ""2022-07-09"", ""2022-07-10"", ""2022-07-11"", ""2022-07-12"", ""2022-07-13"", ""2022-07-14"", ""2022-07-15"", ""2022-07-16"", ""2022-07-17"", ""2022-07-18"", ""2022-07-19"", ""2022-07-22"", ""2022-07-23"", ""2022-07-24"", ""2022-07-25"", ""2022-07-26"", ""2022-07-27"", ""2022-07-28"", ""2022-07-29"", ""2022-07-30"", ""2022-07-31"", ""2022-08-01"", ""2022-08-02"", ""2022-08-03"", ""2022-08-04"", ""2022-08-05"", ""2022-08-06"", ""2022-08-07"", ""2022-08-08"", ""2022-08-09"", ""2022-08-10"", ""2022-08-11"", ""2022-08-12"", ""2022-08-13"", ""2022-08-14"", ""2022-08-15"", ""2022-08-16"", ""2022-08-17"", ""2022-08-18"", ""2022-08-19"", ""2022-08-20"", ""2022-08-21"", ""2022-08-22"", ""2022-08-23"", ""2022-08-24"", ""2022-08-25"", ""2022-08-26"", ""2022-08-27"", ""2022-08-28"", ""2022-08-29"", ""2022-08-30"", ""2022-08-31"", ""2022-09-01"", ""2022-09-02"", ""2022-09-03"", ""2022-09-04"", ""2022-09-05"", ""2022-09-06"", ""2022-09-07"", ""2022-09-08"", ""2022-09-09"", ""2022-09-10"", ""2022-09-11"", ""2022-09-12"", ""2022-09-13"", ""2022-09-14"", ""2022-09-15"", ""2022-09-16"", ""2022-09-17"", ""2022-09-18"", ""2022-09-19"", ""2022-09-20"", ""2022-09-21"", ""2022-09-22"", ""2022-09-23"", ""2022-09-24"", ""2022-09-25"", ""2022-09-26"", ""2022-09-27"", ""2022-09-28""]",2022-07-01,2022-09-28,90.0,True,,,,
v3+DL,per_fold,fold_4,2160.0,90.0,2025-05-01,2025-07-29,14.511318113052312,21.98383716006626,8.6708277184953,4.33541385924765,14.620590740313636,-0.10927262726133023,0.05435499644023351,8.358666178272518,13.018415127245348,0.0,0.0,0.5013888888888889,1083.0,526.0,551.0,22.10484954545608,22.559022455796843,33.78109274762296,0.7958333333333333,1719.0,217.0,224.0,45.47941987122609,44.35219254668398,70.84365548356152,0.9449074074074074,2041.0,65.0,54.0,92.53622564676391,82.04643480385488,193.27701962041252,"[""2025-05-01"", ""2025-05-02"", ""2025-05-03"", ""2025-05-04"", ""2025-05-05"", ""2025-05-06"", ""2025-05-07"", ""2025-05-08"", ""2025-05-09"", ""2025-05-10"", ""2025-05-11"", ""2025-05-12"", ""2025-05-13"", ""2025-05-14"", ""2025-05-15"", ""2025-05-16"", ""2025-05-17"", ""2025-05-18"", ""2025-05-19"", ""2025-05-20"", ""2025-05-21"", ""2025-05-22"", ""2025-05-23"", ""2025-05-24"", ""2025-05-25"", ""2025-05-26"", ""2025-05-27"", ""2025-05-28"", ""2025-05-29"", ""2025-05-30"", ""2025-05-31"", ""2025-06-01"", ""2025-06-02"", ""2025-06-03"", ""2025-06-04"", ""2025-06-05"", ""2025-06-06"", ""2025-06-07"", ""2025-06-08"", ""2025-06-09"", ""2025-06-10"", ""2025-06-11"", ""2025-06-12"", ""2025-06-13"", ""2025-06-14"", ""2025-06-15"", ""2025-06-16"", ""2025-06-17"", ""2025-06-18"", ""2025-06-19"", ""2025-06-20"", ""2025-06-21"", ""2025-06-22"", ""2025-06-23"", ""2025-06-24"", ""2025-06-25"", ""2025-06-26"", ""2025-06-27"", ""2025-06-28"", ""2025-06-29"", ""2025-06-30"", ""2025-07-01"", ""2025-07-02"", ""2025-07-03"", ""2025-07-04"", ""2025-07-05"", ""2025-07-06"", ""2025-07-07"", ""2025-07-08"", ""2025-07-09"", ""2025-07-10"", ""2025-07-11"", ""2025-07-12"", ""2025-07-13"", ""2025-07-14"", ""2025-07-15"", ""2025-07-16"", ""2025-07-17"", ""2025-07-18"", ""2025-07-19"", ""2025-07-20"", ""2025-07-21"", ""2025-07-22"", ""2025-07-23"", ""2025-07-24"", ""2025-07-25"", ""2025-07-26"", ""2025-07-27"", ""2025-07-28"", ""2025-07-29""]",2025-05-01,2025-07-29,90.0,False,,,,
v3+DL,per_fold,fold_5,2156.0,90.0,2026-01-08,2026-04-07,15.572022096208014,22.207504337277403,9.24458051922119,4.622290259610595,15.450216493094704,0.1218056031133108,-0.23075366694919908,11.515777892489485,11.90214519321749,0.0,0.0,0.5102040816326531,1100.0,530.0,526.0,25.53921022958463,26.181160161154587,44.058325030014416,0.8084415584415584,1743.0,200.0,213.0,55.67285070014024,55.651470498536014,103.39758568059952,0.9499072356215214,2048.0,34.0,74.0,109.04968067455248,99.21856410999757,248.58335668492307,"[""2026-01-08"", ""2026-01-09"", ""2026-01-10"", ""2026-01-11"", ""2026-01-12"", ""2026-01-13"", ""2026-01-14"", ""2026-01-15"", ""2026-01-16"", ""2026-01-17"", ""2026-01-18"", ""2026-01-19"", ""2026-01-20"", ""2026-01-21"", ""2026-01-22"", ""2026-01-23"", ""2026-01-24"", ""2026-01-25"", ""2026-01-26"", ""2026-01-27"", ""2026-01-28"", ""2026-01-29"", ""2026-01-30"", ""2026-01-31"", ""2026-02-01"", ""2026-02-02"", ""2026-02-03"", ""2026-02-04"", ""2026-02-05"", ""2026-02-06"", ""2026-02-07"", ""2026-02-08"", ""2026-02-09"", ""2026-02-10"", ""2026-02-11"", ""2026-02-12"", ""2026-02-13"", ""2026-02-14"", ""2026-02-15"", ""2026-02-16"", ""2026-02-17"", ""2026-02-18"", ""2026-02-19"", ""2026-02-20"", ""2026-02-21"", ""2026-02-22"", ""2026-02-23"", ""2026-02-24"", ""2026-02-25"", ""2026-02-26"", ""2026-02-27"", ""2026-02-28"", ""2026-03-01"", ""2026-03-02"", ""2026-03-03"", ""2026-03-04"", ""2026-03-05"", ""2026-03-06"", ""2026-03-07"", ""2026-03-08"", ""2026-03-09"", ""2026-03-10"", ""2026-03-11"", ""2026-03-12"", ""2026-03-13"", ""2026-03-14"", ""2026-03-15"", ""2026-03-16"", ""2026-03-17"", ""2026-03-18"", ""2026-03-19"", ""2026-03-20"", ""2026-03-21"", ""2026-03-22"", ""2026-03-23"", ""2026-03-24"", ""2026-03-25"", ""2026-03-26"", ""2026-03-27"", ""2026-03-28"", ""2026-03-29"", ""2026-03-30"", ""2026-03-31"", ""2026-04-01"", ""2026-04-02"", ""2026-04-03"", ""2026-04-04"", ""2026-04-05"", ""2026-04-06"", ""2026-04-07""]",2026-01-08,2026-04-07,90.0,False,,,,
B0,equal_fold,all,,,,,,,,,,,,,,,,,,,,,,,,,,,,,,,,,,,,,,,,,,,,1.0,1.0
B1,equal_fold,all,,,,,,,,,,,,,,,,,,,,,,,,,,,,,,,,,,,,,,,,,,,,1.051845134839199,0.9856366964174134
B2,equal_fold,all,,,,,,,,,,,,,,,,,,,,,,,,,,,,,,,,,,,,,,,,,,,,0.6578109123747921,0.6389910407326591
B3,equal_fold,all,,,,,,,,,,,,,,,,,,,,,,,,,,,,,,,,,,,,,,,,,,,,0.7841363977682992,0.7399052224715813
A1,equal_fold,all,,,,,,,,,,,,,,,,,,,,,,,,,,,,,,,,,,,,,,,,,,,,0.6722908121370033,0.646015091607363
H0,equal_fold,all,,,,,,,,,,,,,,,,,,,,,,,,,,,,,,,,,,,,,,,,,,,,0.6440721386286878,0.6160299894915677
HG,equal_fold,all,,,,,,,,,,,,,,,,,,,,,,,,,,,,,,,,,,,,,,,,,,,,0.5657606376333641,0.532218690181866
HGL,equal_fold,all,,,,,,,,,,,,,,,,,,,,,,,,,,,,,,,,,,,,,,,,,,,,0.5356586541153796,0.5055748401472236
R,equal_fold,all,,,,,,,,,,,,,,,,,,,,,,,,,,,,,,,,,,,,,,,,,,,,0.5368011399310709,0.5065780356195718
M,equal_fold,all,,,,,,,,,,,,,,,,,,,,,,,,,,,,,,,,,,,,,,,,,,,,0.5343316729501412,0.5048157261017694
A-PN-sel,equal_fold,all,,,,,,,,,,,,,,,,,,,,,,,,,,,,,,,,,,,,,,,,,,,,0.5357836937820348,0.5053285679283658
A-LP,equal_fold,all,,,,,,,,,,,,,,,,,,,,,,,,,,,,,,,,,,,,,,,,,,,,0.5380517143985365,0.5083768434578415
A-LN,equal_fold,all,,,,,,,,,,,,,,,,,,,,,,,,,,,,,,,,,,,,,,,,,,,,0.5362209174951242,0.5056475322963709
v4+DL,equal_fold,all,,,,,,,,,,,,,,,,,,,,,,,,,,,,,,,,,,,,,,,,,,,,0.5378589826012838,0.528086810557636
v3+DL,equal_fold,all,,,,,,,,,,,,,,,,,,,,,,,,,,,,,,,,,,,,,,,,,,,,0.5675777334950503,0.5552920130934001
