policy,scope,fold,n_hours,n_days,first_delivery_date,last_delivery_date,MAE,RMSE,WIS,mean_pinball_7,raw_central_MAE,centering_effect,bias,daily_mean_level_MAE,within_day_shape_MAE,missing_count,crossings,coverage50,hit_count50,lower_miss_count50,upper_miss_count50,mean_width50,median_width50,p95_width50,coverage80,hit_count80,lower_miss_count80,upper_miss_count80,mean_width80,median_width80,p95_width80,coverage95,hit_count95,lower_miss_count95,upper_miss_count95,mean_width95,median_width95,p95_width95,represented_dates,window_start,window_end,calendar_days,stress_period,pooled_ratio_MAE,pooled_ratio_WIS,S_MAE,S_WIS
B0,pooled,all,10747.0,448.0,2020-07-01,2026-04-07,32.81010165627617,61.07331770317242,20.020603986162254,10.010301993081127,32.452299246301294,0.35780240997487706,2.175260537824509,27.724523223181937,19.282844480191976,0.0,0.0,0.46217549083465154,4967.0,2894.0,2886.0,38.083496673490274,22.625,117.04999999999995,0.751558574485903,8077.0,1324.0,1346.0,93.54281166837255,64.44949999999997,244.38499999999993,0.9074160230762073,9752.0,503.0,492.0,166.60476947054994,136.9025,462.057,"[""2020-07-01"", ""2020-07-02"", ""2020-07-03"", ""2020-07-04"", ""2020-07-05"", ""2020-07-06"", ""2020-07-07"", ""2020-07-08"", ""2020-07-09"", ""2020-07-10"", ""2020-07-11"", ""2020-07-12"", ""2020-07-13"", ""2020-07-14"", ""2020-07-15"", ""2020-07-16"", ""2020-07-17"", ""2020-07-18"", ""2020-07-19"", ""2020-07-20"", ""2020-07-21"", ""2020-07-22"", ""2020-07-23"", ""2020-07-24"", ""2020-07-25"", ""2020-07-26"", ""2020-07-27"", ""2020-07-28"", ""2020-07-29"", ""2020-07-30"", ""2020-07-31"", ""2020-08-01"", ""2020-08-02"", ""2020-08-03"", ""2020-08-04"", ""2020-08-05"", ""2020-08-06"", ""2020-08-07"", ""2020-08-08"", ""2020-08-09"", ""2020-08-10"", ""2020-08-11"", ""2020-08-12"", ""2020-08-13"", ""2020-08-14"", ""2020-08-15"", ""2020-08-16"", ""2020-08-17"", ""2020-08-18"", ""2020-08-19"", ""2020-08-20"", ""2020-08-21"", ""2020-08-22"", ""2020-08-23"", ""2020-08-24"", ""2020-08-25"", ""2020-08-26"", ""2020-08-27"", ""2020-08-28"", ""2020-08-29"", ""2020-08-30"", ""2020-08-31"", ""2020-09-01"", ""2020-09-02"", ""2020-09-03"", ""2020-09-04"", ""2020-09-05"", ""2020-09-06"", ""2020-09-07"", ""2020-09-08"", ""2020-09-09"", ""2020-09-10"", ""2020-09-11"", ""2020-09-12"", ""2020-09-13"", ""2020-09-14"", ""2020-09-15"", ""2020-09-16"", ""2020-09-17"", ""2020-09-18"", ""2020-09-19"", ""2020-09-20"", ""2020-09-21"", ""2020-09-22"", ""2020-09-23"", ""2020-09-24"", ""2020-09-25"", ""2020-09-26"", ""2020-09-27"", ""2020-09-28"", ""2021-04-01"", ""2021-04-02"", ""2021-04-03"", ""2021-04-04"", ""2021-04-05"", ""2021-04-06"", ""2021-04-07"", ""2021-04-08"", ""2021-04-09"", ""2021-04-10"", ""2021-04-11"", ""2021-04-12"", ""2021-04-13"", ""2021-04-14"", ""2021-04-15"", ""2021-04-16"", ""2021-04-17"", ""2021-04-18"", ""2021-04-19"", ""2021-04-20"", ""2021-04-21"", ""2021-04-22"", ""2021-04-23"", ""2021-04-24"", ""2021-04-25"", ""2021-04-26"", ""2021-04-27"", ""2021-04-28"", ""2021-04-29"", ""2021-04-30"", ""2021-05-01"", ""2021-05-02"", ""2021-05-03"", ""2021-05-04"", ""2021-05-05"", ""2021-05-06"", ""2021-05-07"", ""2021-05-08"", ""2021-05-09"", ""2021-05-10"", ""2021-05-11"", ""2021-05-12"", ""2021-05-13"", ""2021-05-14"", ""2021-05-15"", ""2021-05-16"", ""2021-05-17"", ""2021-05-18"", ""2021-05-19"", ""2021-05-20"", ""2021-05-21"", ""2021-05-22"", ""2021-05-23"", ""2021-05-24"", ""2021-05-25"", ""2021-05-26"", ""2021-05-27"", ""2021-05-28"", ""2021-05-29"", ""2021-05-30"", ""2021-05-31"", ""2021-06-01"", ""2021-06-02"", ""2021-06-03"", ""2021-06-04"", ""2021-06-05"", ""2021-06-06"", ""2021-06-07"", ""2021-06-08"", ""2021-06-09"", ""2021-06-10"", ""2021-06-11"", ""2021-06-12"", ""2021-06-13"", ""2021-06-14"", ""2021-06-15"", ""2021-06-16"", ""2021-06-17"", ""2021-06-18"", ""2021-06-19"", ""2021-06-20"", ""2021-06-21"", ""2021-06-22"", ""2021-06-23"", ""2021-06-24"", ""2021-06-25"", ""2021-06-26"", ""2021-06-27"", ""2021-06-28"", ""2021-06-29"", ""2022-07-01"", ""2022-07-02"", ""2022-07-03"", ""2022-07-04"", ""2022-07-05"", ""2022-07-06"", ""2022-07-07"", ""2022-07-08"", ""2022-07-09"", ""2022-07-10"", ""2022-07-11"", ""2022-07-12"", ""2022-07-13"", ""2022-07-14"", ""2022-07-15"", ""2022-07-16"", ""2022-07-17"", ""2022-07-18"", ""2022-07-19"", ""2022-07-22"", ""2022-07-23"", ""2022-07-24"", ""2022-07-25"", ""2022-07-26"", ""2022-07-27"", ""2022-07-28"", ""2022-07-29"", ""2022-07-30"", ""2022-07-31"", ""2022-08-01"", ""2022-08-02"", ""2022-08-03"", ""2022-08-04"", ""2022-08-05"", ""2022-08-06"", ""2022-08-07"", ""2022-08-08"", ""2022-08-09"", ""2022-08-10"", ""2022-08-11"", ""2022-08-12"", ""2022-08-13"", ""2022-08-14"", ""2022-08-15"", ""2022-08-16"", ""2022-08-17"", ""2022-08-18"", ""2022-08-19"", ""2022-08-20"", ""2022-08-21"", ""2022-08-22"", ""2022-08-23"", ""2022-08-24"", ""2022-08-25"", ""2022-08-26"", ""2022-08-27"", ""2022-08-28"", ""2022-08-29"", ""2022-08-30"", ""2022-08-31"", ""2022-09-01"", ""2022-09-02"", ""2022-09-03"", ""2022-09-04"", ""2022-09-05"", ""2022-09-06"", ""2022-09-07"", ""2022-09-08"", ""2022-09-09"", ""2022-09-10"", ""2022-09-11"", ""2022-09-12"", ""2022-09-13"", ""2022-09-14"", ""2022-09-15"", ""2022-09-16"", ""2022-09-17"", ""2022-09-18"", ""2022-09-19"", ""2022-09-20"", ""2022-09-21"", ""2022-09-22"", ""2022-09-23"", ""2022-09-24"", ""2022-09-25"", ""2022-09-26"", ""2022-09-27"", ""2022-09-28"", ""2025-05-01"", ""2025-05-02"", ""2025-05-03"", ""2025-05-04"", ""2025-05-05"", ""2025-05-06"", ""2025-05-07"", ""2025-05-08"", ""2025-05-09"", ""2025-05-10"", ""2025-05-11"", ""2025-05-12"", ""2025-05-13"", ""2025-05-14"", ""2025-05-15"", ""2025-05-16"", ""2025-05-17"", ""2025-05-18"", ""2025-05-19"", ""2025-05-20"", ""2025-05-21"", ""2025-05-22"", ""2025-05-23"", ""2025-05-24"", ""2025-05-25"", ""2025-05-26"", ""2025-05-27"", ""2025-05-28"", ""2025-05-29"", ""2025-05-30"", ""2025-05-31"", ""2025-06-01"", ""2025-06-02"", ""2025-06-03"", ""2025-06-04"", ""2025-06-05"", ""2025-06-06"", ""2025-06-07"", ""2025-06-08"", ""2025-06-09"", ""2025-06-10"", ""2025-06-11"", ""2025-06-12"", ""2025-06-13"", ""2025-06-14"", ""2025-06-15"", ""2025-06-16"", ""2025-06-17"", ""2025-06-18"", ""2025-06-19"", ""2025-06-20"", ""2025-06-21"", ""2025-06-22"", ""2025-06-23"", ""2025-06-24"", ""2025-06-25"", ""2025-06-26"", ""2025-06-27"", ""2025-06-28"", ""2025-06-29"", ""2025-06-30"", ""2025-07-01"", ""2025-07-02"", ""2025-07-03"", ""2025-07-04"", ""2025-07-05"", ""2025-07-06"", ""2025-07-07"", ""2025-07-08"", ""2025-07-09"", ""2025-07-10"", ""2025-07-11"", ""2025-07-12"", ""2025-07-13"", ""2025-07-14"", ""2025-07-15"", ""2025-07-16"", ""2025-07-17"", ""2025-07-18"", ""2025-07-19"", ""2025-07-20"", ""2025-07-21"", ""2025-07-22"", ""2025-07-23"", ""2025-07-24"", ""2025-07-25"", ""2025-07-26"", ""2025-07-27"", ""2025-07-28"", ""2025-07-29"", ""2026-01-08"", ""2026-01-09"", ""2026-01-10"", ""2026-01-11"", ""2026-01-12"", ""2026-01-13"", ""2026-01-14"", ""2026-01-15"", ""2026-01-16"", ""2026-01-17"", ""2026-01-18"", ""2026-01-19"", ""2026-01-20"", ""2026-01-21"", ""2026-01-22"", ""2026-01-23"", ""2026-01-24"", ""2026-01-25"", ""2026-01-26"", ""2026-01-27"", ""2026-01-28"", ""2026-01-29"", ""2026-01-30"", ""2026-01-31"", ""2026-02-01"", ""2026-02-02"", ""2026-02-03"", ""2026-02-04"", ""2026-02-05"", ""2026-02-06"", ""2026-02-07"", ""2026-02-08"", ""2026-02-09"", ""2026-02-10"", ""2026-02-11"", ""2026-02-12"", ""2026-02-13"", ""2026-02-14"", ""2026-02-15"", ""2026-02-16"", ""2026-02-17"", ""2026-02-18"", ""2026-02-19"", ""2026-02-20"", ""2026-02-21"", ""2026-02-22"", ""2026-02-23"", ""2026-02-24"", ""2026-02-25"", ""2026-02-26"", ""2026-02-27"", ""2026-02-28"", ""2026-03-01"", ""2026-03-02"", ""2026-03-03"", ""2026-03-04"", ""2026-03-05"", ""2026-03-06"", ""2026-03-07"", ""2026-03-08"", ""2026-03-09"", ""2026-03-10"", ""2026-03-11"", ""2026-03-12"", ""2026-03-13"", ""2026-03-14"", ""2026-03-15"", ""2026-03-16"", ""2026-03-17"", ""2026-03-18"", ""2026-03-19"", ""2026-03-20"", ""2026-03-21"", ""2026-03-22"", ""2026-03-23"", ""2026-03-24"", ""2026-03-25"", ""2026-03-26"", ""2026-03-27"", ""2026-03-28"", ""2026-03-29"", ""2026-03-30"", ""2026-03-31"", ""2026-04-01"", ""2026-04-02"", ""2026-04-03"", ""2026-04-04"", ""2026-04-05"", ""2026-04-06"", ""2026-04-07""]",,,,,1.0,1.0,,
B0,per_fold,fold_1,2160.0,90.0,2020-07-01,2020-09-28,8.633138888888888,14.550374132901442,5.709041481481482,2.8545207407407407,8.590592592592593,0.04254629629629636,0.26563888888888904,7.3831759259259275,6.303100694444444,0.0,0.0,0.4597222222222222,993.0,613.0,554.0,8.888944444444443,8.280000000000001,12.805,0.7416666666666667,1602.0,290.0,268.0,22.774811111111106,22.486499999999992,32.977999999999994,0.9199074074074074,1987.0,92.0,81.0,51.30301666666668,52.94800000000002,64.09700000000002,"[""2020-07-01"", ""2020-07-02"", ""2020-07-03"", ""2020-07-04"", ""2020-07-05"", ""2020-07-06"", ""2020-07-07"", ""2020-07-08"", ""2020-07-09"", ""2020-07-10"", ""2020-07-11"", ""2020-07-12"", ""2020-07-13"", ""2020-07-14"", ""2020-07-15"", ""2020-07-16"", ""2020-07-17"", ""2020-07-18"", ""2020-07-19"", ""2020-07-20"", ""2020-07-21"", ""2020-07-22"", ""2020-07-23"", ""2020-07-24"", ""2020-07-25"", ""2020-07-26"", ""2020-07-27"", ""2020-07-28"", ""2020-07-29"", ""2020-07-30"", ""2020-07-31"", ""2020-08-01"", ""2020-08-02"", ""2020-08-03"", ""2020-08-04"", ""2020-08-05"", ""2020-08-06"", ""2020-08-07"", ""2020-08-08"", ""2020-08-09"", ""2020-08-10"", ""2020-08-11"", ""2020-08-12"", ""2020-08-13"", ""2020-08-14"", ""2020-08-15"", ""2020-08-16"", ""2020-08-17"", ""2020-08-18"", ""2020-08-19"", ""2020-08-20"", ""2020-08-21"", ""2020-08-22"", ""2020-08-23"", ""2020-08-24"", ""2020-08-25"", ""2020-08-26"", ""2020-08-27"", ""2020-08-28"", ""2020-08-29"", ""2020-08-30"", ""2020-08-31"", ""2020-09-01"", ""2020-09-02"", ""2020-09-03"", ""2020-09-04"", ""2020-09-05"", ""2020-09-06"", ""2020-09-07"", ""2020-09-08"", ""2020-09-09"", ""2020-09-10"", ""2020-09-11"", ""2020-09-12"", ""2020-09-13"", ""2020-09-14"", ""2020-09-15"", ""2020-09-16"", ""2020-09-17"", ""2020-09-18"", ""2020-09-19"", ""2020-09-20"", ""2020-09-21"", ""2020-09-22"", ""2020-09-23"", ""2020-09-24"", ""2020-09-25"", ""2020-09-26"", ""2020-09-27"", ""2020-09-28""]",2020-07-01,2020-09-28,90.0,False,,,,
B0,per_fold,fold_2,2159.0,90.0,2021-04-01,2021-06-29,16.171625752663275,25.672794231259175,10.88716980083372,5.44358490041686,16.242139879573877,-0.0705141269106068,-1.2664242704955992,14.462467995169082,9.255120577159312,0.0,0.0,0.5173691523853636,1117.0,478.0,564.0,17.965217693376562,18.477499999999992,22.69,0.7744326076887448,1672.0,217.0,270.0,54.29137193144974,56.14,67.061,0.9147753589624826,1975.0,76.0,108.0,114.57869198703105,122.38525000000016,136.9025,"[""2021-04-01"", ""2021-04-02"", ""2021-04-03"", ""2021-04-04"", ""2021-04-05"", ""2021-04-06"", ""2021-04-07"", ""2021-04-08"", ""2021-04-09"", ""2021-04-10"", ""2021-04-11"", ""2021-04-12"", ""2021-04-13"", ""2021-04-14"", ""2021-04-15"", ""2021-04-16"", ""2021-04-17"", ""2021-04-18"", ""2021-04-19"", ""2021-04-20"", ""2021-04-21"", ""2021-04-22"", ""2021-04-23"", ""2021-04-24"", ""2021-04-25"", ""2021-04-26"", ""2021-04-27"", ""2021-04-28"", ""2021-04-29"", ""2021-04-30"", ""2021-05-01"", ""2021-05-02"", ""2021-05-03"", ""2021-05-04"", ""2021-05-05"", ""2021-05-06"", ""2021-05-07"", ""2021-05-08"", ""2021-05-09"", ""2021-05-10"", ""2021-05-11"", ""2021-05-12"", ""2021-05-13"", ""2021-05-14"", ""2021-05-15"", ""2021-05-16"", ""2021-05-17"", ""2021-05-18"", ""2021-05-19"", ""2021-05-20"", ""2021-05-21"", ""2021-05-22"", ""2021-05-23"", ""2021-05-24"", ""2021-05-25"", ""2021-05-26"", ""2021-05-27"", ""2021-05-28"", ""2021-05-29"", ""2021-05-30"", ""2021-05-31"", ""2021-06-01"", ""2021-06-02"", ""2021-06-03"", ""2021-06-04"", ""2021-06-05"", ""2021-06-06"", ""2021-06-07"", ""2021-06-08"", ""2021-06-09"", ""2021-06-10"", ""2021-06-11"", ""2021-06-12"", ""2021-06-13"", ""2021-06-14"", ""2021-06-15"", ""2021-06-16"", ""2021-06-17"", ""2021-06-18"", ""2021-06-19"", ""2021-06-20"", ""2021-06-21"", ""2021-06-22"", ""2021-06-23"", ""2021-06-24"", ""2021-06-25"", ""2021-06-26"", ""2021-06-27"", ""2021-06-28"", ""2021-06-29""]",2021-04-01,2021-06-29,90.0,False,,,,
B0,per_fold,fold_3,2112.0,88.0,2022-07-01,2022-09-28,86.9488731060606,121.60900672043293,51.72695986877705,25.863479934388526,85.65789299242422,1.2909801136363646,9.941519886363636,76.61560132575758,41.74388809974748,0.0,0.0,0.41051136363636365,867.0,642.0,603.0,103.48724431818182,101.37125000000003,185.1675,0.7182765151515151,1517.0,318.0,277.0,238.9440795454545,216.11599999999996,423.89000000000004,0.8768939393939394,1852.0,142.0,118.0,376.3510369318182,335.24700000000007,568.1875,"[""2022-07-01"", ""2022-07-02"", ""2022-07-03"", ""2022-07-04"", ""2022-07-05"", ""2022-07-06"", ""2022-07-07"", ""2022-07-08"", ""2022-07-09"", ""2022-07-10"", ""2022-07-11"", ""2022-07-12"", ""2022-07-13"", ""2022-07-14"", ""2022-07-15"", ""2022-07-16"", ""2022-07-17"", ""2022-07-18"", ""2022-07-19"", ""2022-07-22"", ""2022-07-23"", ""2022-07-24"", ""2022-07-25"", ""2022-07-26"", ""2022-07-27"", ""2022-07-28"", ""2022-07-29"", ""2022-07-30"", ""2022-07-31"", ""2022-08-01"", ""2022-08-02"", ""2022-08-03"", ""2022-08-04"", ""2022-08-05"", ""2022-08-06"", ""2022-08-07"", ""2022-08-08"", ""2022-08-09"", ""2022-08-10"", ""2022-08-11"", ""2022-08-12"", ""2022-08-13"", ""2022-08-14"", ""2022-08-15"", ""2022-08-16"", ""2022-08-17"", ""2022-08-18"", ""2022-08-19"", ""2022-08-20"", ""2022-08-21"", ""2022-08-22"", ""2022-08-23"", ""2022-08-24"", ""2022-08-25"", ""2022-08-26"", ""2022-08-27"", ""2022-08-28"", ""2022-08-29"", ""2022-08-30"", ""2022-08-31"", ""2022-09-01"", ""2022-09-02"", ""2022-09-03"", ""2022-09-04"", ""2022-09-05"", ""2022-09-06"", ""2022-09-07"", ""2022-09-08"", ""2022-09-09"", ""2022-09-10"", ""2022-09-11"", ""2022-09-12"", ""2022-09-13"", ""2022-09-14"", ""2022-09-15"", ""2022-09-16"", ""2022-09-17"", ""2022-09-18"", ""2022-09-19"", ""2022-09-20"", ""2022-09-21"", ""2022-09-22"", ""2022-09-23"", ""2022-09-24"", ""2022-09-25"", ""2022-09-26"", ""2022-09-27"", ""2022-09-28""]",2022-07-01,2022-09-28,90.0,True,,,,
B0,per_fold,fold_4,2160.0,90.0,2025-05-01,2025-07-29,22.984564814814817,36.35392467286538,14.561240595238095,7.2806202976190475,22.84526851851852,0.13929629629629584,-0.4930370370370366,15.530240740740737,20.24671875,0.0,0.0,0.5064814814814815,1094.0,517.0,549.0,28.258,25.23249999999999,40.63249999999999,0.8143518518518519,1759.0,187.0,214.0,75.79389999999998,73.01649999999998,102.544,0.9398148148148148,2030.0,67.0,63.0,149.50966666666667,151.690125,171.30200000000002,"[""2025-05-01"", ""2025-05-02"", ""2025-05-03"", ""2025-05-04"", ""2025-05-05"", ""2025-05-06"", ""2025-05-07"", ""2025-05-08"", ""2025-05-09"", ""2025-05-10"", ""2025-05-11"", ""2025-05-12"", ""2025-05-13"", ""2025-05-14"", ""2025-05-15"", ""2025-05-16"", ""2025-05-17"", ""2025-05-18"", ""2025-05-19"", ""2025-05-20"", ""2025-05-21"", ""2025-05-22"", ""2025-05-23"", ""2025-05-24"", ""2025-05-25"", ""2025-05-26"", ""2025-05-27"", ""2025-05-28"", ""2025-05-29"", ""2025-05-30"", ""2025-05-31"", ""2025-06-01"", ""2025-06-02"", ""2025-06-03"", ""2025-06-04"", ""2025-06-05"", ""2025-06-06"", ""2025-06-07"", ""2025-06-08"", ""2025-06-09"", ""2025-06-10"", ""2025-06-11"", ""2025-06-12"", ""2025-06-13"", ""2025-06-14"", ""2025-06-15"", ""2025-06-16"", ""2025-06-17"", ""2025-06-18"", ""2025-06-19"", ""2025-06-20"", ""2025-06-21"", ""2025-06-22"", ""2025-06-23"", ""2025-06-24"", ""2025-06-25"", ""2025-06-26"", ""2025-06-27"", ""2025-06-28"", ""2025-06-29"", ""2025-06-30"", ""2025-07-01"", ""2025-07-02"", ""2025-07-03"", ""2025-07-04"", ""2025-07-05"", ""2025-07-06"", ""2025-07-07"", ""2025-07-08"", ""2025-07-09"", ""2025-07-10"", ""2025-07-11"", ""2025-07-12"", ""2025-07-13"", ""2025-07-14"", ""2025-07-15"", ""2025-07-16"", ""2025-07-17"", ""2025-07-18"", ""2025-07-19"", ""2025-07-20"", ""2025-07-21"", ""2025-07-22"", ""2025-07-23"", ""2025-07-24"", ""2025-07-25"", ""2025-07-26"", ""2025-07-27"", ""2025-07-28"", ""2025-07-29""]",2025-05-01,2025-07-29,90.0,False,,,,
B0,per_fold,fold_5,2156.0,90.0,2026-01-08,2026-04-07,30.503414888682755,43.69833951035703,17.915066285117945,8.957533142558972,30.09608070500928,0.40733418367347035,2.600382653061225,25.717598530595822,19.360029051887555,0.0,0.0,0.4155844155844156,896.0,644.0,616.0,33.25323457792208,25.258124999999993,63.71625,0.7082560296846011,1527.0,312.0,317.0,79.09610992578848,69.39349999999999,139.71749999999997,0.8849721706864564,1908.0,126.0,122.0,145.8799979128015,159.31156250000004,197.99312500000002,"[""2026-01-08"", ""2026-01-09"", ""2026-01-10"", ""2026-01-11"", ""2026-01-12"", ""2026-01-13"", ""2026-01-14"", ""2026-01-15"", ""2026-01-16"", ""2026-01-17"", ""2026-01-18"", ""2026-01-19"", ""2026-01-20"", ""2026-01-21"", ""2026-01-22"", ""2026-01-23"", ""2026-01-24"", ""2026-01-25"", ""2026-01-26"", ""2026-01-27"", ""2026-01-28"", ""2026-01-29"", ""2026-01-30"", ""2026-01-31"", ""2026-02-01"", ""2026-02-02"", ""2026-02-03"", ""2026-02-04"", ""2026-02-05"", ""2026-02-06"", ""2026-02-07"", ""2026-02-08"", ""2026-02-09"", ""2026-02-10"", ""2026-02-11"", ""2026-02-12"", ""2026-02-13"", ""2026-02-14"", ""2026-02-15"", ""2026-02-16"", ""2026-02-17"", ""2026-02-18"", ""2026-02-19"", ""2026-02-20"", ""2026-02-21"", ""2026-02-22"", ""2026-02-23"", ""2026-02-24"", ""2026-02-25"", ""2026-02-26"", ""2026-02-27"", ""2026-02-28"", ""2026-03-01"", ""2026-03-02"", ""2026-03-03"", ""2026-03-04"", ""2026-03-05"", ""2026-03-06"", ""2026-03-07"", ""2026-03-08"", ""2026-03-09"", ""2026-03-10"", ""2026-03-11"", ""2026-03-12"", ""2026-03-13"", ""2026-03-14"", ""2026-03-15"", ""2026-03-16"", ""2026-03-17"", ""2026-03-18"", ""2026-03-19"", ""2026-03-20"", ""2026-03-21"", ""2026-03-22"", ""2026-03-23"", ""2026-03-24"", ""2026-03-25"", ""2026-03-26"", ""2026-03-27"", ""2026-03-28"", ""2026-03-29"", ""2026-03-30"", ""2026-03-31"", ""2026-04-01"", ""2026-04-02"", ""2026-04-03"", ""2026-04-04"", ""2026-04-05"", ""2026-04-06"", ""2026-04-07""]",2026-01-08,2026-04-07,90.0,False,,,,
B1,pooled,all,10747.0,448.0,2020-07-01,2026-04-07,41.743481556831235,81.34440986985622,25.24792934918561,12.623964674592806,41.75983235890547,-0.016350802074239917,-25.99951385652631,37.39949703786969,18.56804576879601,0.0,0.0,0.36447380664371454,3917.0,2044.0,4786.0,41.53164224298361,25.62308758760568,140.67092102438875,0.6280822555131664,6750.0,1151.0,2846.0,75.46902836943482,52.73437548281521,245.88705395604677,0.8451660928631246,9083.0,406.0,1258.0,130.86485779642376,97.88195880988283,387.5230624286474,"[""2020-07-01"", ""2020-07-02"", ""2020-07-03"", ""2020-07-04"", ""2020-07-05"", ""2020-07-06"", ""2020-07-07"", ""2020-07-08"", ""2020-07-09"", ""2020-07-10"", ""2020-07-11"", ""2020-07-12"", ""2020-07-13"", ""2020-07-14"", ""2020-07-15"", ""2020-07-16"", ""2020-07-17"", ""2020-07-18"", ""2020-07-19"", ""2020-07-20"", ""2020-07-21"", ""2020-07-22"", ""2020-07-23"", ""2020-07-24"", ""2020-07-25"", ""2020-07-26"", ""2020-07-27"", ""2020-07-28"", ""2020-07-29"", ""2020-07-30"", ""2020-07-31"", ""2020-08-01"", ""2020-08-02"", ""2020-08-03"", ""2020-08-04"", ""2020-08-05"", ""2020-08-06"", ""2020-08-07"", ""2020-08-08"", ""2020-08-09"", ""2020-08-10"", ""2020-08-11"", ""2020-08-12"", ""2020-08-13"", ""2020-08-14"", ""2020-08-15"", ""2020-08-16"", ""2020-08-17"", ""2020-08-18"", ""2020-08-19"", ""2020-08-20"", ""2020-08-21"", ""2020-08-22"", ""2020-08-23"", ""2020-08-24"", ""2020-08-25"", ""2020-08-26"", ""2020-08-27"", ""2020-08-28"", ""2020-08-29"", ""2020-08-30"", ""2020-08-31"", ""2020-09-01"", ""2020-09-02"", ""2020-09-03"", ""2020-09-04"", ""2020-09-05"", ""2020-09-06"", ""2020-09-07"", ""2020-09-08"", ""2020-09-09"", ""2020-09-10"", ""2020-09-11"", ""2020-09-12"", ""2020-09-13"", ""2020-09-14"", ""2020-09-15"", ""2020-09-16"", ""2020-09-17"", ""2020-09-18"", ""2020-09-19"", ""2020-09-20"", ""2020-09-21"", ""2020-09-22"", ""2020-09-23"", ""2020-09-24"", ""2020-09-25"", ""2020-09-26"", ""2020-09-27"", ""2020-09-28"", ""2021-04-01"", ""2021-04-02"", ""2021-04-03"", ""2021-04-04"", ""2021-04-05"", ""2021-04-06"", ""2021-04-07"", ""2021-04-08"", ""2021-04-09"", ""2021-04-10"", ""2021-04-11"", ""2021-04-12"", ""2021-04-13"", ""2021-04-14"", ""2021-04-15"", ""2021-04-16"", ""2021-04-17"", ""2021-04-18"", ""2021-04-19"", ""2021-04-20"", ""2021-04-21"", ""2021-04-22"", ""2021-04-23"", ""2021-04-24"", ""2021-04-25"", ""2021-04-26"", ""2021-04-27"", ""2021-04-28"", ""2021-04-29"", ""2021-04-30"", ""2021-05-01"", ""2021-05-02"", ""2021-05-03"", ""2021-05-04"", ""2021-05-05"", ""2021-05-06"", ""2021-05-07"", ""2021-05-08"", ""2021-05-09"", ""2021-05-10"", ""2021-05-11"", ""2021-05-12"", ""2021-05-13"", ""2021-05-14"", ""2021-05-15"", ""2021-05-16"", ""2021-05-17"", ""2021-05-18"", ""2021-05-19"", ""2021-05-20"", ""2021-05-21"", ""2021-05-22"", ""2021-05-23"", ""2021-05-24"", ""2021-05-25"", ""2021-05-26"", ""2021-05-27"", ""2021-05-28"", ""2021-05-29"", ""2021-05-30"", ""2021-05-31"", ""2021-06-01"", ""2021-06-02"", ""2021-06-03"", ""2021-06-04"", ""2021-06-05"", ""2021-06-06"", ""2021-06-07"", ""2021-06-08"", ""2021-06-09"", ""2021-06-10"", ""2021-06-11"", ""2021-06-12"", ""2021-06-13"", ""2021-06-14"", ""2021-06-15"", ""2021-06-16"", ""2021-06-17"", ""2021-06-18"", ""2021-06-19"", ""2021-06-20"", ""2021-06-21"", ""2021-06-22"", ""2021-06-23"", ""2021-06-24"", ""2021-06-25"", ""2021-06-26"", ""2021-06-27"", ""2021-06-28"", ""2021-06-29"", ""2022-07-01"", ""2022-07-02"", ""2022-07-03"", ""2022-07-04"", ""2022-07-05"", ""2022-07-06"", ""2022-07-07"", ""2022-07-08"", ""2022-07-09"", ""2022-07-10"", ""2022-07-11"", ""2022-07-12"", ""2022-07-13"", ""2022-07-14"", ""2022-07-15"", ""2022-07-16"", ""2022-07-17"", ""2022-07-18"", ""2022-07-19"", ""2022-07-22"", ""2022-07-23"", ""2022-07-24"", ""2022-07-25"", ""2022-07-26"", ""2022-07-27"", ""2022-07-28"", ""2022-07-29"", ""2022-07-30"", ""2022-07-31"", ""2022-08-01"", ""2022-08-02"", ""2022-08-03"", ""2022-08-04"", ""2022-08-05"", ""2022-08-06"", ""2022-08-07"", ""2022-08-08"", ""2022-08-09"", ""2022-08-10"", ""2022-08-11"", ""2022-08-12"", ""2022-08-13"", ""2022-08-14"", ""2022-08-15"", ""2022-08-16"", ""2022-08-17"", ""2022-08-18"", ""2022-08-19"", ""2022-08-20"", ""2022-08-21"", ""2022-08-22"", ""2022-08-23"", ""2022-08-24"", ""2022-08-25"", ""2022-08-26"", ""2022-08-27"", ""2022-08-28"", ""2022-08-29"", ""2022-08-30"", ""2022-08-31"", ""2022-09-01"", ""2022-09-02"", ""2022-09-03"", ""2022-09-04"", ""2022-09-05"", ""2022-09-06"", ""2022-09-07"", ""2022-09-08"", ""2022-09-09"", ""2022-09-10"", ""2022-09-11"", ""2022-09-12"", ""2022-09-13"", ""2022-09-14"", ""2022-09-15"", ""2022-09-16"", ""2022-09-17"", ""2022-09-18"", ""2022-09-19"", ""2022-09-20"", ""2022-09-21"", ""2022-09-22"", ""2022-09-23"", ""2022-09-24"", ""2022-09-25"", ""2022-09-26"", ""2022-09-27"", ""2022-09-28"", ""2025-05-01"", ""2025-05-02"", ""2025-05-03"", ""2025-05-04"", ""2025-05-05"", ""2025-05-06"", ""2025-05-07"", ""2025-05-08"", ""2025-05-09"", ""2025-05-10"", ""2025-05-11"", ""2025-05-12"", ""2025-05-13"", ""2025-05-14"", ""2025-05-15"", ""2025-05-16"", ""2025-05-17"", ""2025-05-18"", ""2025-05-19"", ""2025-05-20"", ""2025-05-21"", ""2025-05-22"", ""2025-05-23"", ""2025-05-24"", ""2025-05-25"", ""2025-05-26"", ""2025-05-27"", ""2025-05-28"", ""2025-05-29"", ""2025-05-30"", ""2025-05-31"", ""2025-06-01"", ""2025-06-02"", ""2025-06-03"", ""2025-06-04"", ""2025-06-05"", ""2025-06-06"", ""2025-06-07"", ""2025-06-08"", ""2025-06-09"", ""2025-06-10"", ""2025-06-11"", ""2025-06-12"", ""2025-06-13"", ""2025-06-14"", ""2025-06-15"", ""2025-06-16"", ""2025-06-17"", ""2025-06-18"", ""2025-06-19"", ""2025-06-20"", ""2025-06-21"", ""2025-06-22"", ""2025-06-23"", ""2025-06-24"", ""2025-06-25"", ""2025-06-26"", ""2025-06-27"", ""2025-06-28"", ""2025-06-29"", ""2025-06-30"", ""2025-07-01"", ""2025-07-02"", ""2025-07-03"", ""2025-07-04"", ""2025-07-05"", ""2025-07-06"", ""2025-07-07"", ""2025-07-08"", ""2025-07-09"", ""2025-07-10"", ""2025-07-11"", ""2025-07-12"", ""2025-07-13"", ""2025-07-14"", ""2025-07-15"", ""2025-07-16"", ""2025-07-17"", ""2025-07-18"", ""2025-07-19"", ""2025-07-20"", ""2025-07-21"", ""2025-07-22"", ""2025-07-23"", ""2025-07-24"", ""2025-07-25"", ""2025-07-26"", ""2025-07-27"", ""2025-07-28"", ""2025-07-29"", ""2026-01-08"", ""2026-01-09"", ""2026-01-10"", ""2026-01-11"", ""2026-01-12"", ""2026-01-13"", ""2026-01-14"", ""2026-01-15"", ""2026-01-16"", ""2026-01-17"", ""2026-01-18"", ""2026-01-19"", ""2026-01-20"", ""2026-01-21"", ""2026-01-22"", ""2026-01-23"", ""2026-01-24"", ""2026-01-25"", ""2026-01-26"", ""2026-01-27"", ""2026-01-28"", ""2026-01-29"", ""2026-01-30"", ""2026-01-31"", ""2026-02-01"", ""2026-02-02"", ""2026-02-03"", ""2026-02-04"", ""2026-02-05"", ""2026-02-06"", ""2026-02-07"", ""2026-02-08"", ""2026-02-09"", ""2026-02-10"", ""2026-02-11"", ""2026-02-12"", ""2026-02-13"", ""2026-02-14"", ""2026-02-15"", ""2026-02-16"", ""2026-02-17"", ""2026-02-18"", ""2026-02-19"", ""2026-02-20"", ""2026-02-21"", ""2026-02-22"", ""2026-02-23"", ""2026-02-24"", ""2026-02-25"", ""2026-02-26"", ""2026-02-27"", ""2026-02-28"", ""2026-03-01"", ""2026-03-02"", ""2026-03-03"", ""2026-03-04"", ""2026-03-05"", ""2026-03-06"", ""2026-03-07"", ""2026-03-08"", ""2026-03-09"", ""2026-03-10"", ""2026-03-11"", ""2026-03-12"", ""2026-03-13"", ""2026-03-14"", ""2026-03-15"", ""2026-03-16"", ""2026-03-17"", ""2026-03-18"", ""2026-03-19"", ""2026-03-20"", ""2026-03-21"", ""2026-03-22"", ""2026-03-23"", ""2026-03-24"", ""2026-03-25"", ""2026-03-26"", ""2026-03-27"", ""2026-03-28"", ""2026-03-29"", ""2026-03-30"", ""2026-03-31"", ""2026-04-01"", ""2026-04-02"", ""2026-04-03"", ""2026-04-04"", ""2026-04-05"", ""2026-04-06"", ""2026-04-07""]",,,,,1.2722752886943958,1.2610972859078755,,
B1,per_fold,fold_1,2160.0,90.0,2020-07-01,2020-09-28,6.6128886954178006,10.821226795773368,4.0026294086922105,2.0013147043461053,6.644541232166757,-0.0316525367489561,-0.8034800263162767,5.607534172310233,4.441553798961657,0.0,0.0,0.3902777777777778,843.0,569.0,748.0,7.065185550140391,6.562474829363394,13.614609039968048,0.6763888888888889,1461.0,296.0,403.0,14.753674024354854,13.782884921698923,26.54875833683153,0.8944444444444445,1932.0,113.0,115.0,27.22446992436816,25.77696030215912,43.65979207173266,"[""2020-07-01"", ""2020-07-02"", ""2020-07-03"", ""2020-07-04"", ""2020-07-05"", ""2020-07-06"", ""2020-07-07"", ""2020-07-08"", ""2020-07-09"", ""2020-07-10"", ""2020-07-11"", ""2020-07-12"", ""2020-07-13"", ""2020-07-14"", ""2020-07-15"", ""2020-07-16"", ""2020-07-17"", ""2020-07-18"", ""2020-07-19"", ""2020-07-20"", ""2020-07-21"", ""2020-07-22"", ""2020-07-23"", ""2020-07-24"", ""2020-07-25"", ""2020-07-26"", ""2020-07-27"", ""2020-07-28"", ""2020-07-29"", ""2020-07-30"", ""2020-07-31"", ""2020-08-01"", ""2020-08-02"", ""2020-08-03"", ""2020-08-04"", ""2020-08-05"", ""2020-08-06"", ""2020-08-07"", ""2020-08-08"", ""2020-08-09"", ""2020-08-10"", ""2020-08-11"", ""2020-08-12"", ""2020-08-13"", ""2020-08-14"", ""2020-08-15"", ""2020-08-16"", ""2020-08-17"", ""2020-08-18"", ""2020-08-19"", ""2020-08-20"", ""2020-08-21"", ""2020-08-22"", ""2020-08-23"", ""2020-08-24"", ""2020-08-25"", ""2020-08-26"", ""2020-08-27"", ""2020-08-28"", ""2020-08-29"", ""2020-08-30"", ""2020-08-31"", ""2020-09-01"", ""2020-09-02"", ""2020-09-03"", ""2020-09-04"", ""2020-09-05"", ""2020-09-06"", ""2020-09-07"", ""2020-09-08"", ""2020-09-09"", ""2020-09-10"", ""2020-09-11"", ""2020-09-12"", ""2020-09-13"", ""2020-09-14"", ""2020-09-15"", ""2020-09-16"", ""2020-09-17"", ""2020-09-18"", ""2020-09-19"", ""2020-09-20"", ""2020-09-21"", ""2020-09-22"", ""2020-09-23"", ""2020-09-24"", ""2020-09-25"", ""2020-09-26"", ""2020-09-27"", ""2020-09-28""]",2020-07-01,2020-09-28,90.0,False,,,,
B1,per_fold,fold_2,2159.0,90.0,2021-04-01,2021-06-29,20.03914109230744,24.60158139432297,10.824925546830002,5.412462773415001,20.03906532944399,7.576286345050186e-05,-11.887317902059083,17.748464194965795,9.065828279924197,0.0,0.0,0.23714682723483094,512.0,243.0,1404.0,20.61224099330952,21.1852559551227,28.402788652578046,0.5062528948587309,1093.0,195.0,871.0,33.82735686156299,33.70284927294212,46.2999921063924,0.8832792959703566,1907.0,110.0,142.0,67.26792804831932,66.45761756523461,92.88351169924894,"[""2021-04-01"", ""2021-04-02"", ""2021-04-03"", ""2021-04-04"", ""2021-04-05"", ""2021-04-06"", ""2021-04-07"", ""2021-04-08"", ""2021-04-09"", ""2021-04-10"", ""2021-04-11"", ""2021-04-12"", ""2021-04-13"", ""2021-04-14"", ""2021-04-15"", ""2021-04-16"", ""2021-04-17"", ""2021-04-18"", ""2021-04-19"", ""2021-04-20"", ""2021-04-21"", ""2021-04-22"", ""2021-04-23"", ""2021-04-24"", ""2021-04-25"", ""2021-04-26"", ""2021-04-27"", ""2021-04-28"", ""2021-04-29"", ""2021-04-30"", ""2021-05-01"", ""2021-05-02"", ""2021-05-03"", ""2021-05-04"", ""2021-05-05"", ""2021-05-06"", ""2021-05-07"", ""2021-05-08"", ""2021-05-09"", ""2021-05-10"", ""2021-05-11"", ""2021-05-12"", ""2021-05-13"", ""2021-05-14"", ""2021-05-15"", ""2021-05-16"", ""2021-05-17"", ""2021-05-18"", ""2021-05-19"", ""2021-05-20"", ""2021-05-21"", ""2021-05-22"", ""2021-05-23"", ""2021-05-24"", ""2021-05-25"", ""2021-05-26"", ""2021-05-27"", ""2021-05-28"", ""2021-05-29"", ""2021-05-30"", ""2021-05-31"", ""2021-06-01"", ""2021-06-02"", ""2021-06-03"", ""2021-06-04"", ""2021-06-05"", ""2021-06-06"", ""2021-06-07"", ""2021-06-08"", ""2021-06-09"", ""2021-06-10"", ""2021-06-11"", ""2021-06-12"", ""2021-06-13"", ""2021-06-14"", ""2021-06-15"", ""2021-06-16"", ""2021-06-17"", ""2021-06-18"", ""2021-06-19"", ""2021-06-20"", ""2021-06-21"", ""2021-06-22"", ""2021-06-23"", ""2021-06-24"", ""2021-06-25"", ""2021-06-26"", ""2021-06-27"", ""2021-06-28"", ""2021-06-29""]",2021-04-01,2021-06-29,90.0,False,,,,
B1,per_fold,fold_3,2112.0,88.0,2022-07-01,2022-09-28,140.9928521771404,175.84915342062834,87.93534942326052,43.96767471163026,141.007962544039,-0.015110366898565883,-124.48698951327908,133.39896612970588,47.928891092241685,0.0,0.0,0.20880681818181818,441.0,152.0,1519.0,118.22169988514405,118.85286684537249,173.96247892616137,0.3527462121212121,745.0,102.0,1265.0,198.61746658772785,197.15985178408476,279.59606772704365,0.5553977272727273,1173.0,22.0,917.0,330.900820003033,321.7863714001095,450.8272737496083,"[""2022-07-01"", ""2022-07-02"", ""2022-07-03"", ""2022-07-04"", ""2022-07-05"", ""2022-07-06"", ""2022-07-07"", ""2022-07-08"", ""2022-07-09"", ""2022-07-10"", ""2022-07-11"", ""2022-07-12"", ""2022-07-13"", ""2022-07-14"", ""2022-07-15"", ""2022-07-16"", ""2022-07-17"", ""2022-07-18"", ""2022-07-19"", ""2022-07-22"", ""2022-07-23"", ""2022-07-24"", ""2022-07-25"", ""2022-07-26"", ""2022-07-27"", ""2022-07-28"", ""2022-07-29"", ""2022-07-30"", ""2022-07-31"", ""2022-08-01"", ""2022-08-02"", ""2022-08-03"", ""2022-08-04"", ""2022-08-05"", ""2022-08-06"", ""2022-08-07"", ""2022-08-08"", ""2022-08-09"", ""2022-08-10"", ""2022-08-11"", ""2022-08-12"", ""2022-08-13"", ""2022-08-14"", ""2022-08-15"", ""2022-08-16"", ""2022-08-17"", ""2022-08-18"", ""2022-08-19"", ""2022-08-20"", ""2022-08-21"", ""2022-08-22"", ""2022-08-23"", ""2022-08-24"", ""2022-08-25"", ""2022-08-26"", ""2022-08-27"", ""2022-08-28"", ""2022-08-29"", ""2022-08-30"", ""2022-08-31"", ""2022-09-01"", ""2022-09-02"", ""2022-09-03"", ""2022-09-04"", ""2022-09-05"", ""2022-09-06"", ""2022-09-07"", ""2022-09-08"", ""2022-09-09"", ""2022-09-10"", ""2022-09-11"", ""2022-09-12"", ""2022-09-13"", ""2022-09-14"", ""2022-09-15"", ""2022-09-16"", ""2022-09-17"", ""2022-09-18"", ""2022-09-19"", ""2022-09-20"", ""2022-09-21"", ""2022-09-22"", ""2022-09-23"", ""2022-09-24"", ""2022-09-25"", ""2022-09-26"", ""2022-09-27"", ""2022-09-28""]",2022-07-01,2022-09-28,90.0,True,,,,
B1,per_fold,fold_4,2160.0,90.0,2025-05-01,2025-07-29,20.06527158805811,29.712497951330132,11.370950921093906,5.685475460546953,20.10430225358185,-0.039030665523742014,4.512356385457043,13.887523014144325,16.442030812203225,0.0,0.0,0.46805555555555556,1011.0,590.0,559.0,27.832901191725316,25.99143086819521,48.74233023343037,0.8125,1755.0,319.0,86.0,62.582014081321134,60.9319585671342,90.55528584404198,0.9625,2079.0,66.0,15.0,116.35558160617329,113.6098095859333,151.79818613088457,"[""2025-05-01"", ""2025-05-02"", ""2025-05-03"", ""2025-05-04"", ""2025-05-05"", ""2025-05-06"", ""2025-05-07"", ""2025-05-08"", ""2025-05-09"", ""2025-05-10"", ""2025-05-11"", ""2025-05-12"", ""2025-05-13"", ""2025-05-14"", ""2025-05-15"", ""2025-05-16"", ""2025-05-17"", ""2025-05-18"", ""2025-05-19"", ""2025-05-20"", ""2025-05-21"", ""2025-05-22"", ""2025-05-23"", ""2025-05-24"", ""2025-05-25"", ""2025-05-26"", ""2025-05-27"", ""2025-05-28"", ""2025-05-29"", ""2025-05-30"", ""2025-05-31"", ""2025-06-01"", ""2025-06-02"", ""2025-06-03"", ""2025-06-04"", ""2025-06-05"", ""2025-06-06"", ""2025-06-07"", ""2025-06-08"", ""2025-06-09"", ""2025-06-10"", ""2025-06-11"", ""2025-06-12"", ""2025-06-13"", ""2025-06-14"", ""2025-06-15"", ""2025-06-16"", ""2025-06-17"", ""2025-06-18"", ""2025-06-19"", ""2025-06-20"", ""2025-06-21"", ""2025-06-22"", ""2025-06-23"", ""2025-06-24"", ""2025-06-25"", ""2025-06-26"", ""2025-06-27"", ""2025-06-28"", ""2025-06-29"", ""2025-06-30"", ""2025-07-01"", ""2025-07-02"", ""2025-07-03"", ""2025-07-04"", ""2025-07-05"", ""2025-07-06"", ""2025-07-07"", ""2025-07-08"", ""2025-07-09"", ""2025-07-10"", ""2025-07-11"", ""2025-07-12"", ""2025-07-13"", ""2025-07-14"", ""2025-07-15"", ""2025-07-16"", ""2025-07-17"", ""2025-07-18"", ""2025-07-19"", ""2025-07-20"", ""2025-07-21"", ""2025-07-22"", ""2025-07-23"", ""2025-07-24"", ""2025-07-25"", ""2025-07-26"", ""2025-07-27"", ""2025-07-28"", ""2025-07-29""]",2025-05-01,2025-07-29,90.0,False,,,,
B1,per_fold,fold_5,2156.0,90.0,2026-01-08,2026-04-07,23.168349101365912,32.91769317260091,13.470357590829112,6.735178795414556,23.164312380640144,0.004036720725766723,0.5349224725225775,18.488319213596345,15.604500869185463,0.0,0.0,0.5148423005565863,1110.0,490.0,556.0,35.60975573327247,33.67060133711682,56.79240173463576,0.7866419294990723,1696.0,239.0,221.0,70.27236024149362,66.51056903102605,104.41025855505129,0.9239332096474954,1992.0,95.0,69.0,116.96555052387271,112.5630910207085,177.88647382804686,"[""2026-01-08"", ""2026-01-09"", ""2026-01-10"", ""2026-01-11"", ""2026-01-12"", ""2026-01-13"", ""2026-01-14"", ""2026-01-15"", ""2026-01-16"", ""2026-01-17"", ""2026-01-18"", ""2026-01-19"", ""2026-01-20"", ""2026-01-21"", ""2026-01-22"", ""2026-01-23"", ""2026-01-24"", ""2026-01-25"", ""2026-01-26"", ""2026-01-27"", ""2026-01-28"", ""2026-01-29"", ""2026-01-30"", ""2026-01-31"", ""2026-02-01"", ""2026-02-02"", ""2026-02-03"", ""2026-02-04"", ""2026-02-05"", ""2026-02-06"", ""2026-02-07"", ""2026-02-08"", ""2026-02-09"", ""2026-02-10"", ""2026-02-11"", ""2026-02-12"", ""2026-02-13"", ""2026-02-14"", ""2026-02-15"", ""2026-02-16"", ""2026-02-17"", ""2026-02-18"", ""2026-02-19"", ""2026-02-20"", ""2026-02-21"", ""2026-02-22"", ""2026-02-23"", ""2026-02-24"", ""2026-02-25"", ""2026-02-26"", ""2026-02-27"", ""2026-02-28"", ""2026-03-01"", ""2026-03-02"", ""2026-03-03"", ""2026-03-04"", ""2026-03-05"", ""2026-03-06"", ""2026-03-07"", ""2026-03-08"", ""2026-03-09"", ""2026-03-10"", ""2026-03-11"", ""2026-03-12"", ""2026-03-13"", ""2026-03-14"", ""2026-03-15"", ""2026-03-16"", ""2026-03-17"", ""2026-03-18"", ""2026-03-19"", ""2026-03-20"", ""2026-03-21"", ""2026-03-22"", ""2026-03-23"", ""2026-03-24"", ""2026-03-25"", ""2026-03-26"", ""2026-03-27"", ""2026-03-28"", ""2026-03-29"", ""2026-03-30"", ""2026-03-31"", ""2026-04-01"", ""2026-04-02"", ""2026-04-03"", ""2026-04-04"", ""2026-04-05"", ""2026-04-06"", ""2026-04-07""]",2026-01-08,2026-04-07,90.0,False,,,,
B2,pooled,all,10747.0,448.0,2020-07-01,2026-04-07,20.984252545162313,38.249488659841816,12.662319073520665,6.331159536760333,20.996017925221153,-0.011765380058840699,1.2939795446716031,15.955393815304964,15.765399557738752,0.0,0.0,0.4758537266213827,5114.0,2754.0,2879.0,27.04450681686576,20.796338151596363,75.26229292130739,0.7724016004466363,8301.0,1186.0,1260.0,62.49230737541949,46.550570250856794,176.65191911668546,0.9295617381594864,9990.0,376.0,381.0,118.86439613409101,88.12384871581087,355.04512576921616,"[""2020-07-01"", ""2020-07-02"", ""2020-07-03"", ""2020-07-04"", ""2020-07-05"", ""2020-07-06"", ""2020-07-07"", ""2020-07-08"", ""2020-07-09"", ""2020-07-10"", ""2020-07-11"", ""2020-07-12"", ""2020-07-13"", ""2020-07-14"", ""2020-07-15"", ""2020-07-16"", ""2020-07-17"", ""2020-07-18"", ""2020-07-19"", ""2020-07-20"", ""2020-07-21"", ""2020-07-22"", ""2020-07-23"", ""2020-07-24"", ""2020-07-25"", ""2020-07-26"", ""2020-07-27"", ""2020-07-28"", ""2020-07-29"", ""2020-07-30"", ""2020-07-31"", ""2020-08-01"", ""2020-08-02"", ""2020-08-03"", ""2020-08-04"", ""2020-08-05"", ""2020-08-06"", ""2020-08-07"", ""2020-08-08"", ""2020-08-09"", ""2020-08-10"", ""2020-08-11"", ""2020-08-12"", ""2020-08-13"", ""2020-08-14"", ""2020-08-15"", ""2020-08-16"", ""2020-08-17"", ""2020-08-18"", ""2020-08-19"", ""2020-08-20"", ""2020-08-21"", ""2020-08-22"", ""2020-08-23"", ""2020-08-24"", ""2020-08-25"", ""2020-08-26"", ""2020-08-27"", ""2020-08-28"", ""2020-08-29"", ""2020-08-30"", ""2020-08-31"", ""2020-09-01"", ""2020-09-02"", ""2020-09-03"", ""2020-09-04"", ""2020-09-05"", ""2020-09-06"", ""2020-09-07"", ""2020-09-08"", ""2020-09-09"", ""2020-09-10"", ""2020-09-11"", ""2020-09-12"", ""2020-09-13"", ""2020-09-14"", ""2020-09-15"", ""2020-09-16"", ""2020-09-17"", ""2020-09-18"", ""2020-09-19"", ""2020-09-20"", ""2020-09-21"", ""2020-09-22"", ""2020-09-23"", ""2020-09-24"", ""2020-09-25"", ""2020-09-26"", ""2020-09-27"", ""2020-09-28"", ""2021-04-01"", ""2021-04-02"", ""2021-04-03"", ""2021-04-04"", ""2021-04-05"", ""2021-04-06"", ""2021-04-07"", ""2021-04-08"", ""2021-04-09"", ""2021-04-10"", ""2021-04-11"", ""2021-04-12"", ""2021-04-13"", ""2021-04-14"", ""2021-04-15"", ""2021-04-16"", ""2021-04-17"", ""2021-04-18"", ""2021-04-19"", ""2021-04-20"", ""2021-04-21"", ""2021-04-22"", ""2021-04-23"", ""2021-04-24"", ""2021-04-25"", ""2021-04-26"", ""2021-04-27"", ""2021-04-28"", ""2021-04-29"", ""2021-04-30"", ""2021-05-01"", ""2021-05-02"", ""2021-05-03"", ""2021-05-04"", ""2021-05-05"", ""2021-05-06"", ""2021-05-07"", ""2021-05-08"", ""2021-05-09"", ""2021-05-10"", ""2021-05-11"", ""2021-05-12"", ""2021-05-13"", ""2021-05-14"", ""2021-05-15"", ""2021-05-16"", ""2021-05-17"", ""2021-05-18"", ""2021-05-19"", ""2021-05-20"", ""2021-05-21"", ""2021-05-22"", ""2021-05-23"", ""2021-05-24"", ""2021-05-25"", ""2021-05-26"", ""2021-05-27"", ""2021-05-28"", ""2021-05-29"", ""2021-05-30"", ""2021-05-31"", ""2021-06-01"", ""2021-06-02"", ""2021-06-03"", ""2021-06-04"", ""2021-06-05"", ""2021-06-06"", ""2021-06-07"", ""2021-06-08"", ""2021-06-09"", ""2021-06-10"", ""2021-06-11"", ""2021-06-12"", ""2021-06-13"", ""2021-06-14"", ""2021-06-15"", ""2021-06-16"", ""2021-06-17"", ""2021-06-18"", ""2021-06-19"", ""2021-06-20"", ""2021-06-21"", ""2021-06-22"", ""2021-06-23"", ""2021-06-24"", ""2021-06-25"", ""2021-06-26"", ""2021-06-27"", ""2021-06-28"", ""2021-06-29"", ""2022-07-01"", ""2022-07-02"", ""2022-07-03"", ""2022-07-04"", ""2022-07-05"", ""2022-07-06"", ""2022-07-07"", ""2022-07-08"", ""2022-07-09"", ""2022-07-10"", ""2022-07-11"", ""2022-07-12"", ""2022-07-13"", ""2022-07-14"", ""2022-07-15"", ""2022-07-16"", ""2022-07-17"", ""2022-07-18"", ""2022-07-19"", ""2022-07-22"", ""2022-07-23"", ""2022-07-24"", ""2022-07-25"", ""2022-07-26"", ""2022-07-27"", ""2022-07-28"", ""2022-07-29"", ""2022-07-30"", ""2022-07-31"", ""2022-08-01"", ""2022-08-02"", ""2022-08-03"", ""2022-08-04"", ""2022-08-05"", ""2022-08-06"", ""2022-08-07"", ""2022-08-08"", ""2022-08-09"", ""2022-08-10"", ""2022-08-11"", ""2022-08-12"", ""2022-08-13"", ""2022-08-14"", ""2022-08-15"", ""2022-08-16"", ""2022-08-17"", ""2022-08-18"", ""2022-08-19"", ""2022-08-20"", ""2022-08-21"", ""2022-08-22"", ""2022-08-23"", ""2022-08-24"", ""2022-08-25"", ""2022-08-26"", ""2022-08-27"", ""2022-08-28"", ""2022-08-29"", ""2022-08-30"", ""2022-08-31"", ""2022-09-01"", ""2022-09-02"", ""2022-09-03"", ""2022-09-04"", ""2022-09-05"", ""2022-09-06"", ""2022-09-07"", ""2022-09-08"", ""2022-09-09"", ""2022-09-10"", ""2022-09-11"", ""2022-09-12"", ""2022-09-13"", ""2022-09-14"", ""2022-09-15"", ""2022-09-16"", ""2022-09-17"", ""2022-09-18"", ""2022-09-19"", ""2022-09-20"", ""2022-09-21"", ""2022-09-22"", ""2022-09-23"", ""2022-09-24"", ""2022-09-25"", ""2022-09-26"", ""2022-09-27"", ""2022-09-28"", ""2025-05-01"", ""2025-05-02"", ""2025-05-03"", ""2025-05-04"", ""2025-05-05"", ""2025-05-06"", ""2025-05-07"", ""2025-05-08"", ""2025-05-09"", ""2025-05-10"", ""2025-05-11"", ""2025-05-12"", ""2025-05-13"", ""2025-05-14"", ""2025-05-15"", ""2025-05-16"", ""2025-05-17"", ""2025-05-18"", ""2025-05-19"", ""2025-05-20"", ""2025-05-21"", ""2025-05-22"", ""2025-05-23"", ""2025-05-24"", ""2025-05-25"", ""2025-05-26"", ""2025-05-27"", ""2025-05-28"", ""2025-05-29"", ""2025-05-30"", ""2025-05-31"", ""2025-06-01"", ""2025-06-02"", ""2025-06-03"", ""2025-06-04"", ""2025-06-05"", ""2025-06-06"", ""2025-06-07"", ""2025-06-08"", ""2025-06-09"", ""2025-06-10"", ""2025-06-11"", ""2025-06-12"", ""2025-06-13"", ""2025-06-14"", ""2025-06-15"", ""2025-06-16"", ""2025-06-17"", ""2025-06-18"", ""2025-06-19"", ""2025-06-20"", ""2025-06-21"", ""2025-06-22"", ""2025-06-23"", ""2025-06-24"", ""2025-06-25"", ""2025-06-26"", ""2025-06-27"", ""2025-06-28"", ""2025-06-29"", ""2025-06-30"", ""2025-07-01"", ""2025-07-02"", ""2025-07-03"", ""2025-07-04"", ""2025-07-05"", ""2025-07-06"", ""2025-07-07"", ""2025-07-08"", ""2025-07-09"", ""2025-07-10"", ""2025-07-11"", ""2025-07-12"", ""2025-07-13"", ""2025-07-14"", ""2025-07-15"", ""2025-07-16"", ""2025-07-17"", ""2025-07-18"", ""2025-07-19"", ""2025-07-20"", ""2025-07-21"", ""2025-07-22"", ""2025-07-23"", ""2025-07-24"", ""2025-07-25"", ""2025-07-26"", ""2025-07-27"", ""2025-07-28"", ""2025-07-29"", ""2026-01-08"", ""2026-01-09"", ""2026-01-10"", ""2026-01-11"", ""2026-01-12"", ""2026-01-13"", ""2026-01-14"", ""2026-01-15"", ""2026-01-16"", ""2026-01-17"", ""2026-01-18"", ""2026-01-19"", ""2026-01-20"", ""2026-01-21"", ""2026-01-22"", ""2026-01-23"", ""2026-01-24"", ""2026-01-25"", ""2026-01-26"", ""2026-01-27"", ""2026-01-28"", ""2026-01-29"", ""2026-01-30"", ""2026-01-31"", ""2026-02-01"", ""2026-02-02"", ""2026-02-03"", ""2026-02-04"", ""2026-02-05"", ""2026-02-06"", ""2026-02-07"", ""2026-02-08"", ""2026-02-09"", ""2026-02-10"", ""2026-02-11"", ""2026-02-12"", ""2026-02-13"", ""2026-02-14"", ""2026-02-15"", ""2026-02-16"", ""2026-02-17"", ""2026-02-18"", ""2026-02-19"", ""2026-02-20"", ""2026-02-21"", ""2026-02-22"", ""2026-02-23"", ""2026-02-24"", ""2026-02-25"", ""2026-02-26"", ""2026-02-27"", ""2026-02-28"", ""2026-03-01"", ""2026-03-02"", ""2026-03-03"", ""2026-03-04"", ""2026-03-05"", ""2026-03-06"", ""2026-03-07"", ""2026-03-08"", ""2026-03-09"", ""2026-03-10"", ""2026-03-11"", ""2026-03-12"", ""2026-03-13"", ""2026-03-14"", ""2026-03-15"", ""2026-03-16"", ""2026-03-17"", ""2026-03-18"", ""2026-03-19"", ""2026-03-20"", ""2026-03-21"", ""2026-03-22"", ""2026-03-23"", ""2026-03-24"", ""2026-03-25"", ""2026-03-26"", ""2026-03-27"", ""2026-03-28"", ""2026-03-29"", ""2026-03-30"", ""2026-03-31"", ""2026-04-01"", ""2026-04-02"", ""2026-04-03"", ""2026-04-04"", ""2026-04-05"", ""2026-04-06"", ""2026-04-07""]",,,,,0.6395668250283609,0.6324643892997708,,
B2,per_fold,fold_1,2160.0,90.0,2020-07-01,2020-09-28,6.219269083145662,10.657679757299416,3.9496630165748834,1.9748315082874417,6.203372929091896,0.01589615405376493,0.10403145475981315,5.3189314470141325,4.561923247391403,0.0,0.0,0.45092592592592595,974.0,553.0,633.0,6.749694967697097,6.150311137284081,10.16654657450416,0.7481481481481481,1616.0,261.0,283.0,16.21910218912214,14.56944240131563,25.503953600924888,0.912962962962963,1972.0,84.0,104.0,34.17077960892051,36.40674448927895,47.624445417291085,"[""2020-07-01"", ""2020-07-02"", ""2020-07-03"", ""2020-07-04"", ""2020-07-05"", ""2020-07-06"", ""2020-07-07"", ""2020-07-08"", ""2020-07-09"", ""2020-07-10"", ""2020-07-11"", ""2020-07-12"", ""2020-07-13"", ""2020-07-14"", ""2020-07-15"", ""2020-07-16"", ""2020-07-17"", ""2020-07-18"", ""2020-07-19"", ""2020-07-20"", ""2020-07-21"", ""2020-07-22"", ""2020-07-23"", ""2020-07-24"", ""2020-07-25"", ""2020-07-26"", ""2020-07-27"", ""2020-07-28"", ""2020-07-29"", ""2020-07-30"", ""2020-07-31"", ""2020-08-01"", ""2020-08-02"", ""2020-08-03"", ""2020-08-04"", ""2020-08-05"", ""2020-08-06"", ""2020-08-07"", ""2020-08-08"", ""2020-08-09"", ""2020-08-10"", ""2020-08-11"", ""2020-08-12"", ""2020-08-13"", ""2020-08-14"", ""2020-08-15"", ""2020-08-16"", ""2020-08-17"", ""2020-08-18"", ""2020-08-19"", ""2020-08-20"", ""2020-08-21"", ""2020-08-22"", ""2020-08-23"", ""2020-08-24"", ""2020-08-25"", ""2020-08-26"", ""2020-08-27"", ""2020-08-28"", ""2020-08-29"", ""2020-08-30"", ""2020-08-31"", ""2020-09-01"", ""2020-09-02"", ""2020-09-03"", ""2020-09-04"", ""2020-09-05"", ""2020-09-06"", ""2020-09-07"", ""2020-09-08"", ""2020-09-09"", ""2020-09-10"", ""2020-09-11"", ""2020-09-12"", ""2020-09-13"", ""2020-09-14"", ""2020-09-15"", ""2020-09-16"", ""2020-09-17"", ""2020-09-18"", ""2020-09-19"", ""2020-09-20"", ""2020-09-21"", ""2020-09-22"", ""2020-09-23"", ""2020-09-24"", ""2020-09-25"", ""2020-09-26"", ""2020-09-27"", ""2020-09-28""]",2020-07-01,2020-09-28,90.0,False,,,,
B2,per_fold,fold_2,2159.0,90.0,2021-04-01,2021-06-29,9.676380314770356,15.001715129950888,6.037991118171897,3.0189955590859485,9.756913166350904,-0.08053285158054761,1.9849661826344327,7.931705140998632,6.6025643150292606,0.0,0.0,0.48633626679018066,1050.0,530.0,579.0,12.099967451780946,12.130045449699168,15.9099959127808,0.7836961556276054,1692.0,222.0,245.0,31.884259070845815,32.04301323583753,42.852162254500655,0.9393237610004632,2028.0,68.0,63.0,60.417390540388844,61.63102537273009,70.28561654757857,"[""2021-04-01"", ""2021-04-02"", ""2021-04-03"", ""2021-04-04"", ""2021-04-05"", ""2021-04-06"", ""2021-04-07"", ""2021-04-08"", ""2021-04-09"", ""2021-04-10"", ""2021-04-11"", ""2021-04-12"", ""2021-04-13"", ""2021-04-14"", ""2021-04-15"", ""2021-04-16"", ""2021-04-17"", ""2021-04-18"", ""2021-04-19"", ""2021-04-20"", ""2021-04-21"", ""2021-04-22"", ""2021-04-23"", ""2021-04-24"", ""2021-04-25"", ""2021-04-26"", ""2021-04-27"", ""2021-04-28"", ""2021-04-29"", ""2021-04-30"", ""2021-05-01"", ""2021-05-02"", ""2021-05-03"", ""2021-05-04"", ""2021-05-05"", ""2021-05-06"", ""2021-05-07"", ""2021-05-08"", ""2021-05-09"", ""2021-05-10"", ""2021-05-11"", ""2021-05-12"", ""2021-05-13"", ""2021-05-14"", ""2021-05-15"", ""2021-05-16"", ""2021-05-17"", ""2021-05-18"", ""2021-05-19"", ""2021-05-20"", ""2021-05-21"", ""2021-05-22"", ""2021-05-23"", ""2021-05-24"", ""2021-05-25"", ""2021-05-26"", ""2021-05-27"", ""2021-05-28"", ""2021-05-29"", ""2021-05-30"", ""2021-05-31"", ""2021-06-01"", ""2021-06-02"", ""2021-06-03"", ""2021-06-04"", ""2021-06-05"", ""2021-06-06"", ""2021-06-07"", ""2021-06-08"", ""2021-06-09"", ""2021-06-10"", ""2021-06-11"", ""2021-06-12"", ""2021-06-13"", ""2021-06-14"", ""2021-06-15"", ""2021-06-16"", ""2021-06-17"", ""2021-06-18"", ""2021-06-19"", ""2021-06-20"", ""2021-06-21"", ""2021-06-22"", ""2021-06-23"", ""2021-06-24"", ""2021-06-25"", ""2021-06-26"", ""2021-06-27"", ""2021-06-28"", ""2021-06-29""]",2021-04-01,2021-06-29,90.0,False,,,,
B2,per_fold,fold_3,2112.0,88.0,2022-07-01,2022-09-28,54.0078246501801,75.05706693059392,32.324242234891194,16.162121117445597,54.2515630341949,-0.2437383840148133,1.8975528945860267,43.37341731848554,38.02323298742718,0.0,0.0,0.46448863636363635,981.0,562.0,569.0,69.45217520247341,70.6609402347463,79.64668700249331,0.7623106060606061,1610.0,242.0,260.0,160.58049424453472,162.31812828215092,191.49360009564685,0.9232954545454546,1950.0,80.0,82.0,301.1767520572288,324.6895508124203,361.7284923211689,"[""2022-07-01"", ""2022-07-02"", ""2022-07-03"", ""2022-07-04"", ""2022-07-05"", ""2022-07-06"", ""2022-07-07"", ""2022-07-08"", ""2022-07-09"", ""2022-07-10"", ""2022-07-11"", ""2022-07-12"", ""2022-07-13"", ""2022-07-14"", ""2022-07-15"", ""2022-07-16"", ""2022-07-17"", ""2022-07-18"", ""2022-07-19"", ""2022-07-22"", ""2022-07-23"", ""2022-07-24"", ""2022-07-25"", ""2022-07-26"", ""2022-07-27"", ""2022-07-28"", ""2022-07-29"", ""2022-07-30"", ""2022-07-31"", ""2022-08-01"", ""2022-08-02"", ""2022-08-03"", ""2022-08-04"", ""2022-08-05"", ""2022-08-06"", ""2022-08-07"", ""2022-08-08"", ""2022-08-09"", ""2022-08-10"", ""2022-08-11"", ""2022-08-12"", ""2022-08-13"", ""2022-08-14"", ""2022-08-15"", ""2022-08-16"", ""2022-08-17"", ""2022-08-18"", ""2022-08-19"", ""2022-08-20"", ""2022-08-21"", ""2022-08-22"", ""2022-08-23"", ""2022-08-24"", ""2022-08-25"", ""2022-08-26"", ""2022-08-27"", ""2022-08-28"", ""2022-08-29"", ""2022-08-30"", ""2022-08-31"", ""2022-09-01"", ""2022-09-02"", ""2022-09-03"", ""2022-09-04"", ""2022-09-05"", ""2022-09-06"", ""2022-09-07"", ""2022-09-08"", ""2022-09-09"", ""2022-09-10"", ""2022-09-11"", ""2022-09-12"", ""2022-09-13"", ""2022-09-14"", ""2022-09-15"", ""2022-09-16"", ""2022-09-17"", ""2022-09-18"", ""2022-09-19"", ""2022-09-20"", ""2022-09-21"", ""2022-09-22"", ""2022-09-23"", ""2022-09-24"", ""2022-09-25"", ""2022-09-26"", ""2022-09-27"", ""2022-09-28""]",2022-07-01,2022-09-28,90.0,True,,,,
B2,per_fold,fold_4,2160.0,90.0,2025-05-01,2025-07-29,16.540609327437128,25.795228887774314,9.905451774182755,4.952725887091377,16.497111553956056,0.04349777348106997,1.4456326663752892,9.483777349909703,15.237292295977767,0.0,0.0,0.5185185185185185,1120.0,523.0,517.0,23.649943573961064,23.020675975187814,27.935507222105976,0.8060185185185185,1741.0,209.0,210.0,51.01884086306049,51.734251318267496,56.98948322187951,0.9486111111111111,2049.0,59.0,52.0,95.87075718474625,94.46880388017051,110.17927578366454,"[""2025-05-01"", ""2025-05-02"", ""2025-05-03"", ""2025-05-04"", ""2025-05-05"", ""2025-05-06"", ""2025-05-07"", ""2025-05-08"", ""2025-05-09"", ""2025-05-10"", ""2025-05-11"", ""2025-05-12"", ""2025-05-13"", ""2025-05-14"", ""2025-05-15"", ""2025-05-16"", ""2025-05-17"", ""2025-05-18"", ""2025-05-19"", ""2025-05-20"", ""2025-05-21"", ""2025-05-22"", ""2025-05-23"", ""2025-05-24"", ""2025-05-25"", ""2025-05-26"", ""2025-05-27"", ""2025-05-28"", ""2025-05-29"", ""2025-05-30"", ""2025-05-31"", ""2025-06-01"", ""2025-06-02"", ""2025-06-03"", ""2025-06-04"", ""2025-06-05"", ""2025-06-06"", ""2025-06-07"", ""2025-06-08"", ""2025-06-09"", ""2025-06-10"", ""2025-06-11"", ""2025-06-12"", ""2025-06-13"", ""2025-06-14"", ""2025-06-15"", ""2025-06-16"", ""2025-06-17"", ""2025-06-18"", ""2025-06-19"", ""2025-06-20"", ""2025-06-21"", ""2025-06-22"", ""2025-06-23"", ""2025-06-24"", ""2025-06-25"", ""2025-06-26"", ""2025-06-27"", ""2025-06-28"", ""2025-06-29"", ""2025-06-30"", ""2025-07-01"", ""2025-07-02"", ""2025-07-03"", ""2025-07-04"", ""2025-07-05"", ""2025-07-06"", ""2025-07-07"", ""2025-07-08"", ""2025-07-09"", ""2025-07-10"", ""2025-07-11"", ""2025-07-12"", ""2025-07-13"", ""2025-07-14"", ""2025-07-15"", ""2025-07-16"", ""2025-07-17"", ""2025-07-18"", ""2025-07-19"", ""2025-07-20"", ""2025-07-21"", ""2025-07-22"", ""2025-07-23"", ""2025-07-24"", ""2025-07-25"", ""2025-07-26"", ""2025-07-27"", ""2025-07-28"", ""2025-07-29""]",2025-05-01,2025-07-29,90.0,False,,,,
B2,per_fold,fold_5,2156.0,90.0,2026-01-08,2026-04-07,19.202501843799176,27.718969509863385,11.52600775086585,5.763003875432925,19.001243740536616,0.20125810326256183,1.050997200028044,14.278427231298613,14.89074167335184,0.0,0.0,0.4587198515769944,989.0,586.0,581.0,24.200960925257778,22.799108737971707,34.50882388707832,0.761595547309833,1642.0,252.0,262.0,54.910366972405065,53.78318019324382,79.00283467069337,0.923469387755102,1991.0,85.0,80.0,106.6880794328336,117.2637765320345,146.15090636185982,"[""2026-01-08"", ""2026-01-09"", ""2026-01-10"", ""2026-01-11"", ""2026-01-12"", ""2026-01-13"", ""2026-01-14"", ""2026-01-15"", ""2026-01-16"", ""2026-01-17"", ""2026-01-18"", ""2026-01-19"", ""2026-01-20"", ""2026-01-21"", ""2026-01-22"", ""2026-01-23"", ""2026-01-24"", ""2026-01-25"", ""2026-01-26"", ""2026-01-27"", ""2026-01-28"", ""2026-01-29"", ""2026-01-30"", ""2026-01-31"", ""2026-02-01"", ""2026-02-02"", ""2026-02-03"", ""2026-02-04"", ""2026-02-05"", ""2026-02-06"", ""2026-02-07"", ""2026-02-08"", ""2026-02-09"", ""2026-02-10"", ""2026-02-11"", ""2026-02-12"", ""2026-02-13"", ""2026-02-14"", ""2026-02-15"", ""2026-02-16"", ""2026-02-17"", ""2026-02-18"", ""2026-02-19"", ""2026-02-20"", ""2026-02-21"", ""2026-02-22"", ""2026-02-23"", ""2026-02-24"", ""2026-02-25"", ""2026-02-26"", ""2026-02-27"", ""2026-02-28"", ""2026-03-01"", ""2026-03-02"", ""2026-03-03"", ""2026-03-04"", ""2026-03-05"", ""2026-03-06"", ""2026-03-07"", ""2026-03-08"", ""2026-03-09"", ""2026-03-10"", ""2026-03-11"", ""2026-03-12"", ""2026-03-13"", ""2026-03-14"", ""2026-03-15"", ""2026-03-16"", ""2026-03-17"", ""2026-03-18"", ""2026-03-19"", ""2026-03-20"", ""2026-03-21"", ""2026-03-22"", ""2026-03-23"", ""2026-03-24"", ""2026-03-25"", ""2026-03-26"", ""2026-03-27"", ""2026-03-28"", ""2026-03-29"", ""2026-03-30"", ""2026-03-31"", ""2026-04-01"", ""2026-04-02"", ""2026-04-03"", ""2026-04-04"", ""2026-04-05"", ""2026-04-06"", ""2026-04-07""]",2026-01-08,2026-04-07,90.0,False,,,,
B3,pooled,all,10747.0,448.0,2020-07-01,2026-04-07,26.323933197067298,45.47014217557738,15.167693659401653,7.583846829700827,26.306797401828426,0.01713579523886651,2.9382813839230164,21.61846215200784,16.300115511789304,0.0,0.0,0.46589745975621105,5007.0,2807.0,2933.0,36.22738533069966,23.017674370599124,121.24097969777847,0.767376942402531,8247.0,1207.0,1293.0,75.74076060303126,53.528434860435624,223.96043019746486,0.9258397692379269,9950.0,414.0,383.0,130.9795011350218,94.89877136544874,390.59762578284597,"[""2020-07-01"", ""2020-07-02"", ""2020-07-03"", ""2020-07-04"", ""2020-07-05"", ""2020-07-06"", ""2020-07-07"", ""2020-07-08"", ""2020-07-09"", ""2020-07-10"", ""2020-07-11"", ""2020-07-12"", ""2020-07-13"", ""2020-07-14"", ""2020-07-15"", ""2020-07-16"", ""2020-07-17"", ""2020-07-18"", ""2020-07-19"", ""2020-07-20"", ""2020-07-21"", ""2020-07-22"", ""2020-07-23"", ""2020-07-24"", ""2020-07-25"", ""2020-07-26"", ""2020-07-27"", ""2020-07-28"", ""2020-07-29"", ""2020-07-30"", ""2020-07-31"", ""2020-08-01"", ""2020-08-02"", ""2020-08-03"", ""2020-08-04"", ""2020-08-05"", ""2020-08-06"", ""2020-08-07"", ""2020-08-08"", ""2020-08-09"", ""2020-08-10"", ""2020-08-11"", ""2020-08-12"", ""2020-08-13"", ""2020-08-14"", ""2020-08-15"", ""2020-08-16"", ""2020-08-17"", ""2020-08-18"", ""2020-08-19"", ""2020-08-20"", ""2020-08-21"", ""2020-08-22"", ""2020-08-23"", ""2020-08-24"", ""2020-08-25"", ""2020-08-26"", ""2020-08-27"", ""2020-08-28"", ""2020-08-29"", ""2020-08-30"", ""2020-08-31"", ""2020-09-01"", ""2020-09-02"", ""2020-09-03"", ""2020-09-04"", ""2020-09-05"", ""2020-09-06"", ""2020-09-07"", ""2020-09-08"", ""2020-09-09"", ""2020-09-10"", ""2020-09-11"", ""2020-09-12"", ""2020-09-13"", ""2020-09-14"", ""2020-09-15"", ""2020-09-16"", ""2020-09-17"", ""2020-09-18"", ""2020-09-19"", ""2020-09-20"", ""2020-09-21"", ""2020-09-22"", ""2020-09-23"", ""2020-09-24"", ""2020-09-25"", ""2020-09-26"", ""2020-09-27"", ""2020-09-28"", ""2021-04-01"", ""2021-04-02"", ""2021-04-03"", ""2021-04-04"", ""2021-04-05"", ""2021-04-06"", ""2021-04-07"", ""2021-04-08"", ""2021-04-09"", ""2021-04-10"", ""2021-04-11"", ""2021-04-12"", ""2021-04-13"", ""2021-04-14"", ""2021-04-15"", ""2021-04-16"", ""2021-04-17"", ""2021-04-18"", ""2021-04-19"", ""2021-04-20"", ""2021-04-21"", ""2021-04-22"", ""2021-04-23"", ""2021-04-24"", ""2021-04-25"", ""2021-04-26"", ""2021-04-27"", ""2021-04-28"", ""2021-04-29"", ""2021-04-30"", ""2021-05-01"", ""2021-05-02"", ""2021-05-03"", ""2021-05-04"", ""2021-05-05"", ""2021-05-06"", ""2021-05-07"", ""2021-05-08"", ""2021-05-09"", ""2021-05-10"", ""2021-05-11"", ""2021-05-12"", ""2021-05-13"", ""2021-05-14"", ""2021-05-15"", ""2021-05-16"", ""2021-05-17"", ""2021-05-18"", ""2021-05-19"", ""2021-05-20"", ""2021-05-21"", ""2021-05-22"", ""2021-05-23"", ""2021-05-24"", ""2021-05-25"", ""2021-05-26"", ""2021-05-27"", ""2021-05-28"", ""2021-05-29"", ""2021-05-30"", ""2021-05-31"", ""2021-06-01"", ""2021-06-02"", ""2021-06-03"", ""2021-06-04"", ""2021-06-05"", ""2021-06-06"", ""2021-06-07"", ""2021-06-08"", ""2021-06-09"", ""2021-06-10"", ""2021-06-11"", ""2021-06-12"", ""2021-06-13"", ""2021-06-14"", ""2021-06-15"", ""2021-06-16"", ""2021-06-17"", ""2021-06-18"", ""2021-06-19"", ""2021-06-20"", ""2021-06-21"", ""2021-06-22"", ""2021-06-23"", ""2021-06-24"", ""2021-06-25"", ""2021-06-26"", ""2021-06-27"", ""2021-06-28"", ""2021-06-29"", ""2022-07-01"", ""2022-07-02"", ""2022-07-03"", ""2022-07-04"", ""2022-07-05"", ""2022-07-06"", ""2022-07-07"", ""2022-07-08"", ""2022-07-09"", ""2022-07-10"", ""2022-07-11"", ""2022-07-12"", ""2022-07-13"", ""2022-07-14"", ""2022-07-15"", ""2022-07-16"", ""2022-07-17"", ""2022-07-18"", ""2022-07-19"", ""2022-07-22"", ""2022-07-23"", ""2022-07-24"", ""2022-07-25"", ""2022-07-26"", ""2022-07-27"", ""2022-07-28"", ""2022-07-29"", ""2022-07-30"", ""2022-07-31"", ""2022-08-01"", ""2022-08-02"", ""2022-08-03"", ""2022-08-04"", ""2022-08-05"", ""2022-08-06"", ""2022-08-07"", ""2022-08-08"", ""2022-08-09"", ""2022-08-10"", ""2022-08-11"", ""2022-08-12"", ""2022-08-13"", ""2022-08-14"", ""2022-08-15"", ""2022-08-16"", ""2022-08-17"", ""2022-08-18"", ""2022-08-19"", ""2022-08-20"", ""2022-08-21"", ""2022-08-22"", ""2022-08-23"", ""2022-08-24"", ""2022-08-25"", ""2022-08-26"", ""2022-08-27"", ""2022-08-28"", ""2022-08-29"", ""2022-08-30"", ""2022-08-31"", ""2022-09-01"", ""2022-09-02"", ""2022-09-03"", ""2022-09-04"", ""2022-09-05"", ""2022-09-06"", ""2022-09-07"", ""2022-09-08"", ""2022-09-09"", ""2022-09-10"", ""2022-09-11"", ""2022-09-12"", ""2022-09-13"", ""2022-09-14"", ""2022-09-15"", ""2022-09-16"", ""2022-09-17"", ""2022-09-18"", ""2022-09-19"", ""2022-09-20"", ""2022-09-21"", ""2022-09-22"", ""2022-09-23"", ""2022-09-24"", ""2022-09-25"", ""2022-09-26"", ""2022-09-27"", ""2022-09-28"", ""2025-05-01"", ""2025-05-02"", ""2025-05-03"", ""2025-05-04"", ""2025-05-05"", ""2025-05-06"", ""2025-05-07"", ""2025-05-08"", ""2025-05-09"", ""2025-05-10"", ""2025-05-11"", ""2025-05-12"", ""2025-05-13"", ""2025-05-14"", ""2025-05-15"", ""2025-05-16"", ""2025-05-17"", ""2025-05-18"", ""2025-05-19"", ""2025-05-20"", ""2025-05-21"", ""2025-05-22"", ""2025-05-23"", ""2025-05-24"", ""2025-05-25"", ""2025-05-26"", ""2025-05-27"", ""2025-05-28"", ""2025-05-29"", ""2025-05-30"", ""2025-05-31"", ""2025-06-01"", ""2025-06-02"", ""2025-06-03"", ""2025-06-04"", ""2025-06-05"", ""2025-06-06"", ""2025-06-07"", ""2025-06-08"", ""2025-06-09"", ""2025-06-10"", ""2025-06-11"", ""2025-06-12"", ""2025-06-13"", ""2025-06-14"", ""2025-06-15"", ""2025-06-16"", ""2025-06-17"", ""2025-06-18"", ""2025-06-19"", ""2025-06-20"", ""2025-06-21"", ""2025-06-22"", ""2025-06-23"", ""2025-06-24"", ""2025-06-25"", ""2025-06-26"", ""2025-06-27"", ""2025-06-28"", ""2025-06-29"", ""2025-06-30"", ""2025-07-01"", ""2025-07-02"", ""2025-07-03"", ""2025-07-04"", ""2025-07-05"", ""2025-07-06"", ""2025-07-07"", ""2025-07-08"", ""2025-07-09"", ""2025-07-10"", ""2025-07-11"", ""2025-07-12"", ""2025-07-13"", ""2025-07-14"", ""2025-07-15"", ""2025-07-16"", ""2025-07-17"", ""2025-07-18"", ""2025-07-19"", ""2025-07-20"", ""2025-07-21"", ""2025-07-22"", ""2025-07-23"", ""2025-07-24"", ""2025-07-25"", ""2025-07-26"", ""2025-07-27"", ""2025-07-28"", ""2025-07-29"", ""2026-01-08"", ""2026-01-09"", ""2026-01-10"", ""2026-01-11"", ""2026-01-12"", ""2026-01-13"", ""2026-01-14"", ""2026-01-15"", ""2026-01-16"", ""2026-01-17"", ""2026-01-18"", ""2026-01-19"", ""2026-01-20"", ""2026-01-21"", ""2026-01-22"", ""2026-01-23"", ""2026-01-24"", ""2026-01-25"", ""2026-01-26"", ""2026-01-27"", ""2026-01-28"", ""2026-01-29"", ""2026-01-30"", ""2026-01-31"", ""2026-02-01"", ""2026-02-02"", ""2026-02-03"", ""2026-02-04"", ""2026-02-05"", ""2026-02-06"", ""2026-02-07"", ""2026-02-08"", ""2026-02-09"", ""2026-02-10"", ""2026-02-11"", ""2026-02-12"", ""2026-02-13"", ""2026-02-14"", ""2026-02-15"", ""2026-02-16"", ""2026-02-17"", ""2026-02-18"", ""2026-02-19"", ""2026-02-20"", ""2026-02-21"", ""2026-02-22"", ""2026-02-23"", ""2026-02-24"", ""2026-02-25"", ""2026-02-26"", ""2026-02-27"", ""2026-02-28"", ""2026-03-01"", ""2026-03-02"", ""2026-03-03"", ""2026-03-04"", ""2026-03-05"", ""2026-03-06"", ""2026-03-07"", ""2026-03-08"", ""2026-03-09"", ""2026-03-10"", ""2026-03-11"", ""2026-03-12"", ""2026-03-13"", ""2026-03-14"", ""2026-03-15"", ""2026-03-16"", ""2026-03-17"", ""2026-03-18"", ""2026-03-19"", ""2026-03-20"", ""2026-03-21"", ""2026-03-22"", ""2026-03-23"", ""2026-03-24"", ""2026-03-25"", ""2026-03-26"", ""2026-03-27"", ""2026-03-28"", ""2026-03-29"", ""2026-03-30"", ""2026-03-31"", ""2026-04-01"", ""2026-04-02"", ""2026-04-03"", ""2026-04-04"", ""2026-04-05"", ""2026-04-06"", ""2026-04-07""]",,,,,0.80231184507872,0.7576041996477823,,
B3,per_fold,fold_1,2160.0,90.0,2020-07-01,2020-09-28,6.507629688478688,10.526574854979174,4.014541625932317,2.0072708129661585,6.494955257294539,0.012674431184148844,0.10992305931799567,5.477333618170371,4.483013414574919,0.0,0.0,0.46296296296296297,1000.0,556.0,604.0,7.9717032625224995,7.543748809197648,11.032474253024855,0.7638888888888888,1650.0,236.0,274.0,17.64845051912601,16.20673512771253,24.618778395640305,0.9254629629629629,1999.0,79.0,82.0,35.72453691635477,36.037031562148954,47.505574146174496,"[""2020-07-01"", ""2020-07-02"", ""2020-07-03"", ""2020-07-04"", ""2020-07-05"", ""2020-07-06"", ""2020-07-07"", ""2020-07-08"", ""2020-07-09"", ""2020-07-10"", ""2020-07-11"", ""2020-07-12"", ""2020-07-13"", ""2020-07-14"", ""2020-07-15"", ""2020-07-16"", ""2020-07-17"", ""2020-07-18"", ""2020-07-19"", ""2020-07-20"", ""2020-07-21"", ""2020-07-22"", ""2020-07-23"", ""2020-07-24"", ""2020-07-25"", ""2020-07-26"", ""2020-07-27"", ""2020-07-28"", ""2020-07-29"", ""2020-07-30"", ""2020-07-31"", ""2020-08-01"", ""2020-08-02"", ""2020-08-03"", ""2020-08-04"", ""2020-08-05"", ""2020-08-06"", ""2020-08-07"", ""2020-08-08"", ""2020-08-09"", ""2020-08-10"", ""2020-08-11"", ""2020-08-12"", ""2020-08-13"", ""2020-08-14"", ""2020-08-15"", ""2020-08-16"", ""2020-08-17"", ""2020-08-18"", ""2020-08-19"", ""2020-08-20"", ""2020-08-21"", ""2020-08-22"", ""2020-08-23"", ""2020-08-24"", ""2020-08-25"", ""2020-08-26"", ""2020-08-27"", ""2020-08-28"", ""2020-08-29"", ""2020-08-30"", ""2020-08-31"", ""2020-09-01"", ""2020-09-02"", ""2020-09-03"", ""2020-09-04"", ""2020-09-05"", ""2020-09-06"", ""2020-09-07"", ""2020-09-08"", ""2020-09-09"", ""2020-09-10"", ""2020-09-11"", ""2020-09-12"", ""2020-09-13"", ""2020-09-14"", ""2020-09-15"", ""2020-09-16"", ""2020-09-17"", ""2020-09-18"", ""2020-09-19"", ""2020-09-20"", ""2020-09-21"", ""2020-09-22"", ""2020-09-23"", ""2020-09-24"", ""2020-09-25"", ""2020-09-26"", ""2020-09-27"", ""2020-09-28""]",2020-07-01,2020-09-28,90.0,False,,,,
B3,per_fold,fold_2,2159.0,90.0,2021-04-01,2021-06-29,11.663357337065136,17.691289764026603,7.231317452216929,3.6156587261084647,12.085637909115059,-0.4222805720499206,1.4249088451476073,9.84860538031702,7.279192902806954,0.0,0.0,0.49421028253821214,1067.0,492.0,600.0,14.727877097816183,14.87074313436056,17.60417329488959,0.77674849467346,1677.0,207.0,275.0,37.74109166989264,36.89191675893668,51.50414219354266,0.9333024548402038,2015.0,67.0,77.0,75.82701484268291,78.41730917796332,89.46774843951658,"[""2021-04-01"", ""2021-04-02"", ""2021-04-03"", ""2021-04-04"", ""2021-04-05"", ""2021-04-06"", ""2021-04-07"", ""2021-04-08"", ""2021-04-09"", ""2021-04-10"", ""2021-04-11"", ""2021-04-12"", ""2021-04-13"", ""2021-04-14"", ""2021-04-15"", ""2021-04-16"", ""2021-04-17"", ""2021-04-18"", ""2021-04-19"", ""2021-04-20"", ""2021-04-21"", ""2021-04-22"", ""2021-04-23"", ""2021-04-24"", ""2021-04-25"", ""2021-04-26"", ""2021-04-27"", ""2021-04-28"", ""2021-04-29"", ""2021-04-30"", ""2021-05-01"", ""2021-05-02"", ""2021-05-03"", ""2021-05-04"", ""2021-05-05"", ""2021-05-06"", ""2021-05-07"", ""2021-05-08"", ""2021-05-09"", ""2021-05-10"", ""2021-05-11"", ""2021-05-12"", ""2021-05-13"", ""2021-05-14"", ""2021-05-15"", ""2021-05-16"", ""2021-05-17"", ""2021-05-18"", ""2021-05-19"", ""2021-05-20"", ""2021-05-21"", ""2021-05-22"", ""2021-05-23"", ""2021-05-24"", ""2021-05-25"", ""2021-05-26"", ""2021-05-27"", ""2021-05-28"", ""2021-05-29"", ""2021-05-30"", ""2021-05-31"", ""2021-06-01"", ""2021-06-02"", ""2021-06-03"", ""2021-06-04"", ""2021-06-05"", ""2021-06-06"", ""2021-06-07"", ""2021-06-08"", ""2021-06-09"", ""2021-06-10"", ""2021-06-11"", ""2021-06-12"", ""2021-06-13"", ""2021-06-14"", ""2021-06-15"", ""2021-06-16"", ""2021-06-17"", ""2021-06-18"", ""2021-06-19"", ""2021-06-20"", ""2021-06-21"", ""2021-06-22"", ""2021-06-23"", ""2021-06-24"", ""2021-06-25"", ""2021-06-26"", ""2021-06-27"", ""2021-06-28"", ""2021-06-29""]",2021-04-01,2021-06-29,90.0,False,,,,
B3,per_fold,fold_3,2112.0,88.0,2022-07-01,2022-09-28,70.61551747920332,89.49525277203959,39.58339255825997,19.791696279129987,70.65062700038699,-0.03510952118368396,9.07008142296775,59.55232085250338,39.04802005107438,0.0,0.0,0.421875,891.0,624.0,597.0,101.75242554589369,111.7162377220161,133.8517061825976,0.743844696969697,1571.0,296.0,245.0,195.37636349508904,192.9338992621901,270.608033855635,0.9024621212121212,1906.0,121.0,85.0,322.88349932462427,324.5611691397208,439.0428732451811,"[""2022-07-01"", ""2022-07-02"", ""2022-07-03"", ""2022-07-04"", ""2022-07-05"", ""2022-07-06"", ""2022-07-07"", ""2022-07-08"", ""2022-07-09"", ""2022-07-10"", ""2022-07-11"", ""2022-07-12"", ""2022-07-13"", ""2022-07-14"", ""2022-07-15"", ""2022-07-16"", ""2022-07-17"", ""2022-07-18"", ""2022-07-19"", ""2022-07-22"", ""2022-07-23"", ""2022-07-24"", ""2022-07-25"", ""2022-07-26"", ""2022-07-27"", ""2022-07-28"", ""2022-07-29"", ""2022-07-30"", ""2022-07-31"", ""2022-08-01"", ""2022-08-02"", ""2022-08-03"", ""2022-08-04"", ""2022-08-05"", ""2022-08-06"", ""2022-08-07"", ""2022-08-08"", ""2022-08-09"", ""2022-08-10"", ""2022-08-11"", ""2022-08-12"", ""2022-08-13"", ""2022-08-14"", ""2022-08-15"", ""2022-08-16"", ""2022-08-17"", ""2022-08-18"", ""2022-08-19"", ""2022-08-20"", ""2022-08-21"", ""2022-08-22"", ""2022-08-23"", ""2022-08-24"", ""2022-08-25"", ""2022-08-26"", ""2022-08-27"", ""2022-08-28"", ""2022-08-29"", ""2022-08-30"", ""2022-08-31"", ""2022-09-01"", ""2022-09-02"", ""2022-09-03"", ""2022-09-04"", ""2022-09-05"", ""2022-09-06"", ""2022-09-07"", ""2022-09-08"", ""2022-09-09"", ""2022-09-10"", ""2022-09-11"", ""2022-09-12"", ""2022-09-13"", ""2022-09-14"", ""2022-09-15"", ""2022-09-16"", ""2022-09-17"", ""2022-09-18"", ""2022-09-19"", ""2022-09-20"", ""2022-09-21"", ""2022-09-22"", ""2022-09-23"", ""2022-09-24"", ""2022-09-25"", ""2022-09-26"", ""2022-09-27"", ""2022-09-28""]",2022-07-01,2022-09-28,90.0,True,,,,
B3,per_fold,fold_4,2160.0,90.0,2025-05-01,2025-07-29,18.398892852116457,28.006538572290818,10.958215457948477,5.479107728974238,18.246319969986803,0.15257288212965497,0.4583639055285142,13.023783335924414,15.023955364051812,0.0,0.0,0.5212962962962963,1126.0,499.0,535.0,26.709327256653868,26.18247702085388,33.278266844367636,0.8166666666666667,1764.0,187.0,209.0,59.14743885032155,59.599094358059276,69.64594170795608,0.9416666666666667,2034.0,51.0,75.0,105.63408443848421,106.24913404991077,122.38078796222466,"[""2025-05-01"", ""2025-05-02"", ""2025-05-03"", ""2025-05-04"", ""2025-05-05"", ""2025-05-06"", ""2025-05-07"", ""2025-05-08"", ""2025-05-09"", ""2025-05-10"", ""2025-05-11"", ""2025-05-12"", ""2025-05-13"", ""2025-05-14"", ""2025-05-15"", ""2025-05-16"", ""2025-05-17"", ""2025-05-18"", ""2025-05-19"", ""2025-05-20"", ""2025-05-21"", ""2025-05-22"", ""2025-05-23"", ""2025-05-24"", ""2025-05-25"", ""2025-05-26"", ""2025-05-27"", ""2025-05-28"", ""2025-05-29"", ""2025-05-30"", ""2025-05-31"", ""2025-06-01"", ""2025-06-02"", ""2025-06-03"", ""2025-06-04"", ""2025-06-05"", ""2025-06-06"", ""2025-06-07"", ""2025-06-08"", ""2025-06-09"", ""2025-06-10"", ""2025-06-11"", ""2025-06-12"", ""2025-06-13"", ""2025-06-14"", ""2025-06-15"", ""2025-06-16"", ""2025-06-17"", ""2025-06-18"", ""2025-06-19"", ""2025-06-20"", ""2025-06-21"", ""2025-06-22"", ""2025-06-23"", ""2025-06-24"", ""2025-06-25"", ""2025-06-26"", ""2025-06-27"", ""2025-06-28"", ""2025-06-29"", ""2025-06-30"", ""2025-07-01"", ""2025-07-02"", ""2025-07-03"", ""2025-07-04"", ""2025-07-05"", ""2025-07-06"", ""2025-07-07"", ""2025-07-08"", ""2025-07-09"", ""2025-07-10"", ""2025-07-11"", ""2025-07-12"", ""2025-07-13"", ""2025-07-14"", ""2025-07-15"", ""2025-07-16"", ""2025-07-17"", ""2025-07-18"", ""2025-07-19"", ""2025-07-20"", ""2025-07-21"", ""2025-07-22"", ""2025-07-23"", ""2025-07-24"", ""2025-07-25"", ""2025-07-26"", ""2025-07-27"", ""2025-07-28"", ""2025-07-29""]",2025-05-01,2025-07-29,90.0,False,,,,
B3,per_fold,fold_5,2156.0,90.0,2026-01-08,2026-04-07,25.410046370313395,35.35289346202151,14.588826064019319,7.294413032009659,25.032922409984078,0.37712396032931395,3.7652226470179175,21.0332422109128,16.16748284709491,0.0,0.0,0.42810760667903525,923.0,636.0,597.0,31.41283618761399,29.553318262456372,52.51843674389436,0.7351576994434137,1585.0,281.0,290.0,71.42343995632837,70.27263813214469,112.52950220539,0.9257884972170687,1996.0,96.0,64.0,119.04526945856604,120.00402643980763,166.464338010243,"[""2026-01-08"", ""2026-01-09"", ""2026-01-10"", ""2026-01-11"", ""2026-01-12"", ""2026-01-13"", ""2026-01-14"", ""2026-01-15"", ""2026-01-16"", ""2026-01-17"", ""2026-01-18"", ""2026-01-19"", ""2026-01-20"", ""2026-01-21"", ""2026-01-22"", ""2026-01-23"", ""2026-01-24"", ""2026-01-25"", ""2026-01-26"", ""2026-01-27"", ""2026-01-28"", ""2026-01-29"", ""2026-01-30"", ""2026-01-31"", ""2026-02-01"", ""2026-02-02"", ""2026-02-03"", ""2026-02-04"", ""2026-02-05"", ""2026-02-06"", ""2026-02-07"", ""2026-02-08"", ""2026-02-09"", ""2026-02-10"", ""2026-02-11"", ""2026-02-12"", ""2026-02-13"", ""2026-02-14"", ""2026-02-15"", ""2026-02-16"", ""2026-02-17"", ""2026-02-18"", ""2026-02-19"", ""2026-02-20"", ""2026-02-21"", ""2026-02-22"", ""2026-02-23"", ""2026-02-24"", ""2026-02-25"", ""2026-02-26"", ""2026-02-27"", ""2026-02-28"", ""2026-03-01"", ""2026-03-02"", ""2026-03-03"", ""2026-03-04"", ""2026-03-05"", ""2026-03-06"", ""2026-03-07"", ""2026-03-08"", ""2026-03-09"", ""2026-03-10"", ""2026-03-11"", ""2026-03-12"", ""2026-03-13"", ""2026-03-14"", ""2026-03-15"", ""2026-03-16"", ""2026-03-17"", ""2026-03-18"", ""2026-03-19"", ""2026-03-20"", ""2026-03-21"", ""2026-03-22"", ""2026-03-23"", ""2026-03-24"", ""2026-03-25"", ""2026-03-26"", ""2026-03-27"", ""2026-03-28"", ""2026-03-29"", ""2026-03-30"", ""2026-03-31"", ""2026-04-01"", ""2026-04-02"", ""2026-04-03"", ""2026-04-04"", ""2026-04-05"", ""2026-04-06"", ""2026-04-07""]",2026-01-08,2026-04-07,90.0,False,,,,
A1,pooled,all,10747.0,448.0,2020-07-01,2026-04-07,20.70749196318633,36.494797188378634,12.449676327150861,6.2248381635754315,20.504517353092744,0.20297461009358628,1.6648414008610726,15.548046364378294,15.461869830812843,0.0,0.0,0.5028380013026891,5404.0,2687.0,2656.0,30.336093296135385,20.86482990769435,92.54776467451501,0.7881269191402251,8470.0,1145.0,1132.0,67.13061430169061,48.0427571198889,191.7540510983315,0.9420303340467107,10124.0,306.0,317.0,134.3285233504371,94.413211078769,372.57400974789743,"[""2020-07-01"", ""2020-07-02"", ""2020-07-03"", ""2020-07-04"", ""2020-07-05"", ""2020-07-06"", ""2020-07-07"", ""2020-07-08"", ""2020-07-09"", ""2020-07-10"", ""2020-07-11"", ""2020-07-12"", ""2020-07-13"", ""2020-07-14"", ""2020-07-15"", ""2020-07-16"", ""2020-07-17"", ""2020-07-18"", ""2020-07-19"", ""2020-07-20"", ""2020-07-21"", ""2020-07-22"", ""2020-07-23"", ""2020-07-24"", ""2020-07-25"", ""2020-07-26"", ""2020-07-27"", ""2020-07-28"", ""2020-07-29"", ""2020-07-30"", ""2020-07-31"", ""2020-08-01"", ""2020-08-02"", ""2020-08-03"", ""2020-08-04"", ""2020-08-05"", ""2020-08-06"", ""2020-08-07"", ""2020-08-08"", ""2020-08-09"", ""2020-08-10"", ""2020-08-11"", ""2020-08-12"", ""2020-08-13"", ""2020-08-14"", ""2020-08-15"", ""2020-08-16"", ""2020-08-17"", ""2020-08-18"", ""2020-08-19"", ""2020-08-20"", ""2020-08-21"", ""2020-08-22"", ""2020-08-23"", ""2020-08-24"", ""2020-08-25"", ""2020-08-26"", ""2020-08-27"", ""2020-08-28"", ""2020-08-29"", ""2020-08-30"", ""2020-08-31"", ""2020-09-01"", ""2020-09-02"", ""2020-09-03"", ""2020-09-04"", ""2020-09-05"", ""2020-09-06"", ""2020-09-07"", ""2020-09-08"", ""2020-09-09"", ""2020-09-10"", ""2020-09-11"", ""2020-09-12"", ""2020-09-13"", ""2020-09-14"", ""2020-09-15"", ""2020-09-16"", ""2020-09-17"", ""2020-09-18"", ""2020-09-19"", ""2020-09-20"", ""2020-09-21"", ""2020-09-22"", ""2020-09-23"", ""2020-09-24"", ""2020-09-25"", ""2020-09-26"", ""2020-09-27"", ""2020-09-28"", ""2021-04-01"", ""2021-04-02"", ""2021-04-03"", ""2021-04-04"", ""2021-04-05"", ""2021-04-06"", ""2021-04-07"", ""2021-04-08"", ""2021-04-09"", ""2021-04-10"", ""2021-04-11"", ""2021-04-12"", ""2021-04-13"", ""2021-04-14"", ""2021-04-15"", ""2021-04-16"", ""2021-04-17"", ""2021-04-18"", ""2021-04-19"", ""2021-04-20"", ""2021-04-21"", ""2021-04-22"", ""2021-04-23"", ""2021-04-24"", ""2021-04-25"", ""2021-04-26"", ""2021-04-27"", ""2021-04-28"", ""2021-04-29"", ""2021-04-30"", ""2021-05-01"", ""2021-05-02"", ""2021-05-03"", ""2021-05-04"", ""2021-05-05"", ""2021-05-06"", ""2021-05-07"", ""2021-05-08"", ""2021-05-09"", ""2021-05-10"", ""2021-05-11"", ""2021-05-12"", ""2021-05-13"", ""2021-05-14"", ""2021-05-15"", ""2021-05-16"", ""2021-05-17"", ""2021-05-18"", ""2021-05-19"", ""2021-05-20"", ""2021-05-21"", ""2021-05-22"", ""2021-05-23"", ""2021-05-24"", ""2021-05-25"", ""2021-05-26"", ""2021-05-27"", ""2021-05-28"", ""2021-05-29"", ""2021-05-30"", ""2021-05-31"", ""2021-06-01"", ""2021-06-02"", ""2021-06-03"", ""2021-06-04"", ""2021-06-05"", ""2021-06-06"", ""2021-06-07"", ""2021-06-08"", ""2021-06-09"", ""2021-06-10"", ""2021-06-11"", ""2021-06-12"", ""2021-06-13"", ""2021-06-14"", ""2021-06-15"", ""2021-06-16"", ""2021-06-17"", ""2021-06-18"", ""2021-06-19"", ""2021-06-20"", ""2021-06-21"", ""2021-06-22"", ""2021-06-23"", ""2021-06-24"", ""2021-06-25"", ""2021-06-26"", ""2021-06-27"", ""2021-06-28"", ""2021-06-29"", ""2022-07-01"", ""2022-07-02"", ""2022-07-03"", ""2022-07-04"", ""2022-07-05"", ""2022-07-06"", ""2022-07-07"", ""2022-07-08"", ""2022-07-09"", ""2022-07-10"", ""2022-07-11"", ""2022-07-12"", ""2022-07-13"", ""2022-07-14"", ""2022-07-15"", ""2022-07-16"", ""2022-07-17"", ""2022-07-18"", ""2022-07-19"", ""2022-07-22"", ""2022-07-23"", ""2022-07-24"", ""2022-07-25"", ""2022-07-26"", ""2022-07-27"", ""2022-07-28"", ""2022-07-29"", ""2022-07-30"", ""2022-07-31"", ""2022-08-01"", ""2022-08-02"", ""2022-08-03"", ""2022-08-04"", ""2022-08-05"", ""2022-08-06"", ""2022-08-07"", ""2022-08-08"", ""2022-08-09"", ""2022-08-10"", ""2022-08-11"", ""2022-08-12"", ""2022-08-13"", ""2022-08-14"", ""2022-08-15"", ""2022-08-16"", ""2022-08-17"", ""2022-08-18"", ""2022-08-19"", ""2022-08-20"", ""2022-08-21"", ""2022-08-22"", ""2022-08-23"", ""2022-08-24"", ""2022-08-25"", ""2022-08-26"", ""2022-08-27"", ""2022-08-28"", ""2022-08-29"", ""2022-08-30"", ""2022-08-31"", ""2022-09-01"", ""2022-09-02"", ""2022-09-03"", ""2022-09-04"", ""2022-09-05"", ""2022-09-06"", ""2022-09-07"", ""2022-09-08"", ""2022-09-09"", ""2022-09-10"", ""2022-09-11"", ""2022-09-12"", ""2022-09-13"", ""2022-09-14"", ""2022-09-15"", ""2022-09-16"", ""2022-09-17"", ""2022-09-18"", ""2022-09-19"", ""2022-09-20"", ""2022-09-21"", ""2022-09-22"", ""2022-09-23"", ""2022-09-24"", ""2022-09-25"", ""2022-09-26"", ""2022-09-27"", ""2022-09-28"", ""2025-05-01"", ""2025-05-02"", ""2025-05-03"", ""2025-05-04"", ""2025-05-05"", ""2025-05-06"", ""2025-05-07"", ""2025-05-08"", ""2025-05-09"", ""2025-05-10"", ""2025-05-11"", ""2025-05-12"", ""2025-05-13"", ""2025-05-14"", ""2025-05-15"", ""2025-05-16"", ""2025-05-17"", ""2025-05-18"", ""2025-05-19"", ""2025-05-20"", ""2025-05-21"", ""2025-05-22"", ""2025-05-23"", ""2025-05-24"", ""2025-05-25"", ""2025-05-26"", ""2025-05-27"", ""2025-05-28"", ""2025-05-29"", ""2025-05-30"", ""2025-05-31"", ""2025-06-01"", ""2025-06-02"", ""2025-06-03"", ""2025-06-04"", ""2025-06-05"", ""2025-06-06"", ""2025-06-07"", ""2025-06-08"", ""2025-06-09"", ""2025-06-10"", ""2025-06-11"", ""2025-06-12"", ""2025-06-13"", ""2025-06-14"", ""2025-06-15"", ""2025-06-16"", ""2025-06-17"", ""2025-06-18"", ""2025-06-19"", ""2025-06-20"", ""2025-06-21"", ""2025-06-22"", ""2025-06-23"", ""2025-06-24"", ""2025-06-25"", ""2025-06-26"", ""2025-06-27"", ""2025-06-28"", ""2025-06-29"", ""2025-06-30"", ""2025-07-01"", ""2025-07-02"", ""2025-07-03"", ""2025-07-04"", ""2025-07-05"", ""2025-07-06"", ""2025-07-07"", ""2025-07-08"", ""2025-07-09"", ""2025-07-10"", ""2025-07-11"", ""2025-07-12"", ""2025-07-13"", ""2025-07-14"", ""2025-07-15"", ""2025-07-16"", ""2025-07-17"", ""2025-07-18"", ""2025-07-19"", ""2025-07-20"", ""2025-07-21"", ""2025-07-22"", ""2025-07-23"", ""2025-07-24"", ""2025-07-25"", ""2025-07-26"", ""2025-07-27"", ""2025-07-28"", ""2025-07-29"", ""2026-01-08"", ""2026-01-09"", ""2026-01-10"", ""2026-01-11"", ""2026-01-12"", ""2026-01-13"", ""2026-01-14"", ""2026-01-15"", ""2026-01-16"", ""2026-01-17"", ""2026-01-18"", ""2026-01-19"", ""2026-01-20"", ""2026-01-21"", ""2026-01-22"", ""2026-01-23"", ""2026-01-24"", ""2026-01-25"", ""2026-01-26"", ""2026-01-27"", ""2026-01-28"", ""2026-01-29"", ""2026-01-30"", ""2026-01-31"", ""2026-02-01"", ""2026-02-02"", ""2026-02-03"", ""2026-02-04"", ""2026-02-05"", ""2026-02-06"", ""2026-02-07"", ""2026-02-08"", ""2026-02-09"", ""2026-02-10"", ""2026-02-11"", ""2026-02-12"", ""2026-02-13"", ""2026-02-14"", ""2026-02-15"", ""2026-02-16"", ""2026-02-17"", ""2026-02-18"", ""2026-02-19"", ""2026-02-20"", ""2026-02-21"", ""2026-02-22"", ""2026-02-23"", ""2026-02-24"", ""2026-02-25"", ""2026-02-26"", ""2026-02-27"", ""2026-02-28"", ""2026-03-01"", ""2026-03-02"", ""2026-03-03"", ""2026-03-04"", ""2026-03-05"", ""2026-03-06"", ""2026-03-07"", ""2026-03-08"", ""2026-03-09"", ""2026-03-10"", ""2026-03-11"", ""2026-03-12"", ""2026-03-13"", ""2026-03-14"", ""2026-03-15"", ""2026-03-16"", ""2026-03-17"", ""2026-03-18"", ""2026-03-19"", ""2026-03-20"", ""2026-03-21"", ""2026-03-22"", ""2026-03-23"", ""2026-03-24"", ""2026-03-25"", ""2026-03-26"", ""2026-03-27"", ""2026-03-28"", ""2026-03-29"", ""2026-03-30"", ""2026-03-31"", ""2026-04-01"", ""2026-04-02"", ""2026-04-03"", ""2026-04-04"", ""2026-04-05"", ""2026-04-06"", ""2026-04-07""]",,,,,0.6311316002651045,0.6218431939294025,,
A1,per_fold,fold_1,2160.0,90.0,2020-07-01,2020-09-28,6.819900081534383,10.7139391922076,4.10385611923026,2.05192805961513,6.711440377563845,0.1084597039705377,-0.284471388695003,5.634080133377617,4.833135627787794,0.0,0.0,0.49675925925925923,1073.0,532.0,555.0,9.824772396282885,8.268057318585182,20.353410918560698,0.7731481481481481,1670.0,228.0,262.0,21.652594965803534,18.772257522103665,49.46358144941204,0.9356481481481481,2021.0,66.0,73.0,39.26524416436561,34.97859364833471,86.8150694824761,"[""2020-07-01"", ""2020-07-02"", ""2020-07-03"", ""2020-07-04"", ""2020-07-05"", ""2020-07-06"", ""2020-07-07"", ""2020-07-08"", ""2020-07-09"", ""2020-07-10"", ""2020-07-11"", ""2020-07-12"", ""2020-07-13"", ""2020-07-14"", ""2020-07-15"", ""2020-07-16"", ""2020-07-17"", ""2020-07-18"", ""2020-07-19"", ""2020-07-20"", ""2020-07-21"", ""2020-07-22"", ""2020-07-23"", ""2020-07-24"", ""2020-07-25"", ""2020-07-26"", ""2020-07-27"", ""2020-07-28"", ""2020-07-29"", ""2020-07-30"", ""2020-07-31"", ""2020-08-01"", ""2020-08-02"", ""2020-08-03"", ""2020-08-04"", ""2020-08-05"", ""2020-08-06"", ""2020-08-07"", ""2020-08-08"", ""2020-08-09"", ""2020-08-10"", ""2020-08-11"", ""2020-08-12"", ""2020-08-13"", ""2020-08-14"", ""2020-08-15"", ""2020-08-16"", ""2020-08-17"", ""2020-08-18"", ""2020-08-19"", ""2020-08-20"", ""2020-08-21"", ""2020-08-22"", ""2020-08-23"", ""2020-08-24"", ""2020-08-25"", ""2020-08-26"", ""2020-08-27"", ""2020-08-28"", ""2020-08-29"", ""2020-08-30"", ""2020-08-31"", ""2020-09-01"", ""2020-09-02"", ""2020-09-03"", ""2020-09-04"", ""2020-09-05"", ""2020-09-06"", ""2020-09-07"", ""2020-09-08"", ""2020-09-09"", ""2020-09-10"", ""2020-09-11"", ""2020-09-12"", ""2020-09-13"", ""2020-09-14"", ""2020-09-15"", ""2020-09-16"", ""2020-09-17"", ""2020-09-18"", ""2020-09-19"", ""2020-09-20"", ""2020-09-21"", ""2020-09-22"", ""2020-09-23"", ""2020-09-24"", ""2020-09-25"", ""2020-09-26"", ""2020-09-27"", ""2020-09-28""]",2020-07-01,2020-09-28,90.0,False,,,,
A1,per_fold,fold_2,2159.0,90.0,2021-04-01,2021-06-29,9.953359482231182,14.831803465245779,6.246549290927245,3.123274645463622,9.915014668827874,0.038344813403306394,1.238495187615177,7.402120270752935,6.964948262495272,0.0,0.0,0.5270958777211672,1138.0,497.0,524.0,14.941718597545291,13.94321358698313,24.345344990320307,0.793886058360352,1714.0,215.0,230.0,34.88562137338292,32.88816522075105,67.58834107681892,0.9314497452524316,2011.0,72.0,76.0,71.93790327960548,64.13481466288763,127.78420430270884,"[""2021-04-01"", ""2021-04-02"", ""2021-04-03"", ""2021-04-04"", ""2021-04-05"", ""2021-04-06"", ""2021-04-07"", ""2021-04-08"", ""2021-04-09"", ""2021-04-10"", ""2021-04-11"", ""2021-04-12"", ""2021-04-13"", ""2021-04-14"", ""2021-04-15"", ""2021-04-16"", ""2021-04-17"", ""2021-04-18"", ""2021-04-19"", ""2021-04-20"", ""2021-04-21"", ""2021-04-22"", ""2021-04-23"", ""2021-04-24"", ""2021-04-25"", ""2021-04-26"", ""2021-04-27"", ""2021-04-28"", ""2021-04-29"", ""2021-04-30"", ""2021-05-01"", ""2021-05-02"", ""2021-05-03"", ""2021-05-04"", ""2021-05-05"", ""2021-05-06"", ""2021-05-07"", ""2021-05-08"", ""2021-05-09"", ""2021-05-10"", ""2021-05-11"", ""2021-05-12"", ""2021-05-13"", ""2021-05-14"", ""2021-05-15"", ""2021-05-16"", ""2021-05-17"", ""2021-05-18"", ""2021-05-19"", ""2021-05-20"", ""2021-05-21"", ""2021-05-22"", ""2021-05-23"", ""2021-05-24"", ""2021-05-25"", ""2021-05-26"", ""2021-05-27"", ""2021-05-28"", ""2021-05-29"", ""2021-05-30"", ""2021-05-31"", ""2021-06-01"", ""2021-06-02"", ""2021-06-03"", ""2021-06-04"", ""2021-06-05"", ""2021-06-06"", ""2021-06-07"", ""2021-06-08"", ""2021-06-09"", ""2021-06-10"", ""2021-06-11"", ""2021-06-12"", ""2021-06-13"", ""2021-06-14"", ""2021-06-15"", ""2021-06-16"", ""2021-06-17"", ""2021-06-18"", ""2021-06-19"", ""2021-06-20"", ""2021-06-21"", ""2021-06-22"", ""2021-06-23"", ""2021-06-24"", ""2021-06-25"", ""2021-06-26"", ""2021-06-27"", ""2021-06-28"", ""2021-06-29""]",2021-04-01,2021-06-29,90.0,False,,,,
A1,per_fold,fold_3,2112.0,88.0,2022-07-01,2022-09-28,51.212762782292266,70.0557261622223,30.454607295819592,15.227303647909796,50.586329663872384,0.6264331184198692,4.588528607299196,41.62120354205984,35.48387283237619,0.0,0.0,0.4891098484848485,1033.0,557.0,522.0,76.46928490855746,71.22643008424532,112.08595752419649,0.7708333333333334,1628.0,258.0,226.0,162.6043854213884,157.29100641599112,233.2534780059666,0.9422348484848485,1990.0,64.0,58.0,317.06599561501775,294.9471077076421,471.1246370393193,"[""2022-07-01"", ""2022-07-02"", ""2022-07-03"", ""2022-07-04"", ""2022-07-05"", ""2022-07-06"", ""2022-07-07"", ""2022-07-08"", ""2022-07-09"", ""2022-07-10"", ""2022-07-11"", ""2022-07-12"", ""2022-07-13"", ""2022-07-14"", ""2022-07-15"", ""2022-07-16"", ""2022-07-17"", ""2022-07-18"", ""2022-07-19"", ""2022-07-22"", ""2022-07-23"", ""2022-07-24"", ""2022-07-25"", ""2022-07-26"", ""2022-07-27"", ""2022-07-28"", ""2022-07-29"", ""2022-07-30"", ""2022-07-31"", ""2022-08-01"", ""2022-08-02"", ""2022-08-03"", ""2022-08-04"", ""2022-08-05"", ""2022-08-06"", ""2022-08-07"", ""2022-08-08"", ""2022-08-09"", ""2022-08-10"", ""2022-08-11"", ""2022-08-12"", ""2022-08-13"", ""2022-08-14"", ""2022-08-15"", ""2022-08-16"", ""2022-08-17"", ""2022-08-18"", ""2022-08-19"", ""2022-08-20"", ""2022-08-21"", ""2022-08-22"", ""2022-08-23"", ""2022-08-24"", ""2022-08-25"", ""2022-08-26"", ""2022-08-27"", ""2022-08-28"", ""2022-08-29"", ""2022-08-30"", ""2022-08-31"", ""2022-09-01"", ""2022-09-02"", ""2022-09-03"", ""2022-09-04"", ""2022-09-05"", ""2022-09-06"", ""2022-09-07"", ""2022-09-08"", ""2022-09-09"", ""2022-09-10"", ""2022-09-11"", ""2022-09-12"", ""2022-09-13"", ""2022-09-14"", ""2022-09-15"", ""2022-09-16"", ""2022-09-17"", ""2022-09-18"", ""2022-09-19"", ""2022-09-20"", ""2022-09-21"", ""2022-09-22"", ""2022-09-23"", ""2022-09-24"", ""2022-09-25"", ""2022-09-26"", ""2022-09-27"", ""2022-09-28""]",2022-07-01,2022-09-28,90.0,True,,,,
A1,per_fold,fold_4,2160.0,90.0,2025-05-01,2025-07-29,16.740444529025567,26.035675714065906,10.086960537897482,5.043480268948741,16.71985375254507,0.02059077648049519,1.6312817852173662,9.257862244943029,15.531494840116718,0.0,0.0,0.5032407407407408,1087.0,550.0,523.0,23.46452648066488,22.761859360652068,34.394508222518276,0.7976851851851852,1723.0,221.0,216.0,51.765340303706374,50.36468943322953,75.77340773415949,0.9444444444444444,2040.0,59.0,61.0,100.04822617239961,95.37821120759092,143.43826295356504,"[""2025-05-01"", ""2025-05-02"", ""2025-05-03"", ""2025-05-04"", ""2025-05-05"", ""2025-05-06"", ""2025-05-07"", ""2025-05-08"", ""2025-05-09"", ""2025-05-10"", ""2025-05-11"", ""2025-05-12"", ""2025-05-13"", ""2025-05-14"", ""2025-05-15"", ""2025-05-16"", ""2025-05-17"", ""2025-05-18"", ""2025-05-19"", ""2025-05-20"", ""2025-05-21"", ""2025-05-22"", ""2025-05-23"", ""2025-05-24"", ""2025-05-25"", ""2025-05-26"", ""2025-05-27"", ""2025-05-28"", ""2025-05-29"", ""2025-05-30"", ""2025-05-31"", ""2025-06-01"", ""2025-06-02"", ""2025-06-03"", ""2025-06-04"", ""2025-06-05"", ""2025-06-06"", ""2025-06-07"", ""2025-06-08"", ""2025-06-09"", ""2025-06-10"", ""2025-06-11"", ""2025-06-12"", ""2025-06-13"", ""2025-06-14"", ""2025-06-15"", ""2025-06-16"", ""2025-06-17"", ""2025-06-18"", ""2025-06-19"", ""2025-06-20"", ""2025-06-21"", ""2025-06-22"", ""2025-06-23"", ""2025-06-24"", ""2025-06-25"", ""2025-06-26"", ""2025-06-27"", ""2025-06-28"", ""2025-06-29"", ""2025-06-30"", ""2025-07-01"", ""2025-07-02"", ""2025-07-03"", ""2025-07-04"", ""2025-07-05"", ""2025-07-06"", ""2025-07-07"", ""2025-07-08"", ""2025-07-09"", ""2025-07-10"", ""2025-07-11"", ""2025-07-12"", ""2025-07-13"", ""2025-07-14"", ""2025-07-15"", ""2025-07-16"", ""2025-07-17"", ""2025-07-18"", ""2025-07-19"", ""2025-07-20"", ""2025-07-21"", ""2025-07-22"", ""2025-07-23"", ""2025-07-24"", ""2025-07-25"", ""2025-07-26"", ""2025-07-27"", ""2025-07-28"", ""2025-07-29""]",2025-05-01,2025-07-29,90.0,False,,,,
A1,per_fold,fold_5,2156.0,90.0,2026-01-08,2026-04-07,19.48163898479388,28.581740222534926,11.75235481475487,5.876177407377435,19.251209532724747,0.2304294520691275,1.2143119433620493,14.404369123595426,14.935923256199475,0.0,0.0,0.4976808905380334,1073.0,551.0,532.0,27.993881679214365,29.17540694783513,44.60301981051501,0.8047309833024119,1735.0,223.0,198.0,66.85132335947195,67.8230948403152,105.04267245824242,0.9564007421150278,2062.0,45.0,49.0,147.38136762530092,153.65210215512874,267.59845582794935,"[""2026-01-08"", ""2026-01-09"", ""2026-01-10"", ""2026-01-11"", ""2026-01-12"", ""2026-01-13"", ""2026-01-14"", ""2026-01-15"", ""2026-01-16"", ""2026-01-17"", ""2026-01-18"", ""2026-01-19"", ""2026-01-20"", ""2026-01-21"", ""2026-01-22"", ""2026-01-23"", ""2026-01-24"", ""2026-01-25"", ""2026-01-26"", ""2026-01-27"", ""2026-01-28"", ""2026-01-29"", ""2026-01-30"", ""2026-01-31"", ""2026-02-01"", ""2026-02-02"", ""2026-02-03"", ""2026-02-04"", ""2026-02-05"", ""2026-02-06"", ""2026-02-07"", ""2026-02-08"", ""2026-02-09"", ""2026-02-10"", ""2026-02-11"", ""2026-02-12"", ""2026-02-13"", ""2026-02-14"", ""2026-02-15"", ""2026-02-16"", ""2026-02-17"", ""2026-02-18"", ""2026-02-19"", ""2026-02-20"", ""2026-02-21"", ""2026-02-22"", ""2026-02-23"", ""2026-02-24"", ""2026-02-25"", ""2026-02-26"", ""2026-02-27"", ""2026-02-28"", ""2026-03-01"", ""2026-03-02"", ""2026-03-03"", ""2026-03-04"", ""2026-03-05"", ""2026-03-06"", ""2026-03-07"", ""2026-03-08"", ""2026-03-09"", ""2026-03-10"", ""2026-03-11"", ""2026-03-12"", ""2026-03-13"", ""2026-03-14"", ""2026-03-15"", ""2026-03-16"", ""2026-03-17"", ""2026-03-18"", ""2026-03-19"", ""2026-03-20"", ""2026-03-21"", ""2026-03-22"", ""2026-03-23"", ""2026-03-24"", ""2026-03-25"", ""2026-03-26"", ""2026-03-27"", ""2026-03-28"", ""2026-03-29"", ""2026-03-30"", ""2026-03-31"", ""2026-04-01"", ""2026-04-02"", ""2026-04-03"", ""2026-04-04"", ""2026-04-05"", ""2026-04-06"", ""2026-04-07""]",2026-01-08,2026-04-07,90.0,False,,,,
HG,pooled,all,10747.0,448.0,2020-07-01,2026-04-07,18.258885500475362,32.675927457102404,10.665905821725305,5.3329529108626526,17.96173730068515,0.2971481997902067,1.5342112051254713,14.091551054326573,13.036160324974796,0.0,0.0,0.4937191774448683,5306.0,2747.0,2694.0,27.142760138629214,17.854428446478465,85.2615361034512,0.7913836419465897,8505.0,1112.0,1130.0,58.80676873570269,38.96529381454056,184.86687185229968,0.9376570205638783,10077.0,303.0,367.0,106.24360374406864,72.99573878246065,322.7939226757866,"[""2020-07-01"", ""2020-07-02"", ""2020-07-03"", ""2020-07-04"", ""2020-07-05"", ""2020-07-06"", ""2020-07-07"", ""2020-07-08"", ""2020-07-09"", ""2020-07-10"", ""2020-07-11"", ""2020-07-12"", ""2020-07-13"", ""2020-07-14"", ""2020-07-15"", ""2020-07-16"", ""2020-07-17"", ""2020-07-18"", ""2020-07-19"", ""2020-07-20"", ""2020-07-21"", ""2020-07-22"", ""2020-07-23"", ""2020-07-24"", ""2020-07-25"", ""2020-07-26"", ""2020-07-27"", ""2020-07-28"", ""2020-07-29"", ""2020-07-30"", ""2020-07-31"", ""2020-08-01"", ""2020-08-02"", ""2020-08-03"", ""2020-08-04"", ""2020-08-05"", ""2020-08-06"", ""2020-08-07"", ""2020-08-08"", ""2020-08-09"", ""2020-08-10"", ""2020-08-11"", ""2020-08-12"", ""2020-08-13"", ""2020-08-14"", ""2020-08-15"", ""2020-08-16"", ""2020-08-17"", ""2020-08-18"", ""2020-08-19"", ""2020-08-20"", ""2020-08-21"", ""2020-08-22"", ""2020-08-23"", ""2020-08-24"", ""2020-08-25"", ""2020-08-26"", ""2020-08-27"", ""2020-08-28"", ""2020-08-29"", ""2020-08-30"", ""2020-08-31"", ""2020-09-01"", ""2020-09-02"", ""2020-09-03"", ""2020-09-04"", ""2020-09-05"", ""2020-09-06"", ""2020-09-07"", ""2020-09-08"", ""2020-09-09"", ""2020-09-10"", ""2020-09-11"", ""2020-09-12"", ""2020-09-13"", ""2020-09-14"", ""2020-09-15"", ""2020-09-16"", ""2020-09-17"", ""2020-09-18"", ""2020-09-19"", ""2020-09-20"", ""2020-09-21"", ""2020-09-22"", ""2020-09-23"", ""2020-09-24"", ""2020-09-25"", ""2020-09-26"", ""2020-09-27"", ""2020-09-28"", ""2021-04-01"", ""2021-04-02"", ""2021-04-03"", ""2021-04-04"", ""2021-04-05"", ""2021-04-06"", ""2021-04-07"", ""2021-04-08"", ""2021-04-09"", ""2021-04-10"", ""2021-04-11"", ""2021-04-12"", ""2021-04-13"", ""2021-04-14"", ""2021-04-15"", ""2021-04-16"", ""2021-04-17"", ""2021-04-18"", ""2021-04-19"", ""2021-04-20"", ""2021-04-21"", ""2021-04-22"", ""2021-04-23"", ""2021-04-24"", ""2021-04-25"", ""2021-04-26"", ""2021-04-27"", ""2021-04-28"", ""2021-04-29"", ""2021-04-30"", ""2021-05-01"", ""2021-05-02"", ""2021-05-03"", ""2021-05-04"", ""2021-05-05"", ""2021-05-06"", ""2021-05-07"", ""2021-05-08"", ""2021-05-09"", ""2021-05-10"", ""2021-05-11"", ""2021-05-12"", ""2021-05-13"", ""2021-05-14"", ""2021-05-15"", ""2021-05-16"", ""2021-05-17"", ""2021-05-18"", ""2021-05-19"", ""2021-05-20"", ""2021-05-21"", ""2021-05-22"", ""2021-05-23"", ""2021-05-24"", ""2021-05-25"", ""2021-05-26"", ""2021-05-27"", ""2021-05-28"", ""2021-05-29"", ""2021-05-30"", ""2021-05-31"", ""2021-06-01"", ""2021-06-02"", ""2021-06-03"", ""2021-06-04"", ""2021-06-05"", ""2021-06-06"", ""2021-06-07"", ""2021-06-08"", ""2021-06-09"", ""2021-06-10"", ""2021-06-11"", ""2021-06-12"", ""2021-06-13"", ""2021-06-14"", ""2021-06-15"", ""2021-06-16"", ""2021-06-17"", ""2021-06-18"", ""2021-06-19"", ""2021-06-20"", ""2021-06-21"", ""2021-06-22"", ""2021-06-23"", ""2021-06-24"", ""2021-06-25"", ""2021-06-26"", ""2021-06-27"", ""2021-06-28"", ""2021-06-29"", ""2022-07-01"", ""2022-07-02"", ""2022-07-03"", ""2022-07-04"", ""2022-07-05"", ""2022-07-06"", ""2022-07-07"", ""2022-07-08"", ""2022-07-09"", ""2022-07-10"", ""2022-07-11"", ""2022-07-12"", ""2022-07-13"", ""2022-07-14"", ""2022-07-15"", ""2022-07-16"", ""2022-07-17"", ""2022-07-18"", ""2022-07-19"", ""2022-07-22"", ""2022-07-23"", ""2022-07-24"", ""2022-07-25"", ""2022-07-26"", ""2022-07-27"", ""2022-07-28"", ""2022-07-29"", ""2022-07-30"", ""2022-07-31"", ""2022-08-01"", ""2022-08-02"", ""2022-08-03"", ""2022-08-04"", ""2022-08-05"", ""2022-08-06"", ""2022-08-07"", ""2022-08-08"", ""2022-08-09"", ""2022-08-10"", ""2022-08-11"", ""2022-08-12"", ""2022-08-13"", ""2022-08-14"", ""2022-08-15"", ""2022-08-16"", ""2022-08-17"", ""2022-08-18"", ""2022-08-19"", ""2022-08-20"", ""2022-08-21"", ""2022-08-22"", ""2022-08-23"", ""2022-08-24"", ""2022-08-25"", ""2022-08-26"", ""2022-08-27"", ""2022-08-28"", ""2022-08-29"", ""2022-08-30"", ""2022-08-31"", ""2022-09-01"", ""2022-09-02"", ""2022-09-03"", ""2022-09-04"", ""2022-09-05"", ""2022-09-06"", ""2022-09-07"", ""2022-09-08"", ""2022-09-09"", ""2022-09-10"", ""2022-09-11"", ""2022-09-12"", ""2022-09-13"", ""2022-09-14"", ""2022-09-15"", ""2022-09-16"", ""2022-09-17"", ""2022-09-18"", ""2022-09-19"", ""2022-09-20"", ""2022-09-21"", ""2022-09-22"", ""2022-09-23"", ""2022-09-24"", ""2022-09-25"", ""2022-09-26"", ""2022-09-27"", ""2022-09-28"", ""2025-05-01"", ""2025-05-02"", ""2025-05-03"", ""2025-05-04"", ""2025-05-05"", ""2025-05-06"", ""2025-05-07"", ""2025-05-08"", ""2025-05-09"", ""2025-05-10"", ""2025-05-11"", ""2025-05-12"", ""2025-05-13"", ""2025-05-14"", ""2025-05-15"", ""2025-05-16"", ""2025-05-17"", ""2025-05-18"", ""2025-05-19"", ""2025-05-20"", ""2025-05-21"", ""2025-05-22"", ""2025-05-23"", ""2025-05-24"", ""2025-05-25"", ""2025-05-26"", ""2025-05-27"", ""2025-05-28"", ""2025-05-29"", ""2025-05-30"", ""2025-05-31"", ""2025-06-01"", ""2025-06-02"", ""2025-06-03"", ""2025-06-04"", ""2025-06-05"", ""2025-06-06"", ""2025-06-07"", ""2025-06-08"", ""2025-06-09"", ""2025-06-10"", ""2025-06-11"", ""2025-06-12"", ""2025-06-13"", ""2025-06-14"", ""2025-06-15"", ""2025-06-16"", ""2025-06-17"", ""2025-06-18"", ""2025-06-19"", ""2025-06-20"", ""2025-06-21"", ""2025-06-22"", ""2025-06-23"", ""2025-06-24"", ""2025-06-25"", ""2025-06-26"", ""2025-06-27"", ""2025-06-28"", ""2025-06-29"", ""2025-06-30"", ""2025-07-01"", ""2025-07-02"", ""2025-07-03"", ""2025-07-04"", ""2025-07-05"", ""2025-07-06"", ""2025-07-07"", ""2025-07-08"", ""2025-07-09"", ""2025-07-10"", ""2025-07-11"", ""2025-07-12"", ""2025-07-13"", ""2025-07-14"", ""2025-07-15"", ""2025-07-16"", ""2025-07-17"", ""2025-07-18"", ""2025-07-19"", ""2025-07-20"", ""2025-07-21"", ""2025-07-22"", ""2025-07-23"", ""2025-07-24"", ""2025-07-25"", ""2025-07-26"", ""2025-07-27"", ""2025-07-28"", ""2025-07-29"", ""2026-01-08"", ""2026-01-09"", ""2026-01-10"", ""2026-01-11"", ""2026-01-12"", ""2026-01-13"", ""2026-01-14"", ""2026-01-15"", ""2026-01-16"", ""2026-01-17"", ""2026-01-18"", ""2026-01-19"", ""2026-01-20"", ""2026-01-21"", ""2026-01-22"", ""2026-01-23"", ""2026-01-24"", ""2026-01-25"", ""2026-01-26"", ""2026-01-27"", ""2026-01-28"", ""2026-01-29"", ""2026-01-30"", ""2026-01-31"", ""2026-02-01"", ""2026-02-02"", ""2026-02-03"", ""2026-02-04"", ""2026-02-05"", ""2026-02-06"", ""2026-02-07"", ""2026-02-08"", ""2026-02-09"", ""2026-02-10"", ""2026-02-11"", ""2026-02-12"", ""2026-02-13"", ""2026-02-14"", ""2026-02-15"", ""2026-02-16"", ""2026-02-17"", ""2026-02-18"", ""2026-02-19"", ""2026-02-20"", ""2026-02-21"", ""2026-02-22"", ""2026-02-23"", ""2026-02-24"", ""2026-02-25"", ""2026-02-26"", ""2026-02-27"", ""2026-02-28"", ""2026-03-01"", ""2026-03-02"", ""2026-03-03"", ""2026-03-04"", ""2026-03-05"", ""2026-03-06"", ""2026-03-07"", ""2026-03-08"", ""2026-03-09"", ""2026-03-10"", ""2026-03-11"", ""2026-03-12"", ""2026-03-13"", ""2026-03-14"", ""2026-03-15"", ""2026-03-16"", ""2026-03-17"", ""2026-03-18"", ""2026-03-19"", ""2026-03-20"", ""2026-03-21"", ""2026-03-22"", ""2026-03-23"", ""2026-03-24"", ""2026-03-25"", ""2026-03-26"", ""2026-03-27"", ""2026-03-28"", ""2026-03-29"", ""2026-03-30"", ""2026-03-31"", ""2026-04-01"", ""2026-04-02"", ""2026-04-03"", ""2026-04-04"", ""2026-04-05"", ""2026-04-06"", ""2026-04-07""]",,,,,0.5565019484474124,0.532746456055837,,
HG,per_fold,fold_1,2160.0,90.0,2020-07-01,2020-09-28,5.253924602538004,8.812990569592358,3.208235420275873,1.6041177101379365,5.177961128221587,0.07596347431641742,0.3751897244250987,4.264975100695117,3.8487421475544665,0.0,0.0,0.48148148148148145,1040.0,579.0,541.0,7.296703760870162,6.455306567772553,13.089380437717987,0.7824074074074074,1690.0,229.0,241.0,16.756396721996037,14.731031327824969,32.95858629449294,0.9337962962962963,2017.0,59.0,84.0,29.16498825829782,25.137013705131054,59.423401849198704,"[""2020-07-01"", ""2020-07-02"", ""2020-07-03"", ""2020-07-04"", ""2020-07-05"", ""2020-07-06"", ""2020-07-07"", ""2020-07-08"", ""2020-07-09"", ""2020-07-10"", ""2020-07-11"", ""2020-07-12"", ""2020-07-13"", ""2020-07-14"", ""2020-07-15"", ""2020-07-16"", ""2020-07-17"", ""2020-07-18"", ""2020-07-19"", ""2020-07-20"", ""2020-07-21"", ""2020-07-22"", ""2020-07-23"", ""2020-07-24"", ""2020-07-25"", ""2020-07-26"", ""2020-07-27"", ""2020-07-28"", ""2020-07-29"", ""2020-07-30"", ""2020-07-31"", ""2020-08-01"", ""2020-08-02"", ""2020-08-03"", ""2020-08-04"", ""2020-08-05"", ""2020-08-06"", ""2020-08-07"", ""2020-08-08"", ""2020-08-09"", ""2020-08-10"", ""2020-08-11"", ""2020-08-12"", ""2020-08-13"", ""2020-08-14"", ""2020-08-15"", ""2020-08-16"", ""2020-08-17"", ""2020-08-18"", ""2020-08-19"", ""2020-08-20"", ""2020-08-21"", ""2020-08-22"", ""2020-08-23"", ""2020-08-24"", ""2020-08-25"", ""2020-08-26"", ""2020-08-27"", ""2020-08-28"", ""2020-08-29"", ""2020-08-30"", ""2020-08-31"", ""2020-09-01"", ""2020-09-02"", ""2020-09-03"", ""2020-09-04"", ""2020-09-05"", ""2020-09-06"", ""2020-09-07"", ""2020-09-08"", ""2020-09-09"", ""2020-09-10"", ""2020-09-11"", ""2020-09-12"", ""2020-09-13"", ""2020-09-14"", ""2020-09-15"", ""2020-09-16"", ""2020-09-17"", ""2020-09-18"", ""2020-09-19"", ""2020-09-20"", ""2020-09-21"", ""2020-09-22"", ""2020-09-23"", ""2020-09-24"", ""2020-09-25"", ""2020-09-26"", ""2020-09-27"", ""2020-09-28""]",2020-07-01,2020-09-28,90.0,False,,,,
HG,per_fold,fold_2,2159.0,90.0,2021-04-01,2021-06-29,8.380965193656028,12.491775498487348,5.13448166723657,2.5672408336182846,8.469498783382372,-0.08853358972634334,1.0755348895923906,6.537363741937683,5.90449929346186,0.0,0.0,0.5257063455303381,1135.0,509.0,515.0,12.877203600236964,12.148352862978996,22.605869273882902,0.7999073645206114,1727.0,212.0,220.0,28.24302346230464,25.63728635471773,50.61430976495946,0.9351551644279759,2019.0,68.0,72.0,55.97013875145248,50.792718686471005,97.0129706202205,"[""2021-04-01"", ""2021-04-02"", ""2021-04-03"", ""2021-04-04"", ""2021-04-05"", ""2021-04-06"", ""2021-04-07"", ""2021-04-08"", ""2021-04-09"", ""2021-04-10"", ""2021-04-11"", ""2021-04-12"", ""2021-04-13"", ""2021-04-14"", ""2021-04-15"", ""2021-04-16"", ""2021-04-17"", ""2021-04-18"", ""2021-04-19"", ""2021-04-20"", ""2021-04-21"", ""2021-04-22"", ""2021-04-23"", ""2021-04-24"", ""2021-04-25"", ""2021-04-26"", ""2021-04-27"", ""2021-04-28"", ""2021-04-29"", ""2021-04-30"", ""2021-05-01"", ""2021-05-02"", ""2021-05-03"", ""2021-05-04"", ""2021-05-05"", ""2021-05-06"", ""2021-05-07"", ""2021-05-08"", ""2021-05-09"", ""2021-05-10"", ""2021-05-11"", ""2021-05-12"", ""2021-05-13"", ""2021-05-14"", ""2021-05-15"", ""2021-05-16"", ""2021-05-17"", ""2021-05-18"", ""2021-05-19"", ""2021-05-20"", ""2021-05-21"", ""2021-05-22"", ""2021-05-23"", ""2021-05-24"", ""2021-05-25"", ""2021-05-26"", ""2021-05-27"", ""2021-05-28"", ""2021-05-29"", ""2021-05-30"", ""2021-05-31"", ""2021-06-01"", ""2021-06-02"", ""2021-06-03"", ""2021-06-04"", ""2021-06-05"", ""2021-06-06"", ""2021-06-07"", ""2021-06-08"", ""2021-06-09"", ""2021-06-10"", ""2021-06-11"", ""2021-06-12"", ""2021-06-13"", ""2021-06-14"", ""2021-06-15"", ""2021-06-16"", ""2021-06-17"", ""2021-06-18"", ""2021-06-19"", ""2021-06-20"", ""2021-06-21"", ""2021-06-22"", ""2021-06-23"", ""2021-06-24"", ""2021-06-25"", ""2021-06-26"", ""2021-06-27"", ""2021-06-28"", ""2021-06-29""]",2021-04-01,2021-06-29,90.0,False,,,,
HG,per_fold,fold_3,2112.0,88.0,2022-07-01,2022-09-28,48.035385691213605,64.68671223507418,27.791822265728936,13.895911132864468,46.72045648768586,1.3149292035277576,7.42599385087807,40.063162493810864,30.809947729697658,0.0,0.0,0.47679924242424243,1007.0,582.0,523.0,70.75962852490777,68.69924596514329,105.72674065527919,0.7817234848484849,1651.0,241.0,220.0,154.9693193955931,150.63831120274614,228.54792426596586,0.9360795454545454,1977.0,62.0,73.0,272.8984528212783,258.73539304931705,420.30683806917574,"[""2022-07-01"", ""2022-07-02"", ""2022-07-03"", ""2022-07-04"", ""2022-07-05"", ""2022-07-06"", ""2022-07-07"", ""2022-07-08"", ""2022-07-09"", ""2022-07-10"", ""2022-07-11"", ""2022-07-12"", ""2022-07-13"", ""2022-07-14"", ""2022-07-15"", ""2022-07-16"", ""2022-07-17"", ""2022-07-18"", ""2022-07-19"", ""2022-07-22"", ""2022-07-23"", ""2022-07-24"", ""2022-07-25"", ""2022-07-26"", ""2022-07-27"", ""2022-07-28"", ""2022-07-29"", ""2022-07-30"", ""2022-07-31"", ""2022-08-01"", ""2022-08-02"", ""2022-08-03"", ""2022-08-04"", ""2022-08-05"", ""2022-08-06"", ""2022-08-07"", ""2022-08-08"", ""2022-08-09"", ""2022-08-10"", ""2022-08-11"", ""2022-08-12"", ""2022-08-13"", ""2022-08-14"", ""2022-08-15"", ""2022-08-16"", ""2022-08-17"", ""2022-08-18"", ""2022-08-19"", ""2022-08-20"", ""2022-08-21"", ""2022-08-22"", ""2022-08-23"", ""2022-08-24"", ""2022-08-25"", ""2022-08-26"", ""2022-08-27"", ""2022-08-28"", ""2022-08-29"", ""2022-08-30"", ""2022-08-31"", ""2022-09-01"", ""2022-09-02"", ""2022-09-03"", ""2022-09-04"", ""2022-09-05"", ""2022-09-06"", ""2022-09-07"", ""2022-09-08"", ""2022-09-09"", ""2022-09-10"", ""2022-09-11"", ""2022-09-12"", ""2022-09-13"", ""2022-09-14"", ""2022-09-15"", ""2022-09-16"", ""2022-09-17"", ""2022-09-18"", ""2022-09-19"", ""2022-09-20"", ""2022-09-21"", ""2022-09-22"", ""2022-09-23"", ""2022-09-24"", ""2022-09-25"", ""2022-09-26"", ""2022-09-27"", ""2022-09-28""]",2022-07-01,2022-09-28,90.0,True,,,,
HG,per_fold,fold_4,2160.0,90.0,2025-05-01,2025-07-29,14.636119694466323,22.036093250538748,8.517781550107456,4.258890775053728,14.620590740313636,0.015528954152683962,-0.1757680630979138,8.515927172535417,13.009494156840224,0.0,0.0,0.4777777777777778,1032.0,551.0,577.0,21.28499940626349,21.078888461511077,32.94855597701228,0.7805555555555556,1686.0,231.0,243.0,43.48491685232683,43.067824616836944,65.71760320916921,0.9324074074074075,2014.0,70.0,76.0,76.32844781427708,74.90059259149916,113.41524749706849,"[""2025-05-01"", ""2025-05-02"", ""2025-05-03"", ""2025-05-04"", ""2025-05-05"", ""2025-05-06"", ""2025-05-07"", ""2025-05-08"", ""2025-05-09"", ""2025-05-10"", ""2025-05-11"", ""2025-05-12"", ""2025-05-13"", ""2025-05-14"", ""2025-05-15"", ""2025-05-16"", ""2025-05-17"", ""2025-05-18"", ""2025-05-19"", ""2025-05-20"", ""2025-05-21"", ""2025-05-22"", ""2025-05-23"", ""2025-05-24"", ""2025-05-25"", ""2025-05-26"", ""2025-05-27"", ""2025-05-28"", ""2025-05-29"", ""2025-05-30"", ""2025-05-31"", ""2025-06-01"", ""2025-06-02"", ""2025-06-03"", ""2025-06-04"", ""2025-06-05"", ""2025-06-06"", ""2025-06-07"", ""2025-06-08"", ""2025-06-09"", ""2025-06-10"", ""2025-06-11"", ""2025-06-12"", ""2025-06-13"", ""2025-06-14"", ""2025-06-15"", ""2025-06-16"", ""2025-06-17"", ""2025-06-18"", ""2025-06-19"", ""2025-06-20"", ""2025-06-21"", ""2025-06-22"", ""2025-06-23"", ""2025-06-24"", ""2025-06-25"", ""2025-06-26"", ""2025-06-27"", ""2025-06-28"", ""2025-06-29"", ""2025-06-30"", ""2025-07-01"", ""2025-07-02"", ""2025-07-03"", ""2025-07-04"", ""2025-07-05"", ""2025-07-06"", ""2025-07-07"", ""2025-07-08"", ""2025-07-09"", ""2025-07-10"", ""2025-07-11"", ""2025-07-12"", ""2025-07-13"", ""2025-07-14"", ""2025-07-15"", ""2025-07-16"", ""2025-07-17"", ""2025-07-18"", ""2025-07-19"", ""2025-07-20"", ""2025-07-21"", ""2025-07-22"", ""2025-07-23"", ""2025-07-24"", ""2025-07-25"", ""2025-07-26"", ""2025-07-27"", ""2025-07-28"", ""2025-07-29""]",2025-05-01,2025-07-29,90.0,False,,,,
HG,per_fold,fold_5,2156.0,90.0,2026-01-08,2026-04-07,15.640309999597784,22.420935792747507,9.052235002444618,4.526117501222309,15.450216493094704,0.1900935065030809,-0.9036928602354997,11.65347368353121,11.997866890216143,0.0,0.0,0.5064935064935064,1092.0,526.0,538.0,24.452943576680283,24.68810336300539,41.27301483296195,0.812152133580705,1751.0,199.0,206.0,52.69165865651718,54.41974460842144,86.87369815715405,0.950834879406308,2050.0,44.0,62.0,100.5255684590993,100.79273155048614,170.85470083779845,"[""2026-01-08"", ""2026-01-09"", ""2026-01-10"", ""2026-01-11"", ""2026-01-12"", ""2026-01-13"", ""2026-01-14"", ""2026-01-15"", ""2026-01-16"", ""2026-01-17"", ""2026-01-18"", ""2026-01-19"", ""2026-01-20"", ""2026-01-21"", ""2026-01-22"", ""2026-01-23"", ""2026-01-24"", ""2026-01-25"", ""2026-01-26"", ""2026-01-27"", ""2026-01-28"", ""2026-01-29"", ""2026-01-30"", ""2026-01-31"", ""2026-02-01"", ""2026-02-02"", ""2026-02-03"", ""2026-02-04"", ""2026-02-05"", ""2026-02-06"", ""2026-02-07"", ""2026-02-08"", ""2026-02-09"", ""2026-02-10"", ""2026-02-11"", ""2026-02-12"", ""2026-02-13"", ""2026-02-14"", ""2026-02-15"", ""2026-02-16"", ""2026-02-17"", ""2026-02-18"", ""2026-02-19"", ""2026-02-20"", ""2026-02-21"", ""2026-02-22"", ""2026-02-23"", ""2026-02-24"", ""2026-02-25"", ""2026-02-26"", ""2026-02-27"", ""2026-02-28"", ""2026-03-01"", ""2026-03-02"", ""2026-03-03"", ""2026-03-04"", ""2026-03-05"", ""2026-03-06"", ""2026-03-07"", ""2026-03-08"", ""2026-03-09"", ""2026-03-10"", ""2026-03-11"", ""2026-03-12"", ""2026-03-13"", ""2026-03-14"", ""2026-03-15"", ""2026-03-16"", ""2026-03-17"", ""2026-03-18"", ""2026-03-19"", ""2026-03-20"", ""2026-03-21"", ""2026-03-22"", ""2026-03-23"", ""2026-03-24"", ""2026-03-25"", ""2026-03-26"", ""2026-03-27"", ""2026-03-28"", ""2026-03-29"", ""2026-03-30"", ""2026-03-31"", ""2026-04-01"", ""2026-04-02"", ""2026-04-03"", ""2026-04-04"", ""2026-04-05"", ""2026-04-06"", ""2026-04-07""]",2026-01-08,2026-04-07,90.0,False,,,,
HGL,pooled,all,10747.0,448.0,2020-07-01,2026-04-07,17.549693593320555,31.492300619031436,10.23606326165729,5.118031630828645,17.244508915666433,0.3051846776541193,1.3919681960688854,13.72704969470394,12.171382753413619,0.0,0.0,0.496138457243882,5332.0,2735.0,2680.0,26.328242357115077,16.842169484914876,84.72064410701334,0.7904531497161998,8495.0,1107.0,1145.0,56.139984005350115,36.22894871819814,180.00664036810116,0.9392388573555411,10094.0,312.0,341.0,101.91577182718189,70.10464582964495,307.60619151940045,"[""2020-07-01"", ""2020-07-02"", ""2020-07-03"", ""2020-07-04"", ""2020-07-05"", ""2020-07-06"", ""2020-07-07"", ""2020-07-08"", ""2020-07-09"", ""2020-07-10"", ""2020-07-11"", ""2020-07-12"", ""2020-07-13"", ""2020-07-14"", ""2020-07-15"", ""2020-07-16"", ""2020-07-17"", ""2020-07-18"", ""2020-07-19"", ""2020-07-20"", ""2020-07-21"", ""2020-07-22"", ""2020-07-23"", ""2020-07-24"", ""2020-07-25"", ""2020-07-26"", ""2020-07-27"", ""2020-07-28"", ""2020-07-29"", ""2020-07-30"", ""2020-07-31"", ""2020-08-01"", ""2020-08-02"", ""2020-08-03"", ""2020-08-04"", ""2020-08-05"", ""2020-08-06"", ""2020-08-07"", ""2020-08-08"", ""2020-08-09"", ""2020-08-10"", ""2020-08-11"", ""2020-08-12"", ""2020-08-13"", ""2020-08-14"", ""2020-08-15"", ""2020-08-16"", ""2020-08-17"", ""2020-08-18"", ""2020-08-19"", ""2020-08-20"", ""2020-08-21"", ""2020-08-22"", ""2020-08-23"", ""2020-08-24"", ""2020-08-25"", ""2020-08-26"", ""2020-08-27"", ""2020-08-28"", ""2020-08-29"", ""2020-08-30"", ""2020-08-31"", ""2020-09-01"", ""2020-09-02"", ""2020-09-03"", ""2020-09-04"", ""2020-09-05"", ""2020-09-06"", ""2020-09-07"", ""2020-09-08"", ""2020-09-09"", ""2020-09-10"", ""2020-09-11"", ""2020-09-12"", ""2020-09-13"", ""2020-09-14"", ""2020-09-15"", ""2020-09-16"", ""2020-09-17"", ""2020-09-18"", ""2020-09-19"", ""2020-09-20"", ""2020-09-21"", ""2020-09-22"", ""2020-09-23"", ""2020-09-24"", ""2020-09-25"", ""2020-09-26"", ""2020-09-27"", ""2020-09-28"", ""2021-04-01"", ""2021-04-02"", ""2021-04-03"", ""2021-04-04"", ""2021-04-05"", ""2021-04-06"", ""2021-04-07"", ""2021-04-08"", ""2021-04-09"", ""2021-04-10"", ""2021-04-11"", ""2021-04-12"", ""2021-04-13"", ""2021-04-14"", ""2021-04-15"", ""2021-04-16"", ""2021-04-17"", ""2021-04-18"", ""2021-04-19"", ""2021-04-20"", ""2021-04-21"", ""2021-04-22"", ""2021-04-23"", ""2021-04-24"", ""2021-04-25"", ""2021-04-26"", ""2021-04-27"", ""2021-04-28"", ""2021-04-29"", ""2021-04-30"", ""2021-05-01"", ""2021-05-02"", ""2021-05-03"", ""2021-05-04"", ""2021-05-05"", ""2021-05-06"", ""2021-05-07"", ""2021-05-08"", ""2021-05-09"", ""2021-05-10"", ""2021-05-11"", ""2021-05-12"", ""2021-05-13"", ""2021-05-14"", ""2021-05-15"", ""2021-05-16"", ""2021-05-17"", ""2021-05-18"", ""2021-05-19"", ""2021-05-20"", ""2021-05-21"", ""2021-05-22"", ""2021-05-23"", ""2021-05-24"", ""2021-05-25"", ""2021-05-26"", ""2021-05-27"", ""2021-05-28"", ""2021-05-29"", ""2021-05-30"", ""2021-05-31"", ""2021-06-01"", ""2021-06-02"", ""2021-06-03"", ""2021-06-04"", ""2021-06-05"", ""2021-06-06"", ""2021-06-07"", ""2021-06-08"", ""2021-06-09"", ""2021-06-10"", ""2021-06-11"", ""2021-06-12"", ""2021-06-13"", ""2021-06-14"", ""2021-06-15"", ""2021-06-16"", ""2021-06-17"", ""2021-06-18"", ""2021-06-19"", ""2021-06-20"", ""2021-06-21"", ""2021-06-22"", ""2021-06-23"", ""2021-06-24"", ""2021-06-25"", ""2021-06-26"", ""2021-06-27"", ""2021-06-28"", ""2021-06-29"", ""2022-07-01"", ""2022-07-02"", ""2022-07-03"", ""2022-07-04"", ""2022-07-05"", ""2022-07-06"", ""2022-07-07"", ""2022-07-08"", ""2022-07-09"", ""2022-07-10"", ""2022-07-11"", ""2022-07-12"", ""2022-07-13"", ""2022-07-14"", ""2022-07-15"", ""2022-07-16"", ""2022-07-17"", ""2022-07-18"", ""2022-07-19"", ""2022-07-22"", ""2022-07-23"", ""2022-07-24"", ""2022-07-25"", ""2022-07-26"", ""2022-07-27"", ""2022-07-28"", ""2022-07-29"", ""2022-07-30"", ""2022-07-31"", ""2022-08-01"", ""2022-08-02"", ""2022-08-03"", ""2022-08-04"", ""2022-08-05"", ""2022-08-06"", ""2022-08-07"", ""2022-08-08"", ""2022-08-09"", ""2022-08-10"", ""2022-08-11"", ""2022-08-12"", ""2022-08-13"", ""2022-08-14"", ""2022-08-15"", ""2022-08-16"", ""2022-08-17"", ""2022-08-18"", ""2022-08-19"", ""2022-08-20"", ""2022-08-21"", ""2022-08-22"", ""2022-08-23"", ""2022-08-24"", ""2022-08-25"", ""2022-08-26"", ""2022-08-27"", ""2022-08-28"", ""2022-08-29"", ""2022-08-30"", ""2022-08-31"", ""2022-09-01"", ""2022-09-02"", ""2022-09-03"", ""2022-09-04"", ""2022-09-05"", ""2022-09-06"", ""2022-09-07"", ""2022-09-08"", ""2022-09-09"", ""2022-09-10"", ""2022-09-11"", ""2022-09-12"", ""2022-09-13"", ""2022-09-14"", ""2022-09-15"", ""2022-09-16"", ""2022-09-17"", ""2022-09-18"", ""2022-09-19"", ""2022-09-20"", ""2022-09-21"", ""2022-09-22"", ""2022-09-23"", ""2022-09-24"", ""2022-09-25"", ""2022-09-26"", ""2022-09-27"", ""2022-09-28"", ""2025-05-01"", ""2025-05-02"", ""2025-05-03"", ""2025-05-04"", ""2025-05-05"", ""2025-05-06"", ""2025-05-07"", ""2025-05-08"", ""2025-05-09"", ""2025-05-10"", ""2025-05-11"", ""2025-05-12"", ""2025-05-13"", ""2025-05-14"", ""2025-05-15"", ""2025-05-16"", ""2025-05-17"", ""2025-05-18"", ""2025-05-19"", ""2025-05-20"", ""2025-05-21"", ""2025-05-22"", ""2025-05-23"", ""2025-05-24"", ""2025-05-25"", ""2025-05-26"", ""2025-05-27"", ""2025-05-28"", ""2025-05-29"", ""2025-05-30"", ""2025-05-31"", ""2025-06-01"", ""2025-06-02"", ""2025-06-03"", ""2025-06-04"", ""2025-06-05"", ""2025-06-06"", ""2025-06-07"", ""2025-06-08"", ""2025-06-09"", ""2025-06-10"", ""2025-06-11"", ""2025-06-12"", ""2025-06-13"", ""2025-06-14"", ""2025-06-15"", ""2025-06-16"", ""2025-06-17"", ""2025-06-18"", ""2025-06-19"", ""2025-06-20"", ""2025-06-21"", ""2025-06-22"", ""2025-06-23"", ""2025-06-24"", ""2025-06-25"", ""2025-06-26"", ""2025-06-27"", ""2025-06-28"", ""2025-06-29"", ""2025-06-30"", ""2025-07-01"", ""2025-07-02"", ""2025-07-03"", ""2025-07-04"", ""2025-07-05"", ""2025-07-06"", ""2025-07-07"", ""2025-07-08"", ""2025-07-09"", ""2025-07-10"", ""2025-07-11"", ""2025-07-12"", ""2025-07-13"", ""2025-07-14"", ""2025-07-15"", ""2025-07-16"", ""2025-07-17"", ""2025-07-18"", ""2025-07-19"", ""2025-07-20"", ""2025-07-21"", ""2025-07-22"", ""2025-07-23"", ""2025-07-24"", ""2025-07-25"", ""2025-07-26"", ""2025-07-27"", ""2025-07-28"", ""2025-07-29"", ""2026-01-08"", ""2026-01-09"", ""2026-01-10"", ""2026-01-11"", ""2026-01-12"", ""2026-01-13"", ""2026-01-14"", ""2026-01-15"", ""2026-01-16"", ""2026-01-17"", ""2026-01-18"", ""2026-01-19"", ""2026-01-20"", ""2026-01-21"", ""2026-01-22"", ""2026-01-23"", ""2026-01-24"", ""2026-01-25"", ""2026-01-26"", ""2026-01-27"", ""2026-01-28"", ""2026-01-29"", ""2026-01-30"", ""2026-01-31"", ""2026-02-01"", ""2026-02-02"", ""2026-02-03"", ""2026-02-04"", ""2026-02-05"", ""2026-02-06"", ""2026-02-07"", ""2026-02-08"", ""2026-02-09"", ""2026-02-10"", ""2026-02-11"", ""2026-02-12"", ""2026-02-13"", ""2026-02-14"", ""2026-02-15"", ""2026-02-16"", ""2026-02-17"", ""2026-02-18"", ""2026-02-19"", ""2026-02-20"", ""2026-02-21"", ""2026-02-22"", ""2026-02-23"", ""2026-02-24"", ""2026-02-25"", ""2026-02-26"", ""2026-02-27"", ""2026-02-28"", ""2026-03-01"", ""2026-03-02"", ""2026-03-03"", ""2026-03-04"", ""2026-03-05"", ""2026-03-06"", ""2026-03-07"", ""2026-03-08"", ""2026-03-09"", ""2026-03-10"", ""2026-03-11"", ""2026-03-12"", ""2026-03-13"", ""2026-03-14"", ""2026-03-15"", ""2026-03-16"", ""2026-03-17"", ""2026-03-18"", ""2026-03-19"", ""2026-03-20"", ""2026-03-21"", ""2026-03-22"", ""2026-03-23"", ""2026-03-24"", ""2026-03-25"", ""2026-03-26"", ""2026-03-27"", ""2026-03-28"", ""2026-03-29"", ""2026-03-30"", ""2026-03-31"", ""2026-04-01"", ""2026-04-02"", ""2026-04-03"", ""2026-04-04"", ""2026-04-05"", ""2026-04-06"", ""2026-04-07""]",,,,,0.5348869009055178,0.5112764464414862,,
HGL,per_fold,fold_1,2160.0,90.0,2020-07-01,2020-09-28,4.930960509642647,8.35417673460615,3.017880239754553,1.5089401198772765,4.83286334481717,0.0980971648254772,0.4047026711089483,4.049573653831344,3.5887970330801435,0.0,0.0,0.4828703703703704,1043.0,581.0,536.0,6.874937787989925,5.988930188795814,12.802970699738594,0.7851851851851852,1696.0,222.0,242.0,15.705021658869596,13.681518604119251,30.80383292538368,0.9375,2025.0,59.0,76.0,27.75536387606643,23.76748473471467,56.25937474915783,"[""2020-07-01"", ""2020-07-02"", ""2020-07-03"", ""2020-07-04"", ""2020-07-05"", ""2020-07-06"", ""2020-07-07"", ""2020-07-08"", ""2020-07-09"", ""2020-07-10"", ""2020-07-11"", ""2020-07-12"", ""2020-07-13"", ""2020-07-14"", ""2020-07-15"", ""2020-07-16"", ""2020-07-17"", ""2020-07-18"", ""2020-07-19"", ""2020-07-20"", ""2020-07-21"", ""2020-07-22"", ""2020-07-23"", ""2020-07-24"", ""2020-07-25"", ""2020-07-26"", ""2020-07-27"", ""2020-07-28"", ""2020-07-29"", ""2020-07-30"", ""2020-07-31"", ""2020-08-01"", ""2020-08-02"", ""2020-08-03"", ""2020-08-04"", ""2020-08-05"", ""2020-08-06"", ""2020-08-07"", ""2020-08-08"", ""2020-08-09"", ""2020-08-10"", ""2020-08-11"", ""2020-08-12"", ""2020-08-13"", ""2020-08-14"", ""2020-08-15"", ""2020-08-16"", ""2020-08-17"", ""2020-08-18"", ""2020-08-19"", ""2020-08-20"", ""2020-08-21"", ""2020-08-22"", ""2020-08-23"", ""2020-08-24"", ""2020-08-25"", ""2020-08-26"", ""2020-08-27"", ""2020-08-28"", ""2020-08-29"", ""2020-08-30"", ""2020-08-31"", ""2020-09-01"", ""2020-09-02"", ""2020-09-03"", ""2020-09-04"", ""2020-09-05"", ""2020-09-06"", ""2020-09-07"", ""2020-09-08"", ""2020-09-09"", ""2020-09-10"", ""2020-09-11"", ""2020-09-12"", ""2020-09-13"", ""2020-09-14"", ""2020-09-15"", ""2020-09-16"", ""2020-09-17"", ""2020-09-18"", ""2020-09-19"", ""2020-09-20"", ""2020-09-21"", ""2020-09-22"", ""2020-09-23"", ""2020-09-24"", ""2020-09-25"", ""2020-09-26"", ""2020-09-27"", ""2020-09-28""]",2020-07-01,2020-09-28,90.0,False,,,,
HGL,per_fold,fold_2,2159.0,90.0,2021-04-01,2021-06-29,7.713016585113509,11.720601147423242,4.786404255399961,2.3932021276999804,7.844646507535272,-0.13162992242176316,1.2780375814873615,6.034702376644601,5.458694012001877,0.0,0.0,0.5312644742936544,1147.0,487.0,525.0,11.688632669401864,10.9187339665326,20.886207468784807,0.8054654932839277,1739.0,199.0,221.0,26.2336679082416,23.871565878331793,47.14950398067498,0.9402501157943493,2030.0,65.0,64.0,53.97505103560987,48.71422079584749,94.82933505700517,"[""2021-04-01"", ""2021-04-02"", ""2021-04-03"", ""2021-04-04"", ""2021-04-05"", ""2021-04-06"", ""2021-04-07"", ""2021-04-08"", ""2021-04-09"", ""2021-04-10"", ""2021-04-11"", ""2021-04-12"", ""2021-04-13"", ""2021-04-14"", ""2021-04-15"", ""2021-04-16"", ""2021-04-17"", ""2021-04-18"", ""2021-04-19"", ""2021-04-20"", ""2021-04-21"", ""2021-04-22"", ""2021-04-23"", ""2021-04-24"", ""2021-04-25"", ""2021-04-26"", ""2021-04-27"", ""2021-04-28"", ""2021-04-29"", ""2021-04-30"", ""2021-05-01"", ""2021-05-02"", ""2021-05-03"", ""2021-05-04"", ""2021-05-05"", ""2021-05-06"", ""2021-05-07"", ""2021-05-08"", ""2021-05-09"", ""2021-05-10"", ""2021-05-11"", ""2021-05-12"", ""2021-05-13"", ""2021-05-14"", ""2021-05-15"", ""2021-05-16"", ""2021-05-17"", ""2021-05-18"", ""2021-05-19"", ""2021-05-20"", ""2021-05-21"", ""2021-05-22"", ""2021-05-23"", ""2021-05-24"", ""2021-05-25"", ""2021-05-26"", ""2021-05-27"", ""2021-05-28"", ""2021-05-29"", ""2021-05-30"", ""2021-05-31"", ""2021-06-01"", ""2021-06-02"", ""2021-06-03"", ""2021-06-04"", ""2021-06-05"", ""2021-06-06"", ""2021-06-07"", ""2021-06-08"", ""2021-06-09"", ""2021-06-10"", ""2021-06-11"", ""2021-06-12"", ""2021-06-13"", ""2021-06-14"", ""2021-06-15"", ""2021-06-16"", ""2021-06-17"", ""2021-06-18"", ""2021-06-19"", ""2021-06-20"", ""2021-06-21"", ""2021-06-22"", ""2021-06-23"", ""2021-06-24"", ""2021-06-25"", ""2021-06-26"", ""2021-06-27"", ""2021-06-28"", ""2021-06-29""]",2021-04-01,2021-06-29,90.0,False,,,,
HGL,per_fold,fold_3,2112.0,88.0,2022-07-01,2022-09-28,47.02773874828664,62.51338338405236,27.01096309573922,13.50548154786961,45.85877868309296,1.1689600651936802,6.6202946132040195,39.80259908311948,28.929546119270217,0.0,0.0,0.48011363636363635,1014.0,598.0,500.0,70.81534159693744,67.88101809542195,109.78709103721438,0.775094696969697,1637.0,255.0,220.0,150.88570640796237,143.4510818413042,231.4811250164417,0.9332386363636364,1971.0,73.0,68.0,261.7259043751833,246.15764766223208,405.97469043393187,"[""2022-07-01"", ""2022-07-02"", ""2022-07-03"", ""2022-07-04"", ""2022-07-05"", ""2022-07-06"", ""2022-07-07"", ""2022-07-08"", ""2022-07-09"", ""2022-07-10"", ""2022-07-11"", ""2022-07-12"", ""2022-07-13"", ""2022-07-14"", ""2022-07-15"", ""2022-07-16"", ""2022-07-17"", ""2022-07-18"", ""2022-07-19"", ""2022-07-22"", ""2022-07-23"", ""2022-07-24"", ""2022-07-25"", ""2022-07-26"", ""2022-07-27"", ""2022-07-28"", ""2022-07-29"", ""2022-07-30"", ""2022-07-31"", ""2022-08-01"", ""2022-08-02"", ""2022-08-03"", ""2022-08-04"", ""2022-08-05"", ""2022-08-06"", ""2022-08-07"", ""2022-08-08"", ""2022-08-09"", ""2022-08-10"", ""2022-08-11"", ""2022-08-12"", ""2022-08-13"", ""2022-08-14"", ""2022-08-15"", ""2022-08-16"", ""2022-08-17"", ""2022-08-18"", ""2022-08-19"", ""2022-08-20"", ""2022-08-21"", ""2022-08-22"", ""2022-08-23"", ""2022-08-24"", ""2022-08-25"", ""2022-08-26"", ""2022-08-27"", ""2022-08-28"", ""2022-08-29"", ""2022-08-30"", ""2022-08-31"", ""2022-09-01"", ""2022-09-02"", ""2022-09-03"", ""2022-09-04"", ""2022-09-05"", ""2022-09-06"", ""2022-09-07"", ""2022-09-08"", ""2022-09-09"", ""2022-09-10"", ""2022-09-11"", ""2022-09-12"", ""2022-09-13"", ""2022-09-14"", ""2022-09-15"", ""2022-09-16"", ""2022-09-17"", ""2022-09-18"", ""2022-09-19"", ""2022-09-20"", ""2022-09-21"", ""2022-09-22"", ""2022-09-23"", ""2022-09-24"", ""2022-09-25"", ""2022-09-26"", ""2022-09-27"", ""2022-09-28""]",2022-07-01,2022-09-28,90.0,True,,,,
HGL,per_fold,fold_4,2160.0,90.0,2025-05-01,2025-07-29,13.772374557966877,21.172808936315068,8.046634538327039,4.0233172691635195,13.610595534854177,0.16177902311269948,-0.23109922116107867,8.183675355813552,12.05563456459346,0.0,0.0,0.4828703703703704,1043.0,527.0,590.0,20.14922369783441,20.30191026728038,31.32101831864657,0.7828703703703703,1691.0,219.0,250.0,40.46711942051263,39.84140217422841,60.74508725793375,0.9337962962962963,2017.0,68.0,75.0,73.33411278392028,71.70553815438896,109.73080183837222,"[""2025-05-01"", ""2025-05-02"", ""2025-05-03"", ""2025-05-04"", ""2025-05-05"", ""2025-05-06"", ""2025-05-07"", ""2025-05-08"", ""2025-05-09"", ""2025-05-10"", ""2025-05-11"", ""2025-05-12"", ""2025-05-13"", ""2025-05-14"", ""2025-05-15"", ""2025-05-16"", ""2025-05-17"", ""2025-05-18"", ""2025-05-19"", ""2025-05-20"", ""2025-05-21"", ""2025-05-22"", ""2025-05-23"", ""2025-05-24"", ""2025-05-25"", ""2025-05-26"", ""2025-05-27"", ""2025-05-28"", ""2025-05-29"", ""2025-05-30"", ""2025-05-31"", ""2025-06-01"", ""2025-06-02"", ""2025-06-03"", ""2025-06-04"", ""2025-06-05"", ""2025-06-06"", ""2025-06-07"", ""2025-06-08"", ""2025-06-09"", ""2025-06-10"", ""2025-06-11"", ""2025-06-12"", ""2025-06-13"", ""2025-06-14"", ""2025-06-15"", ""2025-06-16"", ""2025-06-17"", ""2025-06-18"", ""2025-06-19"", ""2025-06-20"", ""2025-06-21"", ""2025-06-22"", ""2025-06-23"", ""2025-06-24"", ""2025-06-25"", ""2025-06-26"", ""2025-06-27"", ""2025-06-28"", ""2025-06-29"", ""2025-06-30"", ""2025-07-01"", ""2025-07-02"", ""2025-07-03"", ""2025-07-04"", ""2025-07-05"", ""2025-07-06"", ""2025-07-07"", ""2025-07-08"", ""2025-07-09"", ""2025-07-10"", ""2025-07-11"", ""2025-07-12"", ""2025-07-13"", ""2025-07-14"", ""2025-07-15"", ""2025-07-16"", ""2025-07-17"", ""2025-07-18"", ""2025-07-19"", ""2025-07-20"", ""2025-07-21"", ""2025-07-22"", ""2025-07-23"", ""2025-07-24"", ""2025-07-25"", ""2025-07-26"", ""2025-07-27"", ""2025-07-28"", ""2025-07-29""]",2025-05-01,2025-07-29,90.0,False,,,,
HGL,per_fold,fold_5,2156.0,90.0,2026-01-08,2026-04-07,14.950077113978647,21.42126070880626,8.685815912228607,4.342907956114304,14.702473909144745,0.24760320483390202,-1.0003926763697557,11.144154657186636,11.19172375888239,0.0,0.0,0.5032467532467533,1085.0,542.0,529.0,23.08890186297059,23.64942347344676,39.126205045162266,0.8033395176252319,1732.0,212.0,212.0,49.487700568887796,50.3491285796764,81.77106119382375,0.9512987012987013,2051.0,47.0,58.0,96.30718228890706,96.93222802404625,160.11653915543695,"[""2026-01-08"", ""2026-01-09"", ""2026-01-10"", ""2026-01-11"", ""2026-01-12"", ""2026-01-13"", ""2026-01-14"", ""2026-01-15"", ""2026-01-16"", ""2026-01-17"", ""2026-01-18"", ""2026-01-19"", ""2026-01-20"", ""2026-01-21"", ""2026-01-22"", ""2026-01-23"", ""2026-01-24"", ""2026-01-25"", ""2026-01-26"", ""2026-01-27"", ""2026-01-28"", ""2026-01-29"", ""2026-01-30"", ""2026-01-31"", ""2026-02-01"", ""2026-02-02"", ""2026-02-03"", ""2026-02-04"", ""2026-02-05"", ""2026-02-06"", ""2026-02-07"", ""2026-02-08"", ""2026-02-09"", ""2026-02-10"", ""2026-02-11"", ""2026-02-12"", ""2026-02-13"", ""2026-02-14"", ""2026-02-15"", ""2026-02-16"", ""2026-02-17"", ""2026-02-18"", ""2026-02-19"", ""2026-02-20"", ""2026-02-21"", ""2026-02-22"", ""2026-02-23"", ""2026-02-24"", ""2026-02-25"", ""2026-02-26"", ""2026-02-27"", ""2026-02-28"", ""2026-03-01"", ""2026-03-02"", ""2026-03-03"", ""2026-03-04"", ""2026-03-05"", ""2026-03-06"", ""2026-03-07"", ""2026-03-08"", ""2026-03-09"", ""2026-03-10"", ""2026-03-11"", ""2026-03-12"", ""2026-03-13"", ""2026-03-14"", ""2026-03-15"", ""2026-03-16"", ""2026-03-17"", ""2026-03-18"", ""2026-03-19"", ""2026-03-20"", ""2026-03-21"", ""2026-03-22"", ""2026-03-23"", ""2026-03-24"", ""2026-03-25"", ""2026-03-26"", ""2026-03-27"", ""2026-03-28"", ""2026-03-29"", ""2026-03-30"", ""2026-03-31"", ""2026-04-01"", ""2026-04-02"", ""2026-04-03"", ""2026-04-04"", ""2026-04-05"", ""2026-04-06"", ""2026-04-07""]",2026-01-08,2026-04-07,90.0,False,,,,
D,pooled,all,10747.0,448.0,2020-07-01,2026-04-07,21.201807872320035,38.828146042004214,11.846758348542732,5.923379174271368,21.201807872320035,0.0,-0.6793890237317018,16.82795473876004,13.457237947971995,0.0,0.0,0.44096026798176235,4739.0,2809.0,3199.0,29.951340420600527,16.436854523843195,92.67434913103857,0.7430910951893551,7986.0,1321.0,1440.0,61.31805969820341,32.723209065711956,189.82793344931872,0.9254675723457709,9946.0,435.0,366.0,109.18388288170718,54.29093758211435,332.7464276293356,"[""2020-07-01"", ""2020-07-02"", ""2020-07-03"", ""2020-07-04"", ""2020-07-05"", ""2020-07-06"", ""2020-07-07"", ""2020-07-08"", ""2020-07-09"", ""2020-07-10"", ""2020-07-11"", ""2020-07-12"", ""2020-07-13"", ""2020-07-14"", ""2020-07-15"", ""2020-07-16"", ""2020-07-17"", ""2020-07-18"", ""2020-07-19"", ""2020-07-20"", ""2020-07-21"", ""2020-07-22"", ""2020-07-23"", ""2020-07-24"", ""2020-07-25"", ""2020-07-26"", ""2020-07-27"", ""2020-07-28"", ""2020-07-29"", ""2020-07-30"", ""2020-07-31"", ""2020-08-01"", ""2020-08-02"", ""2020-08-03"", ""2020-08-04"", ""2020-08-05"", ""2020-08-06"", ""2020-08-07"", ""2020-08-08"", ""2020-08-09"", ""2020-08-10"", ""2020-08-11"", ""2020-08-12"", ""2020-08-13"", ""2020-08-14"", ""2020-08-15"", ""2020-08-16"", ""2020-08-17"", ""2020-08-18"", ""2020-08-19"", ""2020-08-20"", ""2020-08-21"", ""2020-08-22"", ""2020-08-23"", ""2020-08-24"", ""2020-08-25"", ""2020-08-26"", ""2020-08-27"", ""2020-08-28"", ""2020-08-29"", ""2020-08-30"", ""2020-08-31"", ""2020-09-01"", ""2020-09-02"", ""2020-09-03"", ""2020-09-04"", ""2020-09-05"", ""2020-09-06"", ""2020-09-07"", ""2020-09-08"", ""2020-09-09"", ""2020-09-10"", ""2020-09-11"", ""2020-09-12"", ""2020-09-13"", ""2020-09-14"", ""2020-09-15"", ""2020-09-16"", ""2020-09-17"", ""2020-09-18"", ""2020-09-19"", ""2020-09-20"", ""2020-09-21"", ""2020-09-22"", ""2020-09-23"", ""2020-09-24"", ""2020-09-25"", ""2020-09-26"", ""2020-09-27"", ""2020-09-28"", ""2021-04-01"", ""2021-04-02"", ""2021-04-03"", ""2021-04-04"", ""2021-04-05"", ""2021-04-06"", ""2021-04-07"", ""2021-04-08"", ""2021-04-09"", ""2021-04-10"", ""2021-04-11"", ""2021-04-12"", ""2021-04-13"", ""2021-04-14"", ""2021-04-15"", ""2021-04-16"", ""2021-04-17"", ""2021-04-18"", ""2021-04-19"", ""2021-04-20"", ""2021-04-21"", ""2021-04-22"", ""2021-04-23"", ""2021-04-24"", ""2021-04-25"", ""2021-04-26"", ""2021-04-27"", ""2021-04-28"", ""2021-04-29"", ""2021-04-30"", ""2021-05-01"", ""2021-05-02"", ""2021-05-03"", ""2021-05-04"", ""2021-05-05"", ""2021-05-06"", ""2021-05-07"", ""2021-05-08"", ""2021-05-09"", ""2021-05-10"", ""2021-05-11"", ""2021-05-12"", ""2021-05-13"", ""2021-05-14"", ""2021-05-15"", ""2021-05-16"", ""2021-05-17"", ""2021-05-18"", ""2021-05-19"", ""2021-05-20"", ""2021-05-21"", ""2021-05-22"", ""2021-05-23"", ""2021-05-24"", ""2021-05-25"", ""2021-05-26"", ""2021-05-27"", ""2021-05-28"", ""2021-05-29"", ""2021-05-30"", ""2021-05-31"", ""2021-06-01"", ""2021-06-02"", ""2021-06-03"", ""2021-06-04"", ""2021-06-05"", ""2021-06-06"", ""2021-06-07"", ""2021-06-08"", ""2021-06-09"", ""2021-06-10"", ""2021-06-11"", ""2021-06-12"", ""2021-06-13"", ""2021-06-14"", ""2021-06-15"", ""2021-06-16"", ""2021-06-17"", ""2021-06-18"", ""2021-06-19"", ""2021-06-20"", ""2021-06-21"", ""2021-06-22"", ""2021-06-23"", ""2021-06-24"", ""2021-06-25"", ""2021-06-26"", ""2021-06-27"", ""2021-06-28"", ""2021-06-29"", ""2022-07-01"", ""2022-07-02"", ""2022-07-03"", ""2022-07-04"", ""2022-07-05"", ""2022-07-06"", ""2022-07-07"", ""2022-07-08"", ""2022-07-09"", ""2022-07-10"", ""2022-07-11"", ""2022-07-12"", ""2022-07-13"", ""2022-07-14"", ""2022-07-15"", ""2022-07-16"", ""2022-07-17"", ""2022-07-18"", ""2022-07-19"", ""2022-07-22"", ""2022-07-23"", ""2022-07-24"", ""2022-07-25"", ""2022-07-26"", ""2022-07-27"", ""2022-07-28"", ""2022-07-29"", ""2022-07-30"", ""2022-07-31"", ""2022-08-01"", ""2022-08-02"", ""2022-08-03"", ""2022-08-04"", ""2022-08-05"", ""2022-08-06"", ""2022-08-07"", ""2022-08-08"", ""2022-08-09"", ""2022-08-10"", ""2022-08-11"", ""2022-08-12"", ""2022-08-13"", ""2022-08-14"", ""2022-08-15"", ""2022-08-16"", ""2022-08-17"", ""2022-08-18"", ""2022-08-19"", ""2022-08-20"", ""2022-08-21"", ""2022-08-22"", ""2022-08-23"", ""2022-08-24"", ""2022-08-25"", ""2022-08-26"", ""2022-08-27"", ""2022-08-28"", ""2022-08-29"", ""2022-08-30"", ""2022-08-31"", ""2022-09-01"", ""2022-09-02"", ""2022-09-03"", ""2022-09-04"", ""2022-09-05"", ""2022-09-06"", ""2022-09-07"", ""2022-09-08"", ""2022-09-09"", ""2022-09-10"", ""2022-09-11"", ""2022-09-12"", ""2022-09-13"", ""2022-09-14"", ""2022-09-15"", ""2022-09-16"", ""2022-09-17"", ""2022-09-18"", ""2022-09-19"", ""2022-09-20"", ""2022-09-21"", ""2022-09-22"", ""2022-09-23"", ""2022-09-24"", ""2022-09-25"", ""2022-09-26"", ""2022-09-27"", ""2022-09-28"", ""2025-05-01"", ""2025-05-02"", ""2025-05-03"", ""2025-05-04"", ""2025-05-05"", ""2025-05-06"", ""2025-05-07"", ""2025-05-08"", ""2025-05-09"", ""2025-05-10"", ""2025-05-11"", ""2025-05-12"", ""2025-05-13"", ""2025-05-14"", ""2025-05-15"", ""2025-05-16"", ""2025-05-17"", ""2025-05-18"", ""2025-05-19"", ""2025-05-20"", ""2025-05-21"", ""2025-05-22"", ""2025-05-23"", ""2025-05-24"", ""2025-05-25"", ""2025-05-26"", ""2025-05-27"", ""2025-05-28"", ""2025-05-29"", ""2025-05-30"", ""2025-05-31"", ""2025-06-01"", ""2025-06-02"", ""2025-06-03"", ""2025-06-04"", ""2025-06-05"", ""2025-06-06"", ""2025-06-07"", ""2025-06-08"", ""2025-06-09"", ""2025-06-10"", ""2025-06-11"", ""2025-06-12"", ""2025-06-13"", ""2025-06-14"", ""2025-06-15"", ""2025-06-16"", ""2025-06-17"", ""2025-06-18"", ""2025-06-19"", ""2025-06-20"", ""2025-06-21"", ""2025-06-22"", ""2025-06-23"", ""2025-06-24"", ""2025-06-25"", ""2025-06-26"", ""2025-06-27"", ""2025-06-28"", ""2025-06-29"", ""2025-06-30"", ""2025-07-01"", ""2025-07-02"", ""2025-07-03"", ""2025-07-04"", ""2025-07-05"", ""2025-07-06"", ""2025-07-07"", ""2025-07-08"", ""2025-07-09"", ""2025-07-10"", ""2025-07-11"", ""2025-07-12"", ""2025-07-13"", ""2025-07-14"", ""2025-07-15"", ""2025-07-16"", ""2025-07-17"", ""2025-07-18"", ""2025-07-19"", ""2025-07-20"", ""2025-07-21"", ""2025-07-22"", ""2025-07-23"", ""2025-07-24"", ""2025-07-25"", ""2025-07-26"", ""2025-07-27"", ""2025-07-28"", ""2025-07-29"", ""2026-01-08"", ""2026-01-09"", ""2026-01-10"", ""2026-01-11"", ""2026-01-12"", ""2026-01-13"", ""2026-01-14"", ""2026-01-15"", ""2026-01-16"", ""2026-01-17"", ""2026-01-18"", ""2026-01-19"", ""2026-01-20"", ""2026-01-21"", ""2026-01-22"", ""2026-01-23"", ""2026-01-24"", ""2026-01-25"", ""2026-01-26"", ""2026-01-27"", ""2026-01-28"", ""2026-01-29"", ""2026-01-30"", ""2026-01-31"", ""2026-02-01"", ""2026-02-02"", ""2026-02-03"", ""2026-02-04"", ""2026-02-05"", ""2026-02-06"", ""2026-02-07"", ""2026-02-08"", ""2026-02-09"", ""2026-02-10"", ""2026-02-11"", ""2026-02-12"", ""2026-02-13"", ""2026-02-14"", ""2026-02-15"", ""2026-02-16"", ""2026-02-17"", ""2026-02-18"", ""2026-02-19"", ""2026-02-20"", ""2026-02-21"", ""2026-02-22"", ""2026-02-23"", ""2026-02-24"", ""2026-02-25"", ""2026-02-26"", ""2026-02-27"", ""2026-02-28"", ""2026-03-01"", ""2026-03-02"", ""2026-03-03"", ""2026-03-04"", ""2026-03-05"", ""2026-03-06"", ""2026-03-07"", ""2026-03-08"", ""2026-03-09"", ""2026-03-10"", ""2026-03-11"", ""2026-03-12"", ""2026-03-13"", ""2026-03-14"", ""2026-03-15"", ""2026-03-16"", ""2026-03-17"", ""2026-03-18"", ""2026-03-19"", ""2026-03-20"", ""2026-03-21"", ""2026-03-22"", ""2026-03-23"", ""2026-03-24"", ""2026-03-25"", ""2026-03-26"", ""2026-03-27"", ""2026-03-28"", ""2026-03-29"", ""2026-03-30"", ""2026-03-31"", ""2026-04-01"", ""2026-04-02"", ""2026-04-03"", ""2026-04-04"", ""2026-04-05"", ""2026-04-06"", ""2026-04-07""]",,,,,0.6461975672746625,0.5917283193219804,,
D,per_fold,fold_1,2160.0,90.0,2020-07-01,2020-09-28,5.693148637630047,9.10787872571928,3.244202449617874,1.622101224808937,5.693148637630047,0.0,-0.3719578814983228,4.6387540830304,4.006572671047296,0.0,0.0,0.42824074074074076,925.0,575.0,660.0,7.912006618181621,6.795208166571587,14.855088589906776,0.7375,1593.0,296.0,271.0,16.106457033537204,13.927396890577075,29.771730103920543,0.9185185185185185,1984.0,99.0,77.0,27.983459398875816,24.035574623577432,51.78265871891599,"[""2020-07-01"", ""2020-07-02"", ""2020-07-03"", ""2020-07-04"", ""2020-07-05"", ""2020-07-06"", ""2020-07-07"", ""2020-07-08"", ""2020-07-09"", ""2020-07-10"", ""2020-07-11"", ""2020-07-12"", ""2020-07-13"", ""2020-07-14"", ""2020-07-15"", ""2020-07-16"", ""2020-07-17"", ""2020-07-18"", ""2020-07-19"", ""2020-07-20"", ""2020-07-21"", ""2020-07-22"", ""2020-07-23"", ""2020-07-24"", ""2020-07-25"", ""2020-07-26"", ""2020-07-27"", ""2020-07-28"", ""2020-07-29"", ""2020-07-30"", ""2020-07-31"", ""2020-08-01"", ""2020-08-02"", ""2020-08-03"", ""2020-08-04"", ""2020-08-05"", ""2020-08-06"", ""2020-08-07"", ""2020-08-08"", ""2020-08-09"", ""2020-08-10"", ""2020-08-11"", ""2020-08-12"", ""2020-08-13"", ""2020-08-14"", ""2020-08-15"", ""2020-08-16"", ""2020-08-17"", ""2020-08-18"", ""2020-08-19"", ""2020-08-20"", ""2020-08-21"", ""2020-08-22"", ""2020-08-23"", ""2020-08-24"", ""2020-08-25"", ""2020-08-26"", ""2020-08-27"", ""2020-08-28"", ""2020-08-29"", ""2020-08-30"", ""2020-08-31"", ""2020-09-01"", ""2020-09-02"", ""2020-09-03"", ""2020-09-04"", ""2020-09-05"", ""2020-09-06"", ""2020-09-07"", ""2020-09-08"", ""2020-09-09"", ""2020-09-10"", ""2020-09-11"", ""2020-09-12"", ""2020-09-13"", ""2020-09-14"", ""2020-09-15"", ""2020-09-16"", ""2020-09-17"", ""2020-09-18"", ""2020-09-19"", ""2020-09-20"", ""2020-09-21"", ""2020-09-22"", ""2020-09-23"", ""2020-09-24"", ""2020-09-25"", ""2020-09-26"", ""2020-09-27"", ""2020-09-28""]",2020-07-01,2020-09-28,90.0,False,,,,
D,per_fold,fold_2,2159.0,90.0,2021-04-01,2021-06-29,9.075401926393665,26.548166964478582,5.2931307842814785,2.6465653921407393,9.075401926393665,0.0,-0.3799197450324169,7.384706597481658,6.912048491507652,0.0,0.0,0.47244094488188976,1020.0,547.0,592.0,14.081519414627575,10.505414498291834,22.048753081054546,0.7559055118110236,1632.0,250.0,277.0,29.452023474469218,20.84995160319638,44.62481724621539,0.9212598425196851,1989.0,90.0,80.0,54.85767104167556,34.25520035357743,75.82984872761627,"[""2021-04-01"", ""2021-04-02"", ""2021-04-03"", ""2021-04-04"", ""2021-04-05"", ""2021-04-06"", ""2021-04-07"", ""2021-04-08"", ""2021-04-09"", ""2021-04-10"", ""2021-04-11"", ""2021-04-12"", ""2021-04-13"", ""2021-04-14"", ""2021-04-15"", ""2021-04-16"", ""2021-04-17"", ""2021-04-18"", ""2021-04-19"", ""2021-04-20"", ""2021-04-21"", ""2021-04-22"", ""2021-04-23"", ""2021-04-24"", ""2021-04-25"", ""2021-04-26"", ""2021-04-27"", ""2021-04-28"", ""2021-04-29"", ""2021-04-30"", ""2021-05-01"", ""2021-05-02"", ""2021-05-03"", ""2021-05-04"", ""2021-05-05"", ""2021-05-06"", ""2021-05-07"", ""2021-05-08"", ""2021-05-09"", ""2021-05-10"", ""2021-05-11"", ""2021-05-12"", ""2021-05-13"", ""2021-05-14"", ""2021-05-15"", ""2021-05-16"", ""2021-05-17"", ""2021-05-18"", ""2021-05-19"", ""2021-05-20"", ""2021-05-21"", ""2021-05-22"", ""2021-05-23"", ""2021-05-24"", ""2021-05-25"", ""2021-05-26"", ""2021-05-27"", ""2021-05-28"", ""2021-05-29"", ""2021-05-30"", ""2021-05-31"", ""2021-06-01"", ""2021-06-02"", ""2021-06-03"", ""2021-06-04"", ""2021-06-05"", ""2021-06-06"", ""2021-06-07"", ""2021-06-08"", ""2021-06-09"", ""2021-06-10"", ""2021-06-11"", ""2021-06-12"", ""2021-06-13"", ""2021-06-14"", ""2021-06-15"", ""2021-06-16"", ""2021-06-17"", ""2021-06-18"", ""2021-06-19"", ""2021-06-20"", ""2021-06-21"", ""2021-06-22"", ""2021-06-23"", ""2021-06-24"", ""2021-06-25"", ""2021-06-26"", ""2021-06-27"", ""2021-06-28"", ""2021-06-29""]",2021-04-01,2021-06-29,90.0,False,,,,
D,per_fold,fold_3,2112.0,88.0,2022-07-01,2022-09-28,58.83879955714739,74.79907073541638,32.14028357144532,16.07014178572266,58.83879955714739,0.0,1.1379967229144397,49.53907390024927,31.505750249043626,0.0,0.0,0.38636363636363635,816.0,610.0,686.0,79.02517746396627,72.37552265036749,133.21682003894153,0.7040719696969697,1487.0,313.0,312.0,161.7703022008602,148.16552074569418,276.4731989115868,0.9228219696969697,1949.0,115.0,48.0,283.7285876117742,257.0593270497809,509.56427295128464,"[""2022-07-01"", ""2022-07-02"", ""2022-07-03"", ""2022-07-04"", ""2022-07-05"", ""2022-07-06"", ""2022-07-07"", ""2022-07-08"", ""2022-07-09"", ""2022-07-10"", ""2022-07-11"", ""2022-07-12"", ""2022-07-13"", ""2022-07-14"", ""2022-07-15"", ""2022-07-16"", ""2022-07-17"", ""2022-07-18"", ""2022-07-19"", ""2022-07-22"", ""2022-07-23"", ""2022-07-24"", ""2022-07-25"", ""2022-07-26"", ""2022-07-27"", ""2022-07-28"", ""2022-07-29"", ""2022-07-30"", ""2022-07-31"", ""2022-08-01"", ""2022-08-02"", ""2022-08-03"", ""2022-08-04"", ""2022-08-05"", ""2022-08-06"", ""2022-08-07"", ""2022-08-08"", ""2022-08-09"", ""2022-08-10"", ""2022-08-11"", ""2022-08-12"", ""2022-08-13"", ""2022-08-14"", ""2022-08-15"", ""2022-08-16"", ""2022-08-17"", ""2022-08-18"", ""2022-08-19"", ""2022-08-20"", ""2022-08-21"", ""2022-08-22"", ""2022-08-23"", ""2022-08-24"", ""2022-08-25"", ""2022-08-26"", ""2022-08-27"", ""2022-08-28"", ""2022-08-29"", ""2022-08-30"", ""2022-08-31"", ""2022-09-01"", ""2022-09-02"", ""2022-09-03"", ""2022-09-04"", ""2022-09-05"", ""2022-09-06"", ""2022-09-07"", ""2022-09-08"", ""2022-09-09"", ""2022-09-10"", ""2022-09-11"", ""2022-09-12"", ""2022-09-13"", ""2022-09-14"", ""2022-09-15"", ""2022-09-16"", ""2022-09-17"", ""2022-09-18"", ""2022-09-19"", ""2022-09-20"", ""2022-09-21"", ""2022-09-22"", ""2022-09-23"", ""2022-09-24"", ""2022-09-25"", ""2022-09-26"", ""2022-09-27"", ""2022-09-28""]",2022-07-01,2022-09-28,90.0,True,,,,
D,per_fold,fold_4,2160.0,90.0,2025-05-01,2025-07-29,16.126182100796495,24.54928908027425,9.08271376166662,4.54135688083331,16.126182100796495,0.0,-0.8918905423306818,10.902544687207792,13.023727154528624,0.0,0.0,0.4828703703703704,1043.0,527.0,590.0,24.001773930275885,22.18100888487865,44.44643369246638,0.7819444444444444,1689.0,235.0,236.0,47.087400454955784,43.57134847248339,86.35473045682785,0.9435185185185185,2038.0,70.0,52.0,76.42773709788575,70.5372939816235,137.9123136339901,"[""2025-05-01"", ""2025-05-02"", ""2025-05-03"", ""2025-05-04"", ""2025-05-05"", ""2025-05-06"", ""2025-05-07"", ""2025-05-08"", ""2025-05-09"", ""2025-05-10"", ""2025-05-11"", ""2025-05-12"", ""2025-05-13"", ""2025-05-14"", ""2025-05-15"", ""2025-05-16"", ""2025-05-17"", ""2025-05-18"", ""2025-05-19"", ""2025-05-20"", ""2025-05-21"", ""2025-05-22"", ""2025-05-23"", ""2025-05-24"", ""2025-05-25"", ""2025-05-26"", ""2025-05-27"", ""2025-05-28"", ""2025-05-29"", ""2025-05-30"", ""2025-05-31"", ""2025-06-01"", ""2025-06-02"", ""2025-06-03"", ""2025-06-04"", ""2025-06-05"", ""2025-06-06"", ""2025-06-07"", ""2025-06-08"", ""2025-06-09"", ""2025-06-10"", ""2025-06-11"", ""2025-06-12"", ""2025-06-13"", ""2025-06-14"", ""2025-06-15"", ""2025-06-16"", ""2025-06-17"", ""2025-06-18"", ""2025-06-19"", ""2025-06-20"", ""2025-06-21"", ""2025-06-22"", ""2025-06-23"", ""2025-06-24"", ""2025-06-25"", ""2025-06-26"", ""2025-06-27"", ""2025-06-28"", ""2025-06-29"", ""2025-06-30"", ""2025-07-01"", ""2025-07-02"", ""2025-07-03"", ""2025-07-04"", ""2025-07-05"", ""2025-07-06"", ""2025-07-07"", ""2025-07-08"", ""2025-07-09"", ""2025-07-10"", ""2025-07-11"", ""2025-07-12"", ""2025-07-13"", ""2025-07-14"", ""2025-07-15"", ""2025-07-16"", ""2025-07-17"", ""2025-07-18"", ""2025-07-19"", ""2025-07-20"", ""2025-07-21"", ""2025-07-22"", ""2025-07-23"", ""2025-07-24"", ""2025-07-25"", ""2025-07-26"", ""2025-07-27"", ""2025-07-28"", ""2025-07-29""]",2025-05-01,2025-07-29,90.0,False,,,,
D,per_fold,fold_5,2156.0,90.0,2026-01-08,2026-04-07,17.098672256513392,25.330820132810693,9.91782221208628,4.95891110604314,17.098672256513392,0.0,-2.8546769906513267,12.40160818497528,12.233873554947074,0.0,0.0,0.4336734693877551,935.0,550.0,671.0,25.811741324419252,19.84079920069443,52.849709476865826,0.7351576994434137,1585.0,227.0,344.0,54.37878407785318,39.46690358625972,106.66629772661251,0.9211502782931354,1986.0,61.0,109.0,106.7711113551287,65.86180798532777,176.73600791061963,"[""2026-01-08"", ""2026-01-09"", ""2026-01-10"", ""2026-01-11"", ""2026-01-12"", ""2026-01-13"", ""2026-01-14"", ""2026-01-15"", ""2026-01-16"", ""2026-01-17"", ""2026-01-18"", ""2026-01-19"", ""2026-01-20"", ""2026-01-21"", ""2026-01-22"", ""2026-01-23"", ""2026-01-24"", ""2026-01-25"", ""2026-01-26"", ""2026-01-27"", ""2026-01-28"", ""2026-01-29"", ""2026-01-30"", ""2026-01-31"", ""2026-02-01"", ""2026-02-02"", ""2026-02-03"", ""2026-02-04"", ""2026-02-05"", ""2026-02-06"", ""2026-02-07"", ""2026-02-08"", ""2026-02-09"", ""2026-02-10"", ""2026-02-11"", ""2026-02-12"", ""2026-02-13"", ""2026-02-14"", ""2026-02-15"", ""2026-02-16"", ""2026-02-17"", ""2026-02-18"", ""2026-02-19"", ""2026-02-20"", ""2026-02-21"", ""2026-02-22"", ""2026-02-23"", ""2026-02-24"", ""2026-02-25"", ""2026-02-26"", ""2026-02-27"", ""2026-02-28"", ""2026-03-01"", ""2026-03-02"", ""2026-03-03"", ""2026-03-04"", ""2026-03-05"", ""2026-03-06"", ""2026-03-07"", ""2026-03-08"", ""2026-03-09"", ""2026-03-10"", ""2026-03-11"", ""2026-03-12"", ""2026-03-13"", ""2026-03-14"", ""2026-03-15"", ""2026-03-16"", ""2026-03-17"", ""2026-03-18"", ""2026-03-19"", ""2026-03-20"", ""2026-03-21"", ""2026-03-22"", ""2026-03-23"", ""2026-03-24"", ""2026-03-25"", ""2026-03-26"", ""2026-03-27"", ""2026-03-28"", ""2026-03-29"", ""2026-03-30"", ""2026-03-31"", ""2026-04-01"", ""2026-04-02"", ""2026-04-03"", ""2026-04-04"", ""2026-04-05"", ""2026-04-06"", ""2026-04-07""]",2026-01-08,2026-04-07,90.0,False,,,,
v3+D,pooled,all,10747.0,448.0,2020-07-01,2026-04-07,18.006321852846938,32.29816594195263,10.496558077857053,5.248279038928526,17.76222281487436,0.24409903797257632,1.74189275397246,14.044700722518616,12.405074776928206,0.0,0.0,0.48711268260910023,5235.0,2809.0,2703.0,26.899457296191002,16.890324092278277,87.09347774345513,0.7871033776867963,8459.0,1122.0,1166.0,56.481261845741166,36.49838077511545,178.91062477622503,0.9385875127942682,10087.0,326.0,334.0,103.64276452323224,70.2996400852868,311.4294232165521,"[""2020-07-01"", ""2020-07-02"", ""2020-07-03"", ""2020-07-04"", ""2020-07-05"", ""2020-07-06"", ""2020-07-07"", ""2020-07-08"", ""2020-07-09"", ""2020-07-10"", ""2020-07-11"", ""2020-07-12"", ""2020-07-13"", ""2020-07-14"", ""2020-07-15"", ""2020-07-16"", ""2020-07-17"", ""2020-07-18"", ""2020-07-19"", ""2020-07-20"", ""2020-07-21"", ""2020-07-22"", ""2020-07-23"", ""2020-07-24"", ""2020-07-25"", ""2020-07-26"", ""2020-07-27"", ""2020-07-28"", ""2020-07-29"", ""2020-07-30"", ""2020-07-31"", ""2020-08-01"", ""2020-08-02"", ""2020-08-03"", ""2020-08-04"", ""2020-08-05"", ""2020-08-06"", ""2020-08-07"", ""2020-08-08"", ""2020-08-09"", ""2020-08-10"", ""2020-08-11"", ""2020-08-12"", ""2020-08-13"", ""2020-08-14"", ""2020-08-15"", ""2020-08-16"", ""2020-08-17"", ""2020-08-18"", ""2020-08-19"", ""2020-08-20"", ""2020-08-21"", ""2020-08-22"", ""2020-08-23"", ""2020-08-24"", ""2020-08-25"", ""2020-08-26"", ""2020-08-27"", ""2020-08-28"", ""2020-08-29"", ""2020-08-30"", ""2020-08-31"", ""2020-09-01"", ""2020-09-02"", ""2020-09-03"", ""2020-09-04"", ""2020-09-05"", ""2020-09-06"", ""2020-09-07"", ""2020-09-08"", ""2020-09-09"", ""2020-09-10"", ""2020-09-11"", ""2020-09-12"", ""2020-09-13"", ""2020-09-14"", ""2020-09-15"", ""2020-09-16"", ""2020-09-17"", ""2020-09-18"", ""2020-09-19"", ""2020-09-20"", ""2020-09-21"", ""2020-09-22"", ""2020-09-23"", ""2020-09-24"", ""2020-09-25"", ""2020-09-26"", ""2020-09-27"", ""2020-09-28"", ""2021-04-01"", ""2021-04-02"", ""2021-04-03"", ""2021-04-04"", ""2021-04-05"", ""2021-04-06"", ""2021-04-07"", ""2021-04-08"", ""2021-04-09"", ""2021-04-10"", ""2021-04-11"", ""2021-04-12"", ""2021-04-13"", ""2021-04-14"", ""2021-04-15"", ""2021-04-16"", ""2021-04-17"", ""2021-04-18"", ""2021-04-19"", ""2021-04-20"", ""2021-04-21"", ""2021-04-22"", ""2021-04-23"", ""2021-04-24"", ""2021-04-25"", ""2021-04-26"", ""2021-04-27"", ""2021-04-28"", ""2021-04-29"", ""2021-04-30"", ""2021-05-01"", ""2021-05-02"", ""2021-05-03"", ""2021-05-04"", ""2021-05-05"", ""2021-05-06"", ""2021-05-07"", ""2021-05-08"", ""2021-05-09"", ""2021-05-10"", ""2021-05-11"", ""2021-05-12"", ""2021-05-13"", ""2021-05-14"", ""2021-05-15"", ""2021-05-16"", ""2021-05-17"", ""2021-05-18"", ""2021-05-19"", ""2021-05-20"", ""2021-05-21"", ""2021-05-22"", ""2021-05-23"", ""2021-05-24"", ""2021-05-25"", ""2021-05-26"", ""2021-05-27"", ""2021-05-28"", ""2021-05-29"", ""2021-05-30"", ""2021-05-31"", ""2021-06-01"", ""2021-06-02"", ""2021-06-03"", ""2021-06-04"", ""2021-06-05"", ""2021-06-06"", ""2021-06-07"", ""2021-06-08"", ""2021-06-09"", ""2021-06-10"", ""2021-06-11"", ""2021-06-12"", ""2021-06-13"", ""2021-06-14"", ""2021-06-15"", ""2021-06-16"", ""2021-06-17"", ""2021-06-18"", ""2021-06-19"", ""2021-06-20"", ""2021-06-21"", ""2021-06-22"", ""2021-06-23"", ""2021-06-24"", ""2021-06-25"", ""2021-06-26"", ""2021-06-27"", ""2021-06-28"", ""2021-06-29"", ""2022-07-01"", ""2022-07-02"", ""2022-07-03"", ""2022-07-04"", ""2022-07-05"", ""2022-07-06"", ""2022-07-07"", ""2022-07-08"", ""2022-07-09"", ""2022-07-10"", ""2022-07-11"", ""2022-07-12"", ""2022-07-13"", ""2022-07-14"", ""2022-07-15"", ""2022-07-16"", ""2022-07-17"", ""2022-07-18"", ""2022-07-19"", ""2022-07-22"", ""2022-07-23"", ""2022-07-24"", ""2022-07-25"", ""2022-07-26"", ""2022-07-27"", ""2022-07-28"", ""2022-07-29"", ""2022-07-30"", ""2022-07-31"", ""2022-08-01"", ""2022-08-02"", ""2022-08-03"", ""2022-08-04"", ""2022-08-05"", ""2022-08-06"", ""2022-08-07"", ""2022-08-08"", ""2022-08-09"", ""2022-08-10"", ""2022-08-11"", ""2022-08-12"", ""2022-08-13"", ""2022-08-14"", ""2022-08-15"", ""2022-08-16"", ""2022-08-17"", ""2022-08-18"", ""2022-08-19"", ""2022-08-20"", ""2022-08-21"", ""2022-08-22"", ""2022-08-23"", ""2022-08-24"", ""2022-08-25"", ""2022-08-26"", ""2022-08-27"", ""2022-08-28"", ""2022-08-29"", ""2022-08-30"", ""2022-08-31"", ""2022-09-01"", ""2022-09-02"", ""2022-09-03"", ""2022-09-04"", ""2022-09-05"", ""2022-09-06"", ""2022-09-07"", ""2022-09-08"", ""2022-09-09"", ""2022-09-10"", ""2022-09-11"", ""2022-09-12"", ""2022-09-13"", ""2022-09-14"", ""2022-09-15"", ""2022-09-16"", ""2022-09-17"", ""2022-09-18"", ""2022-09-19"", ""2022-09-20"", ""2022-09-21"", ""2022-09-22"", ""2022-09-23"", ""2022-09-24"", ""2022-09-25"", ""2022-09-26"", ""2022-09-27"", ""2022-09-28"", ""2025-05-01"", ""2025-05-02"", ""2025-05-03"", ""2025-05-04"", ""2025-05-05"", ""2025-05-06"", ""2025-05-07"", ""2025-05-08"", ""2025-05-09"", ""2025-05-10"", ""2025-05-11"", ""2025-05-12"", ""2025-05-13"", ""2025-05-14"", ""2025-05-15"", ""2025-05-16"", ""2025-05-17"", ""2025-05-18"", ""2025-05-19"", ""2025-05-20"", ""2025-05-21"", ""2025-05-22"", ""2025-05-23"", ""2025-05-24"", ""2025-05-25"", ""2025-05-26"", ""2025-05-27"", ""2025-05-28"", ""2025-05-29"", ""2025-05-30"", ""2025-05-31"", ""2025-06-01"", ""2025-06-02"", ""2025-06-03"", ""2025-06-04"", ""2025-06-05"", ""2025-06-06"", ""2025-06-07"", ""2025-06-08"", ""2025-06-09"", ""2025-06-10"", ""2025-06-11"", ""2025-06-12"", ""2025-06-13"", ""2025-06-14"", ""2025-06-15"", ""2025-06-16"", ""2025-06-17"", ""2025-06-18"", ""2025-06-19"", ""2025-06-20"", ""2025-06-21"", ""2025-06-22"", ""2025-06-23"", ""2025-06-24"", ""2025-06-25"", ""2025-06-26"", ""2025-06-27"", ""2025-06-28"", ""2025-06-29"", ""2025-06-30"", ""2025-07-01"", ""2025-07-02"", ""2025-07-03"", ""2025-07-04"", ""2025-07-05"", ""2025-07-06"", ""2025-07-07"", ""2025-07-08"", ""2025-07-09"", ""2025-07-10"", ""2025-07-11"", ""2025-07-12"", ""2025-07-13"", ""2025-07-14"", ""2025-07-15"", ""2025-07-16"", ""2025-07-17"", ""2025-07-18"", ""2025-07-19"", ""2025-07-20"", ""2025-07-21"", ""2025-07-22"", ""2025-07-23"", ""2025-07-24"", ""2025-07-25"", ""2025-07-26"", ""2025-07-27"", ""2025-07-28"", ""2025-07-29"", ""2026-01-08"", ""2026-01-09"", ""2026-01-10"", ""2026-01-11"", ""2026-01-12"", ""2026-01-13"", ""2026-01-14"", ""2026-01-15"", ""2026-01-16"", ""2026-01-17"", ""2026-01-18"", ""2026-01-19"", ""2026-01-20"", ""2026-01-21"", ""2026-01-22"", ""2026-01-23"", ""2026-01-24"", ""2026-01-25"", ""2026-01-26"", ""2026-01-27"", ""2026-01-28"", ""2026-01-29"", ""2026-01-30"", ""2026-01-31"", ""2026-02-01"", ""2026-02-02"", ""2026-02-03"", ""2026-02-04"", ""2026-02-05"", ""2026-02-06"", ""2026-02-07"", ""2026-02-08"", ""2026-02-09"", ""2026-02-10"", ""2026-02-11"", ""2026-02-12"", ""2026-02-13"", ""2026-02-14"", ""2026-02-15"", ""2026-02-16"", ""2026-02-17"", ""2026-02-18"", ""2026-02-19"", ""2026-02-20"", ""2026-02-21"", ""2026-02-22"", ""2026-02-23"", ""2026-02-24"", ""2026-02-25"", ""2026-02-26"", ""2026-02-27"", ""2026-02-28"", ""2026-03-01"", ""2026-03-02"", ""2026-03-03"", ""2026-03-04"", ""2026-03-05"", ""2026-03-06"", ""2026-03-07"", ""2026-03-08"", ""2026-03-09"", ""2026-03-10"", ""2026-03-11"", ""2026-03-12"", ""2026-03-13"", ""2026-03-14"", ""2026-03-15"", ""2026-03-16"", ""2026-03-17"", ""2026-03-18"", ""2026-03-19"", ""2026-03-20"", ""2026-03-21"", ""2026-03-22"", ""2026-03-23"", ""2026-03-24"", ""2026-03-25"", ""2026-03-26"", ""2026-03-27"", ""2026-03-28"", ""2026-03-29"", ""2026-03-30"", ""2026-03-31"", ""2026-04-01"", ""2026-04-02"", ""2026-04-03"", ""2026-04-04"", ""2026-04-05"", ""2026-04-06"", ""2026-04-07""]",,,,,0.5488042079687537,0.5242877829815731,,
v3+D,per_fold,fold_1,2160.0,90.0,2020-07-01,2020-09-28,5.177721141234091,8.716316050047,3.1755027009156307,1.5877513504578153,5.08109719331926,0.09662394791483044,0.6369194935456683,4.3140870583564,3.7137047990026484,0.0,0.0,0.475,1026.0,598.0,536.0,7.004240545841822,6.199214835770672,12.593696108966194,0.7814814814814814,1688.0,218.0,254.0,16.159812946528053,14.039785762375713,31.449191840655022,0.9324074074074075,2014.0,61.0,85.0,29.08824455146375,24.812874329435346,58.86684060492752,"[""2020-07-01"", ""2020-07-02"", ""2020-07-03"", ""2020-07-04"", ""2020-07-05"", ""2020-07-06"", ""2020-07-07"", ""2020-07-08"", ""2020-07-09"", ""2020-07-10"", ""2020-07-11"", ""2020-07-12"", ""2020-07-13"", ""2020-07-14"", ""2020-07-15"", ""2020-07-16"", ""2020-07-17"", ""2020-07-18"", ""2020-07-19"", ""2020-07-20"", ""2020-07-21"", ""2020-07-22"", ""2020-07-23"", ""2020-07-24"", ""2020-07-25"", ""2020-07-26"", ""2020-07-27"", ""2020-07-28"", ""2020-07-29"", ""2020-07-30"", ""2020-07-31"", ""2020-08-01"", ""2020-08-02"", ""2020-08-03"", ""2020-08-04"", ""2020-08-05"", ""2020-08-06"", ""2020-08-07"", ""2020-08-08"", ""2020-08-09"", ""2020-08-10"", ""2020-08-11"", ""2020-08-12"", ""2020-08-13"", ""2020-08-14"", ""2020-08-15"", ""2020-08-16"", ""2020-08-17"", ""2020-08-18"", ""2020-08-19"", ""2020-08-20"", ""2020-08-21"", ""2020-08-22"", ""2020-08-23"", ""2020-08-24"", ""2020-08-25"", ""2020-08-26"", ""2020-08-27"", ""2020-08-28"", ""2020-08-29"", ""2020-08-30"", ""2020-08-31"", ""2020-09-01"", ""2020-09-02"", ""2020-09-03"", ""2020-09-04"", ""2020-09-05"", ""2020-09-06"", ""2020-09-07"", ""2020-09-08"", ""2020-09-09"", ""2020-09-10"", ""2020-09-11"", ""2020-09-12"", ""2020-09-13"", ""2020-09-14"", ""2020-09-15"", ""2020-09-16"", ""2020-09-17"", ""2020-09-18"", ""2020-09-19"", ""2020-09-20"", ""2020-09-21"", ""2020-09-22"", ""2020-09-23"", ""2020-09-24"", ""2020-09-25"", ""2020-09-26"", ""2020-09-27"", ""2020-09-28""]",2020-07-01,2020-09-28,90.0,False,,,,
v3+D,per_fold,fold_2,2159.0,90.0,2021-04-01,2021-06-29,7.841080717100046,13.488650197163606,4.92008456192147,2.4600422809607347,7.898532689512491,-0.0574519724124461,1.3011518255126109,6.0908342111196765,5.799294098095514,0.0,0.0,0.5270958777211672,1138.0,513.0,508.0,11.316284141707719,10.685938303236611,20.047825540078776,0.8059286706808708,1740.0,201.0,218.0,25.349356767658122,23.04470300294861,45.66085723096715,0.9416396479851783,2033.0,69.0,57.0,52.4949833278884,48.0272420380078,93.10558222353272,"[""2021-04-01"", ""2021-04-02"", ""2021-04-03"", ""2021-04-04"", ""2021-04-05"", ""2021-04-06"", ""2021-04-07"", ""2021-04-08"", ""2021-04-09"", ""2021-04-10"", ""2021-04-11"", ""2021-04-12"", ""2021-04-13"", ""2021-04-14"", ""2021-04-15"", ""2021-04-16"", ""2021-04-17"", ""2021-04-18"", ""2021-04-19"", ""2021-04-20"", ""2021-04-21"", ""2021-04-22"", ""2021-04-23"", ""2021-04-24"", ""2021-04-25"", ""2021-04-26"", ""2021-04-27"", ""2021-04-28"", ""2021-04-29"", ""2021-04-30"", ""2021-05-01"", ""2021-05-02"", ""2021-05-03"", ""2021-05-04"", ""2021-05-05"", ""2021-05-06"", ""2021-05-07"", ""2021-05-08"", ""2021-05-09"", ""2021-05-10"", ""2021-05-11"", ""2021-05-12"", ""2021-05-13"", ""2021-05-14"", ""2021-05-15"", ""2021-05-16"", ""2021-05-17"", ""2021-05-18"", ""2021-05-19"", ""2021-05-20"", ""2021-05-21"", ""2021-05-22"", ""2021-05-23"", ""2021-05-24"", ""2021-05-25"", ""2021-05-26"", ""2021-05-27"", ""2021-05-28"", ""2021-05-29"", ""2021-05-30"", ""2021-05-31"", ""2021-06-01"", ""2021-06-02"", ""2021-06-03"", ""2021-06-04"", ""2021-06-05"", ""2021-06-06"", ""2021-06-07"", ""2021-06-08"", ""2021-06-09"", ""2021-06-10"", ""2021-06-11"", ""2021-06-12"", ""2021-06-13"", ""2021-06-14"", ""2021-06-15"", ""2021-06-16"", ""2021-06-17"", ""2021-06-18"", ""2021-06-19"", ""2021-06-20"", ""2021-06-21"", ""2021-06-22"", ""2021-06-23"", ""2021-06-24"", ""2021-06-25"", ""2021-06-26"", ""2021-06-27"", ""2021-06-28"", ""2021-06-29""]",2021-04-01,2021-06-29,90.0,False,,,,
v3+D,per_fold,fold_3,2112.0,88.0,2022-07-01,2022-09-28,48.19556721548057,63.824101359985036,27.596818230949758,13.798409115474879,47.40016977284263,0.7953974426379512,9.438865693046878,40.654774087174516,29.136609351940216,0.0,0.0,0.4777462121212121,1009.0,621.0,482.0,72.61313847891074,71.14805689790356,111.77017378798662,0.7689393939393939,1624.0,276.0,212.0,151.32944836295195,144.56438530760127,228.9114089469565,0.9403409090909091,1986.0,73.0,53.0,267.05884305422404,252.00179008746082,416.28978120541314,"[""2022-07-01"", ""2022-07-02"", ""2022-07-03"", ""2022-07-04"", ""2022-07-05"", ""2022-07-06"", ""2022-07-07"", ""2022-07-08"", ""2022-07-09"", ""2022-07-10"", ""2022-07-11"", ""2022-07-12"", ""2022-07-13"", ""2022-07-14"", ""2022-07-15"", ""2022-07-16"", ""2022-07-17"", ""2022-07-18"", ""2022-07-19"", ""2022-07-22"", ""2022-07-23"", ""2022-07-24"", ""2022-07-25"", ""2022-07-26"", ""2022-07-27"", ""2022-07-28"", ""2022-07-29"", ""2022-07-30"", ""2022-07-31"", ""2022-08-01"", ""2022-08-02"", ""2022-08-03"", ""2022-08-04"", ""2022-08-05"", ""2022-08-06"", ""2022-08-07"", ""2022-08-08"", ""2022-08-09"", ""2022-08-10"", ""2022-08-11"", ""2022-08-12"", ""2022-08-13"", ""2022-08-14"", ""2022-08-15"", ""2022-08-16"", ""2022-08-17"", ""2022-08-18"", ""2022-08-19"", ""2022-08-20"", ""2022-08-21"", ""2022-08-22"", ""2022-08-23"", ""2022-08-24"", ""2022-08-25"", ""2022-08-26"", ""2022-08-27"", ""2022-08-28"", ""2022-08-29"", ""2022-08-30"", ""2022-08-31"", ""2022-09-01"", ""2022-09-02"", ""2022-09-03"", ""2022-09-04"", ""2022-09-05"", ""2022-09-06"", ""2022-09-07"", ""2022-09-08"", ""2022-09-09"", ""2022-09-10"", ""2022-09-11"", ""2022-09-12"", ""2022-09-13"", ""2022-09-14"", ""2022-09-15"", ""2022-09-16"", ""2022-09-17"", ""2022-09-18"", ""2022-09-19"", ""2022-09-20"", ""2022-09-21"", ""2022-09-22"", ""2022-09-23"", ""2022-09-24"", ""2022-09-25"", ""2022-09-26"", ""2022-09-27"", ""2022-09-28""]",2022-07-01,2022-09-28,90.0,True,,,,
v3+D,per_fold,fold_4,2160.0,90.0,2025-05-01,2025-07-29,14.128052863383012,21.529992642093852,8.231838061702328,4.115919030851164,13.970102195130249,0.15795066825276327,-0.7428688623729454,8.215051020117036,12.466703939381356,0.0,0.0,0.46574074074074073,1006.0,541.0,613.0,21.042832532776913,21.06478288466058,32.83057017859492,0.7833333333333333,1692.0,215.0,253.0,42.17415198468098,42.08710816491825,62.817396242888535,0.9342592592592592,2018.0,68.0,74.0,74.48007317564294,73.39733573409521,112.24819109771632,"[""2025-05-01"", ""2025-05-02"", ""2025-05-03"", ""2025-05-04"", ""2025-05-05"", ""2025-05-06"", ""2025-05-07"", ""2025-05-08"", ""2025-05-09"", ""2025-05-10"", ""2025-05-11"", ""2025-05-12"", ""2025-05-13"", ""2025-05-14"", ""2025-05-15"", ""2025-05-16"", ""2025-05-17"", ""2025-05-18"", ""2025-05-19"", ""2025-05-20"", ""2025-05-21"", ""2025-05-22"", ""2025-05-23"", ""2025-05-24"", ""2025-05-25"", ""2025-05-26"", ""2025-05-27"", ""2025-05-28"", ""2025-05-29"", ""2025-05-30"", ""2025-05-31"", ""2025-06-01"", ""2025-06-02"", ""2025-06-03"", ""2025-06-04"", ""2025-06-05"", ""2025-06-06"", ""2025-06-07"", ""2025-06-08"", ""2025-06-09"", ""2025-06-10"", ""2025-06-11"", ""2025-06-12"", ""2025-06-13"", ""2025-06-14"", ""2025-06-15"", ""2025-06-16"", ""2025-06-17"", ""2025-06-18"", ""2025-06-19"", ""2025-06-20"", ""2025-06-21"", ""2025-06-22"", ""2025-06-23"", ""2025-06-24"", ""2025-06-25"", ""2025-06-26"", ""2025-06-27"", ""2025-06-28"", ""2025-06-29"", ""2025-06-30"", ""2025-07-01"", ""2025-07-02"", ""2025-07-03"", ""2025-07-04"", ""2025-07-05"", ""2025-07-06"", ""2025-07-07"", ""2025-07-08"", ""2025-07-09"", ""2025-07-10"", ""2025-07-11"", ""2025-07-12"", ""2025-07-13"", ""2025-07-14"", ""2025-07-15"", ""2025-07-16"", ""2025-07-17"", ""2025-07-18"", ""2025-07-19"", ""2025-07-20"", ""2025-07-21"", ""2025-07-22"", ""2025-07-23"", ""2025-07-24"", ""2025-07-25"", ""2025-07-26"", ""2025-07-27"", ""2025-07-28"", ""2025-07-29""]",2025-05-01,2025-07-29,90.0,False,,,,
v3+D,per_fold,fold_5,2156.0,90.0,2026-01-08,2026-04-07,15.350435007077493,22.063436093287752,8.933075576308259,4.466537788154129,15.110355879175643,0.2400791279018523,-1.7602500331112203,11.540092199484466,11.275723953456415,0.0,0.0,0.4897959183673469,1056.0,536.0,564.0,23.523183572793048,24.0443813730205,40.09451998234745,0.7954545454545454,1715.0,212.0,229.0,49.47388710614126,50.59923260817996,82.51884107368846,0.9443413729128015,2036.0,55.0,65.0,98.69029615268741,99.14141806077993,167.92556444031925,"[""2026-01-08"", ""2026-01-09"", ""2026-01-10"", ""2026-01-11"", ""2026-01-12"", ""2026-01-13"", ""2026-01-14"", ""2026-01-15"", ""2026-01-16"", ""2026-01-17"", ""2026-01-18"", ""2026-01-19"", ""2026-01-20"", ""2026-01-21"", ""2026-01-22"", ""2026-01-23"", ""2026-01-24"", ""2026-01-25"", ""2026-01-26"", ""2026-01-27"", ""2026-01-28"", ""2026-01-29"", ""2026-01-30"", ""2026-01-31"", ""2026-02-01"", ""2026-02-02"", ""2026-02-03"", ""2026-02-04"", ""2026-02-05"", ""2026-02-06"", ""2026-02-07"", ""2026-02-08"", ""2026-02-09"", ""2026-02-10"", ""2026-02-11"", ""2026-02-12"", ""2026-02-13"", ""2026-02-14"", ""2026-02-15"", ""2026-02-16"", ""2026-02-17"", ""2026-02-18"", ""2026-02-19"", ""2026-02-20"", ""2026-02-21"", ""2026-02-22"", ""2026-02-23"", ""2026-02-24"", ""2026-02-25"", ""2026-02-26"", ""2026-02-27"", ""2026-02-28"", ""2026-03-01"", ""2026-03-02"", ""2026-03-03"", ""2026-03-04"", ""2026-03-05"", ""2026-03-06"", ""2026-03-07"", ""2026-03-08"", ""2026-03-09"", ""2026-03-10"", ""2026-03-11"", ""2026-03-12"", ""2026-03-13"", ""2026-03-14"", ""2026-03-15"", ""2026-03-16"", ""2026-03-17"", ""2026-03-18"", ""2026-03-19"", ""2026-03-20"", ""2026-03-21"", ""2026-03-22"", ""2026-03-23"", ""2026-03-24"", ""2026-03-25"", ""2026-03-26"", ""2026-03-27"", ""2026-03-28"", ""2026-03-29"", ""2026-03-30"", ""2026-03-31"", ""2026-04-01"", ""2026-04-02"", ""2026-04-03"", ""2026-04-04"", ""2026-04-05"", ""2026-04-06"", ""2026-04-07""]",2026-01-08,2026-04-07,90.0,False,,,,
L,pooled,all,10747.0,448.0,2020-07-01,2026-04-07,18.679333137635822,33.37961706335495,18.679333137635822,9.339666568817911,18.679333137635822,0.0,-0.9136158523425828,14.436734939774748,12.807779459744177,0.0,0.0,0.0,0.0,4920.0,5827.0,0.0,0.0,0.0,0.0,0.0,4920.0,5827.0,0.0,0.0,0.0,0.0,0.0,4920.0,5827.0,0.0,0.0,0.0,"[""2020-07-01"", ""2020-07-02"", ""2020-07-03"", ""2020-07-04"", ""2020-07-05"", ""2020-07-06"", ""2020-07-07"", ""2020-07-08"", ""2020-07-09"", ""2020-07-10"", ""2020-07-11"", ""2020-07-12"", ""2020-07-13"", ""2020-07-14"", ""2020-07-15"", ""2020-07-16"", ""2020-07-17"", ""2020-07-18"", ""2020-07-19"", ""2020-07-20"", ""2020-07-21"", ""2020-07-22"", ""2020-07-23"", ""2020-07-24"", ""2020-07-25"", ""2020-07-26"", ""2020-07-27"", ""2020-07-28"", ""2020-07-29"", ""2020-07-30"", ""2020-07-31"", ""2020-08-01"", ""2020-08-02"", ""2020-08-03"", ""2020-08-04"", ""2020-08-05"", ""2020-08-06"", ""2020-08-07"", ""2020-08-08"", ""2020-08-09"", ""2020-08-10"", ""2020-08-11"", ""2020-08-12"", ""2020-08-13"", ""2020-08-14"", ""2020-08-15"", ""2020-08-16"", ""2020-08-17"", ""2020-08-18"", ""2020-08-19"", ""2020-08-20"", ""2020-08-21"", ""2020-08-22"", ""2020-08-23"", ""2020-08-24"", ""2020-08-25"", ""2020-08-26"", ""2020-08-27"", ""2020-08-28"", ""2020-08-29"", ""2020-08-30"", ""2020-08-31"", ""2020-09-01"", ""2020-09-02"", ""2020-09-03"", ""2020-09-04"", ""2020-09-05"", ""2020-09-06"", ""2020-09-07"", ""2020-09-08"", ""2020-09-09"", ""2020-09-10"", ""2020-09-11"", ""2020-09-12"", ""2020-09-13"", ""2020-09-14"", ""2020-09-15"", ""2020-09-16"", ""2020-09-17"", ""2020-09-18"", ""2020-09-19"", ""2020-09-20"", ""2020-09-21"", ""2020-09-22"", ""2020-09-23"", ""2020-09-24"", ""2020-09-25"", ""2020-09-26"", ""2020-09-27"", ""2020-09-28"", ""2021-04-01"", ""2021-04-02"", ""2021-04-03"", ""2021-04-04"", ""2021-04-05"", ""2021-04-06"", ""2021-04-07"", ""2021-04-08"", ""2021-04-09"", ""2021-04-10"", ""2021-04-11"", ""2021-04-12"", ""2021-04-13"", ""2021-04-14"", ""2021-04-15"", ""2021-04-16"", ""2021-04-17"", ""2021-04-18"", ""2021-04-19"", ""2021-04-20"", ""2021-04-21"", ""2021-04-22"", ""2021-04-23"", ""2021-04-24"", ""2021-04-25"", ""2021-04-26"", ""2021-04-27"", ""2021-04-28"", ""2021-04-29"", ""2021-04-30"", ""2021-05-01"", ""2021-05-02"", ""2021-05-03"", ""2021-05-04"", ""2021-05-05"", ""2021-05-06"", ""2021-05-07"", ""2021-05-08"", ""2021-05-09"", ""2021-05-10"", ""2021-05-11"", ""2021-05-12"", ""2021-05-13"", ""2021-05-14"", ""2021-05-15"", ""2021-05-16"", ""2021-05-17"", ""2021-05-18"", ""2021-05-19"", ""2021-05-20"", ""2021-05-21"", ""2021-05-22"", ""2021-05-23"", ""2021-05-24"", ""2021-05-25"", ""2021-05-26"", ""2021-05-27"", ""2021-05-28"", ""2021-05-29"", ""2021-05-30"", ""2021-05-31"", ""2021-06-01"", ""2021-06-02"", ""2021-06-03"", ""2021-06-04"", ""2021-06-05"", ""2021-06-06"", ""2021-06-07"", ""2021-06-08"", ""2021-06-09"", ""2021-06-10"", ""2021-06-11"", ""2021-06-12"", ""2021-06-13"", ""2021-06-14"", ""2021-06-15"", ""2021-06-16"", ""2021-06-17"", ""2021-06-18"", ""2021-06-19"", ""2021-06-20"", ""2021-06-21"", ""2021-06-22"", ""2021-06-23"", ""2021-06-24"", ""2021-06-25"", ""2021-06-26"", ""2021-06-27"", ""2021-06-28"", ""2021-06-29"", ""2022-07-01"", ""2022-07-02"", ""2022-07-03"", ""2022-07-04"", ""2022-07-05"", ""2022-07-06"", ""2022-07-07"", ""2022-07-08"", ""2022-07-09"", ""2022-07-10"", ""2022-07-11"", ""2022-07-12"", ""2022-07-13"", ""2022-07-14"", ""2022-07-15"", ""2022-07-16"", ""2022-07-17"", ""2022-07-18"", ""2022-07-19"", ""2022-07-22"", ""2022-07-23"", ""2022-07-24"", ""2022-07-25"", ""2022-07-26"", ""2022-07-27"", ""2022-07-28"", ""2022-07-29"", ""2022-07-30"", ""2022-07-31"", ""2022-08-01"", ""2022-08-02"", ""2022-08-03"", ""2022-08-04"", ""2022-08-05"", ""2022-08-06"", ""2022-08-07"", ""2022-08-08"", ""2022-08-09"", ""2022-08-10"", ""2022-08-11"", ""2022-08-12"", ""2022-08-13"", ""2022-08-14"", ""2022-08-15"", ""2022-08-16"", ""2022-08-17"", ""2022-08-18"", ""2022-08-19"", ""2022-08-20"", ""2022-08-21"", ""2022-08-22"", ""2022-08-23"", ""2022-08-24"", ""2022-08-25"", ""2022-08-26"", ""2022-08-27"", ""2022-08-28"", ""2022-08-29"", ""2022-08-30"", ""2022-08-31"", ""2022-09-01"", ""2022-09-02"", ""2022-09-03"", ""2022-09-04"", ""2022-09-05"", ""2022-09-06"", ""2022-09-07"", ""2022-09-08"", ""2022-09-09"", ""2022-09-10"", ""2022-09-11"", ""2022-09-12"", ""2022-09-13"", ""2022-09-14"", ""2022-09-15"", ""2022-09-16"", ""2022-09-17"", ""2022-09-18"", ""2022-09-19"", ""2022-09-20"", ""2022-09-21"", ""2022-09-22"", ""2022-09-23"", ""2022-09-24"", ""2022-09-25"", ""2022-09-26"", ""2022-09-27"", ""2022-09-28"", ""2025-05-01"", ""2025-05-02"", ""2025-05-03"", ""2025-05-04"", ""2025-05-05"", ""2025-05-06"", ""2025-05-07"", ""2025-05-08"", ""2025-05-09"", ""2025-05-10"", ""2025-05-11"", ""2025-05-12"", ""2025-05-13"", ""2025-05-14"", ""2025-05-15"", ""2025-05-16"", ""2025-05-17"", ""2025-05-18"", ""2025-05-19"", ""2025-05-20"", ""2025-05-21"", ""2025-05-22"", ""2025-05-23"", ""2025-05-24"", ""2025-05-25"", ""2025-05-26"", ""2025-05-27"", ""2025-05-28"", ""2025-05-29"", ""2025-05-30"", ""2025-05-31"", ""2025-06-01"", ""2025-06-02"", ""2025-06-03"", ""2025-06-04"", ""2025-06-05"", ""2025-06-06"", ""2025-06-07"", ""2025-06-08"", ""2025-06-09"", ""2025-06-10"", ""2025-06-11"", ""2025-06-12"", ""2025-06-13"", ""2025-06-14"", ""2025-06-15"", ""2025-06-16"", ""2025-06-17"", ""2025-06-18"", ""2025-06-19"", ""2025-06-20"", ""2025-06-21"", ""2025-06-22"", ""2025-06-23"", ""2025-06-24"", ""2025-06-25"", ""2025-06-26"", ""2025-06-27"", ""2025-06-28"", ""2025-06-29"", ""2025-06-30"", ""2025-07-01"", ""2025-07-02"", ""2025-07-03"", ""2025-07-04"", ""2025-07-05"", ""2025-07-06"", ""2025-07-07"", ""2025-07-08"", ""2025-07-09"", ""2025-07-10"", ""2025-07-11"", ""2025-07-12"", ""2025-07-13"", ""2025-07-14"", ""2025-07-15"", ""2025-07-16"", ""2025-07-17"", ""2025-07-18"", ""2025-07-19"", ""2025-07-20"", ""2025-07-21"", ""2025-07-22"", ""2025-07-23"", ""2025-07-24"", ""2025-07-25"", ""2025-07-26"", ""2025-07-27"", ""2025-07-28"", ""2025-07-29"", ""2026-01-08"", ""2026-01-09"", ""2026-01-10"", ""2026-01-11"", ""2026-01-12"", ""2026-01-13"", ""2026-01-14"", ""2026-01-15"", ""2026-01-16"", ""2026-01-17"", ""2026-01-18"", ""2026-01-19"", ""2026-01-20"", ""2026-01-21"", ""2026-01-22"", ""2026-01-23"", ""2026-01-24"", ""2026-01-25"", ""2026-01-26"", ""2026-01-27"", ""2026-01-28"", ""2026-01-29"", ""2026-01-30"", ""2026-01-31"", ""2026-02-01"", ""2026-02-02"", ""2026-02-03"", ""2026-02-04"", ""2026-02-05"", ""2026-02-06"", ""2026-02-07"", ""2026-02-08"", ""2026-02-09"", ""2026-02-10"", ""2026-02-11"", ""2026-02-12"", ""2026-02-13"", ""2026-02-14"", ""2026-02-15"", ""2026-02-16"", ""2026-02-17"", ""2026-02-18"", ""2026-02-19"", ""2026-02-20"", ""2026-02-21"", ""2026-02-22"", ""2026-02-23"", ""2026-02-24"", ""2026-02-25"", ""2026-02-26"", ""2026-02-27"", ""2026-02-28"", ""2026-03-01"", ""2026-03-02"", ""2026-03-03"", ""2026-03-04"", ""2026-03-05"", ""2026-03-06"", ""2026-03-07"", ""2026-03-08"", ""2026-03-09"", ""2026-03-10"", ""2026-03-11"", ""2026-03-12"", ""2026-03-13"", ""2026-03-14"", ""2026-03-15"", ""2026-03-16"", ""2026-03-17"", ""2026-03-18"", ""2026-03-19"", ""2026-03-20"", ""2026-03-21"", ""2026-03-22"", ""2026-03-23"", ""2026-03-24"", ""2026-03-25"", ""2026-03-26"", ""2026-03-27"", ""2026-03-28"", ""2026-03-29"", ""2026-03-30"", ""2026-03-31"", ""2026-04-01"", ""2026-04-02"", ""2026-04-03"", ""2026-04-04"", ""2026-04-05"", ""2026-04-06"", ""2026-04-07""]",,,,,0.569316527370853,0.9330054752866854,,
L,per_fold,fold_1,2160.0,90.0,2020-07-01,2020-09-28,4.818896581307262,8.21699323360206,4.818896581307262,2.409448290653631,4.818896581307262,0.0,-0.19425368630676593,3.7408567612848866,3.6489218201433973,0.0,0.0,0.0,0.0,1029.0,1131.0,0.0,0.0,0.0,0.0,0.0,1029.0,1131.0,0.0,0.0,0.0,0.0,0.0,1029.0,1131.0,0.0,0.0,0.0,"[""2020-07-01"", ""2020-07-02"", ""2020-07-03"", ""2020-07-04"", ""2020-07-05"", ""2020-07-06"", ""2020-07-07"", ""2020-07-08"", ""2020-07-09"", ""2020-07-10"", ""2020-07-11"", ""2020-07-12"", ""2020-07-13"", ""2020-07-14"", ""2020-07-15"", ""2020-07-16"", ""2020-07-17"", ""2020-07-18"", ""2020-07-19"", ""2020-07-20"", ""2020-07-21"", ""2020-07-22"", ""2020-07-23"", ""2020-07-24"", ""2020-07-25"", ""2020-07-26"", ""2020-07-27"", ""2020-07-28"", ""2020-07-29"", ""2020-07-30"", ""2020-07-31"", ""2020-08-01"", ""2020-08-02"", ""2020-08-03"", ""2020-08-04"", ""2020-08-05"", ""2020-08-06"", ""2020-08-07"", ""2020-08-08"", ""2020-08-09"", ""2020-08-10"", ""2020-08-11"", ""2020-08-12"", ""2020-08-13"", ""2020-08-14"", ""2020-08-15"", ""2020-08-16"", ""2020-08-17"", ""2020-08-18"", ""2020-08-19"", ""2020-08-20"", ""2020-08-21"", ""2020-08-22"", ""2020-08-23"", ""2020-08-24"", ""2020-08-25"", ""2020-08-26"", ""2020-08-27"", ""2020-08-28"", ""2020-08-29"", ""2020-08-30"", ""2020-08-31"", ""2020-09-01"", ""2020-09-02"", ""2020-09-03"", ""2020-09-04"", ""2020-09-05"", ""2020-09-06"", ""2020-09-07"", ""2020-09-08"", ""2020-09-09"", ""2020-09-10"", ""2020-09-11"", ""2020-09-12"", ""2020-09-13"", ""2020-09-14"", ""2020-09-15"", ""2020-09-16"", ""2020-09-17"", ""2020-09-18"", ""2020-09-19"", ""2020-09-20"", ""2020-09-21"", ""2020-09-22"", ""2020-09-23"", ""2020-09-24"", ""2020-09-25"", ""2020-09-26"", ""2020-09-27"", ""2020-09-28""]",2020-07-01,2020-09-28,90.0,False,,,,
L,per_fold,fold_2,2159.0,90.0,2021-04-01,2021-06-29,7.72248956718953,11.538347572484893,7.72248956718953,3.861244783594765,7.72248956718953,0.0,-0.27941553286143295,5.990189848493092,5.686206775660392,0.0,0.0,0.0,0.0,914.0,1245.0,0.0,0.0,0.0,0.0,0.0,914.0,1245.0,0.0,0.0,0.0,0.0,0.0,914.0,1245.0,0.0,0.0,0.0,"[""2021-04-01"", ""2021-04-02"", ""2021-04-03"", ""2021-04-04"", ""2021-04-05"", ""2021-04-06"", ""2021-04-07"", ""2021-04-08"", ""2021-04-09"", ""2021-04-10"", ""2021-04-11"", ""2021-04-12"", ""2021-04-13"", ""2021-04-14"", ""2021-04-15"", ""2021-04-16"", ""2021-04-17"", ""2021-04-18"", ""2021-04-19"", ""2021-04-20"", ""2021-04-21"", ""2021-04-22"", ""2021-04-23"", ""2021-04-24"", ""2021-04-25"", ""2021-04-26"", ""2021-04-27"", ""2021-04-28"", ""2021-04-29"", ""2021-04-30"", ""2021-05-01"", ""2021-05-02"", ""2021-05-03"", ""2021-05-04"", ""2021-05-05"", ""2021-05-06"", ""2021-05-07"", ""2021-05-08"", ""2021-05-09"", ""2021-05-10"", ""2021-05-11"", ""2021-05-12"", ""2021-05-13"", ""2021-05-14"", ""2021-05-15"", ""2021-05-16"", ""2021-05-17"", ""2021-05-18"", ""2021-05-19"", ""2021-05-20"", ""2021-05-21"", ""2021-05-22"", ""2021-05-23"", ""2021-05-24"", ""2021-05-25"", ""2021-05-26"", ""2021-05-27"", ""2021-05-28"", ""2021-05-29"", ""2021-05-30"", ""2021-05-31"", ""2021-06-01"", ""2021-06-02"", ""2021-06-03"", ""2021-06-04"", ""2021-06-05"", ""2021-06-06"", ""2021-06-07"", ""2021-06-08"", ""2021-06-09"", ""2021-06-10"", ""2021-06-11"", ""2021-06-12"", ""2021-06-13"", ""2021-06-14"", ""2021-06-15"", ""2021-06-16"", ""2021-06-17"", ""2021-06-18"", ""2021-06-19"", ""2021-06-20"", ""2021-06-21"", ""2021-06-22"", ""2021-06-23"", ""2021-06-24"", ""2021-06-25"", ""2021-06-26"", ""2021-06-27"", ""2021-06-28"", ""2021-06-29""]",2021-04-01,2021-06-29,90.0,False,,,,
L,per_fold,fold_3,2112.0,88.0,2022-07-01,2022-09-28,52.155407184610176,66.57649409192491,52.155407184610176,26.077703592305088,52.155407184610176,0.0,-1.8948333684435748,43.04163374372738,31.30935125656026,0.0,0.0,0.0,0.0,973.0,1139.0,0.0,0.0,0.0,0.0,0.0,973.0,1139.0,0.0,0.0,0.0,0.0,0.0,973.0,1139.0,0.0,0.0,0.0,"[""2022-07-01"", ""2022-07-02"", ""2022-07-03"", ""2022-07-04"", ""2022-07-05"", ""2022-07-06"", ""2022-07-07"", ""2022-07-08"", ""2022-07-09"", ""2022-07-10"", ""2022-07-11"", ""2022-07-12"", ""2022-07-13"", ""2022-07-14"", ""2022-07-15"", ""2022-07-16"", ""2022-07-17"", ""2022-07-18"", ""2022-07-19"", ""2022-07-22"", ""2022-07-23"", ""2022-07-24"", ""2022-07-25"", ""2022-07-26"", ""2022-07-27"", ""2022-07-28"", ""2022-07-29"", ""2022-07-30"", ""2022-07-31"", ""2022-08-01"", ""2022-08-02"", ""2022-08-03"", ""2022-08-04"", ""2022-08-05"", ""2022-08-06"", ""2022-08-07"", ""2022-08-08"", ""2022-08-09"", ""2022-08-10"", ""2022-08-11"", ""2022-08-12"", ""2022-08-13"", ""2022-08-14"", ""2022-08-15"", ""2022-08-16"", ""2022-08-17"", ""2022-08-18"", ""2022-08-19"", ""2022-08-20"", ""2022-08-21"", ""2022-08-22"", ""2022-08-23"", ""2022-08-24"", ""2022-08-25"", ""2022-08-26"", ""2022-08-27"", ""2022-08-28"", ""2022-08-29"", ""2022-08-30"", ""2022-08-31"", ""2022-09-01"", ""2022-09-02"", ""2022-09-03"", ""2022-09-04"", ""2022-09-05"", ""2022-09-06"", ""2022-09-07"", ""2022-09-08"", ""2022-09-09"", ""2022-09-10"", ""2022-09-11"", ""2022-09-12"", ""2022-09-13"", ""2022-09-14"", ""2022-09-15"", ""2022-09-16"", ""2022-09-17"", ""2022-09-18"", ""2022-09-19"", ""2022-09-20"", ""2022-09-21"", ""2022-09-22"", ""2022-09-23"", ""2022-09-24"", ""2022-09-25"", ""2022-09-26"", ""2022-09-27"", ""2022-09-28""]",2022-07-01,2022-09-28,90.0,True,,,,
L,per_fold,fold_4,2160.0,90.0,2025-05-01,2025-07-29,13.790100734544874,22.4075088939666,13.790100734544874,6.895050367272437,13.790100734544874,0.0,-1.3045754500922682,8.700185821974406,12.112111337895042,0.0,0.0,0.0,0.0,956.0,1204.0,0.0,0.0,0.0,0.0,0.0,956.0,1204.0,0.0,0.0,0.0,0.0,0.0,956.0,1204.0,0.0,0.0,0.0,"[""2025-05-01"", ""2025-05-02"", ""2025-05-03"", ""2025-05-04"", ""2025-05-05"", ""2025-05-06"", ""2025-05-07"", ""2025-05-08"", ""2025-05-09"", ""2025-05-10"", ""2025-05-11"", ""2025-05-12"", ""2025-05-13"", ""2025-05-14"", ""2025-05-15"", ""2025-05-16"", ""2025-05-17"", ""2025-05-18"", ""2025-05-19"", ""2025-05-20"", ""2025-05-21"", ""2025-05-22"", ""2025-05-23"", ""2025-05-24"", ""2025-05-25"", ""2025-05-26"", ""2025-05-27"", ""2025-05-28"", ""2025-05-29"", ""2025-05-30"", ""2025-05-31"", ""2025-06-01"", ""2025-06-02"", ""2025-06-03"", ""2025-06-04"", ""2025-06-05"", ""2025-06-06"", ""2025-06-07"", ""2025-06-08"", ""2025-06-09"", ""2025-06-10"", ""2025-06-11"", ""2025-06-12"", ""2025-06-13"", ""2025-06-14"", ""2025-06-15"", ""2025-06-16"", ""2025-06-17"", ""2025-06-18"", ""2025-06-19"", ""2025-06-20"", ""2025-06-21"", ""2025-06-22"", ""2025-06-23"", ""2025-06-24"", ""2025-06-25"", ""2025-06-26"", ""2025-06-27"", ""2025-06-28"", ""2025-06-29"", ""2025-06-30"", ""2025-07-01"", ""2025-07-02"", ""2025-07-03"", ""2025-07-04"", ""2025-07-05"", ""2025-07-06"", ""2025-07-07"", ""2025-07-08"", ""2025-07-09"", ""2025-07-10"", ""2025-07-11"", ""2025-07-12"", ""2025-07-13"", ""2025-07-14"", ""2025-07-15"", ""2025-07-16"", ""2025-07-17"", ""2025-07-18"", ""2025-07-19"", ""2025-07-20"", ""2025-07-21"", ""2025-07-22"", ""2025-07-23"", ""2025-07-24"", ""2025-07-25"", ""2025-07-26"", ""2025-07-27"", ""2025-07-28"", ""2025-07-29""]",2025-05-01,2025-07-29,90.0,False,,,,
L,per_fold,fold_5,2156.0,90.0,2026-01-08,2026-04-07,15.64298890467193,22.53835275532882,15.64298890467193,7.821494452335965,15.64298890467193,0.0,-0.9165178204560105,11.34647294125958,11.68808160946271,0.0,0.0,0.0,0.0,1048.0,1108.0,0.0,0.0,0.0,0.0,0.0,1048.0,1108.0,0.0,0.0,0.0,0.0,0.0,1048.0,1108.0,0.0,0.0,0.0,"[""2026-01-08"", ""2026-01-09"", ""2026-01-10"", ""2026-01-11"", ""2026-01-12"", ""2026-01-13"", ""2026-01-14"", ""2026-01-15"", ""2026-01-16"", ""2026-01-17"", ""2026-01-18"", ""2026-01-19"", ""2026-01-20"", ""2026-01-21"", ""2026-01-22"", ""2026-01-23"", ""2026-01-24"", ""2026-01-25"", ""2026-01-26"", ""2026-01-27"", ""2026-01-28"", ""2026-01-29"", ""2026-01-30"", ""2026-01-31"", ""2026-02-01"", ""2026-02-02"", ""2026-02-03"", ""2026-02-04"", ""2026-02-05"", ""2026-02-06"", ""2026-02-07"", ""2026-02-08"", ""2026-02-09"", ""2026-02-10"", ""2026-02-11"", ""2026-02-12"", ""2026-02-13"", ""2026-02-14"", ""2026-02-15"", ""2026-02-16"", ""2026-02-17"", ""2026-02-18"", ""2026-02-19"", ""2026-02-20"", ""2026-02-21"", ""2026-02-22"", ""2026-02-23"", ""2026-02-24"", ""2026-02-25"", ""2026-02-26"", ""2026-02-27"", ""2026-02-28"", ""2026-03-01"", ""2026-03-02"", ""2026-03-03"", ""2026-03-04"", ""2026-03-05"", ""2026-03-06"", ""2026-03-07"", ""2026-03-08"", ""2026-03-09"", ""2026-03-10"", ""2026-03-11"", ""2026-03-12"", ""2026-03-13"", ""2026-03-14"", ""2026-03-15"", ""2026-03-16"", ""2026-03-17"", ""2026-03-18"", ""2026-03-19"", ""2026-03-20"", ""2026-03-21"", ""2026-03-22"", ""2026-03-23"", ""2026-03-24"", ""2026-03-25"", ""2026-03-26"", ""2026-03-27"", ""2026-03-28"", ""2026-03-29"", ""2026-03-30"", ""2026-03-31"", ""2026-04-01"", ""2026-04-02"", ""2026-04-03"", ""2026-04-04"", ""2026-04-05"", ""2026-04-06"", ""2026-04-07""]",2026-01-08,2026-04-07,90.0,False,,,,
v5,pooled,all,10747.0,448.0,2020-07-01,2026-04-07,17.05033286364895,30.691781389764298,9.977221704544798,4.988610852272399,16.7572320543564,0.2931008092925512,1.443982485402592,13.121184997500151,12.0599679322888,0.0,0.0,0.4915790453149716,5283.0,2769.0,2695.0,25.33548527712489,16.146405837022954,80.707058527917,0.7923141341769796,8515.0,1092.0,1140.0,54.71612875744512,35.28845824787204,175.34410631127813,0.9395180050246581,10097.0,310.0,340.0,100.24814251869648,68.31094879220998,303.1521865183784,"[""2020-07-01"", ""2020-07-02"", ""2020-07-03"", ""2020-07-04"", ""2020-07-05"", ""2020-07-06"", ""2020-07-07"", ""2020-07-08"", ""2020-07-09"", ""2020-07-10"", ""2020-07-11"", ""2020-07-12"", ""2020-07-13"", ""2020-07-14"", ""2020-07-15"", ""2020-07-16"", ""2020-07-17"", ""2020-07-18"", ""2020-07-19"", ""2020-07-20"", ""2020-07-21"", ""2020-07-22"", ""2020-07-23"", ""2020-07-24"", ""2020-07-25"", ""2020-07-26"", ""2020-07-27"", ""2020-07-28"", ""2020-07-29"", ""2020-07-30"", ""2020-07-31"", ""2020-08-01"", ""2020-08-02"", ""2020-08-03"", ""2020-08-04"", ""2020-08-05"", ""2020-08-06"", ""2020-08-07"", ""2020-08-08"", ""2020-08-09"", ""2020-08-10"", ""2020-08-11"", ""2020-08-12"", ""2020-08-13"", ""2020-08-14"", ""2020-08-15"", ""2020-08-16"", ""2020-08-17"", ""2020-08-18"", ""2020-08-19"", ""2020-08-20"", ""2020-08-21"", ""2020-08-22"", ""2020-08-23"", ""2020-08-24"", ""2020-08-25"", ""2020-08-26"", ""2020-08-27"", ""2020-08-28"", ""2020-08-29"", ""2020-08-30"", ""2020-08-31"", ""2020-09-01"", ""2020-09-02"", ""2020-09-03"", ""2020-09-04"", ""2020-09-05"", ""2020-09-06"", ""2020-09-07"", ""2020-09-08"", ""2020-09-09"", ""2020-09-10"", ""2020-09-11"", ""2020-09-12"", ""2020-09-13"", ""2020-09-14"", ""2020-09-15"", ""2020-09-16"", ""2020-09-17"", ""2020-09-18"", ""2020-09-19"", ""2020-09-20"", ""2020-09-21"", ""2020-09-22"", ""2020-09-23"", ""2020-09-24"", ""2020-09-25"", ""2020-09-26"", ""2020-09-27"", ""2020-09-28"", ""2021-04-01"", ""2021-04-02"", ""2021-04-03"", ""2021-04-04"", ""2021-04-05"", ""2021-04-06"", ""2021-04-07"", ""2021-04-08"", ""2021-04-09"", ""2021-04-10"", ""2021-04-11"", ""2021-04-12"", ""2021-04-13"", ""2021-04-14"", ""2021-04-15"", ""2021-04-16"", ""2021-04-17"", ""2021-04-18"", ""2021-04-19"", ""2021-04-20"", ""2021-04-21"", ""2021-04-22"", ""2021-04-23"", ""2021-04-24"", ""2021-04-25"", ""2021-04-26"", ""2021-04-27"", ""2021-04-28"", ""2021-04-29"", ""2021-04-30"", ""2021-05-01"", ""2021-05-02"", ""2021-05-03"", ""2021-05-04"", ""2021-05-05"", ""2021-05-06"", ""2021-05-07"", ""2021-05-08"", ""2021-05-09"", ""2021-05-10"", ""2021-05-11"", ""2021-05-12"", ""2021-05-13"", ""2021-05-14"", ""2021-05-15"", ""2021-05-16"", ""2021-05-17"", ""2021-05-18"", ""2021-05-19"", ""2021-05-20"", ""2021-05-21"", ""2021-05-22"", ""2021-05-23"", ""2021-05-24"", ""2021-05-25"", ""2021-05-26"", ""2021-05-27"", ""2021-05-28"", ""2021-05-29"", ""2021-05-30"", ""2021-05-31"", ""2021-06-01"", ""2021-06-02"", ""2021-06-03"", ""2021-06-04"", ""2021-06-05"", ""2021-06-06"", ""2021-06-07"", ""2021-06-08"", ""2021-06-09"", ""2021-06-10"", ""2021-06-11"", ""2021-06-12"", ""2021-06-13"", ""2021-06-14"", ""2021-06-15"", ""2021-06-16"", ""2021-06-17"", ""2021-06-18"", ""2021-06-19"", ""2021-06-20"", ""2021-06-21"", ""2021-06-22"", ""2021-06-23"", ""2021-06-24"", ""2021-06-25"", ""2021-06-26"", ""2021-06-27"", ""2021-06-28"", ""2021-06-29"", ""2022-07-01"", ""2022-07-02"", ""2022-07-03"", ""2022-07-04"", ""2022-07-05"", ""2022-07-06"", ""2022-07-07"", ""2022-07-08"", ""2022-07-09"", ""2022-07-10"", ""2022-07-11"", ""2022-07-12"", ""2022-07-13"", ""2022-07-14"", ""2022-07-15"", ""2022-07-16"", ""2022-07-17"", ""2022-07-18"", ""2022-07-19"", ""2022-07-22"", ""2022-07-23"", ""2022-07-24"", ""2022-07-25"", ""2022-07-26"", ""2022-07-27"", ""2022-07-28"", ""2022-07-29"", ""2022-07-30"", ""2022-07-31"", ""2022-08-01"", ""2022-08-02"", ""2022-08-03"", ""2022-08-04"", ""2022-08-05"", ""2022-08-06"", ""2022-08-07"", ""2022-08-08"", ""2022-08-09"", ""2022-08-10"", ""2022-08-11"", ""2022-08-12"", ""2022-08-13"", ""2022-08-14"", ""2022-08-15"", ""2022-08-16"", ""2022-08-17"", ""2022-08-18"", ""2022-08-19"", ""2022-08-20"", ""2022-08-21"", ""2022-08-22"", ""2022-08-23"", ""2022-08-24"", ""2022-08-25"", ""2022-08-26"", ""2022-08-27"", ""2022-08-28"", ""2022-08-29"", ""2022-08-30"", ""2022-08-31"", ""2022-09-01"", ""2022-09-02"", ""2022-09-03"", ""2022-09-04"", ""2022-09-05"", ""2022-09-06"", ""2022-09-07"", ""2022-09-08"", ""2022-09-09"", ""2022-09-10"", ""2022-09-11"", ""2022-09-12"", ""2022-09-13"", ""2022-09-14"", ""2022-09-15"", ""2022-09-16"", ""2022-09-17"", ""2022-09-18"", ""2022-09-19"", ""2022-09-20"", ""2022-09-21"", ""2022-09-22"", ""2022-09-23"", ""2022-09-24"", ""2022-09-25"", ""2022-09-26"", ""2022-09-27"", ""2022-09-28"", ""2025-05-01"", ""2025-05-02"", ""2025-05-03"", ""2025-05-04"", ""2025-05-05"", ""2025-05-06"", ""2025-05-07"", ""2025-05-08"", ""2025-05-09"", ""2025-05-10"", ""2025-05-11"", ""2025-05-12"", ""2025-05-13"", ""2025-05-14"", ""2025-05-15"", ""2025-05-16"", ""2025-05-17"", ""2025-05-18"", ""2025-05-19"", ""2025-05-20"", ""2025-05-21"", ""2025-05-22"", ""2025-05-23"", ""2025-05-24"", ""2025-05-25"", ""2025-05-26"", ""2025-05-27"", ""2025-05-28"", ""2025-05-29"", ""2025-05-30"", ""2025-05-31"", ""2025-06-01"", ""2025-06-02"", ""2025-06-03"", ""2025-06-04"", ""2025-06-05"", ""2025-06-06"", ""2025-06-07"", ""2025-06-08"", ""2025-06-09"", ""2025-06-10"", ""2025-06-11"", ""2025-06-12"", ""2025-06-13"", ""2025-06-14"", ""2025-06-15"", ""2025-06-16"", ""2025-06-17"", ""2025-06-18"", ""2025-06-19"", ""2025-06-20"", ""2025-06-21"", ""2025-06-22"", ""2025-06-23"", ""2025-06-24"", ""2025-06-25"", ""2025-06-26"", ""2025-06-27"", ""2025-06-28"", ""2025-06-29"", ""2025-06-30"", ""2025-07-01"", ""2025-07-02"", ""2025-07-03"", ""2025-07-04"", ""2025-07-05"", ""2025-07-06"", ""2025-07-07"", ""2025-07-08"", ""2025-07-09"", ""2025-07-10"", ""2025-07-11"", ""2025-07-12"", ""2025-07-13"", ""2025-07-14"", ""2025-07-15"", ""2025-07-16"", ""2025-07-17"", ""2025-07-18"", ""2025-07-19"", ""2025-07-20"", ""2025-07-21"", ""2025-07-22"", ""2025-07-23"", ""2025-07-24"", ""2025-07-25"", ""2025-07-26"", ""2025-07-27"", ""2025-07-28"", ""2025-07-29"", ""2026-01-08"", ""2026-01-09"", ""2026-01-10"", ""2026-01-11"", ""2026-01-12"", ""2026-01-13"", ""2026-01-14"", ""2026-01-15"", ""2026-01-16"", ""2026-01-17"", ""2026-01-18"", ""2026-01-19"", ""2026-01-20"", ""2026-01-21"", ""2026-01-22"", ""2026-01-23"", ""2026-01-24"", ""2026-01-25"", ""2026-01-26"", ""2026-01-27"", ""2026-01-28"", ""2026-01-29"", ""2026-01-30"", ""2026-01-31"", ""2026-02-01"", ""2026-02-02"", ""2026-02-03"", ""2026-02-04"", ""2026-02-05"", ""2026-02-06"", ""2026-02-07"", ""2026-02-08"", ""2026-02-09"", ""2026-02-10"", ""2026-02-11"", ""2026-02-12"", ""2026-02-13"", ""2026-02-14"", ""2026-02-15"", ""2026-02-16"", ""2026-02-17"", ""2026-02-18"", ""2026-02-19"", ""2026-02-20"", ""2026-02-21"", ""2026-02-22"", ""2026-02-23"", ""2026-02-24"", ""2026-02-25"", ""2026-02-26"", ""2026-02-27"", ""2026-02-28"", ""2026-03-01"", ""2026-03-02"", ""2026-03-03"", ""2026-03-04"", ""2026-03-05"", ""2026-03-06"", ""2026-03-07"", ""2026-03-08"", ""2026-03-09"", ""2026-03-10"", ""2026-03-11"", ""2026-03-12"", ""2026-03-13"", ""2026-03-14"", ""2026-03-15"", ""2026-03-16"", ""2026-03-17"", ""2026-03-18"", ""2026-03-19"", ""2026-03-20"", ""2026-03-21"", ""2026-03-22"", ""2026-03-23"", ""2026-03-24"", ""2026-03-25"", ""2026-03-26"", ""2026-03-27"", ""2026-03-28"", ""2026-03-29"", ""2026-03-30"", ""2026-03-31"", ""2026-04-01"", ""2026-04-02"", ""2026-04-03"", ""2026-04-04"", ""2026-04-05"", ""2026-04-06"", ""2026-04-07""]",,,,,0.5196671757457793,0.49834768778408517,,
v5,per_fold,fold_1,2160.0,90.0,2020-07-01,2020-09-28,4.822195602954773,8.180330608187655,2.9495279679830233,1.4747639839915117,4.720310745915227,0.10188485703954574,0.43661857661148823,3.9351108259929126,3.5466574783705864,0.0,0.0,0.48009259259259257,1037.0,582.0,541.0,6.7519137044746085,5.881481315876464,12.477190182124568,0.7870370370370371,1700.0,216.0,244.0,15.434957873567813,13.455293173592288,30.28373065072214,0.937037037037037,2024.0,61.0,75.0,27.16161627065284,23.50045472384774,54.58985521514207,"[""2020-07-01"", ""2020-07-02"", ""2020-07-03"", ""2020-07-04"", ""2020-07-05"", ""2020-07-06"", ""2020-07-07"", ""2020-07-08"", ""2020-07-09"", ""2020-07-10"", ""2020-07-11"", ""2020-07-12"", ""2020-07-13"", ""2020-07-14"", ""2020-07-15"", ""2020-07-16"", ""2020-07-17"", ""2020-07-18"", ""2020-07-19"", ""2020-07-20"", ""2020-07-21"", ""2020-07-22"", ""2020-07-23"", ""2020-07-24"", ""2020-07-25"", ""2020-07-26"", ""2020-07-27"", ""2020-07-28"", ""2020-07-29"", ""2020-07-30"", ""2020-07-31"", ""2020-08-01"", ""2020-08-02"", ""2020-08-03"", ""2020-08-04"", ""2020-08-05"", ""2020-08-06"", ""2020-08-07"", ""2020-08-08"", ""2020-08-09"", ""2020-08-10"", ""2020-08-11"", ""2020-08-12"", ""2020-08-13"", ""2020-08-14"", ""2020-08-15"", ""2020-08-16"", ""2020-08-17"", ""2020-08-18"", ""2020-08-19"", ""2020-08-20"", ""2020-08-21"", ""2020-08-22"", ""2020-08-23"", ""2020-08-24"", ""2020-08-25"", ""2020-08-26"", ""2020-08-27"", ""2020-08-28"", ""2020-08-29"", ""2020-08-30"", ""2020-08-31"", ""2020-09-01"", ""2020-09-02"", ""2020-09-03"", ""2020-09-04"", ""2020-09-05"", ""2020-09-06"", ""2020-09-07"", ""2020-09-08"", ""2020-09-09"", ""2020-09-10"", ""2020-09-11"", ""2020-09-12"", ""2020-09-13"", ""2020-09-14"", ""2020-09-15"", ""2020-09-16"", ""2020-09-17"", ""2020-09-18"", ""2020-09-19"", ""2020-09-20"", ""2020-09-21"", ""2020-09-22"", ""2020-09-23"", ""2020-09-24"", ""2020-09-25"", ""2020-09-26"", ""2020-09-27"", ""2020-09-28""]",2020-07-01,2020-09-28,90.0,False,,,,
v5,per_fold,fold_2,2159.0,90.0,2021-04-01,2021-06-29,7.520377963590854,11.362938398802855,4.638419772607081,2.319209886303541,7.603122291228623,-0.08274432763777051,1.2694517720920357,5.818127545341398,5.411479714844297,0.0,0.0,0.5257063455303381,1135.0,510.0,514.0,11.43228228172938,10.790812931202353,20.464594025177412,0.8045391384900417,1737.0,200.0,222.0,25.152065096816937,23.115193317262303,44.64479588155177,0.9397869383974062,2029.0,62.0,68.0,51.33088613367139,46.29875741322698,89.06713681696247,"[""2021-04-01"", ""2021-04-02"", ""2021-04-03"", ""2021-04-04"", ""2021-04-05"", ""2021-04-06"", ""2021-04-07"", ""2021-04-08"", ""2021-04-09"", ""2021-04-10"", ""2021-04-11"", ""2021-04-12"", ""2021-04-13"", ""2021-04-14"", ""2021-04-15"", ""2021-04-16"", ""2021-04-17"", ""2021-04-18"", ""2021-04-19"", ""2021-04-20"", ""2021-04-21"", ""2021-04-22"", ""2021-04-23"", ""2021-04-24"", ""2021-04-25"", ""2021-04-26"", ""2021-04-27"", ""2021-04-28"", ""2021-04-29"", ""2021-04-30"", ""2021-05-01"", ""2021-05-02"", ""2021-05-03"", ""2021-05-04"", ""2021-05-05"", ""2021-05-06"", ""2021-05-07"", ""2021-05-08"", ""2021-05-09"", ""2021-05-10"", ""2021-05-11"", ""2021-05-12"", ""2021-05-13"", ""2021-05-14"", ""2021-05-15"", ""2021-05-16"", ""2021-05-17"", ""2021-05-18"", ""2021-05-19"", ""2021-05-20"", ""2021-05-21"", ""2021-05-22"", ""2021-05-23"", ""2021-05-24"", ""2021-05-25"", ""2021-05-26"", ""2021-05-27"", ""2021-05-28"", ""2021-05-29"", ""2021-05-30"", ""2021-05-31"", ""2021-06-01"", ""2021-06-02"", ""2021-06-03"", ""2021-06-04"", ""2021-06-05"", ""2021-06-06"", ""2021-06-07"", ""2021-06-08"", ""2021-06-09"", ""2021-06-10"", ""2021-06-11"", ""2021-06-12"", ""2021-06-13"", ""2021-06-14"", ""2021-06-15"", ""2021-06-16"", ""2021-06-17"", ""2021-06-18"", ""2021-06-19"", ""2021-06-20"", ""2021-06-21"", ""2021-06-22"", ""2021-06-23"", ""2021-06-24"", ""2021-06-25"", ""2021-06-26"", ""2021-06-27"", ""2021-06-28"", ""2021-06-29""]",2021-04-01,2021-06-29,90.0,False,,,,
v5,per_fold,fold_3,2112.0,88.0,2022-07-01,2022-09-28,45.498738600341206,60.80874705053627,26.244931611817588,13.122465805908794,44.36939230789517,1.1293462924460438,6.534696642837916,37.78020574546065,28.622872023540392,0.0,0.0,0.47821969696969696,1010.0,595.0,507.0,67.5765949738377,65.65503155432458,101.64022566862826,0.7807765151515151,1649.0,248.0,215.0,146.4699128179444,140.7781525630552,220.43112239490446,0.9384469696969697,1982.0,67.0,63.0,258.03101750705105,244.2153515380969,400.0097645984607,"[""2022-07-01"", ""2022-07-02"", ""2022-07-03"", ""2022-07-04"", ""2022-07-05"", ""2022-07-06"", ""2022-07-07"", ""2022-07-08"", ""2022-07-09"", ""2022-07-10"", ""2022-07-11"", ""2022-07-12"", ""2022-07-13"", ""2022-07-14"", ""2022-07-15"", ""2022-07-16"", ""2022-07-17"", ""2022-07-18"", ""2022-07-19"", ""2022-07-22"", ""2022-07-23"", ""2022-07-24"", ""2022-07-25"", ""2022-07-26"", ""2022-07-27"", ""2022-07-28"", ""2022-07-29"", ""2022-07-30"", ""2022-07-31"", ""2022-08-01"", ""2022-08-02"", ""2022-08-03"", ""2022-08-04"", ""2022-08-05"", ""2022-08-06"", ""2022-08-07"", ""2022-08-08"", ""2022-08-09"", ""2022-08-10"", ""2022-08-11"", ""2022-08-12"", ""2022-08-13"", ""2022-08-14"", ""2022-08-15"", ""2022-08-16"", ""2022-08-17"", ""2022-08-18"", ""2022-08-19"", ""2022-08-20"", ""2022-08-21"", ""2022-08-22"", ""2022-08-23"", ""2022-08-24"", ""2022-08-25"", ""2022-08-26"", ""2022-08-27"", ""2022-08-28"", ""2022-08-29"", ""2022-08-30"", ""2022-08-31"", ""2022-09-01"", ""2022-09-02"", ""2022-09-03"", ""2022-09-04"", ""2022-09-05"", ""2022-09-06"", ""2022-09-07"", ""2022-09-08"", ""2022-09-09"", ""2022-09-10"", ""2022-09-11"", ""2022-09-12"", ""2022-09-13"", ""2022-09-14"", ""2022-09-15"", ""2022-09-16"", ""2022-09-17"", ""2022-09-18"", ""2022-09-19"", ""2022-09-20"", ""2022-09-21"", ""2022-09-22"", ""2022-09-23"", ""2022-09-24"", ""2022-09-25"", ""2022-09-26"", ""2022-09-27"", ""2022-09-28""]",2022-07-01,2022-09-28,90.0,True,,,,
v5,per_fold,fold_4,2160.0,90.0,2025-05-01,2025-07-29,13.585995368187735,20.93628891146274,7.956736956789559,3.9783684783947795,13.477289021365674,0.10870634682206129,0.10103278126801456,7.906717636533597,12.052019722963193,0.0,0.0,0.47638888888888886,1029.0,539.0,592.0,19.78857754086653,19.828046430354043,30.91836088109533,0.7847222222222222,1695.0,215.0,250.0,40.34045700540458,39.95045776065901,60.40496218511262,0.9328703703703703,2015.0,70.0,75.0,72.41120013809389,70.76333562500191,108.41859259844198,"[""2025-05-01"", ""2025-05-02"", ""2025-05-03"", ""2025-05-04"", ""2025-05-05"", ""2025-05-06"", ""2025-05-07"", ""2025-05-08"", ""2025-05-09"", ""2025-05-10"", ""2025-05-11"", ""2025-05-12"", ""2025-05-13"", ""2025-05-14"", ""2025-05-15"", ""2025-05-16"", ""2025-05-17"", ""2025-05-18"", ""2025-05-19"", ""2025-05-20"", ""2025-05-21"", ""2025-05-22"", ""2025-05-23"", ""2025-05-24"", ""2025-05-25"", ""2025-05-26"", ""2025-05-27"", ""2025-05-28"", ""2025-05-29"", ""2025-05-30"", ""2025-05-31"", ""2025-06-01"", ""2025-06-02"", ""2025-06-03"", ""2025-06-04"", ""2025-06-05"", ""2025-06-06"", ""2025-06-07"", ""2025-06-08"", ""2025-06-09"", ""2025-06-10"", ""2025-06-11"", ""2025-06-12"", ""2025-06-13"", ""2025-06-14"", ""2025-06-15"", ""2025-06-16"", ""2025-06-17"", ""2025-06-18"", ""2025-06-19"", ""2025-06-20"", ""2025-06-21"", ""2025-06-22"", ""2025-06-23"", ""2025-06-24"", ""2025-06-25"", ""2025-06-26"", ""2025-06-27"", ""2025-06-28"", ""2025-06-29"", ""2025-06-30"", ""2025-07-01"", ""2025-07-02"", ""2025-07-03"", ""2025-07-04"", ""2025-07-05"", ""2025-07-06"", ""2025-07-07"", ""2025-07-08"", ""2025-07-09"", ""2025-07-10"", ""2025-07-11"", ""2025-07-12"", ""2025-07-13"", ""2025-07-14"", ""2025-07-15"", ""2025-07-16"", ""2025-07-17"", ""2025-07-18"", ""2025-07-19"", ""2025-07-20"", ""2025-07-21"", ""2025-07-22"", ""2025-07-23"", ""2025-07-24"", ""2025-07-25"", ""2025-07-26"", ""2025-07-27"", ""2025-07-28"", ""2025-07-29""]",2025-05-01,2025-07-29,90.0,False,,,,
v5,per_fold,fold_5,2156.0,90.0,2026-01-08,2026-04-07,14.447311150581719,20.923414975182244,8.452702025981791,4.226351012990896,14.220714197497358,0.2265969530843594,-1.0133918590067044,10.713741473015766,11.02988970100214,0.0,0.0,0.4972170686456401,1072.0,543.0,541.0,22.05423615599506,22.36823053415892,38.01274810523613,0.8042671614100185,1734.0,213.0,209.0,48.19646345183489,48.67996107012419,81.15366280545348,0.949443413729128,2047.0,50.0,59.0,95.78135995735141,94.95653315705451,164.0941689870276,"[""2026-01-08"", ""2026-01-09"", ""2026-01-10"", ""2026-01-11"", ""2026-01-12"", ""2026-01-13"", ""2026-01-14"", ""2026-01-15"", ""2026-01-16"", ""2026-01-17"", ""2026-01-18"", ""2026-01-19"", ""2026-01-20"", ""2026-01-21"", ""2026-01-22"", ""2026-01-23"", ""2026-01-24"", ""2026-01-25"", ""2026-01-26"", ""2026-01-27"", ""2026-01-28"", ""2026-01-29"", ""2026-01-30"", ""2026-01-31"", ""2026-02-01"", ""2026-02-02"", ""2026-02-03"", ""2026-02-04"", ""2026-02-05"", ""2026-02-06"", ""2026-02-07"", ""2026-02-08"", ""2026-02-09"", ""2026-02-10"", ""2026-02-11"", ""2026-02-12"", ""2026-02-13"", ""2026-02-14"", ""2026-02-15"", ""2026-02-16"", ""2026-02-17"", ""2026-02-18"", ""2026-02-19"", ""2026-02-20"", ""2026-02-21"", ""2026-02-22"", ""2026-02-23"", ""2026-02-24"", ""2026-02-25"", ""2026-02-26"", ""2026-02-27"", ""2026-02-28"", ""2026-03-01"", ""2026-03-02"", ""2026-03-03"", ""2026-03-04"", ""2026-03-05"", ""2026-03-06"", ""2026-03-07"", ""2026-03-08"", ""2026-03-09"", ""2026-03-10"", ""2026-03-11"", ""2026-03-12"", ""2026-03-13"", ""2026-03-14"", ""2026-03-15"", ""2026-03-16"", ""2026-03-17"", ""2026-03-18"", ""2026-03-19"", ""2026-03-20"", ""2026-03-21"", ""2026-03-22"", ""2026-03-23"", ""2026-03-24"", ""2026-03-25"", ""2026-03-26"", ""2026-03-27"", ""2026-03-28"", ""2026-03-29"", ""2026-03-30"", ""2026-03-31"", ""2026-04-01"", ""2026-04-02"", ""2026-04-03"", ""2026-04-04"", ""2026-04-05"", ""2026-04-06"", ""2026-04-07""]",2026-01-08,2026-04-07,90.0,False,,,,
v3+D2,pooled,all,10747.0,448.0,2020-07-01,2026-04-07,16.77563411819288,30.2288426510723,9.833662588518465,4.916831294259232,16.52675923517181,0.2488748830210705,1.5332221719131935,12.65292265966752,12.080122134283663,0.0,0.0,0.49344002977575135,5303.0,2773.0,2671.0,24.81206605150424,15.63247684150732,78.91601240130277,0.7943612170838373,8537.0,1097.0,1113.0,53.72513513348378,34.96312109682852,170.1426743656077,0.9394249558016191,10096.0,305.0,346.0,99.31795516617564,68.11799260033668,299.89925155933395,"[""2020-07-01"", ""2020-07-02"", ""2020-07-03"", ""2020-07-04"", ""2020-07-05"", ""2020-07-06"", ""2020-07-07"", ""2020-07-08"", ""2020-07-09"", ""2020-07-10"", ""2020-07-11"", ""2020-07-12"", ""2020-07-13"", ""2020-07-14"", ""2020-07-15"", ""2020-07-16"", ""2020-07-17"", ""2020-07-18"", ""2020-07-19"", ""2020-07-20"", ""2020-07-21"", ""2020-07-22"", ""2020-07-23"", ""2020-07-24"", ""2020-07-25"", ""2020-07-26"", ""2020-07-27"", ""2020-07-28"", ""2020-07-29"", ""2020-07-30"", ""2020-07-31"", ""2020-08-01"", ""2020-08-02"", ""2020-08-03"", ""2020-08-04"", ""2020-08-05"", ""2020-08-06"", ""2020-08-07"", ""2020-08-08"", ""2020-08-09"", ""2020-08-10"", ""2020-08-11"", ""2020-08-12"", ""2020-08-13"", ""2020-08-14"", ""2020-08-15"", ""2020-08-16"", ""2020-08-17"", ""2020-08-18"", ""2020-08-19"", ""2020-08-20"", ""2020-08-21"", ""2020-08-22"", ""2020-08-23"", ""2020-08-24"", ""2020-08-25"", ""2020-08-26"", ""2020-08-27"", ""2020-08-28"", ""2020-08-29"", ""2020-08-30"", ""2020-08-31"", ""2020-09-01"", ""2020-09-02"", ""2020-09-03"", ""2020-09-04"", ""2020-09-05"", ""2020-09-06"", ""2020-09-07"", ""2020-09-08"", ""2020-09-09"", ""2020-09-10"", ""2020-09-11"", ""2020-09-12"", ""2020-09-13"", ""2020-09-14"", ""2020-09-15"", ""2020-09-16"", ""2020-09-17"", ""2020-09-18"", ""2020-09-19"", ""2020-09-20"", ""2020-09-21"", ""2020-09-22"", ""2020-09-23"", ""2020-09-24"", ""2020-09-25"", ""2020-09-26"", ""2020-09-27"", ""2020-09-28"", ""2021-04-01"", ""2021-04-02"", ""2021-04-03"", ""2021-04-04"", ""2021-04-05"", ""2021-04-06"", ""2021-04-07"", ""2021-04-08"", ""2021-04-09"", ""2021-04-10"", ""2021-04-11"", ""2021-04-12"", ""2021-04-13"", ""2021-04-14"", ""2021-04-15"", ""2021-04-16"", ""2021-04-17"", ""2021-04-18"", ""2021-04-19"", ""2021-04-20"", ""2021-04-21"", ""2021-04-22"", ""2021-04-23"", ""2021-04-24"", ""2021-04-25"", ""2021-04-26"", ""2021-04-27"", ""2021-04-28"", ""2021-04-29"", ""2021-04-30"", ""2021-05-01"", ""2021-05-02"", ""2021-05-03"", ""2021-05-04"", ""2021-05-05"", ""2021-05-06"", ""2021-05-07"", ""2021-05-08"", ""2021-05-09"", ""2021-05-10"", ""2021-05-11"", ""2021-05-12"", ""2021-05-13"", ""2021-05-14"", ""2021-05-15"", ""2021-05-16"", ""2021-05-17"", ""2021-05-18"", ""2021-05-19"", ""2021-05-20"", ""2021-05-21"", ""2021-05-22"", ""2021-05-23"", ""2021-05-24"", ""2021-05-25"", ""2021-05-26"", ""2021-05-27"", ""2021-05-28"", ""2021-05-29"", ""2021-05-30"", ""2021-05-31"", ""2021-06-01"", ""2021-06-02"", ""2021-06-03"", ""2021-06-04"", ""2021-06-05"", ""2021-06-06"", ""2021-06-07"", ""2021-06-08"", ""2021-06-09"", ""2021-06-10"", ""2021-06-11"", ""2021-06-12"", ""2021-06-13"", ""2021-06-14"", ""2021-06-15"", ""2021-06-16"", ""2021-06-17"", ""2021-06-18"", ""2021-06-19"", ""2021-06-20"", ""2021-06-21"", ""2021-06-22"", ""2021-06-23"", ""2021-06-24"", ""2021-06-25"", ""2021-06-26"", ""2021-06-27"", ""2021-06-28"", ""2021-06-29"", ""2022-07-01"", ""2022-07-02"", ""2022-07-03"", ""2022-07-04"", ""2022-07-05"", ""2022-07-06"", ""2022-07-07"", ""2022-07-08"", ""2022-07-09"", ""2022-07-10"", ""2022-07-11"", ""2022-07-12"", ""2022-07-13"", ""2022-07-14"", ""2022-07-15"", ""2022-07-16"", ""2022-07-17"", ""2022-07-18"", ""2022-07-19"", ""2022-07-22"", ""2022-07-23"", ""2022-07-24"", ""2022-07-25"", ""2022-07-26"", ""2022-07-27"", ""2022-07-28"", ""2022-07-29"", ""2022-07-30"", ""2022-07-31"", ""2022-08-01"", ""2022-08-02"", ""2022-08-03"", ""2022-08-04"", ""2022-08-05"", ""2022-08-06"", ""2022-08-07"", ""2022-08-08"", ""2022-08-09"", ""2022-08-10"", ""2022-08-11"", ""2022-08-12"", ""2022-08-13"", ""2022-08-14"", ""2022-08-15"", ""2022-08-16"", ""2022-08-17"", ""2022-08-18"", ""2022-08-19"", ""2022-08-20"", ""2022-08-21"", ""2022-08-22"", ""2022-08-23"", ""2022-08-24"", ""2022-08-25"", ""2022-08-26"", ""2022-08-27"", ""2022-08-28"", ""2022-08-29"", ""2022-08-30"", ""2022-08-31"", ""2022-09-01"", ""2022-09-02"", ""2022-09-03"", ""2022-09-04"", ""2022-09-05"", ""2022-09-06"", ""2022-09-07"", ""2022-09-08"", ""2022-09-09"", ""2022-09-10"", ""2022-09-11"", ""2022-09-12"", ""2022-09-13"", ""2022-09-14"", ""2022-09-15"", ""2022-09-16"", ""2022-09-17"", ""2022-09-18"", ""2022-09-19"", ""2022-09-20"", ""2022-09-21"", ""2022-09-22"", ""2022-09-23"", ""2022-09-24"", ""2022-09-25"", ""2022-09-26"", ""2022-09-27"", ""2022-09-28"", ""2025-05-01"", ""2025-05-02"", ""2025-05-03"", ""2025-05-04"", ""2025-05-05"", ""2025-05-06"", ""2025-05-07"", ""2025-05-08"", ""2025-05-09"", ""2025-05-10"", ""2025-05-11"", ""2025-05-12"", ""2025-05-13"", ""2025-05-14"", ""2025-05-15"", ""2025-05-16"", ""2025-05-17"", ""2025-05-18"", ""2025-05-19"", ""2025-05-20"", ""2025-05-21"", ""2025-05-22"", ""2025-05-23"", ""2025-05-24"", ""2025-05-25"", ""2025-05-26"", ""2025-05-27"", ""2025-05-28"", ""2025-05-29"", ""2025-05-30"", ""2025-05-31"", ""2025-06-01"", ""2025-06-02"", ""2025-06-03"", ""2025-06-04"", ""2025-06-05"", ""2025-06-06"", ""2025-06-07"", ""2025-06-08"", ""2025-06-09"", ""2025-06-10"", ""2025-06-11"", ""2025-06-12"", ""2025-06-13"", ""2025-06-14"", ""2025-06-15"", ""2025-06-16"", ""2025-06-17"", ""2025-06-18"", ""2025-06-19"", ""2025-06-20"", ""2025-06-21"", ""2025-06-22"", ""2025-06-23"", ""2025-06-24"", ""2025-06-25"", ""2025-06-26"", ""2025-06-27"", ""2025-06-28"", ""2025-06-29"", ""2025-06-30"", ""2025-07-01"", ""2025-07-02"", ""2025-07-03"", ""2025-07-04"", ""2025-07-05"", ""2025-07-06"", ""2025-07-07"", ""2025-07-08"", ""2025-07-09"", ""2025-07-10"", ""2025-07-11"", ""2025-07-12"", ""2025-07-13"", ""2025-07-14"", ""2025-07-15"", ""2025-07-16"", ""2025-07-17"", ""2025-07-18"", ""2025-07-19"", ""2025-07-20"", ""2025-07-21"", ""2025-07-22"", ""2025-07-23"", ""2025-07-24"", ""2025-07-25"", ""2025-07-26"", ""2025-07-27"", ""2025-07-28"", ""2025-07-29"", ""2026-01-08"", ""2026-01-09"", ""2026-01-10"", ""2026-01-11"", ""2026-01-12"", ""2026-01-13"", ""2026-01-14"", ""2026-01-15"", ""2026-01-16"", ""2026-01-17"", ""2026-01-18"", ""2026-01-19"", ""2026-01-20"", ""2026-01-21"", ""2026-01-22"", ""2026-01-23"", ""2026-01-24"", ""2026-01-25"", ""2026-01-26"", ""2026-01-27"", ""2026-01-28"", ""2026-01-29"", ""2026-01-30"", ""2026-01-31"", ""2026-02-01"", ""2026-02-02"", ""2026-02-03"", ""2026-02-04"", ""2026-02-05"", ""2026-02-06"", ""2026-02-07"", ""2026-02-08"", ""2026-02-09"", ""2026-02-10"", ""2026-02-11"", ""2026-02-12"", ""2026-02-13"", ""2026-02-14"", ""2026-02-15"", ""2026-02-16"", ""2026-02-17"", ""2026-02-18"", ""2026-02-19"", ""2026-02-20"", ""2026-02-21"", ""2026-02-22"", ""2026-02-23"", ""2026-02-24"", ""2026-02-25"", ""2026-02-26"", ""2026-02-27"", ""2026-02-28"", ""2026-03-01"", ""2026-03-02"", ""2026-03-03"", ""2026-03-04"", ""2026-03-05"", ""2026-03-06"", ""2026-03-07"", ""2026-03-08"", ""2026-03-09"", ""2026-03-10"", ""2026-03-11"", ""2026-03-12"", ""2026-03-13"", ""2026-03-14"", ""2026-03-15"", ""2026-03-16"", ""2026-03-17"", ""2026-03-18"", ""2026-03-19"", ""2026-03-20"", ""2026-03-21"", ""2026-03-22"", ""2026-03-23"", ""2026-03-24"", ""2026-03-25"", ""2026-03-26"", ""2026-03-27"", ""2026-03-28"", ""2026-03-29"", ""2026-03-30"", ""2026-03-31"", ""2026-04-01"", ""2026-04-02"", ""2026-04-03"", ""2026-04-04"", ""2026-04-05"", ""2026-04-06"", ""2026-04-07""]",,,,,0.5112947924982704,0.49117711909766804,,
v3+D2,per_fold,fold_1,2160.0,90.0,2020-07-01,2020-09-28,4.7563392750482985,8.035834017918493,2.903498377775955,1.4517491888879772,4.658496998385131,0.09784227666316661,0.4500278930429897,3.8318013517789455,3.5359285754528655,0.0,0.0,0.4888888888888889,1056.0,574.0,530.0,6.807504992975763,5.99341181874675,12.322064855519976,0.7888888888888889,1704.0,215.0,241.0,15.254532107524069,13.292708199675598,30.16829772517031,0.9351851851851852,2020.0,59.0,81.0,26.77364555594281,23.248987371342682,53.7078701879661,"[""2020-07-01"", ""2020-07-02"", ""2020-07-03"", ""2020-07-04"", ""2020-07-05"", ""2020-07-06"", ""2020-07-07"", ""2020-07-08"", ""2020-07-09"", ""2020-07-10"", ""2020-07-11"", ""2020-07-12"", ""2020-07-13"", ""2020-07-14"", ""2020-07-15"", ""2020-07-16"", ""2020-07-17"", ""2020-07-18"", ""2020-07-19"", ""2020-07-20"", ""2020-07-21"", ""2020-07-22"", ""2020-07-23"", ""2020-07-24"", ""2020-07-25"", ""2020-07-26"", ""2020-07-27"", ""2020-07-28"", ""2020-07-29"", ""2020-07-30"", ""2020-07-31"", ""2020-08-01"", ""2020-08-02"", ""2020-08-03"", ""2020-08-04"", ""2020-08-05"", ""2020-08-06"", ""2020-08-07"", ""2020-08-08"", ""2020-08-09"", ""2020-08-10"", ""2020-08-11"", ""2020-08-12"", ""2020-08-13"", ""2020-08-14"", ""2020-08-15"", ""2020-08-16"", ""2020-08-17"", ""2020-08-18"", ""2020-08-19"", ""2020-08-20"", ""2020-08-21"", ""2020-08-22"", ""2020-08-23"", ""2020-08-24"", ""2020-08-25"", ""2020-08-26"", ""2020-08-27"", ""2020-08-28"", ""2020-08-29"", ""2020-08-30"", ""2020-08-31"", ""2020-09-01"", ""2020-09-02"", ""2020-09-03"", ""2020-09-04"", ""2020-09-05"", ""2020-09-06"", ""2020-09-07"", ""2020-09-08"", ""2020-09-09"", ""2020-09-10"", ""2020-09-11"", ""2020-09-12"", ""2020-09-13"", ""2020-09-14"", ""2020-09-15"", ""2020-09-16"", ""2020-09-17"", ""2020-09-18"", ""2020-09-19"", ""2020-09-20"", ""2020-09-21"", ""2020-09-22"", ""2020-09-23"", ""2020-09-24"", ""2020-09-25"", ""2020-09-26"", ""2020-09-27"", ""2020-09-28""]",2020-07-01,2020-09-28,90.0,False,,,,
v3+D2,per_fold,fold_2,2159.0,90.0,2021-04-01,2021-06-29,7.441248150500884,11.171355141150839,4.564030348807565,2.2820151744037824,7.478065633826355,-0.03681748332547169,1.2474698745218102,5.670872751557785,5.4283121907056735,0.0,0.0,0.5261695229272811,1136.0,515.0,508.0,11.259996370565407,10.656625306817688,20.386090638092245,0.8017600741083835,1731.0,209.0,219.0,24.439426354894454,22.53999177006979,43.226986915877546,0.9346919870310328,2018.0,69.0,72.0,49.60881471904593,45.13262916389023,85.92378230515817,"[""2021-04-01"", ""2021-04-02"", ""2021-04-03"", ""2021-04-04"", ""2021-04-05"", ""2021-04-06"", ""2021-04-07"", ""2021-04-08"", ""2021-04-09"", ""2021-04-10"", ""2021-04-11"", ""2021-04-12"", ""2021-04-13"", ""2021-04-14"", ""2021-04-15"", ""2021-04-16"", ""2021-04-17"", ""2021-04-18"", ""2021-04-19"", ""2021-04-20"", ""2021-04-21"", ""2021-04-22"", ""2021-04-23"", ""2021-04-24"", ""2021-04-25"", ""2021-04-26"", ""2021-04-27"", ""2021-04-28"", ""2021-04-29"", ""2021-04-30"", ""2021-05-01"", ""2021-05-02"", ""2021-05-03"", ""2021-05-04"", ""2021-05-05"", ""2021-05-06"", ""2021-05-07"", ""2021-05-08"", ""2021-05-09"", ""2021-05-10"", ""2021-05-11"", ""2021-05-12"", ""2021-05-13"", ""2021-05-14"", ""2021-05-15"", ""2021-05-16"", ""2021-05-17"", ""2021-05-18"", ""2021-05-19"", ""2021-05-20"", ""2021-05-21"", ""2021-05-22"", ""2021-05-23"", ""2021-05-24"", ""2021-05-25"", ""2021-05-26"", ""2021-05-27"", ""2021-05-28"", ""2021-05-29"", ""2021-05-30"", ""2021-05-31"", ""2021-06-01"", ""2021-06-02"", ""2021-06-03"", ""2021-06-04"", ""2021-06-05"", ""2021-06-06"", ""2021-06-07"", ""2021-06-08"", ""2021-06-09"", ""2021-06-10"", ""2021-06-11"", ""2021-06-12"", ""2021-06-13"", ""2021-06-14"", ""2021-06-15"", ""2021-06-16"", ""2021-06-17"", ""2021-06-18"", ""2021-06-19"", ""2021-06-20"", ""2021-06-21"", ""2021-06-22"", ""2021-06-23"", ""2021-06-24"", ""2021-06-25"", ""2021-06-26"", ""2021-06-27"", ""2021-06-28"", ""2021-06-29""]",2021-04-01,2021-06-29,90.0,False,,,,
v3+D2,per_fold,fold_3,2112.0,88.0,2022-07-01,2022-09-28,44.5757390249153,59.78032188894618,25.76801575362557,12.884007876812785,43.656238608569424,0.9195004163458789,6.673140489501845,36.17734236212298,28.61423799342604,0.0,0.0,0.48200757575757575,1018.0,591.0,503.0,65.91093290351657,64.4427708587208,97.23379823934631,0.7845643939393939,1657.0,249.0,206.0,142.8665808732035,138.43415152906263,211.8217622972885,0.9398674242424242,1985.0,62.0,65.0,254.82845858278097,242.70443439654838,394.065572022947,"[""2022-07-01"", ""2022-07-02"", ""2022-07-03"", ""2022-07-04"", ""2022-07-05"", ""2022-07-06"", ""2022-07-07"", ""2022-07-08"", ""2022-07-09"", ""2022-07-10"", ""2022-07-11"", ""2022-07-12"", ""2022-07-13"", ""2022-07-14"", ""2022-07-15"", ""2022-07-16"", ""2022-07-17"", ""2022-07-18"", ""2022-07-19"", ""2022-07-22"", ""2022-07-23"", ""2022-07-24"", ""2022-07-25"", ""2022-07-26"", ""2022-07-27"", ""2022-07-28"", ""2022-07-29"", ""2022-07-30"", ""2022-07-31"", ""2022-08-01"", ""2022-08-02"", ""2022-08-03"", ""2022-08-04"", ""2022-08-05"", ""2022-08-06"", ""2022-08-07"", ""2022-08-08"", ""2022-08-09"", ""2022-08-10"", ""2022-08-11"", ""2022-08-12"", ""2022-08-13"", ""2022-08-14"", ""2022-08-15"", ""2022-08-16"", ""2022-08-17"", ""2022-08-18"", ""2022-08-19"", ""2022-08-20"", ""2022-08-21"", ""2022-08-22"", ""2022-08-23"", ""2022-08-24"", ""2022-08-25"", ""2022-08-26"", ""2022-08-27"", ""2022-08-28"", ""2022-08-29"", ""2022-08-30"", ""2022-08-31"", ""2022-09-01"", ""2022-09-02"", ""2022-09-03"", ""2022-09-04"", ""2022-09-05"", ""2022-09-06"", ""2022-09-07"", ""2022-09-08"", ""2022-09-09"", ""2022-09-10"", ""2022-09-11"", ""2022-09-12"", ""2022-09-13"", ""2022-09-14"", ""2022-09-15"", ""2022-09-16"", ""2022-09-17"", ""2022-09-18"", ""2022-09-19"", ""2022-09-20"", ""2022-09-21"", ""2022-09-22"", ""2022-09-23"", ""2022-09-24"", ""2022-09-25"", ""2022-09-26"", ""2022-09-27"", ""2022-09-28""]",2022-07-01,2022-09-28,90.0,True,,,,
v3+D2,per_fold,fold_4,2160.0,90.0,2025-05-01,2025-07-29,13.592732754099721,20.918665036136886,7.964738650126755,3.9823693250633774,13.488387149377232,0.10434560472248877,0.24451429385436382,7.828037861627902,12.171483794882313,0.0,0.0,0.475,1026.0,543.0,591.0,19.61715104825192,19.358642266250314,31.198532561134,0.7930555555555555,1713.0,208.0,239.0,40.96919382050935,40.997441217702466,60.53423595006143,0.9393518518518519,2029.0,63.0,68.0,73.11336383188973,71.79930981110502,107.94963388132653,"[""2025-05-01"", ""2025-05-02"", ""2025-05-03"", ""2025-05-04"", ""2025-05-05"", ""2025-05-06"", ""2025-05-07"", ""2025-05-08"", ""2025-05-09"", ""2025-05-10"", ""2025-05-11"", ""2025-05-12"", ""2025-05-13"", ""2025-05-14"", ""2025-05-15"", ""2025-05-16"", ""2025-05-17"", ""2025-05-18"", ""2025-05-19"", ""2025-05-20"", ""2025-05-21"", ""2025-05-22"", ""2025-05-23"", ""2025-05-24"", ""2025-05-25"", ""2025-05-26"", ""2025-05-27"", ""2025-05-28"", ""2025-05-29"", ""2025-05-30"", ""2025-05-31"", ""2025-06-01"", ""2025-06-02"", ""2025-06-03"", ""2025-06-04"", ""2025-06-05"", ""2025-06-06"", ""2025-06-07"", ""2025-06-08"", ""2025-06-09"", ""2025-06-10"", ""2025-06-11"", ""2025-06-12"", ""2025-06-13"", ""2025-06-14"", ""2025-06-15"", ""2025-06-16"", ""2025-06-17"", ""2025-06-18"", ""2025-06-19"", ""2025-06-20"", ""2025-06-21"", ""2025-06-22"", ""2025-06-23"", ""2025-06-24"", ""2025-06-25"", ""2025-06-26"", ""2025-06-27"", ""2025-06-28"", ""2025-06-29"", ""2025-06-30"", ""2025-07-01"", ""2025-07-02"", ""2025-07-03"", ""2025-07-04"", ""2025-07-05"", ""2025-07-06"", ""2025-07-07"", ""2025-07-08"", ""2025-07-09"", ""2025-07-10"", ""2025-07-11"", ""2025-07-12"", ""2025-07-13"", ""2025-07-14"", ""2025-07-15"", ""2025-07-16"", ""2025-07-17"", ""2025-07-18"", ""2025-07-19"", ""2025-07-20"", ""2025-07-21"", ""2025-07-22"", ""2025-07-23"", ""2025-07-24"", ""2025-07-25"", ""2025-07-26"", ""2025-07-27"", ""2025-07-28"", ""2025-07-29""]",2025-05-01,2025-07-29,90.0,False,,,,
v3+D2,per_fold,fold_5,2156.0,90.0,2026-01-08,2026-04-07,14.120653389474336,20.64228673061834,8.316878044436617,4.1584390222183085,13.946517669988426,0.17413571948591197,-0.8393472240573645,10.279323853526773,11.013017252028373,0.0,0.0,0.49489795918367346,1067.0,550.0,539.0,21.36539626632031,21.55781889771486,36.988879684956636,0.8033395176252319,1732.0,216.0,208.0,47.05094571919064,47.809613455580426,79.55974628073332,0.948051948051948,2044.0,52.0,60.0,95.69155305562049,94.81632214552539,167.62247356826427,"[""2026-01-08"", ""2026-01-09"", ""2026-01-10"", ""2026-01-11"", ""2026-01-12"", ""2026-01-13"", ""2026-01-14"", ""2026-01-15"", ""2026-01-16"", ""2026-01-17"", ""2026-01-18"", ""2026-01-19"", ""2026-01-20"", ""2026-01-21"", ""2026-01-22"", ""2026-01-23"", ""2026-01-24"", ""2026-01-25"", ""2026-01-26"", ""2026-01-27"", ""2026-01-28"", ""2026-01-29"", ""2026-01-30"", ""2026-01-31"", ""2026-02-01"", ""2026-02-02"", ""2026-02-03"", ""2026-02-04"", ""2026-02-05"", ""2026-02-06"", ""2026-02-07"", ""2026-02-08"", ""2026-02-09"", ""2026-02-10"", ""2026-02-11"", ""2026-02-12"", ""2026-02-13"", ""2026-02-14"", ""2026-02-15"", ""2026-02-16"", ""2026-02-17"", ""2026-02-18"", ""2026-02-19"", ""2026-02-20"", ""2026-02-21"", ""2026-02-22"", ""2026-02-23"", ""2026-02-24"", ""2026-02-25"", ""2026-02-26"", ""2026-02-27"", ""2026-02-28"", ""2026-03-01"", ""2026-03-02"", ""2026-03-03"", ""2026-03-04"", ""2026-03-05"", ""2026-03-06"", ""2026-03-07"", ""2026-03-08"", ""2026-03-09"", ""2026-03-10"", ""2026-03-11"", ""2026-03-12"", ""2026-03-13"", ""2026-03-14"", ""2026-03-15"", ""2026-03-16"", ""2026-03-17"", ""2026-03-18"", ""2026-03-19"", ""2026-03-20"", ""2026-03-21"", ""2026-03-22"", ""2026-03-23"", ""2026-03-24"", ""2026-03-25"", ""2026-03-26"", ""2026-03-27"", ""2026-03-28"", ""2026-03-29"", ""2026-03-30"", ""2026-03-31"", ""2026-04-01"", ""2026-04-02"", ""2026-04-03"", ""2026-04-04"", ""2026-04-05"", ""2026-04-06"", ""2026-04-07""]",2026-01-08,2026-04-07,90.0,False,,,,
D2,pooled,all,10747.0,448.0,2020-07-01,2026-04-07,15.781194387301442,28.860430043281212,8.816268595603182,4.408134297801591,15.781194387301442,0.0,1.5391696805826927,11.203527075279764,11.884751318387613,0.0,0.0,0.4843212059179306,5205.0,2858.0,2684.0,23.68650617677512,14.304215066304295,69.70089637048765,0.7938029217456034,8531.0,1164.0,1052.0,48.199876620717504,29.20178465146815,141.8626210395178,0.9537545361496231,10250.0,251.0,246.0,83.7012432523922,50.329746828896674,249.4002196147535,"[""2020-07-01"", ""2020-07-02"", ""2020-07-03"", ""2020-07-04"", ""2020-07-05"", ""2020-07-06"", ""2020-07-07"", ""2020-07-08"", ""2020-07-09"", ""2020-07-10"", ""2020-07-11"", ""2020-07-12"", ""2020-07-13"", ""2020-07-14"", ""2020-07-15"", ""2020-07-16"", ""2020-07-17"", ""2020-07-18"", ""2020-07-19"", ""2020-07-20"", ""2020-07-21"", ""2020-07-22"", ""2020-07-23"", ""2020-07-24"", ""2020-07-25"", ""2020-07-26"", ""2020-07-27"", ""2020-07-28"", ""2020-07-29"", ""2020-07-30"", ""2020-07-31"", ""2020-08-01"", ""2020-08-02"", ""2020-08-03"", ""2020-08-04"", ""2020-08-05"", ""2020-08-06"", ""2020-08-07"", ""2020-08-08"", ""2020-08-09"", ""2020-08-10"", ""2020-08-11"", ""2020-08-12"", ""2020-08-13"", ""2020-08-14"", ""2020-08-15"", ""2020-08-16"", ""2020-08-17"", ""2020-08-18"", ""2020-08-19"", ""2020-08-20"", ""2020-08-21"", ""2020-08-22"", ""2020-08-23"", ""2020-08-24"", ""2020-08-25"", ""2020-08-26"", ""2020-08-27"", ""2020-08-28"", ""2020-08-29"", ""2020-08-30"", ""2020-08-31"", ""2020-09-01"", ""2020-09-02"", ""2020-09-03"", ""2020-09-04"", ""2020-09-05"", ""2020-09-06"", ""2020-09-07"", ""2020-09-08"", ""2020-09-09"", ""2020-09-10"", ""2020-09-11"", ""2020-09-12"", ""2020-09-13"", ""2020-09-14"", ""2020-09-15"", ""2020-09-16"", ""2020-09-17"", ""2020-09-18"", ""2020-09-19"", ""2020-09-20"", ""2020-09-21"", ""2020-09-22"", ""2020-09-23"", ""2020-09-24"", ""2020-09-25"", ""2020-09-26"", ""2020-09-27"", ""2020-09-28"", ""2021-04-01"", ""2021-04-02"", ""2021-04-03"", ""2021-04-04"", ""2021-04-05"", ""2021-04-06"", ""2021-04-07"", ""2021-04-08"", ""2021-04-09"", ""2021-04-10"", ""2021-04-11"", ""2021-04-12"", ""2021-04-13"", ""2021-04-14"", ""2021-04-15"", ""2021-04-16"", ""2021-04-17"", ""2021-04-18"", ""2021-04-19"", ""2021-04-20"", ""2021-04-21"", ""2021-04-22"", ""2021-04-23"", ""2021-04-24"", ""2021-04-25"", ""2021-04-26"", ""2021-04-27"", ""2021-04-28"", ""2021-04-29"", ""2021-04-30"", ""2021-05-01"", ""2021-05-02"", ""2021-05-03"", ""2021-05-04"", ""2021-05-05"", ""2021-05-06"", ""2021-05-07"", ""2021-05-08"", ""2021-05-09"", ""2021-05-10"", ""2021-05-11"", ""2021-05-12"", ""2021-05-13"", ""2021-05-14"", ""2021-05-15"", ""2021-05-16"", ""2021-05-17"", ""2021-05-18"", ""2021-05-19"", ""2021-05-20"", ""2021-05-21"", ""2021-05-22"", ""2021-05-23"", ""2021-05-24"", ""2021-05-25"", ""2021-05-26"", ""2021-05-27"", ""2021-05-28"", ""2021-05-29"", ""2021-05-30"", ""2021-05-31"", ""2021-06-01"", ""2021-06-02"", ""2021-06-03"", ""2021-06-04"", ""2021-06-05"", ""2021-06-06"", ""2021-06-07"", ""2021-06-08"", ""2021-06-09"", ""2021-06-10"", ""2021-06-11"", ""2021-06-12"", ""2021-06-13"", ""2021-06-14"", ""2021-06-15"", ""2021-06-16"", ""2021-06-17"", ""2021-06-18"", ""2021-06-19"", ""2021-06-20"", ""2021-06-21"", ""2021-06-22"", ""2021-06-23"", ""2021-06-24"", ""2021-06-25"", ""2021-06-26"", ""2021-06-27"", ""2021-06-28"", ""2021-06-29"", ""2022-07-01"", ""2022-07-02"", ""2022-07-03"", ""2022-07-04"", ""2022-07-05"", ""2022-07-06"", ""2022-07-07"", ""2022-07-08"", ""2022-07-09"", ""2022-07-10"", ""2022-07-11"", ""2022-07-12"", ""2022-07-13"", ""2022-07-14"", ""2022-07-15"", ""2022-07-16"", ""2022-07-17"", ""2022-07-18"", ""2022-07-19"", ""2022-07-22"", ""2022-07-23"", ""2022-07-24"", ""2022-07-25"", ""2022-07-26"", ""2022-07-27"", ""2022-07-28"", ""2022-07-29"", ""2022-07-30"", ""2022-07-31"", ""2022-08-01"", ""2022-08-02"", ""2022-08-03"", ""2022-08-04"", ""2022-08-05"", ""2022-08-06"", ""2022-08-07"", ""2022-08-08"", ""2022-08-09"", ""2022-08-10"", ""2022-08-11"", ""2022-08-12"", ""2022-08-13"", ""2022-08-14"", ""2022-08-15"", ""2022-08-16"", ""2022-08-17"", ""2022-08-18"", ""2022-08-19"", ""2022-08-20"", ""2022-08-21"", ""2022-08-22"", ""2022-08-23"", ""2022-08-24"", ""2022-08-25"", ""2022-08-26"", ""2022-08-27"", ""2022-08-28"", ""2022-08-29"", ""2022-08-30"", ""2022-08-31"", ""2022-09-01"", ""2022-09-02"", ""2022-09-03"", ""2022-09-04"", ""2022-09-05"", ""2022-09-06"", ""2022-09-07"", ""2022-09-08"", ""2022-09-09"", ""2022-09-10"", ""2022-09-11"", ""2022-09-12"", ""2022-09-13"", ""2022-09-14"", ""2022-09-15"", ""2022-09-16"", ""2022-09-17"", ""2022-09-18"", ""2022-09-19"", ""2022-09-20"", ""2022-09-21"", ""2022-09-22"", ""2022-09-23"", ""2022-09-24"", ""2022-09-25"", ""2022-09-26"", ""2022-09-27"", ""2022-09-28"", ""2025-05-01"", ""2025-05-02"", ""2025-05-03"", ""2025-05-04"", ""2025-05-05"", ""2025-05-06"", ""2025-05-07"", ""2025-05-08"", ""2025-05-09"", ""2025-05-10"", ""2025-05-11"", ""2025-05-12"", ""2025-05-13"", ""2025-05-14"", ""2025-05-15"", ""2025-05-16"", ""2025-05-17"", ""2025-05-18"", ""2025-05-19"", ""2025-05-20"", ""2025-05-21"", ""2025-05-22"", ""2025-05-23"", ""2025-05-24"", ""2025-05-25"", ""2025-05-26"", ""2025-05-27"", ""2025-05-28"", ""2025-05-29"", ""2025-05-30"", ""2025-05-31"", ""2025-06-01"", ""2025-06-02"", ""2025-06-03"", ""2025-06-04"", ""2025-06-05"", ""2025-06-06"", ""2025-06-07"", ""2025-06-08"", ""2025-06-09"", ""2025-06-10"", ""2025-06-11"", ""2025-06-12"", ""2025-06-13"", ""2025-06-14"", ""2025-06-15"", ""2025-06-16"", ""2025-06-17"", ""2025-06-18"", ""2025-06-19"", ""2025-06-20"", ""2025-06-21"", ""2025-06-22"", ""2025-06-23"", ""2025-06-24"", ""2025-06-25"", ""2025-06-26"", ""2025-06-27"", ""2025-06-28"", ""2025-06-29"", ""2025-06-30"", ""2025-07-01"", ""2025-07-02"", ""2025-07-03"", ""2025-07-04"", ""2025-07-05"", ""2025-07-06"", ""2025-07-07"", ""2025-07-08"", ""2025-07-09"", ""2025-07-10"", ""2025-07-11"", ""2025-07-12"", ""2025-07-13"", ""2025-07-14"", ""2025-07-15"", ""2025-07-16"", ""2025-07-17"", ""2025-07-18"", ""2025-07-19"", ""2025-07-20"", ""2025-07-21"", ""2025-07-22"", ""2025-07-23"", ""2025-07-24"", ""2025-07-25"", ""2025-07-26"", ""2025-07-27"", ""2025-07-28"", ""2025-07-29"", ""2026-01-08"", ""2026-01-09"", ""2026-01-10"", ""2026-01-11"", ""2026-01-12"", ""2026-01-13"", ""2026-01-14"", ""2026-01-15"", ""2026-01-16"", ""2026-01-17"", ""2026-01-18"", ""2026-01-19"", ""2026-01-20"", ""2026-01-21"", ""2026-01-22"", ""2026-01-23"", ""2026-01-24"", ""2026-01-25"", ""2026-01-26"", ""2026-01-27"", ""2026-01-28"", ""2026-01-29"", ""2026-01-30"", ""2026-01-31"", ""2026-02-01"", ""2026-02-02"", ""2026-02-03"", ""2026-02-04"", ""2026-02-05"", ""2026-02-06"", ""2026-02-07"", ""2026-02-08"", ""2026-02-09"", ""2026-02-10"", ""2026-02-11"", ""2026-02-12"", ""2026-02-13"", ""2026-02-14"", ""2026-02-15"", ""2026-02-16"", ""2026-02-17"", ""2026-02-18"", ""2026-02-19"", ""2026-02-20"", ""2026-02-21"", ""2026-02-22"", ""2026-02-23"", ""2026-02-24"", ""2026-02-25"", ""2026-02-26"", ""2026-02-27"", ""2026-02-28"", ""2026-03-01"", ""2026-03-02"", ""2026-03-03"", ""2026-03-04"", ""2026-03-05"", ""2026-03-06"", ""2026-03-07"", ""2026-03-08"", ""2026-03-09"", ""2026-03-10"", ""2026-03-11"", ""2026-03-12"", ""2026-03-13"", ""2026-03-14"", ""2026-03-15"", ""2026-03-16"", ""2026-03-17"", ""2026-03-18"", ""2026-03-19"", ""2026-03-20"", ""2026-03-21"", ""2026-03-22"", ""2026-03-23"", ""2026-03-24"", ""2026-03-25"", ""2026-03-26"", ""2026-03-27"", ""2026-03-28"", ""2026-03-29"", ""2026-03-30"", ""2026-03-31"", ""2026-04-01"", ""2026-04-02"", ""2026-04-03"", ""2026-04-04"", ""2026-04-05"", ""2026-04-06"", ""2026-04-07""]",,,,,0.48098584248923515,0.4403597714482924,,
D2,per_fold,fold_1,2160.0,90.0,2020-07-01,2020-09-28,4.221052044448233,7.196331955483601,2.335504559057185,1.1677522795285924,4.221052044448233,0.0,-0.18394196170888927,3.212652183386135,3.2929107407983143,0.0,0.0,0.4736111111111111,1023.0,548.0,589.0,6.528426965921537,5.5972923630126825,12.675931101421892,0.7875,1701.0,233.0,226.0,13.324659583110236,11.273679037453295,26.2719906727226,0.9601851851851851,2074.0,44.0,42.0,23.053409329811043,19.104026728436207,47.25553592559723,"[""2020-07-01"", ""2020-07-02"", ""2020-07-03"", ""2020-07-04"", ""2020-07-05"", ""2020-07-06"", ""2020-07-07"", ""2020-07-08"", ""2020-07-09"", ""2020-07-10"", ""2020-07-11"", ""2020-07-12"", ""2020-07-13"", ""2020-07-14"", ""2020-07-15"", ""2020-07-16"", ""2020-07-17"", ""2020-07-18"", ""2020-07-19"", ""2020-07-20"", ""2020-07-21"", ""2020-07-22"", ""2020-07-23"", ""2020-07-24"", ""2020-07-25"", ""2020-07-26"", ""2020-07-27"", ""2020-07-28"", ""2020-07-29"", ""2020-07-30"", ""2020-07-31"", ""2020-08-01"", ""2020-08-02"", ""2020-08-03"", ""2020-08-04"", ""2020-08-05"", ""2020-08-06"", ""2020-08-07"", ""2020-08-08"", ""2020-08-09"", ""2020-08-10"", ""2020-08-11"", ""2020-08-12"", ""2020-08-13"", ""2020-08-14"", ""2020-08-15"", ""2020-08-16"", ""2020-08-17"", ""2020-08-18"", ""2020-08-19"", ""2020-08-20"", ""2020-08-21"", ""2020-08-22"", ""2020-08-23"", ""2020-08-24"", ""2020-08-25"", ""2020-08-26"", ""2020-08-27"", ""2020-08-28"", ""2020-08-29"", ""2020-08-30"", ""2020-08-31"", ""2020-09-01"", ""2020-09-02"", ""2020-09-03"", ""2020-09-04"", ""2020-09-05"", ""2020-09-06"", ""2020-09-07"", ""2020-09-08"", ""2020-09-09"", ""2020-09-10"", ""2020-09-11"", ""2020-09-12"", ""2020-09-13"", ""2020-09-14"", ""2020-09-15"", ""2020-09-16"", ""2020-09-17"", ""2020-09-18"", ""2020-09-19"", ""2020-09-20"", ""2020-09-21"", ""2020-09-22"", ""2020-09-23"", ""2020-09-24"", ""2020-09-25"", ""2020-09-26"", ""2020-09-27"", ""2020-09-28""]",2020-07-01,2020-09-28,90.0,False,,,,
D2,per_fold,fold_2,2159.0,90.0,2021-04-01,2021-06-29,6.837714515030752,10.791007698683156,3.838380764186213,1.9191903820931064,6.837714515030752,0.0,1.1966579705546658,4.6727819751953295,5.437452954926774,0.0,0.0,0.4909680407596109,1060.0,605.0,494.0,10.334790901341897,8.627939019746137,19.53566461919248,0.7869383974062065,1699.0,262.0,198.0,20.981422120068846,17.449651793275663,40.76767671814188,0.9467345993515517,2044.0,69.0,46.0,36.419357048118094,30.30801501633283,74.28208227058545,"[""2021-04-01"", ""2021-04-02"", ""2021-04-03"", ""2021-04-04"", ""2021-04-05"", ""2021-04-06"", ""2021-04-07"", ""2021-04-08"", ""2021-04-09"", ""2021-04-10"", ""2021-04-11"", ""2021-04-12"", ""2021-04-13"", ""2021-04-14"", ""2021-04-15"", ""2021-04-16"", ""2021-04-17"", ""2021-04-18"", ""2021-04-19"", ""2021-04-20"", ""2021-04-21"", ""2021-04-22"", ""2021-04-23"", ""2021-04-24"", ""2021-04-25"", ""2021-04-26"", ""2021-04-27"", ""2021-04-28"", ""2021-04-29"", ""2021-04-30"", ""2021-05-01"", ""2021-05-02"", ""2021-05-03"", ""2021-05-04"", ""2021-05-05"", ""2021-05-06"", ""2021-05-07"", ""2021-05-08"", ""2021-05-09"", ""2021-05-10"", ""2021-05-11"", ""2021-05-12"", ""2021-05-13"", ""2021-05-14"", ""2021-05-15"", ""2021-05-16"", ""2021-05-17"", ""2021-05-18"", ""2021-05-19"", ""2021-05-20"", ""2021-05-21"", ""2021-05-22"", ""2021-05-23"", ""2021-05-24"", ""2021-05-25"", ""2021-05-26"", ""2021-05-27"", ""2021-05-28"", ""2021-05-29"", ""2021-05-30"", ""2021-05-31"", ""2021-06-01"", ""2021-06-02"", ""2021-06-03"", ""2021-06-04"", ""2021-06-05"", ""2021-06-06"", ""2021-06-07"", ""2021-06-08"", ""2021-06-09"", ""2021-06-10"", ""2021-06-11"", ""2021-06-12"", ""2021-06-13"", ""2021-06-14"", ""2021-06-15"", ""2021-06-16"", ""2021-06-17"", ""2021-06-18"", ""2021-06-19"", ""2021-06-20"", ""2021-06-21"", ""2021-06-22"", ""2021-06-23"", ""2021-06-24"", ""2021-06-25"", ""2021-06-26"", ""2021-06-27"", ""2021-06-28"", ""2021-06-29""]",2021-04-01,2021-06-29,90.0,False,,,,
D2,per_fold,fold_3,2112.0,88.0,2022-07-01,2022-09-28,42.41970271359305,56.75372185739217,23.433567049056926,11.716783524528463,42.41970271359305,0.0,7.451302792052858,31.935670600437422,28.479488302207734,0.0,0.0,0.4095643939393939,865.0,704.0,543.0,58.36069141159414,52.1621239764676,104.4908358176861,0.7272727272727273,1536.0,318.0,258.0,118.51741085182104,104.44979170503728,218.8580519541165,0.9270833333333334,1958.0,75.0,79.0,204.53053913522092,180.32027286699244,379.5394973050883,"[""2022-07-01"", ""2022-07-02"", ""2022-07-03"", ""2022-07-04"", ""2022-07-05"", ""2022-07-06"", ""2022-07-07"", ""2022-07-08"", ""2022-07-09"", ""2022-07-10"", ""2022-07-11"", ""2022-07-12"", ""2022-07-13"", ""2022-07-14"", ""2022-07-15"", ""2022-07-16"", ""2022-07-17"", ""2022-07-18"", ""2022-07-19"", ""2022-07-22"", ""2022-07-23"", ""2022-07-24"", ""2022-07-25"", ""2022-07-26"", ""2022-07-27"", ""2022-07-28"", ""2022-07-29"", ""2022-07-30"", ""2022-07-31"", ""2022-08-01"", ""2022-08-02"", ""2022-08-03"", ""2022-08-04"", ""2022-08-05"", ""2022-08-06"", ""2022-08-07"", ""2022-08-08"", ""2022-08-09"", ""2022-08-10"", ""2022-08-11"", ""2022-08-12"", ""2022-08-13"", ""2022-08-14"", ""2022-08-15"", ""2022-08-16"", ""2022-08-17"", ""2022-08-18"", ""2022-08-19"", ""2022-08-20"", ""2022-08-21"", ""2022-08-22"", ""2022-08-23"", ""2022-08-24"", ""2022-08-25"", ""2022-08-26"", ""2022-08-27"", ""2022-08-28"", ""2022-08-29"", ""2022-08-30"", ""2022-08-31"", ""2022-09-01"", ""2022-09-02"", ""2022-09-03"", ""2022-09-04"", ""2022-09-05"", ""2022-09-06"", ""2022-09-07"", ""2022-09-08"", ""2022-09-09"", ""2022-09-10"", ""2022-09-11"", ""2022-09-12"", ""2022-09-13"", ""2022-09-14"", ""2022-09-15"", ""2022-09-16"", ""2022-09-17"", ""2022-09-18"", ""2022-09-19"", ""2022-09-20"", ""2022-09-21"", ""2022-09-22"", ""2022-09-23"", ""2022-09-24"", ""2022-09-25"", ""2022-09-26"", ""2022-09-27"", ""2022-09-28""]",2022-07-01,2022-09-28,90.0,True,,,,
D2,per_fold,fold_4,2160.0,90.0,2025-05-01,2025-07-29,13.079162674260543,20.961691732122166,7.377101695125509,3.6885508475627544,13.079162674260543,0.0,0.08272800988051957,7.7591157778175415,12.081515403830297,0.0,0.0,0.5407407407407407,1168.0,461.0,531.0,22.76970935922239,19.318016242672847,48.862575721376395,0.8527777777777777,1842.0,155.0,163.0,46.46972529999613,39.02945075408356,101.3894682326407,0.9773148148148149,2111.0,24.0,25.0,82.35013353629934,67.56118691542105,182.32228686855785,"[""2025-05-01"", ""2025-05-02"", ""2025-05-03"", ""2025-05-04"", ""2025-05-05"", ""2025-05-06"", ""2025-05-07"", ""2025-05-08"", ""2025-05-09"", ""2025-05-10"", ""2025-05-11"", ""2025-05-12"", ""2025-05-13"", ""2025-05-14"", ""2025-05-15"", ""2025-05-16"", ""2025-05-17"", ""2025-05-18"", ""2025-05-19"", ""2025-05-20"", ""2025-05-21"", ""2025-05-22"", ""2025-05-23"", ""2025-05-24"", ""2025-05-25"", ""2025-05-26"", ""2025-05-27"", ""2025-05-28"", ""2025-05-29"", ""2025-05-30"", ""2025-05-31"", ""2025-06-01"", ""2025-06-02"", ""2025-06-03"", ""2025-06-04"", ""2025-06-05"", ""2025-06-06"", ""2025-06-07"", ""2025-06-08"", ""2025-06-09"", ""2025-06-10"", ""2025-06-11"", ""2025-06-12"", ""2025-06-13"", ""2025-06-14"", ""2025-06-15"", ""2025-06-16"", ""2025-06-17"", ""2025-06-18"", ""2025-06-19"", ""2025-06-20"", ""2025-06-21"", ""2025-06-22"", ""2025-06-23"", ""2025-06-24"", ""2025-06-25"", ""2025-06-26"", ""2025-06-27"", ""2025-06-28"", ""2025-06-29"", ""2025-06-30"", ""2025-07-01"", ""2025-07-02"", ""2025-07-03"", ""2025-07-04"", ""2025-07-05"", ""2025-07-06"", ""2025-07-07"", ""2025-07-08"", ""2025-07-09"", ""2025-07-10"", ""2025-07-11"", ""2025-07-12"", ""2025-07-13"", ""2025-07-14"", ""2025-07-15"", ""2025-07-16"", ""2025-07-17"", ""2025-07-18"", ""2025-07-19"", ""2025-07-20"", ""2025-07-21"", ""2025-07-22"", ""2025-07-23"", ""2025-07-24"", ""2025-07-25"", ""2025-07-26"", ""2025-07-27"", ""2025-07-28"", ""2025-07-29""]",2025-05-01,2025-07-29,90.0,False,,,,
D2,per_fold,fold_5,2156.0,90.0,2026-01-08,2026-04-07,12.930887995759617,19.69578226729786,7.416721433407474,3.708360716703737,12.930887995759617,0.0,-0.7238670510536568,8.898129140121455,10.495603767330351,0.0,0.0,0.5051020408163265,1089.0,540.0,527.0,21.19866122551362,16.785560623199302,49.38937309204579,0.8130797773654916,1753.0,196.0,207.0,43.2470039977118,34.41897707632339,101.60610685127615,0.9568645640074211,2063.0,39.0,54.0,74.79949820138542,59.50918882010946,174.1488323541982,"[""2026-01-08"", ""2026-01-09"", ""2026-01-10"", ""2026-01-11"", ""2026-01-12"", ""2026-01-13"", ""2026-01-14"", ""2026-01-15"", ""2026-01-16"", ""2026-01-17"", ""2026-01-18"", ""2026-01-19"", ""2026-01-20"", ""2026-01-21"", ""2026-01-22"", ""2026-01-23"", ""2026-01-24"", ""2026-01-25"", ""2026-01-26"", ""2026-01-27"", ""2026-01-28"", ""2026-01-29"", ""2026-01-30"", ""2026-01-31"", ""2026-02-01"", ""2026-02-02"", ""2026-02-03"", ""2026-02-04"", ""2026-02-05"", ""2026-02-06"", ""2026-02-07"", ""2026-02-08"", ""2026-02-09"", ""2026-02-10"", ""2026-02-11"", ""2026-02-12"", ""2026-02-13"", ""2026-02-14"", ""2026-02-15"", ""2026-02-16"", ""2026-02-17"", ""2026-02-18"", ""2026-02-19"", ""2026-02-20"", ""2026-02-21"", ""2026-02-22"", ""2026-02-23"", ""2026-02-24"", ""2026-02-25"", ""2026-02-26"", ""2026-02-27"", ""2026-02-28"", ""2026-03-01"", ""2026-03-02"", ""2026-03-03"", ""2026-03-04"", ""2026-03-05"", ""2026-03-06"", ""2026-03-07"", ""2026-03-08"", ""2026-03-09"", ""2026-03-10"", ""2026-03-11"", ""2026-03-12"", ""2026-03-13"", ""2026-03-14"", ""2026-03-15"", ""2026-03-16"", ""2026-03-17"", ""2026-03-18"", ""2026-03-19"", ""2026-03-20"", ""2026-03-21"", ""2026-03-22"", ""2026-03-23"", ""2026-03-24"", ""2026-03-25"", ""2026-03-26"", ""2026-03-27"", ""2026-03-28"", ""2026-03-29"", ""2026-03-30"", ""2026-03-31"", ""2026-04-01"", ""2026-04-02"", ""2026-04-03"", ""2026-04-04"", ""2026-04-05"", ""2026-04-06"", ""2026-04-07""]",2026-01-08,2026-04-07,90.0,False,,,,
B0,equal_fold,all,,,,,,,,,,,,,,,,,,,,,,,,,,,,,,,,,,,,,,,,,,,,1.0,1.0
B1,equal_fold,all,,,,,,,,,,,,,,,,,,,,,,,,,,,,,,,,,,,,,,,,,,,,1.051845134839199,0.9856366964174134
B2,equal_fold,all,,,,,,,,,,,,,,,,,,,,,,,,,,,,,,,,,,,,,,,,,,,,0.6578109123747921,0.6389910407326591
B3,equal_fold,all,,,,,,,,,,,,,,,,,,,,,,,,,,,,,,,,,,,,,,,,,,,,0.7841363977682992,0.7399052224715813
A1,equal_fold,all,,,,,,,,,,,,,,,,,,,,,,,,,,,,,,,,,,,,,,,,,,,,0.6722908121370033,0.646015091607363
HG,equal_fold,all,,,,,,,,,,,,,,,,,,,,,,,,,,,,,,,,,,,,,,,,,,,,0.5657606376333641,0.532218690181866
HGL,equal_fold,all,,,,,,,,,,,,,,,,,,,,,,,,,,,,,,,,,,,,,,,,,,,,0.5356586541153796,0.5055748401472236
D,equal_fold,all,,,,,,,,,,,,,,,,,,,,,,,,,,,,,,,,,,,,,,,,,,,,0.6319020403655105,0.570628877867557
v3+D,equal_fold,all,,,,,,,,,,,,,,,,,,,,,,,,,,,,,,,,,,,,,,,,,,,,0.551365235416987,0.5211217592677007
L,equal_fold,all,,,,,,,,,,,,,,,,,,,,,,,,,,,,,,,,,,,,,,,,,,,,0.5496717699140043,0.8763802565139386
v5,equal_fold,all,,,,,,,,,,,,,,,,,,,,,,,,,,,,,,,,,,,,,,,,,,,,0.5223212760431432,0.4936627890811673
v3+D2,equal_fold,all,,,,,,,,,,,,,,,,,,,,,,,,,,,,,,,,,,,,,,,,,,,,0.5156107483661734,0.48743334128863014
D2,equal_fold,all,,,,,,,,,,,,,,,,,,,,,,,,,,,,,,,,,,,,,,,,,,,,0.47851687439551444,0.4270584856708143
