run_00z,delivery_day,gfs_version,ncar_catalog_status,ncar_leads_present,ncar_complete,ncar_size_flags,ncar_files_end_7777,ncar_first_modified,aws_applicable,aws_complete,aws_idx_leads_checked,aws_idx_all_fields,ncar_aws_sizes_equal,chosen_endpoint,field_basis,folds
2019-01-01,2019-01-02,v14,200,10,True,,10,2019-01-02T13:30:45.090Z,False,,,,,NCAR,file_intact_7777_version_layout,fold_1
2019-01-02,2019-01-03,v14,200,10,True,,10,2019-01-03T13:36:46.802Z,False,,,,,NCAR,file_intact_7777_version_layout,fold_1
2019-01-03,2019-01-04,v14,200,10,True,,10,2019-01-04T13:32:44.358Z,False,,,,,NCAR,file_intact_7777_version_layout,fold_1
2019-01-04,2019-01-05,v14,200,10,True,,10,2019-01-05T13:30:56.791Z,False,,,,,NCAR,file_intact_7777_version_layout,fold_1
2019-01-05,2019-01-06,v14,200,10,True,,10,2019-01-06T13:31:52.386Z,False,,,,,NCAR,file_intact_7777_version_layout,fold_1
2019-01-06,2019-01-07,v14,200,10,True,,10,2019-01-07T13:38:52.566Z,False,,,,,NCAR,file_intact_7777_version_layout,fold_1
2019-01-07,2019-01-08,v14,200,10,True,,10,2019-01-08T13:33:07.711Z,False,,,,,NCAR,file_intact_7777_version_layout,fold_1
2019-01-08,2019-01-09,v14,200,10,True,,10,2019-01-09T13:36:53.822Z,False,,,,,NCAR,file_intact_7777_version_layout,fold_1
2019-01-09,2019-01-10,v14,200,10,True,,10,2019-01-10T13:40:48.262Z,False,,,,,NCAR,file_intact_7777_version_layout,fold_1
2019-01-10,2019-01-11,v14,200,10,True,,10,2019-01-11T13:34:17.446Z,False,,,,,NCAR,file_intact_7777_version_layout,fold_1
2019-01-11,2019-01-12,v14,200,10,True,,10,2019-01-12T13:33:03.505Z,False,,,,,NCAR,file_intact_7777_version_layout,fold_1
2019-01-12,2019-01-13,v14,200,10,True,,10,2019-01-13T13:31:09.776Z,False,,,,,NCAR,file_intact_7777_version_layout,fold_1
2019-01-13,2019-01-14,v14,200,10,True,,10,2019-01-14T13:36:44.923Z,False,,,,,NCAR,file_intact_7777_version_layout,fold_1
2019-01-14,2019-01-15,v14,200,10,True,,10,2019-01-15T15:59:57.120Z,False,,,,,NCAR,file_intact_7777_version_layout,fold_1
2019-01-15,2019-01-16,v14,200,10,True,,10,2019-01-16T13:33:58.803Z,False,,,,,NCAR,file_intact_7777_version_layout,fold_1
2019-01-16,2019-01-17,v14,200,10,True,,10,2019-01-17T13:32:53.146Z,False,,,,,NCAR,file_intact_7777_version_layout,fold_1
2019-01-17,2019-01-18,v14,200,10,True,,10,2019-01-18T13:36:10.113Z,False,,,,,NCAR,file_intact_7777_version_layout,fold_1
2019-01-18,2019-01-19,v14,200,10,True,,10,2019-01-19T13:38:25.550Z,False,,,,,NCAR,file_intact_7777_version_layout,fold_1
2019-01-19,2019-01-20,v14,200,10,True,,10,2019-01-20T14:27:16.609Z,False,,,,,NCAR,file_intact_7777_version_layout,fold_1
2019-01-20,2019-01-21,v14,200,10,True,,10,2019-01-21T13:47:04.334Z,False,,,,,NCAR,file_intact_7777_version_layout,fold_1
2019-01-21,2019-01-22,v14,200,10,True,,10,2019-01-22T13:42:20.067Z,False,,,,,NCAR,file_intact_7777_version_layout,fold_1
2019-01-22,2019-01-23,v14,200,10,True,,10,2019-01-23T13:42:46.606Z,False,,,,,NCAR,file_intact_7777_version_layout,fold_1
2019-01-23,2019-01-24,v14,200,10,True,,10,2019-01-24T13:41:24.207Z,False,,,,,NCAR,file_intact_7777_version_layout,fold_1
2019-01-24,2019-01-25,v14,200,10,True,,10,2019-01-25T13:35:32.013Z,False,,,,,NCAR,file_intact_7777_version_layout,fold_1
2019-01-25,2019-01-26,v14,200,10,True,,10,2019-01-26T13:35:12.847Z,False,,,,,NCAR,file_intact_7777_version_layout,fold_1
2019-01-26,2019-01-27,v14,200,10,True,,10,2019-01-27T13:34:36.998Z,False,,,,,NCAR,file_intact_7777_version_layout,fold_1
2019-01-27,2019-01-28,v14,200,10,True,,10,2019-01-28T13:37:06.383Z,False,,,,,NCAR,file_intact_7777_version_layout,fold_1
2019-01-28,2019-01-29,v14,200,10,True,,10,2019-01-29T13:35:06.955Z,False,,,,,NCAR,file_intact_7777_version_layout,fold_1
2019-01-29,2019-01-30,v14,200,10,True,,10,2019-01-30T13:37:20.958Z,False,,,,,NCAR,file_intact_7777_version_layout,fold_1
2019-01-30,2019-01-31,v14,200,10,True,,10,2019-01-31T13:43:21.426Z,False,,,,,NCAR,file_intact_7777_version_layout,fold_1
2019-01-31,2019-02-01,v14,200,10,True,,10,2019-02-01T13:35:24.492Z,False,,,,,NCAR,file_intact_7777_version_layout,fold_1
2019-02-01,2019-02-02,v14,200,10,True,,10,2019-02-02T13:35:09.437Z,False,,,,,NCAR,file_intact_7777_version_layout,fold_1
2019-02-02,2019-02-03,v14,200,10,True,,10,2019-02-03T13:36:29.875Z,False,,,,,NCAR,file_intact_7777_version_layout,fold_1
2019-02-03,2019-02-04,v14,200,10,True,,10,2019-02-04T13:42:32.225Z,False,,,,,NCAR,file_intact_7777_version_layout,fold_1
2019-02-04,2019-02-05,v14,200,10,True,,10,2019-02-05T13:34:26.024Z,False,,,,,NCAR,file_intact_7777_version_layout,fold_1
2019-02-05,2019-02-06,v14,200,10,True,,10,2019-02-06T13:22:51.025Z,False,,,,,NCAR,file_intact_7777_version_layout,fold_1
2019-02-06,2019-02-07,v14,200,10,True,,10,2019-02-07T13:33:52.515Z,False,,,,,NCAR,file_intact_7777_version_layout,fold_1
2019-02-07,2019-02-08,v14,200,10,True,,10,2019-02-08T13:56:18.955Z,False,,,,,NCAR,file_intact_7777_version_layout,fold_1
2019-02-08,2019-02-09,v14,200,10,True,,10,2019-02-09T13:23:41.961Z,False,,,,,NCAR,file_intact_7777_version_layout,fold_1
2019-02-09,2019-02-10,v14,200,10,True,,10,2019-02-10T13:24:29.016Z,False,,,,,NCAR,file_intact_7777_version_layout,fold_1
2019-02-10,2019-02-11,v14,200,10,True,,10,2019-02-11T13:26:14.133Z,False,,,,,NCAR,file_intact_7777_version_layout,fold_1
2019-02-11,2019-02-12,v14,200,10,True,,10,2019-02-12T13:24:02.657Z,False,,,,,NCAR,file_intact_7777_version_layout,fold_1
2019-02-12,2019-02-13,v14,200,10,True,,10,2019-02-13T13:25:49.591Z,False,,,,,NCAR,file_intact_7777_version_layout,fold_1
2019-02-13,2019-02-14,v14,200,10,True,,10,2019-02-14T13:42:37.090Z,False,,,,,NCAR,file_intact_7777_version_layout,fold_1
2019-02-14,2019-02-15,v14,200,10,True,,10,2019-02-15T13:23:18.582Z,False,,,,,NCAR,file_intact_7777_version_layout,fold_1
2019-02-15,2019-02-16,v14,200,10,True,,10,2019-02-16T13:24:37.937Z,False,,,,,NCAR,file_intact_7777_version_layout,fold_1
2019-02-16,2019-02-17,v14,200,10,True,,10,2019-02-17T13:24:36.947Z,False,,,,,NCAR,file_intact_7777_version_layout,fold_1
2019-02-17,2019-02-18,v14,200,10,True,,10,2019-02-18T13:25:59.730Z,False,,,,,NCAR,file_intact_7777_version_layout,fold_1
2019-02-18,2019-02-19,v14,200,10,True,,10,2019-02-19T13:28:17.875Z,False,,,,,NCAR,file_intact_7777_version_layout,fold_1
2019-02-19,2019-02-20,v14,200,10,True,,10,2019-02-20T13:26:08.506Z,False,,,,,NCAR,file_intact_7777_version_layout,fold_1
2019-02-20,2019-02-21,v14,200,10,True,,10,2019-02-21T13:29:27.514Z,False,,,,,NCAR,file_intact_7777_version_layout,fold_1
2019-02-21,2019-02-22,v14,200,10,True,,10,2019-02-22T13:26:28.868Z,False,,,,,NCAR,file_intact_7777_version_layout,fold_1
2019-02-22,2019-02-23,v14,200,10,True,,10,2019-02-23T13:23:55.798Z,False,,,,,NCAR,file_intact_7777_version_layout,fold_1
2019-02-23,2019-02-24,v14,200,10,True,,10,2019-02-24T13:19:05.907Z,False,,,,,NCAR,file_intact_7777_version_layout,fold_1
2019-02-24,2019-02-25,v14,200,10,True,,10,2019-02-25T13:35:26.247Z,False,,,,,NCAR,file_intact_7777_version_layout,fold_1
2019-02-25,2019-02-26,v14,200,10,True,,10,2019-02-26T13:30:54.659Z,False,,,,,NCAR,file_intact_7777_version_layout,fold_1
2019-02-26,2019-02-27,v14,200,10,True,,10,2019-02-27T13:39:32.752Z,False,,,,,NCAR,file_intact_7777_version_layout,fold_1
2019-02-27,2019-02-28,v14,200,10,True,,10,2019-02-28T13:39:01.475Z,False,,,,,NCAR,file_intact_7777_version_layout,fold_1
2019-02-28,2019-03-01,v14,200,10,True,,10,2019-03-01T13:28:58.022Z,False,,,,,NCAR,file_intact_7777_version_layout,fold_1
2019-03-01,2019-03-02,v14,200,10,True,,10,2019-03-02T13:24:13.434Z,False,,,,,NCAR,file_intact_7777_version_layout,fold_1
2019-03-02,2019-03-03,v14,200,10,True,,10,2019-03-03T13:22:38.861Z,False,,,,,NCAR,file_intact_7777_version_layout,fold_1
2019-03-03,2019-03-04,v14,200,10,True,,10,2019-03-04T13:32:26.396Z,False,,,,,NCAR,file_intact_7777_version_layout,fold_1;fold_2
2019-03-04,2019-03-05,v14,200,10,True,,10,2019-03-05T13:23:43.476Z,False,,,,,NCAR,file_intact_7777_version_layout,fold_1;fold_2
2019-03-05,2019-03-06,v14,200,10,True,,10,2019-03-06T06:54:43.237Z,False,,,,,NCAR,file_intact_7777_version_layout,fold_1;fold_2
2019-03-06,2019-03-07,v14,200,10,True,,10,2019-03-07T13:26:54.653Z,False,,,,,NCAR,file_intact_7777_version_layout,fold_1;fold_2
2019-03-07,2019-03-08,v14,200,10,True,,10,2019-03-08T13:24:05.547Z,False,,,,,NCAR,file_intact_7777_version_layout,fold_1;fold_2
2019-03-08,2019-03-09,v14,200,10,True,,10,2019-03-09T13:57:54.876Z,False,,,,,NCAR,file_intact_7777_version_layout,fold_1;fold_2
2019-03-09,2019-03-10,v14,200,10,True,,10,2019-03-10T12:32:32.069Z,False,,,,,NCAR,file_intact_7777_version_layout,fold_1;fold_2
2019-03-10,2019-03-11,v14,200,10,True,,10,2019-03-11T12:30:07.861Z,False,,,,,NCAR,file_intact_7777_version_layout,fold_1;fold_2
2019-03-11,2019-03-12,v14,200,10,True,,10,2019-03-12T12:36:38.847Z,False,,,,,NCAR,file_intact_7777_version_layout,fold_1;fold_2
2019-03-12,2019-03-13,v14,200,10,True,,10,2019-03-13T12:28:57.852Z,False,,,,,NCAR,file_intact_7777_version_layout,fold_1;fold_2
2019-03-13,2019-03-14,v14,200,10,True,,10,2019-03-14T12:30:04.739Z,False,,,,,NCAR,file_intact_7777_version_layout,fold_1;fold_2
2019-03-14,2019-03-15,v14,200,10,True,,10,2019-03-15T12:29:37.690Z,False,,,,,NCAR,file_intact_7777_version_layout,fold_1;fold_2
2019-03-15,2019-03-16,v14,200,10,True,,10,2019-03-16T12:25:23.726Z,False,,,,,NCAR,file_intact_7777_version_layout,fold_1;fold_2
2019-03-16,2019-03-17,v14,200,10,True,,10,2019-03-17T12:27:53.852Z,False,,,,,NCAR,file_intact_7777_version_layout,fold_1;fold_2
2019-03-17,2019-03-18,v14,200,10,True,,10,2019-03-18T15:11:47.636Z,False,,,,,NCAR,file_intact_7777_version_layout,fold_1;fold_2
2019-03-18,2019-03-19,v14,200,10,True,,10,2019-03-19T12:27:48.961Z,False,,,,,NCAR,file_intact_7777_version_layout,fold_1;fold_2
2019-03-19,2019-03-20,v14,200,10,True,,10,2019-03-20T15:06:39.494Z,False,,,,,NCAR,file_intact_7777_version_layout,fold_1;fold_2
2019-03-20,2019-03-21,v14,200,10,True,,10,2019-03-21T12:34:58.890Z,False,,,,,NCAR,file_intact_7777_version_layout,fold_1;fold_2
2019-03-21,2019-03-22,v14,200,10,True,,10,2019-03-22T12:22:03.977Z,False,,,,,NCAR,file_intact_7777_version_layout,fold_1;fold_2
2019-03-22,2019-03-23,v14,200,10,True,,10,2019-03-23T12:26:19.822Z,False,,,,,NCAR,file_intact_7777_version_layout,fold_1;fold_2
2019-03-23,2019-03-24,v14,200,10,True,,10,2019-03-24T12:24:24.648Z,False,,,,,NCAR,file_intact_7777_version_layout,fold_1;fold_2
2019-03-24,2019-03-25,v14,200,10,True,,10,2019-03-25T12:35:46.707Z,False,,,,,NCAR,file_intact_7777_version_layout,fold_1;fold_2
2019-03-25,2019-03-26,v14,200,10,True,,10,2019-03-26T12:25:32.812Z,False,,,,,NCAR,file_intact_7777_version_layout,fold_1;fold_2
2019-03-26,2019-03-27,v14,200,10,True,,10,2019-03-27T12:28:34.249Z,False,,,,,NCAR,file_intact_7777_version_layout,fold_1;fold_2
2019-03-27,2019-03-28,v14,200,10,True,,10,2019-03-28T12:29:29.380Z,False,,,,,NCAR,file_intact_7777_version_layout,fold_1;fold_2
2019-03-28,2019-03-29,v14,200,10,True,,10,2019-03-29T12:33:47.216Z,False,,,,,NCAR,file_intact_7777_version_layout,fold_1;fold_2
2019-03-29,2019-03-30,v14,200,10,True,,10,2019-03-30T12:34:08.873Z,False,,,,,NCAR,file_intact_7777_version_layout,fold_1;fold_2
2019-03-30,2019-03-31,v14,200,10,True,,10,2019-03-31T12:24:23.096Z,False,,,,,NCAR,file_intact_7777_version_layout,fold_1;fold_2
2019-03-31,2019-04-01,v14,200,10,True,,10,2019-04-01T12:30:03.109Z,False,,,,,NCAR,file_intact_7777_version_layout,fold_1;fold_2
2019-04-01,2019-04-02,v14,200,10,True,,10,2019-04-02T12:29:56.208Z,False,,,,,NCAR,file_intact_7777_version_layout,fold_1;fold_2
2019-04-02,2019-04-03,v14,200,10,True,,10,2019-04-03T12:49:58.434Z,False,,,,,NCAR,file_intact_7777_version_layout,fold_1;fold_2
2019-04-03,2019-04-04,v14,200,10,True,,10,2019-04-04T12:50:10.679Z,False,,,,,NCAR,file_intact_7777_version_layout,fold_1;fold_2
2019-04-04,2019-04-05,v14,200,10,True,,10,2019-04-05T12:59:16.431Z,False,,,,,NCAR,file_intact_7777_version_layout,fold_1;fold_2
2019-04-05,2019-04-06,v14,200,10,True,,10,2019-04-06T12:48:15.959Z,False,,,,,NCAR,file_intact_7777_version_layout,fold_1;fold_2
2019-04-06,2019-04-07,v14,200,10,True,,10,2019-04-07T12:48:55.978Z,False,,,,,NCAR,file_intact_7777_version_layout,fold_1;fold_2
2019-04-07,2019-04-08,v14,200,10,True,,10,2019-04-08T12:59:49.256Z,False,,,,,NCAR,file_intact_7777_version_layout,fold_1;fold_2
2019-04-08,2019-04-09,v14,200,10,True,,10,2019-04-09T12:17:39.793Z,False,,,,,NCAR,file_intact_7777_version_layout,fold_1;fold_2
2019-04-09,2019-04-10,v14,200,10,True,,10,2019-04-10T12:41:26.717Z,False,,,,,NCAR,file_intact_7777_version_layout,fold_1;fold_2
2019-04-10,2019-04-11,v14,200,10,True,,10,2019-04-11T12:44:48.990Z,False,,,,,NCAR,file_intact_7777_version_layout,fold_1;fold_2
2019-04-11,2019-04-12,v14,200,10,True,,10,2019-04-12T12:40:56.988Z,False,,,,,NCAR,file_intact_7777_version_layout,fold_1;fold_2
2019-04-12,2019-04-13,v14,200,10,True,,10,2019-04-13T12:38:42.276Z,False,,,,,NCAR,file_intact_7777_version_layout,fold_1;fold_2
2019-04-13,2019-04-14,v14,200,10,True,,10,2019-04-14T12:35:15.587Z,False,,,,,NCAR,file_intact_7777_version_layout,fold_1;fold_2
2019-04-14,2019-04-15,v14,200,10,True,,10,2019-04-15T12:41:33.055Z,False,,,,,NCAR,file_intact_7777_version_layout,fold_1;fold_2
2019-04-15,2019-04-16,v14,200,10,True,,10,2019-04-16T12:40:06.958Z,False,,,,,NCAR,file_intact_7777_version_layout,fold_1;fold_2
2019-04-16,2019-04-17,v14,200,10,True,,10,2019-04-17T12:56:50.457Z,False,,,,,NCAR,file_intact_7777_version_layout,fold_1;fold_2
2019-04-17,2019-04-18,v14,200,10,True,,10,2019-04-18T12:58:59.350Z,False,,,,,NCAR,file_intact_7777_version_layout,fold_1;fold_2
2019-04-18,2019-04-19,v14,200,10,True,,10,2019-04-19T12:40:12.310Z,False,,,,,NCAR,file_intact_7777_version_layout,fold_1;fold_2
2019-04-19,2019-04-20,v14,200,10,True,,10,2019-04-20T12:17:11.540Z,False,,,,,NCAR,file_intact_7777_version_layout,fold_1;fold_2
2019-04-20,2019-04-21,v14,200,10,True,,10,2019-04-21T12:15:24.382Z,False,,,,,NCAR,file_intact_7777_version_layout,fold_1;fold_2
2019-04-21,2019-04-22,v14,200,10,True,,10,2019-04-22T12:24:02.277Z,False,,,,,NCAR,file_intact_7777_version_layout,fold_1;fold_2
2019-04-22,2019-04-23,v14,200,10,True,,10,2019-04-23T12:19:50.658Z,False,,,,,NCAR,file_intact_7777_version_layout,fold_1;fold_2
2019-04-23,2019-04-24,v14,200,10,True,,10,2019-04-24T12:20:49.539Z,False,,,,,NCAR,file_intact_7777_version_layout,fold_1;fold_2
2019-04-24,2019-04-25,v14,200,10,True,,10,2019-04-25T12:27:16.007Z,False,,,,,NCAR,file_intact_7777_version_layout,fold_1;fold_2
2019-04-25,2019-04-26,v14,200,10,True,,10,2019-04-26T12:22:33.065Z,False,,,,,NCAR,file_intact_7777_version_layout,fold_1;fold_2
2019-04-26,2019-04-27,v14,200,10,True,,10,2019-04-27T12:20:09.873Z,False,,,,,NCAR,file_intact_7777_version_layout,fold_1;fold_2
2019-04-27,2019-04-28,v14,200,10,True,,10,2019-04-28T12:20:16.129Z,False,,,,,NCAR,file_intact_7777_version_layout,fold_1;fold_2
2019-04-28,2019-04-29,v14,200,10,True,,10,2019-04-29T12:23:51.771Z,False,,,,,NCAR,file_intact_7777_version_layout,fold_1;fold_2
2019-04-29,2019-04-30,v14,200,10,True,,10,2019-04-30T12:17:26.163Z,False,,,,,NCAR,file_intact_7777_version_layout,fold_1;fold_2
2019-04-30,2019-05-01,v14,200,10,True,,10,2019-05-01T12:23:59.902Z,False,,,,,NCAR,file_intact_7777_version_layout,fold_1;fold_2
2019-05-01,2019-05-02,v14,200,10,True,,10,2019-05-02T12:23:50.292Z,False,,,,,NCAR,file_intact_7777_version_layout,fold_1;fold_2
2019-05-02,2019-05-03,v14,200,10,True,,10,2019-05-03T12:20:16.056Z,False,,,,,NCAR,file_intact_7777_version_layout,fold_1;fold_2
2019-05-03,2019-05-04,v14,200,10,True,,10,2019-05-04T12:23:24.852Z,False,,,,,NCAR,file_intact_7777_version_layout,fold_1;fold_2
2019-05-04,2019-05-05,v14,200,10,True,,10,2019-05-05T12:22:36.869Z,False,,,,,NCAR,file_intact_7777_version_layout,fold_1;fold_2
2019-05-05,2019-05-06,v14,200,10,True,,10,2019-05-06T12:23:43.084Z,False,,,,,NCAR,file_intact_7777_version_layout,fold_1;fold_2
2019-05-06,2019-05-07,v14,200,10,True,,10,2019-05-07T12:19:45.376Z,False,,,,,NCAR,file_intact_7777_version_layout,fold_1;fold_2
2019-05-07,2019-05-08,v14,200,10,True,,10,2019-05-08T12:20:36.701Z,False,,,,,NCAR,file_intact_7777_version_layout,fold_1;fold_2
2019-05-08,2019-05-09,v14,200,10,True,,10,2019-05-09T12:28:54.738Z,False,,,,,NCAR,file_intact_7777_version_layout,fold_1;fold_2
2019-05-09,2019-05-10,v14,200,10,True,,10,2019-05-10T17:12:00.513Z,False,,,,,NCAR,file_intact_7777_version_layout,fold_1;fold_2
2019-05-10,2019-05-11,v14,200,10,True,,10,2019-05-11T12:17:21.199Z,False,,,,,NCAR,file_intact_7777_version_layout,fold_1;fold_2
2019-05-11,2019-05-12,v14,200,10,True,,10,2019-05-12T12:17:08.056Z,False,,,,,NCAR,file_intact_7777_version_layout,fold_1;fold_2
2019-05-12,2019-05-13,v14,200,10,True,,10,2019-05-13T12:24:08.789Z,False,,,,,NCAR,file_intact_7777_version_layout,fold_1;fold_2
2019-05-13,2019-05-14,v14,200,10,True,,10,2019-05-14T12:22:50.125Z,False,,,,,NCAR,file_intact_7777_version_layout,fold_1;fold_2
2019-05-14,2019-05-15,v14,200,10,True,,10,2019-05-15T12:20:20.168Z,False,,,,,NCAR,file_intact_7777_version_layout,fold_1;fold_2
2019-05-15,2019-05-16,v14,200,10,True,,10,2019-05-16T12:24:29.305Z,False,,,,,NCAR,file_intact_7777_version_layout,fold_1;fold_2
2019-05-16,2019-05-17,v14,200,10,True,,10,2019-05-17T12:20:15.193Z,False,,,,,NCAR,file_intact_7777_version_layout,fold_1;fold_2
2019-05-17,2019-05-18,v14,200,10,True,,10,2019-05-18T12:21:23.095Z,False,,,,,NCAR,file_intact_7777_version_layout,fold_1;fold_2
2019-05-18,2019-05-19,v14,200,10,True,,10,2019-05-19T12:18:10.313Z,False,,,,,NCAR,file_intact_7777_version_layout,fold_1;fold_2
2019-05-19,2019-05-20,v14,200,10,True,,10,2019-05-20T12:23:53.980Z,False,,,,,NCAR,file_intact_7777_version_layout,fold_1;fold_2
2019-05-20,2019-05-21,v14,200,10,True,,10,2019-05-21T12:20:29.541Z,False,,,,,NCAR,file_intact_7777_version_layout,fold_1;fold_2
2019-05-21,2019-05-22,v14,200,10,True,,10,2019-05-22T12:20:30.697Z,False,,,,,NCAR,file_intact_7777_version_layout,fold_1;fold_2
2019-05-22,2019-05-23,v14,200,10,True,,10,2019-05-23T12:27:06.629Z,False,,,,,NCAR,file_intact_7777_version_layout,fold_1;fold_2
2019-05-23,2019-05-24,v14,200,10,True,,10,2019-05-24T12:20:20.889Z,False,,,,,NCAR,file_intact_7777_version_layout,fold_1;fold_2
2019-05-24,2019-05-25,v14,200,10,True,,10,2019-05-25T12:15:34.060Z,False,,,,,NCAR,file_intact_7777_version_layout,fold_1;fold_2
2019-05-25,2019-05-26,v14,200,10,True,,10,2019-05-26T12:16:45.319Z,False,,,,,NCAR,file_intact_7777_version_layout,fold_1;fold_2
2019-05-26,2019-05-27,v14,200,10,True,,10,2019-05-27T12:24:30.965Z,False,,,,,NCAR,file_intact_7777_version_layout,fold_1;fold_2
2019-05-27,2019-05-28,v14,200,10,True,,10,2019-05-28T12:19:03.165Z,False,,,,,NCAR,file_intact_7777_version_layout,fold_1;fold_2
2019-05-28,2019-05-29,v14,200,10,True,,10,2019-05-29T12:20:05.769Z,False,,,,,NCAR,file_intact_7777_version_layout,fold_1;fold_2
2019-05-29,2019-05-30,v14,200,10,True,,10,2019-05-30T12:26:04.940Z,False,,,,,NCAR,file_intact_7777_version_layout,fold_1;fold_2
2019-05-30,2019-05-31,v14,200,10,True,,10,2019-05-31T12:21:42.076Z,False,,,,,NCAR,file_intact_7777_version_layout,fold_1;fold_2
2019-05-31,2019-06-01,v14,200,10,True,,10,2019-06-01T12:20:37.541Z,False,,,,,NCAR,file_intact_7777_version_layout,fold_1;fold_2
2019-06-01,2019-06-02,v14,200,10,True,,10,2019-06-02T12:14:47.840Z,False,,,,,NCAR,file_intact_7777_version_layout,fold_1;fold_2
2019-06-02,2019-06-03,v14,200,10,True,,10,2019-06-03T12:21:39.458Z,False,,,,,NCAR,file_intact_7777_version_layout,fold_1;fold_2
2019-06-03,2019-06-04,v14,200,10,True,,10,2019-06-04T12:40:43.207Z,False,,,,,NCAR,file_intact_7777_version_layout,fold_1;fold_2
2019-06-04,2019-06-05,v14,200,10,True,,10,2019-06-05T12:12:07.938Z,False,,,,,NCAR,file_intact_7777_version_layout,fold_1;fold_2
2019-06-05,2019-06-06,v14,200,10,True,,10,2019-06-06T17:36:48.761Z,False,,,,,NCAR,file_intact_7777_version_layout,fold_1;fold_2
2019-06-06,2019-06-07,v14,200,10,True,,10,2019-06-07T12:20:53.313Z,False,,,,,NCAR,file_intact_7777_version_layout,fold_1;fold_2
2019-06-07,2019-06-08,v14,200,10,True,,10,2019-06-08T12:16:26.959Z,False,,,,,NCAR,file_intact_7777_version_layout,fold_1;fold_2
2019-06-08,2019-06-09,v14,200,10,True,,10,2019-06-09T12:17:25.897Z,False,,,,,NCAR,file_intact_7777_version_layout,fold_1;fold_2
2019-06-09,2019-06-10,v14,200,10,True,,10,2019-06-10T12:27:59.079Z,False,,,,,NCAR,file_intact_7777_version_layout,fold_1;fold_2
2019-06-10,2019-06-11,v14,200,10,True,,10,2019-06-11T12:19:55.849Z,False,,,,,NCAR,file_intact_7777_version_layout,fold_1;fold_2
2019-06-11,2019-06-12,v14,200,10,True,,10,2019-06-12T12:24:59.430Z,False,,,,,NCAR,file_intact_7777_version_layout,fold_1;fold_2
2019-06-12,2019-06-13,v14,200,10,True,,10,2019-06-13T12:35:16.744Z,False,,,,,NCAR,file_intact_7777_version_layout,fold_1;fold_2
2019-06-13,2019-06-14,v15.1,200,10,True,,10,2019-06-15T00:31:38.370Z,False,,,,,NCAR,file_intact_7777_version_layout,fold_1;fold_2
2019-06-14,2019-06-15,v15.1,200,10,True,,10,2019-06-15T00:56:41.827Z,False,,,,,NCAR,file_intact_7777_version_layout,fold_1;fold_2
2019-06-15,2019-06-16,v15.1,200,10,True,,10,2019-06-16T12:15:55.652Z,False,,,,,NCAR,file_intact_7777_version_layout,fold_1;fold_2
2019-06-16,2019-06-17,v15.1,200,10,True,,10,2019-06-17T12:28:47.044Z,False,,,,,NCAR,file_intact_7777_version_layout,fold_1;fold_2
2019-06-17,2019-06-18,v15.1,200,10,True,,10,2019-06-18T12:25:09.676Z,False,,,,,NCAR,file_intact_7777_version_layout,fold_1;fold_2
2019-06-18,2019-06-19,v15.1,200,10,True,,10,2019-06-19T12:21:44.172Z,False,,,,,NCAR,file_intact_7777_version_layout,fold_1;fold_2
2019-06-19,2019-06-20,v15.1,200,10,True,,10,2019-06-20T12:26:06.237Z,False,,,,,NCAR,file_intact_7777_version_layout,fold_1;fold_2
2019-06-20,2019-06-21,v15.1,200,10,True,,10,2019-06-21T12:24:02.383Z,False,,,,,NCAR,file_intact_7777_version_layout,fold_1;fold_2
2019-06-21,2019-06-22,v15.1,200,10,True,,10,2019-06-22T12:16:33.945Z,False,,,,,NCAR,file_intact_7777_version_layout,fold_1;fold_2
2019-06-22,2019-06-23,v15.1,200,10,True,,10,2019-06-23T12:17:23.294Z,False,,,,,NCAR,file_intact_7777_version_layout,fold_1;fold_2
2019-06-23,2019-06-24,v15.1,200,10,True,,10,2019-06-24T12:29:40.078Z,False,,,,,NCAR,file_intact_7777_version_layout,fold_1;fold_2
2019-06-24,2019-06-25,v15.1,200,10,True,,10,2019-06-25T12:24:36.099Z,False,,,,,NCAR,file_intact_7777_version_layout,fold_1;fold_2
2019-06-25,2019-06-26,v15.1,200,10,True,,10,2019-06-26T12:22:39.268Z,False,,,,,NCAR,file_intact_7777_version_layout,fold_1;fold_2
2019-06-26,2019-06-27,v15.1,200,10,True,,10,2019-06-27T12:32:56.277Z,False,,,,,NCAR,file_intact_7777_version_layout,fold_1;fold_2
2019-06-27,2019-06-28,v15.1,200,10,True,,10,2019-06-28T12:37:03.378Z,False,,,,,NCAR,file_intact_7777_version_layout,fold_1;fold_2
2019-06-28,2019-06-29,v15.1,200,10,True,,10,2019-06-29T12:24:17.984Z,False,,,,,NCAR,file_intact_7777_version_layout,fold_1;fold_2
2019-06-29,2019-06-30,v15.1,200,10,True,,10,2019-06-30T12:19:33.766Z,False,,,,,NCAR,file_intact_7777_version_layout,fold_1;fold_2
2019-06-30,2019-07-01,v15.1,200,10,True,,10,2019-07-01T12:29:42.299Z,False,,,,,NCAR,file_intact_7777_version_layout,fold_1;fold_2
2019-07-01,2019-07-02,v15.1,200,10,True,,10,2019-07-02T13:40:26.576Z,False,,,,,NCAR,file_intact_7777_version_layout,fold_1;fold_2
2019-07-02,2019-07-03,v15.1,200,10,True,,10,2019-07-03T12:36:29.367Z,False,,,,,NCAR,file_intact_7777_version_layout,fold_1;fold_2
2019-07-03,2019-07-04,v15.1,200,10,True,,10,2019-07-04T12:37:15.924Z,False,,,,,NCAR,file_intact_7777_version_layout,fold_1;fold_2
2019-07-04,2019-07-05,v15.1,200,10,True,,10,2019-07-05T12:28:13.554Z,False,,,,,NCAR,file_intact_7777_version_layout,fold_1;fold_2
2019-07-05,2019-07-06,v15.1,200,10,True,,10,2019-07-06T12:27:18.474Z,False,,,,,NCAR,file_intact_7777_version_layout,fold_1;fold_2
2019-07-06,2019-07-07,v15.1,200,10,True,,10,2019-07-07T12:25:41.612Z,False,,,,,NCAR,file_intact_7777_version_layout,fold_1;fold_2
2019-07-07,2019-07-08,v15.1,200,10,True,,10,2019-07-08T12:44:52.580Z,False,,,,,NCAR,file_intact_7777_version_layout,fold_1;fold_2
2019-07-08,2019-07-09,v15.1,200,10,True,,10,2019-07-09T12:51:53.055Z,False,,,,,NCAR,file_intact_7777_version_layout,fold_1;fold_2
2019-07-09,2019-07-10,v15.1,200,10,True,,10,2019-07-10T12:25:22.181Z,False,,,,,NCAR,file_intact_7777_version_layout,fold_1;fold_2
2019-07-10,2019-07-11,v15.1,200,10,True,,10,2019-07-11T12:23:00.332Z,False,,,,,NCAR,file_intact_7777_version_layout,fold_1;fold_2
2019-07-11,2019-07-12,v15.1,200,10,True,,10,2019-07-12T12:53:00.426Z,False,,,,,NCAR,file_intact_7777_version_layout,fold_1;fold_2
2019-07-12,2019-07-13,v15.1,200,10,True,,10,2019-07-13T12:23:32.721Z,False,,,,,NCAR,file_intact_7777_version_layout,fold_1;fold_2
2019-07-13,2019-07-14,v15.1,200,10,True,,10,2019-07-14T12:19:53.714Z,False,,,,,NCAR,file_intact_7777_version_layout,fold_1;fold_2
2019-07-14,2019-07-15,v15.1,200,10,True,,10,2019-07-15T12:28:26.030Z,False,,,,,NCAR,file_intact_7777_version_layout,fold_1;fold_2
2019-07-15,2019-07-16,v15.1,200,10,True,,10,2019-07-16T12:22:03.201Z,False,,,,,NCAR,file_intact_7777_version_layout,fold_1;fold_2
2019-07-16,2019-07-17,v15.1,200,10,True,,10,2019-07-17T12:22:09.367Z,False,,,,,NCAR,file_intact_7777_version_layout,fold_1;fold_2
2019-07-17,2019-07-18,v15.1,200,10,True,,10,2019-07-18T12:33:54.056Z,False,,,,,NCAR,file_intact_7777_version_layout,fold_1;fold_2
2019-07-18,2019-07-19,v15.1,200,10,True,,10,2019-07-19T12:27:18.394Z,False,,,,,NCAR,file_intact_7777_version_layout,fold_1;fold_2
2019-07-19,2019-07-20,v15.1,200,10,True,,10,2019-07-20T12:25:04.573Z,False,,,,,NCAR,file_intact_7777_version_layout,fold_1;fold_2
2019-07-20,2019-07-21,v15.1,200,10,True,,10,2019-07-21T12:23:44.113Z,False,,,,,NCAR,file_intact_7777_version_layout,fold_1;fold_2
2019-07-21,2019-07-22,v15.1,200,10,True,,10,2019-07-22T12:48:54.319Z,False,,,,,NCAR,file_intact_7777_version_layout,fold_1;fold_2
2019-07-22,2019-07-23,v15.1,200,10,True,,10,2019-07-23T12:27:11.652Z,False,,,,,NCAR,file_intact_7777_version_layout,fold_1;fold_2
2019-07-23,2019-07-24,v15.1,200,10,True,,10,2019-07-24T12:37:09.941Z,False,,,,,NCAR,file_intact_7777_version_layout,fold_1;fold_2
2019-07-24,2019-07-25,v15.1,200,10,True,,10,2019-07-25T12:25:21.511Z,False,,,,,NCAR,file_intact_7777_version_layout,fold_1;fold_2
2019-07-25,2019-07-26,v15.1,200,10,True,,10,2019-07-26T12:25:51.467Z,False,,,,,NCAR,file_intact_7777_version_layout,fold_1;fold_2
2019-07-26,2019-07-27,v15.1,200,10,True,,10,2019-07-27T12:26:13.639Z,False,,,,,NCAR,file_intact_7777_version_layout,fold_1;fold_2
2019-07-27,2019-07-28,v15.1,200,10,True,,10,2019-07-28T12:23:04.226Z,False,,,,,NCAR,file_intact_7777_version_layout,fold_1;fold_2
2019-07-28,2019-07-29,v15.1,200,10,True,,10,2019-07-29T12:34:55.844Z,False,,,,,NCAR,file_intact_7777_version_layout,fold_1;fold_2
2019-07-29,2019-07-30,v15.1,200,10,True,,10,2019-07-30T12:44:27.780Z,False,,,,,NCAR,file_intact_7777_version_layout,fold_1;fold_2
2019-07-30,2019-07-31,v15.1,200,10,True,,10,2019-07-31T12:35:59.828Z,False,,,,,NCAR,file_intact_7777_version_layout,fold_1;fold_2
2019-07-31,2019-08-01,v15.1,200,10,True,,10,2019-08-01T12:42:45.511Z,False,,,,,NCAR,file_intact_7777_version_layout,fold_1;fold_2
2019-08-01,2019-08-02,v15.1,200,10,True,,10,2019-08-02T12:24:52.891Z,False,,,,,NCAR,file_intact_7777_version_layout,fold_1;fold_2
2019-08-02,2019-08-03,v15.1,200,10,True,,10,2019-08-03T12:31:18.879Z,False,,,,,NCAR,file_intact_7777_version_layout,fold_1;fold_2
2019-08-03,2019-08-04,v15.1,200,10,True,,10,2019-08-04T12:24:06.209Z,False,,,,,NCAR,file_intact_7777_version_layout,fold_1;fold_2
2019-08-04,2019-08-05,v15.1,200,10,True,,10,2019-08-05T12:56:36.087Z,False,,,,,NCAR,file_intact_7777_version_layout,fold_1;fold_2
2019-08-05,2019-08-06,v15.1,200,10,True,,10,2019-08-06T12:32:56.678Z,False,,,,,NCAR,file_intact_7777_version_layout,fold_1;fold_2
2019-08-06,2019-08-07,v15.1,200,10,True,,10,2019-08-07T12:33:53.408Z,False,,,,,NCAR,file_intact_7777_version_layout,fold_1;fold_2
2019-08-07,2019-08-08,v15.1,200,10,True,,10,2019-08-08T12:36:25.652Z,False,,,,,NCAR,file_intact_7777_version_layout,fold_1;fold_2
2019-08-08,2019-08-09,v15.1,200,10,True,,10,2019-08-09T12:26:47.938Z,False,,,,,NCAR,file_intact_7777_version_layout,fold_1;fold_2
2019-08-09,2019-08-10,v15.1,200,10,True,,10,2019-08-10T12:38:41.794Z,False,,,,,NCAR,file_intact_7777_version_layout,fold_1;fold_2
2019-08-10,2019-08-11,v15.1,200,10,True,,10,2019-08-11T12:28:48.396Z,False,,,,,NCAR,file_intact_7777_version_layout,fold_1;fold_2
2019-08-11,2019-08-12,v15.1,200,10,True,,10,2019-08-12T12:31:46.730Z,False,,,,,NCAR,file_intact_7777_version_layout,fold_1;fold_2
2019-08-12,2019-08-13,v15.1,200,10,True,,10,2019-08-13T12:26:06.981Z,False,,,,,NCAR,file_intact_7777_version_layout,fold_1;fold_2
2019-08-13,2019-08-14,v15.1,200,10,True,,10,2019-08-14T12:31:10.112Z,False,,,,,NCAR,file_intact_7777_version_layout,fold_1;fold_2
2019-08-14,2019-08-15,v15.1,200,10,True,,10,2019-08-15T12:18:08.332Z,False,,,,,NCAR,file_intact_7777_version_layout,fold_1;fold_2
2019-08-15,2019-08-16,v15.1,200,10,True,,10,2019-08-16T12:20:17.838Z,False,,,,,NCAR,file_intact_7777_version_layout,fold_1;fold_2
2019-08-16,2019-08-17,v15.1,200,10,True,,10,2019-08-17T12:24:19.811Z,False,,,,,NCAR,file_intact_7777_version_layout,fold_1;fold_2
2019-08-17,2019-08-18,v15.1,200,10,True,,10,2019-08-18T12:22:00.578Z,False,,,,,NCAR,file_intact_7777_version_layout,fold_1;fold_2
2019-08-18,2019-08-19,v15.1,200,10,True,,10,2019-08-19T12:45:27.331Z,False,,,,,NCAR,file_intact_7777_version_layout,fold_1;fold_2
2019-08-19,2019-08-20,v15.1,200,10,True,,10,2019-08-20T12:26:35.707Z,False,,,,,NCAR,file_intact_7777_version_layout,fold_1;fold_2
2019-08-20,2019-08-21,v15.1,200,10,True,,10,2019-08-21T12:18:51.474Z,False,,,,,NCAR,file_intact_7777_version_layout,fold_1;fold_2
2019-08-21,2019-08-22,v15.1,200,10,True,,10,2019-08-22T12:19:38.882Z,False,,,,,NCAR,file_intact_7777_version_layout,fold_1;fold_2
2019-08-22,2019-08-23,v15.1,200,10,True,,10,2019-08-23T12:14:37.342Z,False,,,,,NCAR,file_intact_7777_version_layout,fold_1;fold_2
2019-08-23,2019-08-24,v15.1,200,10,True,,10,2019-08-24T12:14:51.307Z,False,,,,,NCAR,file_intact_7777_version_layout,fold_1;fold_2
2019-08-24,2019-08-25,v15.1,200,10,True,,10,2019-08-25T12:14:58.452Z,False,,,,,NCAR,file_intact_7777_version_layout,fold_1;fold_2
2019-08-25,2019-08-26,v15.1,200,10,True,,10,2019-08-26T12:24:39.209Z,False,,,,,NCAR,file_intact_7777_version_layout,fold_1;fold_2
2019-08-26,2019-08-27,v15.1,200,10,True,,10,2019-08-27T12:17:06.709Z,False,,,,,NCAR,file_intact_7777_version_layout,fold_1;fold_2
2019-08-27,2019-08-28,v15.1,200,10,True,,10,2019-08-28T12:35:13.831Z,False,,,,,NCAR,file_intact_7777_version_layout,fold_1;fold_2
2019-08-28,2019-08-29,v15.1,200,10,True,,10,2019-08-29T12:15:53.083Z,False,,,,,NCAR,file_intact_7777_version_layout,fold_1;fold_2
2019-08-29,2019-08-30,v15.1,200,10,True,,10,2019-08-30T12:14:51.134Z,False,,,,,NCAR,file_intact_7777_version_layout,fold_1;fold_2
2019-08-30,2019-08-31,v15.1,200,10,True,,10,2019-08-31T12:17:26.221Z,False,,,,,NCAR,file_intact_7777_version_layout,fold_1;fold_2
2019-08-31,2019-09-01,v15.1,200,10,True,,10,2019-09-01T12:15:18.933Z,False,,,,,NCAR,file_intact_7777_version_layout,fold_1;fold_2
2019-09-01,2019-09-02,v15.1,200,10,True,,10,2019-09-02T12:30:49.131Z,False,,,,,NCAR,file_intact_7777_version_layout,fold_1;fold_2
2019-09-02,2019-09-03,v15.1,200,10,True,,10,2019-09-03T12:31:39.580Z,False,,,,,NCAR,file_intact_7777_version_layout,fold_1;fold_2
2019-09-03,2019-09-04,v15.1,200,10,True,,10,2019-09-04T12:19:07.076Z,False,,,,,NCAR,file_intact_7777_version_layout,fold_1;fold_2
2019-09-04,2019-09-05,v15.1,200,10,True,,10,2019-09-05T12:15:40.516Z,False,,,,,NCAR,file_intact_7777_version_layout,fold_1;fold_2
2019-09-05,2019-09-06,v15.1,200,10,True,,10,2019-09-06T12:31:36.974Z,False,,,,,NCAR,file_intact_7777_version_layout,fold_1;fold_2
2019-09-06,2019-09-07,v15.1,200,10,True,,10,2019-09-07T12:35:47.134Z,False,,,,,NCAR,file_intact_7777_version_layout,fold_1;fold_2
2019-09-07,2019-09-08,v15.1,200,10,True,,10,2019-09-08T12:35:23.958Z,False,,,,,NCAR,file_intact_7777_version_layout,fold_1;fold_2
2019-09-08,2019-09-09,v15.1,200,10,True,,10,2019-09-09T12:50:23.796Z,False,,,,,NCAR,file_intact_7777_version_layout,fold_1;fold_2
2019-09-09,2019-09-10,v15.1,200,10,True,,10,2019-09-10T12:33:03.960Z,False,,,,,NCAR,file_intact_7777_version_layout,fold_1;fold_2
2019-09-10,2019-09-11,v15.1,200,10,True,,10,2019-09-11T12:46:33.432Z,False,,,,,NCAR,file_intact_7777_version_layout,fold_1;fold_2
2019-09-11,2019-09-12,v15.1,200,10,True,,10,2019-09-12T12:33:32.945Z,False,,,,,NCAR,file_intact_7777_version_layout,fold_1;fold_2
2019-09-12,2019-09-13,v15.1,200,10,True,,10,2019-09-13T12:37:24.954Z,False,,,,,NCAR,file_intact_7777_version_layout,fold_1;fold_2
2019-09-13,2019-09-14,v15.1,200,10,True,,10,2019-09-14T12:24:23.891Z,False,,,,,NCAR,file_intact_7777_version_layout,fold_1;fold_2
2019-09-14,2019-09-15,v15.1,200,10,True,,10,2019-09-15T12:25:45.545Z,False,,,,,NCAR,file_intact_7777_version_layout,fold_1;fold_2
2019-09-15,2019-09-16,v15.1,200,10,True,,10,2019-09-16T12:36:05.544Z,False,,,,,NCAR,file_intact_7777_version_layout,fold_1;fold_2
2019-09-16,2019-09-17,v15.1,200,10,True,,10,2019-09-17T12:26:02.403Z,False,,,,,NCAR,file_intact_7777_version_layout,fold_1;fold_2
2019-09-17,2019-09-18,v15.1,200,10,True,,10,2019-09-18T12:34:27.333Z,False,,,,,NCAR,file_intact_7777_version_layout,fold_1;fold_2
2019-09-18,2019-09-19,v15.1,200,10,True,,10,2019-09-19T13:36:00.446Z,False,,,,,NCAR,file_intact_7777_version_layout,fold_1;fold_2
2019-09-19,2019-09-20,v15.1,200,10,True,,10,2019-09-20T12:24:30.969Z,False,,,,,NCAR,file_intact_7777_version_layout,fold_1;fold_2
2019-09-20,2019-09-21,v15.1,200,10,True,,10,2019-09-21T12:19:15.544Z,False,,,,,NCAR,file_intact_7777_version_layout,fold_1;fold_2
2019-09-21,2019-09-22,v15.1,200,10,True,,10,2019-09-22T12:17:21.414Z,False,,,,,NCAR,file_intact_7777_version_layout,fold_1;fold_2
2019-09-22,2019-09-23,v15.1,200,10,True,,10,2019-09-23T12:34:00.983Z,False,,,,,NCAR,file_intact_7777_version_layout,fold_1;fold_2
2019-09-23,2019-09-24,v15.1,200,10,True,,10,2019-09-24T12:32:11.530Z,False,,,,,NCAR,file_intact_7777_version_layout,fold_1;fold_2
2019-09-24,2019-09-25,v15.1,200,10,True,,10,2019-09-25T12:32:03.289Z,False,,,,,NCAR,file_intact_7777_version_layout,fold_1;fold_2
2019-09-25,2019-09-26,v15.1,200,10,True,,10,2019-09-26T14:20:25.912Z,False,,,,,NCAR,file_intact_7777_version_layout,fold_1;fold_2
2019-09-26,2019-09-27,v15.1,200,10,True,,10,2019-09-27T12:39:02.321Z,False,,,,,NCAR,file_intact_7777_version_layout,fold_1;fold_2
2019-09-27,2019-09-28,v15.1,200,10,True,,10,2019-09-28T12:28:36.508Z,False,,,,,NCAR,file_intact_7777_version_layout,fold_1;fold_2
2019-09-28,2019-09-29,v15.1,200,10,True,,10,2019-09-29T12:15:06.910Z,False,,,,,NCAR,file_intact_7777_version_layout,fold_1;fold_2
2019-09-29,2019-09-30,v15.1,200,10,True,,10,2019-09-30T12:30:25.659Z,False,,,,,NCAR,file_intact_7777_version_layout,fold_1;fold_2
2019-09-30,2019-10-01,v15.1,200,10,True,,10,2019-10-01T14:37:39.179Z,False,,,,,NCAR,file_intact_7777_version_layout,fold_1;fold_2
2019-10-01,2019-10-02,v15.1,200,10,True,,10,2019-10-02T12:30:48.952Z,False,,,,,NCAR,file_intact_7777_version_layout,fold_1;fold_2
2019-10-02,2019-10-03,v15.1,200,10,True,,10,2019-10-03T12:21:44.458Z,False,,,,,NCAR,file_intact_7777_version_layout,fold_1;fold_2
2019-10-03,2019-10-04,v15.1,200,10,True,,10,2019-10-04T12:35:29.168Z,False,,,,,NCAR,file_intact_7777_version_layout,fold_1;fold_2
2019-10-04,2019-10-05,v15.1,200,10,True,,10,2019-10-05T12:24:09.501Z,False,,,,,NCAR,file_intact_7777_version_layout,fold_1;fold_2
2019-10-05,2019-10-06,v15.1,200,10,True,,10,2019-10-06T12:18:18.422Z,False,,,,,NCAR,file_intact_7777_version_layout,fold_1;fold_2
2019-10-06,2019-10-07,v15.1,200,10,True,,10,2019-10-07T12:34:50.380Z,False,,,,,NCAR,file_intact_7777_version_layout,fold_1;fold_2
2019-10-07,2019-10-08,v15.1,200,10,True,,10,2019-10-08T12:30:01.327Z,False,,,,,NCAR,file_intact_7777_version_layout,fold_1;fold_2
2019-10-08,2019-10-09,v15.1,200,10,True,,10,2019-10-09T12:23:50.551Z,False,,,,,NCAR,file_intact_7777_version_layout,fold_1;fold_2
2019-10-09,2019-10-10,v15.1,200,10,True,,10,2019-10-10T12:23:54.903Z,False,,,,,NCAR,file_intact_7777_version_layout,fold_1;fold_2
2019-10-10,2019-10-11,v15.1,200,10,True,,10,2019-10-11T12:42:01.259Z,False,,,,,NCAR,file_intact_7777_version_layout,fold_1;fold_2
2019-10-11,2019-10-12,v15.1,200,10,True,,10,2019-10-12T12:13:08.405Z,False,,,,,NCAR,file_intact_7777_version_layout,fold_1;fold_2
2019-10-12,2019-10-13,v15.1,200,10,True,,10,2019-10-13T12:10:22.328Z,False,,,,,NCAR,file_intact_7777_version_layout,fold_1;fold_2
2019-10-13,2019-10-14,v15.1,200,10,True,,10,2019-10-14T12:20:44.248Z,False,,,,,NCAR,file_intact_7777_version_layout,fold_1;fold_2
2019-10-14,2019-10-15,v15.1,200,10,True,,10,2019-10-15T12:19:08.498Z,False,,,,,NCAR,file_intact_7777_version_layout,fold_1;fold_2
2019-10-15,2019-10-16,v15.1,200,10,True,,10,2019-10-16T12:15:40.312Z,False,,,,,NCAR,file_intact_7777_version_layout,fold_1;fold_2
2019-10-16,2019-10-17,v15.1,200,10,True,,10,2019-10-17T12:23:57.094Z,False,,,,,NCAR,file_intact_7777_version_layout,fold_1;fold_2
2019-10-17,2019-10-18,v15.1,200,10,True,,10,2019-10-18T12:29:40.968Z,False,,,,,NCAR,file_intact_7777_version_layout,fold_1;fold_2
2019-10-18,2019-10-19,v15.1,200,10,True,,10,2019-10-19T12:24:44.548Z,False,,,,,NCAR,file_intact_7777_version_layout,fold_1;fold_2
2019-10-19,2019-10-20,v15.1,200,10,True,,10,2019-10-20T13:38:03.277Z,False,,,,,NCAR,file_intact_7777_version_layout,fold_1;fold_2
2019-10-20,2019-10-21,v15.1,200,10,True,,10,2019-10-21T12:30:11.394Z,False,,,,,NCAR,file_intact_7777_version_layout,fold_1;fold_2
2019-10-21,2019-10-22,v15.1,200,10,True,,10,2019-10-22T12:37:02.698Z,False,,,,,NCAR,file_intact_7777_version_layout,fold_1;fold_2
2019-10-22,2019-10-23,v15.1,200,10,True,,10,2019-10-23T12:24:47.878Z,False,,,,,NCAR,file_intact_7777_version_layout,fold_1;fold_2
2019-10-23,2019-10-24,v15.1,200,10,True,,10,2019-10-24T12:14:58.545Z,False,,,,,NCAR,file_intact_7777_version_layout,fold_1;fold_2
2019-10-24,2019-10-25,v15.1,200,10,True,,10,2019-10-25T12:14:53.874Z,False,,,,,NCAR,file_intact_7777_version_layout,fold_1;fold_2
2019-10-25,2019-10-26,v15.1,200,10,True,,10,2019-10-26T12:13:57.167Z,False,,,,,NCAR,file_intact_7777_version_layout,fold_1;fold_2
2019-10-26,2019-10-27,v15.1,200,10,True,,10,2019-10-27T12:11:46.376Z,False,,,,,NCAR,file_intact_7777_version_layout,fold_1;fold_2
2019-10-27,2019-10-28,v15.1,200,10,True,,10,2019-10-28T12:20:19.635Z,False,,,,,NCAR,file_intact_7777_version_layout,fold_1;fold_2
2019-10-28,2019-10-29,v15.1,200,10,True,,10,2019-10-30T00:06:15.546Z,False,,,,,NCAR,file_intact_7777_version_layout,fold_1;fold_2
2019-10-29,2019-10-30,v15.1,200,10,True,,10,2019-10-30T12:08:50.831Z,False,,,,,NCAR,file_intact_7777_version_layout,fold_1;fold_2
2019-10-30,2019-10-31,v15.1,200,10,True,,10,2019-10-31T12:33:04.573Z,False,,,,,NCAR,file_intact_7777_version_layout,fold_1;fold_2
2019-10-31,2019-11-01,v15.1,200,10,True,,10,2019-11-01T12:26:53.599Z,False,,,,,NCAR,file_intact_7777_version_layout,fold_1;fold_2
2019-11-01,2019-11-02,v15.1,200,10,True,,10,2019-11-02T12:24:25.679Z,False,,,,,NCAR,file_intact_7777_version_layout,fold_1;fold_2
2019-11-02,2019-11-03,v15.1,200,10,True,,10,2019-11-03T13:28:27.375Z,False,,,,,NCAR,file_intact_7777_version_layout,fold_1;fold_2
2019-11-03,2019-11-04,v15.1,200,10,True,,10,2019-11-04T13:31:10.860Z,False,,,,,NCAR,file_intact_7777_version_layout,fold_1;fold_2
2019-11-04,2019-11-05,v15.1,200,10,True,,10,2019-11-05T13:26:16.028Z,False,,,,,NCAR,file_intact_7777_version_layout,fold_1;fold_2
2019-11-05,2019-11-06,v15.1,200,10,True,,10,2019-11-06T19:24:28.511Z,False,,,,,NCAR,file_intact_7777_version_layout,fold_1;fold_2
2019-11-06,2019-11-07,v15.1,200,10,True,,10,2019-11-07T13:08:08.439Z,False,,,,,NCAR,file_intact_7777_version_layout,fold_1;fold_2
2019-11-07,2019-11-08,v15.1,200,10,True,,10,2019-11-08T13:19:57.346Z,False,,,,,NCAR,file_intact_7777_version_layout,fold_1;fold_2
2019-11-08,2019-11-09,v15.1,200,10,True,,10,2019-11-09T13:10:07.914Z,False,,,,,NCAR,file_intact_7777_version_layout,fold_1;fold_2
2019-11-09,2019-11-10,v15.1,200,10,True,,10,2019-11-10T13:14:46.018Z,False,,,,,NCAR,file_intact_7777_version_layout,fold_1;fold_2
2019-11-10,2019-11-11,v15.1,200,10,True,,10,2019-11-11T13:27:09.553Z,False,,,,,NCAR,file_intact_7777_version_layout,fold_1;fold_2
2019-11-11,2019-11-12,v15.1,200,10,True,,10,2019-11-12T13:16:08.854Z,False,,,,,NCAR,file_intact_7777_version_layout,fold_1;fold_2
2019-11-12,2019-11-13,v15.1,200,10,True,,10,2019-11-13T13:34:31.985Z,False,,,,,NCAR,file_intact_7777_version_layout,fold_1;fold_2
2019-11-13,2019-11-14,v15.1,200,10,True,,10,2019-11-14T13:17:38.693Z,False,,,,,NCAR,file_intact_7777_version_layout,fold_1;fold_2
2019-11-14,2019-11-15,v15.1,200,10,True,,10,2019-11-15T13:23:18.438Z,False,,,,,NCAR,file_intact_7777_version_layout,fold_1;fold_2
2019-11-15,2019-11-16,v15.1,200,10,True,,10,2019-11-16T13:21:22.220Z,False,,,,,NCAR,file_intact_7777_version_layout,fold_1;fold_2
2019-11-16,2019-11-17,v15.1,200,10,True,,10,2019-11-17T13:13:18.505Z,False,,,,,NCAR,file_intact_7777_version_layout,fold_1;fold_2
2019-11-17,2019-11-18,v15.1,200,10,True,,10,2019-11-18T13:16:58.750Z,False,,,,,NCAR,file_intact_7777_version_layout,fold_1;fold_2
2019-11-18,2019-11-19,v15.1,200,10,True,,10,2019-11-19T13:25:33.290Z,False,,,,,NCAR,file_intact_7777_version_layout,fold_1;fold_2
2019-11-19,2019-11-20,v15.1,200,10,True,,10,2019-11-20T13:29:39.067Z,False,,,,,NCAR,file_intact_7777_version_layout,fold_1;fold_2
2019-11-20,2019-11-21,v15.1,200,10,True,,10,2019-11-21T13:29:40.074Z,False,,,,,NCAR,file_intact_7777_version_layout,fold_1;fold_2
2019-11-21,2019-11-22,v15.1,200,10,True,,10,2019-11-22T13:33:36.880Z,False,,,,,NCAR,file_intact_7777_version_layout,fold_1;fold_2
2019-11-22,2019-11-23,v15.1,200,10,True,,10,2019-11-23T13:31:44.328Z,False,,,,,NCAR,file_intact_7777_version_layout,fold_1;fold_2
2019-11-23,2019-11-24,v15.1,200,10,True,,10,2019-11-24T13:27:29.415Z,False,,,,,NCAR,file_intact_7777_version_layout,fold_1;fold_2
2019-11-24,2019-11-25,v15.1,200,10,True,,10,2019-11-25T13:38:50.448Z,False,,,,,NCAR,file_intact_7777_version_layout,fold_1;fold_2
2019-11-25,2019-11-26,v15.1,200,10,True,,10,2019-11-26T13:22:09.066Z,False,,,,,NCAR,file_intact_7777_version_layout,fold_1;fold_2
2019-11-26,2019-11-27,v15.1,200,10,True,,10,2019-11-27T13:32:25.474Z,False,,,,,NCAR,file_intact_7777_version_layout,fold_1;fold_2
2019-11-27,2019-11-28,v15.1,200,10,True,,10,2019-11-28T13:26:13.495Z,False,,,,,NCAR,file_intact_7777_version_layout,fold_1;fold_2
2019-11-28,2019-11-29,v15.1,200,10,True,,10,2019-11-29T13:26:56.610Z,False,,,,,NCAR,file_intact_7777_version_layout,fold_1;fold_2
2019-11-29,2019-11-30,v15.1,200,10,True,,10,2019-11-30T13:18:15.651Z,False,,,,,NCAR,file_intact_7777_version_layout,fold_1;fold_2
2019-11-30,2019-12-01,v15.1,200,10,True,,10,2019-12-01T13:14:00.372Z,False,,,,,NCAR,file_intact_7777_version_layout,fold_1;fold_2
2019-12-01,2019-12-02,v15.1,200,10,True,,10,2019-12-02T13:27:04.783Z,False,,,,,NCAR,file_intact_7777_version_layout,fold_1;fold_2
2019-12-02,2019-12-03,v15.1,200,10,True,,10,2019-12-03T13:27:38.764Z,False,,,,,NCAR,file_intact_7777_version_layout,fold_1;fold_2
2019-12-03,2019-12-04,v15.1,200,10,True,,10,2019-12-04T14:32:06.712Z,False,,,,,NCAR,file_intact_7777_version_layout,fold_1;fold_2
2019-12-04,2019-12-05,v15.1,200,10,True,,10,2019-12-05T13:29:11.458Z,False,,,,,NCAR,file_intact_7777_version_layout,fold_1;fold_2
2019-12-05,2019-12-06,v15.1,200,10,True,,10,2019-12-06T13:23:02.248Z,False,,,,,NCAR,file_intact_7777_version_layout,fold_1;fold_2
2019-12-06,2019-12-07,v15.1,200,10,True,,10,2019-12-07T13:22:28.376Z,False,,,,,NCAR,file_intact_7777_version_layout,fold_1;fold_2
2019-12-07,2019-12-08,v15.1,200,10,True,,10,2019-12-08T13:16:55.482Z,False,,,,,NCAR,file_intact_7777_version_layout,fold_1;fold_2
2019-12-08,2019-12-09,v15.1,200,10,True,,10,2019-12-09T13:31:07.725Z,False,,,,,NCAR,file_intact_7777_version_layout,fold_1;fold_2
2019-12-09,2019-12-10,v15.1,200,10,True,,10,2019-12-10T13:20:59.565Z,False,,,,,NCAR,file_intact_7777_version_layout,fold_1;fold_2
2019-12-10,2019-12-11,v15.1,200,10,True,,10,2019-12-11T13:16:27.423Z,False,,,,,NCAR,file_intact_7777_version_layout,fold_1;fold_2
2019-12-11,2019-12-12,v15.1,200,10,True,,10,2019-12-12T13:17:38.984Z,False,,,,,NCAR,file_intact_7777_version_layout,fold_1;fold_2
2019-12-12,2019-12-13,v15.1,200,10,True,,10,2019-12-13T13:25:35.394Z,False,,,,,NCAR,file_intact_7777_version_layout,fold_1;fold_2
2019-12-13,2019-12-14,v15.1,200,10,True,,10,2019-12-14T13:10:01.085Z,False,,,,,NCAR,file_intact_7777_version_layout,fold_1;fold_2
2019-12-14,2019-12-15,v15.1,200,10,True,,10,2019-12-15T13:09:38.856Z,False,,,,,NCAR,file_intact_7777_version_layout,fold_1;fold_2
2019-12-15,2019-12-16,v15.1,200,10,True,,10,2019-12-16T13:38:54.723Z,False,,,,,NCAR,file_intact_7777_version_layout,fold_1;fold_2
2019-12-16,2019-12-17,v15.1,200,10,True,,10,2019-12-17T13:25:58.223Z,False,,,,,NCAR,file_intact_7777_version_layout,fold_1;fold_2
2019-12-17,2019-12-18,v15.1,200,10,True,,10,2019-12-18T13:21:51.476Z,False,,,,,NCAR,file_intact_7777_version_layout,fold_1;fold_2
2019-12-18,2019-12-19,v15.1,200,10,True,,10,2019-12-19T13:17:27.435Z,False,,,,,NCAR,file_intact_7777_version_layout,fold_1;fold_2
2019-12-19,2019-12-20,v15.1,200,10,True,,10,2019-12-20T13:24:48.904Z,False,,,,,NCAR,file_intact_7777_version_layout,fold_1;fold_2
2019-12-20,2019-12-21,v15.1,200,10,True,,10,2019-12-21T13:19:36.763Z,False,,,,,NCAR,file_intact_7777_version_layout,fold_1;fold_2
2019-12-21,2019-12-22,v15.1,200,10,True,,10,2019-12-22T13:11:27.052Z,False,,,,,NCAR,file_intact_7777_version_layout,fold_1;fold_2
2019-12-22,2019-12-23,v15.1,200,10,True,,10,2019-12-23T13:23:32.488Z,False,,,,,NCAR,file_intact_7777_version_layout,fold_1;fold_2
2019-12-23,2019-12-24,v15.1,200,10,True,,10,2019-12-24T13:22:52.869Z,False,,,,,NCAR,file_intact_7777_version_layout,fold_1;fold_2
2019-12-24,2019-12-25,v15.1,200,10,True,,10,2019-12-25T13:11:02.889Z,False,,,,,NCAR,file_intact_7777_version_layout,fold_1;fold_2
2019-12-25,2019-12-26,v15.1,200,10,True,,10,2019-12-26T13:09:05.643Z,False,,,,,NCAR,file_intact_7777_version_layout,fold_1;fold_2
2019-12-26,2019-12-27,v15.1,200,10,True,,10,2019-12-27T13:24:21.754Z,False,,,,,NCAR,file_intact_7777_version_layout,fold_1;fold_2
2019-12-27,2019-12-28,v15.1,200,10,True,,10,2019-12-28T13:20:11.791Z,False,,,,,NCAR,file_intact_7777_version_layout,fold_1;fold_2
2019-12-28,2019-12-29,v15.1,200,10,True,,10,2019-12-29T13:07:48.644Z,False,,,,,NCAR,file_intact_7777_version_layout,fold_1;fold_2
2019-12-29,2019-12-30,v15.1,200,10,True,,10,2019-12-30T13:44:50.516Z,False,,,,,NCAR,file_intact_7777_version_layout,fold_1;fold_2
2019-12-30,2019-12-31,v15.1,200,10,True,,10,2019-12-31T13:11:20.508Z,False,,,,,NCAR,file_intact_7777_version_layout,fold_1;fold_2
2019-12-31,2020-01-01,v15.1,200,10,True,,10,2020-01-01T13:10:53.977Z,False,,,,,NCAR,file_intact_7777_version_layout,fold_1;fold_2
2020-01-01,2020-01-02,v15.1,200,10,True,,10,2020-01-02T13:23:33.403Z,False,,,,,NCAR,file_intact_7777_version_layout,fold_1;fold_2
2020-01-02,2020-01-03,v15.1,200,10,True,,10,2020-01-03T13:25:24.263Z,False,,,,,NCAR,file_intact_7777_version_layout,fold_1;fold_2
2020-01-03,2020-01-04,v15.1,200,10,True,,10,2020-01-04T13:20:35.258Z,False,,,,,NCAR,file_intact_7777_version_layout,fold_1;fold_2
2020-01-04,2020-01-05,v15.1,200,10,True,,10,2020-01-05T13:11:51.447Z,False,,,,,NCAR,file_intact_7777_version_layout,fold_1;fold_2
2020-01-05,2020-01-06,v15.1,200,10,True,,10,2020-01-06T13:16:33.113Z,False,,,,,NCAR,file_intact_7777_version_layout,fold_1;fold_2
2020-01-06,2020-01-07,v15.1,200,10,True,,10,2020-01-07T13:24:28.076Z,False,,,,,NCAR,file_intact_7777_version_layout,fold_1;fold_2
2020-01-07,2020-01-08,v15.1,200,10,True,,10,2020-01-08T13:16:49.026Z,False,,,,,NCAR,file_intact_7777_version_layout,fold_1;fold_2
2020-01-08,2020-01-09,v15.1,200,10,True,,10,2020-01-09T13:28:51.225Z,False,,,,,NCAR,file_intact_7777_version_layout,fold_1;fold_2
2020-01-09,2020-01-10,v15.1,200,10,True,,10,2020-01-10T13:30:19.177Z,False,,,,,NCAR,file_intact_7777_version_layout,fold_1;fold_2
2020-01-10,2020-01-11,v15.1,200,10,True,,10,2020-01-11T14:20:50.583Z,False,,,,,NCAR,file_intact_7777_version_layout,fold_1;fold_2
2020-01-11,2020-01-12,v15.1,200,10,True,,10,2020-01-12T13:17:44.643Z,False,,,,,NCAR,file_intact_7777_version_layout,fold_1;fold_2
2020-01-12,2020-01-13,v15.1,200,10,True,,10,2020-01-13T16:15:56.373Z,False,,,,,NCAR,file_intact_7777_version_layout,fold_1;fold_2
2020-01-13,2020-01-14,v15.1,200,10,True,,10,2020-01-15T13:26:18.020Z,False,,,,,NCAR,file_intact_7777_version_layout,fold_1;fold_2
2020-01-14,2020-01-15,v15.1,200,10,True,,10,2020-01-15T13:52:02.643Z,False,,,,,NCAR,file_intact_7777_version_layout,fold_1;fold_2
2020-01-15,2020-01-16,v15.1,200,10,True,,10,2020-01-16T13:25:03.432Z,False,,,,,NCAR,file_intact_7777_version_layout,fold_1;fold_2
2020-01-16,2020-01-17,v15.1,200,10,True,,10,2020-01-17T13:25:15.542Z,False,,,,,NCAR,file_intact_7777_version_layout,fold_1;fold_2
2020-01-17,2020-01-18,v15.1,200,10,True,,10,2020-01-18T13:19:31.144Z,False,,,,,NCAR,file_intact_7777_version_layout,fold_1;fold_2
2020-01-18,2020-01-19,v15.1,200,10,True,,10,2020-01-19T13:13:56.006Z,False,,,,,NCAR,file_intact_7777_version_layout,fold_1;fold_2
2020-01-19,2020-01-20,v15.1,200,10,True,,10,2020-01-20T13:21:31.140Z,False,,,,,NCAR,file_intact_7777_version_layout,fold_1;fold_2
2020-01-20,2020-01-21,v15.1,200,10,True,,10,2020-01-21T13:28:22.870Z,False,,,,,NCAR,file_intact_7777_version_layout,fold_1;fold_2
2020-01-21,2020-01-22,v15.1,200,10,True,,10,2020-01-22T13:16:36.498Z,False,,,,,NCAR,file_intact_7777_version_layout,fold_1;fold_2
2020-01-22,2020-01-23,v15.1,200,10,True,,10,2020-01-23T13:28:46.108Z,False,,,,,NCAR,file_intact_7777_version_layout,fold_1;fold_2
2020-01-23,2020-01-24,v15.1,200,10,True,,10,2020-01-24T13:34:01.116Z,False,,,,,NCAR,file_intact_7777_version_layout,fold_1;fold_2
2020-01-24,2020-01-25,v15.1,200,10,True,,10,2020-01-25T13:22:38.654Z,False,,,,,NCAR,file_intact_7777_version_layout,fold_1;fold_2
2020-01-25,2020-01-26,v15.1,200,10,True,,10,2020-01-26T13:21:25.271Z,False,,,,,NCAR,file_intact_7777_version_layout,fold_1;fold_2
2020-01-26,2020-01-27,v15.1,200,10,True,,10,2020-01-27T13:28:54.455Z,False,,,,,NCAR,file_intact_7777_version_layout,fold_1;fold_2
2020-01-27,2020-01-28,v15.1,200,10,True,,10,2020-01-28T13:27:23.429Z,False,,,,,NCAR,file_intact_7777_version_layout,fold_1;fold_2
2020-01-28,2020-01-29,v15.1,200,10,True,,10,2020-01-29T13:25:34.550Z,False,,,,,NCAR,file_intact_7777_version_layout,fold_1;fold_2
2020-01-29,2020-01-30,v15.1,200,10,True,,10,2020-01-30T13:34:44.440Z,False,,,,,NCAR,file_intact_7777_version_layout,fold_1;fold_2
2020-01-30,2020-01-31,v15.1,200,10,True,,10,2020-01-31T13:35:07.756Z,False,,,,,NCAR,file_intact_7777_version_layout,fold_1;fold_2
2020-01-31,2020-02-01,v15.1,200,10,True,,10,2020-02-01T13:22:28.581Z,False,,,,,NCAR,file_intact_7777_version_layout,fold_1;fold_2
2020-02-01,2020-02-02,v15.1,200,10,True,,10,2020-02-02T13:29:03.523Z,False,,,,,NCAR,file_intact_7777_version_layout,fold_1;fold_2
2020-02-02,2020-02-03,v15.1,200,10,True,,10,2020-02-03T13:39:31.640Z,False,,,,,NCAR,file_intact_7777_version_layout,fold_1;fold_2
2020-02-03,2020-02-04,v15.1,200,10,True,,10,2020-02-04T13:26:46.489Z,False,,,,,NCAR,file_intact_7777_version_layout,fold_1;fold_2
2020-02-04,2020-02-05,v15.1,200,10,True,,10,2020-02-05T13:32:28.947Z,False,,,,,NCAR,file_intact_7777_version_layout,fold_1;fold_2
2020-02-05,2020-02-06,v15.1,200,10,True,,10,2020-02-06T13:35:07.496Z,False,,,,,NCAR,file_intact_7777_version_layout,fold_1;fold_2
2020-02-06,2020-02-07,v15.1,200,10,True,,10,2020-02-07T13:13:05.758Z,False,,,,,NCAR,file_intact_7777_version_layout,fold_1;fold_2
2020-02-07,2020-02-08,v15.1,200,10,True,,10,2020-02-08T13:12:48.766Z,False,,,,,NCAR,file_intact_7777_version_layout,fold_1;fold_2
2020-02-08,2020-02-09,v15.1,200,10,True,,10,2020-02-09T13:12:06.146Z,False,,,,,NCAR,file_intact_7777_version_layout,fold_1;fold_2
2020-02-09,2020-02-10,v15.1,200,10,True,,10,2020-02-10T13:15:39.823Z,False,,,,,NCAR,file_intact_7777_version_layout,fold_1;fold_2
2020-02-10,2020-02-11,v15.1,200,10,True,,10,2020-02-11T13:13:28.197Z,False,,,,,NCAR,file_intact_7777_version_layout,fold_1;fold_2
2020-02-11,2020-02-12,v15.1,200,10,True,,10,2020-02-12T13:10:03.293Z,False,,,,,NCAR,file_intact_7777_version_layout,fold_1;fold_2
2020-02-12,2020-02-13,v15.1,200,10,True,,10,2020-02-13T13:11:46.113Z,False,,,,,NCAR,file_intact_7777_version_layout,fold_1;fold_2
2020-02-13,2020-02-14,v15.1,200,10,True,,10,2020-02-14T13:13:49.653Z,False,,,,,NCAR,file_intact_7777_version_layout,fold_1;fold_2
2020-02-14,2020-02-15,v15.1,200,10,True,,10,2020-02-15T13:11:30.498Z,False,,,,,NCAR,file_intact_7777_version_layout,fold_1;fold_2
2020-02-15,2020-02-16,v15.1,200,10,True,,10,2020-02-16T13:12:51.894Z,False,,,,,NCAR,file_intact_7777_version_layout,fold_1;fold_2
2020-02-16,2020-02-17,v15.1,200,10,True,,10,2020-02-17T13:12:53.656Z,False,,,,,NCAR,file_intact_7777_version_layout,fold_1;fold_2
2020-02-17,2020-02-18,v15.1,200,10,True,,10,2020-02-18T13:13:57.839Z,False,,,,,NCAR,file_intact_7777_version_layout,fold_1;fold_2
2020-02-18,2020-02-19,v15.1,200,10,True,,10,2020-02-19T13:10:52.874Z,False,,,,,NCAR,file_intact_7777_version_layout,fold_1;fold_2
2020-02-19,2020-02-20,v15.1,200,10,True,,10,2020-02-20T13:11:24.988Z,False,,,,,NCAR,file_intact_7777_version_layout,fold_1;fold_2
2020-02-20,2020-02-21,v15.1,200,10,True,,10,2020-02-21T13:11:45.260Z,False,,,,,NCAR,file_intact_7777_version_layout,fold_1;fold_2
2020-02-21,2020-02-22,v15.1,200,10,True,,10,2020-02-22T13:13:12.849Z,False,,,,,NCAR,file_intact_7777_version_layout,fold_1;fold_2
2020-02-22,2020-02-23,v15.1,200,10,True,,10,2020-02-23T13:16:57.731Z,False,,,,,NCAR,file_intact_7777_version_layout,fold_1;fold_2
2020-02-23,2020-02-24,v15.1,200,10,True,,10,2020-02-24T13:15:52.327Z,False,,,,,NCAR,file_intact_7777_version_layout,fold_1;fold_2
2020-02-24,2020-02-25,v15.1,200,10,True,,10,2020-02-25T13:38:14.019Z,False,,,,,NCAR,file_intact_7777_version_layout,fold_1;fold_2
2020-02-25,2020-02-26,v15.1,200,10,True,,10,2020-02-26T13:20:42.151Z,False,,,,,NCAR,file_intact_7777_version_layout,fold_1;fold_2
2020-02-26,2020-02-27,v15.1,200,10,True,,10,2020-02-27T13:11:12.276Z,False,,,,,NCAR,file_intact_7777_version_layout,fold_1;fold_2
2020-02-27,2020-02-28,v15.1,200,10,True,,10,2020-02-28T13:10:48.525Z,False,,,,,NCAR,file_intact_7777_version_layout,fold_1;fold_2
2020-02-28,2020-02-29,v15.1,200,10,True,,10,2020-02-29T13:10:55.594Z,False,,,,,NCAR,file_intact_7777_version_layout,fold_1;fold_2
2020-02-29,2020-03-01,v15.1,200,10,True,,10,2020-03-01T13:11:16.233Z,False,,,,,NCAR,file_intact_7777_version_layout,fold_1;fold_2
2020-03-01,2020-03-02,v15.1,200,10,True,,10,2020-03-02T13:11:35.486Z,False,,,,,NCAR,file_intact_7777_version_layout,fold_1;fold_2
2020-03-02,2020-03-03,v15.1,200,10,True,,10,2020-03-03T13:14:09.447Z,False,,,,,NCAR,file_intact_7777_version_layout,fold_1;fold_2
2020-03-03,2020-03-04,v15.1,200,10,True,,10,2020-03-04T13:12:02.070Z,False,,,,,NCAR,file_intact_7777_version_layout,fold_1;fold_2
2020-03-04,2020-03-05,v15.1,200,10,True,,10,2020-03-05T13:18:30.378Z,False,,,,,NCAR,file_intact_7777_version_layout,fold_1;fold_2
2020-03-05,2020-03-06,v15.1,200,10,True,,10,2020-03-06T13:12:31.217Z,False,,,,,NCAR,file_intact_7777_version_layout,fold_1;fold_2
2020-03-06,2020-03-07,v15.1,200,10,True,,10,2020-03-07T13:15:59.776Z,False,,,,,NCAR,file_intact_7777_version_layout,fold_1;fold_2
2020-03-07,2020-03-08,v15.1,200,10,True,,10,2020-03-08T12:15:30.606Z,False,,,,,NCAR,file_intact_7777_version_layout,fold_1;fold_2
2020-03-08,2020-03-09,v15.1,200,10,True,,10,2020-03-09T12:13:24.597Z,False,,,,,NCAR,file_intact_7777_version_layout,fold_1;fold_2
2020-03-09,2020-03-10,v15.1,200,10,True,,10,2020-03-10T12:12:04.035Z,False,,,,,NCAR,file_intact_7777_version_layout,fold_1;fold_2
2020-03-10,2020-03-11,v15.1,200,10,True,,10,2020-03-11T12:12:24.052Z,False,,,,,NCAR,file_intact_7777_version_layout,fold_1;fold_2
2020-03-11,2020-03-12,v15.1,200,10,True,,10,2020-03-12T12:15:45.979Z,False,,,,,NCAR,file_intact_7777_version_layout,fold_1;fold_2
2020-03-12,2020-03-13,v15.1,200,10,True,,10,2020-03-13T12:15:44.603Z,False,,,,,NCAR,file_intact_7777_version_layout,fold_1;fold_2
2020-03-13,2020-03-14,v15.1,200,10,True,,10,2020-03-14T12:13:35.326Z,False,,,,,NCAR,file_intact_7777_version_layout,fold_1;fold_2
2020-03-14,2020-03-15,v15.1,200,10,True,,10,2020-03-15T12:13:29.667Z,False,,,,,NCAR,file_intact_7777_version_layout,fold_1;fold_2
2020-03-15,2020-03-16,v15.1,200,10,True,,10,2020-03-16T12:14:52.278Z,False,,,,,NCAR,file_intact_7777_version_layout,fold_1;fold_2
2020-03-16,2020-03-17,v15.1,200,10,True,,10,2020-03-17T12:13:55.883Z,False,,,,,NCAR,file_intact_7777_version_layout,fold_1;fold_2
2020-03-17,2020-03-18,v15.1,200,10,True,,10,2020-03-18T12:13:03.203Z,False,,,,,NCAR,file_intact_7777_version_layout,fold_1;fold_2
2020-03-18,2020-03-19,v15.1,200,10,True,,10,2020-03-19T14:10:03.543Z,False,,,,,NCAR,file_intact_7777_version_layout,fold_1;fold_2
2020-03-19,2020-03-20,v15.1,200,10,True,,10,2020-03-20T12:09:45.090Z,False,,,,,NCAR,file_intact_7777_version_layout,fold_1;fold_2
2020-03-20,2020-03-21,v15.1,200,10,True,,10,2020-03-21T12:14:26.195Z,False,,,,,NCAR,file_intact_7777_version_layout,fold_1;fold_2
2020-03-21,2020-03-22,v15.1,200,10,True,,10,2020-03-22T12:10:35.813Z,False,,,,,NCAR,file_intact_7777_version_layout,fold_1;fold_2
2020-03-22,2020-03-23,v15.1,200,10,True,,10,2020-03-23T12:12:12.133Z,False,,,,,NCAR,file_intact_7777_version_layout,fold_1;fold_2
2020-03-23,2020-03-24,v15.1,200,10,True,,10,2020-03-24T12:12:25.038Z,False,,,,,NCAR,file_intact_7777_version_layout,fold_1;fold_2
2020-03-24,2020-03-25,v15.1,200,10,True,,10,2020-03-25T15:58:18.034Z,False,,,,,NCAR,file_intact_7777_version_layout,fold_1;fold_2
2020-03-25,2020-03-26,v15.1,200,10,True,,10,2020-03-26T12:10:41.623Z,False,,,,,NCAR,file_intact_7777_version_layout,fold_1;fold_2
2020-03-26,2020-03-27,v15.1,200,10,True,,10,2020-03-27T12:12:28.537Z,False,,,,,NCAR,file_intact_7777_version_layout,fold_1;fold_2
2020-03-27,2020-03-28,v15.1,200,10,True,,10,2020-03-28T12:10:50.995Z,False,,,,,NCAR,file_intact_7777_version_layout,fold_1;fold_2
2020-03-28,2020-03-29,v15.1,200,10,True,,10,2020-03-29T12:09:46.217Z,False,,,,,NCAR,file_intact_7777_version_layout,fold_1;fold_2
2020-03-29,2020-03-30,v15.1,200,10,True,,10,2020-03-30T12:44:43.293Z,False,,,,,NCAR,file_intact_7777_version_layout,fold_1;fold_2
2020-03-30,2020-03-31,v15.1,200,10,True,,10,2020-03-31T12:14:46.715Z,False,,,,,NCAR,file_intact_7777_version_layout,fold_1;fold_2
2020-03-31,2020-04-01,v15.1,200,10,True,,10,2020-04-01T12:10:26.310Z,False,,,,,NCAR,file_intact_7777_version_layout,fold_1;fold_2
2020-04-01,2020-04-02,v15.1,200,10,True,,10,2020-04-02T12:24:32.643Z,False,,,,,NCAR,file_intact_7777_version_layout,fold_1;fold_2
2020-04-02,2020-04-03,v15.1,200,10,True,,10,2020-04-03T15:12:53.455Z,False,,,,,NCAR,file_intact_7777_version_layout,fold_1;fold_2
2020-04-03,2020-04-04,v15.1,200,10,True,,10,2020-04-04T12:11:51.069Z,False,,,,,NCAR,file_intact_7777_version_layout,fold_1;fold_2
2020-04-04,2020-04-05,v15.1,200,10,True,,10,2020-04-05T12:11:21.433Z,False,,,,,NCAR,file_intact_7777_version_layout,fold_1;fold_2
2020-04-05,2020-04-06,v15.1,200,10,True,,10,2020-04-06T12:12:24.073Z,False,,,,,NCAR,file_intact_7777_version_layout,fold_1;fold_2
2020-04-06,2020-04-07,v15.1,200,10,True,,10,2020-04-07T12:13:37.483Z,False,,,,,NCAR,file_intact_7777_version_layout,fold_1;fold_2
2020-04-07,2020-04-08,v15.1,200,10,True,,10,2020-04-08T12:15:59.900Z,False,,,,,NCAR,file_intact_7777_version_layout,fold_1;fold_2
2020-04-08,2020-04-09,v15.1,200,10,True,,10,2020-04-09T12:23:29.674Z,False,,,,,NCAR,file_intact_7777_version_layout,fold_1;fold_2
2020-04-09,2020-04-10,v15.1,200,10,True,,10,2020-04-10T12:13:02.152Z,False,,,,,NCAR,file_intact_7777_version_layout,fold_1;fold_2
2020-04-10,2020-04-11,v15.1,200,10,True,,10,2020-04-11T12:10:37.473Z,False,,,,,NCAR,file_intact_7777_version_layout,fold_1;fold_2
2020-04-11,2020-04-12,v15.1,200,10,True,,10,2020-04-12T12:12:03.470Z,False,,,,,NCAR,file_intact_7777_version_layout,fold_1;fold_2
2020-04-12,2020-04-13,v15.1,200,10,True,,10,2020-04-13T12:15:10.205Z,False,,,,,NCAR,file_intact_7777_version_layout,fold_1;fold_2
2020-04-13,2020-04-14,v15.1,200,10,True,,10,2020-04-14T12:16:02.879Z,False,,,,,NCAR,file_intact_7777_version_layout,fold_1;fold_2
2020-04-14,2020-04-15,v15.1,200,10,True,,10,2020-04-15T12:14:25.715Z,False,,,,,NCAR,file_intact_7777_version_layout,fold_1;fold_2
2020-04-15,2020-04-16,v15.1,200,10,True,,10,2020-04-16T12:14:12.179Z,False,,,,,NCAR,file_intact_7777_version_layout,fold_1;fold_2
2020-04-16,2020-04-17,v15.1,200,10,True,,10,2020-04-17T12:10:50.346Z,False,,,,,NCAR,file_intact_7777_version_layout,fold_1;fold_2
2020-04-17,2020-04-18,v15.1,200,10,True,,10,2020-04-18T12:11:29.316Z,False,,,,,NCAR,file_intact_7777_version_layout,fold_1;fold_2
2020-04-18,2020-04-19,v15.1,200,10,True,,10,2020-04-19T12:11:39.464Z,False,,,,,NCAR,file_intact_7777_version_layout,fold_1;fold_2
2020-04-19,2020-04-20,v15.1,200,10,True,,10,2020-04-20T12:13:48.783Z,False,,,,,NCAR,file_intact_7777_version_layout,fold_1;fold_2
2020-04-20,2020-04-21,v15.1,200,10,True,,10,2020-04-21T12:10:51.223Z,False,,,,,NCAR,file_intact_7777_version_layout,fold_1;fold_2
2020-04-21,2020-04-22,v15.1,200,10,True,,10,2020-04-22T12:11:52.165Z,False,,,,,NCAR,file_intact_7777_version_layout,fold_1;fold_2
2020-04-22,2020-04-23,v15.1,200,10,True,,10,2020-04-23T12:12:16.353Z,False,,,,,NCAR,file_intact_7777_version_layout,fold_1;fold_2
2020-04-23,2020-04-24,v15.1,200,10,True,,10,2020-04-24T12:13:21.126Z,False,,,,,NCAR,file_intact_7777_version_layout,fold_1;fold_2
2020-04-24,2020-04-25,v15.1,200,10,True,,10,2020-04-25T12:10:53.079Z,False,,,,,NCAR,file_intact_7777_version_layout,fold_1;fold_2
2020-04-25,2020-04-26,v15.1,200,10,True,,10,2020-04-26T12:11:50.716Z,False,,,,,NCAR,file_intact_7777_version_layout,fold_1;fold_2
2020-04-26,2020-04-27,v15.1,200,10,True,,10,2020-04-27T12:13:35.100Z,False,,,,,NCAR,file_intact_7777_version_layout,fold_1;fold_2
2020-04-27,2020-04-28,v15.1,200,10,True,,10,2020-04-28T12:15:22.346Z,False,,,,,NCAR,file_intact_7777_version_layout,fold_1;fold_2
2020-04-28,2020-04-29,v15.1,200,10,True,,10,2020-04-29T12:12:58.849Z,False,,,,,NCAR,file_intact_7777_version_layout,fold_1;fold_2
2020-04-29,2020-04-30,v15.1,200,10,True,,10,2020-04-30T12:12:37.876Z,False,,,,,NCAR,file_intact_7777_version_layout,fold_1;fold_2
2020-04-30,2020-05-01,v15.1,200,10,True,,10,2020-05-01T12:13:08.483Z,False,,,,,NCAR,file_intact_7777_version_layout,fold_1;fold_2
2020-05-01,2020-05-02,v15.1,200,10,True,,10,2020-05-02T12:11:52.425Z,False,,,,,NCAR,file_intact_7777_version_layout,fold_1;fold_2
2020-05-02,2020-05-03,v15.1,200,10,True,,10,2020-05-03T12:10:01.837Z,False,,,,,NCAR,file_intact_7777_version_layout,fold_1;fold_2
2020-05-03,2020-05-04,v15.1,200,10,True,,10,2020-05-04T12:13:41.885Z,False,,,,,NCAR,file_intact_7777_version_layout,fold_1;fold_2
2020-05-04,2020-05-05,v15.1,200,10,True,,10,2020-05-05T12:13:14.606Z,False,,,,,NCAR,file_intact_7777_version_layout,fold_1;fold_2
2020-05-05,2020-05-06,v15.1,200,10,True,,10,2020-05-06T12:41:01Z,False,,,,,NCAR,file_intact_7777_version_layout,fold_1;fold_2
2020-05-06,2020-05-07,v15.1,200,10,True,,10,2020-05-07T12:13:10.345Z,False,,,,,NCAR,file_intact_7777_version_layout,fold_1;fold_2
2020-05-07,2020-05-08,v15.1,200,10,True,,10,2020-05-08T12:12:59.355Z,False,,,,,NCAR,file_intact_7777_version_layout,fold_1;fold_2
2020-05-08,2020-05-09,v15.1,200,10,True,,10,2020-05-09T12:11:23.627Z,False,,,,,NCAR,file_intact_7777_version_layout,fold_1;fold_2
2020-05-09,2020-05-10,v15.1,200,10,True,,10,2020-05-10T12:13:42.486Z,False,,,,,NCAR,file_intact_7777_version_layout,fold_1;fold_2
2020-05-10,2020-05-11,v15.1,200,10,True,,10,2020-05-11T12:12:34.599Z,False,,,,,NCAR,file_intact_7777_version_layout,fold_1;fold_2
2020-05-11,2020-05-12,v15.1,200,10,True,,10,2020-05-12T12:13:28.931Z,False,,,,,NCAR,file_intact_7777_version_layout,fold_1;fold_2
2020-05-12,2020-05-13,v15.1,200,10,True,,10,2020-05-13T12:13:57.700Z,False,,,,,NCAR,file_intact_7777_version_layout,fold_1;fold_2
2020-05-13,2020-05-14,v15.1,200,10,True,,10,2020-05-14T12:44:56.435Z,False,,,,,NCAR,file_intact_7777_version_layout,fold_1;fold_2
2020-05-14,2020-05-15,v15.1,200,10,True,,10,2020-05-15T12:13:16.663Z,False,,,,,NCAR,file_intact_7777_version_layout,fold_1;fold_2
2020-05-15,2020-05-16,v15.1,200,10,True,,10,2020-05-16T12:13:11.487Z,False,,,,,NCAR,file_intact_7777_version_layout,fold_1;fold_2
2020-05-16,2020-05-17,v15.1,200,10,True,,10,2020-05-17T12:12:55.148Z,False,,,,,NCAR,file_intact_7777_version_layout,fold_1;fold_2
2020-05-17,2020-05-18,v15.1,200,10,True,,10,2020-05-18T12:13:29.346Z,False,,,,,NCAR,file_intact_7777_version_layout,fold_1;fold_2
2020-05-18,2020-05-19,v15.1,200,10,True,,10,2020-05-19T12:12:46.959Z,False,,,,,NCAR,file_intact_7777_version_layout,fold_1;fold_2
2020-05-19,2020-05-20,v15.1,200,10,True,,10,2020-05-20T12:12:00.558Z,False,,,,,NCAR,file_intact_7777_version_layout,fold_1;fold_2
2020-05-20,2020-05-21,v15.1,200,10,True,,10,2020-05-21T12:11:29.407Z,False,,,,,NCAR,file_intact_7777_version_layout,fold_1;fold_2
2020-05-21,2020-05-22,v15.1,200,10,True,,10,2020-05-22T12:11:54.736Z,False,,,,,NCAR,file_intact_7777_version_layout,fold_1;fold_2
2020-05-22,2020-05-23,v15.1,200,10,True,,10,2020-05-23T12:10:33.031Z,False,,,,,NCAR,file_intact_7777_version_layout,fold_1;fold_2
2020-05-23,2020-05-24,v15.1,200,10,True,,10,2020-05-24T12:10:34.377Z,False,,,,,NCAR,file_intact_7777_version_layout,fold_1;fold_2
2020-05-24,2020-05-25,v15.1,200,10,True,,10,2020-05-25T12:13:08.704Z,False,,,,,NCAR,file_intact_7777_version_layout,fold_1;fold_2
2020-05-25,2020-05-26,v15.1,200,10,True,,10,2020-05-26T12:10:24.881Z,False,,,,,NCAR,file_intact_7777_version_layout,fold_1;fold_2
2020-05-26,2020-05-27,v15.1,200,10,True,,10,2020-05-27T12:13:40.632Z,False,,,,,NCAR,file_intact_7777_version_layout,fold_1;fold_2
2020-05-27,2020-05-28,v15.1,200,10,True,,10,2020-05-28T12:12:35.699Z,False,,,,,NCAR,file_intact_7777_version_layout,fold_1;fold_2
2020-05-28,2020-05-29,v15.1,200,10,True,,10,2020-05-29T12:11:42.400Z,False,,,,,NCAR,file_intact_7777_version_layout,fold_1;fold_2
2020-05-29,2020-05-30,v15.1,200,10,True,,10,2020-05-30T12:11:17.694Z,False,,,,,NCAR,file_intact_7777_version_layout,fold_1;fold_2
2020-05-30,2020-05-31,v15.1,200,10,True,,10,2020-05-31T12:12:06.273Z,False,,,,,NCAR,file_intact_7777_version_layout,fold_1;fold_2
2020-05-31,2020-06-01,v15.1,200,10,True,,10,2020-06-01T12:10:51.614Z,False,,,,,NCAR,file_intact_7777_version_layout,fold_1;fold_2
2020-06-01,2020-06-02,v15.1,200,10,True,,10,2020-06-02T12:11:39.212Z,False,,,,,NCAR,file_intact_7777_version_layout,fold_1;fold_2
2020-06-02,2020-06-03,v15.1,200,10,True,,10,2020-06-03T12:12:24.561Z,False,,,,,NCAR,file_intact_7777_version_layout,fold_1;fold_2
2020-06-03,2020-06-04,v15.1,200,10,True,,10,2020-06-04T12:32:12.230Z,False,,,,,NCAR,file_intact_7777_version_layout,fold_1;fold_2;fold_3
2020-06-04,2020-06-05,v15.1,200,10,True,,10,2020-06-05T12:11:18.199Z,False,,,,,NCAR,file_intact_7777_version_layout,fold_1;fold_2;fold_3
2020-06-05,2020-06-06,v15.1,200,10,True,,10,2020-06-06T12:12:21.048Z,False,,,,,NCAR,file_intact_7777_version_layout,fold_1;fold_2;fold_3
2020-06-06,2020-06-07,v15.1,200,10,True,,10,2020-06-07T12:15:43.141Z,False,,,,,NCAR,file_intact_7777_version_layout,fold_1;fold_2;fold_3
2020-06-07,2020-06-08,v15.1,200,10,True,,10,2020-06-08T12:13:45.786Z,False,,,,,NCAR,file_intact_7777_version_layout,fold_1;fold_2;fold_3
2020-06-08,2020-06-09,v15.1,200,10,True,,10,2020-06-09T13:10:08.042Z,False,,,,,NCAR,file_intact_7777_version_layout,fold_1;fold_2;fold_3
2020-06-09,2020-06-10,v15.1,200,10,True,,10,2020-06-10T12:16:00.987Z,False,,,,,NCAR,file_intact_7777_version_layout,fold_1;fold_2;fold_3
2020-06-10,2020-06-11,v15.1,200,10,True,,10,2020-06-11T12:12:33.387Z,False,,,,,NCAR,file_intact_7777_version_layout,fold_1;fold_2;fold_3
2020-06-11,2020-06-12,v15.1,200,10,True,,10,2020-06-12T12:11:48.955Z,False,,,,,NCAR,file_intact_7777_version_layout,fold_1;fold_2;fold_3
2020-06-12,2020-06-13,v15.1,200,10,True,,10,2020-06-13T12:11:46.701Z,False,,,,,NCAR,file_intact_7777_version_layout,fold_1;fold_2;fold_3
2020-06-13,2020-06-14,v15.1,200,10,True,,10,2020-06-14T12:11:09.796Z,False,,,,,NCAR,file_intact_7777_version_layout,fold_1;fold_2;fold_3
2020-06-14,2020-06-15,v15.1,200,10,True,,10,2020-06-15T12:13:27.622Z,False,,,,,NCAR,file_intact_7777_version_layout,fold_1;fold_2;fold_3
2020-06-15,2020-06-16,v15.1,200,10,True,,10,2020-06-16T12:25:26.966Z,False,,,,,NCAR,file_intact_7777_version_layout,fold_1;fold_2;fold_3
2020-06-16,2020-06-17,v15.1,200,10,True,,10,2020-06-17T12:13:56.630Z,False,,,,,NCAR,file_intact_7777_version_layout,fold_1;fold_2;fold_3
2020-06-17,2020-06-18,v15.1,200,10,True,,10,2020-06-18T12:12:26.084Z,False,,,,,NCAR,file_intact_7777_version_layout,fold_1;fold_2;fold_3
2020-06-18,2020-06-19,v15.1,200,10,True,,10,2020-06-19T12:13:24.225Z,False,,,,,NCAR,file_intact_7777_version_layout,fold_1;fold_2;fold_3
2020-06-19,2020-06-20,v15.1,200,10,True,,10,2020-06-20T12:13:32.086Z,False,,,,,NCAR,file_intact_7777_version_layout,fold_1;fold_2;fold_3
2020-06-20,2020-06-21,v15.1,200,10,True,,10,2020-06-21T12:17:40.213Z,False,,,,,NCAR,file_intact_7777_version_layout,fold_1;fold_2;fold_3
2020-06-21,2020-06-22,v15.1,200,10,True,,10,2020-06-22T12:47:58.040Z,False,,,,,NCAR,file_intact_7777_version_layout,fold_1;fold_2;fold_3
2020-06-22,2020-06-23,v15.1,200,10,True,,10,2020-06-23T12:58:12.207Z,False,,,,,NCAR,file_intact_7777_version_layout,fold_1;fold_2;fold_3
2020-06-23,2020-06-24,v15.1,200,10,True,,10,2020-06-24T13:02:21.211Z,False,,,,,NCAR,file_intact_7777_version_layout,fold_1;fold_2;fold_3
2020-06-24,2020-06-25,v15.1,200,10,True,,10,2020-06-25T12:25:08.502Z,False,,,,,NCAR,file_intact_7777_version_layout,fold_1;fold_2;fold_3
2020-06-25,2020-06-26,v15.1,200,10,True,,10,2020-06-26T12:14:53.395Z,False,,,,,NCAR,file_intact_7777_version_layout,fold_1;fold_2;fold_3
2020-06-26,2020-06-27,v15.1,200,10,True,,10,2020-06-27T12:14:45.642Z,False,,,,,NCAR,file_intact_7777_version_layout,fold_1;fold_2;fold_3
2020-06-27,2020-06-28,v15.1,200,10,True,,10,2020-06-28T12:18:06.255Z,False,,,,,NCAR,file_intact_7777_version_layout,fold_1;fold_2;fold_3
2020-06-28,2020-06-29,v15.1,200,10,True,,10,2020-06-29T12:22:31.148Z,False,,,,,NCAR,file_intact_7777_version_layout,fold_1;fold_2;fold_3
2020-06-29,2020-06-30,v15.1,200,10,True,,10,2020-06-30T12:12:44.780Z,False,,,,,NCAR,file_intact_7777_version_layout,fold_1;fold_2;fold_3
2020-06-30,2020-07-01,v15.1,200,10,True,,10,2020-07-01T12:15:31.106Z,False,,,,,NCAR,file_intact_7777_version_layout,fold_1;fold_2;fold_3
2020-07-01,2020-07-02,v15.1,200,10,True,,10,2020-07-02T12:12:10.466Z,False,,,,,NCAR,file_intact_7777_version_layout,fold_1;fold_2;fold_3
2020-07-02,2020-07-03,v15.1,200,10,True,,10,2020-07-03T12:11:08.078Z,False,,,,,NCAR,file_intact_7777_version_layout,fold_1;fold_2;fold_3
2020-07-03,2020-07-04,v15.1,200,10,True,,10,2020-07-04T12:13:50.290Z,False,,,,,NCAR,file_intact_7777_version_layout,fold_1;fold_2;fold_3
2020-07-04,2020-07-05,v15.1,200,10,True,,10,2020-07-05T12:12:58.586Z,False,,,,,NCAR,file_intact_7777_version_layout,fold_1;fold_2;fold_3
2020-07-05,2020-07-06,v15.1,200,10,True,,10,2020-07-06T12:16:00.616Z,False,,,,,NCAR,file_intact_7777_version_layout,fold_1;fold_2;fold_3
2020-07-06,2020-07-07,v15.1,200,10,True,,10,2020-07-07T12:20:46.764Z,False,,,,,NCAR,file_intact_7777_version_layout,fold_1;fold_2;fold_3
2020-07-07,2020-07-08,v15.1,200,10,True,,10,2020-07-08T12:11:37.760Z,False,,,,,NCAR,file_intact_7777_version_layout,fold_1;fold_2;fold_3
2020-07-08,2020-07-09,v15.1,200,10,True,,10,2020-07-09T12:22:38.657Z,False,,,,,NCAR,file_intact_7777_version_layout,fold_1;fold_2;fold_3
2020-07-09,2020-07-10,v15.1,200,10,True,,10,2020-07-10T12:25:07.823Z,False,,,,,NCAR,file_intact_7777_version_layout,fold_1;fold_2;fold_3
2020-07-10,2020-07-11,v15.1,200,10,True,,10,2020-07-11T12:14:04.144Z,False,,,,,NCAR,file_intact_7777_version_layout,fold_1;fold_2;fold_3
2020-07-11,2020-07-12,v15.1,200,10,True,,10,2020-07-12T12:16:18.069Z,False,,,,,NCAR,file_intact_7777_version_layout,fold_1;fold_2;fold_3
2020-07-12,2020-07-13,v15.1,200,10,True,,10,2020-07-13T12:25:11.078Z,False,,,,,NCAR,file_intact_7777_version_layout,fold_1;fold_2;fold_3
2020-07-13,2020-07-14,v15.1,200,10,True,,10,2020-07-16T01:29:35.269Z,False,,,,,NCAR,file_intact_7777_version_layout,fold_1;fold_2;fold_3
2020-07-14,2020-07-15,v15.1,200,10,True,,10,2020-07-16T01:59:49.140Z,False,,,,,NCAR,file_intact_7777_version_layout,fold_1;fold_2;fold_3
2020-07-15,2020-07-16,v15.1,200,10,True,,10,2020-07-16T02:22:12.771Z,False,,,,,NCAR,file_intact_7777_version_layout,fold_1;fold_2;fold_3
2020-07-16,2020-07-17,v15.1,200,10,True,,10,2020-07-17T12:40:05.938Z,False,,,,,NCAR,file_intact_7777_version_layout,fold_1;fold_2;fold_3
2020-07-17,2020-07-18,v15.1,200,10,True,,10,2020-07-18T12:13:33.278Z,False,,,,,NCAR,file_intact_7777_version_layout,fold_1;fold_2;fold_3
2020-07-18,2020-07-19,v15.1,200,10,True,,10,2020-07-19T12:10:16.975Z,False,,,,,NCAR,file_intact_7777_version_layout,fold_1;fold_2;fold_3
2020-07-19,2020-07-20,v15.1,200,10,True,,10,2020-07-20T12:13:07.277Z,False,,,,,NCAR,file_intact_7777_version_layout,fold_1;fold_2;fold_3
2020-07-20,2020-07-21,v15.1,200,10,True,,10,2020-07-21T12:12:22.002Z,False,,,,,NCAR,file_intact_7777_version_layout,fold_1;fold_2;fold_3
2020-07-21,2020-07-22,v15.1,200,10,True,,10,2020-07-22T12:13:26.308Z,False,,,,,NCAR,file_intact_7777_version_layout,fold_1;fold_2;fold_3
2020-07-22,2020-07-23,v15.1,200,10,True,,10,2020-07-23T12:11:36.825Z,False,,,,,NCAR,file_intact_7777_version_layout,fold_1;fold_2;fold_3
2020-07-23,2020-07-24,v15.1,200,10,True,,10,2020-07-24T12:47:56.207Z,False,,,,,NCAR,file_intact_7777_version_layout,fold_1;fold_2;fold_3
2020-07-24,2020-07-25,v15.1,200,10,True,,10,2020-07-25T12:12:47.184Z,False,,,,,NCAR,file_intact_7777_version_layout,fold_1;fold_2;fold_3
2020-07-25,2020-07-26,v15.1,200,10,True,,10,2020-07-26T12:10:08.599Z,False,,,,,NCAR,file_intact_7777_version_layout,fold_1;fold_2;fold_3
2020-07-26,2020-07-27,v15.1,200,10,True,,10,2020-07-27T12:12:17.805Z,False,,,,,NCAR,file_intact_7777_version_layout,fold_1;fold_2;fold_3
2020-07-27,2020-07-28,v15.1,200,10,True,,10,2020-07-28T12:10:38.335Z,False,,,,,NCAR,file_intact_7777_version_layout,fold_1;fold_2;fold_3
2020-07-28,2020-07-29,v15.1,200,10,True,,10,2020-07-29T12:11:17.410Z,False,,,,,NCAR,file_intact_7777_version_layout,fold_1;fold_2;fold_3
2020-07-29,2020-07-30,v15.1,200,10,True,,10,2020-07-30T12:12:29.003Z,False,,,,,NCAR,file_intact_7777_version_layout,fold_1;fold_2;fold_3
2020-07-30,2020-07-31,v15.1,200,10,True,,10,2020-07-31T12:11:11.015Z,False,,,,,NCAR,file_intact_7777_version_layout,fold_1;fold_2;fold_3
2020-07-31,2020-08-01,v15.1,200,10,True,,10,2020-08-01T12:29:16.100Z,False,,,,,NCAR,file_intact_7777_version_layout,fold_1;fold_2;fold_3
2020-08-01,2020-08-02,v15.1,200,10,True,,10,2020-08-02T12:11:00.033Z,False,,,,,NCAR,file_intact_7777_version_layout,fold_1;fold_2;fold_3
2020-08-02,2020-08-03,v15.1,200,10,True,,10,2020-08-03T12:14:30.988Z,False,,,,,NCAR,file_intact_7777_version_layout,fold_1;fold_2;fold_3
2020-08-03,2020-08-04,v15.1,200,10,True,,10,2020-08-04T12:15:58.100Z,False,,,,,NCAR,file_intact_7777_version_layout,fold_1;fold_2;fold_3
2020-08-04,2020-08-05,v15.1,200,10,True,,10,2020-08-05T12:12:42.111Z,False,,,,,NCAR,file_intact_7777_version_layout,fold_1;fold_2;fold_3
2020-08-05,2020-08-06,v15.1,200,10,True,,10,2020-08-06T13:11:23.737Z,False,,,,,NCAR,file_intact_7777_version_layout,fold_1;fold_2;fold_3
2020-08-06,2020-08-07,v15.1,200,10,True,,10,2020-08-07T12:11:05.437Z,False,,,,,NCAR,file_intact_7777_version_layout,fold_1;fold_2;fold_3
2020-08-07,2020-08-08,v15.1,200,10,True,,10,2020-08-08T12:12:03.882Z,False,,,,,NCAR,file_intact_7777_version_layout,fold_1;fold_2;fold_3
2020-08-08,2020-08-09,v15.1,200,10,True,,10,2020-08-09T12:11:49.883Z,False,,,,,NCAR,file_intact_7777_version_layout,fold_1;fold_2;fold_3
2020-08-09,2020-08-10,v15.1,200,10,True,,10,2020-08-10T12:11:59.234Z,False,,,,,NCAR,file_intact_7777_version_layout,fold_1;fold_2;fold_3
2020-08-10,2020-08-11,v15.1,200,10,True,,10,2020-08-11T12:13:31.325Z,False,,,,,NCAR,file_intact_7777_version_layout,fold_1;fold_2;fold_3
2020-08-11,2020-08-12,v15.1,200,10,True,,10,2020-08-12T12:11:24.641Z,False,,,,,NCAR,file_intact_7777_version_layout,fold_1;fold_2;fold_3
2020-08-12,2020-08-13,v15.1,200,10,True,,10,2020-08-13T12:09:57.431Z,False,,,,,NCAR,file_intact_7777_version_layout,fold_1;fold_2;fold_3
2020-08-13,2020-08-14,v15.1,200,10,True,,10,2020-08-14T12:10:47.038Z,False,,,,,NCAR,file_intact_7777_version_layout,fold_1;fold_2;fold_3
2020-08-14,2020-08-15,v15.1,200,10,True,,10,2020-08-15T12:11:52.456Z,False,,,,,NCAR,file_intact_7777_version_layout,fold_1;fold_2;fold_3
2020-08-15,2020-08-16,v15.1,200,10,True,,10,2020-08-17T12:18:54.031Z,False,,,,,NCAR,file_intact_7777_version_layout,fold_1;fold_2;fold_3
2020-08-16,2020-08-17,v15.1,200,10,True,,10,2020-08-17T12:50:05.005Z,False,,,,,NCAR,file_intact_7777_version_layout,fold_1;fold_2;fold_3
2020-08-17,2020-08-18,v15.1,200,10,True,,10,2020-08-18T12:10:37.826Z,False,,,,,NCAR,file_intact_7777_version_layout,fold_1;fold_2;fold_3
2020-08-18,2020-08-19,v15.1,200,10,True,,10,2020-08-19T12:12:49.343Z,False,,,,,NCAR,file_intact_7777_version_layout,fold_1;fold_2;fold_3
2020-08-19,2020-08-20,v15.1,200,10,True,,10,2020-08-20T12:14:33.128Z,False,,,,,NCAR,file_intact_7777_version_layout,fold_1;fold_2;fold_3
2020-08-20,2020-08-21,v15.1,200,10,True,,10,2020-08-21T12:11:31.085Z,False,,,,,NCAR,file_intact_7777_version_layout,fold_1;fold_2;fold_3
2020-08-21,2020-08-22,v15.1,200,10,True,,10,2020-08-22T12:28:10.240Z,False,,,,,NCAR,file_intact_7777_version_layout,fold_1;fold_2;fold_3
2020-08-22,2020-08-23,v15.1,200,10,True,,10,2020-08-23T12:12:31.940Z,False,,,,,NCAR,file_intact_7777_version_layout,fold_1;fold_2;fold_3
2020-08-23,2020-08-24,v15.1,200,10,True,,10,2020-08-24T12:13:21.365Z,False,,,,,NCAR,file_intact_7777_version_layout,fold_1;fold_2;fold_3
2020-08-24,2020-08-25,v15.1,200,10,True,,10,2020-08-25T12:10:39.331Z,False,,,,,NCAR,file_intact_7777_version_layout,fold_1;fold_2;fold_3
2020-08-25,2020-08-26,v15.1,200,10,True,,10,2020-08-26T12:13:30.845Z,False,,,,,NCAR,file_intact_7777_version_layout,fold_1;fold_2;fold_3
2020-08-26,2020-08-27,v15.1,200,10,True,,10,2020-08-27T12:10:45.565Z,False,,,,,NCAR,file_intact_7777_version_layout,fold_1;fold_2;fold_3
2020-08-27,2020-08-28,v15.1,200,10,True,,10,2020-08-28T12:11:49.449Z,False,,,,,NCAR,file_intact_7777_version_layout,fold_1;fold_2;fold_3
2020-08-28,2020-08-29,v15.1,200,10,True,,10,2020-08-29T12:10:31.993Z,False,,,,,NCAR,file_intact_7777_version_layout,fold_1;fold_2;fold_3
2020-08-29,2020-08-30,v15.1,200,10,True,,10,2020-08-30T12:11:07.391Z,False,,,,,NCAR,file_intact_7777_version_layout,fold_1;fold_2;fold_3
2020-08-30,2020-08-31,v15.1,200,10,True,,10,2020-08-31T12:14:22.386Z,False,,,,,NCAR,file_intact_7777_version_layout,fold_1;fold_2;fold_3
2020-08-31,2020-09-01,v15.1,200,10,True,,10,2020-09-01T12:12:20.323Z,False,,,,,NCAR,file_intact_7777_version_layout,fold_1;fold_2;fold_3
2020-09-01,2020-09-02,v15.1,200,10,True,,10,2020-09-02T12:12:07.787Z,False,,,,,NCAR,file_intact_7777_version_layout,fold_1;fold_2;fold_3
2020-09-02,2020-09-03,v15.1,200,10,True,,10,2020-09-03T12:11:22.797Z,False,,,,,NCAR,file_intact_7777_version_layout,fold_1;fold_2;fold_3
2020-09-03,2020-09-04,v15.1,200,10,True,,10,2020-09-04T12:12:30.812Z,False,,,,,NCAR,file_intact_7777_version_layout,fold_1;fold_2;fold_3
2020-09-04,2020-09-05,v15.1,200,10,True,,10,2020-09-05T12:11:17.223Z,False,,,,,NCAR,file_intact_7777_version_layout,fold_1;fold_2;fold_3
2020-09-05,2020-09-06,v15.1,200,10,True,,10,2020-09-06T12:10:34.371Z,False,,,,,NCAR,file_intact_7777_version_layout,fold_1;fold_2;fold_3
2020-09-06,2020-09-07,v15.1,200,10,True,,10,2020-09-07T12:14:07.228Z,False,,,,,NCAR,file_intact_7777_version_layout,fold_1;fold_2;fold_3
2020-09-07,2020-09-08,v15.1,200,10,True,,10,2020-09-08T12:13:58.530Z,False,,,,,NCAR,file_intact_7777_version_layout,fold_1;fold_2;fold_3
2020-09-08,2020-09-09,v15.1,200,10,True,,10,2020-09-09T12:16:40.675Z,False,,,,,NCAR,file_intact_7777_version_layout,fold_1;fold_2;fold_3
2020-09-09,2020-09-10,v15.1,200,10,True,,10,2020-09-10T17:52:08.438Z,False,,,,,NCAR,file_intact_7777_version_layout,fold_1;fold_2;fold_3
2020-09-10,2020-09-11,v15.1,200,10,True,,10,2020-09-11T12:19:02.508Z,False,,,,,NCAR,file_intact_7777_version_layout,fold_1;fold_2;fold_3
2020-09-11,2020-09-12,v15.1,200,10,True,,10,2020-09-12T12:11:32.633Z,False,,,,,NCAR,file_intact_7777_version_layout,fold_1;fold_2;fold_3
2020-09-12,2020-09-13,v15.1,200,10,True,,10,2020-09-13T12:14:37.847Z,False,,,,,NCAR,file_intact_7777_version_layout,fold_1;fold_2;fold_3
2020-09-13,2020-09-14,v15.1,200,10,True,,10,2020-09-14T12:14:12.815Z,False,,,,,NCAR,file_intact_7777_version_layout,fold_1;fold_2;fold_3
2020-09-14,2020-09-15,v15.1,200,10,True,,10,2020-09-15T12:11:34.701Z,False,,,,,NCAR,file_intact_7777_version_layout,fold_1;fold_2;fold_3
2020-09-15,2020-09-16,v15.1,200,10,True,,10,2020-09-16T12:39:52.129Z,False,,,,,NCAR,file_intact_7777_version_layout,fold_1;fold_2;fold_3
2020-09-16,2020-09-17,v15.1,200,10,True,,10,2020-09-17T13:41:54.192Z,False,,,,,NCAR,file_intact_7777_version_layout,fold_1;fold_2;fold_3
2020-09-17,2020-09-18,v15.1,200,10,True,,10,2020-09-18T12:10:29.860Z,False,,,,,NCAR,file_intact_7777_version_layout,fold_1;fold_2;fold_3
2020-09-18,2020-09-19,v15.1,200,10,True,,10,2020-09-19T12:09:37.044Z,False,,,,,NCAR,file_intact_7777_version_layout,fold_1;fold_2;fold_3
2020-09-19,2020-09-20,v15.1,200,10,True,,10,2020-09-20T12:11:11.869Z,False,,,,,NCAR,file_intact_7777_version_layout,fold_1;fold_2;fold_3
2020-09-20,2020-09-21,v15.1,200,10,True,,10,2020-09-21T12:12:34.965Z,False,,,,,NCAR,file_intact_7777_version_layout,fold_1;fold_2;fold_3
2020-09-21,2020-09-22,v15.1,200,10,True,,10,2020-09-22T12:11:29.072Z,False,,,,,NCAR,file_intact_7777_version_layout,fold_1;fold_2;fold_3
2020-09-22,2020-09-23,v15.1,200,10,True,,10,2020-09-23T12:10:53.763Z,False,,,,,NCAR,file_intact_7777_version_layout,fold_1;fold_2;fold_3
2020-09-23,2020-09-24,v15.1,200,10,True,,10,2020-09-24T12:10:27.415Z,False,,,,,NCAR,file_intact_7777_version_layout,fold_1;fold_2;fold_3
2020-09-24,2020-09-25,v15.1,200,10,True,,10,2020-09-25T12:20:28.972Z,False,,,,,NCAR,file_intact_7777_version_layout,fold_1;fold_2;fold_3
2020-09-25,2020-09-26,v15.1,200,10,True,,10,2020-09-26T12:12:05.137Z,False,,,,,NCAR,file_intact_7777_version_layout,fold_1;fold_2;fold_3
2020-09-26,2020-09-27,v15.1,200,10,True,,10,2020-09-27T12:10:22.695Z,False,,,,,NCAR,file_intact_7777_version_layout,fold_1;fold_2;fold_3
2020-09-27,2020-09-28,v15.1,200,10,True,,10,2020-09-28T12:24:32.313Z,False,,,,,NCAR,file_intact_7777_version_layout,fold_1;fold_2;fold_3
2020-09-28,2020-09-29,v15.1,200,10,True,,10,2020-09-29T12:10:54.509Z,False,,,,,NCAR,file_intact_7777_version_layout,fold_2;fold_3
2020-09-29,2020-09-30,v15.1,200,10,True,,10,2020-09-30T12:10:54.279Z,False,,,,,NCAR,file_intact_7777_version_layout,fold_2;fold_3
2020-09-30,2020-10-01,v15.1,200,10,True,,10,2020-10-01T12:10:44.964Z,False,,,,,NCAR,file_intact_7777_version_layout,fold_2;fold_3
2020-10-01,2020-10-02,v15.1,200,10,True,,10,2020-10-02T12:25:03.971Z,False,,,,,NCAR,file_intact_7777_version_layout,fold_2;fold_3
2020-10-02,2020-10-03,v15.1,200,10,True,,10,2020-10-03T12:06:03.752Z,False,,,,,NCAR,file_intact_7777_version_layout,fold_2;fold_3
2020-10-03,2020-10-04,v15.1,200,10,True,,10,2020-10-04T12:10:23.927Z,False,,,,,NCAR,file_intact_7777_version_layout,fold_2;fold_3
2020-10-04,2020-10-05,v15.1,200,10,True,,10,2020-10-05T12:11:42.149Z,False,,,,,NCAR,file_intact_7777_version_layout,fold_2;fold_3
2020-10-05,2020-10-06,v15.1,200,10,True,,10,2020-10-06T12:33:53.174Z,False,,,,,NCAR,file_intact_7777_version_layout,fold_2;fold_3
2020-10-06,2020-10-07,v15.1,200,10,True,,10,2020-10-07T12:14:06.924Z,False,,,,,NCAR,file_intact_7777_version_layout,fold_2;fold_3
2020-10-07,2020-10-08,v15.1,200,10,True,,10,2020-10-08T18:12:57.137Z,False,,,,,NCAR,file_intact_7777_version_layout,fold_2;fold_3
2020-10-08,2020-10-09,v15.1,200,10,True,,10,2020-10-09T12:06:28.768Z,False,,,,,NCAR,file_intact_7777_version_layout,fold_2;fold_3
2020-10-09,2020-10-10,v15.1,200,10,True,,10,2020-10-10T14:15:10.369Z,False,,,,,NCAR,file_intact_7777_version_layout,fold_2;fold_3
2020-10-10,2020-10-11,v15.1,200,10,True,,10,2020-10-11T12:11:07.655Z,False,,,,,NCAR,file_intact_7777_version_layout,fold_2;fold_3
2020-10-11,2020-10-12,v15.1,200,10,True,,10,2020-10-16T03:51:44.514Z,False,,,,,NCAR,file_intact_7777_version_layout,fold_2;fold_3
2020-10-12,2020-10-13,v15.1,200,10,True,,10,2020-10-16T04:33:22.335Z,False,,,,,NCAR,file_intact_7777_version_layout,fold_2;fold_3
2020-10-13,2020-10-14,v15.1,200,10,True,,10,2020-10-16T05:00:34.060Z,False,,,,,NCAR,file_intact_7777_version_layout,fold_2;fold_3
2020-10-14,2020-10-15,v15.1,200,10,True,,10,2020-10-16T05:36:20.871Z,False,,,,,NCAR,file_intact_7777_version_layout,fold_2;fold_3
2020-10-15,2020-10-16,v15.1,200,10,True,,10,2020-10-16T06:39:00.460Z,False,,,,,NCAR,file_intact_7777_version_layout,fold_2;fold_3
2020-10-16,2020-10-17,v15.1,200,10,True,,10,2020-10-17T12:19:59.460Z,False,,,,,NCAR,file_intact_7777_version_layout,fold_2;fold_3
2020-10-17,2020-10-18,v15.1,200,10,True,,10,2020-10-18T12:09:13.968Z,False,,,,,NCAR,file_intact_7777_version_layout,fold_2;fold_3
2020-10-18,2020-10-19,v15.1,200,10,True,,10,2020-10-19T16:51:06.497Z,False,,,,,NCAR,file_intact_7777_version_layout,fold_2;fold_3
2020-10-19,2020-10-20,v15.1,200,10,True,,10,2020-10-20T12:20:45.533Z,False,,,,,NCAR,file_intact_7777_version_layout,fold_2;fold_3
2020-10-20,2020-10-21,v15.1,200,10,True,,10,2020-10-21T12:27:03.198Z,False,,,,,NCAR,file_intact_7777_version_layout,fold_2;fold_3
2020-10-21,2020-10-22,v15.1,200,10,True,,10,2020-10-23T03:15:12.211Z,False,,,,,NCAR,file_intact_7777_version_layout,fold_2;fold_3
2020-10-22,2020-10-23,v15.1,200,10,True,,10,2020-10-23T03:53:12.097Z,False,,,,,NCAR,file_intact_7777_version_layout,fold_2;fold_3
2020-10-23,2020-10-24,v15.1,200,10,True,,10,2020-10-26T21:04:02.313Z,False,,,,,NCAR,file_intact_7777_version_layout,fold_2;fold_3
2020-10-24,2020-10-25,v15.1,200,10,True,,10,2020-10-26T21:28:50.473Z,False,,,,,NCAR,file_intact_7777_version_layout,fold_2;fold_3
2020-10-25,2020-10-26,v15.1,200,10,True,,10,2020-10-26T21:53:04.235Z,False,,,,,NCAR,file_intact_7777_version_layout,fold_2;fold_3
2020-10-26,2020-10-27,v15.1,200,10,True,,10,2020-10-27T12:05:17.054Z,False,,,,,NCAR,file_intact_7777_version_layout,fold_2;fold_3
2020-10-27,2020-10-28,v15.1,200,10,True,,10,2020-10-28T13:24:47.559Z,False,,,,,NCAR,file_intact_7777_version_layout,fold_2;fold_3
2020-10-28,2020-10-29,v15.1,200,10,True,,10,2020-10-29T14:01:32.450Z,False,,,,,NCAR,file_intact_7777_version_layout,fold_2;fold_3
2020-10-29,2020-10-30,v15.1,200,10,True,,10,2020-10-30T12:49:05.056Z,False,,,,,NCAR,file_intact_7777_version_layout,fold_2;fold_3
2020-10-30,2020-10-31,v15.1,200,10,True,,10,2020-10-31T12:14:33.882Z,False,,,,,NCAR,file_intact_7777_version_layout,fold_2;fold_3
2020-10-31,2020-11-01,v15.1,200,10,True,,10,2020-11-01T13:17:01.145Z,False,,,,,NCAR,file_intact_7777_version_layout,fold_2;fold_3
2020-11-01,2020-11-02,v15.1,200,10,True,,10,2020-11-02T13:17:08.373Z,False,,,,,NCAR,file_intact_7777_version_layout,fold_2;fold_3
2020-11-02,2020-11-03,v15.1,200,10,True,,10,2020-11-03T13:10:00.523Z,False,,,,,NCAR,file_intact_7777_version_layout,fold_2;fold_3
2020-11-03,2020-11-04,v15.1,200,10,True,,10,2020-11-04T13:09:44.490Z,False,,,,,NCAR,file_intact_7777_version_layout,fold_2;fold_3
2020-11-04,2020-11-05,v15.1,200,10,True,,10,2020-11-05T14:08:51.494Z,False,,,,,NCAR,file_intact_7777_version_layout,fold_2;fold_3
2020-11-05,2020-11-06,v15.1,200,10,True,,10,2020-11-06T13:09:25.493Z,False,,,,,NCAR,file_intact_7777_version_layout,fold_2;fold_3
2020-11-06,2020-11-07,v15.1,200,10,True,,10,2020-11-07T13:09:01.174Z,False,,,,,NCAR,file_intact_7777_version_layout,fold_2;fold_3
2020-11-07,2020-11-08,v15.1,200,10,True,,10,2020-11-08T13:09:51.499Z,False,,,,,NCAR,file_intact_7777_version_layout,fold_2;fold_3
2020-11-08,2020-11-09,v15.1,200,10,True,,10,2020-11-09T13:10:55.030Z,False,,,,,NCAR,file_intact_7777_version_layout,fold_2;fold_3
2020-11-09,2020-11-10,v15.1,200,10,True,,10,2020-11-10T13:08:41.560Z,False,,,,,NCAR,file_intact_7777_version_layout,fold_2;fold_3
2020-11-10,2020-11-11,v15.1,200,10,True,,10,2020-11-11T13:14:55.809Z,False,,,,,NCAR,file_intact_7777_version_layout,fold_2;fold_3
2020-11-11,2020-11-12,v15.1,200,10,True,,10,2020-11-12T13:10:28.477Z,False,,,,,NCAR,file_intact_7777_version_layout,fold_2;fold_3
2020-11-12,2020-11-13,v15.1,200,10,True,,10,2020-11-13T13:10:47.514Z,False,,,,,NCAR,file_intact_7777_version_layout,fold_2;fold_3
2020-11-13,2020-11-14,v15.1,200,10,True,,10,2020-11-14T13:10:41.848Z,False,,,,,NCAR,file_intact_7777_version_layout,fold_2;fold_3
2020-11-14,2020-11-15,v15.1,200,10,True,,10,2020-11-15T13:08:03.672Z,False,,,,,NCAR,file_intact_7777_version_layout,fold_2;fold_3
2020-11-15,2020-11-16,v15.1,200,10,True,,10,2020-11-16T13:12:34.611Z,False,,,,,NCAR,file_intact_7777_version_layout,fold_2;fold_3
2020-11-16,2020-11-17,v15.1,200,10,True,,10,2020-11-17T13:25:53.066Z,False,,,,,NCAR,file_intact_7777_version_layout,fold_2;fold_3
2020-11-17,2020-11-18,v15.1,200,10,True,,10,2020-11-18T13:13:17.915Z,False,,,,,NCAR,file_intact_7777_version_layout,fold_2;fold_3
2020-11-18,2020-11-19,v15.1,200,10,True,,10,2020-11-19T13:11:13.833Z,False,,,,,NCAR,file_intact_7777_version_layout,fold_2;fold_3
2020-11-19,2020-11-20,v15.1,200,10,True,,10,2020-11-20T13:10:50.103Z,False,,,,,NCAR,file_intact_7777_version_layout,fold_2;fold_3
2020-11-20,2020-11-21,v15.1,200,10,True,,10,2020-11-21T13:10:11.709Z,False,,,,,NCAR,file_intact_7777_version_layout,fold_2;fold_3
2020-11-21,2020-11-22,v15.1,200,10,True,,10,2020-11-22T13:10:07.678Z,False,,,,,NCAR,file_intact_7777_version_layout,fold_2;fold_3
2020-11-22,2020-11-23,v15.1,200,10,True,,10,2020-11-23T13:23:59.548Z,False,,,,,NCAR,file_intact_7777_version_layout,fold_2;fold_3
2020-11-23,2020-11-24,v15.1,200,10,True,,10,2020-11-24T13:20:38.075Z,False,,,,,NCAR,file_intact_7777_version_layout,fold_2;fold_3
2020-11-24,2020-11-25,v15.1,200,10,True,,10,2020-11-25T13:23:12.731Z,False,,,,,NCAR,file_intact_7777_version_layout,fold_2;fold_3
2020-11-25,2020-11-26,v15.1,200,10,True,,10,2020-11-26T13:22:41.178Z,False,,,,,NCAR,file_intact_7777_version_layout,fold_2;fold_3
2020-11-26,2020-11-27,v15.1,200,10,True,,10,2020-11-27T13:23:28.315Z,False,,,,,NCAR,file_intact_7777_version_layout,fold_2;fold_3
2020-11-27,2020-11-28,v15.1,200,10,True,,10,2020-11-28T13:22:08.025Z,False,,,,,NCAR,file_intact_7777_version_layout,fold_2;fold_3
2020-11-28,2020-11-29,v15.1,200,10,True,,10,2020-11-29T13:20:32.302Z,False,,,,,NCAR,file_intact_7777_version_layout,fold_2;fold_3
2020-11-29,2020-11-30,v15.1,200,10,True,,10,2020-11-30T13:23:02.870Z,False,,,,,NCAR,file_intact_7777_version_layout,fold_2;fold_3
2020-11-30,2020-12-01,v15.1,200,10,True,,10,2020-12-01T13:25:16.264Z,False,,,,,NCAR,file_intact_7777_version_layout,fold_2;fold_3
2020-12-01,2020-12-02,v15.1,200,10,True,,10,2020-12-02T14:11:09.655Z,False,,,,,NCAR,file_intact_7777_version_layout,fold_2;fold_3
2020-12-02,2020-12-03,v15.1,200,10,True,,10,2020-12-03T13:31:54.930Z,False,,,,,NCAR,file_intact_7777_version_layout,fold_2;fold_3
2020-12-03,2020-12-04,v15.1,200,10,True,,10,2020-12-04T14:16:17.273Z,False,,,,,NCAR,file_intact_7777_version_layout,fold_2;fold_3
2020-12-04,2020-12-05,v15.1,200,10,True,,10,2020-12-05T13:24:34.213Z,False,,,,,NCAR,file_intact_7777_version_layout,fold_2;fold_3
2020-12-05,2020-12-06,v15.1,200,10,True,,10,2020-12-06T13:23:32.980Z,False,,,,,NCAR,file_intact_7777_version_layout,fold_2;fold_3
2020-12-06,2020-12-07,v15.1,200,10,True,,10,2020-12-07T13:24:04.314Z,False,,,,,NCAR,file_intact_7777_version_layout,fold_2;fold_3
2020-12-07,2020-12-08,v15.1,200,10,True,,10,2020-12-08T13:21:46.958Z,False,,,,,NCAR,file_intact_7777_version_layout,fold_2;fold_3
2020-12-08,2020-12-09,v15.1,200,10,True,,10,2020-12-09T13:22:27.115Z,False,,,,,NCAR,file_intact_7777_version_layout,fold_2;fold_3
2020-12-09,2020-12-10,v15.1,200,10,True,,10,2020-12-10T13:27:40.842Z,False,,,,,NCAR,file_intact_7777_version_layout,fold_2;fold_3
2020-12-10,2020-12-11,v15.1,200,10,True,,10,2020-12-11T13:22:52.519Z,False,,,,,NCAR,file_intact_7777_version_layout,fold_2;fold_3
2020-12-11,2020-12-12,v15.1,200,10,True,,10,2020-12-12T13:22:13.717Z,False,,,,,NCAR,file_intact_7777_version_layout,fold_2;fold_3
2020-12-12,2020-12-13,v15.1,200,10,True,,10,2020-12-14T16:21:24.935Z,False,,,,,NCAR,file_intact_7777_version_layout,fold_2;fold_3
2020-12-13,2020-12-14,v15.1,200,10,True,,10,2020-12-14T17:02:12.969Z,False,,,,,NCAR,file_intact_7777_version_layout,fold_2;fold_3
2020-12-14,2020-12-15,v15.1,200,10,True,,10,2020-12-15T13:48:03.789Z,False,,,,,NCAR,file_intact_7777_version_layout,fold_2;fold_3
2020-12-15,2020-12-16,v15.1,200,10,True,,10,2020-12-16T13:24:23.831Z,False,,,,,NCAR,file_intact_7777_version_layout,fold_2;fold_3
2020-12-16,2020-12-17,v15.1,200,10,True,,10,2020-12-17T13:25:13.893Z,False,,,,,NCAR,file_intact_7777_version_layout,fold_2;fold_3
2020-12-17,2020-12-18,v15.1,200,10,True,,10,2020-12-18T13:21:40.270Z,False,,,,,NCAR,file_intact_7777_version_layout,fold_2;fold_3
2020-12-18,2020-12-19,v15.1,200,10,True,,10,2020-12-19T13:24:21.573Z,False,,,,,NCAR,file_intact_7777_version_layout,fold_2;fold_3
2020-12-19,2020-12-20,v15.1,200,10,True,,10,2020-12-20T13:24:30.768Z,False,,,,,NCAR,file_intact_7777_version_layout,fold_2;fold_3
2020-12-20,2020-12-21,v15.1,200,10,True,,10,2020-12-21T13:22:37.687Z,False,,,,,NCAR,file_intact_7777_version_layout,fold_2;fold_3
2020-12-21,2020-12-22,v15.1,200,10,True,,10,2020-12-22T13:24:44.554Z,False,,,,,NCAR,file_intact_7777_version_layout,fold_2;fold_3
2020-12-22,2020-12-23,v15.1,200,10,True,,10,2020-12-23T13:21:44.373Z,False,,,,,NCAR,file_intact_7777_version_layout,fold_2;fold_3
2020-12-23,2020-12-24,v15.1,200,10,True,,10,2020-12-24T13:22:22.168Z,False,,,,,NCAR,file_intact_7777_version_layout,fold_2;fold_3
2020-12-24,2020-12-25,v15.1,200,10,True,,10,2020-12-25T13:21:08.172Z,False,,,,,NCAR,file_intact_7777_version_layout,fold_2;fold_3
2020-12-25,2020-12-26,v15.1,200,10,True,,10,2020-12-26T13:23:10.372Z,False,,,,,NCAR,file_intact_7777_version_layout,fold_2;fold_3
2020-12-26,2020-12-27,v15.1,200,10,True,,10,2020-12-27T13:24:55.580Z,False,,,,,NCAR,file_intact_7777_version_layout,fold_2;fold_3
2020-12-27,2020-12-28,v15.1,200,10,True,,10,2020-12-28T13:20:54.105Z,False,,,,,NCAR,file_intact_7777_version_layout,fold_2;fold_3
2020-12-28,2020-12-29,v15.1,200,10,True,,10,2020-12-29T13:20:29.693Z,False,,,,,NCAR,file_intact_7777_version_layout,fold_2;fold_3
2020-12-29,2020-12-30,v15.1,200,10,True,,10,2020-12-30T13:22:52.434Z,False,,,,,NCAR,file_intact_7777_version_layout,fold_2;fold_3
2020-12-30,2020-12-31,v15.1,200,10,True,,10,2020-12-31T13:20:49.913Z,False,,,,,NCAR,file_intact_7777_version_layout,fold_2;fold_3
2020-12-31,2021-01-01,v15.1,200,10,True,,10,2021-01-01T13:22:41.023Z,False,,,,,NCAR,file_intact_7777_version_layout,fold_2;fold_3
2021-01-01,2021-01-02,v15.1,200,10,True,,,2021-01-03T19:05:43.940Z,True,True,10,True,True,AWS,idx_verified,fold_2;fold_3
2021-01-02,2021-01-03,v15.1,200,10,True,,,2021-01-04T01:06:05.486Z,True,True,10,True,True,AWS,idx_verified,fold_2;fold_3
2021-01-03,2021-01-04,v15.1,200,10,True,,,2021-01-04T02:00:44.942Z,True,True,10,True,True,AWS,idx_verified,fold_2;fold_3
2021-01-04,2021-01-05,v15.1,200,10,True,,,2021-01-05T14:14:21.730Z,True,True,10,True,True,AWS,idx_verified,fold_2;fold_3
2021-01-05,2021-01-06,v15.1,200,10,True,,,2021-01-06T13:26:27.894Z,True,True,10,True,True,AWS,idx_verified,fold_2;fold_3
2021-01-06,2021-01-07,v15.1,200,10,True,,,2021-01-07T14:27:39.647Z,True,True,10,True,True,AWS,idx_verified,fold_2;fold_3
2021-01-07,2021-01-08,v15.1,200,10,True,,,2021-01-08T13:23:42.299Z,True,True,10,True,True,AWS,idx_verified,fold_2;fold_3
2021-01-08,2021-01-09,v15.1,200,10,True,,,2021-01-09T13:23:41.160Z,True,True,10,True,True,AWS,idx_verified,fold_2;fold_3
2021-01-09,2021-01-10,v15.1,200,10,True,,,2021-01-10T13:22:15.449Z,True,True,10,True,True,AWS,idx_verified,fold_2;fold_3
2021-01-10,2021-01-11,v15.1,200,10,True,,,2021-01-11T13:23:22.240Z,True,True,10,True,True,AWS,idx_verified,fold_2;fold_3
2021-01-11,2021-01-12,v15.1,200,10,True,,,2021-01-12T13:20:21.620Z,True,True,10,True,True,AWS,idx_verified,fold_2;fold_3
2021-01-12,2021-01-13,v15.1,200,10,True,,,2021-01-13T13:21:05.761Z,True,True,10,True,True,AWS,idx_verified,fold_2;fold_3
2021-01-13,2021-01-14,v15.1,200,10,True,,,2021-01-14T13:26:45.422Z,True,True,10,True,True,AWS,idx_verified,fold_2;fold_3
2021-01-14,2021-01-15,v15.1,200,10,True,,,2021-01-15T13:21:43.213Z,True,True,10,True,True,AWS,idx_verified,fold_2;fold_3
2021-01-15,2021-01-16,v15.1,200,10,True,,,2021-01-16T13:19:18.876Z,True,True,10,True,True,AWS,idx_verified,fold_2;fold_3
2021-01-16,2021-01-17,v15.1,200,10,True,,,2021-01-17T13:21:52.401Z,True,True,10,True,True,AWS,idx_verified,fold_2;fold_3
2021-01-17,2021-01-18,v15.1,200,10,True,,,2021-01-18T13:24:43.939Z,True,True,10,True,True,AWS,idx_verified,fold_2;fold_3
2021-01-18,2021-01-19,v15.1,200,10,True,,,2021-01-19T13:21:01.159Z,True,True,10,True,True,AWS,idx_verified,fold_2;fold_3
2021-01-19,2021-01-20,v15.1,200,10,True,,,2021-01-20T13:19:56.045Z,True,True,10,True,True,AWS,idx_verified,fold_2;fold_3
2021-01-20,2021-01-21,v15.1,200,10,True,,,2021-01-21T13:30:40.122Z,True,True,10,True,True,AWS,idx_verified,fold_2;fold_3
2021-01-21,2021-01-22,v15.1,200,10,True,,,2021-01-24T13:05:02.442Z,True,True,10,True,True,AWS,idx_verified,fold_2;fold_3
2021-01-22,2021-01-23,v15.1,200,10,True,,,2021-01-29T23:09:21.648Z,True,True,10,True,True,AWS,idx_verified,fold_2;fold_3
2021-01-23,2021-01-24,v15.1,200,10,True,,,2021-01-24T16:09:32.937Z,True,True,10,True,True,AWS,idx_verified,fold_2;fold_3
2021-01-24,2021-01-25,v15.1,200,10,True,,,2021-01-25T13:17:29.824Z,True,True,10,True,True,AWS,idx_verified,fold_2;fold_3
2021-01-25,2021-01-26,v15.1,200,10,True,,,2021-01-26T13:31:07.671Z,True,True,10,True,True,AWS,idx_verified,fold_2;fold_3
2021-01-26,2021-01-27,v15.1,200,10,True,,,2021-01-27T13:16:43.734Z,True,True,10,True,True,AWS,idx_verified,fold_2;fold_3
2021-01-27,2021-01-28,v15.1,200,10,True,,,2021-01-28T13:17:23.455Z,True,True,10,True,True,AWS,idx_verified,fold_2;fold_3
2021-01-28,2021-01-29,v15.1,200,10,True,,,2021-01-29T15:32:59.439Z,True,True,10,True,True,AWS,idx_verified,fold_2;fold_3
2021-01-29,2021-01-30,v15.1,200,10,True,,,2021-01-30T14:45:13.990Z,True,True,10,True,True,AWS,idx_verified,fold_2;fold_3
2021-01-30,2021-01-31,v15.1,200,10,True,,,2021-01-31T14:43:23.221Z,True,True,10,True,True,AWS,idx_verified,fold_2;fold_3
2021-01-31,2021-02-01,v15.1,200,10,True,,,2021-02-01T13:23:37.905Z,True,True,10,True,True,AWS,idx_verified,fold_2;fold_3
2021-02-01,2021-02-02,v15.1,200,10,True,,,2021-02-02T15:06:01.753Z,True,True,10,True,True,AWS,idx_verified,fold_2;fold_3
2021-02-02,2021-02-03,v15.1,200,10,True,,10,2021-02-03T14:18:16.652Z,True,False,10,False,,NCAR,file_intact_7777_version_layout,fold_2;fold_3
2021-02-03,2021-02-04,v15.1,200,10,True,,,2021-02-04T14:28:20.394Z,True,True,10,True,True,AWS,idx_verified,fold_2;fold_3
2021-02-04,2021-02-05,v15.1,200,10,True,,,2021-02-05T13:21:01.021Z,True,True,10,True,True,AWS,idx_verified,fold_2;fold_3
2021-02-05,2021-02-06,v15.1,200,10,True,,,2021-02-06T13:27:35.534Z,True,True,10,True,True,AWS,idx_verified,fold_2;fold_3
2021-02-06,2021-02-07,v15.1,200,10,True,,,2021-02-07T13:26:58.509Z,True,True,10,True,True,AWS,idx_verified,fold_2;fold_3
2021-02-07,2021-02-08,v15.1,200,10,True,,,2021-02-08T13:24:19.365Z,True,True,10,True,True,AWS,idx_verified,fold_2;fold_3
2021-02-08,2021-02-09,v15.1,200,10,True,,,2021-02-09T13:23:50.710Z,True,True,10,True,True,AWS,idx_verified,fold_2;fold_3
2021-02-09,2021-02-10,v15.1,200,10,True,,,2021-02-10T13:23:03.454Z,True,True,10,True,True,AWS,idx_verified,fold_2;fold_3
2021-02-10,2021-02-11,v15.1,200,10,True,,,2021-02-11T16:14:02.050Z,True,True,10,True,True,AWS,idx_verified,fold_2;fold_3
2021-02-11,2021-02-12,v15.1,200,10,True,,,2021-02-12T14:11:20.258Z,True,True,10,True,True,AWS,idx_verified,fold_2;fold_3
2021-02-12,2021-02-13,v15.1,200,10,True,,,2021-02-13T13:26:15.203Z,True,True,10,True,True,AWS,idx_verified,fold_2;fold_3
2021-02-13,2021-02-14,v15.1,200,10,True,,,2021-02-14T13:26:15.781Z,True,True,10,True,True,AWS,idx_verified,fold_2;fold_3
2021-02-14,2021-02-15,v15.1,200,10,True,,,2021-02-15T13:23:20.549Z,True,True,10,True,True,AWS,idx_verified,fold_2;fold_3
2021-02-15,2021-02-16,v15.1,200,10,True,,,2021-02-16T13:27:21.380Z,True,True,10,True,True,AWS,idx_verified,fold_2;fold_3
2021-02-16,2021-02-17,v15.1,200,10,True,,,2021-02-17T13:22:10.040Z,True,True,10,True,True,AWS,idx_verified,fold_2;fold_3
2021-02-17,2021-02-18,v15.1,200,10,True,,,2021-02-18T13:28:34.423Z,True,True,10,True,True,AWS,idx_verified,fold_2;fold_3
2021-02-18,2021-02-19,v15.1,200,10,True,,,2021-02-19T13:21:57.363Z,True,True,10,True,True,AWS,idx_verified,fold_2;fold_3
2021-02-19,2021-02-20,v15.1,200,10,True,,,2021-02-20T13:20:47.462Z,True,True,10,True,True,AWS,idx_verified,fold_2;fold_3
2021-02-20,2021-02-21,v15.1,200,10,True,,,2021-02-21T13:21:44.209Z,True,True,10,True,True,AWS,idx_verified,fold_2;fold_3
2021-02-21,2021-02-22,v15.1,200,10,True,,,2021-02-22T13:21:25.939Z,True,True,10,True,True,AWS,idx_verified,fold_2;fold_3
2021-02-22,2021-02-23,v15.1,200,10,True,,,2021-02-23T13:22:03.705Z,True,True,10,True,True,AWS,idx_verified,fold_2;fold_3
2021-02-23,2021-02-24,v15.1,200,10,True,,,2021-02-24T13:25:21.921Z,True,True,10,True,True,AWS,idx_verified,fold_2;fold_3
2021-02-24,2021-02-25,v15.1,200,10,True,,,2021-02-25T13:21:27.578Z,True,True,10,True,True,AWS,idx_verified,fold_2;fold_3
2021-02-25,2021-02-26,v15.1,200,10,True,,,2021-02-26T13:24:31.168Z,True,True,10,True,True,AWS,idx_verified,fold_2;fold_3
2021-02-26,2021-02-27,v15.1,200,10,True,,,2021-02-27T13:25:52.070Z,True,True,10,True,True,AWS,idx_verified,fold_2;fold_3
2021-02-27,2021-02-28,v15.1,200,10,True,,,2021-02-28T13:20:41.283Z,True,True,10,True,True,AWS,idx_verified,fold_2;fold_3
2021-02-28,2021-03-01,v15.1,200,10,True,,,2021-03-01T13:22:11.564Z,True,True,10,True,True,AWS,idx_verified,fold_2;fold_3
2021-03-01,2021-03-02,v15.1,200,10,True,,,2021-03-02T13:21:54.052Z,True,True,10,True,True,AWS,idx_verified,fold_2;fold_3
2021-03-02,2021-03-03,v15.1,200,10,True,,,2021-03-03T13:23:55.182Z,True,True,10,True,True,AWS,idx_verified,fold_2;fold_3
2021-03-03,2021-03-04,v15.1,200,10,True,,,2021-03-04T18:08:28.251Z,True,True,10,True,True,AWS,idx_verified,fold_2;fold_3
2021-03-04,2021-03-05,v15.1,200,10,True,,,2021-03-05T13:30:27.950Z,True,True,10,True,True,AWS,idx_verified,fold_2;fold_3
2021-03-05,2021-03-06,v15.1,200,10,True,,,2021-03-06T13:20:20.071Z,True,True,10,True,True,AWS,idx_verified,fold_2;fold_3
2021-03-06,2021-03-07,v15.1,200,10,True,,,2021-03-07T13:20:36.068Z,True,True,10,True,True,AWS,idx_verified,fold_2;fold_3
2021-03-07,2021-03-08,v15.1,200,10,True,,,2021-03-08T13:24:00.793Z,True,True,10,True,True,AWS,idx_verified,fold_2;fold_3
2021-03-08,2021-03-09,v15.1,200,10,True,,,2021-03-09T13:41:30.128Z,True,True,10,True,True,AWS,idx_verified,fold_2;fold_3
2021-03-09,2021-03-10,v15.1,200,10,True,,,2021-03-12T19:16:04.757Z,True,True,10,True,True,AWS,idx_verified,fold_2;fold_3
2021-03-10,2021-03-11,v15.1,200,10,True,,,2021-03-12T20:07:49.629Z,True,True,10,True,True,AWS,idx_verified,fold_2;fold_3
2021-03-11,2021-03-12,v15.1,200,10,True,,,2021-03-12T21:03:23.186Z,True,True,10,True,True,AWS,idx_verified,fold_2;fold_3
2021-03-12,2021-03-13,v15.1,200,10,True,,,2021-03-13T13:21:22.564Z,True,True,10,True,True,AWS,idx_verified,fold_2;fold_3
2021-03-13,2021-03-14,v15.1,200,10,True,,,2021-03-14T12:23:07.491Z,True,True,10,True,True,AWS,idx_verified,fold_2;fold_3
2021-03-14,2021-03-15,v15.1,200,10,True,,,2021-03-15T12:23:19.268Z,True,True,10,True,True,AWS,idx_verified,fold_2;fold_3
2021-03-15,2021-03-16,v15.1,200,10,True,,,2021-03-16T12:24:30.386Z,True,True,10,True,True,AWS,idx_verified,fold_2;fold_3
2021-03-16,2021-03-17,v15.1,200,10,True,,,2021-03-17T12:24:59.074Z,True,True,10,True,True,AWS,idx_verified,fold_2;fold_3
2021-03-17,2021-03-18,v15.1,200,10,True,,,2021-03-18T13:06:40.812Z,True,True,10,True,True,AWS,idx_verified,fold_2;fold_3
2021-03-18,2021-03-19,v15.1,200,10,True,,,2021-03-19T12:58:09.528Z,True,True,10,True,True,AWS,idx_verified,fold_2;fold_3
2021-03-19,2021-03-20,v15.1,200,10,True,,,2021-03-20T12:27:49.186Z,True,True,10,True,True,AWS,idx_verified,fold_2;fold_3
2021-03-20,2021-03-21,v15.1,200,10,True,,,2021-03-21T12:40:28.482Z,True,True,10,True,True,AWS,idx_verified,fold_2;fold_3
2021-03-21,2021-03-22,v15.1,200,10,True,,,2021-03-22T00:03:02.059Z,True,True,10,True,True,AWS,idx_verified,fold_2;fold_3
2021-03-22,2021-03-23,v15.1,200,10,True,,,2021-03-24T18:33:23.797Z,True,True,10,True,True,AWS,idx_verified,fold_2;fold_3
2021-03-23,2021-03-24,v16,200,10,True,,,2021-03-25T00:56:45.841Z,True,True,10,True,True,AWS,idx_verified,fold_2;fold_3
2021-03-24,2021-03-25,v16,200,10,True,,,2021-03-25T02:05:05.013Z,True,True,10,True,True,AWS,idx_verified,fold_2;fold_3
2021-03-25,2021-03-26,v16,200,10,True,,,2021-03-26T12:30:31.111Z,True,True,10,True,True,AWS,idx_verified,fold_2;fold_3
2021-03-26,2021-03-27,v16,200,10,True,,,2021-03-27T13:23:21.132Z,True,True,10,True,True,AWS,idx_verified,fold_2;fold_3
2021-03-27,2021-03-28,v16,200,10,True,,,2021-03-28T12:28:38.166Z,True,True,10,True,True,AWS,idx_verified,fold_2;fold_3
2021-03-28,2021-03-29,v16,200,10,True,,,2021-03-29T13:03:29.601Z,True,True,10,True,True,AWS,idx_verified,fold_2;fold_3
2021-03-29,2021-03-30,v16,200,10,True,,,2021-03-30T12:26:38.144Z,True,True,10,True,True,AWS,idx_verified,fold_2;fold_3
2021-03-30,2021-03-31,v16,200,10,True,,,2021-03-31T12:40:57.910Z,True,True,10,True,True,AWS,idx_verified,fold_2;fold_3
2021-03-31,2021-04-01,v16,200,10,True,,,2021-04-01T15:05:13.762Z,True,True,10,True,True,AWS,idx_verified,fold_2;fold_3
2021-04-01,2021-04-02,v16,200,10,True,,,2021-04-02T12:21:35.698Z,True,True,10,True,True,AWS,idx_verified,fold_2;fold_3
2021-04-02,2021-04-03,v16,200,10,True,,,2021-04-03T12:26:37.245Z,True,True,10,True,True,AWS,idx_verified,fold_2;fold_3
2021-04-03,2021-04-04,v16,200,10,True,,,2021-04-04T12:24:49.616Z,True,True,10,True,True,AWS,idx_verified,fold_2;fold_3
2021-04-04,2021-04-05,v16,200,10,True,,,2021-04-05T12:26:19.656Z,True,True,10,True,True,AWS,idx_verified,fold_2;fold_3
2021-04-05,2021-04-06,v16,200,10,True,,,2021-04-06T12:26:06.487Z,True,True,10,True,True,AWS,idx_verified,fold_2;fold_3
2021-04-06,2021-04-07,v16,200,10,True,,,2021-04-07T12:31:41.592Z,True,True,10,True,True,AWS,idx_verified,fold_2;fold_3
2021-04-07,2021-04-08,v16,200,10,True,,,2021-04-08T12:45:56.038Z,True,True,10,True,True,AWS,idx_verified,fold_2;fold_3
2021-04-08,2021-04-09,v16,200,10,True,,,2021-04-09T12:26:27.996Z,True,True,10,True,True,AWS,idx_verified,fold_2;fold_3
2021-04-09,2021-04-10,v16,200,10,True,,,2021-04-10T12:33:09.630Z,True,True,10,True,True,AWS,idx_verified,fold_2;fold_3
2021-04-10,2021-04-11,v16,200,10,True,,,2021-04-11T12:34:39.027Z,True,True,10,True,True,AWS,idx_verified,fold_2;fold_3
2021-04-11,2021-04-12,v16,200,10,True,,,2021-04-12T13:15:30.463Z,True,True,10,True,True,AWS,idx_verified,fold_2;fold_3
2021-04-12,2021-04-13,v16,200,10,True,,,2021-04-13T12:55:52.819Z,True,True,10,True,True,AWS,idx_verified,fold_2;fold_3
2021-04-13,2021-04-14,v16,200,10,True,,,2021-04-14T12:29:07.964Z,True,True,10,True,True,AWS,idx_verified,fold_2;fold_3
2021-04-14,2021-04-15,v16,200,10,True,,,2021-04-15T12:28:29.840Z,True,True,10,True,True,AWS,idx_verified,fold_2;fold_3
2021-04-15,2021-04-16,v16,200,10,True,,,2021-04-16T12:31:02.977Z,True,True,10,True,True,AWS,idx_verified,fold_2;fold_3
2021-04-16,2021-04-17,v16,200,10,True,,,2021-04-17T12:21:35.589Z,True,True,10,True,True,AWS,idx_verified,fold_2;fold_3
2021-04-17,2021-04-18,v16,200,10,True,,,2021-04-18T12:25:09.429Z,True,True,10,True,True,AWS,idx_verified,fold_2;fold_3
2021-04-18,2021-04-19,v16,200,10,True,,,2021-04-19T12:25:23Z,True,True,10,True,True,AWS,idx_verified,fold_2;fold_3
2021-04-19,2021-04-20,v16,200,10,True,,,2021-04-20T12:35:19.985Z,True,True,10,True,True,AWS,idx_verified,fold_2;fold_3
2021-04-20,2021-04-21,v16,200,10,True,,,2021-04-21T18:42:35.702Z,True,True,10,True,True,AWS,idx_verified,fold_2;fold_3
2021-04-21,2021-04-22,v16,200,10,True,,,2021-04-22T12:08:44.299Z,True,True,10,True,True,AWS,idx_verified,fold_2;fold_3
2021-04-22,2021-04-23,v16,200,10,True,,,2021-04-23T12:27:47.108Z,True,True,10,True,True,AWS,idx_verified,fold_2;fold_3
2021-04-23,2021-04-24,v16,200,10,True,,,2021-04-24T15:15:23.480Z,True,True,10,True,True,AWS,idx_verified,fold_2;fold_3
2021-04-24,2021-04-25,v16,200,10,True,,,2021-04-25T12:16:24.918Z,True,True,10,True,True,AWS,idx_verified,fold_2;fold_3
2021-04-25,2021-04-26,v16,200,10,True,,,2021-04-26T12:24:10.292Z,True,True,10,True,True,AWS,idx_verified,fold_2;fold_3
2021-04-26,2021-04-27,v16,200,10,True,,,2021-04-27T12:28:12.889Z,True,True,10,True,True,AWS,idx_verified,fold_2;fold_3
2021-04-27,2021-04-28,v16,200,10,True,,,2021-04-28T12:26:21.221Z,True,True,10,True,True,AWS,idx_verified,fold_2;fold_3
2021-04-28,2021-04-29,v16,200,10,True,,,2021-04-29T12:23:19.720Z,True,True,10,True,True,AWS,idx_verified,fold_2;fold_3
2021-04-29,2021-04-30,v16,200,10,True,,,2021-04-30T12:24:18.476Z,True,True,10,True,True,AWS,idx_verified,fold_2;fold_3
2021-04-30,2021-05-01,v16,200,10,True,,,2021-05-01T12:24:31.591Z,True,True,10,True,True,AWS,idx_verified,fold_2;fold_3
2021-05-01,2021-05-02,v16,200,10,True,,,2021-05-02T12:25:46.694Z,True,True,10,True,True,AWS,idx_verified,fold_2;fold_3
2021-05-02,2021-05-03,v16,200,10,True,,,2021-05-03T13:12:05.086Z,True,True,10,True,True,AWS,idx_verified,fold_2;fold_3
2021-05-03,2021-05-04,v16,200,10,True,,,2021-05-04T12:26:47.577Z,True,True,10,True,True,AWS,idx_verified,fold_2;fold_3
2021-05-04,2021-05-05,v16,200,10,True,,,2021-05-05T12:27:11.618Z,True,True,10,True,True,AWS,idx_verified,fold_2;fold_3
2021-05-05,2021-05-06,v16,200,10,True,,,2021-05-06T12:33:05.366Z,True,True,10,True,True,AWS,idx_verified,fold_2;fold_3
2021-05-06,2021-05-07,v16,200,10,True,,,2021-05-07T12:25:00.099Z,True,True,10,True,True,AWS,idx_verified,fold_2;fold_3
2021-05-07,2021-05-08,v16,200,10,True,,,2021-05-08T12:24:00.024Z,True,True,10,True,True,AWS,idx_verified,fold_2;fold_3
2021-05-08,2021-05-09,v16,200,10,True,,,2021-05-09T16:33:29.495Z,True,True,10,True,True,AWS,idx_verified,fold_2;fold_3
2021-05-09,2021-05-10,v16,200,10,True,,,2021-05-10T12:26:13.475Z,True,True,10,True,True,AWS,idx_verified,fold_2;fold_3
2021-05-10,2021-05-11,v16,200,10,True,,,2021-05-11T17:38:21.840Z,True,True,10,True,True,AWS,idx_verified,fold_2;fold_3
2021-05-11,2021-05-12,v16,200,10,True,,,2021-05-12T13:52:16.226Z,True,True,10,True,True,AWS,idx_verified,fold_2;fold_3
2021-05-12,2021-05-13,v16,200,10,True,,,2021-05-13T12:33:47.618Z,True,True,10,True,True,AWS,idx_verified,fold_2;fold_3
2021-05-13,2021-05-14,v16,200,10,True,,,2021-05-14T12:25:50.595Z,True,True,10,True,True,AWS,idx_verified,fold_2;fold_3
2021-05-14,2021-05-15,v16,200,10,True,,,2021-05-15T12:27:35.877Z,True,True,10,True,True,AWS,idx_verified,fold_2;fold_3
2021-05-15,2021-05-16,v16,200,10,True,,,2021-05-16T12:30:18.568Z,True,True,10,True,True,AWS,idx_verified,fold_2;fold_3
2021-05-16,2021-05-17,v16,200,10,True,,,2021-05-17T12:25:18.950Z,True,True,10,True,True,AWS,idx_verified,fold_2;fold_3
2021-05-17,2021-05-18,v16,200,10,True,,,2021-05-18T12:36:34.129Z,True,True,10,True,True,AWS,idx_verified,fold_2;fold_3
2021-05-18,2021-05-19,v16,200,10,True,,,2021-05-19T13:14:26.475Z,True,True,10,True,True,AWS,idx_verified,fold_2;fold_3
2021-05-19,2021-05-20,v16,200,10,True,,,2021-05-20T12:29:33.797Z,True,True,10,True,True,AWS,idx_verified,fold_2;fold_3
2021-05-20,2021-05-21,v16,200,10,True,,,2021-05-21T13:08:11.176Z,True,True,10,True,True,AWS,idx_verified,fold_2;fold_3
2021-05-21,2021-05-22,v16,200,10,True,,,2021-05-22T12:27:33.327Z,True,True,10,True,True,AWS,idx_verified,fold_2;fold_3
2021-05-22,2021-05-23,v16,200,10,True,,,2021-05-23T12:27:36.471Z,True,True,10,True,True,AWS,idx_verified,fold_2;fold_3
2021-05-23,2021-05-24,v16,200,10,True,,,2021-05-24T12:35:18.854Z,True,True,10,True,True,AWS,idx_verified,fold_2;fold_3
2021-05-24,2021-05-25,v16,200,10,True,,,2021-05-25T12:28:00.502Z,True,True,10,True,True,AWS,idx_verified,fold_2;fold_3
2021-05-25,2021-05-26,v16,200,10,True,,,2021-05-26T12:24:38.909Z,True,True,10,True,True,AWS,idx_verified,fold_2;fold_3
2021-05-26,2021-05-27,v16,200,10,True,,,2021-05-27T12:27:30.827Z,True,True,10,True,True,AWS,idx_verified,fold_2;fold_3
2021-05-27,2021-05-28,v16,200,10,True,,,2021-05-28T12:28:20.783Z,True,True,10,True,True,AWS,idx_verified,fold_2;fold_3
2021-05-28,2021-05-29,v16,200,10,True,,,2021-05-29T12:27:09.501Z,True,True,10,True,True,AWS,idx_verified,fold_2;fold_3
2021-05-29,2021-05-30,v16,200,10,True,,,2021-05-30T12:26:15.479Z,True,True,10,True,True,AWS,idx_verified,fold_2;fold_3
2021-05-30,2021-05-31,v16,200,10,True,,,2021-05-31T12:25:26.423Z,True,True,10,True,True,AWS,idx_verified,fold_2;fold_3
2021-05-31,2021-06-01,v16,200,10,True,,,2021-06-01T12:28:52.345Z,True,True,10,True,True,AWS,idx_verified,fold_2;fold_3
2021-06-01,2021-06-02,v16,200,10,True,,,2021-06-02T12:25:01.520Z,True,True,10,True,True,AWS,idx_verified,fold_2;fold_3
2021-06-02,2021-06-03,v16,200,10,True,,,2021-06-03T12:23:09.692Z,True,True,10,True,True,AWS,idx_verified,fold_2;fold_3
2021-06-03,2021-06-04,v16,200,10,True,,,2021-06-04T12:25:48.189Z,True,True,10,True,True,AWS,idx_verified,fold_2;fold_3
2021-06-04,2021-06-05,v16,200,10,True,,,2021-06-05T12:28:34.830Z,True,True,10,True,True,AWS,idx_verified,fold_2;fold_3
2021-06-05,2021-06-06,v16,200,10,True,,,2021-06-06T12:26:40.260Z,True,True,10,True,True,AWS,idx_verified,fold_2;fold_3
2021-06-06,2021-06-07,v16,200,10,True,,,2021-06-07T12:26:18.043Z,True,True,10,True,True,AWS,idx_verified,fold_2;fold_3
2021-06-07,2021-06-08,v16,200,10,True,,,2021-06-08T12:22:42.784Z,True,True,10,True,True,AWS,idx_verified,fold_2;fold_3
2021-06-08,2021-06-09,v16,200,10,True,,,2021-06-09T12:44:05.876Z,True,True,10,True,True,AWS,idx_verified,fold_2;fold_3
2021-06-09,2021-06-10,v16,200,10,True,,,2021-06-10T12:24:42.458Z,True,True,10,True,True,AWS,idx_verified,fold_2;fold_3
2021-06-10,2021-06-11,v16,200,10,True,,,2021-06-11T12:33:12.083Z,True,True,10,True,True,AWS,idx_verified,fold_2;fold_3
2021-06-11,2021-06-12,v16,200,10,True,,,2021-06-12T12:44:17.276Z,True,True,10,True,True,AWS,idx_verified,fold_2;fold_3
2021-06-12,2021-06-13,v16,200,10,True,,,2021-06-13T12:27:36.722Z,True,True,10,True,True,AWS,idx_verified,fold_2;fold_3
2021-06-13,2021-06-14,v16,200,10,True,,,2021-06-14T12:25:52.041Z,True,True,10,True,True,AWS,idx_verified,fold_2;fold_3
2021-06-14,2021-06-15,v16,200,10,True,,,2021-06-15T12:32:23.524Z,True,True,10,True,True,AWS,idx_verified,fold_2;fold_3
2021-06-15,2021-06-16,v16,200,10,True,,,2021-06-16T12:35:55.786Z,True,True,10,True,True,AWS,idx_verified,fold_2;fold_3
2021-06-16,2021-06-17,v16,200,10,True,,,2021-06-17T12:28:55.556Z,True,True,10,True,True,AWS,idx_verified,fold_2;fold_3
2021-06-17,2021-06-18,v16,200,10,True,,,2021-06-18T12:25:03.328Z,True,True,10,True,True,AWS,idx_verified,fold_2;fold_3
2021-06-18,2021-06-19,v16,200,10,True,,,2021-06-19T12:29:08.246Z,True,True,10,True,True,AWS,idx_verified,fold_2;fold_3
2021-06-19,2021-06-20,v16,200,10,True,,,2021-06-20T12:26:04.964Z,True,True,10,True,True,AWS,idx_verified,fold_2;fold_3
2021-06-20,2021-06-21,v16,200,10,True,,,2021-06-21T12:26:37.780Z,True,True,10,True,True,AWS,idx_verified,fold_2;fold_3
2021-06-21,2021-06-22,v16,200,10,True,,,2021-06-22T12:30:06.308Z,True,True,10,True,True,AWS,idx_verified,fold_2;fold_3
2021-06-22,2021-06-23,v16,200,10,True,,,2021-06-23T12:30:21.373Z,True,True,10,True,True,AWS,idx_verified,fold_2;fold_3
2021-06-23,2021-06-24,v16,200,10,True,,,2021-06-24T12:27:15.184Z,True,True,10,True,True,AWS,idx_verified,fold_2;fold_3
2021-06-24,2021-06-25,v16,200,10,True,,,2021-06-25T12:44:01.403Z,True,True,10,True,True,AWS,idx_verified,fold_2;fold_3
2021-06-25,2021-06-26,v16,200,10,True,,,2021-06-26T12:32:05.761Z,True,True,10,True,True,AWS,idx_verified,fold_2;fold_3
2021-06-26,2021-06-27,v16,200,10,True,,,2021-06-27T12:25:10.811Z,True,True,10,True,True,AWS,idx_verified,fold_2;fold_3
2021-06-27,2021-06-28,v16,200,10,True,,,2021-06-28T12:31:36.768Z,True,True,10,True,True,AWS,idx_verified,fold_2;fold_3
2021-06-28,2021-06-29,v16,200,10,True,,,2021-06-29T12:28:07.024Z,True,True,10,True,True,AWS,idx_verified,fold_2;fold_3
2021-06-29,2021-06-30,v16,200,10,True,,,2021-06-30T12:25:46.883Z,True,True,10,True,True,AWS,idx_verified,fold_3
2021-06-30,2021-07-01,v16,200,10,True,,,2021-07-01T12:24:49.394Z,True,True,10,True,True,AWS,idx_verified,fold_3
2021-07-01,2021-07-02,v16,200,10,True,,,2021-07-02T12:34:30.147Z,True,True,10,True,True,AWS,idx_verified,fold_3
2021-07-02,2021-07-03,v16,200,10,True,,,2021-07-03T12:29:05.750Z,True,True,10,True,True,AWS,idx_verified,fold_3
2021-07-03,2021-07-04,v16,200,10,True,,,2021-07-04T12:26:44.537Z,True,True,10,True,True,AWS,idx_verified,fold_3
2021-07-04,2021-07-05,v16,200,10,True,,,2021-07-05T12:37:32.616Z,True,True,10,True,True,AWS,idx_verified,fold_3
2021-07-05,2021-07-06,v16,200,10,True,,,2021-07-06T12:27:52.628Z,True,True,10,True,True,AWS,idx_verified,fold_3
2021-07-06,2021-07-07,v16,200,10,True,,,2021-07-07T12:28:53.306Z,True,True,10,True,True,AWS,idx_verified,fold_3
2021-07-07,2021-07-08,v16,200,10,True,,,2021-07-08T12:37:19.925Z,True,True,10,True,True,AWS,idx_verified,fold_3
2021-07-08,2021-07-09,v16,200,10,True,,,2021-07-09T12:39:06.686Z,True,True,10,True,True,AWS,idx_verified,fold_3
2021-07-09,2021-07-10,v16,200,10,True,,,2021-07-10T12:25:35.995Z,True,True,10,True,True,AWS,idx_verified,fold_3
2021-07-10,2021-07-11,v16,200,10,True,,,2021-07-11T12:44:49.231Z,True,True,10,True,True,AWS,idx_verified,fold_3
2021-07-11,2021-07-12,v16,200,10,True,,,2021-07-12T12:27:33.375Z,True,True,10,True,True,AWS,idx_verified,fold_3
2021-07-12,2021-07-13,v16,200,10,True,,,2021-07-13T12:29:46.030Z,True,True,10,True,True,AWS,idx_verified,fold_3
2021-07-13,2021-07-14,v16,200,10,True,,,2021-07-14T12:29:38.478Z,True,True,10,True,True,AWS,idx_verified,fold_3
2021-07-14,2021-07-15,v16,200,10,True,,,2021-07-15T12:28:12.769Z,True,True,10,True,True,AWS,idx_verified,fold_3
2021-07-15,2021-07-16,v16,200,10,True,,,2021-07-16T14:03:43.571Z,True,True,10,True,True,AWS,idx_verified,fold_3
2021-07-16,2021-07-17,v16,200,10,True,,,2021-07-17T12:27:15.913Z,True,True,10,True,True,AWS,idx_verified,fold_3
2021-07-17,2021-07-18,v16,200,10,True,,,2021-07-18T12:25:49.128Z,True,True,10,True,True,AWS,idx_verified,fold_3
2021-07-18,2021-07-19,v16,200,10,True,,,2021-07-19T12:26:36.235Z,True,True,10,True,True,AWS,idx_verified,fold_3
2021-07-19,2021-07-20,v16,200,10,True,,,2021-07-20T12:28:10.693Z,True,True,10,True,True,AWS,idx_verified,fold_3
2021-07-20,2021-07-21,v16,200,10,True,,,2021-07-21T12:27:18.669Z,True,True,10,True,True,AWS,idx_verified,fold_3
2021-07-21,2021-07-22,v16,200,10,True,,,2021-07-22T12:28:23.680Z,True,True,10,True,True,AWS,idx_verified,fold_3
2021-07-22,2021-07-23,v16,200,10,True,,,2021-07-23T12:32:07.919Z,True,True,10,True,True,AWS,idx_verified,fold_3
2021-07-23,2021-07-24,v16,200,10,True,,,2021-07-24T12:29:28.738Z,True,True,10,True,True,AWS,idx_verified,fold_3
2021-07-24,2021-07-25,v16,200,10,True,,,2021-07-25T12:27:37.609Z,True,True,10,True,True,AWS,idx_verified,fold_3
2021-07-25,2021-07-26,v16,200,10,True,,,2021-07-30T06:29:02.802Z,True,True,10,True,True,AWS,idx_verified,fold_3
2021-07-26,2021-07-27,v16,200,10,True,,,2021-07-30T07:19:03.165Z,True,True,10,True,True,AWS,idx_verified,fold_3
2021-07-27,2021-07-28,v16,200,10,True,,,2021-07-30T08:07:53.012Z,True,True,10,True,True,AWS,idx_verified,fold_3
2021-07-28,2021-07-29,v16,200,10,True,,,2021-07-30T12:07:30.001Z,True,True,10,True,True,AWS,idx_verified,fold_3
2021-07-29,2021-07-30,v16,200,10,True,,,2021-07-30T13:04:21.504Z,True,True,10,True,True,AWS,idx_verified,fold_3
2021-07-30,2021-07-31,v16,200,10,True,,,2021-07-31T12:21:28.191Z,True,True,10,True,True,AWS,idx_verified,fold_3
2021-07-31,2021-08-01,v16,200,10,True,,,2021-08-01T12:21:24.964Z,True,True,10,True,True,AWS,idx_verified,fold_3
2021-08-01,2021-08-02,v16,200,10,True,,,2021-08-02T12:38:32.033Z,True,True,10,True,True,AWS,idx_verified,fold_3
2021-08-02,2021-08-03,v16,200,10,True,,,2021-08-03T12:23:35.561Z,True,True,10,True,True,AWS,idx_verified,fold_3
2021-08-03,2021-08-04,v16,200,10,True,,,2021-08-04T12:25:28.075Z,True,True,10,True,True,AWS,idx_verified,fold_3
2021-08-04,2021-08-05,v16,200,10,True,,,2021-08-05T12:28:41.620Z,True,True,10,True,True,AWS,idx_verified,fold_3
2021-08-05,2021-08-06,v16,200,10,True,,,2021-08-06T12:21:47.429Z,True,True,10,True,True,AWS,idx_verified,fold_3
2021-08-06,2021-08-07,v16,200,10,True,,,2021-08-07T12:28:48.674Z,True,True,10,True,True,AWS,idx_verified,fold_3
2021-08-07,2021-08-08,v16,200,10,True,,,2021-08-08T12:20:39.885Z,True,True,10,True,True,AWS,idx_verified,fold_3
2021-08-08,2021-08-09,v16,200,10,True,,,2021-08-09T12:20:46.416Z,True,True,10,True,True,AWS,idx_verified,fold_3
2021-08-09,2021-08-10,v16,200,10,True,,,2021-08-10T12:32:41.393Z,True,True,10,True,True,AWS,idx_verified,fold_3
2021-08-10,2021-08-11,v16,200,10,True,,,2021-08-11T12:23:05.803Z,True,True,10,True,True,AWS,idx_verified,fold_3
2021-08-11,2021-08-12,v16,200,10,True,,,2021-08-12T12:31:40.340Z,True,True,10,True,True,AWS,idx_verified,fold_3
2021-08-12,2021-08-13,v16,200,10,True,,,2021-08-13T12:26:33.157Z,True,True,10,True,True,AWS,idx_verified,fold_3
2021-08-13,2021-08-14,v16,200,10,True,,,2021-08-14T12:21:33.691Z,True,True,10,True,True,AWS,idx_verified,fold_3
2021-08-14,2021-08-15,v16,200,10,True,,,2021-08-15T12:22:07.135Z,True,True,10,True,True,AWS,idx_verified,fold_3
2021-08-15,2021-08-16,v16,200,10,True,,,2021-08-16T12:21:36.993Z,True,True,10,True,True,AWS,idx_verified,fold_3
2021-08-16,2021-08-17,v16,200,10,True,,,2021-08-17T12:29:59.323Z,True,True,10,True,True,AWS,idx_verified,fold_3
2021-08-17,2021-08-18,v16,200,10,True,,,2021-08-18T12:31:44.285Z,True,True,10,True,True,AWS,idx_verified,fold_3
2021-08-18,2021-08-19,v16,200,10,True,,,2021-08-19T12:32:19.794Z,True,True,10,True,True,AWS,idx_verified,fold_3
2021-08-19,2021-08-20,v16,200,10,True,,,2021-08-20T12:35:06.410Z,True,True,10,True,True,AWS,idx_verified,fold_3
2021-08-20,2021-08-21,v16,200,10,True,,,2021-08-21T12:36:08.772Z,True,True,10,True,True,AWS,idx_verified,fold_3
2021-08-21,2021-08-22,v16,200,10,True,,,2021-08-22T12:46:03.809Z,True,True,10,True,True,AWS,idx_verified,fold_3
2021-08-22,2021-08-23,v16,200,10,True,,,2021-08-23T12:29:36.814Z,True,True,10,True,True,AWS,idx_verified,fold_3
2021-08-23,2021-08-24,v16,200,10,True,,,2021-08-24T12:38:35.929Z,True,True,10,True,True,AWS,idx_verified,fold_3
2021-08-24,2021-08-25,v16,200,10,True,,,2021-08-25T12:50:45.953Z,True,True,10,True,True,AWS,idx_verified,fold_3
2021-08-25,2021-08-26,v16,200,10,True,,,2021-08-26T13:07:21.758Z,True,True,10,True,True,AWS,idx_verified,fold_3
2021-08-26,2021-08-27,v16,200,10,True,,,2021-08-27T17:31:23.353Z,True,True,10,True,True,AWS,idx_verified,fold_3
2021-08-27,2021-08-28,v16,200,10,True,,,2021-08-28T12:36:14.764Z,True,True,10,True,True,AWS,idx_verified,fold_3
2021-08-28,2021-08-29,v16,200,10,True,,,2021-08-29T12:52:59.723Z,True,True,10,True,True,AWS,idx_verified,fold_3
2021-08-29,2021-08-30,v16,200,10,True,,,2021-08-30T12:51:40.877Z,True,True,10,True,True,AWS,idx_verified,fold_3
2021-08-30,2021-08-31,v16,200,10,True,,,2021-08-31T12:32:57.901Z,True,True,10,True,True,AWS,idx_verified,fold_3
2021-08-31,2021-09-01,v16,200,10,True,,,2021-09-01T12:32:22.706Z,True,True,10,True,True,AWS,idx_verified,fold_3
2021-09-01,2021-09-02,v16,200,10,True,,,2021-09-02T12:32:53.472Z,True,True,10,True,True,AWS,idx_verified,fold_3
2021-09-02,2021-09-03,v16,200,10,True,,,2021-09-03T12:39:55.251Z,True,True,10,True,True,AWS,idx_verified,fold_3
2021-09-03,2021-09-04,v16,200,10,True,,,2021-09-04T12:41:56.611Z,True,True,10,True,True,AWS,idx_verified,fold_3
2021-09-04,2021-09-05,v16,200,10,True,,,2021-09-05T12:35:43.954Z,True,True,10,True,True,AWS,idx_verified,fold_3
2021-09-05,2021-09-06,v16,200,10,True,,,2021-09-06T12:34:03.684Z,True,True,10,True,True,AWS,idx_verified,fold_3
2021-09-06,2021-09-07,v16,200,10,True,,,2021-09-08T13:05:50.853Z,True,True,10,True,True,AWS,idx_verified,fold_3
2021-09-07,2021-09-08,v16,200,10,True,,,2021-09-09T12:27:59.010Z,True,True,10,True,True,AWS,idx_verified,fold_3
2021-09-08,2021-09-09,v16,200,10,True,,,2021-09-09T14:35:43.722Z,True,True,10,True,True,AWS,idx_verified,fold_3
2021-09-09,2021-09-10,v16,200,10,True,,,2021-09-10T12:41:37.752Z,True,True,10,True,True,AWS,idx_verified,fold_3
2021-09-10,2021-09-11,v16,200,10,True,,,2021-09-11T12:39:42.385Z,True,True,10,True,True,AWS,idx_verified,fold_3
2021-09-11,2021-09-12,v16,200,10,True,,,2021-09-12T12:31:54.108Z,True,True,10,True,True,AWS,idx_verified,fold_3
2021-09-12,2021-09-13,v16,200,10,True,,,2021-09-13T12:36:19.874Z,True,True,10,True,True,AWS,idx_verified,fold_3
2021-09-13,2021-09-14,v16,200,10,True,,,2021-09-14T12:59:18.749Z,True,True,10,True,True,AWS,idx_verified,fold_3
2021-09-14,2021-09-15,v16,200,10,True,,,2021-09-15T12:39:12.474Z,True,True,10,True,True,AWS,idx_verified,fold_3
2021-09-15,2021-09-16,v16,200,10,True,,,2021-09-16T15:26:55.432Z,True,True,10,True,True,AWS,idx_verified,fold_3
2021-09-16,2021-09-17,v16,200,10,True,,,2021-09-17T12:38:52.947Z,True,True,10,True,True,AWS,idx_verified,fold_3
2021-09-17,2021-09-18,v16,200,10,True,,,2021-09-18T12:35:37.913Z,True,True,10,True,True,AWS,idx_verified,fold_3
2021-09-18,2021-09-19,v16,200,10,True,,,2021-09-19T13:02:37.205Z,True,True,10,True,True,AWS,idx_verified,fold_3
2021-09-19,2021-09-20,v16,200,10,True,,,2021-09-20T12:42:10.248Z,True,True,10,True,True,AWS,idx_verified,fold_3
2021-09-20,2021-09-21,v16,200,10,True,,,2021-09-21T13:15:30.953Z,True,True,10,True,True,AWS,idx_verified,fold_3
2021-09-21,2021-09-22,v16,200,10,True,,,2021-09-22T12:39:44.776Z,True,True,10,True,True,AWS,idx_verified,fold_3
2021-09-22,2021-09-23,v16,200,10,True,,,2021-09-23T12:37:12.783Z,True,True,10,True,True,AWS,idx_verified,fold_3
2021-09-23,2021-09-24,v16,200,10,True,,,2021-09-24T12:36:12.843Z,True,True,10,True,True,AWS,idx_verified,fold_3
2021-09-24,2021-09-25,v16,200,10,True,,,2021-09-25T12:38:56.127Z,True,True,10,True,True,AWS,idx_verified,fold_3
2021-09-25,2021-09-26,v16,200,10,True,,,2021-09-26T12:41:42.144Z,True,True,10,True,True,AWS,idx_verified,fold_3
2021-09-26,2021-09-27,v16,200,10,True,,,2021-09-27T12:37:21.794Z,True,True,10,True,True,AWS,idx_verified,fold_3
2021-09-27,2021-09-28,v16,200,10,True,,,2021-09-28T12:39:26.596Z,True,True,10,True,True,AWS,idx_verified,fold_3
2021-09-28,2021-09-29,v16,200,10,True,,,2021-09-29T12:59:18.309Z,True,True,10,True,True,AWS,idx_verified,fold_3
2021-09-29,2021-09-30,v16,200,10,True,,,2021-09-30T12:36:10.557Z,True,True,10,True,True,AWS,idx_verified,fold_3
2021-09-30,2021-10-01,v16,200,10,True,,,2021-10-01T12:55:46.674Z,True,True,10,True,True,AWS,idx_verified,fold_3
2021-10-01,2021-10-02,v16,200,10,True,,,2021-10-02T12:53:17.843Z,True,True,10,True,True,AWS,idx_verified,fold_3
2021-10-02,2021-10-03,v16,200,10,True,,,2021-10-03T12:41:40.577Z,True,True,10,True,True,AWS,idx_verified,fold_3
2021-10-03,2021-10-04,v16,200,10,True,,,2021-10-04T12:36:41.882Z,True,True,10,True,True,AWS,idx_verified,fold_3
2021-10-04,2021-10-05,v16,200,10,True,,,2021-10-05T12:33:30.685Z,True,True,10,True,True,AWS,idx_verified,fold_3
2021-10-05,2021-10-06,v16,200,10,True,,,2021-10-06T18:43:14.772Z,True,True,10,True,True,AWS,idx_verified,fold_3
2021-10-06,2021-10-07,v16,200,10,True,,,2021-10-07T12:20:23.560Z,True,True,10,True,True,AWS,idx_verified,fold_3
2021-10-07,2021-10-08,v16,200,10,True,,,2021-10-08T12:33:48.354Z,True,True,10,True,True,AWS,idx_verified,fold_3
2021-10-08,2021-10-09,v16,200,10,True,,,2021-10-09T12:34:10.529Z,True,True,10,True,True,AWS,idx_verified,fold_3
2021-10-09,2021-10-10,v16,200,10,True,,,2021-10-10T12:36:28.119Z,True,True,10,True,True,AWS,idx_verified,fold_3
2021-10-10,2021-10-11,v16,200,10,True,,,2021-10-11T12:47:28.442Z,True,True,10,True,True,AWS,idx_verified,fold_3
2021-10-11,2021-10-12,v16,200,10,True,,,2021-10-12T16:35:31.901Z,True,True,10,True,True,AWS,idx_verified,fold_3
2021-10-12,2021-10-13,v16,200,10,True,,,2021-10-13T00:56:20.154Z,True,True,10,True,True,AWS,idx_verified,fold_3
2021-10-13,2021-10-14,v16,200,10,True,,,2021-10-14T13:06:56.510Z,True,True,10,True,True,AWS,idx_verified,fold_3
2021-10-14,2021-10-15,v16,200,10,True,,,2021-10-15T17:54:04.295Z,True,True,10,True,True,AWS,idx_verified,fold_3
2021-10-15,2021-10-16,v16,200,10,True,,,2021-10-16T16:54:34.499Z,True,True,10,True,True,AWS,idx_verified,fold_3
2021-10-16,2021-10-17,v16,200,10,True,,,2021-10-17T16:33:49.915Z,True,True,10,True,True,AWS,idx_verified,fold_3
2021-10-17,2021-10-18,v16,200,10,True,,,2021-10-18T04:59:30.836Z,True,True,10,True,True,AWS,idx_verified,fold_3
2021-10-18,2021-10-19,v16,200,10,True,,,2021-10-19T18:21:45.195Z,True,True,10,True,True,AWS,idx_verified,fold_3
2021-10-19,2021-10-20,v16,200,10,True,,,2021-10-20T18:00:25.798Z,True,True,10,True,True,AWS,idx_verified,fold_3
2021-10-20,2021-10-21,v16,200,10,True,,,2021-10-21T03:57:27.157Z,True,True,10,True,True,AWS,idx_verified,fold_3
2021-10-21,2021-10-22,v16,200,10,True,,,2021-10-22T13:17:35.433Z,True,True,10,True,True,AWS,idx_verified,fold_3
2021-10-22,2021-10-23,v16,200,10,True,,,2021-10-23T02:22:21.708Z,True,True,10,True,True,AWS,idx_verified,fold_3
2021-10-23,2021-10-24,v16,200,10,True,,,2021-10-24T13:05:47.709Z,True,True,10,True,True,AWS,idx_verified,fold_3
2021-10-24,2021-10-25,v16,200,10,True,,,2021-10-25T22:21:16.173Z,True,True,10,True,True,AWS,idx_verified,fold_3
2021-10-25,2021-10-26,v16,200,10,True,,,2021-10-26T09:51:14.349Z,True,True,10,True,True,AWS,idx_verified,fold_3
2021-10-26,2021-10-27,v16,200,10,True,,,2021-10-27T21:40:47.602Z,True,True,10,True,True,AWS,idx_verified,fold_3
2021-10-27,2021-10-28,v16,200,10,True,,,2021-10-28T03:57:40.082Z,True,True,10,True,True,AWS,idx_verified,fold_3
2021-10-28,2021-10-29,v16,200,10,True,,,2021-10-29T17:31:43.271Z,True,True,10,True,True,AWS,idx_verified,fold_3
2021-10-29,2021-10-30,v16,200,10,True,,,2021-10-30T19:08:03.177Z,True,True,10,True,True,AWS,idx_verified,fold_3
2021-10-30,2021-10-31,v16,200,10,True,,,2021-10-31T04:02:30.844Z,True,True,10,True,True,AWS,idx_verified,fold_3
2021-10-31,2021-11-01,v16,200,10,True,,,2021-11-01T18:48:03.001Z,True,True,10,True,True,AWS,idx_verified,fold_3
2021-11-01,2021-11-02,v16,200,10,True,,,2021-11-02T17:19:06.004Z,True,True,10,True,True,AWS,idx_verified,fold_3
2021-11-02,2021-11-03,v16,200,10,True,,,2021-11-03T17:12:20.003Z,True,True,10,True,True,AWS,idx_verified,fold_3
2021-11-03,2021-11-04,v16,200,10,True,,,2021-11-04T13:11:05.973Z,True,True,10,True,True,AWS,idx_verified,fold_3
2021-11-04,2021-11-05,v16,200,10,True,,,2021-11-05T17:39:02.587Z,True,True,10,True,True,AWS,idx_verified,fold_3
2021-11-05,2021-11-06,v16,200,10,True,,,2021-11-06T05:14:33.030Z,True,True,10,True,True,AWS,idx_verified,fold_3
2021-11-06,2021-11-07,v16,200,10,True,,,2021-11-07T18:22:39.717Z,True,True,10,True,True,AWS,idx_verified,fold_3
2021-11-07,2021-11-08,v16,200,10,True,,,2021-11-08T19:33:54.889Z,True,True,10,True,True,AWS,idx_verified,fold_3
2021-11-08,2021-11-09,v16,200,10,True,,,2021-11-09T14:34:32.388Z,True,True,10,True,True,AWS,idx_verified,fold_3
2021-11-09,2021-11-10,v16,200,10,True,,,2021-11-10T02:47:03.538Z,True,True,10,True,True,AWS,idx_verified,fold_3
2021-11-10,2021-11-11,v16,200,10,True,,,2021-11-11T18:21:41.010Z,True,True,10,True,True,AWS,idx_verified,fold_3
2021-11-11,2021-11-12,v16,200,10,True,,,2021-11-12T07:13:23.976Z,True,True,10,True,True,AWS,idx_verified,fold_3
2021-11-12,2021-11-13,v16,200,10,True,,,2021-11-13T18:11:07.377Z,True,True,10,True,True,AWS,idx_verified,fold_3
2021-11-13,2021-11-14,v16,200,10,True,,,2021-11-14T18:46:20.756Z,True,True,10,True,True,AWS,idx_verified,fold_3
2021-11-14,2021-11-15,v16,200,10,True,,,2021-11-15T18:08:33.528Z,True,True,10,True,True,AWS,idx_verified,fold_3
2021-11-15,2021-11-16,v16,200,10,True,,,2021-11-16T05:27:44.562Z,True,True,10,True,True,AWS,idx_verified,fold_3
2021-11-16,2021-11-17,v16,200,10,True,,,2021-11-17T14:28:01.564Z,True,True,10,True,True,AWS,idx_verified,fold_3
2021-11-17,2021-11-18,v16,200,10,True,,,2021-11-18T03:56:37.123Z,True,True,10,True,True,AWS,idx_verified,fold_3
2021-11-18,2021-11-19,v16,200,10,True,,,2021-11-19T14:19:30.594Z,True,True,10,True,True,AWS,idx_verified,fold_3
2021-11-19,2021-11-20,v16,200,10,True,,,2021-11-20T19:27:30.851Z,True,True,10,True,True,AWS,idx_verified,fold_3
2021-11-20,2021-11-21,v16,200,10,True,,,2021-11-21T07:57:42.155Z,True,True,10,True,True,AWS,idx_verified,fold_3
2021-11-21,2021-11-22,v16,200,10,True,,,2021-11-22T18:01:03.115Z,True,True,10,True,True,AWS,idx_verified,fold_3
2021-11-22,2021-11-23,v16,200,10,True,,,2021-11-23T06:00:24.906Z,True,True,10,True,True,AWS,idx_verified,fold_3
2021-11-23,2021-11-24,v16,200,10,True,,,2021-11-24T14:48:22.505Z,True,True,10,True,True,AWS,idx_verified,fold_3
2021-11-24,2021-11-25,v16,200,10,True,,,2021-11-25T04:17:34.153Z,True,True,10,True,True,AWS,idx_verified,fold_3
2021-11-25,2021-11-26,v16,200,10,True,,,2021-11-26T14:10:59.023Z,True,True,10,True,True,AWS,idx_verified,fold_3
2021-11-26,2021-11-27,v16,200,10,True,,,2021-11-27T18:26:10.735Z,True,True,10,True,True,AWS,idx_verified,fold_3
2021-11-27,2021-11-28,v16,200,10,True,,,2021-11-28T07:16:03.490Z,True,True,10,True,True,AWS,idx_verified,fold_3
2021-11-28,2021-11-29,v16,200,10,True,,,2021-11-29T18:23:19.948Z,True,True,10,True,True,AWS,idx_verified,fold_3
2021-11-29,2021-11-30,v16,200,10,True,,,2021-11-30T18:46:10.978Z,True,True,10,True,True,AWS,idx_verified,fold_3
2021-11-30,2021-12-01,v16,200,10,True,,,2021-12-01T18:48:47.204Z,True,True,10,True,True,AWS,idx_verified,fold_3
2021-12-01,2021-12-02,v16,200,10,True,,,2021-12-02T02:38:09.100Z,True,True,10,True,True,AWS,idx_verified,fold_3
2021-12-02,2021-12-03,v16,200,10,True,,,2021-12-03T19:59:38.483Z,True,True,10,True,True,AWS,idx_verified,fold_3
2021-12-03,2021-12-04,v16,200,10,True,,,2021-12-04T17:59:10.481Z,True,True,10,True,True,AWS,idx_verified,fold_3
2021-12-04,2021-12-05,v16,200,10,True,,,2021-12-05T18:26:39.566Z,True,True,10,True,True,AWS,idx_verified,fold_3
2021-12-05,2021-12-06,v16,200,10,True,,,2021-12-06T20:01:28.003Z,True,True,10,True,True,AWS,idx_verified,fold_3
2021-12-06,2021-12-07,v16,200,10,True,,,2021-12-07T13:24:51.111Z,True,True,10,True,True,AWS,idx_verified,fold_3
2021-12-07,2021-12-08,v16,200,10,True,,,2021-12-08T19:12:18.152Z,True,True,10,True,True,AWS,idx_verified,fold_3
2021-12-08,2021-12-09,v16,200,10,True,,,2021-12-09T17:53:48.779Z,True,True,10,True,True,AWS,idx_verified,fold_3
2021-12-09,2021-12-10,v16,200,10,True,,,2021-12-10T06:24:24.342Z,True,True,10,True,True,AWS,idx_verified,fold_3
2021-12-10,2021-12-11,v16,200,10,True,,,2021-12-11T18:29:29.693Z,True,True,10,True,True,AWS,idx_verified,fold_3
2021-12-11,2021-12-12,v16,200,10,True,,,2021-12-12T14:12:12.509Z,True,True,10,True,True,AWS,idx_verified,fold_3
2021-12-12,2021-12-13,v16,200,10,True,,,2021-12-13T18:57:37.628Z,True,True,10,True,True,AWS,idx_verified,fold_3
2021-12-13,2021-12-14,v16,200,10,True,,,2021-12-14T07:04:51.259Z,True,True,10,True,True,AWS,idx_verified,fold_3
2021-12-14,2021-12-15,v16,200,10,True,,,2021-12-15T17:57:22.330Z,True,True,10,True,True,AWS,idx_verified,fold_3
2021-12-15,2021-12-16,v16,200,10,True,,,2021-12-16T05:31:01.003Z,True,True,10,True,True,AWS,idx_verified,fold_3
2021-12-16,2021-12-17,v16,200,10,True,,,2021-12-17T14:16:33.678Z,True,True,10,True,True,AWS,idx_verified,fold_3
2021-12-17,2021-12-18,v16,200,10,True,,,2021-12-18T19:08:28.830Z,True,True,10,True,True,AWS,idx_verified,fold_3
2021-12-18,2021-12-19,v16,200,10,True,,,2021-12-19T18:36:49.136Z,True,True,10,True,True,AWS,idx_verified,fold_3
2021-12-19,2021-12-20,v16,200,10,True,,,2021-12-20T08:47:05.018Z,True,True,10,True,True,AWS,idx_verified,fold_3
2021-12-20,2021-12-21,v16,200,10,True,,,2021-12-21T18:48:47.493Z,True,True,10,True,True,AWS,idx_verified,fold_3
2021-12-21,2021-12-22,v16,200,10,True,,,2021-12-22T07:12:02.845Z,True,True,10,True,True,AWS,idx_verified,fold_3
2021-12-22,2021-12-23,v16,200,10,True,,,2021-12-23T18:03:20.689Z,True,True,10,True,True,AWS,idx_verified,fold_3
2021-12-23,2021-12-24,v16,200,10,True,,,2021-12-24T05:54:22.673Z,True,True,10,True,True,AWS,idx_verified,fold_3
2021-12-24,2021-12-25,v16,200,10,True,,,2021-12-25T18:06:16.988Z,True,True,10,True,True,AWS,idx_verified,fold_3
2021-12-25,2021-12-26,v16,200,10,True,,,2021-12-26T05:57:06.274Z,True,True,10,True,True,AWS,idx_verified,fold_3
2021-12-26,2021-12-27,v16,200,10,True,,,2021-12-27T14:16:39.206Z,True,True,10,True,True,AWS,idx_verified,fold_3
2021-12-27,2021-12-28,v16,200,10,True,,,2021-12-28T17:43:26.135Z,True,True,10,True,True,AWS,idx_verified,fold_3
2021-12-28,2021-12-29,v16,200,10,True,,,2021-12-29T14:38:19.440Z,True,True,10,True,True,AWS,idx_verified,fold_3
2021-12-29,2021-12-30,v16,200,10,True,,,2021-12-30T21:03:48.789Z,True,True,10,True,True,AWS,idx_verified,fold_3
2021-12-30,2021-12-31,v16,200,10,True,,,2021-12-31T06:34:50.561Z,True,True,10,True,True,AWS,idx_verified,fold_3
2021-12-31,2022-01-01,v16,200,10,True,,,2022-01-01T18:35:36.353Z,True,True,10,True,True,AWS,idx_verified,fold_3
2022-01-01,2022-01-02,v16,200,10,True,,,2022-01-02T04:51:01.490Z,True,True,10,True,True,AWS,idx_verified,fold_3
2022-01-02,2022-01-03,v16,200,10,True,,,2022-01-03T14:32:27.610Z,True,True,10,True,True,AWS,idx_verified,fold_3
2022-01-03,2022-01-04,v16,200,10,True,,,2022-01-04T04:52:04.720Z,True,True,10,True,True,AWS,idx_verified,fold_3
2022-01-04,2022-01-05,v16,200,10,True,,,2022-01-05T17:59:15.690Z,True,True,10,True,True,AWS,idx_verified,fold_3
2022-01-05,2022-01-06,v16,200,10,True,,,2022-01-06T18:26:49.509Z,True,True,10,True,True,AWS,idx_verified,fold_3
2022-01-06,2022-01-07,v16,200,10,True,,,2022-01-07T18:14:41.304Z,True,True,10,True,True,AWS,idx_verified,fold_3
2022-01-07,2022-01-08,v16,200,10,True,,,2022-01-08T18:34:36.679Z,True,True,10,True,True,AWS,idx_verified,fold_3
2022-01-08,2022-01-09,v16,200,10,True,,,2022-01-09T19:54:55.588Z,True,True,10,True,True,AWS,idx_verified,fold_3
2022-01-09,2022-01-10,v16,200,10,True,,,2022-01-10T06:26:22.663Z,True,True,10,True,True,AWS,idx_verified,fold_3
2022-01-10,2022-01-11,v16,200,10,True,,,2022-01-11T14:42:28.584Z,True,True,10,True,True,AWS,idx_verified,fold_3
2022-01-11,2022-01-12,v16,200,10,True,,,2022-01-12T04:55:07.626Z,True,True,10,True,True,AWS,idx_verified,fold_3
2022-01-12,2022-01-13,v16,200,10,True,,,2022-01-13T14:32:31.212Z,True,True,10,True,True,AWS,idx_verified,fold_3
2022-01-13,2022-01-14,v16,200,10,True,,,2022-01-14T04:02:28.534Z,True,True,10,True,True,AWS,idx_verified,fold_3
2022-01-14,2022-01-15,v16,200,10,True,,,2022-01-15T14:13:22.741Z,True,True,10,True,True,AWS,idx_verified,fold_3
2022-01-15,2022-01-16,v16,200,10,True,,,2022-01-16T02:41:32.347Z,True,True,10,True,True,AWS,idx_verified,fold_3
2022-01-16,2022-01-17,v16,200,10,True,,,2022-01-17T14:16:51.535Z,True,True,10,True,True,AWS,idx_verified,fold_3
2022-01-17,2022-01-18,v16,200,10,True,,,2022-01-18T02:48:29.292Z,True,True,10,True,True,AWS,idx_verified,fold_3
2022-01-18,2022-01-19,v16,200,10,True,,,2022-01-19T19:22:10.370Z,True,True,10,True,True,AWS,idx_verified,fold_3
2022-01-19,2022-01-20,v16,200,10,True,,,2022-01-20T01:50:16.442Z,True,True,10,True,True,AWS,idx_verified,fold_3
2022-01-20,2022-01-21,v16,200,10,True,,,2022-01-21T19:35:01.583Z,True,True,10,True,True,AWS,idx_verified,fold_3
2022-01-21,2022-01-22,v16,200,10,True,,,2022-01-22T04:47:31.824Z,True,True,10,True,True,AWS,idx_verified,fold_3
2022-01-22,2022-01-23,v16,200,10,True,,,2022-01-23T18:07:12.983Z,True,True,10,True,True,AWS,idx_verified,fold_3
2022-01-23,2022-01-24,v16,200,10,True,,,2022-01-24T06:22:59.956Z,True,True,10,True,True,AWS,idx_verified,fold_3
2022-01-24,2022-01-25,v16,200,10,True,,,2022-01-25T18:13:40.041Z,True,True,10,True,True,AWS,idx_verified,fold_3
2022-01-25,2022-01-26,v16,200,10,True,,,2022-01-26T06:15:12.877Z,True,True,10,True,True,AWS,idx_verified,fold_3
2022-01-26,2022-01-27,v16,200,10,True,,,2022-01-27T18:24:50.773Z,True,True,10,True,True,AWS,idx_verified,fold_3
2022-01-27,2022-01-28,v16,200,10,True,,,2022-01-28T06:34:07.026Z,True,True,10,True,True,AWS,idx_verified,fold_3
2022-01-28,2022-01-29,v16,200,10,True,,,2022-01-29T14:14:01.136Z,True,True,10,True,True,AWS,idx_verified,fold_3
2022-01-29,2022-01-30,v16,200,10,True,,,2022-01-30T15:19:00.932Z,True,True,10,True,True,AWS,idx_verified,fold_3
2022-01-30,2022-01-31,v16,200,10,True,,,2022-01-31T14:34:56.361Z,True,True,10,True,True,AWS,idx_verified,fold_3
2022-01-31,2022-02-01,v16,200,10,True,,,2022-02-01T14:31:36.255Z,True,True,10,True,True,AWS,idx_verified,fold_3
2022-02-01,2022-02-02,v16,200,10,True,,,2022-02-02T03:17:55.130Z,True,True,10,True,True,AWS,idx_verified,fold_3
2022-02-02,2022-02-03,v16,200,10,True,,,2022-02-03T14:35:55.227Z,True,True,10,True,True,AWS,idx_verified,fold_3
2022-02-03,2022-02-04,v16,200,10,True,,,2022-02-04T03:41:53.222Z,True,True,10,True,True,AWS,idx_verified,fold_3
2022-02-04,2022-02-05,v16,200,10,True,,,2022-02-05T14:22:53.818Z,True,True,10,True,True,AWS,idx_verified,fold_3
2022-02-05,2022-02-06,v16,200,10,True,,,2022-02-06T22:48:04.916Z,True,True,10,True,True,AWS,idx_verified,fold_3
2022-02-06,2022-02-07,v16,200,10,True,,,2022-02-07T07:47:27.010Z,True,True,10,True,True,AWS,idx_verified,fold_3
2022-02-07,2022-02-08,v16,200,10,True,,,2022-02-08T18:01:36.372Z,True,True,10,True,True,AWS,idx_verified,fold_3
2022-02-08,2022-02-09,v16,200,10,True,,,2022-02-09T13:09:25.281Z,True,True,10,True,True,AWS,idx_verified,fold_3
2022-02-09,2022-02-10,v16,200,10,True,,,2022-02-10T14:31:20.678Z,True,True,10,True,True,AWS,idx_verified,fold_3
2022-02-10,2022-02-11,v16,200,10,True,,,2022-02-11T13:21:05.237Z,True,True,10,True,True,AWS,idx_verified,fold_3
2022-02-11,2022-02-12,v16,200,10,True,,,2022-02-12T13:18:31.502Z,True,True,10,True,True,AWS,idx_verified,fold_3
2022-02-12,2022-02-13,v16,200,10,True,,,2022-02-13T13:19:19.748Z,True,True,10,True,True,AWS,idx_verified,fold_3
2022-02-13,2022-02-14,v16,200,10,True,,,2022-02-14T13:18:44.852Z,True,True,10,True,True,AWS,idx_verified,fold_3
2022-02-14,2022-02-15,v16,200,10,True,,,2022-02-15T13:23:59.087Z,True,True,10,True,True,AWS,idx_verified,fold_3
2022-02-15,2022-02-16,v16,200,10,True,,,2022-02-16T13:32:11.771Z,True,True,10,True,True,AWS,idx_verified,fold_3
2022-02-16,2022-02-17,v16,200,10,True,,,2022-02-17T13:17:18.668Z,True,True,10,True,True,AWS,idx_verified,fold_3
2022-02-17,2022-02-18,v16,200,10,True,,,2022-02-18T13:17:54.775Z,True,True,10,True,True,AWS,idx_verified,fold_3
2022-02-18,2022-02-19,v16,200,10,True,,,2022-02-19T13:19:25.627Z,True,True,10,True,True,AWS,idx_verified,fold_3
2022-02-19,2022-02-20,v16,200,10,True,,,2022-02-20T13:18:14.918Z,True,True,10,True,True,AWS,idx_verified,fold_3
2022-02-20,2022-02-21,v16,200,10,True,,,2022-02-21T13:24:52.851Z,True,True,10,True,True,AWS,idx_verified,fold_3
2022-02-21,2022-02-22,v16,200,10,True,,,2022-02-22T13:27:31.620Z,True,True,10,True,True,AWS,idx_verified,fold_3
2022-02-22,2022-02-23,v16,200,10,True,,,2022-02-23T13:24:52.504Z,True,True,10,True,True,AWS,idx_verified,fold_3
2022-02-23,2022-02-24,v16,200,10,True,,,2022-02-24T13:20:25.380Z,True,True,10,True,True,AWS,idx_verified,fold_3
2022-02-24,2022-02-25,v16,200,10,True,,,2022-02-25T13:20:12.794Z,True,True,10,True,True,AWS,idx_verified,fold_3
2022-02-25,2022-02-26,v16,200,10,True,,,2022-02-26T13:22:30.073Z,True,True,10,True,True,AWS,idx_verified,fold_3
2022-02-26,2022-02-27,v16,200,10,True,,,2022-02-27T13:25:43.717Z,True,True,10,True,True,AWS,idx_verified,fold_3
2022-02-27,2022-02-28,v16,200,10,True,,,2022-02-28T13:18:43.514Z,True,True,10,True,True,AWS,idx_verified,fold_3
2022-02-28,2022-03-01,v16,200,10,True,,,2022-03-01T13:34:20.593Z,True,True,10,True,True,AWS,idx_verified,fold_3
2022-03-01,2022-03-02,v16,200,10,True,,,2022-03-02T13:20:24.540Z,True,True,10,True,True,AWS,idx_verified,fold_3
2022-03-02,2022-03-03,v16,200,10,True,,,2022-03-03T13:35:10.098Z,True,True,10,True,True,AWS,idx_verified,fold_3
2022-03-03,2022-03-04,v16,200,10,True,,,2022-03-04T13:25:52.832Z,True,True,10,True,True,AWS,idx_verified,fold_3
2022-03-04,2022-03-05,v16,200,10,True,,,2022-03-05T13:19:54.720Z,True,True,10,True,True,AWS,idx_verified,fold_3
2022-03-05,2022-03-06,v16,200,10,True,,,2022-03-06T13:25:12.367Z,True,True,10,True,True,AWS,idx_verified,fold_3
2022-03-06,2022-03-07,v16,200,10,True,,,2022-03-07T13:27:35.832Z,True,True,10,True,True,AWS,idx_verified,fold_3
2022-03-07,2022-03-08,v16,200,10,True,,,2022-03-08T14:36:04.919Z,True,True,10,True,True,AWS,idx_verified,fold_3
2022-03-08,2022-03-09,v16,200,10,True,,,2022-03-09T13:37:43.208Z,True,True,10,True,True,AWS,idx_verified,fold_3
2022-03-09,2022-03-10,v16,200,10,True,,,2022-03-10T13:20:40.524Z,True,True,10,True,True,AWS,idx_verified,fold_3
2022-03-10,2022-03-11,v16,200,10,True,,,2022-03-11T13:19:35.699Z,True,True,10,True,True,AWS,idx_verified,fold_3
2022-03-11,2022-03-12,v16,200,10,True,,,2022-03-12T13:17:35.221Z,True,True,10,True,True,AWS,idx_verified,fold_3
2022-03-12,2022-03-13,v16,200,10,True,,,2022-03-13T12:19:07.113Z,True,True,10,True,True,AWS,idx_verified,fold_3
2022-03-13,2022-03-14,v16,200,10,True,,,2022-03-14T12:20:09.183Z,True,True,10,True,True,AWS,idx_verified,fold_3
2022-03-14,2022-03-15,v16,200,10,True,,,2022-03-15T12:22:25.634Z,True,True,10,True,True,AWS,idx_verified,fold_3
2022-03-15,2022-03-16,v16,200,10,True,,,2022-03-16T12:30:01.250Z,True,True,10,True,True,AWS,idx_verified,fold_3
2022-03-16,2022-03-17,v16,200,10,True,,,2022-03-17T12:42:54.289Z,True,True,10,True,True,AWS,idx_verified,fold_3
2022-03-17,2022-03-18,v16,200,10,True,,,2022-03-18T12:31:42.745Z,True,True,10,True,True,AWS,idx_verified,fold_3
2022-03-18,2022-03-19,v16,200,10,True,,,2022-03-19T12:33:32.721Z,True,True,10,True,True,AWS,idx_verified,fold_3
2022-03-19,2022-03-20,v16,200,10,True,,,2022-03-20T12:23:18.559Z,True,True,10,True,True,AWS,idx_verified,fold_3
2022-03-20,2022-03-21,v16,200,10,True,,,2022-03-21T12:28:40.986Z,True,True,10,True,True,AWS,idx_verified,fold_3
2022-03-21,2022-03-22,v16,200,10,True,,,2022-03-22T12:57:08.370Z,True,True,10,True,True,AWS,idx_verified,fold_3
2022-03-22,2022-03-23,v16,200,10,True,,,2022-03-23T12:29:44.557Z,True,True,10,True,True,AWS,idx_verified,fold_3
2022-03-23,2022-03-24,v16,200,10,True,,,2022-03-24T12:33:53.248Z,True,True,10,True,True,AWS,idx_verified,fold_3
2022-03-24,2022-03-25,v16,200,10,True,,,2022-03-25T12:21:39.224Z,True,True,10,True,True,AWS,idx_verified,fold_3
2022-03-25,2022-03-26,v16,200,10,True,,,2022-03-26T12:21:54.781Z,True,True,10,True,True,AWS,idx_verified,fold_3
2022-03-26,2022-03-27,v16,200,10,True,,,2022-03-27T12:22:08.714Z,True,True,10,True,True,AWS,idx_verified,fold_3
2022-03-27,2022-03-28,v16,200,10,True,,,2022-03-28T12:22:30.931Z,True,True,10,True,True,AWS,idx_verified,fold_3
2022-03-28,2022-03-29,v16,200,10,True,,,2022-03-29T12:27:18.707Z,True,True,10,True,True,AWS,idx_verified,fold_3
2022-03-29,2022-03-30,v16,200,10,True,,,2022-03-30T12:28:35.348Z,True,True,10,True,True,AWS,idx_verified,fold_3
2022-03-30,2022-03-31,v16,200,10,True,,,2022-03-31T12:23:24.012Z,True,True,10,True,True,AWS,idx_verified,fold_3
2022-03-31,2022-04-01,v16,200,10,True,,,2022-04-01T12:22:46.083Z,True,True,10,True,True,AWS,idx_verified,fold_3
2022-04-01,2022-04-02,v16,200,10,True,,,2022-04-02T12:20:39.084Z,True,True,10,True,True,AWS,idx_verified,fold_3
2022-04-02,2022-04-03,v16,200,10,True,,,2022-04-03T12:21:27.419Z,True,True,10,True,True,AWS,idx_verified,fold_3
2022-04-03,2022-04-04,v16,200,10,True,,,2022-04-04T12:22:52.662Z,True,True,10,True,True,AWS,idx_verified,fold_3
2022-04-04,2022-04-05,v16,200,10,True,,,2022-04-05T12:27:30.421Z,True,True,10,True,True,AWS,idx_verified,fold_3
2022-04-05,2022-04-06,v16,200,10,True,,,2022-04-06T12:21:09.408Z,True,True,10,True,True,AWS,idx_verified,fold_3
2022-04-06,2022-04-07,v16,200,10,True,,,2022-04-07T12:24:44.960Z,True,True,10,True,True,AWS,idx_verified,fold_3
2022-04-07,2022-04-08,v16,200,10,True,,,2022-04-08T12:35:27.196Z,True,True,10,True,True,AWS,idx_verified,fold_3
2022-04-08,2022-04-09,v16,200,10,True,,,2022-04-09T12:34:30.315Z,True,True,10,True,True,AWS,idx_verified,fold_3
2022-04-09,2022-04-10,v16,200,10,True,,,2022-04-10T12:23:07.532Z,True,True,10,True,True,AWS,idx_verified,fold_3
2022-04-10,2022-04-11,v16,200,10,True,,,2022-04-11T12:23:03.557Z,True,True,10,True,True,AWS,idx_verified,fold_3
2022-04-11,2022-04-12,v16,200,10,True,,,2022-04-12T12:22:21.854Z,True,True,10,True,True,AWS,idx_verified,fold_3
2022-04-12,2022-04-13,v16,200,10,True,,,2022-04-13T12:40:17.207Z,True,True,10,True,True,AWS,idx_verified,fold_3
2022-04-13,2022-04-14,v16,200,10,True,,,2022-04-14T12:21:40.721Z,True,True,10,True,True,AWS,idx_verified,fold_3
2022-04-14,2022-04-15,v16,200,10,True,,,2022-04-15T12:23:48.257Z,True,True,10,True,True,AWS,idx_verified,fold_3
2022-04-15,2022-04-16,v16,200,10,True,,,2022-04-16T12:20:22.972Z,True,True,10,True,True,AWS,idx_verified,fold_3
2022-04-16,2022-04-17,v16,200,10,True,,,2022-04-17T12:19:23.723Z,True,True,10,True,True,AWS,idx_verified,fold_3
2022-04-17,2022-04-18,v16,200,10,True,,,2022-04-18T12:31:17.455Z,True,True,10,True,True,AWS,idx_verified,fold_3
2022-04-18,2022-04-19,v16,200,10,True,,,2022-04-20T16:47:09.353Z,True,True,10,True,True,AWS,idx_verified,fold_3
2022-04-19,2022-04-20,v16,200,10,True,,,2022-04-20T17:38:59.222Z,True,True,10,True,True,AWS,idx_verified,fold_3
2022-04-20,2022-04-21,v16,200,10,True,,,2022-04-21T13:06:14.588Z,True,True,10,True,True,AWS,idx_verified,fold_3
2022-04-21,2022-04-22,v16,200,10,True,,,2022-04-22T14:10:31.475Z,True,True,10,True,True,AWS,idx_verified,fold_3
2022-04-22,2022-04-23,v16,200,10,True,,,2022-04-23T14:10:07.610Z,True,True,10,True,True,AWS,idx_verified,fold_3
2022-04-23,2022-04-24,v16,200,10,True,,,2022-04-24T14:08:36.230Z,True,True,10,True,True,AWS,idx_verified,fold_3
2022-04-24,2022-04-25,v16,200,10,True,,,2022-04-25T14:09:05.859Z,True,True,10,True,True,AWS,idx_verified,fold_3
2022-04-25,2022-04-26,v16,200,10,True,,,2022-04-26T12:26:18.190Z,True,True,10,True,True,AWS,idx_verified,fold_3
2022-04-26,2022-04-27,v16,200,10,True,,,2022-04-27T12:21:05.340Z,True,True,10,True,True,AWS,idx_verified,fold_3
2022-04-27,2022-04-28,v16,200,10,True,,,2022-04-28T12:20:29.539Z,True,True,10,True,True,AWS,idx_verified,fold_3
2022-04-28,2022-04-29,v16,200,10,True,,,2022-04-29T12:20:24.818Z,True,True,10,True,True,AWS,idx_verified,fold_3
2022-04-29,2022-04-30,v16,200,10,True,,,2022-04-30T12:20:54.063Z,True,True,10,True,True,AWS,idx_verified,fold_3
2022-04-30,2022-05-01,v16,200,10,True,,,2022-05-01T12:24:59.309Z,True,True,10,True,True,AWS,idx_verified,fold_3
2022-05-01,2022-05-02,v16,200,10,True,,,2022-05-02T12:21:46.715Z,True,True,10,True,True,AWS,idx_verified,fold_3
2022-05-02,2022-05-03,v16,200,10,True,,,2022-05-03T12:25:27.752Z,True,True,10,True,True,AWS,idx_verified,fold_3
2022-05-03,2022-05-04,v16,200,10,True,,,2022-05-04T12:26:50.817Z,True,True,10,True,True,AWS,idx_verified,fold_3
2022-05-04,2022-05-05,v16,200,10,True,,,2022-05-05T12:21:29.193Z,True,True,10,True,True,AWS,idx_verified,fold_3
2022-05-05,2022-05-06,v16,200,10,True,,,2022-05-06T12:17:09.249Z,True,True,10,True,True,AWS,idx_verified,fold_3
2022-05-06,2022-05-07,v16,200,10,True,,,2022-05-07T12:24:02.258Z,True,True,10,True,True,AWS,idx_verified,fold_3
2022-05-07,2022-05-08,v16,200,10,True,,,2022-05-08T12:37:24.310Z,True,True,10,True,True,AWS,idx_verified,fold_3
2022-05-08,2022-05-09,v16,200,10,True,,,2022-05-11T15:06:28.312Z,True,True,10,True,True,AWS,idx_verified,fold_3
2022-05-09,2022-05-10,v16,200,10,True,,,2022-05-11T16:04:08.745Z,True,True,10,True,True,AWS,idx_verified,fold_3
2022-05-10,2022-05-11,v16,200,10,True,,,2022-05-11T17:22:04.628Z,True,True,10,True,True,AWS,idx_verified,fold_3
2022-05-11,2022-05-12,v16,200,10,True,,,2022-05-12T12:23:56.949Z,True,True,10,True,True,AWS,idx_verified,fold_3
2022-05-12,2022-05-13,v16,200,10,True,,,2022-05-13T12:23:32.989Z,True,True,10,True,True,AWS,idx_verified,fold_3
2022-05-13,2022-05-14,v16,200,10,True,,,2022-05-14T15:10:03.009Z,True,True,10,True,True,AWS,idx_verified,fold_3
2022-05-14,2022-05-15,v16,200,10,True,,,2022-05-15T12:18:24.694Z,True,True,10,True,True,AWS,idx_verified,fold_3
2022-05-15,2022-05-16,v16,200,10,True,,,2022-05-16T12:23:45.211Z,True,True,10,True,True,AWS,idx_verified,fold_3
2022-05-16,2022-05-17,v16,200,10,True,,,2022-05-17T12:17:22.478Z,True,True,10,True,True,AWS,idx_verified,fold_3
2022-05-17,2022-05-18,v16,200,10,True,,,2022-05-18T12:22:58.810Z,True,True,10,True,True,AWS,idx_verified,fold_3
2022-05-18,2022-05-19,v16,200,10,True,,,2022-05-19T12:29:10.324Z,True,True,10,True,True,AWS,idx_verified,fold_3
2022-05-19,2022-05-20,v16,200,10,True,,,2022-05-20T12:23:01.717Z,True,True,10,True,True,AWS,idx_verified,fold_3
2022-05-20,2022-05-21,v16,200,10,True,,,2022-05-21T12:23:14.743Z,True,True,10,True,True,AWS,idx_verified,fold_3
2022-05-21,2022-05-22,v16,200,10,True,,,2022-05-22T12:24:59.917Z,True,True,10,True,True,AWS,idx_verified,fold_3
2022-05-22,2022-05-23,v16,200,10,True,,,2022-05-23T12:33:42.563Z,True,True,10,True,True,AWS,idx_verified,fold_3
2022-05-23,2022-05-24,v16,200,10,True,,,2022-05-24T12:24:39.603Z,True,True,10,True,True,AWS,idx_verified,fold_3
2022-05-24,2022-05-25,v16,200,10,True,,,2022-05-25T12:24:29.281Z,True,True,10,True,True,AWS,idx_verified,fold_3
2022-05-25,2022-05-26,v16,200,10,True,,,2022-05-26T12:24:59.470Z,True,True,10,True,True,AWS,idx_verified,fold_3
2022-05-26,2022-05-27,v16,200,10,True,,,2022-05-27T12:28:20.707Z,True,True,10,True,True,AWS,idx_verified,fold_3
2022-05-27,2022-05-28,v16,200,10,True,,,2022-05-28T12:27:47.839Z,True,True,10,True,True,AWS,idx_verified,fold_3
2022-05-28,2022-05-29,v16,200,10,True,,,2022-05-29T12:21:27.622Z,True,True,10,True,True,AWS,idx_verified,fold_3
2022-05-29,2022-05-30,v16,200,10,True,,,2022-05-30T12:25:59.480Z,True,True,10,True,True,AWS,idx_verified,fold_3
2022-05-30,2022-05-31,v16,200,10,True,,,2022-05-31T12:28:31.206Z,True,True,10,True,True,AWS,idx_verified,fold_3
2022-05-31,2022-06-01,v16,200,10,True,,,2022-06-01T12:23:55.110Z,True,True,10,True,True,AWS,idx_verified,fold_3
2022-06-01,2022-06-02,v16,200,10,True,,,2022-06-02T12:23:26.869Z,True,True,10,True,True,AWS,idx_verified,fold_3
2022-06-02,2022-06-03,v16,200,10,True,,,2022-06-03T12:19:55.104Z,True,True,10,True,True,AWS,idx_verified,fold_3
2022-06-03,2022-06-04,v16,200,10,True,,,2022-06-04T12:26:30.727Z,True,True,10,True,True,AWS,idx_verified,fold_3
2022-06-04,2022-06-05,v16,200,10,True,,,2022-06-05T12:26:13.116Z,True,True,10,True,True,AWS,idx_verified,fold_3
2022-06-05,2022-06-06,v16,200,10,True,,,2022-06-06T12:21:15.472Z,True,True,10,True,True,AWS,idx_verified,fold_3
2022-06-06,2022-06-07,v16,200,10,True,,,2022-06-07T12:20:17.336Z,True,True,10,True,True,AWS,idx_verified,fold_3
2022-06-07,2022-06-08,v16,200,10,True,,,2022-06-08T12:54:11.892Z,True,True,10,True,True,AWS,idx_verified,fold_3
2022-06-08,2022-06-09,v16,200,10,True,,,2022-06-09T12:36:08.816Z,True,True,10,True,True,AWS,idx_verified,fold_3
2022-06-09,2022-06-10,v16,200,10,True,,,2022-06-10T12:33:19.874Z,True,True,10,True,True,AWS,idx_verified,fold_3
2022-06-10,2022-06-11,v16,200,10,True,,,2022-06-11T12:22:31.550Z,True,True,10,True,True,AWS,idx_verified,fold_3
2022-06-11,2022-06-12,v16,200,10,True,,,2022-06-12T12:19:27.472Z,True,True,10,True,True,AWS,idx_verified,fold_3
2022-06-12,2022-06-13,v16,200,10,True,,,2022-06-13T12:28:57.515Z,True,True,10,True,True,AWS,idx_verified,fold_3
2022-06-13,2022-06-14,v16,200,10,True,,,2022-06-14T12:28:03.927Z,True,True,10,True,True,AWS,idx_verified,fold_3
2022-06-14,2022-06-15,v16,200,10,True,,,2022-06-15T12:24:31.473Z,True,True,10,True,True,AWS,idx_verified,fold_3
2022-06-15,2022-06-16,v16,200,10,True,,,2022-06-16T13:11:06.815Z,True,True,10,True,True,AWS,idx_verified,fold_3
2022-06-16,2022-06-17,v16,200,10,True,,,2022-06-17T12:50:29.733Z,True,True,10,True,True,AWS,idx_verified,fold_3
2022-06-17,2022-06-18,v16,200,10,True,,,2022-06-18T12:25:20.033Z,True,True,10,True,True,AWS,idx_verified,fold_3
2022-06-18,2022-06-19,v16,200,10,True,,,2022-06-19T12:21:20.909Z,True,True,10,True,True,AWS,idx_verified,fold_3
2022-06-19,2022-06-20,v16,200,10,True,,,2022-06-20T12:22:59.516Z,True,True,10,True,True,AWS,idx_verified,fold_3
2022-06-20,2022-06-21,v16,200,10,True,,,2022-06-21T12:25:20.429Z,True,True,10,True,True,AWS,idx_verified,fold_3
2022-06-21,2022-06-22,v16,200,10,True,,,2022-06-22T12:25:45.365Z,True,True,10,True,True,AWS,idx_verified,fold_3
2022-06-22,2022-06-23,v16,200,10,True,,,2022-06-23T12:23:06.127Z,True,True,10,True,True,AWS,idx_verified,fold_3
2022-06-23,2022-06-24,v16,200,10,True,,,2022-06-24T12:23:04.816Z,True,True,10,True,True,AWS,idx_verified,fold_3
2022-06-24,2022-06-25,v16,200,10,True,,,2022-06-25T12:26:14.227Z,True,True,10,True,True,AWS,idx_verified,fold_3
2022-06-25,2022-06-26,v16,200,10,True,,,2022-06-26T12:21:42.559Z,True,True,10,True,True,AWS,idx_verified,fold_3
2022-06-26,2022-06-27,v16,200,10,True,,,2022-06-27T12:22:21.020Z,True,True,10,True,True,AWS,idx_verified,fold_3
2022-06-27,2022-06-28,v16,200,10,True,,,2022-06-28T12:24:42.550Z,True,True,10,True,True,AWS,idx_verified,fold_3
2022-06-28,2022-06-29,v16,200,10,True,,,2022-06-29T12:42:36.705Z,True,True,10,True,True,AWS,idx_verified,fold_3
2022-06-29,2022-06-30,v16,200,10,True,,,2022-06-30T12:29:59.753Z,True,True,10,True,True,AWS,idx_verified,fold_3
2022-06-30,2022-07-01,v16,200,10,True,,,2022-07-01T12:22:42.802Z,True,True,10,True,True,AWS,idx_verified,fold_3
2022-07-01,2022-07-02,v16,200,10,True,,,2022-07-02T12:24:29.126Z,True,True,10,True,True,AWS,idx_verified,fold_3
2022-07-02,2022-07-03,v16,200,10,True,,,2022-07-03T12:26:27.826Z,True,True,10,True,True,AWS,idx_verified,fold_3
2022-07-03,2022-07-04,v16,200,10,True,,,2022-07-04T12:39:56.397Z,True,True,10,True,True,AWS,idx_verified,fold_3
2022-07-04,2022-07-05,v16,200,10,True,,,2022-07-05T12:19:56.316Z,True,True,10,True,True,AWS,idx_verified,fold_3
2022-07-05,2022-07-06,v16,200,10,True,,,2022-07-06T12:22:37.500Z,True,True,10,True,True,AWS,idx_verified,fold_3
2022-07-06,2022-07-07,v16,200,10,True,,,2022-07-07T12:24:28.953Z,True,True,10,True,True,AWS,idx_verified,fold_3
2022-07-07,2022-07-08,v16,200,10,True,,,2022-07-08T12:23:00.130Z,True,True,10,True,True,AWS,idx_verified,fold_3
2022-07-08,2022-07-09,v16,200,10,True,,,2022-07-09T12:19:15.149Z,True,True,10,True,True,AWS,idx_verified,fold_3
2022-07-09,2022-07-10,v16,200,10,True,,,2022-07-10T12:22:05.382Z,True,True,10,True,True,AWS,idx_verified,fold_3
2022-07-10,2022-07-11,v16,200,10,True,,,2022-07-11T12:27:40.043Z,True,True,10,True,True,AWS,idx_verified,fold_3
2022-07-11,2022-07-12,v16,200,10,True,,,2022-07-12T12:23:06.111Z,True,True,10,True,True,AWS,idx_verified,fold_3
2022-07-12,2022-07-13,v16,200,10,True,,,2022-07-13T12:21:51.221Z,True,True,10,True,True,AWS,idx_verified,fold_3
2022-07-13,2022-07-14,v16,200,10,True,,,2022-07-14T12:42:28.702Z,True,True,10,True,True,AWS,idx_verified,fold_3
2022-07-14,2022-07-15,v16,200,10,True,,,2022-07-15T12:39:52.415Z,True,True,10,True,True,AWS,idx_verified,fold_3
2022-07-15,2022-07-16,v16,200,10,True,,,2022-07-16T15:07:08.695Z,True,True,10,True,True,AWS,idx_verified,fold_3
2022-07-16,2022-07-17,v16,200,10,True,,,2022-07-17T12:12:06.614Z,True,True,10,True,True,AWS,idx_verified,fold_3
2022-07-17,2022-07-18,v16,200,10,True,,,2022-07-18T12:26:09.121Z,True,True,10,True,True,AWS,idx_verified,fold_3
2022-07-18,2022-07-19,v16,200,10,True,,,2022-07-19T12:23:25.502Z,True,True,10,True,True,AWS,idx_verified,fold_3
2022-07-19,2022-07-20,v16,200,10,True,,,2022-07-20T12:24:46.874Z,True,True,10,True,True,AWS,idx_verified,fold_3
2022-07-20,2022-07-21,v16,200,10,True,,,2022-07-21T12:35:38.900Z,True,True,10,True,True,AWS,idx_verified,fold_3
2022-07-21,2022-07-22,v16,200,10,True,,,2022-07-22T12:28:29.438Z,True,True,10,True,True,AWS,idx_verified,fold_3
2022-07-22,2022-07-23,v16,200,10,True,,,2022-07-23T12:25:38.306Z,True,True,10,True,True,AWS,idx_verified,fold_3
2022-07-23,2022-07-24,v16,200,10,True,,,2022-07-24T12:24:02.442Z,True,True,10,True,True,AWS,idx_verified,fold_3
2022-07-24,2022-07-25,v16,200,10,True,,,2022-07-25T12:25:16.847Z,True,True,10,True,True,AWS,idx_verified,fold_3
2022-07-25,2022-07-26,v16,200,10,True,,,2022-07-26T12:24:42.081Z,True,True,10,True,True,AWS,idx_verified,fold_3
2022-07-26,2022-07-27,v16,200,10,True,,,2022-07-27T12:24:29.373Z,True,True,10,True,True,AWS,idx_verified,fold_3
2022-07-27,2022-07-28,v16,200,10,True,,,2022-07-28T12:25:26.358Z,True,True,10,True,True,AWS,idx_verified,fold_3
2022-07-28,2022-07-29,v16,200,10,True,,,2022-07-29T12:26:48.022Z,True,True,10,True,True,AWS,idx_verified,fold_3
2022-07-29,2022-07-30,v16,200,10,True,,,2022-07-30T12:29:52.381Z,True,True,10,True,True,AWS,idx_verified,fold_3
2022-07-30,2022-07-31,v16,200,10,True,,,2022-07-31T12:29:42.111Z,True,True,10,True,True,AWS,idx_verified,fold_3
2022-07-31,2022-08-01,v16,200,10,True,,,2022-08-01T12:28:36.708Z,True,True,10,True,True,AWS,idx_verified,fold_3
2022-08-01,2022-08-02,v16,200,10,True,,,2022-08-02T12:25:18.967Z,True,True,10,True,True,AWS,idx_verified,fold_3
2022-08-02,2022-08-03,v16,200,10,True,,,2022-08-03T12:27:08.302Z,True,True,10,True,True,AWS,idx_verified,fold_3
2022-08-03,2022-08-04,v16,200,10,True,,,2022-08-04T12:26:23.661Z,True,True,10,True,True,AWS,idx_verified,fold_3
2022-08-04,2022-08-05,v16,200,10,True,,,2022-08-05T12:26:32.397Z,True,True,10,True,True,AWS,idx_verified,fold_3
2022-08-05,2022-08-06,v16,200,10,True,,,2022-08-06T12:23:38.516Z,True,True,10,True,True,AWS,idx_verified,fold_3
2022-08-06,2022-08-07,v16,200,10,True,,,2022-08-07T12:23:09.152Z,True,True,10,True,True,AWS,idx_verified,fold_3
2022-08-07,2022-08-08,v16,200,10,True,,,2022-08-08T12:24:10.069Z,True,True,10,True,True,AWS,idx_verified,fold_3
2022-08-08,2022-08-09,v16,200,10,True,,,2022-08-09T12:38:37.879Z,True,True,10,True,True,AWS,idx_verified,fold_3
2022-08-09,2022-08-10,v16,200,10,True,,,2022-08-10T12:22:33.923Z,True,True,10,True,True,AWS,idx_verified,fold_3
2022-08-10,2022-08-11,v16,200,10,True,,,2022-08-11T13:29:10.554Z,True,True,10,True,True,AWS,idx_verified,fold_3
2022-08-11,2022-08-12,v16,200,10,True,,,2022-08-12T12:24:35.773Z,True,True,10,True,True,AWS,idx_verified,fold_3
2022-08-12,2022-08-13,v16,200,10,True,,,2022-08-13T12:24:51.091Z,True,True,10,True,True,AWS,idx_verified,fold_3
2022-08-13,2022-08-14,v16,200,10,True,,,2022-08-14T12:26:35.965Z,True,True,10,True,True,AWS,idx_verified,fold_3
2022-08-14,2022-08-15,v16,200,10,True,,,2022-08-15T12:24:26.956Z,True,True,10,True,True,AWS,idx_verified,fold_3
2022-08-15,2022-08-16,v16,200,10,True,,,2022-08-16T12:24:35.422Z,True,True,10,True,True,AWS,idx_verified,fold_3
2022-08-16,2022-08-17,v16,200,10,True,,,2022-08-17T12:24:18.288Z,True,True,10,True,True,AWS,idx_verified,fold_3
2022-08-17,2022-08-18,v16,200,10,True,,,2022-08-18T12:25:40.680Z,True,True,10,True,True,AWS,idx_verified,fold_3
2022-08-18,2022-08-19,v16,200,10,True,,,2022-08-19T12:24:31.349Z,True,True,10,True,True,AWS,idx_verified,fold_3
2022-08-19,2022-08-20,v16,200,10,True,,,2022-08-20T12:24:08.199Z,True,True,10,True,True,AWS,idx_verified,fold_3
2022-08-20,2022-08-21,v16,200,10,True,,,2022-08-21T12:23:52.569Z,True,True,10,True,True,AWS,idx_verified,fold_3
2022-08-21,2022-08-22,v16,200,10,True,,,2022-08-22T12:22:27.114Z,True,True,10,True,True,AWS,idx_verified,fold_3
2022-08-22,2022-08-23,v16,200,10,True,,,2022-08-23T12:22:52.979Z,True,True,10,True,True,AWS,idx_verified,fold_3
2022-08-23,2022-08-24,v16,200,10,True,,,2022-08-24T12:20:38.426Z,True,True,10,True,True,AWS,idx_verified,fold_3
2022-08-24,2022-08-25,v16,200,10,True,,,2022-08-25T15:38:45.406Z,True,True,10,True,True,AWS,idx_verified,fold_3
2022-08-25,2022-08-26,v16,200,10,True,,,2022-08-26T12:06:35.776Z,True,True,10,True,True,AWS,idx_verified,fold_3
2022-08-26,2022-08-27,v16,200,10,True,,,2022-08-27T15:15:32.490Z,True,True,10,True,True,AWS,idx_verified,fold_3
2022-08-27,2022-08-28,v16,200,10,True,,,2022-08-28T12:10:50.480Z,True,True,10,True,True,AWS,idx_verified,fold_3
2022-08-28,2022-08-29,v16,200,10,True,,,2022-08-29T12:06:57.480Z,True,True,10,True,True,AWS,idx_verified,fold_3
2022-08-29,2022-08-30,v16,200,10,True,,,2022-08-30T12:33:52.918Z,True,True,10,True,True,AWS,idx_verified,fold_3
2022-08-30,2022-08-31,v16,200,10,True,,,2022-08-31T15:10:32.116Z,True,True,10,True,True,AWS,idx_verified,fold_3
2022-08-31,2022-09-01,v16,200,10,True,,,2022-09-01T12:33:25.276Z,True,True,10,True,True,AWS,idx_verified,fold_3
2022-09-01,2022-09-02,v16,200,10,True,,,2022-09-02T12:25:58.588Z,True,True,10,True,True,AWS,idx_verified,fold_3
2022-09-02,2022-09-03,v16,200,10,True,,,2022-09-03T14:11:00.782Z,True,True,10,True,True,AWS,idx_verified,fold_3
2022-09-03,2022-09-04,v16,200,10,True,,,2022-09-04T18:23:27.985Z,True,True,10,True,True,AWS,idx_verified,fold_3
2022-09-04,2022-09-05,v16,200,10,True,,,2022-09-05T06:15:41.136Z,True,True,10,True,True,AWS,idx_verified,fold_3
2022-09-05,2022-09-06,v16,200,10,True,,,2022-09-07T05:25:40.307Z,True,True,10,True,True,AWS,idx_verified,fold_3
2022-09-06,2022-09-07,v16,200,10,True,,,2022-09-07T06:17:42.427Z,True,True,10,True,True,AWS,idx_verified,fold_3
2022-09-07,2022-09-08,v16,200,10,True,,,2022-09-08T06:45:05.546Z,True,True,10,True,True,AWS,idx_verified,fold_3
2022-09-08,2022-09-09,v16,200,10,True,,,2022-09-10T19:26:13.075Z,True,True,10,True,True,AWS,idx_verified,fold_3
2022-09-09,2022-09-10,v16,200,10,True,,,2022-09-10T20:31:16.996Z,True,True,10,True,True,AWS,idx_verified,fold_3
2022-09-10,2022-09-11,v16,200,10,True,,,2022-09-12T05:49:56.402Z,True,True,10,True,True,AWS,idx_verified,fold_3
2022-09-11,2022-09-12,v16,200,10,True,,,2022-09-12T18:39:24.502Z,True,True,10,True,True,AWS,idx_verified,fold_3
2022-09-12,2022-09-13,v16,200,10,True,,,2022-09-13T13:17:11.993Z,True,True,10,True,True,AWS,idx_verified,fold_3
2022-09-13,2022-09-14,v16,200,10,True,,,2022-09-14T18:00:23.606Z,True,True,10,True,True,AWS,idx_verified,fold_3
2022-09-14,2022-09-15,v16,200,10,True,,,2022-09-15T07:10:41.900Z,True,True,10,True,True,AWS,idx_verified,fold_3
2022-09-15,2022-09-16,v16,200,10,True,,,2022-09-16T23:42:53.583Z,True,True,10,True,True,AWS,idx_verified,fold_3
2022-09-16,2022-09-17,v16,200,10,True,,,2022-09-18T06:00:12.461Z,True,True,10,True,True,AWS,idx_verified,fold_3
2022-09-17,2022-09-18,v16,200,10,True,,,2022-09-18T17:59:44.800Z,True,True,10,True,True,AWS,idx_verified,fold_3
2022-09-18,2022-09-19,v16,200,10,True,,,2022-09-20T04:28:39.752Z,True,True,10,True,True,AWS,idx_verified,fold_3
2022-09-19,2022-09-20,v16,200,10,True,,,2022-09-20T05:18:41.061Z,True,True,10,True,True,AWS,idx_verified,fold_3
2022-09-20,2022-09-21,v16,200,10,True,,,2022-09-21T12:43:13.537Z,True,True,10,True,True,AWS,idx_verified,fold_3
2022-09-21,2022-09-22,v16,200,10,True,,,2022-09-23T00:18:29.036Z,True,True,10,True,True,AWS,idx_verified,fold_3
2022-09-22,2022-09-23,v16,200,10,True,,,2022-09-23T05:12:08.467Z,True,True,10,True,True,AWS,idx_verified,fold_3
2022-09-23,2022-09-24,v16,200,10,True,,,2022-09-24T20:40:45.951Z,True,True,10,True,True,AWS,idx_verified,fold_3
2022-09-24,2022-09-25,v16,200,10,True,,,2022-09-25T16:01:48.127Z,True,True,10,True,True,AWS,idx_verified,fold_3
2022-09-25,2022-09-26,v16,200,10,True,,,2022-09-26T16:42:59.766Z,True,True,10,True,True,AWS,idx_verified,fold_3
2022-09-26,2022-09-27,v16,200,10,True,,,2022-09-27T20:51:56.177Z,True,True,10,True,True,AWS,idx_verified,fold_3
2022-09-27,2022-09-28,v16,200,10,True,,,2022-09-28T12:21:01.595Z,True,True,10,True,True,AWS,idx_verified,fold_3
2023-04-01,2023-04-02,v16,200,10,True,,,2023-04-02T12:32:44.068Z,True,True,10,True,True,AWS,idx_verified,fold_4
2023-04-02,2023-04-03,v16,200,10,True,,,2023-04-03T13:19:52.184Z,True,True,10,True,True,AWS,idx_verified,fold_4
2023-04-03,2023-04-04,v16,200,10,True,,,2023-04-04T12:30:23.595Z,True,True,10,True,True,AWS,idx_verified,fold_4
2023-04-04,2023-04-05,v16,200,10,True,,,2023-04-05T13:00:35.253Z,True,True,10,True,True,AWS,idx_verified,fold_4
2023-04-05,2023-04-06,v16,200,10,True,,,2023-04-06T13:02:16.118Z,True,True,10,True,True,AWS,idx_verified,fold_4
2023-04-06,2023-04-07,v16,200,10,True,,,2023-04-07T12:25:40.641Z,True,True,10,True,True,AWS,idx_verified,fold_4
2023-04-07,2023-04-08,v16,200,10,True,,,2023-04-08T12:57:38.240Z,True,True,10,True,True,AWS,idx_verified,fold_4
2023-04-08,2023-04-09,v16,200,10,True,,,2023-04-09T12:26:04.788Z,True,True,10,True,True,AWS,idx_verified,fold_4
2023-04-09,2023-04-10,v16,200,10,True,,,2023-04-10T12:31:36.225Z,True,True,10,True,True,AWS,idx_verified,fold_4
2023-04-10,2023-04-11,v16,200,10,True,,,2023-04-11T17:49:05.034Z,True,True,10,True,True,AWS,idx_verified,fold_4
2023-04-11,2023-04-12,v16,200,10,True,,,2023-04-12T00:35:05.234Z,True,True,10,True,True,AWS,idx_verified,fold_4
2023-04-12,2023-04-13,v16,200,10,True,,,2023-04-13T12:26:37.055Z,True,True,10,True,True,AWS,idx_verified,fold_4
2023-04-13,2023-04-14,v16,200,10,True,,,2023-04-14T12:42:24.587Z,True,True,10,True,True,AWS,idx_verified,fold_4
2023-04-14,2023-04-15,v16,200,10,True,,,2023-04-15T12:40:33.155Z,True,True,10,True,True,AWS,idx_verified,fold_4
2023-04-15,2023-04-16,v16,200,10,True,,,2023-04-16T12:22:04.251Z,True,True,10,True,True,AWS,idx_verified,fold_4
2023-04-16,2023-04-17,v16,200,10,True,,,2023-04-17T12:33:18.455Z,True,True,10,True,True,AWS,idx_verified,fold_4
2023-04-17,2023-04-18,v16,200,10,True,,,2023-04-18T12:23:59.561Z,True,True,10,True,True,AWS,idx_verified,fold_4
2023-04-18,2023-04-19,v16,200,10,True,,,2023-04-19T12:38:44.726Z,True,True,10,True,True,AWS,idx_verified,fold_4
2023-04-19,2023-04-20,v16,200,10,True,,,2023-04-20T12:32:37.181Z,True,True,10,True,True,AWS,idx_verified,fold_4
2023-04-20,2023-04-21,v16,200,10,True,,,2023-04-21T12:30:40.943Z,True,True,10,True,True,AWS,idx_verified,fold_4
2023-04-21,2023-04-22,v16,200,10,True,,,2023-04-22T18:13:58.174Z,True,True,10,True,True,AWS,idx_verified,fold_4
2023-04-22,2023-04-23,v16,200,10,True,,,2023-04-23T12:20:00.924Z,True,True,10,True,True,AWS,idx_verified,fold_4
2023-04-23,2023-04-24,v16,200,10,True,,,2023-04-24T12:31:15.624Z,True,True,10,True,True,AWS,idx_verified,fold_4
2023-04-24,2023-04-25,v16,200,10,True,,,2023-04-25T12:25:07.141Z,True,True,10,True,True,AWS,idx_verified,fold_4
2023-04-25,2023-04-26,v16,200,10,True,,,2023-04-26T12:24:34.746Z,True,True,10,True,True,AWS,idx_verified,fold_4
2023-04-26,2023-04-27,v16,200,10,True,,,2023-04-27T12:48:46.655Z,True,True,10,True,True,AWS,idx_verified,fold_4
2023-04-27,2023-04-28,v16,200,10,True,,,2023-04-28T12:42:28.650Z,True,True,10,True,True,AWS,idx_verified,fold_4
2023-04-28,2023-04-29,v16,200,10,True,,,2023-04-29T13:06:49.767Z,True,True,10,True,True,AWS,idx_verified,fold_4
2023-04-29,2023-04-30,v16,200,10,True,,,2023-04-30T13:40:17.539Z,True,True,10,True,True,AWS,idx_verified,fold_4
2023-04-30,2023-05-01,v16,200,10,True,,,2023-05-01T12:27:31.665Z,True,True,10,True,True,AWS,idx_verified,fold_4
2023-05-01,2023-05-02,v16,200,10,True,,,2023-05-02T12:36:42.774Z,True,True,10,True,True,AWS,idx_verified,fold_4
2023-05-02,2023-05-03,v16,200,10,True,,,2023-05-03T12:23:05.022Z,True,True,10,True,True,AWS,idx_verified,fold_4
2023-05-03,2023-05-04,v16,200,10,True,,,2023-05-04T12:56:55.153Z,True,True,10,True,True,AWS,idx_verified,fold_4
2023-05-04,2023-05-05,v16,200,10,True,,,2023-05-05T12:49:20.839Z,True,True,10,True,True,AWS,idx_verified,fold_4
2023-05-05,2023-05-06,v16,200,10,True,,,2023-05-06T12:29:35.780Z,True,True,10,True,True,AWS,idx_verified,fold_4
2023-05-06,2023-05-07,v16,200,10,True,,,2023-05-07T12:39:45.373Z,True,True,10,True,True,AWS,idx_verified,fold_4
2023-05-07,2023-05-08,v16,200,10,True,,,2023-05-08T12:35:27.977Z,True,True,10,True,True,AWS,idx_verified,fold_4
2023-05-08,2023-05-09,v16,200,10,True,,,2023-05-09T12:34:05.954Z,True,True,10,True,True,AWS,idx_verified,fold_4
2023-05-09,2023-05-10,v16,200,10,True,,,2023-05-10T12:32:23.230Z,True,True,10,True,True,AWS,idx_verified,fold_4
2023-05-10,2023-05-11,v16,200,10,True,,,2023-05-11T12:32:35.519Z,True,True,10,True,True,AWS,idx_verified,fold_4
2023-05-11,2023-05-12,v16,200,10,True,,,2023-05-12T13:30:04.229Z,True,True,10,True,True,AWS,idx_verified,fold_4
2023-05-12,2023-05-13,v16,200,10,True,,,2023-05-13T12:31:15.565Z,True,True,10,True,True,AWS,idx_verified,fold_4
2023-05-13,2023-05-14,v16,200,10,True,,,2023-05-14T12:31:50.241Z,True,True,10,True,True,AWS,idx_verified,fold_4
2023-05-14,2023-05-15,v16,200,10,True,,,2023-05-15T12:31:55.419Z,True,True,10,True,True,AWS,idx_verified,fold_4
2023-05-15,2023-05-16,v16,200,10,True,,,2023-05-16T12:31:17.837Z,True,True,10,True,True,AWS,idx_verified,fold_4
2023-05-16,2023-05-17,v16,200,10,True,,,2023-05-17T12:39:42.009Z,True,True,10,True,True,AWS,idx_verified,fold_4
2023-05-17,2023-05-18,v16,200,10,True,,,2023-05-18T12:35:03.136Z,True,True,10,True,True,AWS,idx_verified,fold_4
2023-05-18,2023-05-19,v16,200,10,True,,,2023-05-19T12:29:53.281Z,True,True,10,True,True,AWS,idx_verified,fold_4
2023-05-19,2023-05-20,v16,200,10,True,,,2023-05-20T12:44:39.111Z,True,True,10,True,True,AWS,idx_verified,fold_4
2023-05-20,2023-05-21,v16,200,10,True,,,2023-05-21T12:40:06.379Z,True,True,10,True,True,AWS,idx_verified,fold_4
2023-05-21,2023-05-22,v16,200,10,True,,,2023-05-22T12:54:21.910Z,True,True,10,True,True,AWS,idx_verified,fold_4
2023-05-22,2023-05-23,v16,200,10,True,,,2023-05-23T12:51:03.042Z,True,True,10,True,True,AWS,idx_verified,fold_4
2023-05-23,2023-05-24,v16,200,10,True,,,2023-05-24T12:54:39.405Z,True,True,10,True,True,AWS,idx_verified,fold_4
2023-05-24,2023-05-25,v16,200,10,True,,,2023-05-25T12:54:42.917Z,True,True,10,True,True,AWS,idx_verified,fold_4
2023-05-25,2023-05-26,v16,200,10,True,,,2023-05-26T12:37:59.870Z,True,True,10,True,True,AWS,idx_verified,fold_4
2023-05-26,2023-05-27,v16,200,10,True,,,2023-05-27T14:08:00.506Z,True,True,10,True,True,AWS,idx_verified,fold_4
2023-05-27,2023-05-28,v16,200,10,True,,,2023-05-28T12:29:29.656Z,True,True,10,True,True,AWS,idx_verified,fold_4
2023-05-28,2023-05-29,v16,200,10,True,,,2023-05-29T12:39:09.963Z,True,True,10,True,True,AWS,idx_verified,fold_4
2023-05-29,2023-05-30,v16,200,10,True,,,2023-05-30T12:44:02.591Z,True,True,10,True,True,AWS,idx_verified,fold_4
2023-05-30,2023-05-31,v16,200,10,True,,,2023-05-31T12:56:00.128Z,True,True,10,True,True,AWS,idx_verified,fold_4
2023-05-31,2023-06-01,v16,200,10,True,,,2023-06-01T13:03:29.582Z,True,True,10,True,True,AWS,idx_verified,fold_4
2023-06-01,2023-06-02,v16,200,10,True,,,2023-06-02T13:06:19.162Z,True,True,10,True,True,AWS,idx_verified,fold_4
2023-06-02,2023-06-03,v16,200,10,True,,,2023-06-03T12:43:37.760Z,True,True,10,True,True,AWS,idx_verified,fold_4
2023-06-03,2023-06-04,v16,200,10,True,,,2023-06-04T12:53:29.935Z,True,True,10,True,True,AWS,idx_verified,fold_4
2023-06-04,2023-06-05,v16,200,10,True,,,2023-06-05T12:45:03.242Z,True,True,10,True,True,AWS,idx_verified,fold_4
2023-06-05,2023-06-06,v16,200,10,True,,,2023-06-06T12:54:56.405Z,True,True,10,True,True,AWS,idx_verified,fold_4
2023-06-06,2023-06-07,v16,200,10,True,,,2023-06-07T13:23:29.772Z,True,True,10,True,True,AWS,idx_verified,fold_4
2023-06-07,2023-06-08,v16,200,10,True,,,2023-06-08T13:41:06.799Z,True,True,10,True,True,AWS,idx_verified,fold_4
2023-06-08,2023-06-09,v16,200,10,True,,,2023-06-09T12:46:50.957Z,True,True,10,True,True,AWS,idx_verified,fold_4
2023-06-09,2023-06-10,v16,200,10,True,,,2023-06-10T12:45:02.660Z,True,True,10,True,True,AWS,idx_verified,fold_4
2023-06-10,2023-06-11,v16,200,10,True,,,2023-06-11T12:45:19.077Z,True,True,10,True,True,AWS,idx_verified,fold_4
2023-06-11,2023-06-12,v16,200,10,True,,,2023-06-12T12:33:28.671Z,True,True,10,True,True,AWS,idx_verified,fold_4
2023-06-12,2023-06-13,v16,200,10,True,,,2023-06-13T12:39:05.012Z,True,True,10,True,True,AWS,idx_verified,fold_4
2023-06-13,2023-06-14,v16,200,10,True,,,2023-06-14T12:49:40.770Z,True,True,10,True,True,AWS,idx_verified,fold_4
2023-06-14,2023-06-15,v16,200,10,True,,,2023-06-15T12:40:28.315Z,True,True,10,True,True,AWS,idx_verified,fold_4
2023-06-15,2023-06-16,v16,200,10,True,,,2023-06-16T13:12:40.478Z,True,True,10,True,True,AWS,idx_verified,fold_4
2023-06-16,2023-06-17,v16,200,10,True,,,2023-06-17T12:38:06.672Z,True,True,10,True,True,AWS,idx_verified,fold_4
2023-06-17,2023-06-18,v16,200,10,True,,,2023-06-18T12:34:32.754Z,True,True,10,True,True,AWS,idx_verified,fold_4
2023-06-18,2023-06-19,v16,200,10,True,,,2023-06-19T12:36:19.877Z,True,True,10,True,True,AWS,idx_verified,fold_4
2023-06-19,2023-06-20,v16,200,10,True,,,2023-06-20T12:35:10.303Z,True,True,10,True,True,AWS,idx_verified,fold_4
2023-06-20,2023-06-21,v16,200,10,True,,,2023-06-21T12:35:35.063Z,True,True,10,True,True,AWS,idx_verified,fold_4
2023-06-21,2023-06-22,v16,200,10,True,,,2023-06-22T12:34:59.578Z,True,True,10,True,True,AWS,idx_verified,fold_4
2023-06-22,2023-06-23,v16,200,10,True,,,2023-06-23T12:52:37.014Z,True,True,10,True,True,AWS,idx_verified,fold_4
2023-06-23,2023-06-24,v16,200,10,True,,,2023-06-24T12:40:23.225Z,True,True,10,True,True,AWS,idx_verified,fold_4
2023-06-24,2023-06-25,v16,200,10,True,,,2023-06-25T12:56:06.415Z,True,True,10,True,True,AWS,idx_verified,fold_4
2023-06-25,2023-06-26,v16,200,10,True,,,2023-06-26T12:42:38.012Z,True,True,10,True,True,AWS,idx_verified,fold_4
2023-06-26,2023-06-27,v16,200,10,True,,,2023-06-27T12:45:20.042Z,True,True,10,True,True,AWS,idx_verified,fold_4
2023-06-27,2023-06-28,v16,200,10,True,,,2023-06-28T12:38:17.949Z,True,True,10,True,True,AWS,idx_verified,fold_4
2023-06-28,2023-06-29,v16,200,10,True,,,2023-06-29T13:05:19.057Z,True,True,10,True,True,AWS,idx_verified,fold_4
2023-06-29,2023-06-30,v16,200,10,True,,,2023-06-30T12:38:58.183Z,True,True,10,True,True,AWS,idx_verified,fold_4
2023-06-30,2023-07-01,v16,200,10,True,,,2023-07-01T12:38:05.248Z,True,True,10,True,True,AWS,idx_verified,fold_4
2023-07-01,2023-07-02,v16,200,10,True,,,2023-07-02T12:42:03.030Z,True,True,10,True,True,AWS,idx_verified,fold_4
2023-07-02,2023-07-03,v16,200,10,True,,,2023-07-03T12:38:09.774Z,True,True,10,True,True,AWS,idx_verified,fold_4
2023-07-03,2023-07-04,v16,200,10,True,,,2023-07-04T12:40:13.247Z,True,True,10,True,True,AWS,idx_verified,fold_4
2023-07-04,2023-07-05,v16,200,10,True,,,2023-07-05T12:43:43.061Z,True,True,10,True,True,AWS,idx_verified,fold_4
2023-07-05,2023-07-06,v16,200,10,True,,,2023-07-06T12:44:58.109Z,True,True,10,True,True,AWS,idx_verified,fold_4
2023-07-06,2023-07-07,v16,200,10,True,,,2023-07-07T12:45:51.232Z,True,True,10,True,True,AWS,idx_verified,fold_4
2023-07-07,2023-07-08,v16,200,10,True,,,2023-07-08T12:26:39.447Z,True,True,10,True,True,AWS,idx_verified,fold_4
2023-07-08,2023-07-09,v16,200,10,True,,,2023-07-09T12:23:51.377Z,True,True,10,True,True,AWS,idx_verified,fold_4
2023-07-09,2023-07-10,v16,200,10,True,,,2023-07-10T12:32:29.403Z,True,True,10,True,True,AWS,idx_verified,fold_4
2023-07-10,2023-07-11,v16,200,10,True,,,2023-07-11T12:26:22.841Z,True,True,10,True,True,AWS,idx_verified,fold_4
2023-07-11,2023-07-12,v16,200,10,True,,,2023-07-12T12:24:03.440Z,True,True,10,True,True,AWS,idx_verified,fold_4
2023-07-12,2023-07-13,v16,200,10,True,,,2023-07-13T13:09:56.491Z,True,True,10,True,True,AWS,idx_verified,fold_4
2023-07-13,2023-07-14,v16,200,10,True,,,2023-07-14T12:38:14.082Z,True,True,10,True,True,AWS,idx_verified,fold_4
2023-07-14,2023-07-15,v16,200,10,True,,,2023-07-15T12:31:50.606Z,True,True,10,True,True,AWS,idx_verified,fold_4
2023-07-15,2023-07-16,v16,200,10,True,,,2023-07-16T12:31:37.405Z,True,True,10,True,True,AWS,idx_verified,fold_4
2023-07-16,2023-07-17,v16,200,10,True,,,2023-07-17T12:30:18.099Z,True,True,10,True,True,AWS,idx_verified,fold_4
2023-07-17,2023-07-18,v16,200,10,True,,,2023-07-18T12:37:57.377Z,True,True,10,True,True,AWS,idx_verified,fold_4
2023-07-18,2023-07-19,v16,200,10,True,,,2023-07-19T13:32:05.493Z,True,True,10,True,True,AWS,idx_verified,fold_4
2023-07-19,2023-07-20,v16,200,10,True,,,2023-07-20T12:31:55.554Z,True,True,10,True,True,AWS,idx_verified,fold_4
2023-07-20,2023-07-21,v16,200,10,True,,,2023-07-21T14:09:45.709Z,True,True,10,True,True,AWS,idx_verified,fold_4
2023-07-21,2023-07-22,v16,200,10,True,,,2023-07-22T12:33:12.598Z,True,True,10,True,True,AWS,idx_verified,fold_4
2023-07-22,2023-07-23,v16,200,10,True,,,2023-07-23T12:32:23.868Z,True,True,10,True,True,AWS,idx_verified,fold_4
2023-07-23,2023-07-24,v16,200,10,True,,,2023-07-24T12:33:07.178Z,True,True,10,True,True,AWS,idx_verified,fold_4
2023-07-24,2023-07-25,v16,200,10,True,,,2023-07-25T12:35:18.139Z,True,True,10,True,True,AWS,idx_verified,fold_4
2023-07-25,2023-07-26,v16,200,10,True,,,2023-07-26T12:27:17.578Z,True,True,10,True,True,AWS,idx_verified,fold_4
2023-07-26,2023-07-27,v16,200,10,True,,,2023-07-27T12:39:13.767Z,True,True,10,True,True,AWS,idx_verified,fold_4
2023-07-27,2023-07-28,v16,200,10,True,,,2023-07-28T12:48:17.276Z,True,True,10,True,True,AWS,idx_verified,fold_4
2023-07-28,2023-07-29,v16,200,10,True,,,2023-07-29T12:47:44.813Z,True,True,10,True,True,AWS,idx_verified,fold_4
2023-07-29,2023-07-30,v16,200,10,True,,,2023-07-30T12:28:55.241Z,True,True,10,True,True,AWS,idx_verified,fold_4
2023-07-30,2023-07-31,v16,200,10,True,,,2023-07-31T12:34:19.391Z,True,True,10,True,True,AWS,idx_verified,fold_4
2023-07-31,2023-08-01,v16,200,10,True,,,2023-08-01T12:27:39.524Z,True,True,10,True,True,AWS,idx_verified,fold_4
2023-08-01,2023-08-02,v16,200,10,True,,,2023-08-02T12:40:29.628Z,True,True,10,True,True,AWS,idx_verified,fold_4
2023-08-02,2023-08-03,v16,200,10,True,,,2023-08-03T12:51:50.799Z,True,True,10,True,True,AWS,idx_verified,fold_4
2023-08-03,2023-08-04,v16,200,10,True,,,2023-08-04T12:36:03.133Z,True,True,10,True,True,AWS,idx_verified,fold_4
2023-08-04,2023-08-05,v16,200,10,True,,,2023-08-05T13:35:27.294Z,True,True,10,True,True,AWS,idx_verified,fold_4
2023-08-05,2023-08-06,v16,200,10,True,,,2023-08-06T12:26:47.795Z,True,True,10,True,True,AWS,idx_verified,fold_4
2023-08-06,2023-08-07,v16,200,10,True,,,2023-08-07T12:33:46.583Z,True,True,10,True,True,AWS,idx_verified,fold_4
2023-08-07,2023-08-08,v16,200,10,True,,,2023-08-08T12:28:45.626Z,True,True,10,True,True,AWS,idx_verified,fold_4
2023-08-08,2023-08-09,v16,200,10,True,,,2023-08-09T12:57:59.400Z,True,True,10,True,True,AWS,idx_verified,fold_4
2023-08-09,2023-08-10,v16,200,10,True,,,2023-08-10T12:42:13.578Z,True,True,10,True,True,AWS,idx_verified,fold_4
2023-08-10,2023-08-11,v16,200,10,True,,,2023-08-11T13:03:31.986Z,True,True,10,True,True,AWS,idx_verified,fold_4
2023-08-11,2023-08-12,v16,200,10,True,,,2023-08-12T13:40:58.219Z,True,True,10,True,True,AWS,idx_verified,fold_4
2023-08-12,2023-08-13,v16,200,10,True,,,2023-08-13T12:32:13.109Z,True,True,10,True,True,AWS,idx_verified,fold_4
2023-08-13,2023-08-14,v16,200,10,True,,,2023-08-14T12:47:20.272Z,True,True,10,True,True,AWS,idx_verified,fold_4
2023-08-14,2023-08-15,v16,200,10,True,,,2023-08-15T12:50:57.167Z,True,True,10,True,True,AWS,idx_verified,fold_4
2023-08-15,2023-08-16,v16,200,10,True,,,2023-08-16T12:35:14.275Z,True,True,10,True,True,AWS,idx_verified,fold_4
2023-08-16,2023-08-17,v16,200,10,True,,,2023-08-17T12:39:36.662Z,True,True,10,True,True,AWS,idx_verified,fold_4
2023-08-17,2023-08-18,v16,200,10,True,,,2023-08-18T13:03:41.811Z,True,True,10,True,True,AWS,idx_verified,fold_4
2023-08-18,2023-08-19,v16,200,10,True,,,2023-08-19T14:03:37.090Z,True,True,10,True,True,AWS,idx_verified,fold_4
2023-08-19,2023-08-20,v16,200,10,True,,,2023-08-20T12:30:32.150Z,True,True,10,True,True,AWS,idx_verified,fold_4
2023-08-20,2023-08-21,v16,200,10,True,,,2023-08-21T13:09:46.420Z,True,True,10,True,True,AWS,idx_verified,fold_4
2023-08-21,2023-08-22,v16,200,10,True,,,2023-08-22T12:39:24.522Z,True,True,10,True,True,AWS,idx_verified,fold_4
2023-08-22,2023-08-23,v16,200,10,True,,,2023-08-23T12:40:18.529Z,True,True,10,True,True,AWS,idx_verified,fold_4
2023-08-23,2023-08-24,v16,200,10,True,,,2023-08-24T12:34:49.240Z,True,True,10,True,True,AWS,idx_verified,fold_4
2023-08-24,2023-08-25,v16,200,10,True,,,2023-08-25T12:53:04.300Z,True,True,10,True,True,AWS,idx_verified,fold_4
2023-08-25,2023-08-26,v16,200,10,True,,,2023-08-26T12:37:17.071Z,True,True,10,True,True,AWS,idx_verified,fold_4
2023-08-26,2023-08-27,v16,200,10,True,,,2023-08-27T12:31:18.125Z,True,True,10,True,True,AWS,idx_verified,fold_4
2023-08-27,2023-08-28,v16,200,10,True,,,2023-08-28T13:03:14.588Z,True,True,10,True,True,AWS,idx_verified,fold_4
2023-08-28,2023-08-29,v16,200,10,True,,,2023-08-29T12:30:06.805Z,True,True,10,True,True,AWS,idx_verified,fold_4
2023-08-29,2023-08-30,v16,200,10,True,,,2023-08-30T12:31:21.291Z,True,True,10,True,True,AWS,idx_verified,fold_4
2023-08-30,2023-08-31,v16,200,10,True,,,2023-08-31T12:39:18.439Z,True,True,10,True,True,AWS,idx_verified,fold_4
2023-08-31,2023-09-01,v16,200,10,True,,,2023-09-01T13:01:24.768Z,True,True,10,True,True,AWS,idx_verified,fold_4
2023-09-01,2023-09-02,v16,200,10,True,,,2023-09-02T12:35:51.009Z,True,True,10,True,True,AWS,idx_verified,fold_4
2023-09-02,2023-09-03,v16,200,10,True,,,2023-09-03T12:36:07.710Z,True,True,10,True,True,AWS,idx_verified,fold_4
2023-09-03,2023-09-04,v16,200,10,True,,,2023-09-04T13:21:09.918Z,True,True,10,True,True,AWS,idx_verified,fold_4
2023-09-04,2023-09-05,v16,200,10,True,,,2023-09-05T13:19:08.551Z,True,True,10,True,True,AWS,idx_verified,fold_4
2023-09-05,2023-09-06,v16,200,10,True,,,2023-09-06T12:29:59.190Z,True,True,10,True,True,AWS,idx_verified,fold_4
2023-09-06,2023-09-07,v16,200,10,True,,,2023-09-07T13:02:56.929Z,True,True,10,True,True,AWS,idx_verified,fold_4
2023-09-07,2023-09-08,v16,200,10,True,,,2023-09-08T13:05:03.893Z,True,True,10,True,True,AWS,idx_verified,fold_4
2023-09-08,2023-09-09,v16,200,10,True,,,2023-09-09T12:56:46.994Z,True,True,10,True,True,AWS,idx_verified,fold_4
2023-09-09,2023-09-10,v16,200,10,True,,,2023-09-10T12:35:34.155Z,True,True,10,True,True,AWS,idx_verified,fold_4
2023-09-10,2023-09-11,v16,200,10,True,,,2023-09-11T12:36:11.354Z,True,True,10,True,True,AWS,idx_verified,fold_4
2023-09-11,2023-09-12,v16,200,10,True,,,2023-09-12T13:47:33.565Z,True,True,10,True,True,AWS,idx_verified,fold_4
2023-09-12,2023-09-13,v16,200,10,True,,,2023-09-13T12:32:34.360Z,True,True,10,True,True,AWS,idx_verified,fold_4
2023-09-13,2023-09-14,v16,200,10,True,,,2023-09-14T12:51:52.189Z,True,True,10,True,True,AWS,idx_verified,fold_4
2023-09-14,2023-09-15,v16,200,10,True,,,2023-09-15T13:00:40.807Z,True,True,10,True,True,AWS,idx_verified,fold_4
2023-09-15,2023-09-16,v16,200,10,True,,,2023-09-16T12:37:11.402Z,True,True,10,True,True,AWS,idx_verified,fold_4
2023-09-16,2023-09-17,v16,200,10,True,,,2023-09-17T12:41:50.027Z,True,True,10,True,True,AWS,idx_verified,fold_4
2023-09-17,2023-09-18,v16,200,10,True,,,2023-09-18T12:32:39.288Z,True,True,10,True,True,AWS,idx_verified,fold_4
2023-09-18,2023-09-19,v16,200,10,True,,,2023-09-19T12:39:36.645Z,True,True,10,True,True,AWS,idx_verified,fold_4
2023-09-19,2023-09-20,v16,200,10,True,,,2023-09-20T13:13:30.384Z,True,True,10,True,True,AWS,idx_verified,fold_4
2023-09-20,2023-09-21,v16,200,10,True,,,2023-09-21T12:37:03.671Z,True,True,10,True,True,AWS,idx_verified,fold_4
2023-09-21,2023-09-22,v16,200,10,True,,,2023-09-22T12:34:34.750Z,True,True,10,True,True,AWS,idx_verified,fold_4
2023-09-22,2023-09-23,v16,200,10,True,,,2023-09-23T13:04:00.986Z,True,True,10,True,True,AWS,idx_verified,fold_4
2023-09-23,2023-09-24,v16,200,10,True,,,2023-09-24T12:32:30.196Z,True,True,10,True,True,AWS,idx_verified,fold_4
2023-09-24,2023-09-25,v16,200,10,True,,,2023-09-25T12:42:00.826Z,True,True,10,True,True,AWS,idx_verified,fold_4
2023-09-25,2023-09-26,v16,200,10,True,,,2023-09-26T12:42:26.577Z,True,True,10,True,True,AWS,idx_verified,fold_4
2023-09-26,2023-09-27,v16,200,10,True,,,2023-09-27T12:34:05.866Z,True,True,10,True,True,AWS,idx_verified,fold_4
2023-09-27,2023-09-28,v16,200,10,True,,,2023-09-28T12:33:23.571Z,True,True,10,True,True,AWS,idx_verified,fold_4
2023-09-28,2023-09-29,v16,200,10,True,,,2023-09-29T12:47:18.821Z,True,True,10,True,True,AWS,idx_verified,fold_4
2023-09-29,2023-09-30,v16,200,10,True,,,2023-09-30T12:40:56.764Z,True,True,10,True,True,AWS,idx_verified,fold_4
2023-09-30,2023-10-01,v16,200,10,True,,,2023-10-01T13:56:50.534Z,True,True,10,True,True,AWS,idx_verified,fold_4
2023-10-01,2023-10-02,v16,200,10,True,,,2023-10-02T12:38:42.533Z,True,True,10,True,True,AWS,idx_verified,fold_4
2023-10-02,2023-10-03,v16,200,10,True,,,2023-10-03T12:26:31.286Z,True,True,10,True,True,AWS,idx_verified,fold_4
2023-10-03,2023-10-04,v16,200,10,True,,,2023-10-04T13:33:54.315Z,True,True,10,True,True,AWS,idx_verified,fold_4
2023-10-04,2023-10-05,v16,200,10,True,,,2023-10-05T12:54:12.591Z,True,True,10,True,True,AWS,idx_verified,fold_4
2023-10-05,2023-10-06,v16,200,10,True,,,2023-10-06T12:30:34.727Z,True,True,10,True,True,AWS,idx_verified,fold_4
2023-10-06,2023-10-07,v16,200,10,True,,,2023-10-07T12:28:18.928Z,True,True,10,True,True,AWS,idx_verified,fold_4
2023-10-07,2023-10-08,v16,200,10,True,,,2023-10-08T12:39:22.313Z,True,True,10,True,True,AWS,idx_verified,fold_4
2023-10-08,2023-10-09,v16,200,10,True,,,2023-10-09T12:27:25.561Z,True,True,10,True,True,AWS,idx_verified,fold_4
2023-10-09,2023-10-10,v16,200,10,True,,,2023-10-10T12:54:04.369Z,True,True,10,True,True,AWS,idx_verified,fold_4
2023-10-10,2023-10-11,v16,200,10,True,,,2023-10-11T12:27:52.139Z,True,True,10,True,True,AWS,idx_verified,fold_4
2023-10-11,2023-10-12,v16,200,10,True,,,2023-10-12T12:28:03.814Z,True,True,10,True,True,AWS,idx_verified,fold_4
2023-10-12,2023-10-13,v16,200,10,True,,,2023-10-13T12:34:44.502Z,True,True,10,True,True,AWS,idx_verified,fold_4
2023-10-13,2023-10-14,v16,200,10,True,,,2023-10-14T12:30:38.414Z,True,True,10,True,True,AWS,idx_verified,fold_4
2023-10-14,2023-10-15,v16,200,10,True,,,2023-10-15T12:31:25.996Z,True,True,10,True,True,AWS,idx_verified,fold_4
2023-10-15,2023-10-16,v16,200,10,True,,,2023-10-16T12:40:45.498Z,True,True,10,True,True,AWS,idx_verified,fold_4
2023-10-16,2023-10-17,v16,200,10,True,,,2023-10-17T12:26:01.875Z,True,True,10,True,True,AWS,idx_verified,fold_4
2023-10-17,2023-10-18,v16,200,10,True,,,2023-10-18T15:44:04.184Z,True,True,10,True,True,AWS,idx_verified,fold_4
2023-10-18,2023-10-19,v16,200,10,True,,,2023-10-19T13:42:58.225Z,True,True,10,True,True,AWS,idx_verified,fold_4
2023-10-19,2023-10-20,v16,200,10,True,,,2023-10-20T13:36:22.550Z,True,True,10,True,True,AWS,idx_verified,fold_4
2023-10-20,2023-10-21,v16,200,10,True,,,2023-10-21T12:30:32.358Z,True,True,10,True,True,AWS,idx_verified,fold_4
2023-10-21,2023-10-22,v16,200,10,True,,,2023-10-22T12:51:38.065Z,True,True,10,True,True,AWS,idx_verified,fold_4
2023-10-22,2023-10-23,v16,200,10,True,,,2023-10-25T13:37:24.251Z,True,True,10,True,True,AWS,idx_verified,fold_4
2023-10-23,2023-10-24,v16,200,10,True,,,2023-10-25T14:39:28.973Z,True,True,10,True,True,AWS,idx_verified,fold_4
2023-10-24,2023-10-25,v16,200,10,True,,,2023-10-25T15:37:39.656Z,True,True,10,True,True,AWS,idx_verified,fold_4
2023-10-25,2023-10-26,v16,200,10,True,,,2023-10-27T19:38:30.900Z,True,True,10,True,True,AWS,idx_verified,fold_4
2023-10-26,2023-10-27,v16,200,10,True,,,2023-10-27T20:26:59.053Z,True,True,10,True,True,AWS,idx_verified,fold_4
2023-10-27,2023-10-28,v16,200,10,True,,,2023-10-28T12:15:20.913Z,True,True,10,True,True,AWS,idx_verified,fold_4
2023-10-28,2023-10-29,v16,200,10,True,,,2023-10-29T00:18:12.732Z,True,True,10,True,True,AWS,idx_verified,fold_4
2023-10-29,2023-10-30,v16,200,10,True,,,2023-10-30T12:27:25.206Z,True,True,10,True,True,AWS,idx_verified,fold_4
2023-10-30,2023-10-31,v16,200,10,True,,,2023-10-31T12:27:21.842Z,True,True,10,True,True,AWS,idx_verified,fold_4
2023-10-31,2023-11-01,v16,200,10,True,,,2023-11-01T14:46:41.230Z,True,True,10,True,True,AWS,idx_verified,fold_4
2023-11-01,2023-11-02,v16,200,10,True,,,2023-11-02T15:32:52.527Z,True,True,10,True,True,AWS,idx_verified,fold_4
2023-11-02,2023-11-03,v16,200,10,True,,,2023-11-03T12:31:02.232Z,True,True,10,True,True,AWS,idx_verified,fold_4
2023-11-03,2023-11-04,v16,200,10,True,,,2023-11-04T12:24:56.156Z,True,True,10,True,True,AWS,idx_verified,fold_4
2023-11-04,2023-11-05,v16,200,10,True,,,2023-11-05T13:25:34.476Z,True,True,10,True,True,AWS,idx_verified,fold_4
2023-11-05,2023-11-06,v16,200,10,True,,,2023-11-06T14:04:06.492Z,True,True,10,True,True,AWS,idx_verified,fold_4
2023-11-06,2023-11-07,v16,200,10,True,,,2023-11-07T15:02:05.070Z,True,True,10,True,True,AWS,idx_verified,fold_4
2023-11-07,2023-11-08,v16,200,10,True,,,2023-11-08T16:07:25.034Z,True,True,10,True,True,AWS,idx_verified,fold_4
2023-11-08,2023-11-09,v16,200,10,True,,,2023-11-09T15:14:56.999Z,True,True,10,True,True,AWS,idx_verified,fold_4
2023-11-09,2023-11-10,v16,200,10,True,,,2023-11-10T15:40:29.259Z,True,True,10,True,True,AWS,idx_verified,fold_4
2023-11-10,2023-11-11,v16,200,10,True,,,2023-11-11T15:38:34.611Z,True,True,10,True,True,AWS,idx_verified,fold_4
2023-11-11,2023-11-12,v16,200,10,True,,,2023-11-12T15:05:19.480Z,True,True,10,True,True,AWS,idx_verified,fold_4
2023-11-12,2023-11-13,v16,200,10,True,,,2023-11-13T15:38:59.418Z,True,True,10,True,True,AWS,idx_verified,fold_4
2023-11-13,2023-11-14,v16,200,10,True,,,2023-11-14T15:19:44.099Z,True,True,10,True,True,AWS,idx_verified,fold_4
2023-11-14,2023-11-15,v16,200,10,True,,,2023-11-15T15:17:13.371Z,True,True,10,True,True,AWS,idx_verified,fold_4
2023-11-15,2023-11-16,v16,200,10,True,,,2023-11-16T13:40:01.904Z,True,True,10,True,True,AWS,idx_verified,fold_4
2023-11-16,2023-11-17,v16,200,10,True,,,2023-11-17T14:25:58.971Z,True,True,10,True,True,AWS,idx_verified,fold_4
2023-11-17,2023-11-18,v16,200,10,True,,,2023-11-20T13:57:43.380Z,True,True,10,True,True,AWS,idx_verified,fold_4
2023-11-18,2023-11-19,v16,200,10,True,,,2023-11-20T21:23:44.260Z,True,True,10,True,True,AWS,idx_verified,fold_4
2023-11-19,2023-11-20,v16,200,10,True,,,2023-11-21T02:21:16.807Z,True,True,10,True,True,AWS,idx_verified,fold_4
2023-11-20,2023-11-21,v16,200,10,True,,,2023-11-21T06:36:27.760Z,True,True,10,True,True,AWS,idx_verified,fold_4
2023-11-21,2023-11-22,v16,200,10,True,,,2023-11-22T15:18:05.078Z,True,True,10,True,True,AWS,idx_verified,fold_4
2023-11-22,2023-11-23,v16,200,10,True,,,2023-11-23T13:41:02.967Z,True,True,10,True,True,AWS,idx_verified,fold_4
2023-11-23,2023-11-24,v16,200,10,True,,,2023-11-24T14:50:31.148Z,True,True,10,True,True,AWS,idx_verified,fold_4
2023-11-24,2023-11-25,v16,200,10,True,,,2023-11-25T14:52:19.213Z,True,True,10,True,True,AWS,idx_verified,fold_4
2023-11-25,2023-11-26,v16,200,10,True,,,2023-11-26T15:08:47.399Z,True,True,10,True,True,AWS,idx_verified,fold_4
2023-11-26,2023-11-27,v16,200,10,True,,,2023-11-27T15:06:27.316Z,True,True,10,True,True,AWS,idx_verified,fold_4
2023-11-27,2023-11-28,v16,200,10,True,,,2023-11-28T15:15:02.756Z,True,True,10,True,True,AWS,idx_verified,fold_4
2023-11-28,2023-11-29,v16,200,10,True,,,2023-11-29T15:07:24.898Z,True,True,10,True,True,AWS,idx_verified,fold_4
2023-11-29,2023-11-30,v16,200,10,True,,,2023-11-30T14:56:39.090Z,True,True,10,True,True,AWS,idx_verified,fold_4
2023-11-30,2023-12-01,v16,200,10,True,,,2023-12-01T15:20:45.516Z,True,True,10,True,True,AWS,idx_verified,fold_4
2023-12-01,2023-12-02,v16,200,10,True,,,2023-12-02T13:40:18.904Z,True,True,10,True,True,AWS,idx_verified,fold_4
2023-12-02,2023-12-03,v16,200,10,True,,,2023-12-03T15:08:10.532Z,True,True,10,True,True,AWS,idx_verified,fold_4
2023-12-03,2023-12-04,v16,200,10,True,,,2023-12-04T15:25:54.591Z,True,True,10,True,True,AWS,idx_verified,fold_4
2023-12-04,2023-12-05,v16,200,10,True,,,2023-12-05T15:05:32.826Z,True,True,10,True,True,AWS,idx_verified,fold_4
2023-12-05,2023-12-06,v16,200,10,True,,,2023-12-06T15:01:01.290Z,True,True,10,True,True,AWS,idx_verified,fold_4
2023-12-06,2023-12-07,v16,200,10,True,,,2023-12-07T14:58:06.895Z,True,True,10,True,True,AWS,idx_verified,fold_4
2023-12-07,2023-12-08,v16,200,10,True,,,2023-12-08T15:09:09.797Z,True,True,10,True,True,AWS,idx_verified,fold_4
2023-12-08,2023-12-09,v16,200,10,True,,,2023-12-09T14:55:07.691Z,True,True,10,True,True,AWS,idx_verified,fold_4
2023-12-09,2023-12-10,v16,200,10,True,,,2023-12-10T15:09:05.282Z,True,True,10,True,True,AWS,idx_verified,fold_4
2023-12-10,2023-12-11,v16,200,10,True,,,2023-12-11T15:09:54.696Z,True,True,10,True,True,AWS,idx_verified,fold_4
2023-12-11,2023-12-12,v16,200,10,True,,,2023-12-12T14:52:11.458Z,True,True,10,True,True,AWS,idx_verified,fold_4
2023-12-12,2023-12-13,v16,200,10,True,,,2023-12-13T01:15:44.728Z,True,True,10,True,True,AWS,idx_verified,fold_4;fold_5
2023-12-13,2023-12-14,v16,200,10,True,,,2023-12-14T14:55:16.129Z,True,True,10,True,True,AWS,idx_verified,fold_4;fold_5
2023-12-14,2023-12-15,v16,200,10,True,,,2023-12-15T14:36:35.645Z,True,True,10,True,True,AWS,idx_verified,fold_4;fold_5
2023-12-15,2023-12-16,v16,200,10,True,,,2023-12-16T14:26:21.529Z,True,True,10,True,True,AWS,idx_verified,fold_4;fold_5
2023-12-16,2023-12-17,v16,200,10,True,,,2023-12-17T14:13:09.413Z,True,True,10,True,True,AWS,idx_verified,fold_4;fold_5
2023-12-17,2023-12-18,v16,200,10,True,,,2023-12-18T16:10:00.878Z,True,True,10,True,True,AWS,idx_verified,fold_4;fold_5
2023-12-18,2023-12-19,v16,200,10,True,,,2023-12-19T14:45:08.822Z,True,True,10,True,True,AWS,idx_verified,fold_4;fold_5
2023-12-19,2023-12-20,v16,200,10,True,,,2023-12-20T14:33:50.009Z,True,True,10,True,True,AWS,idx_verified,fold_4;fold_5
2023-12-20,2023-12-21,v16,200,10,True,,,2023-12-21T15:54:49.622Z,True,True,10,True,True,AWS,idx_verified,fold_4;fold_5
2023-12-21,2023-12-22,v16,200,10,True,,,2023-12-22T14:56:33.794Z,True,True,10,True,True,AWS,idx_verified,fold_4;fold_5
2023-12-22,2023-12-23,v16,200,10,True,,,2023-12-23T14:26:57.305Z,True,True,10,True,True,AWS,idx_verified,fold_4;fold_5
2023-12-23,2023-12-24,v16,200,10,True,,,2023-12-24T14:35:23.732Z,True,True,10,True,True,AWS,idx_verified,fold_4;fold_5
2023-12-24,2023-12-25,v16,200,10,True,,,2023-12-25T14:36:39.146Z,True,True,10,True,True,AWS,idx_verified,fold_4;fold_5
2023-12-25,2023-12-26,v16,200,10,True,,,2023-12-26T14:39:14.435Z,True,True,10,True,True,AWS,idx_verified,fold_4;fold_5
2023-12-26,2023-12-27,v16,200,10,True,,,2023-12-27T14:47:26.121Z,True,True,10,True,True,AWS,idx_verified,fold_4;fold_5
2023-12-27,2023-12-28,v16,200,10,True,,,2023-12-28T13:33:08.639Z,True,True,10,True,True,AWS,idx_verified,fold_4;fold_5
2023-12-28,2023-12-29,v16,200,10,True,,,2023-12-29T14:30:57.371Z,True,True,10,True,True,AWS,idx_verified,fold_4;fold_5
2023-12-29,2023-12-30,v16,200,10,True,,,2023-12-30T14:08:17.476Z,True,True,10,True,True,AWS,idx_verified,fold_4;fold_5
2023-12-30,2023-12-31,v16,200,10,True,,,2023-12-31T14:29:03.370Z,True,True,10,True,True,AWS,idx_verified,fold_4;fold_5
2023-12-31,2024-01-01,v16,200,10,True,,,2024-01-01T14:09:49.688Z,True,True,10,True,True,AWS,idx_verified,fold_4;fold_5
2024-01-01,2024-01-02,v16,200,10,True,,,2024-01-02T14:26:40.281Z,True,True,10,True,True,AWS,idx_verified,fold_4;fold_5
2024-01-02,2024-01-03,v16,200,10,True,,,2024-01-03T14:44:58.602Z,True,True,10,True,True,AWS,idx_verified,fold_4;fold_5
2024-01-03,2024-01-04,v16,200,10,True,,,2024-01-04T14:38:09.120Z,True,True,10,True,True,AWS,idx_verified,fold_4;fold_5
2024-01-04,2024-01-05,v16,200,10,True,,,2024-01-05T13:28:08.895Z,True,True,10,True,True,AWS,idx_verified,fold_4;fold_5
2024-01-05,2024-01-06,v16,200,10,True,,,2024-01-06T14:09:10.921Z,True,True,10,True,True,AWS,idx_verified,fold_4;fold_5
2024-01-06,2024-01-07,v16,200,10,True,,,2024-01-07T14:05:59.294Z,True,True,10,True,True,AWS,idx_verified,fold_4;fold_5
2024-01-07,2024-01-08,v16,200,10,True,,,2024-01-08T14:51:10.444Z,True,True,10,True,True,AWS,idx_verified,fold_4;fold_5
2024-01-08,2024-01-09,v16,200,10,True,,,2024-01-09T14:20:50.198Z,True,True,10,True,True,AWS,idx_verified,fold_4;fold_5
2024-01-09,2024-01-10,v16,200,10,True,,,2024-01-10T14:56:41.817Z,True,True,10,True,True,AWS,idx_verified,fold_4;fold_5
2024-01-10,2024-01-11,v16,200,10,True,,,2024-01-11T15:02:32.305Z,True,True,10,True,True,AWS,idx_verified,fold_4;fold_5
2024-01-11,2024-01-12,v16,200,10,True,,,2024-01-12T16:41:27.334Z,True,True,10,True,True,AWS,idx_verified,fold_4;fold_5
2024-01-12,2024-01-13,v16,200,10,True,,,2024-01-13T16:25:29.503Z,True,True,10,True,True,AWS,idx_verified,fold_4;fold_5
2024-01-13,2024-01-14,v16,200,10,True,,,2024-01-14T15:28:53.526Z,True,True,10,True,True,AWS,idx_verified,fold_4;fold_5
2024-01-14,2024-01-15,v16,200,10,True,,,2024-01-15T16:33:53.784Z,True,True,10,True,True,AWS,idx_verified,fold_4;fold_5
2024-01-15,2024-01-16,v16,200,10,True,,,2024-01-16T15:03:52.041Z,True,True,10,True,True,AWS,idx_verified,fold_4;fold_5
2024-01-16,2024-01-17,v16,200,10,True,,,2024-01-17T19:50:05.548Z,True,True,10,True,True,AWS,idx_verified,fold_4;fold_5
2024-01-17,2024-01-18,v16,200,10,True,,,2024-01-18T13:45:30.201Z,True,True,10,True,True,AWS,idx_verified,fold_4;fold_5
2024-01-18,2024-01-19,v16,200,10,True,,,2024-01-19T15:00:23.232Z,True,True,10,True,True,AWS,idx_verified,fold_4;fold_5
2024-01-19,2024-01-20,v16,200,10,True,,,2024-01-20T14:31:10.345Z,True,True,10,True,True,AWS,idx_verified,fold_4;fold_5
2024-01-20,2024-01-21,v16,200,10,True,,,2024-01-21T14:28:18.670Z,True,True,10,True,True,AWS,idx_verified,fold_4;fold_5
2024-01-21,2024-01-22,v16,200,10,True,,,2024-01-22T14:56:46.654Z,True,True,10,True,True,AWS,idx_verified,fold_4;fold_5
2024-01-22,2024-01-23,v16,200,10,True,,,2024-01-23T14:03:38.626Z,True,True,10,True,True,AWS,idx_verified,fold_4;fold_5
2024-01-23,2024-01-24,v16,200,10,True,,,2024-01-24T15:06:41.394Z,True,True,10,True,True,AWS,idx_verified,fold_4;fold_5
2024-01-24,2024-01-25,v16,200,10,True,,,2024-01-25T14:41:33.429Z,True,True,10,True,True,AWS,idx_verified,fold_4;fold_5
2024-01-25,2024-01-26,v16,200,10,True,,,2024-01-26T15:36:25.737Z,True,True,10,True,True,AWS,idx_verified,fold_4;fold_5
2024-01-26,2024-01-27,v16,200,10,True,,,2024-01-27T14:51:16.754Z,True,True,10,True,True,AWS,idx_verified,fold_4;fold_5
2024-01-27,2024-01-28,v16,200,10,True,,,2024-01-28T14:33:22.310Z,True,True,10,True,True,AWS,idx_verified,fold_4;fold_5
2024-01-28,2024-01-29,v16,200,10,True,,,2024-01-29T15:15:43.834Z,True,True,10,True,True,AWS,idx_verified,fold_4;fold_5
2024-01-29,2024-01-30,v16,200,10,True,,,2024-01-30T14:24:32.009Z,True,True,10,True,True,AWS,idx_verified,fold_4;fold_5
2024-01-30,2024-01-31,v16,200,10,True,,,2024-01-31T14:41:29.441Z,True,True,10,True,True,AWS,idx_verified,fold_4;fold_5
2024-01-31,2024-02-01,v16,200,10,True,,,2024-02-01T14:47:34.783Z,True,True,10,True,True,AWS,idx_verified,fold_4;fold_5
2024-02-01,2024-02-02,v16,200,10,True,,,2024-02-02T14:31:13.092Z,True,True,10,True,True,AWS,idx_verified,fold_4;fold_5
2024-02-02,2024-02-03,v16,200,10,True,,,2024-02-03T15:18:22.363Z,True,True,10,True,True,AWS,idx_verified,fold_4;fold_5
2024-02-03,2024-02-04,v16,200,10,True,,,2024-02-04T14:20:09.498Z,True,True,10,True,True,AWS,idx_verified,fold_4;fold_5
2024-02-04,2024-02-05,v16,200,10,True,,,2024-02-05T14:54:59.103Z,True,True,10,True,True,AWS,idx_verified,fold_4;fold_5
2024-02-05,2024-02-06,v16,200,10,True,,,2024-02-06T14:32:43.902Z,True,True,10,True,True,AWS,idx_verified,fold_4;fold_5
2024-02-06,2024-02-07,v16,200,10,True,,,2024-02-07T14:43:07.179Z,True,True,10,True,True,AWS,idx_verified,fold_4;fold_5
2024-02-07,2024-02-08,v16,200,10,True,,,2024-02-08T14:57:06.906Z,True,True,10,True,True,AWS,idx_verified,fold_4;fold_5
2024-02-08,2024-02-09,v16,200,10,True,,,2024-02-09T14:25:42.087Z,True,True,10,True,True,AWS,idx_verified,fold_4;fold_5
2024-02-09,2024-02-10,v16,200,10,True,,,2024-02-10T14:13:12.760Z,True,True,10,True,True,AWS,idx_verified,fold_4;fold_5
2024-02-10,2024-02-11,v16,200,10,True,,,2024-02-11T14:33:06.326Z,True,True,10,True,True,AWS,idx_verified,fold_4;fold_5
2024-02-11,2024-02-12,v16,200,10,True,,,2024-02-12T14:22:14.713Z,True,True,10,True,True,AWS,idx_verified,fold_4;fold_5
2024-02-12,2024-02-13,v16,200,10,True,,,2024-02-13T14:39:03.081Z,True,True,10,True,True,AWS,idx_verified,fold_4;fold_5
2024-02-13,2024-02-14,v16,200,10,True,,,2024-02-14T15:14:44.436Z,True,True,10,True,True,AWS,idx_verified,fold_4;fold_5
2024-02-14,2024-02-15,v16,200,10,True,,,2024-02-15T14:47:15.315Z,True,True,10,True,True,AWS,idx_verified,fold_4;fold_5
2024-02-15,2024-02-16,v16,200,10,True,,,2024-02-16T14:41:51.043Z,True,True,10,True,True,AWS,idx_verified,fold_4;fold_5
2024-02-16,2024-02-17,v16,200,10,True,,,2024-02-17T14:15:10.880Z,True,True,10,True,True,AWS,idx_verified,fold_4;fold_5
2024-02-17,2024-02-18,v16,200,10,True,,,2024-02-18T14:38:33.609Z,True,True,10,True,True,AWS,idx_verified,fold_4;fold_5
2024-02-18,2024-02-19,v16,200,10,True,,,2024-02-19T14:41:47.427Z,True,True,10,True,True,AWS,idx_verified,fold_4;fold_5
2024-02-19,2024-02-20,v16,200,10,True,,,2024-02-20T15:14:59.536Z,True,True,10,True,True,AWS,idx_verified,fold_4;fold_5
2024-02-20,2024-02-21,v16,200,10,True,,,2024-02-21T15:27:19.201Z,True,True,10,True,True,AWS,idx_verified,fold_4;fold_5
2024-02-21,2024-02-22,v16,200,10,True,,,2024-02-22T14:13:00.043Z,True,True,10,True,True,AWS,idx_verified,fold_4;fold_5
2024-02-22,2024-02-23,v16,200,10,True,,,2024-02-23T14:58:31.062Z,True,True,10,True,True,AWS,idx_verified,fold_4;fold_5
2024-02-23,2024-02-24,v16,200,10,True,,,2024-02-24T14:54:01.304Z,True,True,10,True,True,AWS,idx_verified,fold_4;fold_5
2024-02-24,2024-02-25,v16,200,10,True,,,2024-02-25T14:52:05.129Z,True,True,10,True,True,AWS,idx_verified,fold_4;fold_5
2024-02-25,2024-02-26,v16,200,10,True,,,2024-02-26T13:39:18.835Z,True,True,10,True,True,AWS,idx_verified,fold_4;fold_5
2024-02-26,2024-02-27,v16,200,10,True,,,2024-02-27T15:59:34.432Z,True,True,10,True,True,AWS,idx_verified,fold_4;fold_5
2024-02-27,2024-02-28,v16,200,10,True,,,2024-02-28T13:51:07.331Z,True,True,10,True,True,AWS,idx_verified,fold_4;fold_5
2024-02-28,2024-02-29,v16,200,10,True,,,2024-02-29T14:53:38.037Z,True,True,10,True,True,AWS,idx_verified,fold_4;fold_5
2024-02-29,2024-03-01,v16,200,10,True,,,2024-03-01T14:13:59.887Z,True,True,10,True,True,AWS,idx_verified,fold_4;fold_5
2024-03-01,2024-03-02,v16,200,10,True,,,2024-03-02T14:30:25.109Z,True,True,10,True,True,AWS,idx_verified,fold_4;fold_5
2024-03-02,2024-03-03,v16,200,10,True,,,2024-03-03T14:18:57.802Z,True,True,10,True,True,AWS,idx_verified,fold_4;fold_5
2024-03-03,2024-03-04,v16,200,10,True,,,2024-03-04T14:47:44.341Z,True,True,10,True,True,AWS,idx_verified,fold_4;fold_5
2024-03-04,2024-03-05,v16,200,10,True,,,2024-03-05T15:08:35.542Z,True,True,10,True,True,AWS,idx_verified,fold_4;fold_5
2024-03-05,2024-03-06,v16,200,10,True,,,2024-03-06T15:23:37.581Z,True,True,10,True,True,AWS,idx_verified,fold_4;fold_5
2024-03-06,2024-03-07,v16,200,10,True,,,2024-03-07T13:39:48.539Z,True,True,10,True,True,AWS,idx_verified,fold_4;fold_5
2024-03-07,2024-03-08,v16,200,10,True,,,2024-03-08T13:25:08.831Z,True,True,10,True,True,AWS,idx_verified,fold_4;fold_5
2024-03-08,2024-03-09,v16,200,10,True,,,2024-03-09T01:21:44.741Z,True,True,10,True,True,AWS,idx_verified,fold_4;fold_5
2024-03-09,2024-03-10,v16,200,10,True,,,2024-03-10T14:17:16.642Z,True,True,10,True,True,AWS,idx_verified,fold_4;fold_5
2024-03-10,2024-03-11,v16,200,10,True,,,2024-03-11T12:31:43.190Z,True,True,10,True,True,AWS,idx_verified,fold_4;fold_5
2024-03-11,2024-03-12,v16,200,10,True,,,2024-03-12T17:40:42.842Z,True,True,10,True,True,AWS,idx_verified,fold_4;fold_5
2024-03-12,2024-03-13,v16,200,10,True,,,2024-03-13T15:49:56.628Z,True,True,10,True,True,AWS,idx_verified,fold_4;fold_5
2024-03-13,2024-03-14,v16,200,10,True,,,2024-03-14T15:13:12.103Z,True,True,10,True,True,AWS,idx_verified,fold_4;fold_5
2024-03-14,2024-03-15,v16,200,10,True,,,2024-03-15T14:58:06.414Z,True,True,10,True,True,AWS,idx_verified,fold_4;fold_5
2024-03-15,2024-03-16,v16,200,10,True,,,2024-03-16T13:08:46.766Z,True,True,10,True,True,AWS,idx_verified,fold_4;fold_5
2024-03-16,2024-03-17,v16,200,10,True,,,2024-03-17T12:54:26.205Z,True,True,10,True,True,AWS,idx_verified,fold_4;fold_5
2024-03-17,2024-03-18,v16,200,10,True,,,2024-03-18T14:26:04.960Z,True,True,10,True,True,AWS,idx_verified,fold_4;fold_5
2024-03-18,2024-03-19,v16,200,10,True,,,2024-03-19T12:44:04.321Z,True,True,10,True,True,AWS,idx_verified,fold_4;fold_5
2024-03-19,2024-03-20,v16,200,10,True,,,2024-03-20T15:53:36.540Z,True,True,10,True,True,AWS,idx_verified,fold_4;fold_5
2024-03-20,2024-03-21,v16,200,10,True,,,2024-03-21T12:44:20.513Z,True,True,10,True,True,AWS,idx_verified,fold_4;fold_5
2024-03-21,2024-03-22,v16,200,10,True,,,2024-03-22T15:40:02.547Z,True,True,10,True,True,AWS,idx_verified,fold_4;fold_5
2024-03-22,2024-03-23,v16,200,10,True,,,2024-03-23T00:45:15.811Z,True,True,10,True,True,AWS,idx_verified,fold_4;fold_5
2024-03-23,2024-03-24,v16,200,10,True,,,2024-03-24T14:15:26.454Z,True,True,10,True,True,AWS,idx_verified,fold_4;fold_5
2024-03-24,2024-03-25,v16,200,10,True,,,2024-03-25T14:51:49.782Z,True,True,10,True,True,AWS,idx_verified,fold_4;fold_5
2024-03-25,2024-03-26,v16,200,10,True,,,2024-03-26T13:18:39.740Z,True,True,10,True,True,AWS,idx_verified,fold_4;fold_5
2024-03-26,2024-03-27,v16,200,10,True,,,2024-03-27T15:36:23.877Z,True,True,10,True,True,AWS,idx_verified,fold_4;fold_5
2024-03-27,2024-03-28,v16,200,10,True,,,2024-03-28T14:47:45.199Z,True,True,10,True,True,AWS,idx_verified,fold_4;fold_5
2024-03-28,2024-03-29,v16,200,10,True,,,2024-03-29T15:46:57.098Z,True,True,10,True,True,AWS,idx_verified,fold_4;fold_5
2024-03-29,2024-03-30,v16,200,10,True,,,2024-03-30T14:28:47.568Z,True,True,10,True,True,AWS,idx_verified,fold_4;fold_5
2024-03-30,2024-03-31,v16,200,10,True,,,2024-03-31T14:20:55.976Z,True,True,10,True,True,AWS,idx_verified,fold_4;fold_5
2024-03-31,2024-04-01,v16,200,10,True,,,2024-04-01T16:52:41.763Z,True,True,10,True,True,AWS,idx_verified,fold_4;fold_5
2024-04-01,2024-04-02,v16,200,10,True,,,2024-04-02T12:44:38.301Z,True,True,10,True,True,AWS,idx_verified,fold_4;fold_5
2024-04-02,2024-04-03,v16,200,10,True,,,2024-04-03T15:03:04.957Z,True,True,10,True,True,AWS,idx_verified,fold_4;fold_5
2024-04-03,2024-04-04,v16,200,10,True,,,2024-04-04T13:54:11.172Z,True,True,10,True,True,AWS,idx_verified,fold_4;fold_5
2024-04-04,2024-04-05,v16,200,10,True,,,2024-04-05T14:47:31.112Z,True,True,10,True,True,AWS,idx_verified,fold_4;fold_5
2024-04-05,2024-04-06,v16,200,10,True,,,2024-04-06T12:38:27.377Z,True,True,10,True,True,AWS,idx_verified,fold_4;fold_5
2024-04-06,2024-04-07,v16,200,10,True,,,2024-04-07T14:55:59.686Z,True,True,10,True,True,AWS,idx_verified,fold_4;fold_5
2024-04-07,2024-04-08,v16,200,10,True,,,2024-04-08T15:44:41.979Z,True,True,10,True,True,AWS,idx_verified,fold_4;fold_5
2024-04-08,2024-04-09,v16,200,10,True,,,2024-04-09T12:40:37.728Z,True,True,10,True,True,AWS,idx_verified,fold_4;fold_5
2024-04-09,2024-04-10,v16,200,10,True,,,2024-04-10T18:44:01.486Z,True,True,10,True,True,AWS,idx_verified,fold_4;fold_5
2024-04-10,2024-04-11,v16,200,10,True,,,2024-04-11T13:46:22.317Z,True,True,10,True,True,AWS,idx_verified,fold_4;fold_5
2024-04-11,2024-04-12,v16,200,10,True,,,2024-04-12T14:36:31.484Z,True,True,10,True,True,AWS,idx_verified,fold_4;fold_5
2024-04-12,2024-04-13,v16,200,10,True,,,2024-04-13T16:27:48.141Z,True,True,10,True,True,AWS,idx_verified,fold_4;fold_5
2024-04-13,2024-04-14,v16,200,10,True,,,2024-04-14T02:10:40.077Z,True,True,10,True,True,AWS,idx_verified,fold_4;fold_5
2024-04-14,2024-04-15,v16,200,10,True,,,2024-04-15T16:49:26.870Z,True,True,10,True,True,AWS,idx_verified,fold_4;fold_5
2024-04-15,2024-04-16,v16,200,10,True,,,2024-04-16T15:53:28.088Z,True,True,10,True,True,AWS,idx_verified,fold_4;fold_5
2024-04-16,2024-04-17,v16,200,10,True,,,2024-04-17T12:53:17.674Z,True,True,10,True,True,AWS,idx_verified,fold_4;fold_5
2024-04-17,2024-04-18,v16,200,10,True,,,2024-04-18T14:00:53.315Z,True,True,10,True,True,AWS,idx_verified,fold_4;fold_5
2024-04-18,2024-04-19,v16,200,10,True,,,2024-04-19T13:42:58.454Z,True,True,10,True,True,AWS,idx_verified,fold_4;fold_5
2024-04-19,2024-04-20,v16,200,10,True,,,2024-04-20T13:33:28.285Z,True,True,10,True,True,AWS,idx_verified,fold_4;fold_5
2024-04-20,2024-04-21,v16,200,10,True,,,2024-04-21T16:28:20.003Z,True,True,10,True,True,AWS,idx_verified,fold_4;fold_5
2024-04-21,2024-04-22,v16,200,10,True,,,2024-04-22T12:56:00.265Z,True,True,10,True,True,AWS,idx_verified,fold_4;fold_5
2024-04-22,2024-04-23,v16,200,10,True,,,2024-04-23T12:48:30.094Z,True,True,10,True,True,AWS,idx_verified,fold_4;fold_5
2024-04-23,2024-04-24,v16,200,10,True,,,2024-04-24T13:32:36.091Z,True,True,10,True,True,AWS,idx_verified,fold_4;fold_5
2024-04-24,2024-04-25,v16,200,10,True,,,2024-04-25T12:54:21.646Z,True,True,10,True,True,AWS,idx_verified,fold_4;fold_5
2024-04-25,2024-04-26,v16,200,10,True,,,2024-04-26T13:36:56.907Z,True,True,10,True,True,AWS,idx_verified,fold_4;fold_5
2024-04-26,2024-04-27,v16,200,10,True,,,2024-04-27T13:22:56.514Z,True,True,10,True,True,AWS,idx_verified,fold_4;fold_5
2024-04-27,2024-04-28,v16,200,10,True,,,2024-04-28T13:48:59.741Z,True,True,10,True,True,AWS,idx_verified,fold_4;fold_5
2024-04-28,2024-04-29,v16,200,10,True,,,2024-04-29T13:57:36.552Z,True,True,10,True,True,AWS,idx_verified,fold_4;fold_5
2024-04-29,2024-04-30,v16,200,10,True,,,2024-04-30T14:22:12.475Z,True,True,10,True,True,AWS,idx_verified,fold_4;fold_5
2024-04-30,2024-05-01,v16,200,10,True,,,2024-05-01T13:45:39.041Z,True,True,10,True,True,AWS,idx_verified,fold_4;fold_5
2024-05-01,2024-05-02,v16,200,10,True,,,2024-05-02T13:42:43.688Z,True,True,10,True,True,AWS,idx_verified,fold_4;fold_5
2024-05-02,2024-05-03,v16,200,10,True,,,2024-05-03T12:46:38.033Z,True,True,10,True,True,AWS,idx_verified,fold_4;fold_5
2024-05-03,2024-05-04,v16,200,10,True,,,2024-05-04T13:49:24.085Z,True,True,10,True,True,AWS,idx_verified,fold_4;fold_5
2024-05-04,2024-05-05,v16,200,10,True,,,2024-05-05T14:54:41.340Z,True,True,10,True,True,AWS,idx_verified,fold_4;fold_5
2024-05-05,2024-05-06,v16,200,10,True,,,2024-05-06T13:50:04.031Z,True,True,10,True,True,AWS,idx_verified,fold_4;fold_5
2024-05-06,2024-05-07,v16,200,10,True,,,2024-05-08T03:22:17.137Z,True,True,10,True,True,AWS,idx_verified,fold_4;fold_5
2024-05-07,2024-05-08,v16,200,10,True,,,2024-05-08T10:32:18.324Z,True,True,10,True,True,AWS,idx_verified,fold_4;fold_5
2024-05-08,2024-05-09,v16,200,10,True,,,2024-05-09T14:16:39.247Z,True,True,10,True,True,AWS,idx_verified,fold_4;fold_5
2024-05-09,2024-05-10,v16,200,10,True,,,2024-05-10T14:15:09.121Z,True,True,10,True,True,AWS,idx_verified,fold_4;fold_5
2024-05-10,2024-05-11,v16,200,10,True,,,2024-05-11T13:50:57.660Z,True,True,10,True,True,AWS,idx_verified,fold_4;fold_5
2024-05-11,2024-05-12,v16,200,10,True,,,2024-05-12T14:35:52.476Z,True,True,10,True,True,AWS,idx_verified,fold_4;fold_5
2024-05-12,2024-05-13,v16,200,10,True,,,2024-05-13T14:33:27.824Z,True,True,10,True,True,AWS,idx_verified,fold_4;fold_5
2024-05-13,2024-05-14,v16,200,10,True,,,2024-05-14T12:43:23.015Z,True,True,10,True,True,AWS,idx_verified,fold_4;fold_5
2024-05-14,2024-05-15,v16,200,10,True,,,2024-05-15T16:09:34.368Z,True,True,10,True,True,AWS,idx_verified,fold_4;fold_5
2024-05-15,2024-05-16,v16,200,10,True,,,2024-05-16T00:41:13.805Z,True,True,10,True,True,AWS,idx_verified,fold_4;fold_5
2024-05-16,2024-05-17,v16,200,10,True,,,2024-05-17T13:48:51.400Z,True,True,10,True,True,AWS,idx_verified,fold_4;fold_5
2024-05-17,2024-05-18,v16,200,10,True,,,2024-05-18T12:35:26.182Z,True,True,10,True,True,AWS,idx_verified,fold_4;fold_5
2024-05-18,2024-05-19,v16,200,10,True,,,2024-05-19T14:09:51.386Z,True,True,10,True,True,AWS,idx_verified,fold_4;fold_5
2024-05-19,2024-05-20,v16,200,10,True,,,2024-05-20T16:14:50.074Z,True,True,10,True,True,AWS,idx_verified,fold_4;fold_5
2024-05-20,2024-05-21,v16,200,10,True,,,2024-05-21T03:58:13.420Z,True,True,10,True,True,AWS,idx_verified,fold_4;fold_5
2024-05-21,2024-05-22,v16,200,10,True,,,2024-05-22T12:54:01.062Z,True,True,10,True,True,AWS,idx_verified,fold_4;fold_5
2024-05-22,2024-05-23,v16,200,10,True,,,2024-05-23T15:35:03.823Z,True,True,10,True,True,AWS,idx_verified,fold_4;fold_5
2024-05-23,2024-05-24,v16,200,10,True,,,2024-05-24T12:37:26.990Z,True,True,10,True,True,AWS,idx_verified,fold_4;fold_5
2024-05-24,2024-05-25,v16,200,10,True,,,2024-05-25T14:43:04.983Z,True,True,10,True,True,AWS,idx_verified,fold_4;fold_5
2024-05-25,2024-05-26,v16,200,10,True,,,2024-05-26T14:15:53.558Z,True,True,10,True,True,AWS,idx_verified,fold_4;fold_5
2024-05-26,2024-05-27,v16,200,10,True,,,2024-05-27T14:34:02.668Z,True,True,10,True,True,AWS,idx_verified,fold_4;fold_5
2024-05-27,2024-05-28,v16,200,10,True,,,2024-05-28T15:08:35.874Z,True,True,10,True,True,AWS,idx_verified,fold_4;fold_5
2024-05-28,2024-05-29,v16,200,10,True,,,2024-05-29T13:15:47.125Z,True,True,10,True,True,AWS,idx_verified,fold_4;fold_5
2024-05-29,2024-05-30,v16,200,10,True,,,2024-05-30T12:40:46.951Z,True,True,10,True,True,AWS,idx_verified,fold_4;fold_5
2024-05-30,2024-05-31,v16,200,10,True,,,2024-05-31T14:57:17.256Z,True,True,10,True,True,AWS,idx_verified,fold_4;fold_5
2024-05-31,2024-06-01,v16,200,10,True,,,2024-06-01T15:01:05.626Z,True,True,10,True,True,AWS,idx_verified,fold_4;fold_5
2024-06-01,2024-06-02,v16,200,10,True,,,2024-06-02T15:05:53.449Z,True,True,10,True,True,AWS,idx_verified,fold_4;fold_5
2024-06-02,2024-06-03,v16,200,10,True,,,2024-06-03T00:32:44.838Z,True,True,10,True,True,AWS,idx_verified,fold_4;fold_5
2024-06-03,2024-06-04,v16,200,10,True,,,2024-06-04T15:37:35.838Z,True,True,10,True,True,AWS,idx_verified,fold_4;fold_5
2024-06-04,2024-06-05,v16,200,10,True,,,2024-06-05T13:12:52.336Z,True,True,10,True,True,AWS,idx_verified,fold_4;fold_5
2024-06-05,2024-06-06,v16,200,10,True,,,2024-06-06T14:40:33.232Z,True,True,10,True,True,AWS,idx_verified,fold_4;fold_5
2024-06-06,2024-06-07,v16,200,10,True,,,2024-06-07T12:36:32.881Z,True,True,10,True,True,AWS,idx_verified,fold_4;fold_5
2024-06-07,2024-06-08,v16,200,10,True,,,2024-06-08T13:45:17.295Z,True,True,10,True,True,AWS,idx_verified,fold_4;fold_5
2024-06-08,2024-06-09,v16,200,10,True,,,2024-06-09T13:33:08.415Z,True,True,10,True,True,AWS,idx_verified,fold_4;fold_5
2024-06-09,2024-06-10,v16,200,10,True,,,2024-06-10T13:43:45.929Z,True,True,10,True,True,AWS,idx_verified,fold_4;fold_5
2024-06-10,2024-06-11,v16,200,10,True,,,2024-06-11T14:41:58.647Z,True,True,10,True,True,AWS,idx_verified,fold_4;fold_5
2024-06-11,2024-06-12,v16,200,10,True,,,2024-06-12T14:09:48.440Z,True,True,10,True,True,AWS,idx_verified,fold_4;fold_5
2024-06-12,2024-06-13,v16,200,10,True,,,2024-06-13T14:31:27.928Z,True,True,10,True,True,AWS,idx_verified,fold_4;fold_5
2024-06-13,2024-06-14,v16,200,10,True,,,2024-06-14T14:52:17.022Z,True,True,10,True,True,AWS,idx_verified,fold_4;fold_5
2024-06-14,2024-06-15,v16,200,10,True,,,2024-06-15T12:38:01.849Z,True,True,10,True,True,AWS,idx_verified,fold_4;fold_5
2024-06-15,2024-06-16,v16,200,10,True,,,2024-06-16T14:37:50.421Z,True,True,10,True,True,AWS,idx_verified,fold_4;fold_5
2024-06-16,2024-06-17,v16,200,10,True,,,2024-06-17T12:37:18.786Z,True,True,10,True,True,AWS,idx_verified,fold_4;fold_5
2024-06-17,2024-06-18,v16,200,10,True,,,2024-06-18T13:46:59.610Z,True,True,10,True,True,AWS,idx_verified,fold_4;fold_5
2024-06-18,2024-06-19,v16,200,10,True,,,2024-06-19T12:31:12.036Z,True,True,10,True,True,AWS,idx_verified,fold_4;fold_5
2024-06-19,2024-06-20,v16,200,10,True,,,2024-06-20T14:38:10.407Z,True,True,10,True,True,AWS,idx_verified,fold_4;fold_5
2024-06-20,2024-06-21,v16,200,10,True,,,2024-06-21T12:55:55.061Z,True,True,10,True,True,AWS,idx_verified,fold_4;fold_5
2024-06-21,2024-06-22,v16,200,10,True,,,2024-06-22T12:53:01.340Z,True,True,10,True,True,AWS,idx_verified,fold_4;fold_5
2024-06-22,2024-06-23,v16,200,10,True,,,2024-06-23T12:36:36.919Z,True,True,10,True,True,AWS,idx_verified,fold_4;fold_5
2024-06-23,2024-06-24,v16,200,10,True,,,2024-06-24T16:17:32.627Z,True,True,10,True,True,AWS,idx_verified,fold_4;fold_5
2024-06-24,2024-06-25,v16,200,10,True,,,2024-06-25T12:54:05.722Z,True,True,10,True,True,AWS,idx_verified,fold_4;fold_5
2024-06-25,2024-06-26,v16,200,10,True,,,2024-06-26T16:11:20.772Z,True,True,10,True,True,AWS,idx_verified,fold_4;fold_5
2024-06-26,2024-06-27,v16,200,10,True,,,2024-06-27T12:46:06.672Z,True,True,10,True,True,AWS,idx_verified,fold_4;fold_5
2024-06-27,2024-06-28,v16,200,10,True,,,2024-06-28T13:59:20.290Z,True,True,10,True,True,AWS,idx_verified,fold_4;fold_5
2024-06-28,2024-06-29,v16,200,10,True,,,2024-06-29T12:45:31.889Z,True,True,10,True,True,AWS,idx_verified,fold_4;fold_5
2024-06-29,2024-06-30,v16,200,10,True,,,2024-06-30T13:57:03.185Z,True,True,10,True,True,AWS,idx_verified,fold_4;fold_5
2024-06-30,2024-07-01,v16,200,10,True,,,2024-07-01T14:38:51.835Z,True,True,10,True,True,AWS,idx_verified,fold_4;fold_5
2024-07-01,2024-07-02,v16,200,10,True,,,2024-07-02T12:52:24.703Z,True,True,10,True,True,AWS,idx_verified,fold_4;fold_5
2024-07-02,2024-07-03,v16,200,10,True,,,2024-07-03T12:14:20.049Z,True,True,10,True,True,AWS,idx_verified,fold_4;fold_5
2024-07-03,2024-07-04,v16,200,10,True,,,2024-07-04T12:48:19.423Z,True,True,10,True,True,AWS,idx_verified,fold_4;fold_5
2024-07-04,2024-07-05,v16,200,10,True,,,2024-07-05T12:54:22.470Z,True,True,10,True,True,AWS,idx_verified,fold_4;fold_5
2024-07-05,2024-07-06,v16,200,10,True,,,2024-07-06T12:47:27.532Z,True,True,10,True,True,AWS,idx_verified,fold_4;fold_5
2024-07-06,2024-07-07,v16,200,10,True,,,2024-07-07T14:22:24.971Z,True,True,10,True,True,AWS,idx_verified,fold_4;fold_5
2024-07-07,2024-07-08,v16,200,10,True,,,2024-07-08T17:29:36.756Z,True,True,10,True,True,AWS,idx_verified,fold_4;fold_5
2024-07-08,2024-07-09,v16,200,10,True,,,2024-07-09T12:42:40.158Z,True,True,10,True,True,AWS,idx_verified,fold_4;fold_5
2024-07-09,2024-07-10,v16,200,10,True,,,2024-07-10T13:44:38.630Z,True,True,10,True,True,AWS,idx_verified,fold_4;fold_5
2024-07-10,2024-07-11,v16,200,10,True,,,2024-07-11T13:55:08.979Z,True,True,10,True,True,AWS,idx_verified,fold_4;fold_5
2024-07-11,2024-07-12,v16,200,10,True,,,2024-07-12T14:21:31.263Z,True,True,10,True,True,AWS,idx_verified,fold_4;fold_5
2024-07-12,2024-07-13,v16,200,10,True,,,2024-07-13T12:34:39.455Z,True,True,10,True,True,AWS,idx_verified,fold_4;fold_5
2024-07-13,2024-07-14,v16,200,10,True,,,2024-07-14T14:25:04.948Z,True,True,10,True,True,AWS,idx_verified,fold_4;fold_5
2024-07-14,2024-07-15,v16,200,10,True,,,2024-07-15T15:58:25.077Z,True,True,10,True,True,AWS,idx_verified,fold_4;fold_5
2024-07-15,2024-07-16,v16,200,10,True,,,2024-07-16T13:00:24.272Z,True,True,10,True,True,AWS,idx_verified,fold_4;fold_5
2024-07-16,2024-07-17,v16,200,10,True,,,2024-07-17T13:13:40.542Z,True,True,10,True,True,AWS,idx_verified,fold_4;fold_5
2024-07-17,2024-07-18,v16,200,10,True,,,2024-07-18T12:35:37.873Z,True,True,10,True,True,AWS,idx_verified,fold_4;fold_5
2024-07-18,2024-07-19,v16,200,10,True,,,2024-07-19T18:23:58.529Z,True,True,10,True,True,AWS,idx_verified,fold_4;fold_5
2024-07-19,2024-07-20,v16,200,10,True,,,2024-07-20T14:16:19.464Z,True,True,10,True,True,AWS,idx_verified,fold_4;fold_5
2024-07-20,2024-07-21,v16,200,10,True,,,2024-07-21T14:37:10.749Z,True,True,10,True,True,AWS,idx_verified,fold_4;fold_5
2024-07-21,2024-07-22,v16,200,10,True,,,2024-07-22T16:14:15.920Z,True,True,10,True,True,AWS,idx_verified,fold_4;fold_5
2024-07-22,2024-07-23,v16,200,10,True,,,2024-07-23T12:53:13.982Z,True,True,10,True,True,AWS,idx_verified,fold_4;fold_5
2024-07-23,2024-07-24,v16,200,10,True,,,2024-07-24T15:07:36.623Z,True,True,10,True,True,AWS,idx_verified,fold_4;fold_5
2024-07-24,2024-07-25,v16,200,10,True,,,2024-07-25T12:42:01.356Z,True,True,10,True,True,AWS,idx_verified,fold_4;fold_5
2024-07-25,2024-07-26,v16,200,10,True,,,2024-07-26T12:42:58.053Z,True,True,10,True,True,AWS,idx_verified,fold_4;fold_5
2024-07-26,2024-07-27,v16,200,10,True,,,2024-07-27T14:50:51.484Z,True,True,10,True,True,AWS,idx_verified,fold_4;fold_5
2024-07-27,2024-07-28,v16,200,10,True,,,2024-07-28T12:45:40.781Z,True,True,10,True,True,AWS,idx_verified,fold_4;fold_5
2024-07-28,2024-07-29,v16,200,10,True,,,2024-07-29T15:12:53.021Z,True,True,10,True,True,AWS,idx_verified,fold_4;fold_5
2024-07-29,2024-07-30,v16,200,10,True,,,2024-07-30T12:47:24.735Z,True,True,10,True,True,AWS,idx_verified,fold_4;fold_5
2024-07-30,2024-07-31,v16,200,10,True,,,2024-07-31T12:40:43.421Z,True,True,10,True,True,AWS,idx_verified,fold_4;fold_5
2024-07-31,2024-08-01,v16,200,10,True,,,2024-08-01T15:24:36.354Z,True,True,10,True,True,AWS,idx_verified,fold_4;fold_5
2024-08-01,2024-08-02,v16,200,10,True,,,2024-08-02T12:48:16.429Z,True,True,10,True,True,AWS,idx_verified,fold_4;fold_5
2024-08-02,2024-08-03,v16,200,10,True,,,2024-08-03T13:50:46.026Z,True,True,10,True,True,AWS,idx_verified,fold_4;fold_5
2024-08-03,2024-08-04,v16,200,10,True,,,2024-08-04T13:47:49.688Z,True,True,10,True,True,AWS,idx_verified,fold_4;fold_5
2024-08-04,2024-08-05,v16,200,10,True,,,2024-08-05T15:09:10.683Z,True,True,10,True,True,AWS,idx_verified,fold_4;fold_5
2024-08-05,2024-08-06,v16,200,10,True,,,2024-08-06T12:44:11.639Z,True,True,10,True,True,AWS,idx_verified,fold_4;fold_5
2024-08-06,2024-08-07,v16,200,10,True,,,2024-08-07T13:50:41.259Z,True,True,10,True,True,AWS,idx_verified,fold_4;fold_5
2024-08-07,2024-08-08,v16,200,10,True,,,2024-08-08T13:33:42.882Z,True,True,10,True,True,AWS,idx_verified,fold_4;fold_5
2024-08-08,2024-08-09,v16,200,10,True,,,2024-08-09T13:43:46.981Z,True,True,10,True,True,AWS,idx_verified,fold_4;fold_5
2024-08-09,2024-08-10,v16,200,10,True,,,2024-08-10T12:33:48.918Z,True,True,10,True,True,AWS,idx_verified,fold_4;fold_5
2024-08-10,2024-08-11,v16,200,10,True,,,2024-08-11T14:03:39.616Z,True,True,10,True,True,AWS,idx_verified,fold_4;fold_5
2024-08-11,2024-08-12,v16,200,10,True,,,2024-08-12T13:31:18.481Z,True,True,10,True,True,AWS,idx_verified,fold_4;fold_5
2024-08-12,2024-08-13,v16,200,10,True,,,2024-08-13T13:41:07.437Z,True,True,10,True,True,AWS,idx_verified,fold_4;fold_5
2024-08-13,2024-08-14,v16,200,10,True,,,2024-08-14T13:28:28.409Z,True,True,10,True,True,AWS,idx_verified,fold_4;fold_5
2024-08-14,2024-08-15,v16,200,10,True,,,2024-08-15T14:04:36.209Z,True,True,10,True,True,AWS,idx_verified,fold_4;fold_5
2024-08-15,2024-08-16,v16,200,10,True,,,2024-08-16T14:37:15.611Z,True,True,10,True,True,AWS,idx_verified,fold_4;fold_5
2024-08-16,2024-08-17,v16,200,10,True,,,2024-08-17T13:25:56.295Z,True,True,10,True,True,AWS,idx_verified,fold_4;fold_5
2024-08-17,2024-08-18,v16,200,10,True,,,2024-08-18T13:57:09.191Z,True,True,10,True,True,AWS,idx_verified,fold_4;fold_5
2024-08-18,2024-08-19,v16,200,10,True,,,2024-08-19T14:44:58.976Z,True,True,10,True,True,AWS,idx_verified,fold_4;fold_5
2024-08-19,2024-08-20,v16,200,10,True,,,2024-08-20T14:00:41.099Z,True,True,10,True,True,AWS,idx_verified,fold_4;fold_5
2024-08-20,2024-08-21,v16,200,10,True,,,2024-08-21T13:45:59.743Z,True,True,10,True,True,AWS,idx_verified,fold_4;fold_5
2024-08-21,2024-08-22,v16,200,10,True,,,2024-08-22T13:28:32.431Z,True,True,10,True,True,AWS,idx_verified,fold_4;fold_5
2024-08-22,2024-08-23,v16,200,10,True,,,2024-08-23T13:44:01.128Z,True,True,10,True,True,AWS,idx_verified,fold_4;fold_5
2024-08-23,2024-08-24,v16,200,10,True,,,2024-08-24T13:37:01.229Z,True,True,10,True,True,AWS,idx_verified,fold_4;fold_5
2024-08-24,2024-08-25,v16,200,10,True,,,2024-08-25T14:01:49.714Z,True,True,10,True,True,AWS,idx_verified,fold_4;fold_5
2024-08-25,2024-08-26,v16,200,10,True,,,2024-08-26T14:11:56.889Z,True,True,10,True,True,AWS,idx_verified,fold_4;fold_5
2024-08-26,2024-08-27,v16,200,10,True,,,2024-08-27T13:46:03.495Z,True,True,10,True,True,AWS,idx_verified,fold_4;fold_5
2024-08-27,2024-08-28,v16,200,10,True,,,2024-08-28T15:11:37.273Z,True,True,10,True,True,AWS,idx_verified,fold_4;fold_5
2024-08-28,2024-08-29,v16,200,10,True,,,2024-08-29T13:44:20.569Z,True,True,10,True,True,AWS,idx_verified,fold_4;fold_5
2024-08-29,2024-08-30,v16,200,10,True,,,2024-08-30T13:24:16.509Z,True,True,10,True,True,AWS,idx_verified,fold_4;fold_5
2024-08-30,2024-08-31,v16,200,10,True,,,2024-08-31T13:20:36.757Z,True,True,10,True,True,AWS,idx_verified,fold_4;fold_5
2024-08-31,2024-09-01,v16,200,10,True,,,2024-09-01T13:35:33.621Z,True,True,10,True,True,AWS,idx_verified,fold_4;fold_5
2024-09-01,2024-09-02,v16,200,10,True,,,2024-09-02T13:30:09.552Z,True,True,10,True,True,AWS,idx_verified,fold_4;fold_5
2024-09-02,2024-09-03,v16,200,10,True,,,2024-09-03T13:12:27.973Z,True,True,10,True,True,AWS,idx_verified,fold_4;fold_5
2024-09-03,2024-09-04,v16,200,10,True,,,2024-09-04T13:54:22.864Z,True,True,10,True,True,AWS,idx_verified,fold_4;fold_5
2024-09-04,2024-09-05,v16,200,10,True,,,2024-09-05T14:41:45.614Z,True,True,10,True,True,AWS,idx_verified,fold_4;fold_5
2024-09-05,2024-09-06,v16,200,10,True,,,2024-09-06T13:08:13.676Z,True,True,10,True,True,AWS,idx_verified,fold_4;fold_5
2024-09-06,2024-09-07,v16,200,10,True,,,2024-09-07T13:17:48.209Z,True,True,10,True,True,AWS,idx_verified,fold_4;fold_5
2024-09-07,2024-09-08,v16,200,10,True,,,2024-09-08T12:56:36.575Z,True,True,10,True,True,AWS,idx_verified,fold_4;fold_5
2024-09-08,2024-09-09,v16,200,10,True,,,2024-09-09T12:58:59.722Z,True,True,10,True,True,AWS,idx_verified,fold_4;fold_5
2024-09-09,2024-09-10,v16,200,10,True,,,2024-09-10T12:57:33.749Z,True,True,10,True,True,AWS,idx_verified,fold_4;fold_5
2024-09-10,2024-09-11,v16,200,10,True,,,2024-09-11T13:05:47.630Z,True,True,10,True,True,AWS,idx_verified,fold_4;fold_5
2024-09-11,2024-09-12,v16,200,10,True,,,2024-09-12T13:09:14.770Z,True,True,10,True,True,AWS,idx_verified,fold_4;fold_5
2024-09-12,2024-09-13,v16,200,10,True,,,2024-09-13T13:16:28.651Z,True,True,10,True,True,AWS,idx_verified,fold_4;fold_5
2024-09-13,2024-09-14,v16,200,10,True,,,2024-09-14T13:11:18.923Z,True,True,10,True,True,AWS,idx_verified,fold_4;fold_5
2024-09-14,2024-09-15,v16,200,10,True,,,2024-09-15T13:08:44.789Z,True,True,10,True,True,AWS,idx_verified,fold_4;fold_5
2024-09-15,2024-09-16,v16,200,10,True,f039,,2024-09-17T22:18:39.324Z,True,True,10,True,False,AWS,idx_verified,fold_4;fold_5
2024-09-16,2024-09-17,v16,200,10,True,,,2024-09-18T01:25:04.748Z,True,True,10,True,True,AWS,idx_verified,fold_4;fold_5
2024-09-17,2024-09-18,v16,200,10,True,,,2024-09-18T12:55:25.584Z,True,True,10,True,True,AWS,idx_verified,fold_4;fold_5
2024-09-18,2024-09-19,v16,200,10,True,,,2024-09-19T14:12:17.914Z,True,True,10,True,True,AWS,idx_verified,fold_4;fold_5
2024-09-19,2024-09-20,v16,200,10,True,,,2024-09-20T12:29:24.369Z,True,True,10,True,True,AWS,idx_verified,fold_4;fold_5
2024-09-20,2024-09-21,v16,200,10,True,,,2024-09-21T13:12:59.783Z,True,True,10,True,True,AWS,idx_verified,fold_4;fold_5
2024-09-21,2024-09-22,v16,200,10,True,,,2024-09-22T13:06:19.314Z,True,True,10,True,True,AWS,idx_verified,fold_4;fold_5
2024-09-22,2024-09-23,v16,200,10,True,,,2024-09-23T13:18:12.650Z,True,True,10,True,True,AWS,idx_verified,fold_4;fold_5
2024-09-23,2024-09-24,v16,200,10,True,,,2024-09-24T13:17:30.237Z,True,True,10,True,True,AWS,idx_verified,fold_4;fold_5
2024-09-24,2024-09-25,v16,200,10,True,,,2024-09-25T14:04:23.281Z,True,True,10,True,True,AWS,idx_verified,fold_4;fold_5
2024-09-25,2024-09-26,v16,200,10,True,,,2024-09-26T13:02:45.844Z,True,True,10,True,True,AWS,idx_verified,fold_4;fold_5
2024-09-26,2024-09-27,v16,200,10,True,,,2024-09-27T13:01:35.912Z,True,True,10,True,True,AWS,idx_verified,fold_4;fold_5
2024-09-27,2024-09-28,v16,200,10,True,,,2024-09-28T13:11:12.842Z,True,True,10,True,True,AWS,idx_verified,fold_4;fold_5
2024-09-28,2024-09-29,v16,200,10,True,,,2024-09-29T13:06:20.345Z,True,True,10,True,True,AWS,idx_verified,fold_4;fold_5
2024-09-29,2024-09-30,v16,200,10,True,,,2024-09-30T13:09:45.865Z,True,True,10,True,True,AWS,idx_verified,fold_4;fold_5
2024-09-30,2024-10-01,v16,200,10,True,,,2024-10-01T14:01:25.345Z,True,True,10,True,True,AWS,idx_verified,fold_4;fold_5
2024-10-01,2024-10-02,v16,200,10,True,,,2024-10-02T13:05:46.709Z,True,True,10,True,True,AWS,idx_verified,fold_4;fold_5
2024-10-02,2024-10-03,v16,200,10,True,,,2024-10-03T13:51:47.122Z,True,True,10,True,True,AWS,idx_verified,fold_4;fold_5
2024-10-03,2024-10-04,v16,200,10,True,,,2024-10-04T13:00:36.012Z,True,True,10,True,True,AWS,idx_verified,fold_4;fold_5
2024-10-04,2024-10-05,v16,200,10,True,,,2024-10-05T13:06:03.279Z,True,True,10,True,True,AWS,idx_verified,fold_4;fold_5
2024-10-05,2024-10-06,v16,200,10,True,,,2024-10-06T13:03:19.383Z,True,True,10,True,True,AWS,idx_verified,fold_4;fold_5
2024-10-06,2024-10-07,v16,200,10,True,,,2024-10-07T13:04:58.544Z,True,True,10,True,True,AWS,idx_verified,fold_4;fold_5
2024-10-07,2024-10-08,v16,200,10,True,,,2024-10-08T13:05:29.608Z,True,True,10,True,True,AWS,idx_verified,fold_4;fold_5
2024-10-08,2024-10-09,v16,200,10,True,,,2024-10-09T13:09:25.070Z,True,True,10,True,True,AWS,idx_verified,fold_4;fold_5
2024-10-09,2024-10-10,v16,200,10,True,,,2024-10-10T13:04:23.851Z,True,True,10,True,True,AWS,idx_verified,fold_4;fold_5
2024-10-10,2024-10-11,v16,200,10,True,,,2024-10-11T12:56:32.874Z,True,True,10,True,True,AWS,idx_verified,fold_4;fold_5
2024-10-11,2024-10-12,v16,200,10,True,,,2024-10-12T13:10:28.719Z,True,True,10,True,True,AWS,idx_verified,fold_4;fold_5
2024-10-12,2024-10-13,v16,200,10,True,,,2024-10-13T12:59:18.416Z,True,True,10,True,True,AWS,idx_verified,fold_4;fold_5
2024-10-13,2024-10-14,v16,200,10,True,,,2024-10-14T13:10:10.452Z,True,True,10,True,True,AWS,idx_verified,fold_4;fold_5
2024-10-14,2024-10-15,v16,200,10,True,,,2024-10-15T12:56:37.474Z,True,True,10,True,True,AWS,idx_verified,fold_4;fold_5
2024-10-15,2024-10-16,v16,200,10,True,,,2024-10-16T13:16:53.234Z,True,True,10,True,True,AWS,idx_verified,fold_4;fold_5
2024-10-16,2024-10-17,v16,200,10,True,,,2024-10-17T15:43:09.148Z,True,True,10,True,True,AWS,idx_verified,fold_4;fold_5
2024-10-17,2024-10-18,v16,200,10,True,,,2024-10-18T13:08:52.748Z,True,True,10,True,True,AWS,idx_verified,fold_4;fold_5
2024-10-18,2024-10-19,v16,200,10,True,,,2024-10-19T13:21:57.026Z,True,True,10,True,True,AWS,idx_verified,fold_4;fold_5
2024-10-19,2024-10-20,v16,200,10,True,,,2024-10-20T13:08:23.485Z,True,True,10,True,True,AWS,idx_verified,fold_4;fold_5
2024-10-20,2024-10-21,v16,200,10,True,,,2024-10-21T13:54:09.702Z,True,True,10,True,True,AWS,idx_verified,fold_4;fold_5
2024-10-21,2024-10-22,v16,200,10,True,,,2024-10-22T14:06:22.841Z,True,True,10,True,True,AWS,idx_verified,fold_4;fold_5
2024-10-22,2024-10-23,v16,200,10,True,,,2024-10-23T13:00:41.032Z,True,True,10,True,True,AWS,idx_verified,fold_4;fold_5
2024-10-23,2024-10-24,v16,200,10,True,,,2024-10-24T13:06:48.924Z,True,True,10,True,True,AWS,idx_verified,fold_4;fold_5
2024-10-24,2024-10-25,v16,200,10,True,,,2024-10-25T13:11:30.626Z,True,True,10,True,True,AWS,idx_verified,fold_4;fold_5
2024-10-25,2024-10-26,v16,200,10,True,,,2024-10-26T12:59:45.401Z,True,True,10,True,True,AWS,idx_verified,fold_4;fold_5
2024-10-26,2024-10-27,v16,200,10,True,,,2024-10-27T12:58:21.905Z,True,True,10,True,True,AWS,idx_verified,fold_4;fold_5
2024-10-27,2024-10-28,v16,200,10,True,,,2024-10-28T13:03:26.396Z,True,True,10,True,True,AWS,idx_verified,fold_4;fold_5
2024-10-28,2024-10-29,v16,200,10,True,,,2024-10-29T13:03:30.299Z,True,True,10,True,True,AWS,idx_verified,fold_4;fold_5
2024-10-29,2024-10-30,v16,200,10,True,,,2024-10-30T13:49:07.480Z,True,True,10,True,True,AWS,idx_verified,fold_4;fold_5
2024-10-30,2024-10-31,v16,200,10,True,,,2024-10-31T13:00:47.851Z,True,True,10,True,True,AWS,idx_verified,fold_4;fold_5
2024-10-31,2024-11-01,v16,200,10,True,,,2024-11-01T13:10:49.628Z,True,True,10,True,True,AWS,idx_verified,fold_4;fold_5
2024-11-01,2024-11-02,v16,200,10,True,,,2024-11-02T12:57:52.447Z,True,True,10,True,True,AWS,idx_verified,fold_4;fold_5
2024-11-02,2024-11-03,v16,200,10,True,,,2024-11-03T14:07:54.894Z,True,True,10,True,True,AWS,idx_verified,fold_4;fold_5
2024-11-03,2024-11-04,v16,200,10,True,,,2024-11-04T14:37:23.401Z,True,True,10,True,True,AWS,idx_verified,fold_4;fold_5
2024-11-04,2024-11-05,v16,200,10,True,,,2024-11-06T05:51:05.772Z,True,True,10,True,True,AWS,idx_verified,fold_4;fold_5
2024-11-05,2024-11-06,v16,200,10,True,,,2024-11-06T10:24:38.754Z,True,True,10,True,True,AWS,idx_verified,fold_4;fold_5
2024-11-06,2024-11-07,v16,200,10,True,,,2024-11-07T15:02:20.929Z,True,True,10,True,True,AWS,idx_verified,fold_4;fold_5
2024-11-07,2024-11-08,v16,200,10,True,,,2024-11-08T14:56:24.093Z,True,True,10,True,True,AWS,idx_verified,fold_4;fold_5
2024-11-08,2024-11-09,v16,200,10,True,,,2024-11-09T13:33:13.028Z,True,True,10,True,True,AWS,idx_verified,fold_4;fold_5
2024-11-09,2024-11-10,v16,200,10,True,,,2024-11-10T14:19:32.492Z,True,True,10,True,True,AWS,idx_verified,fold_4;fold_5
2024-11-10,2024-11-11,v16,200,10,True,,,2024-11-11T14:24:12.816Z,True,True,10,True,True,AWS,idx_verified,fold_4;fold_5
2024-11-11,2024-11-12,v16,200,10,True,,,2024-11-12T14:26:25.307Z,True,True,10,True,True,AWS,idx_verified,fold_4;fold_5
2024-11-12,2024-11-13,v16,200,10,True,,,2024-11-13T14:11:21.709Z,True,True,10,True,True,AWS,idx_verified,fold_4;fold_5
2024-11-13,2024-11-14,v16,200,10,True,,,2024-11-14T13:31:07.212Z,True,True,10,True,True,AWS,idx_verified,fold_4;fold_5
2024-11-14,2024-11-15,v16,200,10,True,,,2024-11-15T14:21:29.186Z,True,True,10,True,True,AWS,idx_verified,fold_4;fold_5
2024-11-15,2024-11-16,v16,200,10,True,,,2024-11-16T14:40:47.065Z,True,True,10,True,True,AWS,idx_verified,fold_4;fold_5
2024-11-16,2024-11-17,v16,200,10,True,,,2024-11-17T14:25:54.908Z,True,True,10,True,True,AWS,idx_verified,fold_4;fold_5
2024-11-17,2024-11-18,v16,200,10,True,,,2024-11-18T14:33:00.280Z,True,True,10,True,True,AWS,idx_verified,fold_4;fold_5
2024-11-18,2024-11-19,v16,200,10,True,,,2024-11-19T14:57:31.944Z,True,True,10,True,True,AWS,idx_verified,fold_4;fold_5
2024-11-19,2024-11-20,v16,200,10,True,,,2024-11-20T14:42:17.604Z,True,True,10,True,True,AWS,idx_verified,fold_4;fold_5
2024-11-20,2024-11-21,v16,200,10,True,,,2024-11-21T14:50:21.722Z,True,True,10,True,True,AWS,idx_verified,fold_4;fold_5
2024-11-21,2024-11-22,v16,200,10,True,,,2024-11-22T14:40:00.729Z,True,True,10,True,True,AWS,idx_verified,fold_4;fold_5
2024-11-22,2024-11-23,v16,200,10,True,,,2024-11-23T14:38:41.132Z,True,True,10,True,True,AWS,idx_verified,fold_4;fold_5
2024-11-23,2024-11-24,v16,200,10,True,,,2024-11-24T14:55:31.553Z,True,True,10,True,True,AWS,idx_verified,fold_4;fold_5
2024-11-24,2024-11-25,v16,200,10,True,,,2024-11-25T15:53:28.744Z,True,True,10,True,True,AWS,idx_verified,fold_4;fold_5
2024-11-25,2024-11-26,v16,200,10,True,,,2024-11-26T16:08:34.685Z,True,True,10,True,True,AWS,idx_verified,fold_4;fold_5
2024-11-26,2024-11-27,v16,200,10,True,,,2024-11-27T13:29:36.469Z,True,True,10,True,True,AWS,idx_verified,fold_4;fold_5
2024-11-27,2024-11-28,v16,200,10,True,,,2024-11-28T17:04:01.059Z,True,True,10,True,True,AWS,idx_verified,fold_4;fold_5
2024-11-28,2024-11-29,v16,200,10,True,,,2024-11-29T15:11:55.644Z,True,True,10,True,True,AWS,idx_verified,fold_4;fold_5
2024-11-29,2024-11-30,v16,200,10,True,,,2024-11-30T14:59:05.294Z,True,True,10,True,True,AWS,idx_verified,fold_4;fold_5
2024-11-30,2024-12-01,v16,200,10,True,,,2024-12-01T14:53:11.185Z,True,True,10,True,True,AWS,idx_verified,fold_4;fold_5
2024-12-01,2024-12-02,v16,200,10,True,,,2024-12-02T14:48:58.993Z,True,True,10,True,True,AWS,idx_verified,fold_4;fold_5
2024-12-02,2024-12-03,v16,200,10,True,,,2024-12-03T13:49:55.513Z,True,True,10,True,True,AWS,idx_verified,fold_4;fold_5
2024-12-03,2024-12-04,v16,200,10,True,,,2024-12-04T17:39:28.743Z,True,True,10,True,True,AWS,idx_verified,fold_4;fold_5
2024-12-04,2024-12-05,v16,200,10,True,,,2024-12-05T13:57:35.789Z,True,True,10,True,True,AWS,idx_verified,fold_4;fold_5
2024-12-05,2024-12-06,v16,200,10,True,,,2024-12-06T15:08:49.750Z,True,True,10,True,True,AWS,idx_verified,fold_4;fold_5
2024-12-06,2024-12-07,v16,200,10,True,,,2024-12-07T15:14:18.419Z,True,True,10,True,True,AWS,idx_verified,fold_4;fold_5
2024-12-07,2024-12-08,v16,200,10,True,,,2024-12-08T16:05:58.770Z,True,True,10,True,True,AWS,idx_verified,fold_4;fold_5
2024-12-08,2024-12-09,v16,200,10,True,,,2024-12-09T15:16:28.022Z,True,True,10,True,True,AWS,idx_verified,fold_4;fold_5
2024-12-09,2024-12-10,v16,200,10,True,,,2024-12-10T14:58:28.231Z,True,True,10,True,True,AWS,idx_verified,fold_4;fold_5
2024-12-10,2024-12-11,v16,200,10,True,,,2024-12-11T14:40:31.210Z,True,True,10,True,True,AWS,idx_verified,fold_4;fold_5
2024-12-11,2024-12-12,v16,200,10,True,,,2024-12-12T15:09:08.054Z,True,True,10,True,True,AWS,idx_verified,fold_4;fold_5
2024-12-12,2024-12-13,v16,200,10,True,,,2024-12-13T13:50:52.032Z,True,True,10,True,True,AWS,idx_verified,fold_4;fold_5
2024-12-13,2024-12-14,v16,200,10,True,,,2024-12-14T14:43:40.662Z,True,True,10,True,True,AWS,idx_verified,fold_4;fold_5
2024-12-14,2024-12-15,v16,200,10,True,,,2024-12-15T15:03:18.817Z,True,True,10,True,True,AWS,idx_verified,fold_4;fold_5
2024-12-15,2024-12-16,v16,200,10,True,,,2024-12-16T14:53:21.989Z,True,True,10,True,True,AWS,idx_verified,fold_4;fold_5
2024-12-16,2024-12-17,v16,200,10,True,,,2024-12-17T13:51:11.825Z,True,True,10,True,True,AWS,idx_verified,fold_4;fold_5
2024-12-17,2024-12-18,v16,200,10,True,,,2024-12-18T14:26:59.035Z,True,True,10,True,True,AWS,idx_verified,fold_4;fold_5
2024-12-18,2024-12-19,v16,200,10,True,,,2024-12-19T14:16:05.245Z,True,True,10,True,True,AWS,idx_verified,fold_4;fold_5
2024-12-19,2024-12-20,v16,200,10,True,,,2024-12-20T14:02:36.070Z,True,True,10,True,True,AWS,idx_verified,fold_4;fold_5
2024-12-20,2024-12-21,v16,200,10,True,,,2024-12-21T14:07:17.659Z,True,True,10,True,True,AWS,idx_verified,fold_4;fold_5
2024-12-21,2024-12-22,v16,200,10,True,,,2024-12-22T14:18:30.185Z,True,True,10,True,True,AWS,idx_verified,fold_4;fold_5
2024-12-22,2024-12-23,v16,200,10,True,,,2024-12-23T14:14:52.383Z,True,True,10,True,True,AWS,idx_verified,fold_4;fold_5
2024-12-23,2024-12-24,v16,200,10,True,,,2024-12-24T14:05:45.864Z,True,True,10,True,True,AWS,idx_verified,fold_4;fold_5
2024-12-24,2024-12-25,v16,200,10,True,,,2024-12-25T14:20:14.498Z,True,True,10,True,True,AWS,idx_verified,fold_4;fold_5
2024-12-25,2024-12-26,v16,200,10,True,,,2024-12-26T14:31:22.434Z,True,True,10,True,True,AWS,idx_verified,fold_4;fold_5
2024-12-26,2024-12-27,v16,200,10,True,,,2024-12-27T13:45:44.611Z,True,True,10,True,True,AWS,idx_verified,fold_4;fold_5
2024-12-27,2024-12-28,v16,200,10,True,,,2024-12-28T13:55:52.363Z,True,True,10,True,True,AWS,idx_verified,fold_4;fold_5
2024-12-28,2024-12-29,v16,200,10,True,,,2024-12-29T14:03:28.984Z,True,True,10,True,True,AWS,idx_verified,fold_4;fold_5
2024-12-29,2024-12-30,v16,200,10,True,,,2024-12-30T14:09:42.320Z,True,True,10,True,True,AWS,idx_verified,fold_4;fold_5
2024-12-30,2024-12-31,v16,200,10,True,,,2024-12-31T14:04:57.518Z,True,True,10,True,True,AWS,idx_verified,fold_4;fold_5
2024-12-31,2025-01-01,v16,200,10,True,,,2025-01-01T14:10:57.698Z,True,True,10,True,True,AWS,idx_verified,fold_4;fold_5
2025-01-01,2025-01-02,v16,200,10,True,,,2025-01-02T19:24:36.860Z,True,True,10,True,True,AWS,idx_verified,fold_4;fold_5
2025-01-02,2025-01-03,v16,200,10,True,,,2025-01-03T13:29:11.808Z,True,True,10,True,True,AWS,idx_verified,fold_4;fold_5
2025-01-03,2025-01-04,v16,200,10,True,,,2025-01-04T14:00:06.955Z,True,True,10,True,True,AWS,idx_verified,fold_4;fold_5
2025-01-04,2025-01-05,v16,200,10,True,,,2025-01-05T14:05:29.063Z,True,True,10,True,True,AWS,idx_verified,fold_4;fold_5
2025-01-05,2025-01-06,v16,200,10,True,,,2025-01-06T14:15:22.530Z,True,True,10,True,True,AWS,idx_verified,fold_4;fold_5
2025-01-06,2025-01-07,v16,200,10,True,,,2025-01-07T14:08:41.573Z,True,True,10,True,True,AWS,idx_verified,fold_4;fold_5
2025-01-07,2025-01-08,v16,200,10,True,,,2025-01-08T14:11:25.405Z,True,True,10,True,True,AWS,idx_verified,fold_4;fold_5
2025-01-08,2025-01-09,v16,200,10,True,,,2025-01-09T15:59:13.749Z,True,True,10,True,True,AWS,idx_verified,fold_4;fold_5
2025-01-09,2025-01-10,v16,200,10,True,,,2025-01-10T13:30:20.109Z,True,True,10,True,True,AWS,idx_verified,fold_4;fold_5
2025-01-10,2025-01-11,v16,200,10,True,,,2025-01-11T14:18:08.345Z,True,True,10,True,True,AWS,idx_verified,fold_4;fold_5
2025-01-11,2025-01-12,v16,200,10,True,,,2025-01-12T14:00:43.692Z,True,True,10,True,True,AWS,idx_verified,fold_4;fold_5
2025-01-12,2025-01-13,v16,200,10,True,,,2025-01-13T14:02:19.202Z,True,True,10,True,True,AWS,idx_verified,fold_4;fold_5
2025-01-13,2025-01-14,v16,200,10,True,,,2025-01-14T14:01:45.552Z,True,True,10,True,True,AWS,idx_verified,fold_4;fold_5
2025-01-14,2025-01-15,v16,200,10,True,,,2025-01-15T14:06:55.216Z,True,True,10,True,True,AWS,idx_verified,fold_4;fold_5
2025-01-15,2025-01-16,v16,200,10,True,,,2025-01-16T14:02:45.179Z,True,True,10,True,True,AWS,idx_verified,fold_4;fold_5
2025-01-16,2025-01-17,v16,200,10,True,,,2025-01-17T14:36:41.088Z,True,True,10,True,True,AWS,idx_verified,fold_4;fold_5
2025-01-17,2025-01-18,v16,200,10,True,,,2025-01-18T14:13:01.279Z,True,True,10,True,True,AWS,idx_verified,fold_4;fold_5
2025-01-18,2025-01-19,v16,200,10,True,,,2025-01-19T13:57:47.186Z,True,True,10,True,True,AWS,idx_verified,fold_4;fold_5
2025-01-19,2025-01-20,v16,200,10,True,,,2025-01-20T14:10:24.517Z,True,True,10,True,True,AWS,idx_verified,fold_4;fold_5
2025-01-20,2025-01-21,v16,200,10,True,,,2025-01-21T13:59:50.977Z,True,True,10,True,True,AWS,idx_verified,fold_4;fold_5
2025-01-21,2025-01-22,v16,200,10,True,,,2025-01-22T14:06:32.281Z,True,True,10,True,True,AWS,idx_verified,fold_4;fold_5
2025-01-22,2025-01-23,v16,200,10,True,,,2025-01-23T13:40:58.759Z,True,True,10,True,True,AWS,idx_verified,fold_4;fold_5
2025-01-23,2025-01-24,v16,200,10,True,,,2025-01-24T13:38:26.518Z,True,True,10,True,True,AWS,idx_verified,fold_4;fold_5
2025-01-24,2025-01-25,v16,200,10,True,,,2025-01-25T13:39:50.208Z,True,True,10,True,True,AWS,idx_verified,fold_4;fold_5
2025-01-25,2025-01-26,v16,200,10,True,,,2025-01-26T13:40:40.482Z,True,True,10,True,True,AWS,idx_verified,fold_4;fold_5
2025-01-26,2025-01-27,v16,200,10,True,,,2025-01-27T13:42:54.665Z,True,True,10,True,True,AWS,idx_verified,fold_4;fold_5
2025-01-27,2025-01-28,v16,200,10,True,,,2025-01-28T13:40:19.323Z,True,True,10,True,True,AWS,idx_verified,fold_4;fold_5
2025-01-28,2025-01-29,v16,200,10,True,,,2025-01-29T13:41:14.077Z,True,True,10,True,True,AWS,idx_verified,fold_4;fold_5
2025-01-29,2025-01-30,v16,200,10,True,,,2025-01-30T13:39:25.976Z,True,True,10,True,True,AWS,idx_verified,fold_4;fold_5
2025-01-30,2025-01-31,v16,200,10,True,,,2025-01-31T13:41:13.450Z,True,True,10,True,True,AWS,idx_verified,fold_4;fold_5
2025-01-31,2025-02-01,v16,200,10,True,,,2025-02-01T13:43:44.337Z,True,True,10,True,True,AWS,idx_verified,fold_4;fold_5
2025-02-01,2025-02-02,v16,200,10,True,,,2025-02-02T13:38:31.563Z,True,True,10,True,True,AWS,idx_verified,fold_4;fold_5
2025-02-02,2025-02-03,v16,200,10,True,,,2025-02-03T13:43:07.737Z,True,True,10,True,True,AWS,idx_verified,fold_4;fold_5
2025-02-03,2025-02-04,v16,200,10,True,,,2025-02-04T13:42:58.206Z,True,True,10,True,True,AWS,idx_verified,fold_4;fold_5
2025-02-04,2025-02-05,v16,200,10,True,,,2025-02-05T13:41:44.110Z,True,True,10,True,True,AWS,idx_verified,fold_4;fold_5
2025-02-05,2025-02-06,v16,200,10,True,,,2025-02-06T13:43:58.131Z,True,True,10,True,True,AWS,idx_verified,fold_4;fold_5
2025-02-06,2025-02-07,v16,200,10,True,,,2025-02-07T13:42:39.060Z,True,True,10,True,True,AWS,idx_verified,fold_4;fold_5
2025-02-07,2025-02-08,v16,200,10,True,,,2025-02-08T13:38:38.246Z,True,True,10,True,True,AWS,idx_verified,fold_4;fold_5
2025-02-08,2025-02-09,v16,200,10,True,,,2025-02-09T13:40:01.333Z,True,True,10,True,True,AWS,idx_verified,fold_4;fold_5
2025-02-09,2025-02-10,v16,200,10,True,,,2025-02-10T13:43:25.754Z,True,True,10,True,True,AWS,idx_verified,fold_4;fold_5
2025-02-10,2025-02-11,v16,200,10,True,,,2025-02-12T23:11:29.366Z,True,True,10,True,True,AWS,idx_verified,fold_4;fold_5
2025-02-11,2025-02-12,v16,200,10,True,,,2025-02-13T00:37:24.685Z,True,True,10,True,True,AWS,idx_verified,fold_4;fold_5
2025-02-12,2025-02-13,v16,200,10,True,,,2025-02-13T13:19:41.850Z,True,True,10,True,True,AWS,idx_verified,fold_4;fold_5
2025-02-13,2025-02-14,v16,200,10,True,,,2025-02-14T13:40:01.078Z,True,True,10,True,True,AWS,idx_verified,fold_4;fold_5
2025-02-14,2025-02-15,v16,200,10,True,,,2025-02-15T13:40:25.087Z,True,True,10,True,True,AWS,idx_verified,fold_4;fold_5
2025-02-15,2025-02-16,v16,200,10,True,,,2025-02-16T13:38:38.409Z,True,True,10,True,True,AWS,idx_verified,fold_4;fold_5
2025-02-16,2025-02-17,v16,200,10,True,,,2025-02-17T13:41:03.568Z,True,True,10,True,True,AWS,idx_verified,fold_4;fold_5
2025-02-17,2025-02-18,v16,200,10,True,,,2025-02-18T13:41:53.767Z,True,True,10,True,True,AWS,idx_verified,fold_4;fold_5
2025-02-18,2025-02-19,v16,200,10,True,,,2025-02-19T13:40:00.920Z,True,True,10,True,True,AWS,idx_verified,fold_4;fold_5
2025-02-19,2025-02-20,v16,200,10,True,,,2025-02-20T13:38:40.093Z,True,True,10,True,True,AWS,idx_verified,fold_4;fold_5
2025-02-20,2025-02-21,v16,200,10,True,,,2025-02-21T13:54:05.722Z,True,True,10,True,True,AWS,idx_verified,fold_4;fold_5
2025-02-21,2025-02-22,v16,200,10,True,,,2025-02-22T13:50:17.304Z,True,True,10,True,True,AWS,idx_verified,fold_4;fold_5
2025-02-22,2025-02-23,v16,200,10,True,,,2025-02-23T13:41:09.538Z,True,True,10,True,True,AWS,idx_verified,fold_4;fold_5
2025-02-23,2025-02-24,v16,200,10,True,,,2025-02-24T13:40:22.788Z,True,True,10,True,True,AWS,idx_verified,fold_4;fold_5
2025-02-24,2025-02-25,v16,200,10,True,,,2025-02-25T13:38:07.480Z,True,True,10,True,True,AWS,idx_verified,fold_4;fold_5
2025-02-25,2025-02-26,v16,200,10,True,,,2025-02-26T13:48:25.369Z,True,True,10,True,True,AWS,idx_verified,fold_4;fold_5
2025-02-26,2025-02-27,v16,200,10,True,,,2025-02-27T13:40:59.302Z,True,True,10,True,True,AWS,idx_verified,fold_4;fold_5
2025-02-27,2025-02-28,v16,200,10,True,,,2025-02-28T13:41:19.335Z,True,True,10,True,True,AWS,idx_verified,fold_4;fold_5
2025-02-28,2025-03-01,v16,200,10,True,,,2025-03-01T13:39:34.590Z,True,True,10,True,True,AWS,idx_verified,fold_4;fold_5
2025-03-01,2025-03-02,v16,200,10,True,,,2025-03-02T13:40:51.672Z,True,True,10,True,True,AWS,idx_verified,fold_4;fold_5
2025-03-02,2025-03-03,v16,200,10,True,,,2025-03-03T13:44:10.288Z,True,True,10,True,True,AWS,idx_verified,fold_4;fold_5
2025-03-03,2025-03-04,v16,200,10,True,,,2025-03-04T13:45:10.771Z,True,True,10,True,True,AWS,idx_verified,fold_4;fold_5
2025-03-04,2025-03-05,v16,200,10,True,,,2025-03-05T13:40:00.227Z,True,True,10,True,True,AWS,idx_verified,fold_4;fold_5
2025-03-05,2025-03-06,v16,200,10,True,,,2025-03-06T13:38:05.571Z,True,True,10,True,True,AWS,idx_verified,fold_4;fold_5
2025-03-06,2025-03-07,v16,200,10,True,,,2025-03-07T13:41:40.804Z,True,True,10,True,True,AWS,idx_verified,fold_4;fold_5
2025-03-07,2025-03-08,v16,200,10,True,,,2025-03-08T13:37:12.938Z,True,True,10,True,True,AWS,idx_verified,fold_4;fold_5
2025-03-08,2025-03-09,v16,200,10,True,,,2025-03-09T12:41:28.986Z,True,True,10,True,True,AWS,idx_verified,fold_4;fold_5
2025-03-09,2025-03-10,v16,200,10,True,,,2025-03-10T12:54:56.857Z,True,True,10,True,True,AWS,idx_verified,fold_4;fold_5
2025-03-10,2025-03-11,v16,200,10,True,,,2025-03-11T12:45:22.173Z,True,True,10,True,True,AWS,idx_verified,fold_4;fold_5
2025-03-11,2025-03-12,v16,200,10,True,,,2025-03-12T12:38:36.365Z,True,True,10,True,True,AWS,idx_verified,fold_4;fold_5
2025-03-12,2025-03-13,v16,200,10,True,,,2025-03-13T12:40:14.614Z,True,True,10,True,True,AWS,idx_verified,fold_4;fold_5
2025-03-13,2025-03-14,v16,200,10,True,,,2025-03-14T12:39:58.090Z,True,True,10,True,True,AWS,idx_verified,fold_4;fold_5
2025-03-14,2025-03-15,v16,200,10,True,,,2025-03-15T12:39:45.585Z,True,True,10,True,True,AWS,idx_verified,fold_4;fold_5
2025-03-15,2025-03-16,v16,200,10,True,,,2025-03-16T12:36:34.643Z,True,True,10,True,True,AWS,idx_verified,fold_4;fold_5
2025-03-16,2025-03-17,v16,200,10,True,,,2025-03-17T12:35:05.444Z,True,True,10,True,True,AWS,idx_verified,fold_4;fold_5
2025-03-17,2025-03-18,v16,200,10,True,,,2025-03-18T12:37:38.605Z,True,True,10,True,True,AWS,idx_verified,fold_4;fold_5
2025-03-18,2025-03-19,v16,200,10,True,,,2025-03-19T12:39:39.424Z,True,True,10,True,True,AWS,idx_verified,fold_4;fold_5
2025-03-19,2025-03-20,v16,200,10,True,,,2025-03-20T12:39:18.830Z,True,True,10,True,True,AWS,idx_verified,fold_4;fold_5
2025-03-20,2025-03-21,v16,200,10,True,,,2025-03-21T12:38:50.088Z,True,True,10,True,True,AWS,idx_verified,fold_4;fold_5
2025-03-21,2025-03-22,v16,200,10,True,,,2025-03-22T12:40:16.384Z,True,True,10,True,True,AWS,idx_verified,fold_4;fold_5
2025-03-22,2025-03-23,v16,200,10,True,,,2025-03-23T12:39:04.085Z,True,True,10,True,True,AWS,idx_verified,fold_4;fold_5
2025-03-23,2025-03-24,v16,200,10,True,,,2025-03-24T12:45:35.267Z,True,True,10,True,True,AWS,idx_verified,fold_4;fold_5
2025-03-24,2025-03-25,v16,200,10,True,,,2025-03-25T12:38:43.014Z,True,True,10,True,True,AWS,idx_verified,fold_4;fold_5
2025-03-25,2025-03-26,v16,200,10,True,,,2025-03-26T12:37:34.332Z,True,True,10,True,True,AWS,idx_verified,fold_4;fold_5
2025-03-26,2025-03-27,v16,200,10,True,,,2025-03-27T12:37:09.814Z,True,True,10,True,True,AWS,idx_verified,fold_4;fold_5
2025-03-27,2025-03-28,v16,200,10,True,,,2025-03-28T12:36:47.420Z,True,True,10,True,True,AWS,idx_verified,fold_4;fold_5
2025-03-28,2025-03-29,v16,200,10,True,,,2025-03-29T12:37:20.972Z,True,True,10,True,True,AWS,idx_verified,fold_4;fold_5
2025-03-29,2025-03-30,v16,200,10,True,,,2025-03-30T12:38:59.408Z,True,True,10,True,True,AWS,idx_verified,fold_4;fold_5
2025-03-30,2025-03-31,v16,200,10,True,,,2025-03-31T12:38:58.723Z,True,True,10,True,True,AWS,idx_verified,fold_4;fold_5
2025-03-31,2025-04-01,v16,200,10,True,,,2025-04-01T12:43:22.637Z,True,True,10,True,True,AWS,idx_verified,fold_4;fold_5
2025-04-01,2025-04-02,v16,200,10,True,,,2025-04-02T12:39:15.131Z,True,True,10,True,True,AWS,idx_verified,fold_4;fold_5
2025-04-02,2025-04-03,v16,200,10,True,,,2025-04-03T13:28:09.478Z,True,True,10,True,True,AWS,idx_verified,fold_4;fold_5
2025-04-03,2025-04-04,v16,200,10,True,,,2025-04-04T12:38:31.077Z,True,True,10,True,True,AWS,idx_verified,fold_4;fold_5
2025-04-04,2025-04-05,v16,200,10,True,,,2025-04-05T12:37:49.046Z,True,True,10,True,True,AWS,idx_verified,fold_4;fold_5
2025-04-05,2025-04-06,v16,200,10,True,,,2025-04-06T12:44:08.359Z,True,True,10,True,True,AWS,idx_verified,fold_4;fold_5
2025-04-06,2025-04-07,v16,200,10,True,,,2025-04-07T12:42:16.025Z,True,True,10,True,True,AWS,idx_verified,fold_4;fold_5
2025-04-07,2025-04-08,v16,200,10,True,,,2025-04-08T12:39:30.327Z,True,True,10,True,True,AWS,idx_verified,fold_4;fold_5
2025-04-08,2025-04-09,v16,200,10,True,,,2025-04-09T12:40:51.328Z,True,True,10,True,True,AWS,idx_verified,fold_4;fold_5
2025-04-09,2025-04-10,v16,200,10,True,,,2025-04-10T12:39:25.226Z,True,True,10,True,True,AWS,idx_verified,fold_4;fold_5
2025-04-10,2025-04-11,v16,200,10,True,,,2025-04-11T12:54:05.884Z,True,True,10,True,True,AWS,idx_verified,fold_4;fold_5
2025-04-11,2025-04-12,v16,200,10,True,,,2025-04-12T16:53:37.275Z,True,True,10,True,True,AWS,idx_verified,fold_4;fold_5
2025-04-12,2025-04-13,v16,200,10,True,,,2025-04-13T00:30:29.683Z,True,True,10,True,True,AWS,idx_verified,fold_4;fold_5
2025-04-13,2025-04-14,v16,200,10,True,,,2025-04-14T12:41:22.736Z,True,True,10,True,True,AWS,idx_verified,fold_4;fold_5
2025-04-14,2025-04-15,v16,200,10,True,,,2025-04-15T12:35:55.723Z,True,True,10,True,True,AWS,idx_verified,fold_4;fold_5
2025-04-15,2025-04-16,v16,200,10,True,,,2025-04-16T12:40:28.262Z,True,True,10,True,True,AWS,idx_verified,fold_4;fold_5
2025-04-16,2025-04-17,v16,200,10,True,,,2025-04-17T12:43:40.558Z,True,True,10,True,True,AWS,idx_verified,fold_4;fold_5
2025-04-17,2025-04-18,v16,200,10,True,,,2025-04-18T12:36:48.806Z,True,True,10,True,True,AWS,idx_verified,fold_4;fold_5
2025-04-18,2025-04-19,v16,200,10,True,,,2025-04-19T12:38:55.641Z,True,True,10,True,True,AWS,idx_verified,fold_4;fold_5
2025-04-19,2025-04-20,v16,200,10,True,,,2025-04-20T12:39:32.299Z,True,True,10,True,True,AWS,idx_verified,fold_4;fold_5
2025-04-20,2025-04-21,v16,200,10,True,,,2025-04-21T12:38:04.528Z,True,True,10,True,True,AWS,idx_verified,fold_4;fold_5
2025-04-21,2025-04-22,v16,200,10,True,,,2025-04-22T12:38:17.600Z,True,True,10,True,True,AWS,idx_verified,fold_4;fold_5
2025-04-22,2025-04-23,v16,200,10,True,,,2025-04-23T12:50:21.800Z,True,True,10,True,True,AWS,idx_verified,fold_4;fold_5
2025-04-23,2025-04-24,v16,200,10,True,,,2025-04-24T12:39:32.894Z,True,True,10,True,True,AWS,idx_verified,fold_4;fold_5
2025-04-24,2025-04-25,v16,200,10,True,,,2025-04-25T12:49:30.152Z,True,True,10,True,True,AWS,idx_verified,fold_4;fold_5
2025-04-25,2025-04-26,v16,200,10,True,,,2025-04-26T12:49:12.574Z,True,True,10,True,True,AWS,idx_verified,fold_4;fold_5
2025-04-26,2025-04-27,v16,200,10,True,,,2025-04-27T12:40:20.482Z,True,True,10,True,True,AWS,idx_verified,fold_4;fold_5
2025-04-27,2025-04-28,v16,200,10,True,,,2025-04-28T12:40:28.967Z,True,True,10,True,True,AWS,idx_verified,fold_4;fold_5
2025-04-28,2025-04-29,v16,200,10,True,,,2025-04-29T12:43:16.386Z,True,True,10,True,True,AWS,idx_verified,fold_4;fold_5
2025-04-29,2025-04-30,v16,200,10,True,,,2025-04-30T12:43:35.046Z,True,True,10,True,True,AWS,idx_verified,fold_4;fold_5
2025-04-30,2025-05-01,v16,200,10,True,,,2025-05-01T12:38:39.699Z,True,True,10,True,True,AWS,idx_verified,fold_4;fold_5
2025-05-01,2025-05-02,v16,200,10,True,,,2025-05-02T12:41:10.465Z,True,True,10,True,True,AWS,idx_verified,fold_4;fold_5
2025-05-02,2025-05-03,v16,200,10,True,,,2025-05-03T12:39:08.787Z,True,True,10,True,True,AWS,idx_verified,fold_4;fold_5
2025-05-03,2025-05-04,v16,200,10,True,,,2025-05-04T12:40:30.307Z,True,True,10,True,True,AWS,idx_verified,fold_4;fold_5
2025-05-04,2025-05-05,v16,200,10,True,,,2025-05-05T12:37:12.372Z,True,True,10,True,True,AWS,idx_verified,fold_4;fold_5
2025-05-05,2025-05-06,v16,200,10,True,,,2025-05-06T12:39:56.661Z,True,True,10,True,True,AWS,idx_verified,fold_4;fold_5
2025-05-06,2025-05-07,v16,200,10,True,,,2025-05-07T12:44:05.461Z,True,True,10,True,True,AWS,idx_verified,fold_4;fold_5
2025-05-07,2025-05-08,v16,200,10,True,,,2025-05-08T13:21:46.506Z,True,True,10,True,True,AWS,idx_verified,fold_4;fold_5
2025-05-08,2025-05-09,v16,200,10,True,,,2025-05-09T12:47:14.596Z,True,True,10,True,True,AWS,idx_verified,fold_4;fold_5
2025-05-09,2025-05-10,v16,200,10,True,,,2025-05-10T12:57:24.187Z,True,True,10,True,True,AWS,idx_verified,fold_4;fold_5
2025-05-10,2025-05-11,v16,200,10,True,,,2025-05-11T13:52:39.264Z,True,True,10,True,True,AWS,idx_verified,fold_4;fold_5
2025-05-11,2025-05-12,v16,200,10,True,,,2025-05-12T15:34:18.164Z,True,True,10,True,True,AWS,idx_verified,fold_4;fold_5
2025-05-12,2025-05-13,v16,200,10,True,,,2025-05-13T12:22:46.267Z,True,True,10,True,True,AWS,idx_verified,fold_4;fold_5
2025-05-13,2025-05-14,v16,200,10,True,,,2025-05-14T12:45:22.979Z,True,True,10,True,True,AWS,idx_verified,fold_4;fold_5
2025-05-14,2025-05-15,v16,200,10,True,,,2025-05-15T12:50:18.762Z,True,True,10,True,True,AWS,idx_verified,fold_4;fold_5
2025-05-15,2025-05-16,v16,200,10,True,,,2025-05-16T12:50:24.976Z,True,True,10,True,True,AWS,idx_verified,fold_4;fold_5
2025-05-16,2025-05-17,v16,200,10,True,,,2025-05-17T12:45:06.610Z,True,True,10,True,True,AWS,idx_verified,fold_4;fold_5
2025-05-17,2025-05-18,v16,200,10,True,,,2025-05-18T12:43:07.717Z,True,True,10,True,True,AWS,idx_verified,fold_4;fold_5
2025-05-18,2025-05-19,v16,200,10,True,,,2025-05-19T12:45:08.234Z,True,True,10,True,True,AWS,idx_verified,fold_4;fold_5
2025-05-19,2025-05-20,v16,200,10,True,,,2025-05-20T12:41:08.345Z,True,True,10,True,True,AWS,idx_verified,fold_4;fold_5
2025-05-20,2025-05-21,v16,200,10,True,,,2025-05-21T12:40:12.337Z,True,True,10,True,True,AWS,idx_verified,fold_4;fold_5
2025-05-21,2025-05-22,v16,200,10,True,,,2025-05-22T12:34:50.963Z,True,True,10,True,True,AWS,idx_verified,fold_4;fold_5
2025-05-22,2025-05-23,v16,200,10,True,,,2025-05-23T12:45:10.949Z,True,True,10,True,True,AWS,idx_verified,fold_4;fold_5
2025-05-23,2025-05-24,v16,200,10,True,,,2025-05-24T12:40:43.691Z,True,True,10,True,True,AWS,idx_verified,fold_4;fold_5
2025-05-24,2025-05-25,v16,200,10,True,,,2025-05-25T12:38:09.018Z,True,True,10,True,True,AWS,idx_verified,fold_4;fold_5
2025-05-25,2025-05-26,v16,200,10,True,,,2025-05-26T12:48:42.900Z,True,True,10,True,True,AWS,idx_verified,fold_4;fold_5
2025-05-26,2025-05-27,v16,200,10,True,,,2025-05-27T12:53:49.084Z,True,True,10,True,True,AWS,idx_verified,fold_4;fold_5
2025-05-27,2025-05-28,v16,200,10,True,,,2025-05-28T13:11:12.737Z,True,True,10,True,True,AWS,idx_verified,fold_4;fold_5
2025-05-28,2025-05-29,v16,200,10,True,,,2025-05-29T12:43:52.510Z,True,True,10,True,True,AWS,idx_verified,fold_4;fold_5
2025-05-29,2025-05-30,v16,200,10,True,,,2025-05-30T12:43:07.599Z,True,True,10,True,True,AWS,idx_verified,fold_4;fold_5
2025-05-30,2025-05-31,v16,200,10,True,,,2025-05-31T12:42:10.334Z,True,True,10,True,True,AWS,idx_verified,fold_4;fold_5
2025-05-31,2025-06-01,v16,200,10,True,,,2025-06-01T12:38:24.217Z,True,True,10,True,True,AWS,idx_verified,fold_4;fold_5
2025-06-01,2025-06-02,v16,200,10,True,,,2025-06-02T12:40:50.418Z,True,True,10,True,True,AWS,idx_verified,fold_4;fold_5
2025-06-02,2025-06-03,v16,200,10,True,,,2025-06-03T12:45:51.372Z,True,True,10,True,True,AWS,idx_verified,fold_4;fold_5
2025-06-03,2025-06-04,v16,200,10,True,,,2025-06-04T12:48:20.101Z,True,True,10,True,True,AWS,idx_verified,fold_4;fold_5
2025-06-04,2025-06-05,v16,200,10,True,,,2025-06-05T21:31:11.902Z,True,True,10,True,True,AWS,idx_verified,fold_4;fold_5
2025-06-05,2025-06-06,v16,200,10,True,,,2025-06-10T02:14:31.138Z,True,True,10,True,True,AWS,idx_verified,fold_4;fold_5
2025-06-06,2025-06-07,v16,200,10,True,,,2025-06-10T04:12:30.354Z,True,True,10,True,True,AWS,idx_verified,fold_4;fold_5
2025-06-07,2025-06-08,v16,200,10,True,,,2025-06-10T07:09:48.577Z,True,True,10,True,True,AWS,idx_verified,fold_4;fold_5
2025-06-08,2025-06-09,v16,200,10,True,,,2025-06-10T08:46:46.791Z,True,True,10,True,True,AWS,idx_verified,fold_4;fold_5
2025-06-09,2025-06-10,v16,200,10,True,,,2025-06-10T09:52:41.491Z,True,True,10,True,True,AWS,idx_verified,fold_4;fold_5
2025-06-10,2025-06-11,v16,200,10,True,,,2025-06-11T12:38:44.491Z,True,True,10,True,True,AWS,idx_verified,fold_4;fold_5
2025-06-11,2025-06-12,v16,200,10,True,,,2025-06-12T12:43:06.597Z,True,True,10,True,True,AWS,idx_verified,fold_4;fold_5
2025-06-12,2025-06-13,v16,200,10,True,,,2025-06-13T12:43:47.948Z,True,True,10,True,True,AWS,idx_verified,fold_4;fold_5
2025-06-13,2025-06-14,v16,200,10,True,,,2025-06-14T12:41:34.693Z,True,True,10,True,True,AWS,idx_verified,fold_4;fold_5
2025-06-14,2025-06-15,v16,200,10,True,,,2025-06-15T12:48:02.082Z,True,True,10,True,True,AWS,idx_verified,fold_4;fold_5
2025-06-15,2025-06-16,v16,200,10,True,,,2025-06-16T12:42:05.017Z,True,True,10,True,True,AWS,idx_verified,fold_4;fold_5
2025-06-16,2025-06-17,v16,200,10,True,,,2025-06-17T12:41:18.934Z,True,True,10,True,True,AWS,idx_verified,fold_4;fold_5
2025-06-17,2025-06-18,v16,200,10,True,,,2025-06-18T13:00:28.348Z,True,True,10,True,True,AWS,idx_verified,fold_4;fold_5
2025-06-18,2025-06-19,v16,200,10,True,,,2025-06-19T12:20:54.709Z,True,True,10,True,True,AWS,idx_verified,fold_4;fold_5
2025-06-19,2025-06-20,v16,200,10,True,,,2025-06-20T14:12:49.691Z,True,True,10,True,True,AWS,idx_verified,fold_4;fold_5
2025-06-20,2025-06-21,v16,200,10,True,,,2025-06-21T14:08:27.485Z,True,True,10,True,True,AWS,idx_verified,fold_4;fold_5
2025-06-21,2025-06-22,v16,200,10,True,,,2025-06-22T12:45:00.854Z,True,True,10,True,True,AWS,idx_verified,fold_4;fold_5
2025-06-22,2025-06-23,v16,200,10,True,,,2025-06-23T12:43:12.915Z,True,True,10,True,True,AWS,idx_verified,fold_4;fold_5
2025-06-23,2025-06-24,v16,200,10,True,,,2025-06-24T12:43:58.864Z,True,True,10,True,True,AWS,idx_verified,fold_4;fold_5
2025-06-24,2025-06-25,v16,200,10,True,,,2025-06-25T12:42:38.094Z,True,True,10,True,True,AWS,idx_verified,fold_4;fold_5
2025-06-25,2025-06-26,v16,200,10,True,,,2025-06-26T12:41:42.442Z,True,True,10,True,True,AWS,idx_verified,fold_4;fold_5
2025-06-26,2025-06-27,v16,200,10,True,,,2025-06-27T12:45:02.897Z,True,True,10,True,True,AWS,idx_verified,fold_4;fold_5
2025-06-27,2025-06-28,v16,200,10,True,,,2025-06-28T12:42:57.974Z,True,True,10,True,True,AWS,idx_verified,fold_4;fold_5
2025-06-28,2025-06-29,v16,200,10,True,,,2025-06-29T12:40:16.226Z,True,True,10,True,True,AWS,idx_verified,fold_4;fold_5
2025-06-29,2025-06-30,v16,200,10,True,,,2025-06-30T12:40:19.766Z,True,True,10,True,True,AWS,idx_verified,fold_4;fold_5
2025-06-30,2025-07-01,v16,200,10,True,,,2025-07-01T12:44:44.666Z,True,True,10,True,True,AWS,idx_verified,fold_4;fold_5
2025-07-01,2025-07-02,v16,200,10,True,,,2025-07-02T12:45:54.573Z,True,True,10,True,True,AWS,idx_verified,fold_4;fold_5
2025-07-02,2025-07-03,v16,200,10,True,,,2025-07-03T12:54:00.041Z,True,True,10,True,True,AWS,idx_verified,fold_4;fold_5
2025-07-03,2025-07-04,v16,200,10,True,,,2025-07-04T12:49:58.070Z,True,True,10,True,True,AWS,idx_verified,fold_4;fold_5
2025-07-04,2025-07-05,v16,200,10,True,,,2025-07-05T12:39:29.328Z,True,True,10,True,True,AWS,idx_verified,fold_4;fold_5
2025-07-05,2025-07-06,v16,200,10,True,,,2025-07-06T12:42:08.199Z,True,True,10,True,True,AWS,idx_verified,fold_4;fold_5
2025-07-06,2025-07-07,v16,200,10,True,,,2025-07-07T12:41:26.583Z,True,True,10,True,True,AWS,idx_verified,fold_4;fold_5
2025-07-07,2025-07-08,v16,200,10,True,,,2025-07-08T12:40:36.230Z,True,True,10,True,True,AWS,idx_verified,fold_4;fold_5
2025-07-08,2025-07-09,v16,200,10,True,,,2025-07-09T12:43:12.337Z,True,True,10,True,True,AWS,idx_verified,fold_4;fold_5
2025-07-09,2025-07-10,v16,200,10,True,,,2025-07-10T12:47:12.850Z,True,True,10,True,True,AWS,idx_verified,fold_4;fold_5
2025-07-10,2025-07-11,v16,200,10,True,,,2025-07-11T12:46:06.882Z,True,True,10,True,True,AWS,idx_verified,fold_4;fold_5
2025-07-11,2025-07-12,v16,200,10,True,,,2025-07-12T12:42:32.265Z,True,True,10,True,True,AWS,idx_verified,fold_4;fold_5
2025-07-12,2025-07-13,v16,200,10,True,,,2025-07-13T12:47:54.423Z,True,True,10,True,True,AWS,idx_verified,fold_4;fold_5
2025-07-13,2025-07-14,v16,200,10,True,,,2025-07-14T12:47:52.742Z,True,True,10,True,True,AWS,idx_verified,fold_4;fold_5
2025-07-14,2025-07-15,v16,200,10,True,,,2025-07-15T12:19:52.801Z,True,True,10,True,True,AWS,idx_verified,fold_4;fold_5
2025-07-15,2025-07-16,v16,200,10,True,,,2025-07-16T12:39:28.946Z,True,True,10,True,True,AWS,idx_verified,fold_4;fold_5
2025-07-16,2025-07-17,v16,200,10,True,,,2025-07-17T12:41:02.387Z,True,True,10,True,True,AWS,idx_verified,fold_4;fold_5
2025-07-17,2025-07-18,v16,200,10,True,,,2025-07-18T12:42:59.633Z,True,True,10,True,True,AWS,idx_verified,fold_4;fold_5
2025-07-18,2025-07-19,v16,200,10,True,,,2025-07-19T12:40:18.662Z,True,True,10,True,True,AWS,idx_verified,fold_4;fold_5
2025-07-19,2025-07-20,v16,200,10,True,,,2025-07-20T12:36:50.865Z,True,True,10,True,True,AWS,idx_verified,fold_4;fold_5
2025-07-20,2025-07-21,v16,200,10,True,,,2025-07-21T12:45:15.377Z,True,True,10,True,True,AWS,idx_verified,fold_4;fold_5
2025-07-21,2025-07-22,v16,200,10,True,,,2025-07-22T14:08:52.971Z,True,True,10,True,True,AWS,idx_verified,fold_4;fold_5
2025-07-22,2025-07-23,v16,200,10,True,,,2025-07-23T12:31:28.309Z,True,True,10,True,True,AWS,idx_verified,fold_4;fold_5
2025-07-23,2025-07-24,v16,200,10,True,,,2025-07-24T12:57:02.860Z,True,True,10,True,True,AWS,idx_verified,fold_4;fold_5
2025-07-24,2025-07-25,v16,200,10,True,,,2025-07-25T12:41:29.555Z,True,True,10,True,True,AWS,idx_verified,fold_4;fold_5
2025-07-25,2025-07-26,v16,200,10,True,,,2025-07-26T12:39:58.182Z,True,True,10,True,True,AWS,idx_verified,fold_4;fold_5
2025-07-26,2025-07-27,v16,200,10,True,,,2025-07-27T12:41:35.950Z,True,True,10,True,True,AWS,idx_verified,fold_4;fold_5
2025-07-27,2025-07-28,v16,200,10,True,,,2025-07-28T12:36:04.240Z,True,True,10,True,True,AWS,idx_verified,fold_4;fold_5
2025-07-28,2025-07-29,v16,200,10,True,,,2025-07-29T12:39:39.223Z,True,True,10,True,True,AWS,idx_verified,fold_4;fold_5
2025-07-29,2025-07-30,v16,200,10,True,,,2025-07-30T12:38:35.600Z,True,True,10,True,True,AWS,idx_verified,fold_5
2025-07-30,2025-07-31,v16,200,10,True,,,2025-07-31T12:42:47.004Z,True,True,10,True,True,AWS,idx_verified,fold_5
2025-07-31,2025-08-01,v16,200,10,True,,,2025-08-01T12:41:38.889Z,True,True,10,True,True,AWS,idx_verified,fold_5
2025-08-01,2025-08-02,v16,200,10,True,,,2025-08-02T12:45:33.012Z,True,True,10,True,True,AWS,idx_verified,fold_5
2025-08-02,2025-08-03,v16,200,10,True,,,2025-08-03T12:43:39.368Z,True,True,10,True,True,AWS,idx_verified,fold_5
2025-08-03,2025-08-04,v16,200,10,True,,,2025-08-04T12:42:57.618Z,True,True,10,True,True,AWS,idx_verified,fold_5
2025-08-04,2025-08-05,v16,200,10,True,,,2025-08-05T12:59:44.923Z,True,True,10,True,True,AWS,idx_verified,fold_5
2025-08-05,2025-08-06,v16,200,10,True,,,2025-08-06T12:58:21.571Z,True,True,10,True,True,AWS,idx_verified,fold_5
2025-08-06,2025-08-07,v16,200,10,True,,,2025-08-07T12:59:25.995Z,True,True,10,True,True,AWS,idx_verified,fold_5
2025-08-07,2025-08-08,v16,200,10,True,,,2025-08-08T12:40:31.608Z,True,True,10,True,True,AWS,idx_verified,fold_5
2025-08-08,2025-08-09,v16,200,10,True,,,2025-08-09T13:50:50.434Z,True,True,10,True,True,AWS,idx_verified,fold_5
2025-08-09,2025-08-10,v16,200,10,True,,,2025-08-10T13:46:58.855Z,True,True,10,True,True,AWS,idx_verified,fold_5
2025-08-10,2025-08-11,v16,200,10,True,,,2025-08-11T14:07:23.823Z,True,True,10,True,True,AWS,idx_verified,fold_5
2025-08-11,2025-08-12,v16,200,10,True,,,2025-08-12T13:27:06.279Z,True,True,10,True,True,AWS,idx_verified,fold_5
2025-08-12,2025-08-13,v16,200,10,True,,,2025-08-13T13:06:58.079Z,True,True,10,True,True,AWS,idx_verified,fold_5
2025-08-13,2025-08-14,v16,200,10,True,,,2025-08-14T13:16:31.802Z,True,True,10,True,True,AWS,idx_verified,fold_5
2025-08-14,2025-08-15,v16,200,10,True,,,2025-08-15T12:46:26.831Z,True,True,10,True,True,AWS,idx_verified,fold_5
2025-08-15,2025-08-16,v16,200,10,True,,,2025-08-16T13:40:46.010Z,True,True,10,True,True,AWS,idx_verified,fold_5
2025-08-16,2025-08-17,v16,200,10,True,,,2025-08-17T12:51:36.131Z,True,True,10,True,True,AWS,idx_verified,fold_5
2025-08-17,2025-08-18,v16,200,10,True,,,2025-08-18T12:45:49.874Z,True,True,10,True,True,AWS,idx_verified,fold_5
2025-08-18,2025-08-19,v16,200,10,True,,,2025-08-19T12:40:26.193Z,True,True,10,True,True,AWS,idx_verified,fold_5
2025-08-19,2025-08-20,v16,200,10,True,,,2025-08-20T12:43:28.303Z,True,True,10,True,True,AWS,idx_verified,fold_5
2025-08-20,2025-08-21,v16,200,10,True,,,2025-08-21T12:41:18.755Z,True,True,10,True,True,AWS,idx_verified,fold_5
2025-08-21,2025-08-22,v16,200,10,True,,,2025-08-22T12:48:12.494Z,True,True,10,True,True,AWS,idx_verified,fold_5
2025-08-22,2025-08-23,v16,200,10,True,,,2025-08-23T12:40:58.988Z,True,True,10,True,True,AWS,idx_verified,fold_5
2025-08-23,2025-08-24,v16,200,10,True,,,2025-08-24T12:46:26.026Z,True,True,10,True,True,AWS,idx_verified,fold_5
2025-08-24,2025-08-25,v16,200,10,True,,,2025-08-25T12:41:27.292Z,True,True,10,True,True,AWS,idx_verified,fold_5
2025-08-25,2025-08-26,v16,200,10,True,,,2025-08-26T12:45:50.060Z,True,True,10,True,True,AWS,idx_verified,fold_5
2025-08-26,2025-08-27,v16,200,10,True,,,2025-08-27T13:02:46.028Z,True,True,10,True,True,AWS,idx_verified,fold_5
2025-08-27,2025-08-28,v16,200,10,True,,,2025-08-29T21:44:02.611Z,True,True,10,True,True,AWS,idx_verified,fold_5
2025-08-28,2025-08-29,v16,200,10,True,,,2025-08-29T22:45:19.187Z,True,True,10,True,True,AWS,idx_verified,fold_5
2025-08-29,2025-08-30,v16,200,10,True,,,2025-08-30T12:16:23.409Z,True,True,10,True,True,AWS,idx_verified,fold_5
2025-08-30,2025-08-31,v16,200,10,True,,,2025-08-31T12:27:45.905Z,True,True,10,True,True,AWS,idx_verified,fold_5
2025-08-31,2025-09-01,v16,200,10,True,,,2025-09-01T12:31:08.211Z,True,True,10,True,True,AWS,idx_verified,fold_5
2025-09-01,2025-09-02,v16,200,10,True,,,2025-09-02T12:30:28.306Z,True,True,10,True,True,AWS,idx_verified,fold_5
2025-09-02,2025-09-03,v16,200,10,True,,,2025-09-03T12:29:37.349Z,True,True,10,True,True,AWS,idx_verified,fold_5
2025-09-03,2025-09-04,v16,200,10,True,,,2025-09-04T12:29:33.145Z,True,True,10,True,True,AWS,idx_verified,fold_5
2025-09-04,2025-09-05,v16,200,10,True,,,2025-09-05T12:29:30.965Z,True,True,10,True,True,AWS,idx_verified,fold_5
2025-09-05,2025-09-06,v16,200,10,True,,,2025-09-06T12:28:55.290Z,True,True,10,True,True,AWS,idx_verified,fold_5
2025-09-06,2025-09-07,v16,200,10,True,,,2025-09-07T12:29:07.565Z,True,True,10,True,True,AWS,idx_verified,fold_5
2025-09-07,2025-09-08,v16,200,10,True,,,2025-09-08T12:31:52.884Z,True,True,10,True,True,AWS,idx_verified,fold_5
2025-09-08,2025-09-09,v16,200,10,True,,,2025-09-09T12:30:52.147Z,True,True,10,True,True,AWS,idx_verified,fold_5
2025-09-09,2025-09-10,v16,200,10,True,,,2025-09-10T12:29:30.976Z,True,True,10,True,True,AWS,idx_verified,fold_5
2025-09-10,2025-09-11,v16,200,10,True,,,2025-09-11T12:28:44.163Z,True,True,10,True,True,AWS,idx_verified,fold_5
2025-09-11,2025-09-12,v16,200,10,True,,,2025-09-12T12:29:00.624Z,True,True,10,True,True,AWS,idx_verified,fold_5
2025-09-12,2025-09-13,v16,200,10,True,,,2025-09-13T12:28:57.320Z,True,True,10,True,True,AWS,idx_verified,fold_5
2025-09-13,2025-09-14,v16,200,10,True,,,2025-09-14T12:28:50.025Z,True,True,10,True,True,AWS,idx_verified,fold_5
2025-09-14,2025-09-15,v16,200,10,True,,,2025-09-15T12:32:12.509Z,True,True,10,True,True,AWS,idx_verified,fold_5
2025-09-15,2025-09-16,v16,200,10,True,,,2025-09-16T12:30:25.051Z,True,True,10,True,True,AWS,idx_verified,fold_5
2025-09-16,2025-09-17,v16,200,10,True,,,2025-09-17T17:16:21.491Z,True,True,10,True,True,AWS,idx_verified,fold_5
2025-09-17,2025-09-18,v16,200,10,True,,,2025-09-18T12:29:27.943Z,True,True,10,True,True,AWS,idx_verified,fold_5
2025-09-18,2025-09-19,v16,200,10,True,,,2025-09-19T12:28:53.529Z,True,True,10,True,True,AWS,idx_verified,fold_5
2025-09-19,2025-09-20,v16,200,10,True,,,2025-09-20T12:28:17.020Z,True,True,10,True,True,AWS,idx_verified,fold_5
2025-09-20,2025-09-21,v16,200,10,True,,,2025-09-21T12:29:08.829Z,True,True,10,True,True,AWS,idx_verified,fold_5
2025-09-21,2025-09-22,v16,200,10,True,,,2025-09-22T12:28:57.587Z,True,True,10,True,True,AWS,idx_verified,fold_5
2025-09-22,2025-09-23,v16,200,10,True,,,2025-09-23T12:29:59.732Z,True,True,10,True,True,AWS,idx_verified,fold_5
2025-09-23,2025-09-24,v16,200,10,True,,,2025-09-24T12:29:36.641Z,True,True,10,True,True,AWS,idx_verified,fold_5
2025-09-24,2025-09-25,v16,200,10,True,,,2025-09-25T12:30:50.408Z,True,True,10,True,True,AWS,idx_verified,fold_5
2025-09-25,2025-09-26,v16,200,10,True,,,2025-09-26T12:29:15.057Z,True,True,10,True,True,AWS,idx_verified,fold_5
2025-09-26,2025-09-27,v16,200,10,True,,,2025-09-27T12:28:33.971Z,True,True,10,True,True,AWS,idx_verified,fold_5
2025-09-27,2025-09-28,v16,200,10,True,,,2025-09-28T12:28:37.659Z,True,True,10,True,True,AWS,idx_verified,fold_5
2025-09-28,2025-09-29,v16,200,10,True,,,2025-09-29T12:30:03.264Z,True,True,10,True,True,AWS,idx_verified,fold_5
2025-09-29,2025-09-30,v16,200,10,True,,,2025-09-30T12:31:02.417Z,True,True,10,True,True,AWS,idx_verified,fold_5
2025-09-30,2025-10-01,v16,200,10,True,,,2025-10-01T12:29:55.913Z,True,True,10,True,True,AWS,idx_verified,fold_5
2025-10-01,2025-10-02,v16,200,10,True,,,2025-10-02T12:30:14.792Z,True,True,10,True,True,AWS,idx_verified,fold_5
2025-10-02,2025-10-03,v16,200,10,True,,,2025-10-03T12:29:48.100Z,True,True,10,True,True,AWS,idx_verified,fold_5
2025-10-03,2025-10-04,v16,200,10,True,,,2025-10-04T12:30:24.260Z,True,True,10,True,True,AWS,idx_verified,fold_5
2025-10-04,2025-10-05,v16,200,10,True,,,2025-10-05T12:29:15.275Z,True,True,10,True,True,AWS,idx_verified,fold_5
2025-10-05,2025-10-06,v16,200,10,True,,,2025-10-06T12:28:33.745Z,True,True,10,True,True,AWS,idx_verified,fold_5
2025-10-06,2025-10-07,v16,200,10,True,,,2025-10-07T12:29:22.156Z,True,True,10,True,True,AWS,idx_verified,fold_5
2025-10-07,2025-10-08,v16,200,10,True,,,2025-10-08T12:28:42.832Z,True,True,10,True,True,AWS,idx_verified,fold_5
2025-10-08,2025-10-09,v16,200,10,True,,,2025-10-09T12:30:44.587Z,True,True,10,True,True,AWS,idx_verified,fold_5
2025-10-09,2025-10-10,v16,200,10,True,,,2025-10-10T12:30:32.596Z,True,True,10,True,True,AWS,idx_verified,fold_5
2025-10-10,2025-10-11,v16,200,10,True,,,2025-10-11T12:29:03.383Z,True,True,10,True,True,AWS,idx_verified,fold_5
2025-10-11,2025-10-12,v16,200,10,True,,,2025-10-12T12:29:17.175Z,True,True,10,True,True,AWS,idx_verified,fold_5
2025-10-12,2025-10-13,v16,200,10,True,,,2025-10-13T12:29:11.382Z,True,True,10,True,True,AWS,idx_verified,fold_5
2025-10-13,2025-10-14,v16,200,10,True,,,2025-10-14T12:30:48.348Z,True,True,10,True,True,AWS,idx_verified,fold_5
2025-10-14,2025-10-15,v16,200,10,True,,,2025-10-15T12:29:25.463Z,True,True,10,True,True,AWS,idx_verified,fold_5
2025-10-15,2025-10-16,v16,200,10,True,,,2025-10-16T12:32:31.613Z,True,True,10,True,True,AWS,idx_verified,fold_5
2025-10-16,2025-10-17,v16,200,10,True,,,2025-10-17T12:30:24.677Z,True,True,10,True,True,AWS,idx_verified,fold_5
2025-10-17,2025-10-18,v16,200,10,True,,,2025-10-18T12:31:02.820Z,True,True,10,True,True,AWS,idx_verified,fold_5
2025-10-18,2025-10-19,v16,200,10,True,,,2025-10-19T12:30:14.871Z,True,True,10,True,True,AWS,idx_verified,fold_5
2025-10-19,2025-10-20,v16,200,10,True,,,2025-10-20T12:30:24.922Z,True,True,10,True,True,AWS,idx_verified,fold_5
2025-10-20,2025-10-21,v16,200,10,True,,,2025-10-21T12:32:36.579Z,True,True,10,True,True,AWS,idx_verified,fold_5
2025-10-21,2025-10-22,v16,200,10,True,,,2025-10-22T12:30:42.818Z,True,True,10,True,True,AWS,idx_verified,fold_5
2025-10-22,2025-10-23,v16,200,10,True,,,2025-10-23T12:29:55.565Z,True,True,10,True,True,AWS,idx_verified,fold_5
2025-10-23,2025-10-24,v16,200,10,True,,,2025-10-24T12:17:22.504Z,True,True,10,True,True,AWS,idx_verified,fold_5
2025-10-24,2025-10-25,v16,200,10,True,,,2025-10-25T12:30:39.684Z,True,True,10,True,True,AWS,idx_verified,fold_5
2025-10-25,2025-10-26,v16,200,10,True,,,2025-10-26T12:29:05.822Z,True,True,10,True,True,AWS,idx_verified,fold_5
2025-10-26,2025-10-27,v16,200,10,True,,,2025-10-27T12:32:04.851Z,True,True,10,True,True,AWS,idx_verified,fold_5
2025-10-27,2025-10-28,v16,200,10,True,,,2025-10-28T12:33:00.755Z,True,True,10,True,True,AWS,idx_verified,fold_5
2025-10-28,2025-10-29,v16,200,10,True,,,2025-10-29T12:29:13.705Z,True,True,10,True,True,AWS,idx_verified,fold_5
2025-10-29,2025-10-30,v16,200,10,True,,,2025-10-30T12:30:39.095Z,True,True,10,True,True,AWS,idx_verified,fold_5
2025-10-30,2025-10-31,v16,200,10,True,,,2025-10-31T12:32:12.210Z,True,True,10,True,True,AWS,idx_verified,fold_5
2025-10-31,2025-11-01,v16,200,10,True,,,2025-11-01T12:29:46.754Z,True,True,10,True,True,AWS,idx_verified,fold_5
2025-11-01,2025-11-02,v16,200,10,True,,,2025-11-02T13:33:53.920Z,True,True,10,True,True,AWS,idx_verified,fold_5
2025-11-02,2025-11-03,v16,200,10,True,,,2025-11-03T13:30:16.858Z,True,True,10,True,True,AWS,idx_verified,fold_5
2025-11-03,2025-11-04,v16,200,10,True,,,2025-11-06T19:31:09.519Z,True,True,10,True,True,AWS,idx_verified,fold_5
2025-11-04,2025-11-05,v16,200,10,True,,,2025-11-06T20:49:39.519Z,True,True,10,True,True,AWS,idx_verified,fold_5
2025-11-05,2025-11-06,v16,200,10,True,,,2025-11-06T21:45:21.251Z,True,True,10,True,True,AWS,idx_verified,fold_5
2025-11-06,2025-11-07,v16,200,10,True,,,2025-11-07T13:17:26.259Z,True,True,10,True,True,AWS,idx_verified,fold_5
2025-11-07,2025-11-08,v16,200,10,True,,,2025-11-08T13:30:33.951Z,True,True,10,True,True,AWS,idx_verified,fold_5
2025-11-08,2025-11-09,v16,200,10,True,,,2025-11-09T13:29:52.853Z,True,True,10,True,True,AWS,idx_verified,fold_5
2025-11-09,2025-11-10,v16,200,10,True,,,2025-11-10T13:29:41.417Z,True,True,10,True,True,AWS,idx_verified,fold_5
2025-11-10,2025-11-11,v16,200,10,True,,,2025-11-11T13:30:19.058Z,True,True,10,True,True,AWS,idx_verified,fold_5
2025-11-11,2025-11-12,v16,200,10,True,,,2025-11-12T13:30:47.588Z,True,True,10,True,True,AWS,idx_verified,fold_5
2025-11-12,2025-11-13,v16,200,10,True,,,2025-11-13T13:30:03.450Z,True,True,10,True,True,AWS,idx_verified,fold_5
2025-11-13,2025-11-14,v16,200,10,True,,,2025-11-14T13:30:48.711Z,True,True,10,True,True,AWS,idx_verified,fold_5
2025-11-14,2025-11-15,v16,200,10,True,,,2025-11-15T13:18:20.712Z,True,True,10,True,True,AWS,idx_verified,fold_5
2025-11-15,2025-11-16,v16,200,10,True,,,2025-11-16T13:29:01.985Z,True,True,10,True,True,AWS,idx_verified,fold_5
2025-11-16,2025-11-17,v16,200,10,True,,,2025-11-17T13:41:01.982Z,True,True,10,True,True,AWS,idx_verified,fold_5
2025-11-17,2025-11-18,v16,200,10,True,,,2025-11-18T16:46:12.244Z,True,True,10,True,True,AWS,idx_verified,fold_5
2025-11-18,2025-11-19,v16,200,10,True,,,2025-11-19T13:17:08.723Z,True,True,10,True,True,AWS,idx_verified,fold_5
2025-11-19,2025-11-20,v16,200,10,True,,,2025-11-20T13:30:25.483Z,True,True,10,True,True,AWS,idx_verified,fold_5
2025-11-20,2025-11-21,v16,200,10,True,,,2025-11-21T13:52:57.522Z,True,True,10,True,True,AWS,idx_verified,fold_5
2025-11-21,2025-11-22,v16,200,10,True,,,2025-11-22T14:05:40.444Z,True,True,10,True,True,AWS,idx_verified,fold_5
2025-11-22,2025-11-23,v16,200,10,True,,,2025-11-23T13:30:09.964Z,True,True,10,True,True,AWS,idx_verified,fold_5
2025-11-23,2025-11-24,v16,200,10,True,,,2025-11-24T13:31:36.664Z,True,True,10,True,True,AWS,idx_verified,fold_5
2025-11-24,2025-11-25,v16,200,10,True,,,2025-11-25T13:32:42.066Z,True,True,10,True,True,AWS,idx_verified,fold_5
2025-11-25,2025-11-26,v16,200,10,True,,,2025-11-26T13:30:31.050Z,True,True,10,True,True,AWS,idx_verified,fold_5
2025-11-26,2025-11-27,v16,200,10,True,,,2025-11-27T13:31:02.227Z,True,True,10,True,True,AWS,idx_verified,fold_5
2025-11-27,2025-11-28,v16,200,10,True,,,2025-11-28T13:29:33.130Z,True,True,10,True,True,AWS,idx_verified,fold_5
2025-11-28,2025-11-29,v16,200,10,True,,,2025-11-29T13:31:24.183Z,True,True,10,True,True,AWS,idx_verified,fold_5
2025-11-29,2025-11-30,v16,200,10,True,,,2025-11-30T13:29:22.991Z,True,True,10,True,True,AWS,idx_verified,fold_5
2025-11-30,2025-12-01,v16,200,10,True,,,2025-12-01T13:30:29.903Z,True,True,10,True,True,AWS,idx_verified,fold_5
2025-12-01,2025-12-02,v16,200,10,True,,,2025-12-02T13:30:28.271Z,True,True,10,True,True,AWS,idx_verified,fold_5
2025-12-02,2025-12-03,v16,200,10,True,,,2025-12-03T13:30:16.354Z,True,True,10,True,True,AWS,idx_verified,fold_5
2025-12-03,2025-12-04,v16,200,10,True,,,2025-12-04T13:30:09.539Z,True,True,10,True,True,AWS,idx_verified,fold_5
2025-12-04,2025-12-05,v16,200,10,True,,,2025-12-05T13:29:28.471Z,True,True,10,True,True,AWS,idx_verified,fold_5
2025-12-05,2025-12-06,v16,200,10,True,,,2025-12-06T13:29:27.125Z,True,True,10,True,True,AWS,idx_verified,fold_5
2025-12-06,2025-12-07,v16,200,10,True,,,2025-12-07T13:31:07.038Z,True,True,10,True,True,AWS,idx_verified,fold_5
2025-12-07,2025-12-08,v16,200,10,True,,,2025-12-08T13:31:04.173Z,True,True,10,True,True,AWS,idx_verified,fold_5
2025-12-08,2025-12-09,v16,200,10,True,,,2025-12-09T13:32:14.814Z,True,True,10,True,True,AWS,idx_verified,fold_5
2025-12-09,2025-12-10,v16,200,10,True,,,2025-12-10T13:33:54.839Z,True,True,10,True,True,AWS,idx_verified,fold_5
2025-12-10,2025-12-11,v16,200,10,True,,,2025-12-11T13:30:52.208Z,True,True,10,True,True,AWS,idx_verified,fold_5
2025-12-11,2025-12-12,v16,200,10,True,,,2025-12-12T13:30:23.453Z,True,True,10,True,True,AWS,idx_verified,fold_5
2025-12-12,2025-12-13,v16,200,10,True,,,2025-12-13T13:30:18.524Z,True,True,10,True,True,AWS,idx_verified,fold_5
2025-12-13,2025-12-14,v16,200,10,True,,,2025-12-14T13:30:26.312Z,True,True,10,True,True,AWS,idx_verified,fold_5
2025-12-14,2025-12-15,v16,200,10,True,,,2025-12-15T13:32:37.373Z,True,True,10,True,True,AWS,idx_verified,fold_5
2025-12-15,2025-12-16,v16,200,10,True,,,2025-12-16T13:29:58.472Z,True,True,10,True,True,AWS,idx_verified,fold_5
2025-12-16,2025-12-17,v16,200,10,True,,,2025-12-17T19:29:37.001Z,True,True,10,True,True,AWS,idx_verified,fold_5
2025-12-17,2025-12-18,v16,200,10,True,,,2025-12-18T13:17:45.443Z,True,True,10,True,True,AWS,idx_verified,fold_5
2025-12-18,2025-12-19,v16,200,10,True,,,2025-12-19T13:30:57.447Z,True,True,10,True,True,AWS,idx_verified,fold_5
2025-12-19,2025-12-20,v16,200,10,True,,,2025-12-20T13:30:25.443Z,True,True,10,True,True,AWS,idx_verified,fold_5
2025-12-20,2025-12-21,v16,200,10,True,,,2025-12-21T13:29:02.670Z,True,True,10,True,True,AWS,idx_verified,fold_5
2025-12-21,2025-12-22,v16,200,10,True,,,2025-12-22T13:30:02.265Z,True,True,10,True,True,AWS,idx_verified,fold_5
2025-12-22,2025-12-23,v16,200,10,True,,,2025-12-23T13:33:49.045Z,True,True,10,True,True,AWS,idx_verified,fold_5
2025-12-23,2025-12-24,v16,200,10,True,,,2025-12-24T13:29:09.067Z,True,True,10,True,True,AWS,idx_verified,fold_5
2025-12-24,2025-12-25,v16,200,10,True,,,2025-12-25T13:34:56.348Z,True,True,10,True,True,AWS,idx_verified,fold_5
2025-12-25,2025-12-26,v16,200,10,True,,,2025-12-26T13:29:32.301Z,True,True,10,True,True,AWS,idx_verified,fold_5
2025-12-26,2025-12-27,v16,200,10,True,,,2025-12-27T13:29:00.444Z,True,True,10,True,True,AWS,idx_verified,fold_5
2025-12-27,2025-12-28,v16,200,10,True,,,2025-12-28T13:30:00.130Z,True,True,10,True,True,AWS,idx_verified,fold_5
2025-12-28,2025-12-29,v16,200,10,True,,,2025-12-29T13:32:07.112Z,True,True,10,True,True,AWS,idx_verified,fold_5
2025-12-29,2025-12-30,v16,200,10,True,,,2025-12-30T13:30:50.843Z,True,True,10,True,True,AWS,idx_verified,fold_5
2025-12-30,2025-12-31,v16,200,10,True,,,2025-12-31T13:29:42.001Z,True,True,10,True,True,AWS,idx_verified,fold_5
2025-12-31,2026-01-01,v16,200,10,True,,,2026-01-01T13:29:32.232Z,True,True,10,True,True,AWS,idx_verified,fold_5
2026-01-01,2026-01-02,v16,200,10,True,,,2026-01-02T13:29:02.313Z,True,True,10,True,True,AWS,idx_verified,fold_5
2026-01-02,2026-01-03,v16,200,10,True,,,2026-01-03T13:29:25.640Z,True,True,10,True,True,AWS,idx_verified,fold_5
2026-01-03,2026-01-04,v16,200,10,True,,,2026-01-04T13:29:58.714Z,True,True,10,True,True,AWS,idx_verified,fold_5
2026-01-04,2026-01-05,v16,200,10,True,,,2026-01-05T13:29:29.751Z,True,True,10,True,True,AWS,idx_verified,fold_5
2026-01-05,2026-01-06,v16,200,10,True,,,2026-01-06T13:29:16.108Z,True,True,10,True,True,AWS,idx_verified,fold_5
2026-01-06,2026-01-07,v16,200,10,True,,,2026-01-07T13:29:34.510Z,True,True,10,True,True,AWS,idx_verified,fold_5
2026-01-07,2026-01-08,v16,200,10,True,,,2026-01-08T13:32:14.075Z,True,True,10,True,True,AWS,idx_verified,fold_5
2026-01-08,2026-01-09,v16,200,10,True,,,2026-01-09T13:31:23.669Z,True,True,10,True,True,AWS,idx_verified,fold_5
2026-01-09,2026-01-10,v16,200,10,True,,,2026-01-10T13:31:08.920Z,True,True,10,True,True,AWS,idx_verified,fold_5
2026-01-10,2026-01-11,v16,200,10,True,,,2026-01-11T13:31:55.729Z,True,True,10,True,True,AWS,idx_verified,fold_5
2026-01-11,2026-01-12,v16,200,10,True,,,2026-01-12T13:30:37.389Z,True,True,10,True,True,AWS,idx_verified,fold_5
2026-01-12,2026-01-13,v16,200,10,True,,,2026-01-13T13:30:59.915Z,True,True,10,True,True,AWS,idx_verified,fold_5
2026-01-13,2026-01-14,v16,200,10,True,,,2026-01-14T13:30:43.598Z,True,True,10,True,True,AWS,idx_verified,fold_5
2026-01-14,2026-01-15,v16,200,10,True,,,2026-01-15T13:32:23.080Z,True,True,10,True,True,AWS,idx_verified,fold_5
2026-01-15,2026-01-16,v16,200,10,True,,,2026-01-16T13:27:09.053Z,True,True,10,True,True,AWS,idx_verified,fold_5
2026-01-16,2026-01-17,v16,200,10,True,,,2026-01-17T01:14:50.453Z,True,True,10,True,True,AWS,idx_verified,fold_5
2026-01-17,2026-01-18,v16,200,10,True,,,2026-01-18T01:15:19.331Z,True,True,10,True,True,AWS,idx_verified,fold_5
2026-01-18,2026-01-19,v16,200,10,True,,,2026-01-19T01:14:28.680Z,True,True,10,True,True,AWS,idx_verified,fold_5
2026-01-19,2026-01-20,v16,200,10,True,,,2026-01-20T01:15:21.534Z,True,True,10,True,True,AWS,idx_verified,fold_5
2026-01-20,2026-01-21,v16,200,10,True,,,2026-01-21T01:14:35.196Z,True,True,10,True,True,AWS,idx_verified,fold_5
2026-01-21,2026-01-22,v16,200,10,True,,,2026-01-22T01:15:20.837Z,True,True,10,True,True,AWS,idx_verified,fold_5
2026-01-22,2026-01-23,v16,200,10,True,,,2026-01-23T15:49:05.926Z,True,True,10,True,True,AWS,idx_verified,fold_5
2026-01-23,2026-01-24,v16,200,10,True,,,2026-01-24T13:29:27.601Z,True,True,10,True,True,AWS,idx_verified,fold_5
2026-01-24,2026-01-25,v16,200,10,True,,,2026-01-25T13:30:24.681Z,True,True,10,True,True,AWS,idx_verified,fold_5
2026-01-25,2026-01-26,v16,200,10,True,,,2026-01-26T13:29:33.893Z,True,True,10,True,True,AWS,idx_verified,fold_5
2026-01-26,2026-01-27,v16,200,10,True,,,2026-01-27T13:31:39.007Z,True,True,10,True,True,AWS,idx_verified,fold_5
2026-01-27,2026-01-28,v16,200,10,True,,,2026-01-28T13:30:41.475Z,True,True,10,True,True,AWS,idx_verified,fold_5
2026-01-28,2026-01-29,v16,200,10,True,,,2026-01-29T13:30:08.705Z,True,True,10,True,True,AWS,idx_verified,fold_5
2026-01-29,2026-01-30,v16,200,10,True,,,2026-01-30T13:29:46.720Z,True,True,10,True,True,AWS,idx_verified,fold_5
2026-01-30,2026-01-31,v16,200,10,True,,,2026-01-31T13:29:11.323Z,True,True,10,True,True,AWS,idx_verified,fold_5
2026-01-31,2026-02-01,v16,200,10,True,,,2026-02-01T13:29:12.297Z,True,True,10,True,True,AWS,idx_verified,fold_5
2026-02-01,2026-02-02,v16,200,10,True,,,2026-02-02T13:30:28.658Z,True,True,10,True,True,AWS,idx_verified,fold_5
2026-02-02,2026-02-03,v16,200,10,True,,,2026-02-03T23:56:22.384Z,True,True,10,True,True,AWS,idx_verified,fold_5
2026-02-03,2026-02-04,v16,200,10,True,,,2026-02-04T13:18:00.895Z,True,True,10,True,True,AWS,idx_verified,fold_5
2026-02-04,2026-02-05,v16,200,10,True,,,2026-02-05T13:30:23.658Z,True,True,10,True,True,AWS,idx_verified,fold_5
2026-02-05,2026-02-06,v16,200,10,True,,,2026-02-06T13:29:55.951Z,True,True,10,True,True,AWS,idx_verified,fold_5
2026-02-06,2026-02-07,v16,200,10,True,,,2026-02-07T13:30:24.535Z,True,True,10,True,True,AWS,idx_verified,fold_5
2026-02-07,2026-02-08,v16,200,10,True,,,2026-02-08T13:29:41.990Z,True,True,10,True,True,AWS,idx_verified,fold_5
2026-02-08,2026-02-09,v16,200,10,True,,,2026-02-09T13:29:58.626Z,True,True,10,True,True,AWS,idx_verified,fold_5
2026-02-09,2026-02-10,v16,200,10,True,,,2026-02-10T13:30:10.984Z,True,True,10,True,True,AWS,idx_verified,fold_5
2026-02-10,2026-02-11,v16,200,10,True,,,2026-02-11T13:30:35.506Z,True,True,10,True,True,AWS,idx_verified,fold_5
2026-02-11,2026-02-12,v16,200,10,True,,,2026-02-12T13:36:54.831Z,True,True,10,True,True,AWS,idx_verified,fold_5
2026-02-12,2026-02-13,v16,200,10,True,,,2026-02-13T13:30:48.478Z,True,True,10,True,True,AWS,idx_verified,fold_5
2026-02-13,2026-02-14,v16,200,10,True,,,2026-02-14T13:29:13.146Z,True,True,10,True,True,AWS,idx_verified,fold_5
2026-02-14,2026-02-15,v16,200,10,True,,,2026-02-15T13:31:35.686Z,True,True,10,True,True,AWS,idx_verified,fold_5
2026-02-15,2026-02-16,v16,200,10,True,,,2026-02-16T13:16:28.510Z,True,True,10,True,True,AWS,idx_verified,fold_5
2026-02-16,2026-02-17,v16,200,10,True,,,2026-02-17T13:33:00.633Z,True,True,10,True,True,AWS,idx_verified,fold_5
2026-02-17,2026-02-18,v16,200,10,True,,,2026-02-18T13:30:06.084Z,True,True,10,True,True,AWS,idx_verified,fold_5
2026-02-18,2026-02-19,v16,200,10,True,,,2026-02-19T13:29:58.629Z,True,True,10,True,True,AWS,idx_verified,fold_5
2026-02-19,2026-02-20,v16,200,10,True,,,2026-02-20T13:30:42.948Z,True,True,10,True,True,AWS,idx_verified,fold_5
2026-02-20,2026-02-21,v16,200,10,True,,,2026-02-21T13:29:32.204Z,True,True,10,True,True,AWS,idx_verified,fold_5
2026-02-21,2026-02-22,v16,200,10,True,,,2026-02-22T13:29:33.896Z,True,True,10,True,True,AWS,idx_verified,fold_5
2026-02-22,2026-02-23,v16,200,10,True,,,2026-02-23T13:30:35.268Z,True,True,10,True,True,AWS,idx_verified,fold_5
2026-02-23,2026-02-24,v16,200,10,True,,,2026-02-24T13:30:29.433Z,True,True,10,True,True,AWS,idx_verified,fold_5
2026-02-24,2026-02-25,v16,200,10,True,,,2026-02-25T13:31:18.482Z,True,True,10,True,True,AWS,idx_verified,fold_5
2026-02-25,2026-02-26,v16,200,10,True,,,2026-02-26T01:17:30.015Z,True,True,10,True,True,AWS,idx_verified,fold_5
2026-02-26,2026-02-27,v16,200,10,True,,,2026-02-27T13:31:09.118Z,True,True,10,True,True,AWS,idx_verified,fold_5
2026-02-27,2026-02-28,v16,200,10,True,,,2026-02-28T13:30:32.998Z,True,True,10,True,True,AWS,idx_verified,fold_5
2026-02-28,2026-03-01,v16,200,10,True,,,2026-03-01T13:17:04.021Z,True,True,10,True,True,AWS,idx_verified,fold_5
2026-03-01,2026-03-02,v16,200,10,True,,,2026-03-02T13:29:55.504Z,True,True,10,True,True,AWS,idx_verified,fold_5
2026-03-02,2026-03-03,v16,200,10,True,,,2026-03-04T07:30:06.611Z,True,True,10,True,True,AWS,idx_verified,fold_5
2026-03-03,2026-03-04,v16,200,10,True,,,2026-03-04T09:01:08.548Z,True,True,10,True,True,AWS,idx_verified,fold_5
2026-03-04,2026-03-05,v16,200,10,True,,,2026-03-05T13:30:46.052Z,True,True,10,True,True,AWS,idx_verified,fold_5
2026-03-05,2026-03-06,v16,200,10,True,,,2026-03-06T13:30:14.098Z,True,True,10,True,True,AWS,idx_verified,fold_5
2026-03-06,2026-03-07,v16,200,10,True,,,2026-03-07T13:31:00.485Z,True,True,10,True,True,AWS,idx_verified,fold_5
2026-03-07,2026-03-08,v16,200,10,True,,,2026-03-08T12:30:12.147Z,True,True,10,True,True,AWS,idx_verified,fold_5
2026-03-08,2026-03-09,v16,200,10,True,,,2026-03-09T12:34:55.109Z,True,True,10,True,True,AWS,idx_verified,fold_5
2026-03-09,2026-03-10,v16,200,10,True,,,2026-03-10T12:30:59.294Z,True,True,10,True,True,AWS,idx_verified,fold_5
2026-03-10,2026-03-11,v16,200,10,True,,,2026-03-11T12:32:55.440Z,True,True,10,True,True,AWS,idx_verified,fold_5
2026-03-11,2026-03-12,v16,200,10,True,,,2026-03-12T12:31:27.781Z,True,True,10,True,True,AWS,idx_verified,fold_5
2026-03-12,2026-03-13,v16,200,10,True,,,2026-03-13T12:31:59.496Z,True,True,10,True,True,AWS,idx_verified,fold_5
2026-03-13,2026-03-14,v16,200,10,True,,,2026-03-14T12:56:49.204Z,True,True,10,True,True,AWS,idx_verified,fold_5
2026-03-14,2026-03-15,v16,200,10,True,,,2026-03-15T12:30:14.189Z,True,True,10,True,True,AWS,idx_verified,fold_5
2026-03-15,2026-03-16,v16,200,10,True,,,2026-03-16T12:31:26.204Z,True,True,10,True,True,AWS,idx_verified,fold_5
2026-03-16,2026-03-17,v16,200,10,True,,,2026-03-17T12:32:49.254Z,True,True,10,True,True,AWS,idx_verified,fold_5
2026-03-17,2026-03-18,v16,200,10,True,,,2026-03-18T12:30:22.061Z,True,True,10,True,True,AWS,idx_verified,fold_5
2026-03-18,2026-03-19,v16,200,10,True,,,2026-03-19T12:31:09.506Z,True,True,10,True,True,AWS,idx_verified,fold_5
2026-03-19,2026-03-20,v16,200,10,True,,,2026-03-20T19:24:24.197Z,True,True,10,True,True,AWS,idx_verified,fold_5
2026-03-20,2026-03-21,v16,200,10,True,,,2026-03-21T13:06:59.018Z,True,True,10,True,True,AWS,idx_verified,fold_5
2026-03-21,2026-03-22,v16,200,10,True,,,2026-03-22T12:35:53.009Z,True,True,10,True,True,AWS,idx_verified,fold_5
2026-03-22,2026-03-23,v16,200,10,True,,,2026-03-23T00:19:20.145Z,True,True,10,True,True,AWS,idx_verified,fold_5
2026-03-23,2026-03-24,v16,200,10,True,,,2026-03-24T12:41:42.692Z,True,True,10,True,True,AWS,idx_verified,fold_5
2026-03-24,2026-03-25,v16,200,10,True,,,2026-03-25T00:19:53.573Z,True,True,10,True,True,AWS,idx_verified,fold_5
2026-03-25,2026-03-26,v16,200,10,True,,,2026-03-26T13:15:34.923Z,True,True,10,True,True,AWS,idx_verified,fold_5
2026-03-26,2026-03-27,v16,200,10,True,,,2026-03-27T00:19:15.428Z,True,True,10,True,True,AWS,idx_verified,fold_5
2026-03-27,2026-03-28,v16,200,10,True,,,2026-03-28T00:19:02.140Z,True,True,10,True,True,AWS,idx_verified,fold_5
2026-03-28,2026-03-29,v16,200,10,True,,,2026-03-29T00:18:56.468Z,True,True,10,True,True,AWS,idx_verified,fold_5
2026-03-29,2026-03-30,v16,200,10,True,,,2026-03-30T12:38:46.295Z,True,True,10,True,True,AWS,idx_verified,fold_5
2026-03-30,2026-03-31,v16,200,10,True,,,2026-03-31T00:20:06.707Z,True,True,10,True,True,AWS,idx_verified,fold_5
2026-03-31,2026-04-01,v16,200,10,True,,,2026-04-01T12:40:55.593Z,True,True,10,True,True,AWS,idx_verified,fold_5
2026-04-01,2026-04-02,v16,200,10,True,,,2026-04-02T00:20:22.318Z,True,True,10,True,True,AWS,idx_verified,fold_5
2026-04-02,2026-04-03,v16,200,10,True,,,2026-04-03T12:38:58.839Z,True,True,10,True,True,AWS,idx_verified,fold_5
2026-04-03,2026-04-04,v16,200,10,True,,,2026-04-04T00:19:22.606Z,True,True,10,True,True,AWS,idx_verified,fold_5
2026-04-04,2026-04-05,v16,200,10,True,,,2026-04-05T00:18:55.501Z,True,True,10,True,True,AWS,idx_verified,fold_5
2026-04-05,2026-04-06,v16,200,10,True,,,2026-04-06T00:18:51.181Z,True,True,10,True,True,AWS,idx_verified,fold_5
2026-04-06,2026-04-07,v16,200,10,True,,,2026-04-07T00:19:50.022Z,True,True,10,True,True,AWS,idx_verified,fold_5
