run_00z,delivery_day,archive_span,file_present,file_bytes,path,field_inventory,n_step,missing_chunks,inventory_error,folds
2019-01-01,2019-01-02,outside,False,,,,,,,fold_1
2019-01-02,2019-01-03,outside,False,,,,,,,fold_1
2019-01-03,2019-01-04,outside,False,,,,,,,fold_1
2019-01-04,2019-01-05,outside,False,,,,,,,fold_1
2019-01-05,2019-01-06,outside,False,,,,,,,fold_1
2019-01-06,2019-01-07,outside,False,,,,,,,fold_1
2019-01-07,2019-01-08,outside,False,,,,,,,fold_1
2019-01-08,2019-01-09,outside,False,,,,,,,fold_1
2019-01-09,2019-01-10,outside,False,,,,,,,fold_1
2019-01-10,2019-01-11,outside,False,,,,,,,fold_1
2019-01-11,2019-01-12,outside,False,,,,,,,fold_1
2019-01-12,2019-01-13,outside,False,,,,,,,fold_1
2019-01-13,2019-01-14,outside,False,,,,,,,fold_1
2019-01-14,2019-01-15,outside,False,,,,,,,fold_1
2019-01-15,2019-01-16,outside,False,,,,,,,fold_1
2019-01-16,2019-01-17,outside,False,,,,,,,fold_1
2019-01-17,2019-01-18,outside,False,,,,,,,fold_1
2019-01-18,2019-01-19,outside,False,,,,,,,fold_1
2019-01-19,2019-01-20,outside,False,,,,,,,fold_1
2019-01-20,2019-01-21,outside,False,,,,,,,fold_1
2019-01-21,2019-01-22,outside,False,,,,,,,fold_1
2019-01-22,2019-01-23,outside,False,,,,,,,fold_1
2019-01-23,2019-01-24,outside,False,,,,,,,fold_1
2019-01-24,2019-01-25,outside,False,,,,,,,fold_1
2019-01-25,2019-01-26,outside,False,,,,,,,fold_1
2019-01-26,2019-01-27,outside,False,,,,,,,fold_1
2019-01-27,2019-01-28,outside,False,,,,,,,fold_1
2019-01-28,2019-01-29,outside,False,,,,,,,fold_1
2019-01-29,2019-01-30,outside,False,,,,,,,fold_1
2019-01-30,2019-01-31,outside,False,,,,,,,fold_1
2019-01-31,2019-02-01,outside,False,,,,,,,fold_1
2019-02-01,2019-02-02,outside,False,,,,,,,fold_1
2019-02-02,2019-02-03,outside,False,,,,,,,fold_1
2019-02-03,2019-02-04,outside,False,,,,,,,fold_1
2019-02-04,2019-02-05,outside,False,,,,,,,fold_1
2019-02-05,2019-02-06,outside,False,,,,,,,fold_1
2019-02-06,2019-02-07,outside,False,,,,,,,fold_1
2019-02-07,2019-02-08,outside,False,,,,,,,fold_1
2019-02-08,2019-02-09,outside,False,,,,,,,fold_1
2019-02-09,2019-02-10,outside,False,,,,,,,fold_1
2019-02-10,2019-02-11,outside,False,,,,,,,fold_1
2019-02-11,2019-02-12,outside,False,,,,,,,fold_1
2019-02-12,2019-02-13,outside,False,,,,,,,fold_1
2019-02-13,2019-02-14,outside,False,,,,,,,fold_1
2019-02-14,2019-02-15,outside,False,,,,,,,fold_1
2019-02-15,2019-02-16,outside,False,,,,,,,fold_1
2019-02-16,2019-02-17,outside,False,,,,,,,fold_1
2019-02-17,2019-02-18,outside,False,,,,,,,fold_1
2019-02-18,2019-02-19,outside,False,,,,,,,fold_1
2019-02-19,2019-02-20,outside,False,,,,,,,fold_1
2019-02-20,2019-02-21,outside,False,,,,,,,fold_1
2019-02-21,2019-02-22,outside,False,,,,,,,fold_1
2019-02-22,2019-02-23,outside,False,,,,,,,fold_1
2019-02-23,2019-02-24,outside,False,,,,,,,fold_1
2019-02-24,2019-02-25,outside,False,,,,,,,fold_1
2019-02-25,2019-02-26,outside,False,,,,,,,fold_1
2019-02-26,2019-02-27,outside,False,,,,,,,fold_1
2019-02-27,2019-02-28,outside,False,,,,,,,fold_1
2019-02-28,2019-03-01,outside,False,,,,,,,fold_1
2019-03-01,2019-03-02,outside,False,,,,,,,fold_1
2019-03-02,2019-03-03,outside,False,,,,,,,fold_1
2019-03-03,2019-03-04,outside,False,,,,,,,fold_1;fold_2
2019-03-04,2019-03-05,outside,False,,,,,,,fold_1;fold_2
2019-03-05,2019-03-06,outside,False,,,,,,,fold_1;fold_2
2019-03-06,2019-03-07,outside,False,,,,,,,fold_1;fold_2
2019-03-07,2019-03-08,outside,False,,,,,,,fold_1;fold_2
2019-03-08,2019-03-09,outside,False,,,,,,,fold_1;fold_2
2019-03-09,2019-03-10,outside,False,,,,,,,fold_1;fold_2
2019-03-10,2019-03-11,outside,False,,,,,,,fold_1;fold_2
2019-03-11,2019-03-12,outside,False,,,,,,,fold_1;fold_2
2019-03-12,2019-03-13,outside,False,,,,,,,fold_1;fold_2
2019-03-13,2019-03-14,outside,False,,,,,,,fold_1;fold_2
2019-03-14,2019-03-15,outside,False,,,,,,,fold_1;fold_2
2019-03-15,2019-03-16,outside,False,,,,,,,fold_1;fold_2
2019-03-16,2019-03-17,outside,False,,,,,,,fold_1;fold_2
2019-03-17,2019-03-18,outside,False,,,,,,,fold_1;fold_2
2019-03-18,2019-03-19,outside,False,,,,,,,fold_1;fold_2
2019-03-19,2019-03-20,outside,False,,,,,,,fold_1;fold_2
2019-03-20,2019-03-21,outside,False,,,,,,,fold_1;fold_2
2019-03-21,2019-03-22,outside,False,,,,,,,fold_1;fold_2
2019-03-22,2019-03-23,outside,False,,,,,,,fold_1;fold_2
2019-03-23,2019-03-24,outside,False,,,,,,,fold_1;fold_2
2019-03-24,2019-03-25,outside,False,,,,,,,fold_1;fold_2
2019-03-25,2019-03-26,outside,False,,,,,,,fold_1;fold_2
2019-03-26,2019-03-27,outside,False,,,,,,,fold_1;fold_2
2019-03-27,2019-03-28,outside,False,,,,,,,fold_1;fold_2
2019-03-28,2019-03-29,outside,False,,,,,,,fold_1;fold_2
2019-03-29,2019-03-30,outside,False,,,,,,,fold_1;fold_2
2019-03-30,2019-03-31,outside,False,,,,,,,fold_1;fold_2
2019-03-31,2019-04-01,outside,False,,,,,,,fold_1;fold_2
2019-04-01,2019-04-02,outside,False,,,,,,,fold_1;fold_2
2019-04-02,2019-04-03,outside,False,,,,,,,fold_1;fold_2
2019-04-03,2019-04-04,outside,False,,,,,,,fold_1;fold_2
2019-04-04,2019-04-05,outside,False,,,,,,,fold_1;fold_2
2019-04-05,2019-04-06,outside,False,,,,,,,fold_1;fold_2
2019-04-06,2019-04-07,outside,False,,,,,,,fold_1;fold_2
2019-04-07,2019-04-08,outside,False,,,,,,,fold_1;fold_2
2019-04-08,2019-04-09,outside,False,,,,,,,fold_1;fold_2
2019-04-09,2019-04-10,outside,False,,,,,,,fold_1;fold_2
2019-04-10,2019-04-11,outside,False,,,,,,,fold_1;fold_2
2019-04-11,2019-04-12,outside,False,,,,,,,fold_1;fold_2
2019-04-12,2019-04-13,outside,False,,,,,,,fold_1;fold_2
2019-04-13,2019-04-14,outside,False,,,,,,,fold_1;fold_2
2019-04-14,2019-04-15,outside,False,,,,,,,fold_1;fold_2
2019-04-15,2019-04-16,outside,False,,,,,,,fold_1;fold_2
2019-04-16,2019-04-17,outside,False,,,,,,,fold_1;fold_2
2019-04-17,2019-04-18,outside,False,,,,,,,fold_1;fold_2
2019-04-18,2019-04-19,outside,False,,,,,,,fold_1;fold_2
2019-04-19,2019-04-20,outside,False,,,,,,,fold_1;fold_2
2019-04-20,2019-04-21,outside,False,,,,,,,fold_1;fold_2
2019-04-21,2019-04-22,outside,False,,,,,,,fold_1;fold_2
2019-04-22,2019-04-23,outside,False,,,,,,,fold_1;fold_2
2019-04-23,2019-04-24,outside,False,,,,,,,fold_1;fold_2
2019-04-24,2019-04-25,outside,False,,,,,,,fold_1;fold_2
2019-04-25,2019-04-26,outside,False,,,,,,,fold_1;fold_2
2019-04-26,2019-04-27,outside,False,,,,,,,fold_1;fold_2
2019-04-27,2019-04-28,outside,False,,,,,,,fold_1;fold_2
2019-04-28,2019-04-29,outside,False,,,,,,,fold_1;fold_2
2019-04-29,2019-04-30,outside,False,,,,,,,fold_1;fold_2
2019-04-30,2019-05-01,outside,False,,,,,,,fold_1;fold_2
2019-05-01,2019-05-02,outside,False,,,,,,,fold_1;fold_2
2019-05-02,2019-05-03,outside,False,,,,,,,fold_1;fold_2
2019-05-03,2019-05-04,outside,False,,,,,,,fold_1;fold_2
2019-05-04,2019-05-05,outside,False,,,,,,,fold_1;fold_2
2019-05-05,2019-05-06,outside,False,,,,,,,fold_1;fold_2
2019-05-06,2019-05-07,outside,False,,,,,,,fold_1;fold_2
2019-05-07,2019-05-08,outside,False,,,,,,,fold_1;fold_2
2019-05-08,2019-05-09,outside,False,,,,,,,fold_1;fold_2
2019-05-09,2019-05-10,outside,False,,,,,,,fold_1;fold_2
2019-05-10,2019-05-11,outside,False,,,,,,,fold_1;fold_2
2019-05-11,2019-05-12,outside,False,,,,,,,fold_1;fold_2
2019-05-12,2019-05-13,outside,False,,,,,,,fold_1;fold_2
2019-05-13,2019-05-14,outside,False,,,,,,,fold_1;fold_2
2019-05-14,2019-05-15,outside,False,,,,,,,fold_1;fold_2
2019-05-15,2019-05-16,outside,False,,,,,,,fold_1;fold_2
2019-05-16,2019-05-17,outside,False,,,,,,,fold_1;fold_2
2019-05-17,2019-05-18,outside,False,,,,,,,fold_1;fold_2
2019-05-18,2019-05-19,outside,False,,,,,,,fold_1;fold_2
2019-05-19,2019-05-20,outside,False,,,,,,,fold_1;fold_2
2019-05-20,2019-05-21,outside,False,,,,,,,fold_1;fold_2
2019-05-21,2019-05-22,outside,False,,,,,,,fold_1;fold_2
2019-05-22,2019-05-23,outside,False,,,,,,,fold_1;fold_2
2019-05-23,2019-05-24,outside,False,,,,,,,fold_1;fold_2
2019-05-24,2019-05-25,outside,False,,,,,,,fold_1;fold_2
2019-05-25,2019-05-26,outside,False,,,,,,,fold_1;fold_2
2019-05-26,2019-05-27,outside,False,,,,,,,fold_1;fold_2
2019-05-27,2019-05-28,outside,False,,,,,,,fold_1;fold_2
2019-05-28,2019-05-29,outside,False,,,,,,,fold_1;fold_2
2019-05-29,2019-05-30,outside,False,,,,,,,fold_1;fold_2
2019-05-30,2019-05-31,outside,False,,,,,,,fold_1;fold_2
2019-05-31,2019-06-01,outside,False,,,,,,,fold_1;fold_2
2019-06-01,2019-06-02,outside,False,,,,,,,fold_1;fold_2
2019-06-02,2019-06-03,outside,False,,,,,,,fold_1;fold_2
2019-06-03,2019-06-04,outside,False,,,,,,,fold_1;fold_2
2019-06-04,2019-06-05,outside,False,,,,,,,fold_1;fold_2
2019-06-05,2019-06-06,outside,False,,,,,,,fold_1;fold_2
2019-06-06,2019-06-07,outside,False,,,,,,,fold_1;fold_2
2019-06-07,2019-06-08,outside,False,,,,,,,fold_1;fold_2
2019-06-08,2019-06-09,outside,False,,,,,,,fold_1;fold_2
2019-06-09,2019-06-10,outside,False,,,,,,,fold_1;fold_2
2019-06-10,2019-06-11,outside,False,,,,,,,fold_1;fold_2
2019-06-11,2019-06-12,outside,False,,,,,,,fold_1;fold_2
2019-06-12,2019-06-13,outside,False,,,,,,,fold_1;fold_2
2019-06-13,2019-06-14,outside,False,,,,,,,fold_1;fold_2
2019-06-14,2019-06-15,outside,False,,,,,,,fold_1;fold_2
2019-06-15,2019-06-16,outside,False,,,,,,,fold_1;fold_2
2019-06-16,2019-06-17,outside,False,,,,,,,fold_1;fold_2
2019-06-17,2019-06-18,outside,False,,,,,,,fold_1;fold_2
2019-06-18,2019-06-19,outside,False,,,,,,,fold_1;fold_2
2019-06-19,2019-06-20,outside,False,,,,,,,fold_1;fold_2
2019-06-20,2019-06-21,outside,False,,,,,,,fold_1;fold_2
2019-06-21,2019-06-22,outside,False,,,,,,,fold_1;fold_2
2019-06-22,2019-06-23,outside,False,,,,,,,fold_1;fold_2
2019-06-23,2019-06-24,outside,False,,,,,,,fold_1;fold_2
2019-06-24,2019-06-25,outside,False,,,,,,,fold_1;fold_2
2019-06-25,2019-06-26,outside,False,,,,,,,fold_1;fold_2
2019-06-26,2019-06-27,outside,False,,,,,,,fold_1;fold_2
2019-06-27,2019-06-28,outside,False,,,,,,,fold_1;fold_2
2019-06-28,2019-06-29,outside,False,,,,,,,fold_1;fold_2
2019-06-29,2019-06-30,outside,False,,,,,,,fold_1;fold_2
2019-06-30,2019-07-01,outside,False,,,,,,,fold_1;fold_2
2019-07-01,2019-07-02,outside,False,,,,,,,fold_1;fold_2
2019-07-02,2019-07-03,outside,False,,,,,,,fold_1;fold_2
2019-07-03,2019-07-04,outside,False,,,,,,,fold_1;fold_2
2019-07-04,2019-07-05,outside,False,,,,,,,fold_1;fold_2
2019-07-05,2019-07-06,outside,False,,,,,,,fold_1;fold_2
2019-07-06,2019-07-07,outside,False,,,,,,,fold_1;fold_2
2019-07-07,2019-07-08,outside,False,,,,,,,fold_1;fold_2
2019-07-08,2019-07-09,outside,False,,,,,,,fold_1;fold_2
2019-07-09,2019-07-10,outside,False,,,,,,,fold_1;fold_2
2019-07-10,2019-07-11,outside,False,,,,,,,fold_1;fold_2
2019-07-11,2019-07-12,outside,False,,,,,,,fold_1;fold_2
2019-07-12,2019-07-13,outside,False,,,,,,,fold_1;fold_2
2019-07-13,2019-07-14,outside,False,,,,,,,fold_1;fold_2
2019-07-14,2019-07-15,outside,False,,,,,,,fold_1;fold_2
2019-07-15,2019-07-16,outside,False,,,,,,,fold_1;fold_2
2019-07-16,2019-07-17,outside,False,,,,,,,fold_1;fold_2
2019-07-17,2019-07-18,outside,False,,,,,,,fold_1;fold_2
2019-07-18,2019-07-19,outside,False,,,,,,,fold_1;fold_2
2019-07-19,2019-07-20,outside,False,,,,,,,fold_1;fold_2
2019-07-20,2019-07-21,outside,False,,,,,,,fold_1;fold_2
2019-07-21,2019-07-22,outside,False,,,,,,,fold_1;fold_2
2019-07-22,2019-07-23,outside,False,,,,,,,fold_1;fold_2
2019-07-23,2019-07-24,outside,False,,,,,,,fold_1;fold_2
2019-07-24,2019-07-25,outside,False,,,,,,,fold_1;fold_2
2019-07-25,2019-07-26,outside,False,,,,,,,fold_1;fold_2
2019-07-26,2019-07-27,outside,False,,,,,,,fold_1;fold_2
2019-07-27,2019-07-28,outside,False,,,,,,,fold_1;fold_2
2019-07-28,2019-07-29,outside,False,,,,,,,fold_1;fold_2
2019-07-29,2019-07-30,outside,False,,,,,,,fold_1;fold_2
2019-07-30,2019-07-31,outside,False,,,,,,,fold_1;fold_2
2019-07-31,2019-08-01,outside,False,,,,,,,fold_1;fold_2
2019-08-01,2019-08-02,outside,False,,,,,,,fold_1;fold_2
2019-08-02,2019-08-03,outside,False,,,,,,,fold_1;fold_2
2019-08-03,2019-08-04,outside,False,,,,,,,fold_1;fold_2
2019-08-04,2019-08-05,outside,False,,,,,,,fold_1;fold_2
2019-08-05,2019-08-06,outside,False,,,,,,,fold_1;fold_2
2019-08-06,2019-08-07,outside,False,,,,,,,fold_1;fold_2
2019-08-07,2019-08-08,outside,False,,,,,,,fold_1;fold_2
2019-08-08,2019-08-09,outside,False,,,,,,,fold_1;fold_2
2019-08-09,2019-08-10,outside,False,,,,,,,fold_1;fold_2
2019-08-10,2019-08-11,outside,False,,,,,,,fold_1;fold_2
2019-08-11,2019-08-12,outside,False,,,,,,,fold_1;fold_2
2019-08-12,2019-08-13,outside,False,,,,,,,fold_1;fold_2
2019-08-13,2019-08-14,outside,False,,,,,,,fold_1;fold_2
2019-08-14,2019-08-15,outside,False,,,,,,,fold_1;fold_2
2019-08-15,2019-08-16,outside,False,,,,,,,fold_1;fold_2
2019-08-16,2019-08-17,outside,False,,,,,,,fold_1;fold_2
2019-08-17,2019-08-18,outside,False,,,,,,,fold_1;fold_2
2019-08-18,2019-08-19,outside,False,,,,,,,fold_1;fold_2
2019-08-19,2019-08-20,outside,False,,,,,,,fold_1;fold_2
2019-08-20,2019-08-21,outside,False,,,,,,,fold_1;fold_2
2019-08-21,2019-08-22,outside,False,,,,,,,fold_1;fold_2
2019-08-22,2019-08-23,outside,False,,,,,,,fold_1;fold_2
2019-08-23,2019-08-24,outside,False,,,,,,,fold_1;fold_2
2019-08-24,2019-08-25,outside,False,,,,,,,fold_1;fold_2
2019-08-25,2019-08-26,outside,False,,,,,,,fold_1;fold_2
2019-08-26,2019-08-27,outside,False,,,,,,,fold_1;fold_2
2019-08-27,2019-08-28,outside,False,,,,,,,fold_1;fold_2
2019-08-28,2019-08-29,outside,False,,,,,,,fold_1;fold_2
2019-08-29,2019-08-30,outside,False,,,,,,,fold_1;fold_2
2019-08-30,2019-08-31,outside,False,,,,,,,fold_1;fold_2
2019-08-31,2019-09-01,outside,False,,,,,,,fold_1;fold_2
2019-09-01,2019-09-02,outside,False,,,,,,,fold_1;fold_2
2019-09-02,2019-09-03,outside,False,,,,,,,fold_1;fold_2
2019-09-03,2019-09-04,outside,False,,,,,,,fold_1;fold_2
2019-09-04,2019-09-05,outside,False,,,,,,,fold_1;fold_2
2019-09-05,2019-09-06,outside,False,,,,,,,fold_1;fold_2
2019-09-06,2019-09-07,outside,False,,,,,,,fold_1;fold_2
2019-09-07,2019-09-08,outside,False,,,,,,,fold_1;fold_2
2019-09-08,2019-09-09,outside,False,,,,,,,fold_1;fold_2
2019-09-09,2019-09-10,outside,False,,,,,,,fold_1;fold_2
2019-09-10,2019-09-11,outside,False,,,,,,,fold_1;fold_2
2019-09-11,2019-09-12,outside,False,,,,,,,fold_1;fold_2
2019-09-12,2019-09-13,outside,False,,,,,,,fold_1;fold_2
2019-09-13,2019-09-14,outside,False,,,,,,,fold_1;fold_2
2019-09-14,2019-09-15,outside,False,,,,,,,fold_1;fold_2
2019-09-15,2019-09-16,outside,False,,,,,,,fold_1;fold_2
2019-09-16,2019-09-17,outside,False,,,,,,,fold_1;fold_2
2019-09-17,2019-09-18,outside,False,,,,,,,fold_1;fold_2
2019-09-18,2019-09-19,outside,False,,,,,,,fold_1;fold_2
2019-09-19,2019-09-20,outside,False,,,,,,,fold_1;fold_2
2019-09-20,2019-09-21,outside,False,,,,,,,fold_1;fold_2
2019-09-21,2019-09-22,outside,False,,,,,,,fold_1;fold_2
2019-09-22,2019-09-23,outside,False,,,,,,,fold_1;fold_2
2019-09-23,2019-09-24,outside,False,,,,,,,fold_1;fold_2
2019-09-24,2019-09-25,outside,False,,,,,,,fold_1;fold_2
2019-09-25,2019-09-26,outside,False,,,,,,,fold_1;fold_2
2019-09-26,2019-09-27,outside,False,,,,,,,fold_1;fold_2
2019-09-27,2019-09-28,outside,False,,,,,,,fold_1;fold_2
2019-09-28,2019-09-29,outside,False,,,,,,,fold_1;fold_2
2019-09-29,2019-09-30,outside,False,,,,,,,fold_1;fold_2
2019-09-30,2019-10-01,outside,False,,,,,,,fold_1;fold_2
2019-10-01,2019-10-02,outside,False,,,,,,,fold_1;fold_2
2019-10-02,2019-10-03,outside,False,,,,,,,fold_1;fold_2
2019-10-03,2019-10-04,outside,False,,,,,,,fold_1;fold_2
2019-10-04,2019-10-05,outside,False,,,,,,,fold_1;fold_2
2019-10-05,2019-10-06,outside,False,,,,,,,fold_1;fold_2
2019-10-06,2019-10-07,outside,False,,,,,,,fold_1;fold_2
2019-10-07,2019-10-08,outside,False,,,,,,,fold_1;fold_2
2019-10-08,2019-10-09,outside,False,,,,,,,fold_1;fold_2
2019-10-09,2019-10-10,outside,False,,,,,,,fold_1;fold_2
2019-10-10,2019-10-11,outside,False,,,,,,,fold_1;fold_2
2019-10-11,2019-10-12,outside,False,,,,,,,fold_1;fold_2
2019-10-12,2019-10-13,outside,False,,,,,,,fold_1;fold_2
2019-10-13,2019-10-14,outside,False,,,,,,,fold_1;fold_2
2019-10-14,2019-10-15,outside,False,,,,,,,fold_1;fold_2
2019-10-15,2019-10-16,outside,False,,,,,,,fold_1;fold_2
2019-10-16,2019-10-17,outside,False,,,,,,,fold_1;fold_2
2019-10-17,2019-10-18,outside,False,,,,,,,fold_1;fold_2
2019-10-18,2019-10-19,outside,False,,,,,,,fold_1;fold_2
2019-10-19,2019-10-20,outside,False,,,,,,,fold_1;fold_2
2019-10-20,2019-10-21,outside,False,,,,,,,fold_1;fold_2
2019-10-21,2019-10-22,outside,False,,,,,,,fold_1;fold_2
2019-10-22,2019-10-23,outside,False,,,,,,,fold_1;fold_2
2019-10-23,2019-10-24,outside,False,,,,,,,fold_1;fold_2
2019-10-24,2019-10-25,outside,False,,,,,,,fold_1;fold_2
2019-10-25,2019-10-26,outside,False,,,,,,,fold_1;fold_2
2019-10-26,2019-10-27,outside,False,,,,,,,fold_1;fold_2
2019-10-27,2019-10-28,outside,False,,,,,,,fold_1;fold_2
2019-10-28,2019-10-29,outside,False,,,,,,,fold_1;fold_2
2019-10-29,2019-10-30,outside,False,,,,,,,fold_1;fold_2
2019-10-30,2019-10-31,outside,False,,,,,,,fold_1;fold_2
2019-10-31,2019-11-01,outside,False,,,,,,,fold_1;fold_2
2019-11-01,2019-11-02,outside,False,,,,,,,fold_1;fold_2
2019-11-02,2019-11-03,outside,False,,,,,,,fold_1;fold_2
2019-11-03,2019-11-04,outside,False,,,,,,,fold_1;fold_2
2019-11-04,2019-11-05,outside,False,,,,,,,fold_1;fold_2
2019-11-05,2019-11-06,outside,False,,,,,,,fold_1;fold_2
2019-11-06,2019-11-07,outside,False,,,,,,,fold_1;fold_2
2019-11-07,2019-11-08,outside,False,,,,,,,fold_1;fold_2
2019-11-08,2019-11-09,outside,False,,,,,,,fold_1;fold_2
2019-11-09,2019-11-10,outside,False,,,,,,,fold_1;fold_2
2019-11-10,2019-11-11,outside,False,,,,,,,fold_1;fold_2
2019-11-11,2019-11-12,outside,False,,,,,,,fold_1;fold_2
2019-11-12,2019-11-13,outside,False,,,,,,,fold_1;fold_2
2019-11-13,2019-11-14,outside,False,,,,,,,fold_1;fold_2
2019-11-14,2019-11-15,outside,False,,,,,,,fold_1;fold_2
2019-11-15,2019-11-16,outside,False,,,,,,,fold_1;fold_2
2019-11-16,2019-11-17,outside,False,,,,,,,fold_1;fold_2
2019-11-17,2019-11-18,outside,False,,,,,,,fold_1;fold_2
2019-11-18,2019-11-19,outside,False,,,,,,,fold_1;fold_2
2019-11-19,2019-11-20,outside,False,,,,,,,fold_1;fold_2
2019-11-20,2019-11-21,outside,False,,,,,,,fold_1;fold_2
2019-11-21,2019-11-22,outside,False,,,,,,,fold_1;fold_2
2019-11-22,2019-11-23,outside,False,,,,,,,fold_1;fold_2
2019-11-23,2019-11-24,outside,False,,,,,,,fold_1;fold_2
2019-11-24,2019-11-25,outside,False,,,,,,,fold_1;fold_2
2019-11-25,2019-11-26,outside,False,,,,,,,fold_1;fold_2
2019-11-26,2019-11-27,outside,False,,,,,,,fold_1;fold_2
2019-11-27,2019-11-28,outside,False,,,,,,,fold_1;fold_2
2019-11-28,2019-11-29,outside,False,,,,,,,fold_1;fold_2
2019-11-29,2019-11-30,outside,False,,,,,,,fold_1;fold_2
2019-11-30,2019-12-01,outside,False,,,,,,,fold_1;fold_2
2019-12-01,2019-12-02,outside,False,,,,,,,fold_1;fold_2
2019-12-02,2019-12-03,outside,False,,,,,,,fold_1;fold_2
2019-12-03,2019-12-04,outside,False,,,,,,,fold_1;fold_2
2019-12-04,2019-12-05,outside,False,,,,,,,fold_1;fold_2
2019-12-05,2019-12-06,outside,False,,,,,,,fold_1;fold_2
2019-12-06,2019-12-07,outside,False,,,,,,,fold_1;fold_2
2019-12-07,2019-12-08,outside,False,,,,,,,fold_1;fold_2
2019-12-08,2019-12-09,outside,False,,,,,,,fold_1;fold_2
2019-12-09,2019-12-10,outside,False,,,,,,,fold_1;fold_2
2019-12-10,2019-12-11,outside,False,,,,,,,fold_1;fold_2
2019-12-11,2019-12-12,outside,False,,,,,,,fold_1;fold_2
2019-12-12,2019-12-13,outside,False,,,,,,,fold_1;fold_2
2019-12-13,2019-12-14,outside,False,,,,,,,fold_1;fold_2
2019-12-14,2019-12-15,outside,False,,,,,,,fold_1;fold_2
2019-12-15,2019-12-16,outside,False,,,,,,,fold_1;fold_2
2019-12-16,2019-12-17,outside,False,,,,,,,fold_1;fold_2
2019-12-17,2019-12-18,outside,False,,,,,,,fold_1;fold_2
2019-12-18,2019-12-19,outside,False,,,,,,,fold_1;fold_2
2019-12-19,2019-12-20,outside,False,,,,,,,fold_1;fold_2
2019-12-20,2019-12-21,outside,False,,,,,,,fold_1;fold_2
2019-12-21,2019-12-22,outside,False,,,,,,,fold_1;fold_2
2019-12-22,2019-12-23,outside,False,,,,,,,fold_1;fold_2
2019-12-23,2019-12-24,outside,False,,,,,,,fold_1;fold_2
2019-12-24,2019-12-25,outside,False,,,,,,,fold_1;fold_2
2019-12-25,2019-12-26,outside,False,,,,,,,fold_1;fold_2
2019-12-26,2019-12-27,outside,False,,,,,,,fold_1;fold_2
2019-12-27,2019-12-28,outside,False,,,,,,,fold_1;fold_2
2019-12-28,2019-12-29,outside,False,,,,,,,fold_1;fold_2
2019-12-29,2019-12-30,outside,False,,,,,,,fold_1;fold_2
2019-12-30,2019-12-31,outside,False,,,,,,,fold_1;fold_2
2019-12-31,2020-01-01,outside,False,,,,,,,fold_1;fold_2
2020-01-01,2020-01-02,inside,True,3243431771,data/2020/1/1/20200101_00.zarr.zip,pass,93,,,fold_1;fold_2
2020-01-02,2020-01-03,inside,True,3256979458,data/2020/1/2/20200102_00.zarr.zip,pass,93,,,fold_1;fold_2
2020-01-03,2020-01-04,inside,True,3264039546,data/2020/1/3/20200103_00.zarr.zip,pass,93,,,fold_1;fold_2
2020-01-04,2020-01-05,inside,True,3254367508,data/2020/1/4/20200104_00.zarr.zip,pass,93,,,fold_1;fold_2
2020-01-05,2020-01-06,inside,True,3242658247,data/2020/1/5/20200105_00.zarr.zip,pass,93,,,fold_1;fold_2
2020-01-06,2020-01-07,inside,True,3241784604,data/2020/1/6/20200106_00.zarr.zip,pass,93,,,fold_1;fold_2
2020-01-07,2020-01-08,inside,True,3252863944,data/2020/1/7/20200107_00.zarr.zip,pass,93,,,fold_1;fold_2
2020-01-08,2020-01-09,inside,True,3273351652,data/2020/1/8/20200108_00.zarr.zip,pass,93,,,fold_1;fold_2
2020-01-09,2020-01-10,inside,True,3273277607,data/2020/1/9/20200109_00.zarr.zip,pass,93,,,fold_1;fold_2
2020-01-10,2020-01-11,inside,True,3263275418,data/2020/1/10/20200110_00.zarr.zip,pass,93,,,fold_1;fold_2
2020-01-11,2020-01-12,inside,True,3248180930,data/2020/1/11/20200111_00.zarr.zip,pass,93,,,fold_1;fold_2
2020-01-12,2020-01-13,inside,True,3266823644,data/2020/1/12/20200112_00.zarr.zip,pass,93,,,fold_1;fold_2
2020-01-13,2020-01-14,inside,True,3267299055,data/2020/1/13/20200113_00.zarr.zip,pass,93,,,fold_1;fold_2
2020-01-14,2020-01-15,inside,True,3272749653,data/2020/1/14/20200114_00.zarr.zip,pass,93,,,fold_1;fold_2
2020-01-15,2020-01-16,inside,True,3279759880,data/2020/1/15/20200115_00.zarr.zip,pass,93,,,fold_1;fold_2
2020-01-16,2020-01-17,inside,True,3278664116,data/2020/1/16/20200116_00.zarr.zip,pass,93,,,fold_1;fold_2
2020-01-17,2020-01-18,inside,True,3258169810,data/2020/1/17/20200117_00.zarr.zip,pass,93,,,fold_1;fold_2
2020-01-18,2020-01-19,inside,True,3249154946,data/2020/1/18/20200118_00.zarr.zip,pass,93,,,fold_1;fold_2
2020-01-19,2020-01-20,inside,True,3238707587,data/2020/1/19/20200119_00.zarr.zip,pass,93,,,fold_1;fold_2
2020-01-20,2020-01-21,inside,True,3233894064,data/2020/1/20/20200120_00.zarr.zip,pass,93,,,fold_1;fold_2
2020-01-21,2020-01-22,inside,True,3252589619,data/2020/1/21/20200121_00.zarr.zip,pass,93,,,fold_1;fold_2
2020-01-22,2020-01-23,inside,True,3246747272,data/2020/1/22/20200122_00.zarr.zip,pass,93,,,fold_1;fold_2
2020-01-23,2020-01-24,inside,True,3258430390,data/2020/1/23/20200123_00.zarr.zip,pass,93,,,fold_1;fold_2
2020-01-24,2020-01-25,inside,True,3281080523,data/2020/1/24/20200124_00.zarr.zip,pass,93,,,fold_1;fold_2
2020-01-25,2020-01-26,inside,True,3281875883,data/2020/1/25/20200125_00.zarr.zip,pass,93,,,fold_1;fold_2
2020-01-26,2020-01-27,inside,True,3281335398,data/2020/1/26/20200126_00.zarr.zip,pass,93,,,fold_1;fold_2
2020-01-27,2020-01-28,inside,True,3300773748,data/2020/1/27/20200127_00.zarr.zip,pass,93,,,fold_1;fold_2
2020-01-28,2020-01-29,inside,True,3306646925,data/2020/1/28/20200128_00.zarr.zip,pass,93,,,fold_1;fold_2
2020-01-29,2020-01-30,inside,True,3296381897,data/2020/1/29/20200129_00.zarr.zip,pass,93,,,fold_1;fold_2
2020-01-30,2020-01-31,inside,True,3289202187,data/2020/1/30/20200130_00.zarr.zip,pass,93,,,fold_1;fold_2
2020-01-31,2020-02-01,inside,True,3285548078,data/2020/1/31/20200131_00.zarr.zip,pass,93,,,fold_1;fold_2
2020-02-01,2020-02-02,inside,False,,,,,,,fold_1;fold_2
2020-02-02,2020-02-03,inside,True,3254476825,data/2020/2/2/20200202_00.zarr.zip,pass,93,,,fold_1;fold_2
2020-02-03,2020-02-04,inside,True,3245105608,data/2020/2/3/20200203_00.zarr.zip,pass,93,,,fold_1;fold_2
2020-02-04,2020-02-05,inside,True,3236675350,data/2020/2/4/20200204_00.zarr.zip,pass,93,,,fold_1;fold_2
2020-02-05,2020-02-06,inside,True,3226179189,data/2020/2/5/20200205_00.zarr.zip,pass,93,,,fold_1;fold_2
2020-02-06,2020-02-07,inside,True,3242602435,data/2020/2/6/20200206_00.zarr.zip,pass,93,,,fold_1;fold_2
2020-02-07,2020-02-08,inside,True,3236531106,data/2020/2/7/20200207_00.zarr.zip,pass,93,,,fold_1;fold_2
2020-02-08,2020-02-09,inside,True,3245948618,data/2020/2/8/20200208_00.zarr.zip,pass,93,,,fold_1;fold_2
2020-02-09,2020-02-10,inside,True,3263909147,data/2020/2/9/20200209_00.zarr.zip,pass,93,,,fold_1;fold_2
2020-02-10,2020-02-11,inside,True,3303659572,data/2020/2/10/20200210_00.zarr.zip,pass,93,,,fold_1;fold_2
2020-02-11,2020-02-12,inside,True,3314033788,data/2020/2/11/20200211_00.zarr.zip,pass,93,,,fold_1;fold_2
2020-02-12,2020-02-13,inside,True,3298550762,data/2020/2/12/20200212_00.zarr.zip,pass,93,,,fold_1;fold_2
2020-02-13,2020-02-14,inside,True,1632643889,data/2020/2/13/20200213_00.zarr.zip,fail,93,u_10m/.zarray;v_10m/.zarray,,fold_1;fold_2
2020-02-14,2020-02-15,inside,True,3264248544,data/2020/2/14/20200214_00.zarr.zip,pass,93,,,fold_1;fold_2
2020-02-15,2020-02-16,inside,True,3291651347,data/2020/2/15/20200215_00.zarr.zip,pass,93,,,fold_1;fold_2
2020-02-16,2020-02-17,inside,True,3306967452,data/2020/2/16/20200216_00.zarr.zip,pass,93,,,fold_1;fold_2
2020-02-17,2020-02-18,inside,True,3325725661,data/2020/2/17/20200217_00.zarr.zip,pass,93,,,fold_1;fold_2
2020-02-18,2020-02-19,inside,True,3329018625,data/2020/2/18/20200218_00.zarr.zip,pass,93,,,fold_1;fold_2
2020-02-19,2020-02-20,inside,True,3313250907,data/2020/2/19/20200219_00.zarr.zip,pass,93,,,fold_1;fold_2
2020-02-20,2020-02-21,inside,True,3296395527,data/2020/2/20/20200220_00.zarr.zip,pass,93,,,fold_1;fold_2
2020-02-21,2020-02-22,inside,True,3286314444,data/2020/2/21/20200221_00.zarr.zip,pass,93,,,fold_1;fold_2
2020-02-22,2020-02-23,inside,True,3264099693,data/2020/2/22/20200222_00.zarr.zip,pass,93,,,fold_1;fold_2
2020-02-23,2020-02-24,inside,True,3249331904,data/2020/2/23/20200223_00.zarr.zip,pass,93,,,fold_1;fold_2
2020-02-24,2020-02-25,inside,True,3253841544,data/2020/2/24/20200224_00.zarr.zip,pass,93,,,fold_1;fold_2
2020-02-25,2020-02-26,inside,True,3263036603,data/2020/2/25/20200225_00.zarr.zip,pass,93,,,fold_1;fold_2
2020-02-26,2020-02-27,inside,True,3272999360,data/2020/2/26/20200226_00.zarr.zip,pass,93,,,fold_1;fold_2
2020-02-27,2020-02-28,inside,True,3276560978,data/2020/2/27/20200227_00.zarr.zip,pass,93,,,fold_1;fold_2
2020-02-28,2020-02-29,inside,True,3272924743,data/2020/2/28/20200228_00.zarr.zip,pass,93,,,fold_1;fold_2
2020-02-29,2020-03-01,inside,True,3279979059,data/2020/2/29/20200229_00.zarr.zip,pass,93,,,fold_1;fold_2
2020-03-01,2020-03-02,inside,True,3274762997,data/2020/3/1/20200301_00.zarr.zip,pass,93,,,fold_1;fold_2
2020-03-02,2020-03-03,inside,True,3280741713,data/2020/3/2/20200302_00.zarr.zip,pass,93,,,fold_1;fold_2
2020-03-03,2020-03-04,inside,True,3292351212,data/2020/3/3/20200303_00.zarr.zip,pass,93,,,fold_1;fold_2
2020-03-04,2020-03-05,inside,True,3335235010,data/2020/3/4/20200304_00.zarr.zip,pass,93,,,fold_1;fold_2
2020-03-05,2020-03-06,inside,True,3339168841,data/2020/3/5/20200305_00.zarr.zip,pass,93,,,fold_1;fold_2
2020-03-06,2020-03-07,inside,True,3320218858,data/2020/3/6/20200306_00.zarr.zip,pass,93,,,fold_1;fold_2
2020-03-07,2020-03-08,inside,True,3316281233,data/2020/3/7/20200307_00.zarr.zip,pass,93,,,fold_1;fold_2
2020-03-08,2020-03-09,inside,True,3303200000,data/2020/3/8/20200308_00.zarr.zip,pass,93,,,fold_1;fold_2
2020-03-09,2020-03-10,inside,True,3303094862,data/2020/3/9/20200309_00.zarr.zip,pass,93,,,fold_1;fold_2
2020-03-10,2020-03-11,inside,True,3307268372,data/2020/3/10/20200310_00.zarr.zip,pass,93,,,fold_1;fold_2
2020-03-11,2020-03-12,inside,True,3321776674,data/2020/3/11/20200311_00.zarr.zip,pass,93,,,fold_1;fold_2
2020-03-12,2020-03-13,inside,True,3323613459,data/2020/3/12/20200312_00.zarr.zip,pass,93,,,fold_1;fold_2
2020-03-13,2020-03-14,inside,True,3322100217,data/2020/3/13/20200313_00.zarr.zip,pass,93,,,fold_1;fold_2
2020-03-14,2020-03-15,inside,True,3317979456,data/2020/3/14/20200314_00.zarr.zip,pass,93,,,fold_1;fold_2
2020-03-15,2020-03-16,inside,True,3320753462,data/2020/3/15/20200315_00.zarr.zip,pass,93,,,fold_1;fold_2
2020-03-16,2020-03-17,inside,True,3309679352,data/2020/3/16/20200316_00.zarr.zip,pass,93,,,fold_1;fold_2
2020-03-17,2020-03-18,inside,True,3313642680,data/2020/3/17/20200317_00.zarr.zip,pass,93,,,fold_1;fold_2
2020-03-18,2020-03-19,inside,True,3309399917,data/2020/3/18/20200318_00.zarr.zip,pass,93,,,fold_1;fold_2
2020-03-19,2020-03-20,inside,True,3323437066,data/2020/3/19/20200319_00.zarr.zip,pass,93,,,fold_1;fold_2
2020-03-20,2020-03-21,inside,True,3300620918,data/2020/3/20/20200320_00.zarr.zip,pass,93,,,fold_1;fold_2
2020-03-21,2020-03-22,inside,True,3296647740,data/2020/3/21/20200321_00.zarr.zip,pass,93,,,fold_1;fold_2
2020-03-22,2020-03-23,inside,True,3294306531,data/2020/3/22/20200322_00.zarr.zip,pass,93,,,fold_1;fold_2
2020-03-23,2020-03-24,inside,True,3283616864,data/2020/3/23/20200323_00.zarr.zip,pass,93,,,fold_1;fold_2
2020-03-24,2020-03-25,inside,True,3287778539,data/2020/3/24/20200324_00.zarr.zip,pass,93,,,fold_1;fold_2
2020-03-25,2020-03-26,inside,True,3302292699,data/2020/3/25/20200325_00.zarr.zip,pass,93,,,fold_1;fold_2
2020-03-26,2020-03-27,inside,True,3292883843,data/2020/3/26/20200326_00.zarr.zip,pass,93,,,fold_1;fold_2
2020-03-27,2020-03-28,inside,True,3297112207,data/2020/3/27/20200327_00.zarr.zip,pass,93,,,fold_1;fold_2
2020-03-28,2020-03-29,inside,True,3295244971,data/2020/3/28/20200328_00.zarr.zip,pass,93,,,fold_1;fold_2
2020-03-29,2020-03-30,inside,True,3297314478,data/2020/3/29/20200329_00.zarr.zip,pass,93,,,fold_1;fold_2
2020-03-30,2020-03-31,inside,True,3297294056,data/2020/3/30/20200330_00.zarr.zip,pass,93,,,fold_1;fold_2
2020-03-31,2020-04-01,inside,True,3292202459,data/2020/3/31/20200331_00.zarr.zip,pass,93,,,fold_1;fold_2
2020-04-01,2020-04-02,inside,True,3296153461,data/2020/4/1/20200401_00.zarr.zip,pass,93,,,fold_1;fold_2
2020-04-02,2020-04-03,inside,True,3269044373,data/2020/4/2/20200402_00.zarr.zip,pass,93,,,fold_1;fold_2
2020-04-03,2020-04-04,inside,False,,,,,,,fold_1;fold_2
2020-04-04,2020-04-05,inside,True,3179798249,data/2020/4/4/20200404_00.zarr.zip,pass,93,,,fold_1;fold_2
2020-04-05,2020-04-06,inside,True,3173685020,data/2020/4/5/20200405_00.zarr.zip,pass,93,,,fold_1;fold_2
2020-04-06,2020-04-07,inside,True,3204805994,data/2020/4/6/20200406_00.zarr.zip,pass,93,,,fold_1;fold_2
2020-04-07,2020-04-08,inside,False,,,,,,,fold_1;fold_2
2020-04-08,2020-04-09,inside,True,3257526989,data/2020/4/8/20200408_00.zarr.zip,pass,93,,,fold_1;fold_2
2020-04-09,2020-04-10,inside,True,3255041729,data/2020/4/9/20200409_00.zarr.zip,pass,93,,,fold_1;fold_2
2020-04-10,2020-04-11,inside,True,3260528196,data/2020/4/10/20200410_00.zarr.zip,pass,93,,,fold_1;fold_2
2020-04-11,2020-04-12,inside,True,3259396789,data/2020/4/11/20200411_00.zarr.zip,pass,93,,,fold_1;fold_2
2020-04-12,2020-04-13,inside,True,3273134179,data/2020/4/12/20200412_00.zarr.zip,pass,93,,,fold_1;fold_2
2020-04-13,2020-04-14,inside,True,3290877970,data/2020/4/13/20200413_00.zarr.zip,pass,93,,,fold_1;fold_2
2020-04-14,2020-04-15,inside,True,3317131666,data/2020/4/14/20200414_00.zarr.zip,pass,93,,,fold_1;fold_2
2020-04-15,2020-04-16,inside,True,3323265253,data/2020/4/15/20200415_00.zarr.zip,pass,93,,,fold_1;fold_2
2020-04-16,2020-04-17,inside,True,3318321002,data/2020/4/16/20200416_00.zarr.zip,pass,93,,,fold_1;fold_2
2020-04-17,2020-04-18,inside,True,3328793813,data/2020/4/17/20200417_00.zarr.zip,pass,93,,,fold_1;fold_2
2020-04-18,2020-04-19,inside,True,3305677376,data/2020/4/18/20200418_00.zarr.zip,pass,93,,,fold_1;fold_2
2020-04-19,2020-04-20,inside,True,3269751133,data/2020/4/19/20200419_00.zarr.zip,pass,93,,,fold_1;fold_2
2020-04-20,2020-04-21,inside,True,3260178000,data/2020/4/20/20200420_00.zarr.zip,pass,93,,,fold_1;fold_2
2020-04-21,2020-04-22,inside,True,3272481911,data/2020/4/21/20200421_00.zarr.zip,pass,93,,,fold_1;fold_2
2020-04-22,2020-04-23,inside,True,3287453196,data/2020/4/22/20200422_00.zarr.zip,pass,93,,,fold_1;fold_2
2020-04-23,2020-04-24,inside,True,3318037903,data/2020/4/23/20200423_00.zarr.zip,pass,93,,,fold_1;fold_2
2020-04-24,2020-04-25,inside,True,3349056929,data/2020/4/24/20200424_00.zarr.zip,pass,93,,,fold_1;fold_2
2020-04-25,2020-04-26,inside,True,3375631793,data/2020/4/25/20200425_00.zarr.zip,pass,93,,,fold_1;fold_2
2020-04-26,2020-04-27,inside,True,3364212826,data/2020/4/26/20200426_00.zarr.zip,pass,93,,,fold_1;fold_2
2020-04-27,2020-04-28,inside,True,3354998604,data/2020/4/27/20200427_00.zarr.zip,pass,93,,,fold_1;fold_2
2020-04-28,2020-04-29,inside,True,3348826445,data/2020/4/28/20200428_00.zarr.zip,pass,93,,,fold_1;fold_2
2020-04-29,2020-04-30,inside,True,3369895732,data/2020/4/29/20200429_00.zarr.zip,pass,93,,,fold_1;fold_2
2020-04-30,2020-05-01,inside,True,3370281081,data/2020/4/30/20200430_00.zarr.zip,pass,93,,,fold_1;fold_2
2020-05-01,2020-05-02,inside,True,3370048991,data/2020/5/1/20200501_00.zarr.zip,pass,93,,,fold_1;fold_2
2020-05-02,2020-05-03,inside,True,3355802885,data/2020/5/2/20200502_00.zarr.zip,pass,93,,,fold_1;fold_2
2020-05-03,2020-05-04,inside,True,3343861187,data/2020/5/3/20200503_00.zarr.zip,pass,93,,,fold_1;fold_2
2020-05-04,2020-05-05,inside,True,3350813482,data/2020/5/4/20200504_00.zarr.zip,pass,93,,,fold_1;fold_2
2020-05-05,2020-05-06,inside,True,3358539818,data/2020/5/5/20200505_00.zarr.zip,pass,93,,,fold_1;fold_2
2020-05-06,2020-05-07,inside,True,3374621818,data/2020/5/6/20200506_00.zarr.zip,pass,93,,,fold_1;fold_2
2020-05-07,2020-05-08,inside,True,3380254164,data/2020/5/7/20200507_00.zarr.zip,pass,93,,,fold_1;fold_2
2020-05-08,2020-05-09,inside,True,3373562411,data/2020/5/8/20200508_00.zarr.zip,pass,93,,,fold_1;fold_2
2020-05-09,2020-05-10,inside,True,3376614639,data/2020/5/9/20200509_00.zarr.zip,pass,93,,,fold_1;fold_2
2020-05-10,2020-05-11,inside,True,3362196363,data/2020/5/10/20200510_00.zarr.zip,pass,93,,,fold_1;fold_2
2020-05-11,2020-05-12,inside,True,3364434344,data/2020/5/11/20200511_00.zarr.zip,pass,93,,,fold_1;fold_2
2020-05-12,2020-05-13,inside,True,3363379705,data/2020/5/12/20200512_00.zarr.zip,pass,93,,,fold_1;fold_2
2020-05-13,2020-05-14,inside,True,3356963072,data/2020/5/13/20200513_00.zarr.zip,pass,93,,,fold_1;fold_2
2020-05-14,2020-05-15,inside,True,3352847307,data/2020/5/14/20200514_00.zarr.zip,pass,93,,,fold_1;fold_2
2020-05-15,2020-05-16,inside,True,3353773208,data/2020/5/15/20200515_00.zarr.zip,pass,93,,,fold_1;fold_2
2020-05-16,2020-05-17,inside,True,3353761027,data/2020/5/16/20200516_00.zarr.zip,pass,93,,,fold_1;fold_2
2020-05-17,2020-05-18,inside,True,3343370919,data/2020/5/17/20200517_00.zarr.zip,pass,93,,,fold_1;fold_2
2020-05-18,2020-05-19,inside,True,3324615552,data/2020/5/18/20200518_00.zarr.zip,pass,93,,,fold_1;fold_2
2020-05-19,2020-05-20,inside,True,3310421648,data/2020/5/19/20200519_00.zarr.zip,pass,93,,,fold_1;fold_2
2020-05-20,2020-05-21,inside,True,3297459861,data/2020/5/20/20200520_00.zarr.zip,pass,93,,,fold_1;fold_2
2020-05-21,2020-05-22,inside,True,3294542506,data/2020/5/21/20200521_00.zarr.zip,pass,93,,,fold_1;fold_2
2020-05-22,2020-05-23,inside,True,3292065998,data/2020/5/22/20200522_00.zarr.zip,pass,93,,,fold_1;fold_2
2020-05-23,2020-05-24,inside,True,3302434985,data/2020/5/23/20200523_00.zarr.zip,pass,93,,,fold_1;fold_2
2020-05-24,2020-05-25,inside,True,3295732549,data/2020/5/24/20200524_00.zarr.zip,pass,93,,,fold_1;fold_2
2020-05-25,2020-05-26,inside,True,3303193543,data/2020/5/25/20200525_00.zarr.zip,pass,93,,,fold_1;fold_2
2020-05-26,2020-05-27,inside,True,3305967042,data/2020/5/26/20200526_00.zarr.zip,pass,93,,,fold_1;fold_2
2020-05-27,2020-05-28,inside,True,3317342434,data/2020/5/27/20200527_00.zarr.zip,pass,93,,,fold_1;fold_2
2020-05-28,2020-05-29,inside,True,3311330407,data/2020/5/28/20200528_00.zarr.zip,pass,93,,,fold_1;fold_2
2020-05-29,2020-05-30,inside,True,3329884704,data/2020/5/29/20200529_00.zarr.zip,pass,93,,,fold_1;fold_2
2020-05-30,2020-05-31,inside,True,3342750143,data/2020/5/30/20200530_00.zarr.zip,pass,93,,,fold_1;fold_2
2020-05-31,2020-06-01,inside,True,3347616127,data/2020/5/31/20200531_00.zarr.zip,pass,93,,,fold_1;fold_2
2020-06-01,2020-06-02,inside,False,,,,,,,fold_1;fold_2
2020-06-02,2020-06-03,inside,True,3342322579,data/2020/6/2/20200602_00.zarr.zip,pass,93,,,fold_1;fold_2
2020-06-03,2020-06-04,inside,True,3354062630,data/2020/6/3/20200603_00.zarr.zip,pass,93,,,fold_1;fold_2;fold_3
2020-06-04,2020-06-05,inside,True,3348160698,data/2020/6/4/20200604_00.zarr.zip,pass,93,,,fold_1;fold_2;fold_3
2020-06-05,2020-06-06,inside,False,,,,,,,fold_1;fold_2;fold_3
2020-06-06,2020-06-07,inside,True,3364945716,data/2020/6/6/20200606_00.zarr.zip,pass,93,,,fold_1;fold_2;fold_3
2020-06-07,2020-06-08,inside,True,3380204421,data/2020/6/7/20200607_00.zarr.zip,pass,93,,,fold_1;fold_2;fold_3
2020-06-08,2020-06-09,inside,True,3361041078,data/2020/6/8/20200608_00.zarr.zip,pass,93,,,fold_1;fold_2;fold_3
2020-06-09,2020-06-10,inside,True,3341606109,data/2020/6/9/20200609_00.zarr.zip,pass,93,,,fold_1;fold_2;fold_3
2020-06-10,2020-06-11,inside,True,3321796991,data/2020/6/10/20200610_00.zarr.zip,pass,93,,,fold_1;fold_2;fold_3
2020-06-11,2020-06-12,inside,True,3310544720,data/2020/6/11/20200611_00.zarr.zip,pass,93,,,fold_1;fold_2;fold_3
2020-06-12,2020-06-13,inside,True,3329605544,data/2020/6/12/20200612_00.zarr.zip,pass,93,,,fold_1;fold_2;fold_3
2020-06-13,2020-06-14,inside,True,3344206240,data/2020/6/13/20200613_00.zarr.zip,pass,93,,,fold_1;fold_2;fold_3
2020-06-14,2020-06-15,inside,True,3346545457,data/2020/6/14/20200614_00.zarr.zip,pass,93,,,fold_1;fold_2;fold_3
2020-06-15,2020-06-16,inside,True,3353408907,data/2020/6/15/20200615_00.zarr.zip,pass,93,,,fold_1;fold_2;fold_3
2020-06-16,2020-06-17,inside,True,3340647536,data/2020/6/16/20200616_00.zarr.zip,pass,93,,,fold_1;fold_2;fold_3
2020-06-17,2020-06-18,inside,True,3313332231,data/2020/6/17/20200617_00.zarr.zip,pass,93,,,fold_1;fold_2;fold_3
2020-06-18,2020-06-19,inside,True,3292269231,data/2020/6/18/20200618_00.zarr.zip,pass,93,,,fold_1;fold_2;fold_3
2020-06-19,2020-06-20,inside,True,3267451902,data/2020/6/19/20200619_00.zarr.zip,pass,93,,,fold_1;fold_2;fold_3
2020-06-20,2020-06-21,inside,True,3254142802,data/2020/6/20/20200620_00.zarr.zip,pass,93,,,fold_1;fold_2;fold_3
2020-06-21,2020-06-22,inside,True,3263690609,data/2020/6/21/20200621_00.zarr.zip,pass,93,,,fold_1;fold_2;fold_3
2020-06-22,2020-06-23,inside,True,3274130706,data/2020/6/22/20200622_00.zarr.zip,pass,93,,,fold_1;fold_2;fold_3
2020-06-23,2020-06-24,inside,True,3270213484,data/2020/6/23/20200623_00.zarr.zip,pass,93,,,fold_1;fold_2;fold_3
2020-06-24,2020-06-25,inside,True,3262812779,data/2020/6/24/20200624_00.zarr.zip,pass,93,,,fold_1;fold_2;fold_3
2020-06-25,2020-06-26,inside,False,,,,,,,fold_1;fold_2;fold_3
2020-06-26,2020-06-27,inside,True,3269170143,data/2020/6/26/20200626_00.zarr.zip,pass,93,,,fold_1;fold_2;fold_3
2020-06-27,2020-06-28,inside,True,3267454527,data/2020/6/27/20200627_00.zarr.zip,pass,93,,,fold_1;fold_2;fold_3
2020-06-28,2020-06-29,inside,True,3280824150,data/2020/6/28/20200628_00.zarr.zip,pass,93,,,fold_1;fold_2;fold_3
2020-06-29,2020-06-30,inside,True,3297571803,data/2020/6/29/20200629_00.zarr.zip,pass,93,,,fold_1;fold_2;fold_3
2020-06-30,2020-07-01,inside,True,3316795844,data/2020/6/30/20200630_00.zarr.zip,pass,93,,,fold_1;fold_2;fold_3
2020-07-01,2020-07-02,inside,True,3318595707,data/2020/7/1/20200701_00.zarr.zip,pass,93,,,fold_1;fold_2;fold_3
2020-07-02,2020-07-03,inside,True,3308238540,data/2020/7/2/20200702_00.zarr.zip,pass,93,,,fold_1;fold_2;fold_3
2020-07-03,2020-07-04,inside,False,,,,,,,fold_1;fold_2;fold_3
2020-07-04,2020-07-05,inside,True,3306199808,data/2020/7/4/20200704_00.zarr.zip,pass,93,,,fold_1;fold_2;fold_3
2020-07-05,2020-07-06,inside,True,3319040082,data/2020/7/5/20200705_00.zarr.zip,pass,93,,,fold_1;fold_2;fold_3
2020-07-06,2020-07-07,inside,True,3333734648,data/2020/7/6/20200706_00.zarr.zip,pass,93,,,fold_1;fold_2;fold_3
2020-07-07,2020-07-08,inside,True,3330802375,data/2020/7/7/20200707_00.zarr.zip,pass,93,,,fold_1;fold_2;fold_3
2020-07-08,2020-07-09,inside,True,3322921647,data/2020/7/8/20200708_00.zarr.zip,pass,93,,,fold_1;fold_2;fold_3
2020-07-09,2020-07-10,inside,True,3319596525,data/2020/7/9/20200709_00.zarr.zip,pass,93,,,fold_1;fold_2;fold_3
2020-07-10,2020-07-11,inside,True,3320051296,data/2020/7/10/20200710_00.zarr.zip,pass,93,,,fold_1;fold_2;fold_3
2020-07-11,2020-07-12,inside,True,3320244297,data/2020/7/11/20200711_00.zarr.zip,pass,93,,,fold_1;fold_2;fold_3
2020-07-12,2020-07-13,inside,True,3325844309,data/2020/7/12/20200712_00.zarr.zip,pass,93,,,fold_1;fold_2;fold_3
2020-07-13,2020-07-14,inside,False,,,,,,,fold_1;fold_2;fold_3
2020-07-14,2020-07-15,inside,False,,,,,,,fold_1;fold_2;fold_3
2020-07-15,2020-07-16,inside,True,3307629410,data/2020/7/15/20200715_00.zarr.zip,pass,93,,,fold_1;fold_2;fold_3
2020-07-16,2020-07-17,inside,True,3290111150,data/2020/7/16/20200716_00.zarr.zip,pass,93,,,fold_1;fold_2;fold_3
2020-07-17,2020-07-18,inside,True,3307562639,data/2020/7/17/20200717_00.zarr.zip,pass,93,,,fold_1;fold_2;fold_3
2020-07-18,2020-07-19,inside,True,3315895911,data/2020/7/18/20200718_00.zarr.zip,pass,93,,,fold_1;fold_2;fold_3
2020-07-19,2020-07-20,inside,True,3334251463,data/2020/7/19/20200719_00.zarr.zip,pass,93,,,fold_1;fold_2;fold_3
2020-07-20,2020-07-21,inside,True,3325458031,data/2020/7/20/20200720_00.zarr.zip,pass,93,,,fold_1;fold_2;fold_3
2020-07-21,2020-07-22,inside,True,3323799539,data/2020/7/21/20200721_00.zarr.zip,pass,93,,,fold_1;fold_2;fold_3
2020-07-22,2020-07-23,inside,True,3311275569,data/2020/7/22/20200722_00.zarr.zip,pass,93,,,fold_1;fold_2;fold_3
2020-07-23,2020-07-24,inside,True,3320319479,data/2020/7/23/20200723_00.zarr.zip,pass,93,,,fold_1;fold_2;fold_3
2020-07-24,2020-07-25,inside,True,3308082480,data/2020/7/24/20200724_00.zarr.zip,pass,93,,,fold_1;fold_2;fold_3
2020-07-25,2020-07-26,inside,True,3316539082,data/2020/7/25/20200725_00.zarr.zip,pass,93,,,fold_1;fold_2;fold_3
2020-07-26,2020-07-27,inside,False,,,,,,,fold_1;fold_2;fold_3
2020-07-27,2020-07-28,inside,True,3309974304,data/2020/7/27/20200727_00.zarr.zip,pass,93,,,fold_1;fold_2;fold_3
2020-07-28,2020-07-29,inside,True,3284698030,data/2020/7/28/20200728_00.zarr.zip,pass,93,,,fold_1;fold_2;fold_3
2020-07-29,2020-07-30,inside,True,3253259057,data/2020/7/29/20200729_00.zarr.zip,pass,93,,,fold_1;fold_2;fold_3
2020-07-30,2020-07-31,inside,True,3253677630,data/2020/7/30/20200730_00.zarr.zip,pass,93,,,fold_1;fold_2;fold_3
2020-07-31,2020-08-01,inside,True,3272375487,data/2020/7/31/20200731_00.zarr.zip,pass,93,,,fold_1;fold_2;fold_3
2020-08-01,2020-08-02,inside,True,3300509692,data/2020/8/1/20200801_00.zarr.zip,pass,93,,,fold_1;fold_2;fold_3
2020-08-02,2020-08-03,inside,True,3305164842,data/2020/8/2/20200802_00.zarr.zip,pass,93,,,fold_1;fold_2;fold_3
2020-08-03,2020-08-04,inside,True,3290641197,data/2020/8/3/20200803_00.zarr.zip,pass,93,,,fold_1;fold_2;fold_3
2020-08-04,2020-08-05,inside,True,3276702063,data/2020/8/4/20200804_00.zarr.zip,pass,93,,,fold_1;fold_2;fold_3
2020-08-05,2020-08-06,inside,True,3261695293,data/2020/8/5/20200805_00.zarr.zip,pass,93,,,fold_1;fold_2;fold_3
2020-08-06,2020-08-07,inside,True,3284234915,data/2020/8/6/20200806_00.zarr.zip,pass,93,,,fold_1;fold_2;fold_3
2020-08-07,2020-08-08,inside,True,3301365999,data/2020/8/7/20200807_00.zarr.zip,pass,93,,,fold_1;fold_2;fold_3
2020-08-08,2020-08-09,inside,True,3323347035,data/2020/8/8/20200808_00.zarr.zip,pass,93,,,fold_1;fold_2;fold_3
2020-08-09,2020-08-10,inside,True,3315493461,data/2020/8/9/20200809_00.zarr.zip,pass,93,,,fold_1;fold_2;fold_3
2020-08-10,2020-08-11,inside,True,3322575727,data/2020/8/10/20200810_00.zarr.zip,pass,93,,,fold_1;fold_2;fold_3
2020-08-11,2020-08-12,inside,True,3314914284,data/2020/8/11/20200811_00.zarr.zip,pass,93,,,fold_1;fold_2;fold_3
2020-08-12,2020-08-13,inside,True,3297266625,data/2020/8/12/20200812_00.zarr.zip,pass,93,,,fold_1;fold_2;fold_3
2020-08-13,2020-08-14,inside,True,3290809062,data/2020/8/13/20200813_00.zarr.zip,pass,93,,,fold_1;fold_2;fold_3
2020-08-14,2020-08-15,inside,True,3284774646,data/2020/8/14/20200814_00.zarr.zip,pass,93,,,fold_1;fold_2;fold_3
2020-08-15,2020-08-16,inside,True,3281284118,data/2020/8/15/20200815_00.zarr.zip,pass,93,,,fold_1;fold_2;fold_3
2020-08-16,2020-08-17,inside,True,3285003191,data/2020/8/16/20200816_00.zarr.zip,pass,93,,,fold_1;fold_2;fold_3
2020-08-17,2020-08-18,inside,True,3289583234,data/2020/8/17/20200817_00.zarr.zip,pass,93,,,fold_1;fold_2;fold_3
2020-08-18,2020-08-19,inside,True,3297961738,data/2020/8/18/20200818_00.zarr.zip,pass,93,,,fold_1;fold_2;fold_3
2020-08-19,2020-08-20,inside,True,3297333470,data/2020/8/19/20200819_00.zarr.zip,pass,93,,,fold_1;fold_2;fold_3
2020-08-20,2020-08-21,inside,True,3307286541,data/2020/8/20/20200820_00.zarr.zip,pass,93,,,fold_1;fold_2;fold_3
2020-08-21,2020-08-22,inside,True,3306254566,data/2020/8/21/20200821_00.zarr.zip,pass,93,,,fold_1;fold_2;fold_3
2020-08-22,2020-08-23,inside,True,3308000146,data/2020/8/22/20200822_00.zarr.zip,pass,93,,,fold_1;fold_2;fold_3
2020-08-23,2020-08-24,inside,True,3307940971,data/2020/8/23/20200823_00.zarr.zip,pass,93,,,fold_1;fold_2;fold_3
2020-08-24,2020-08-25,inside,True,3316108840,data/2020/8/24/20200824_00.zarr.zip,pass,93,,,fold_1;fold_2;fold_3
2020-08-25,2020-08-26,inside,True,3302573878,data/2020/8/25/20200825_00.zarr.zip,pass,93,,,fold_1;fold_2;fold_3
2020-08-26,2020-08-27,inside,True,3318596170,data/2020/8/26/20200826_00.zarr.zip,pass,93,,,fold_1;fold_2;fold_3
2020-08-27,2020-08-28,inside,True,3321460495,data/2020/8/27/20200827_00.zarr.zip,pass,93,,,fold_1;fold_2;fold_3
2020-08-28,2020-08-29,inside,True,3316343533,data/2020/8/28/20200828_00.zarr.zip,pass,93,,,fold_1;fold_2;fold_3
2020-08-29,2020-08-30,inside,True,3303085607,data/2020/8/29/20200829_00.zarr.zip,pass,93,,,fold_1;fold_2;fold_3
2020-08-30,2020-08-31,inside,True,3294259867,data/2020/8/30/20200830_00.zarr.zip,pass,93,,,fold_1;fold_2;fold_3
2020-08-31,2020-09-01,inside,True,3291331068,data/2020/8/31/20200831_00.zarr.zip,pass,93,,,fold_1;fold_2;fold_3
2020-09-01,2020-09-02,inside,True,3291172017,data/2020/9/1/20200901_00.zarr.zip,pass,93,,,fold_1;fold_2;fold_3
2020-09-02,2020-09-03,inside,True,3291628335,data/2020/9/2/20200902_00.zarr.zip,pass,93,,,fold_1;fold_2;fold_3
2020-09-03,2020-09-04,inside,True,3291987331,data/2020/9/3/20200903_00.zarr.zip,pass,93,,,fold_1;fold_2;fold_3
2020-09-04,2020-09-05,inside,True,3310985821,data/2020/9/4/20200904_00.zarr.zip,pass,93,,,fold_1;fold_2;fold_3
2020-09-05,2020-09-06,inside,True,3307720094,data/2020/9/5/20200905_00.zarr.zip,pass,93,,,fold_1;fold_2;fold_3
2020-09-06,2020-09-07,inside,True,3298791834,data/2020/9/6/20200906_00.zarr.zip,pass,93,,,fold_1;fold_2;fold_3
2020-09-07,2020-09-08,inside,True,3288775069,data/2020/9/7/20200907_00.zarr.zip,pass,93,,,fold_1;fold_2;fold_3
2020-09-08,2020-09-09,inside,True,3284917633,data/2020/9/8/20200908_00.zarr.zip,pass,93,,,fold_1;fold_2;fold_3
2020-09-09,2020-09-10,inside,True,3287323270,data/2020/9/9/20200909_00.zarr.zip,pass,93,,,fold_1;fold_2;fold_3
2020-09-10,2020-09-11,inside,True,3278042783,data/2020/9/10/20200910_00.zarr.zip,pass,93,,,fold_1;fold_2;fold_3
2020-09-11,2020-09-12,inside,True,3266790344,data/2020/9/11/20200911_00.zarr.zip,pass,93,,,fold_1;fold_2;fold_3
2020-09-12,2020-09-13,inside,True,3270626889,data/2020/9/12/20200912_00.zarr.zip,pass,93,,,fold_1;fold_2;fold_3
2020-09-13,2020-09-14,inside,True,3265776691,data/2020/9/13/20200913_00.zarr.zip,pass,93,,,fold_1;fold_2;fold_3
2020-09-14,2020-09-15,inside,True,3253632097,data/2020/9/14/20200914_00.zarr.zip,pass,93,,,fold_1;fold_2;fold_3
2020-09-15,2020-09-16,inside,True,3242539998,data/2020/9/15/20200915_00.zarr.zip,pass,93,,,fold_1;fold_2;fold_3
2020-09-16,2020-09-17,inside,True,3205835589,data/2020/9/16/20200916_00.zarr.zip,pass,93,,,fold_1;fold_2;fold_3
2020-09-17,2020-09-18,inside,True,3206986927,data/2020/9/17/20200917_00.zarr.zip,pass,93,,,fold_1;fold_2;fold_3
2020-09-18,2020-09-19,inside,True,3217493058,data/2020/9/18/20200918_00.zarr.zip,pass,93,,,fold_1;fold_2;fold_3
2020-09-19,2020-09-20,inside,True,3239642678,data/2020/9/19/20200919_00.zarr.zip,pass,93,,,fold_1;fold_2;fold_3
2020-09-20,2020-09-21,inside,True,3237048383,data/2020/9/20/20200920_00.zarr.zip,pass,93,,,fold_1;fold_2;fold_3
2020-09-21,2020-09-22,inside,True,3254002108,data/2020/9/21/20200921_00.zarr.zip,pass,93,,,fold_1;fold_2;fold_3
2020-09-22,2020-09-23,inside,True,3273533639,data/2020/9/22/20200922_00.zarr.zip,pass,93,,,fold_1;fold_2;fold_3
2020-09-23,2020-09-24,inside,True,3280888890,data/2020/9/23/20200923_00.zarr.zip,pass,93,,,fold_1;fold_2;fold_3
2020-09-24,2020-09-25,inside,True,3296425423,data/2020/9/24/20200924_00.zarr.zip,pass,93,,,fold_1;fold_2;fold_3
2020-09-25,2020-09-26,inside,True,3298363449,data/2020/9/25/20200925_00.zarr.zip,pass,93,,,fold_1;fold_2;fold_3
2020-09-26,2020-09-27,inside,True,3307035857,data/2020/9/26/20200926_00.zarr.zip,pass,93,,,fold_1;fold_2;fold_3
2020-09-27,2020-09-28,inside,True,3295433243,data/2020/9/27/20200927_00.zarr.zip,pass,93,,,fold_1;fold_2;fold_3
2020-09-28,2020-09-29,inside,True,3300188188,data/2020/9/28/20200928_00.zarr.zip,pass,93,,,fold_2;fold_3
2020-09-29,2020-09-30,inside,True,3303769417,data/2020/9/29/20200929_00.zarr.zip,pass,93,,,fold_2;fold_3
2020-09-30,2020-10-01,inside,True,3282026658,data/2020/9/30/20200930_00.zarr.zip,pass,93,,,fold_2;fold_3
2020-10-01,2020-10-02,inside,True,3281853760,data/2020/10/1/20201001_00.zarr.zip,pass,93,,,fold_2;fold_3
2020-10-02,2020-10-03,inside,True,3274452139,data/2020/10/2/20201002_00.zarr.zip,pass,93,,,fold_2;fold_3
2020-10-03,2020-10-04,inside,True,3284421711,data/2020/10/3/20201003_00.zarr.zip,pass,93,,,fold_2;fold_3
2020-10-04,2020-10-05,inside,True,3298701719,data/2020/10/4/20201004_00.zarr.zip,pass,93,,,fold_2;fold_3
2020-10-05,2020-10-06,inside,True,3322444663,data/2020/10/5/20201005_00.zarr.zip,pass,93,,,fold_2;fold_3
2020-10-06,2020-10-07,inside,True,3317257444,data/2020/10/6/20201006_00.zarr.zip,pass,93,,,fold_2;fold_3
2020-10-07,2020-10-08,inside,True,3336481644,data/2020/10/7/20201007_00.zarr.zip,pass,93,,,fold_2;fold_3
2020-10-08,2020-10-09,inside,True,3348076832,data/2020/10/8/20201008_00.zarr.zip,pass,93,,,fold_2;fold_3
2020-10-09,2020-10-10,inside,True,3341389808,data/2020/10/9/20201009_00.zarr.zip,pass,93,,,fold_2;fold_3
2020-10-10,2020-10-11,inside,True,3350668489,data/2020/10/10/20201010_00.zarr.zip,pass,93,,,fold_2;fold_3
2020-10-11,2020-10-12,inside,True,3341134017,data/2020/10/11/20201011_00.zarr.zip,pass,93,,,fold_2;fold_3
2020-10-12,2020-10-13,inside,True,3336318493,data/2020/10/12/20201012_00.zarr.zip,pass,93,,,fold_2;fold_3
2020-10-13,2020-10-14,inside,True,3326784697,data/2020/10/13/20201013_00.zarr.zip,pass,93,,,fold_2;fold_3
2020-10-14,2020-10-15,inside,True,3338005963,data/2020/10/14/20201014_00.zarr.zip,pass,93,,,fold_2;fold_3
2020-10-15,2020-10-16,inside,True,3322135951,data/2020/10/15/20201015_00.zarr.zip,pass,93,,,fold_2;fold_3
2020-10-16,2020-10-17,inside,True,3325366100,data/2020/10/16/20201016_00.zarr.zip,pass,93,,,fold_2;fold_3
2020-10-17,2020-10-18,inside,True,3335283079,data/2020/10/17/20201017_00.zarr.zip,pass,93,,,fold_2;fold_3
2020-10-18,2020-10-19,inside,True,3324550874,data/2020/10/18/20201018_00.zarr.zip,pass,93,,,fold_2;fold_3
2020-10-19,2020-10-20,inside,True,3320909640,data/2020/10/19/20201019_00.zarr.zip,pass,93,,,fold_2;fold_3
2020-10-20,2020-10-21,inside,True,3301596954,data/2020/10/20/20201020_00.zarr.zip,pass,93,,,fold_2;fold_3
2020-10-21,2020-10-22,inside,True,3313541825,data/2020/10/21/20201021_00.zarr.zip,pass,93,,,fold_2;fold_3
2020-10-22,2020-10-23,inside,True,3289670578,data/2020/10/22/20201022_00.zarr.zip,pass,93,,,fold_2;fold_3
2020-10-23,2020-10-24,inside,True,3287980822,data/2020/10/23/20201023_00.zarr.zip,pass,93,,,fold_2;fold_3
2020-10-24,2020-10-25,inside,True,3302825274,data/2020/10/24/20201024_00.zarr.zip,pass,93,,,fold_2;fold_3
2020-10-25,2020-10-26,inside,True,3288654430,data/2020/10/25/20201025_00.zarr.zip,pass,93,,,fold_2;fold_3
2020-10-26,2020-10-27,inside,True,3285027980,data/2020/10/26/20201026_00.zarr.zip,pass,93,,,fold_2;fold_3
2020-10-27,2020-10-28,inside,True,3276596089,data/2020/10/27/20201027_00.zarr.zip,pass,93,,,fold_2;fold_3
2020-10-28,2020-10-29,inside,True,3271217409,data/2020/10/28/20201028_00.zarr.zip,pass,93,,,fold_2;fold_3
2020-10-29,2020-10-30,inside,True,3272825571,data/2020/10/29/20201029_00.zarr.zip,pass,93,,,fold_2;fold_3
2020-10-30,2020-10-31,inside,True,3280693030,data/2020/10/30/20201030_00.zarr.zip,pass,93,,,fold_2;fold_3
2020-10-31,2020-11-01,inside,True,3297817979,data/2020/10/31/20201031_00.zarr.zip,pass,93,,,fold_2;fold_3
2020-11-01,2020-11-02,inside,False,,,,,,,fold_2;fold_3
2020-11-02,2020-11-03,inside,False,,,,,,,fold_2;fold_3
2020-11-03,2020-11-04,inside,True,3312848806,data/2020/11/3/20201103_00.zarr.zip,pass,93,,,fold_2;fold_3
2020-11-04,2020-11-05,inside,False,,,,,,,fold_2;fold_3
2020-11-05,2020-11-06,inside,False,,,,,,,fold_2;fold_3
2020-11-06,2020-11-07,inside,False,,,,,,,fold_2;fold_3
2020-11-07,2020-11-08,inside,False,,,,,,,fold_2;fold_3
2020-11-08,2020-11-09,inside,True,3283903927,data/2020/11/8/20201108_00.zarr.zip,pass,93,,,fold_2;fold_3
2020-11-09,2020-11-10,inside,False,,,,,,,fold_2;fold_3
2020-11-10,2020-11-11,inside,False,,,,,,,fold_2;fold_3
2020-11-11,2020-11-12,inside,True,3288740969,data/2020/11/11/20201111_00.zarr.zip,pass,93,,,fold_2;fold_3
2020-11-12,2020-11-13,inside,True,3294042763,data/2020/11/12/20201112_00.zarr.zip,pass,93,,,fold_2;fold_3
2020-11-13,2020-11-14,inside,True,3311183096,data/2020/11/13/20201113_00.zarr.zip,pass,93,,,fold_2;fold_3
2020-11-14,2020-11-15,inside,False,,,,,,,fold_2;fold_3
2020-11-15,2020-11-16,inside,False,,,,,,,fold_2;fold_3
2020-11-16,2020-11-17,inside,False,,,,,,,fold_2;fold_3
2020-11-17,2020-11-18,inside,False,,,,,,,fold_2;fold_3
2020-11-18,2020-11-19,inside,True,3297778572,data/2020/11/18/20201118_00.zarr.zip,pass,93,,,fold_2;fold_3
2020-11-19,2020-11-20,inside,False,,,,,,,fold_2;fold_3
2020-11-20,2020-11-21,inside,False,,,,,,,fold_2;fold_3
2020-11-21,2020-11-22,inside,False,,,,,,,fold_2;fold_3
2020-11-22,2020-11-23,inside,False,,,,,,,fold_2;fold_3
2020-11-23,2020-11-24,inside,True,3345677984,data/2020/11/23/20201123_00.zarr.zip,pass,93,,,fold_2;fold_3
2020-11-24,2020-11-25,inside,False,,,,,,,fold_2;fold_3
2020-11-25,2020-11-26,inside,True,3334580788,data/2020/11/25/20201125_00.zarr.zip,pass,93,,,fold_2;fold_3
2020-11-26,2020-11-27,inside,False,,,,,,,fold_2;fold_3
2020-11-27,2020-11-28,inside,True,3310526601,data/2020/11/27/20201127_00.zarr.zip,pass,93,,,fold_2;fold_3
2020-11-28,2020-11-29,inside,True,3293484897,data/2020/11/28/20201128_00.zarr.zip,pass,93,,,fold_2;fold_3
2020-11-29,2020-11-30,inside,False,,,,,,,fold_2;fold_3
2020-11-30,2020-12-01,inside,True,3301604904,data/2020/11/30/20201130_00.zarr.zip,pass,93,,,fold_2;fold_3
2020-12-01,2020-12-02,inside,True,3291167759,data/2020/12/1/20201201_00.zarr.zip,pass,93,,,fold_2;fold_3
2020-12-02,2020-12-03,inside,True,3293728056,data/2020/12/2/20201202_00.zarr.zip,pass,93,,,fold_2;fold_3
2020-12-03,2020-12-04,inside,True,3277412450,data/2020/12/3/20201203_00.zarr.zip,pass,93,,,fold_2;fold_3
2020-12-04,2020-12-05,inside,True,3283983697,data/2020/12/4/20201204_00.zarr.zip,pass,93,,,fold_2;fold_3
2020-12-05,2020-12-06,inside,True,3254777845,data/2020/12/5/20201205_00.zarr.zip,pass,93,,,fold_2;fold_3
2020-12-06,2020-12-07,inside,True,3248088334,data/2020/12/6/20201206_00.zarr.zip,pass,93,,,fold_2;fold_3
2020-12-07,2020-12-08,inside,True,3264984194,data/2020/12/7/20201207_00.zarr.zip,pass,93,,,fold_2;fold_3
2020-12-08,2020-12-09,inside,True,3266045611,data/2020/12/8/20201208_00.zarr.zip,pass,93,,,fold_2;fold_3
2020-12-09,2020-12-10,inside,True,3254379728,data/2020/12/9/20201209_00.zarr.zip,pass,93,,,fold_2;fold_3
2020-12-10,2020-12-11,inside,True,3261756471,data/2020/12/10/20201210_00.zarr.zip,pass,93,,,fold_2;fold_3
2020-12-11,2020-12-12,inside,True,3266563967,data/2020/12/11/20201211_00.zarr.zip,pass,93,,,fold_2;fold_3
2020-12-12,2020-12-13,inside,True,3268643799,data/2020/12/12/20201212_00.zarr.zip,pass,93,,,fold_2;fold_3
2020-12-13,2020-12-14,inside,True,3276979220,data/2020/12/13/20201213_00.zarr.zip,pass,93,,,fold_2;fold_3
2020-12-14,2020-12-15,inside,True,3280275741,data/2020/12/14/20201214_00.zarr.zip,pass,93,,,fold_2;fold_3
2020-12-15,2020-12-16,inside,True,3290636042,data/2020/12/15/20201215_00.zarr.zip,pass,93,,,fold_2;fold_3
2020-12-16,2020-12-17,inside,True,3285486409,data/2020/12/16/20201216_00.zarr.zip,pass,93,,,fold_2;fold_3
2020-12-17,2020-12-18,inside,True,3275603906,data/2020/12/17/20201217_00.zarr.zip,pass,93,,,fold_2;fold_3
2020-12-18,2020-12-19,inside,True,3286909883,data/2020/12/18/20201218_00.zarr.zip,pass,93,,,fold_2;fold_3
2020-12-19,2020-12-20,inside,True,3303931094,data/2020/12/19/20201219_00.zarr.zip,pass,93,,,fold_2;fold_3
2020-12-20,2020-12-21,inside,True,3319799502,data/2020/12/20/20201220_00.zarr.zip,pass,93,,,fold_2;fold_3
2020-12-21,2020-12-22,inside,True,3331257521,data/2020/12/21/20201221_00.zarr.zip,pass,93,,,fold_2;fold_3
2020-12-22,2020-12-23,inside,True,3311516321,data/2020/12/22/20201222_00.zarr.zip,pass,93,,,fold_2;fold_3
2020-12-23,2020-12-24,inside,True,3269578042,data/2020/12/23/20201223_00.zarr.zip,pass,93,,,fold_2;fold_3
2020-12-24,2020-12-25,inside,True,3240025836,data/2020/12/24/20201224_00.zarr.zip,pass,93,,,fold_2;fold_3
2020-12-25,2020-12-26,inside,True,3229833482,data/2020/12/25/20201225_00.zarr.zip,pass,93,,,fold_2;fold_3
2020-12-26,2020-12-27,inside,True,3253018140,data/2020/12/26/20201226_00.zarr.zip,pass,93,,,fold_2;fold_3
2020-12-27,2020-12-28,inside,True,3274307346,data/2020/12/27/20201227_00.zarr.zip,pass,93,,,fold_2;fold_3
2020-12-28,2020-12-29,inside,True,3313274813,data/2020/12/28/20201228_00.zarr.zip,pass,93,,,fold_2;fold_3
2020-12-29,2020-12-30,inside,True,3319466639,data/2020/12/29/20201229_00.zarr.zip,pass,93,,,fold_2;fold_3
2020-12-30,2020-12-31,inside,True,3332981167,data/2020/12/30/20201230_00.zarr.zip,pass,93,,,fold_2;fold_3
2020-12-31,2021-01-01,inside,True,3337860270,data/2020/12/31/20201231_00.zarr.zip,pass,93,,,fold_2;fold_3
2021-01-01,2021-01-02,inside,True,3344218462,data/2021/1/1/20210101_00.zarr.zip,pass,93,,,fold_2;fold_3
2021-01-02,2021-01-03,inside,True,3323393609,data/2021/1/2/20210102_00.zarr.zip,pass,93,,,fold_2;fold_3
2021-01-03,2021-01-04,inside,True,3312541254,data/2021/1/3/20210103_00.zarr.zip,pass,93,,,fold_2;fold_3
2021-01-04,2021-01-05,inside,True,3301055049,data/2021/1/4/20210104_00.zarr.zip,pass,93,,,fold_2;fold_3
2021-01-05,2021-01-06,inside,True,3319630842,data/2021/1/5/20210105_00.zarr.zip,pass,93,,,fold_2;fold_3
2021-01-06,2021-01-07,inside,True,3296958054,data/2021/1/6/20210106_00.zarr.zip,pass,93,,,fold_2;fold_3
2021-01-07,2021-01-08,inside,True,3299374666,data/2021/1/7/20210107_00.zarr.zip,pass,93,,,fold_2;fold_3
2021-01-08,2021-01-09,inside,True,3298805638,data/2021/1/8/20210108_00.zarr.zip,pass,93,,,fold_2;fold_3
2021-01-09,2021-01-10,inside,True,3298774520,data/2021/1/9/20210109_00.zarr.zip,pass,93,,,fold_2;fold_3
2021-01-10,2021-01-11,inside,True,3290458561,data/2021/1/10/20210110_00.zarr.zip,pass,93,,,fold_2;fold_3
2021-01-11,2021-01-12,inside,True,3281719552,data/2021/1/11/20210111_00.zarr.zip,pass,93,,,fold_2;fold_3
2021-01-12,2021-01-13,inside,True,3283376550,data/2021/1/12/20210112_00.zarr.zip,pass,93,,,fold_2;fold_3
2021-01-13,2021-01-14,inside,True,3292632838,data/2021/1/13/20210113_00.zarr.zip,pass,93,,,fold_2;fold_3
2021-01-14,2021-01-15,inside,True,3305028912,data/2021/1/14/20210114_00.zarr.zip,pass,93,,,fold_2;fold_3
2021-01-15,2021-01-16,inside,True,3304870819,data/2021/1/15/20210115_00.zarr.zip,pass,93,,,fold_2;fold_3
2021-01-16,2021-01-17,inside,True,3303631236,data/2021/1/16/20210116_00.zarr.zip,pass,93,,,fold_2;fold_3
2021-01-17,2021-01-18,inside,True,3296472680,data/2021/1/17/20210117_00.zarr.zip,pass,93,,,fold_2;fold_3
2021-01-18,2021-01-19,inside,True,3292629440,data/2021/1/18/20210118_00.zarr.zip,pass,93,,,fold_2;fold_3
2021-01-19,2021-01-20,inside,True,3282537162,data/2021/1/19/20210119_00.zarr.zip,pass,93,,,fold_2;fold_3
2021-01-20,2021-01-21,inside,True,3285220138,data/2021/1/20/20210120_00.zarr.zip,pass,93,,,fold_2;fold_3
2021-01-21,2021-01-22,inside,True,3272562051,data/2021/1/21/20210121_00.zarr.zip,pass,93,,,fold_2;fold_3
2021-01-22,2021-01-23,inside,True,3285522372,data/2021/1/22/20210122_00.zarr.zip,pass,93,,,fold_2;fold_3
2021-01-23,2021-01-24,inside,True,3300127998,data/2021/1/23/20210123_00.zarr.zip,pass,93,,,fold_2;fold_3
2021-01-24,2021-01-25,inside,True,3309585811,data/2021/1/24/20210124_00.zarr.zip,pass,93,,,fold_2;fold_3
2021-01-25,2021-01-26,inside,True,3304484301,data/2021/1/25/20210125_00.zarr.zip,pass,93,,,fold_2;fold_3
2021-01-26,2021-01-27,inside,True,3292843199,data/2021/1/26/20210126_00.zarr.zip,pass,93,,,fold_2;fold_3
2021-01-27,2021-01-28,inside,True,3289171853,data/2021/1/27/20210127_00.zarr.zip,pass,93,,,fold_2;fold_3
2021-01-28,2021-01-29,inside,True,3292410482,data/2021/1/28/20210128_00.zarr.zip,pass,93,,,fold_2;fold_3
2021-01-29,2021-01-30,inside,True,3304401749,data/2021/1/29/20210129_00.zarr.zip,pass,93,,,fold_2;fold_3
2021-01-30,2021-01-31,inside,True,3295866008,data/2021/1/30/20210130_00.zarr.zip,pass,93,,,fold_2;fold_3
2021-01-31,2021-02-01,inside,True,3316300067,data/2021/1/31/20210131_00.zarr.zip,pass,93,,,fold_2;fold_3
2021-02-01,2021-02-02,inside,True,3326679425,data/2021/2/1/20210201_00.zarr.zip,pass,93,,,fold_2;fold_3
2021-02-02,2021-02-03,inside,True,3333114642,data/2021/2/2/20210202_00.zarr.zip,pass,93,,,fold_2;fold_3
2021-02-03,2021-02-04,inside,True,3346318768,data/2021/2/3/20210203_00.zarr.zip,pass,93,,,fold_2;fold_3
2021-02-04,2021-02-05,inside,True,3347303696,data/2021/2/4/20210204_00.zarr.zip,pass,93,,,fold_2;fold_3
2021-02-05,2021-02-06,inside,True,3337257154,data/2021/2/5/20210205_00.zarr.zip,pass,93,,,fold_2;fold_3
2021-02-06,2021-02-07,inside,True,3312025657,data/2021/2/6/20210206_00.zarr.zip,pass,93,,,fold_2;fold_3
2021-02-07,2021-02-08,inside,True,3303046100,data/2021/2/7/20210207_00.zarr.zip,pass,93,,,fold_2;fold_3
2021-02-08,2021-02-09,inside,True,3287561010,data/2021/2/8/20210208_00.zarr.zip,pass,93,,,fold_2;fold_3
2021-02-09,2021-02-10,inside,True,3281471427,data/2021/2/9/20210209_00.zarr.zip,pass,93,,,fold_2;fold_3
2021-02-10,2021-02-11,inside,True,3291329662,data/2021/2/10/20210210_00.zarr.zip,pass,93,,,fold_2;fold_3
2021-02-11,2021-02-12,inside,True,3291601384,data/2021/2/11/20210211_00.zarr.zip,pass,93,,,fold_2;fold_3
2021-02-12,2021-02-13,inside,True,3295725632,data/2021/2/12/20210212_00.zarr.zip,pass,93,,,fold_2;fold_3
2021-02-13,2021-02-14,inside,True,3292248505,data/2021/2/13/20210213_00.zarr.zip,pass,93,,,fold_2;fold_3
2021-02-14,2021-02-15,inside,True,3287569186,data/2021/2/14/20210214_00.zarr.zip,pass,93,,,fold_2;fold_3
2021-02-15,2021-02-16,inside,True,3298351385,data/2021/2/15/20210215_00.zarr.zip,pass,93,,,fold_2;fold_3
2021-02-16,2021-02-17,inside,True,3298567254,data/2021/2/16/20210216_00.zarr.zip,pass,93,,,fold_2;fold_3
2021-02-17,2021-02-18,inside,True,3297166050,data/2021/2/17/20210217_00.zarr.zip,pass,93,,,fold_2;fold_3
2021-02-18,2021-02-19,inside,True,3292059021,data/2021/2/18/20210218_00.zarr.zip,pass,93,,,fold_2;fold_3
2021-02-19,2021-02-20,inside,True,3283330880,data/2021/2/19/20210219_00.zarr.zip,pass,93,,,fold_2;fold_3
2021-02-20,2021-02-21,inside,True,3284269273,data/2021/2/20/20210220_00.zarr.zip,pass,93,,,fold_2;fold_3
2021-02-21,2021-02-22,inside,True,3286170862,data/2021/2/21/20210221_00.zarr.zip,pass,93,,,fold_2;fold_3
2021-02-22,2021-02-23,inside,True,3294184120,data/2021/2/22/20210222_00.zarr.zip,pass,93,,,fold_2;fold_3
2021-02-23,2021-02-24,inside,True,3296705963,data/2021/2/23/20210223_00.zarr.zip,pass,93,,,fold_2;fold_3
2021-02-24,2021-02-25,inside,True,3312240943,data/2021/2/24/20210224_00.zarr.zip,pass,93,,,fold_2;fold_3
2021-02-25,2021-02-26,inside,True,3291340586,data/2021/2/25/20210225_00.zarr.zip,pass,93,,,fold_2;fold_3
2021-02-26,2021-02-27,inside,True,3276983657,data/2021/2/26/20210226_00.zarr.zip,pass,93,,,fold_2;fold_3
2021-02-27,2021-02-28,inside,True,3291141276,data/2021/2/27/20210227_00.zarr.zip,pass,93,,,fold_2;fold_3
2021-02-28,2021-03-01,inside,True,3312870522,data/2021/2/28/20210228_00.zarr.zip,pass,93,,,fold_2;fold_3
2021-03-01,2021-03-02,inside,True,3321869111,data/2021/3/1/20210301_00.zarr.zip,pass,93,,,fold_2;fold_3
2021-03-02,2021-03-03,inside,True,3321810350,data/2021/3/2/20210302_00.zarr.zip,pass,93,,,fold_2;fold_3
2021-03-03,2021-03-04,inside,True,3320479276,data/2021/3/3/20210303_00.zarr.zip,pass,93,,,fold_2;fold_3
2021-03-04,2021-03-05,inside,True,3329695158,data/2021/3/4/20210304_00.zarr.zip,pass,93,,,fold_2;fold_3
2021-03-05,2021-03-06,inside,True,3326781783,data/2021/3/5/20210305_00.zarr.zip,pass,93,,,fold_2;fold_3
2021-03-06,2021-03-07,inside,True,3333129763,data/2021/3/6/20210306_00.zarr.zip,pass,93,,,fold_2;fold_3
2021-03-07,2021-03-08,inside,True,3326502916,data/2021/3/7/20210307_00.zarr.zip,pass,93,,,fold_2;fold_3
2021-03-08,2021-03-09,inside,True,3302174472,data/2021/3/8/20210308_00.zarr.zip,pass,93,,,fold_2;fold_3
2021-03-09,2021-03-10,inside,True,3273540245,data/2021/3/9/20210309_00.zarr.zip,pass,93,,,fold_2;fold_3
2021-03-10,2021-03-11,inside,True,3254118677,data/2021/3/10/20210310_00.zarr.zip,pass,93,,,fold_2;fold_3
2021-03-11,2021-03-12,inside,True,3295953509,data/2021/3/11/20210311_00.zarr.zip,pass,93,,,fold_2;fold_3
2021-03-12,2021-03-13,inside,True,3334863875,data/2021/3/12/20210312_00.zarr.zip,pass,93,,,fold_2;fold_3
2021-03-13,2021-03-14,inside,False,,,,,,,fold_2;fold_3
2021-03-14,2021-03-15,inside,True,3372997256,data/2021/3/14/20210314_00.zarr.zip,pass,93,,,fold_2;fold_3
2021-03-15,2021-03-16,inside,True,3370396537,data/2021/3/15/20210315_00.zarr.zip,pass,93,,,fold_2;fold_3
2021-03-16,2021-03-17,inside,True,3346580236,data/2021/3/16/20210316_00.zarr.zip,pass,93,,,fold_2;fold_3
2021-03-17,2021-03-18,inside,True,3324909028,data/2021/3/17/20210317_00.zarr.zip,pass,93,,,fold_2;fold_3
2021-03-18,2021-03-19,inside,True,3326578379,data/2021/3/18/20210318_00.zarr.zip,pass,93,,,fold_2;fold_3
2021-03-19,2021-03-20,inside,True,3337099247,data/2021/3/19/20210319_00.zarr.zip,pass,93,,,fold_2;fold_3
2021-03-20,2021-03-21,inside,True,3351284845,data/2021/3/20/20210320_00.zarr.zip,pass,93,,,fold_2;fold_3
2021-03-21,2021-03-22,inside,True,3348843181,data/2021/3/21/20210321_00.zarr.zip,pass,93,,,fold_2;fold_3
2021-03-22,2021-03-23,inside,True,3333379885,data/2021/3/22/20210322_00.zarr.zip,pass,93,,,fold_2;fold_3
2021-03-23,2021-03-24,inside,True,3310692806,data/2021/3/23/20210323_00.zarr.zip,pass,93,,,fold_2;fold_3
2021-03-24,2021-03-25,inside,True,3302410973,data/2021/3/24/20210324_00.zarr.zip,pass,93,,,fold_2;fold_3
2021-03-25,2021-03-26,inside,True,3317814346,data/2021/3/25/20210325_00.zarr.zip,pass,93,,,fold_2;fold_3
2021-03-26,2021-03-27,inside,True,3313998522,data/2021/3/26/20210326_00.zarr.zip,pass,93,,,fold_2;fold_3
2021-03-27,2021-03-28,inside,True,3319855749,data/2021/3/27/20210327_00.zarr.zip,pass,93,,,fold_2;fold_3
2021-03-28,2021-03-29,inside,True,3303703938,data/2021/3/28/20210328_00.zarr.zip,pass,93,,,fold_2;fold_3
2021-03-29,2021-03-30,inside,True,3309283965,data/2021/3/29/20210329_00.zarr.zip,pass,93,,,fold_2;fold_3
2021-03-30,2021-03-31,inside,True,3305743228,data/2021/3/30/20210330_00.zarr.zip,pass,93,,,fold_2;fold_3
2021-03-31,2021-04-01,inside,True,3299271657,data/2021/3/31/20210331_00.zarr.zip,pass,93,,,fold_2;fold_3
2021-04-01,2021-04-02,inside,True,3307344421,data/2021/4/1/20210401_00.zarr.zip,pass,93,,,fold_2;fold_3
2021-04-02,2021-04-03,inside,True,3300702693,data/2021/4/2/20210402_00.zarr.zip,pass,93,,,fold_2;fold_3
2021-04-03,2021-04-04,inside,True,3320695807,data/2021/4/3/20210403_00.zarr.zip,pass,93,,,fold_2;fold_3
2021-04-04,2021-04-05,inside,True,3332217982,data/2021/4/4/20210404_00.zarr.zip,pass,93,,,fold_2;fold_3
2021-04-05,2021-04-06,inside,True,3350210305,data/2021/4/5/20210405_00.zarr.zip,pass,93,,,fold_2;fold_3
2021-04-06,2021-04-07,inside,True,3354277811,data/2021/4/6/20210406_00.zarr.zip,pass,93,,,fold_2;fold_3
2021-04-07,2021-04-08,inside,True,3367761866,data/2021/4/7/20210407_00.zarr.zip,pass,93,,,fold_2;fold_3
2021-04-08,2021-04-09,inside,True,3365673143,data/2021/4/8/20210408_00.zarr.zip,pass,93,,,fold_2;fold_3
2021-04-09,2021-04-10,inside,True,3369247194,data/2021/4/9/20210409_00.zarr.zip,pass,93,,,fold_2;fold_3
2021-04-10,2021-04-11,inside,True,3347863748,data/2021/4/10/20210410_00.zarr.zip,pass,93,,,fold_2;fold_3
2021-04-11,2021-04-12,inside,True,3349032333,data/2021/4/11/20210411_00.zarr.zip,pass,93,,,fold_2;fold_3
2021-04-12,2021-04-13,inside,True,3349534029,data/2021/4/12/20210412_00.zarr.zip,pass,93,,,fold_2;fold_3
2021-04-13,2021-04-14,inside,True,3334932078,data/2021/4/13/20210413_00.zarr.zip,pass,93,,,fold_2;fold_3
2021-04-14,2021-04-15,inside,True,3308579125,data/2021/4/14/20210414_00.zarr.zip,pass,93,,,fold_2;fold_3
2021-04-15,2021-04-16,inside,True,3286255422,data/2021/4/15/20210415_00.zarr.zip,pass,93,,,fold_2;fold_3
2021-04-16,2021-04-17,inside,True,3292401010,data/2021/4/16/20210416_00.zarr.zip,pass,93,,,fold_2;fold_3
2021-04-17,2021-04-18,inside,True,3316363099,data/2021/4/17/20210417_00.zarr.zip,pass,93,,,fold_2;fold_3
2021-04-18,2021-04-19,inside,True,3325726966,data/2021/4/18/20210418_00.zarr.zip,pass,93,,,fold_2;fold_3
2021-04-19,2021-04-20,inside,True,3336573046,data/2021/4/19/20210419_00.zarr.zip,pass,93,,,fold_2;fold_3
2021-04-20,2021-04-21,inside,True,3348405566,data/2021/4/20/20210420_00.zarr.zip,pass,93,,,fold_2;fold_3
2021-04-21,2021-04-22,inside,True,3358982863,data/2021/4/21/20210421_00.zarr.zip,pass,93,,,fold_2;fold_3
2021-04-22,2021-04-23,inside,True,3351300915,data/2021/4/22/20210422_00.zarr.zip,pass,93,,,fold_2;fold_3
2021-04-23,2021-04-24,inside,True,3353982140,data/2021/4/23/20210423_00.zarr.zip,pass,93,,,fold_2;fold_3
2021-04-24,2021-04-25,inside,True,3362019668,data/2021/4/24/20210424_00.zarr.zip,pass,93,,,fold_2;fold_3
2021-04-25,2021-04-26,inside,True,3367795015,data/2021/4/25/20210425_00.zarr.zip,pass,93,,,fold_2;fold_3
2021-04-26,2021-04-27,inside,True,3373493142,data/2021/4/26/20210426_00.zarr.zip,pass,93,,,fold_2;fold_3
2021-04-27,2021-04-28,inside,True,3391908707,data/2021/4/27/20210427_00.zarr.zip,pass,93,,,fold_2;fold_3
2021-04-28,2021-04-29,inside,True,3390295348,data/2021/4/28/20210428_00.zarr.zip,pass,93,,,fold_2;fold_3
2021-04-29,2021-04-30,inside,True,3376984742,data/2021/4/29/20210429_00.zarr.zip,pass,93,,,fold_2;fold_3
2021-04-30,2021-05-01,inside,True,3370881466,data/2021/4/30/20210430_00.zarr.zip,pass,93,,,fold_2;fold_3
2021-05-01,2021-05-02,inside,True,3358191758,data/2021/5/1/20210501_00.zarr.zip,pass,93,,,fold_2;fold_3
2021-05-02,2021-05-03,inside,True,3363942608,data/2021/5/2/20210502_00.zarr.zip,pass,93,,,fold_2;fold_3
2021-05-03,2021-05-04,inside,True,3366091962,data/2021/5/3/20210503_00.zarr.zip,pass,93,,,fold_2;fold_3
2021-05-04,2021-05-05,inside,True,3359395150,data/2021/5/4/20210504_00.zarr.zip,pass,93,,,fold_2;fold_3
2021-05-05,2021-05-06,inside,True,3342976447,data/2021/5/5/20210505_00.zarr.zip,pass,93,,,fold_2;fold_3
2021-05-06,2021-05-07,inside,True,3337632845,data/2021/5/6/20210506_00.zarr.zip,pass,93,,,fold_2;fold_3
2021-05-07,2021-05-08,inside,True,3327932666,data/2021/5/7/20210507_00.zarr.zip,pass,93,,,fold_2;fold_3
2021-05-08,2021-05-09,inside,True,3335039462,data/2021/5/8/20210508_00.zarr.zip,pass,93,,,fold_2;fold_3
2021-05-09,2021-05-10,inside,True,3336106958,data/2021/5/9/20210509_00.zarr.zip,pass,93,,,fold_2;fold_3
2021-05-10,2021-05-11,inside,True,3335044644,data/2021/5/10/20210510_00.zarr.zip,pass,93,,,fold_2;fold_3
2021-05-11,2021-05-12,inside,True,3333408331,data/2021/5/11/20210511_00.zarr.zip,pass,93,,,fold_2;fold_3
2021-05-12,2021-05-13,inside,True,3356782239,data/2021/5/12/20210512_00.zarr.zip,pass,93,,,fold_2;fold_3
2021-05-13,2021-05-14,inside,True,3346662874,data/2021/5/13/20210513_00.zarr.zip,pass,93,,,fold_2;fold_3
2021-05-14,2021-05-15,inside,True,3350230487,data/2021/5/14/20210514_00.zarr.zip,pass,93,,,fold_2;fold_3
2021-05-15,2021-05-16,inside,True,3361367191,data/2021/5/15/20210515_00.zarr.zip,pass,93,,,fold_2;fold_3
2021-05-16,2021-05-17,inside,True,3362121909,data/2021/5/16/20210516_00.zarr.zip,pass,93,,,fold_2;fold_3
2021-05-17,2021-05-18,inside,True,3355322814,data/2021/5/17/20210517_00.zarr.zip,pass,93,,,fold_2;fold_3
2021-05-18,2021-05-19,inside,True,3352399047,data/2021/5/18/20210518_00.zarr.zip,pass,93,,,fold_2;fold_3
2021-05-19,2021-05-20,inside,True,3342741666,data/2021/5/19/20210519_00.zarr.zip,pass,93,,,fold_2;fold_3
2021-05-20,2021-05-21,inside,True,3351301014,data/2021/5/20/20210520_00.zarr.zip,pass,93,,,fold_2;fold_3
2021-05-21,2021-05-22,inside,True,3363785313,data/2021/5/21/20210521_00.zarr.zip,pass,93,,,fold_2;fold_3
2021-05-22,2021-05-23,inside,True,3370924066,data/2021/5/22/20210522_00.zarr.zip,pass,93,,,fold_2;fold_3
2021-05-23,2021-05-24,inside,True,3362040893,data/2021/5/23/20210523_00.zarr.zip,pass,93,,,fold_2;fold_3
2021-05-24,2021-05-25,inside,True,3367679577,data/2021/5/24/20210524_00.zarr.zip,pass,93,,,fold_2;fold_3
2021-05-25,2021-05-26,inside,True,3355011769,data/2021/5/25/20210525_00.zarr.zip,pass,93,,,fold_2;fold_3
2021-05-26,2021-05-27,inside,True,3346125721,data/2021/5/26/20210526_00.zarr.zip,pass,93,,,fold_2;fold_3
2021-05-27,2021-05-28,inside,True,3343334646,data/2021/5/27/20210527_00.zarr.zip,pass,93,,,fold_2;fold_3
2021-05-28,2021-05-29,inside,True,3322581373,data/2021/5/28/20210528_00.zarr.zip,pass,93,,,fold_2;fold_3
2021-05-29,2021-05-30,inside,True,3321882936,data/2021/5/29/20210529_00.zarr.zip,pass,93,,,fold_2;fold_3
2021-05-30,2021-05-31,inside,True,3323939943,data/2021/5/30/20210530_00.zarr.zip,pass,93,,,fold_2;fold_3
2021-05-31,2021-06-01,inside,True,3335403623,data/2021/5/31/20210531_00.zarr.zip,pass,93,,,fold_2;fold_3
2021-06-01,2021-06-02,inside,True,3333520593,data/2021/6/1/20210601_00.zarr.zip,pass,93,,,fold_2;fold_3
2021-06-02,2021-06-03,inside,True,3326754551,data/2021/6/2/20210602_00.zarr.zip,pass,93,,,fold_2;fold_3
2021-06-03,2021-06-04,inside,True,3341391261,data/2021/6/3/20210603_00.zarr.zip,pass,93,,,fold_2;fold_3
2021-06-04,2021-06-05,inside,True,3342151233,data/2021/6/4/20210604_00.zarr.zip,pass,93,,,fold_2;fold_3
2021-06-05,2021-06-06,inside,True,3354946635,data/2021/6/5/20210605_00.zarr.zip,pass,93,,,fold_2;fold_3
2021-06-06,2021-06-07,inside,True,3349293744,data/2021/6/6/20210606_00.zarr.zip,pass,93,,,fold_2;fold_3
2021-06-07,2021-06-08,inside,True,3326133860,data/2021/6/7/20210607_00.zarr.zip,pass,93,,,fold_2;fold_3
2021-06-08,2021-06-09,inside,True,3335002132,data/2021/6/8/20210608_00.zarr.zip,pass,93,,,fold_2;fold_3
2021-06-09,2021-06-10,inside,True,3331381383,data/2021/6/9/20210609_00.zarr.zip,pass,93,,,fold_2;fold_3
2021-06-10,2021-06-11,inside,True,3331283502,data/2021/6/10/20210610_00.zarr.zip,pass,93,,,fold_2;fold_3
2021-06-11,2021-06-12,inside,True,3333631609,data/2021/6/11/20210611_00.zarr.zip,pass,93,,,fold_2;fold_3
2021-06-12,2021-06-13,inside,True,3346668712,data/2021/6/12/20210612_00.zarr.zip,pass,93,,,fold_2;fold_3
2021-06-13,2021-06-14,inside,True,3344154544,data/2021/6/13/20210613_00.zarr.zip,pass,93,,,fold_2;fold_3
2021-06-14,2021-06-15,inside,True,3355938074,data/2021/6/14/20210614_00.zarr.zip,pass,93,,,fold_2;fold_3
2021-06-15,2021-06-16,inside,True,3355949455,data/2021/6/15/20210615_00.zarr.zip,pass,93,,,fold_2;fold_3
2021-06-16,2021-06-17,inside,True,3348561647,data/2021/6/16/20210616_00.zarr.zip,pass,93,,,fold_2;fold_3
2021-06-17,2021-06-18,inside,True,3342968616,data/2021/6/17/20210617_00.zarr.zip,pass,93,,,fold_2;fold_3
2021-06-18,2021-06-19,inside,True,3345054725,data/2021/6/18/20210618_00.zarr.zip,pass,93,,,fold_2;fold_3
2021-06-19,2021-06-20,inside,True,3334278974,data/2021/6/19/20210619_00.zarr.zip,pass,93,,,fold_2;fold_3
2021-06-20,2021-06-21,inside,True,3347456773,data/2021/6/20/20210620_00.zarr.zip,pass,93,,,fold_2;fold_3
2021-06-21,2021-06-22,inside,True,3351397312,data/2021/6/21/20210621_00.zarr.zip,pass,93,,,fold_2;fold_3
2021-06-22,2021-06-23,inside,True,3342636697,data/2021/6/22/20210622_00.zarr.zip,pass,93,,,fold_2;fold_3
2021-06-23,2021-06-24,inside,True,3337273060,data/2021/6/23/20210623_00.zarr.zip,pass,93,,,fold_2;fold_3
2021-06-24,2021-06-25,inside,True,3335602136,data/2021/6/24/20210624_00.zarr.zip,pass,93,,,fold_2;fold_3
2021-06-25,2021-06-26,inside,True,3334505247,data/2021/6/25/20210625_00.zarr.zip,pass,93,,,fold_2;fold_3
2021-06-26,2021-06-27,inside,True,3327238689,data/2021/6/26/20210626_00.zarr.zip,pass,93,,,fold_2;fold_3
2021-06-27,2021-06-28,inside,True,3309254457,data/2021/6/27/20210627_00.zarr.zip,pass,93,,,fold_2;fold_3
2021-06-28,2021-06-29,inside,True,3286702346,data/2021/6/28/20210628_00.zarr.zip,pass,93,,,fold_2;fold_3
2021-06-29,2021-06-30,inside,True,3278770590,data/2021/6/29/20210629_00.zarr.zip,pass,93,,,fold_3
2021-06-30,2021-07-01,inside,True,3270090322,data/2021/6/30/20210630_00.zarr.zip,pass,93,,,fold_3
2021-07-01,2021-07-02,inside,True,3273374472,data/2021/7/1/20210701_00.zarr.zip,pass,93,,,fold_3
2021-07-02,2021-07-03,inside,True,3295941688,data/2021/7/2/20210702_00.zarr.zip,pass,93,,,fold_3
2021-07-03,2021-07-04,inside,True,3293684719,data/2021/7/3/20210703_00.zarr.zip,pass,93,,,fold_3
2021-07-04,2021-07-05,inside,True,3305902074,data/2021/7/4/20210704_00.zarr.zip,pass,93,,,fold_3
2021-07-05,2021-07-06,inside,True,3312583000,data/2021/7/5/20210705_00.zarr.zip,pass,93,,,fold_3
2021-07-06,2021-07-07,inside,True,3323435217,data/2021/7/6/20210706_00.zarr.zip,pass,93,,,fold_3
2021-07-07,2021-07-08,inside,True,3320164654,data/2021/7/7/20210707_00.zarr.zip,pass,93,,,fold_3
2021-07-08,2021-07-09,inside,True,3306390283,data/2021/7/8/20210708_00.zarr.zip,pass,93,,,fold_3
2021-07-09,2021-07-10,inside,True,3313934857,data/2021/7/9/20210709_00.zarr.zip,pass,93,,,fold_3
2021-07-10,2021-07-11,inside,True,3333391469,data/2021/7/10/20210710_00.zarr.zip,pass,93,,,fold_3
2021-07-11,2021-07-12,inside,True,3345064254,data/2021/7/11/20210711_00.zarr.zip,pass,93,,,fold_3
2021-07-12,2021-07-13,inside,True,3330335638,data/2021/7/12/20210712_00.zarr.zip,pass,93,,,fold_3
2021-07-13,2021-07-14,inside,True,3308503864,data/2021/7/13/20210713_00.zarr.zip,pass,93,,,fold_3
2021-07-14,2021-07-15,inside,True,3294572690,data/2021/7/14/20210714_00.zarr.zip,pass,93,,,fold_3
2021-07-15,2021-07-16,inside,True,3278932436,data/2021/7/15/20210715_00.zarr.zip,pass,93,,,fold_3
2021-07-16,2021-07-17,inside,True,3270956046,data/2021/7/16/20210716_00.zarr.zip,pass,93,,,fold_3
2021-07-17,2021-07-18,inside,True,3275069008,data/2021/7/17/20210717_00.zarr.zip,pass,93,,,fold_3
2021-07-18,2021-07-19,inside,True,3292221341,data/2021/7/18/20210718_00.zarr.zip,pass,93,,,fold_3
2021-07-19,2021-07-20,inside,True,3295585727,data/2021/7/19/20210719_00.zarr.zip,pass,93,,,fold_3
2021-07-20,2021-07-21,inside,True,3303452514,data/2021/7/20/20210720_00.zarr.zip,pass,93,,,fold_3
2021-07-21,2021-07-22,inside,True,3301152688,data/2021/7/21/20210721_00.zarr.zip,pass,93,,,fold_3
2021-07-22,2021-07-23,inside,True,3301897192,data/2021/7/22/20210722_00.zarr.zip,pass,93,,,fold_3
2021-07-23,2021-07-24,inside,True,3315376766,data/2021/7/23/20210723_00.zarr.zip,pass,93,,,fold_3
2021-07-24,2021-07-25,inside,True,3312950693,data/2021/7/24/20210724_00.zarr.zip,pass,93,,,fold_3
2021-07-25,2021-07-26,inside,True,3312918518,data/2021/7/25/20210725_00.zarr.zip,pass,93,,,fold_3
2021-07-26,2021-07-27,inside,True,3306922474,data/2021/7/26/20210726_00.zarr.zip,pass,93,,,fold_3
2021-07-27,2021-07-28,inside,True,3294964779,data/2021/7/27/20210727_00.zarr.zip,pass,93,,,fold_3
2021-07-28,2021-07-29,inside,True,3286532787,data/2021/7/28/20210728_00.zarr.zip,pass,93,,,fold_3
2021-07-29,2021-07-30,inside,True,3321114235,data/2021/7/29/20210729_00.zarr.zip,pass,93,,,fold_3
2021-07-30,2021-07-31,inside,True,3341410509,data/2021/7/30/20210730_00.zarr.zip,pass,93,,,fold_3
2021-07-31,2021-08-01,inside,True,3362108197,data/2021/7/31/20210731_00.zarr.zip,pass,93,,,fold_3
2021-08-01,2021-08-02,inside,True,3359129988,data/2021/8/1/20210801_00.zarr.zip,pass,93,,,fold_3
2021-08-02,2021-08-03,inside,True,3355575247,data/2021/8/2/20210802_00.zarr.zip,pass,93,,,fold_3
2021-08-03,2021-08-04,inside,True,3342157124,data/2021/8/3/20210803_00.zarr.zip,pass,93,,,fold_3
2021-08-04,2021-08-05,inside,True,3346274414,data/2021/8/4/20210804_00.zarr.zip,pass,93,,,fold_3
2021-08-05,2021-08-06,inside,True,3344568339,data/2021/8/5/20210805_00.zarr.zip,pass,93,,,fold_3
2021-08-06,2021-08-07,inside,True,3346784215,data/2021/8/6/20210806_00.zarr.zip,pass,93,,,fold_3
2021-08-07,2021-08-08,inside,False,,,,,,,fold_3
2021-08-08,2021-08-09,inside,False,,,,,,,fold_3
2021-08-09,2021-08-10,inside,True,3334652033,data/2021/8/9/20210809_00.zarr.zip,pass,93,,,fold_3
2021-08-10,2021-08-11,inside,True,3330802885,data/2021/8/10/20210810_00.zarr.zip,pass,93,,,fold_3
2021-08-11,2021-08-12,inside,True,3318988009,data/2021/8/11/20210811_00.zarr.zip,pass,93,,,fold_3
2021-08-12,2021-08-13,inside,True,3313083424,data/2021/8/12/20210812_00.zarr.zip,pass,93,,,fold_3
2021-08-13,2021-08-14,inside,True,3329143406,data/2021/8/13/20210813_00.zarr.zip,pass,93,,,fold_3
2021-08-14,2021-08-15,inside,True,3340211885,data/2021/8/14/20210814_00.zarr.zip,pass,93,,,fold_3
2021-08-15,2021-08-16,inside,True,3351100125,data/2021/8/15/20210815_00.zarr.zip,pass,93,,,fold_3
2021-08-16,2021-08-17,inside,True,3347252000,data/2021/8/16/20210816_00.zarr.zip,pass,93,,,fold_3
2021-08-17,2021-08-18,inside,True,3354894006,data/2021/8/17/20210817_00.zarr.zip,pass,93,,,fold_3
2021-08-18,2021-08-19,inside,True,3374410308,data/2021/8/18/20210818_00.zarr.zip,pass,93,,,fold_3
2021-08-19,2021-08-20,inside,True,3370712020,data/2021/8/19/20210819_00.zarr.zip,pass,93,,,fold_3
2021-08-20,2021-08-21,inside,True,3352589834,data/2021/8/20/20210820_00.zarr.zip,pass,93,,,fold_3
2021-08-21,2021-08-22,inside,True,3339921802,data/2021/8/21/20210821_00.zarr.zip,pass,93,,,fold_3
2021-08-22,2021-08-23,inside,True,3326736311,data/2021/8/22/20210822_00.zarr.zip,pass,93,,,fold_3
2021-08-23,2021-08-24,inside,True,3311739390,data/2021/8/23/20210823_00.zarr.zip,pass,93,,,fold_3
2021-08-24,2021-08-25,inside,True,3312994405,data/2021/8/24/20210824_00.zarr.zip,pass,93,,,fold_3
2021-08-25,2021-08-26,inside,True,3311770406,data/2021/8/25/20210825_00.zarr.zip,pass,93,,,fold_3
2021-08-26,2021-08-27,inside,True,3311024213,data/2021/8/26/20210826_00.zarr.zip,pass,93,,,fold_3
2021-08-27,2021-08-28,inside,True,3312568594,data/2021/8/27/20210827_00.zarr.zip,pass,93,,,fold_3
2021-08-28,2021-08-29,inside,True,3315278064,data/2021/8/28/20210828_00.zarr.zip,pass,93,,,fold_3
2021-08-29,2021-08-30,inside,True,3315938584,data/2021/8/29/20210829_00.zarr.zip,pass,93,,,fold_3
2021-08-30,2021-08-31,inside,True,3314497401,data/2021/8/30/20210830_00.zarr.zip,pass,93,,,fold_3
2021-08-31,2021-09-01,inside,True,3331175421,data/2021/8/31/20210831_00.zarr.zip,pass,93,,,fold_3
2021-09-01,2021-09-02,inside,True,3334457975,data/2021/9/1/20210901_00.zarr.zip,pass,93,,,fold_3
2021-09-02,2021-09-03,inside,True,3329643154,data/2021/9/2/20210902_00.zarr.zip,pass,93,,,fold_3
2021-09-03,2021-09-04,inside,True,3327846420,data/2021/9/3/20210903_00.zarr.zip,pass,93,,,fold_3
2021-09-04,2021-09-05,inside,True,3308969375,data/2021/9/4/20210904_00.zarr.zip,pass,93,,,fold_3
2021-09-05,2021-09-06,inside,True,3304144905,data/2021/9/5/20210905_00.zarr.zip,pass,93,,,fold_3
2021-09-06,2021-09-07,inside,True,3311023816,data/2021/9/6/20210906_00.zarr.zip,pass,93,,,fold_3
2021-09-07,2021-09-08,inside,True,3311227486,data/2021/9/7/20210907_00.zarr.zip,pass,93,,,fold_3
2021-09-08,2021-09-09,inside,True,3320585304,data/2021/9/8/20210908_00.zarr.zip,pass,93,,,fold_3
2021-09-09,2021-09-10,inside,True,3306051910,data/2021/9/9/20210909_00.zarr.zip,pass,93,,,fold_3
2021-09-10,2021-09-11,inside,True,3336046268,data/2021/9/10/20210910_00.zarr.zip,pass,93,,,fold_3
2021-09-11,2021-09-12,inside,True,3346098138,data/2021/9/11/20210911_00.zarr.zip,pass,93,,,fold_3
2021-09-12,2021-09-13,inside,True,3332046827,data/2021/9/12/20210912_00.zarr.zip,pass,93,,,fold_3
2021-09-13,2021-09-14,inside,True,3333942017,data/2021/9/13/20210913_00.zarr.zip,pass,93,,,fold_3
2021-09-14,2021-09-15,inside,True,3346087801,data/2021/9/14/20210914_00.zarr.zip,pass,93,,,fold_3
2021-09-15,2021-09-16,inside,True,3344256127,data/2021/9/15/20210915_00.zarr.zip,pass,93,,,fold_3
2021-09-16,2021-09-17,inside,True,3327090677,data/2021/9/16/20210916_00.zarr.zip,pass,93,,,fold_3
2021-09-17,2021-09-18,inside,True,3326555699,data/2021/9/17/20210917_00.zarr.zip,pass,93,,,fold_3
2021-09-18,2021-09-19,inside,True,3323417715,data/2021/9/18/20210918_00.zarr.zip,pass,93,,,fold_3
2021-09-19,2021-09-20,inside,True,3302577115,data/2021/9/19/20210919_00.zarr.zip,pass,93,,,fold_3
2021-09-20,2021-09-21,inside,True,3301006767,data/2021/9/20/20210920_00.zarr.zip,pass,93,,,fold_3
2021-09-21,2021-09-22,inside,True,3303213202,data/2021/9/21/20210921_00.zarr.zip,pass,93,,,fold_3
2021-09-22,2021-09-23,inside,True,3319541275,data/2021/9/22/20210922_00.zarr.zip,pass,93,,,fold_3
2021-09-23,2021-09-24,inside,True,3328641431,data/2021/9/23/20210923_00.zarr.zip,pass,93,,,fold_3
2021-09-24,2021-09-25,inside,True,3307554075,data/2021/9/24/20210924_00.zarr.zip,pass,93,,,fold_3
2021-09-25,2021-09-26,inside,True,3290621750,data/2021/9/25/20210925_00.zarr.zip,pass,93,,,fold_3
2021-09-26,2021-09-27,inside,True,3274765168,data/2021/9/26/20210926_00.zarr.zip,pass,93,,,fold_3
2021-09-27,2021-09-28,inside,True,3276351233,data/2021/9/27/20210927_00.zarr.zip,pass,93,,,fold_3
2021-09-28,2021-09-29,inside,True,3277273976,data/2021/9/28/20210928_00.zarr.zip,pass,93,,,fold_3
2021-09-29,2021-09-30,inside,True,3299197047,data/2021/9/29/20210929_00.zarr.zip,pass,93,,,fold_3
2021-09-30,2021-10-01,inside,True,3301630272,data/2021/9/30/20210930_00.zarr.zip,pass,93,,,fold_3
2021-10-01,2021-10-02,inside,True,3303189476,data/2021/10/1/20211001_00.zarr.zip,pass,93,,,fold_3
2021-10-02,2021-10-03,inside,True,3296111327,data/2021/10/2/20211002_00.zarr.zip,pass,93,,,fold_3
2021-10-03,2021-10-04,inside,True,3295651280,data/2021/10/3/20211003_00.zarr.zip,pass,93,,,fold_3
2021-10-04,2021-10-05,inside,True,3285608506,data/2021/10/4/20211004_00.zarr.zip,pass,93,,,fold_3
2021-10-05,2021-10-06,inside,True,3269738641,data/2021/10/5/20211005_00.zarr.zip,pass,93,,,fold_3
2021-10-06,2021-10-07,inside,True,3262337894,data/2021/10/6/20211006_00.zarr.zip,pass,93,,,fold_3
2021-10-07,2021-10-08,inside,True,3249423245,data/2021/10/7/20211007_00.zarr.zip,pass,93,,,fold_3
2021-10-08,2021-10-09,inside,True,3269033249,data/2021/10/8/20211008_00.zarr.zip,pass,93,,,fold_3
2021-10-09,2021-10-10,inside,True,3302553629,data/2021/10/9/20211009_00.zarr.zip,pass,93,,,fold_3
2021-10-10,2021-10-11,inside,True,3321176586,data/2021/10/10/20211010_00.zarr.zip,pass,93,,,fold_3
2021-10-11,2021-10-12,inside,True,3339340847,data/2021/10/11/20211011_00.zarr.zip,pass,93,,,fold_3
2021-10-12,2021-10-13,inside,True,3352574556,data/2021/10/12/20211012_00.zarr.zip,pass,93,,,fold_3
2021-10-13,2021-10-14,inside,True,3339010809,data/2021/10/13/20211013_00.zarr.zip,pass,93,,,fold_3
2021-10-14,2021-10-15,inside,True,3318266320,data/2021/10/14/20211014_00.zarr.zip,pass,93,,,fold_3
2021-10-15,2021-10-16,inside,True,3313024321,data/2021/10/15/20211015_00.zarr.zip,pass,93,,,fold_3
2021-10-16,2021-10-17,inside,True,3302150571,data/2021/10/16/20211016_00.zarr.zip,pass,93,,,fold_3
2021-10-17,2021-10-18,inside,True,3281467382,data/2021/10/17/20211017_00.zarr.zip,pass,93,,,fold_3
2021-10-18,2021-10-19,inside,True,3292450129,data/2021/10/18/20211018_00.zarr.zip,pass,93,,,fold_3
2021-10-19,2021-10-20,inside,True,3306174058,data/2021/10/19/20211019_00.zarr.zip,pass,93,,,fold_3
2021-10-20,2021-10-21,inside,True,3315665771,data/2021/10/20/20211020_00.zarr.zip,pass,93,,,fold_3
2021-10-21,2021-10-22,inside,True,3313010537,data/2021/10/21/20211021_00.zarr.zip,pass,93,,,fold_3
2021-10-22,2021-10-23,inside,True,3301021283,data/2021/10/22/20211022_00.zarr.zip,pass,93,,,fold_3
2021-10-23,2021-10-24,inside,True,3278869970,data/2021/10/23/20211023_00.zarr.zip,pass,93,,,fold_3
2021-10-24,2021-10-25,inside,True,3272190669,data/2021/10/24/20211024_00.zarr.zip,pass,93,,,fold_3
2021-10-25,2021-10-26,inside,True,3268523644,data/2021/10/25/20211025_00.zarr.zip,pass,93,,,fold_3
2021-10-26,2021-10-27,inside,True,3277864168,data/2021/10/26/20211026_00.zarr.zip,pass,93,,,fold_3
2021-10-27,2021-10-28,inside,True,3283682505,data/2021/10/27/20211027_00.zarr.zip,pass,93,,,fold_3
2021-10-28,2021-10-29,inside,True,3276266857,data/2021/10/28/20211028_00.zarr.zip,pass,93,,,fold_3
2021-10-29,2021-10-30,inside,True,3289841034,data/2021/10/29/20211029_00.zarr.zip,pass,93,,,fold_3
2021-10-30,2021-10-31,inside,True,3282662009,data/2021/10/30/20211030_00.zarr.zip,pass,93,,,fold_3
2021-10-31,2021-11-01,inside,True,3309198601,data/2021/10/31/20211031_00.zarr.zip,pass,93,,,fold_3
2021-11-01,2021-11-02,inside,True,3330758275,data/2021/11/1/20211101_00.zarr.zip,pass,93,,,fold_3
2021-11-02,2021-11-03,inside,True,3351162753,data/2021/11/2/20211102_00.zarr.zip,pass,93,,,fold_3
2021-11-03,2021-11-04,inside,True,3338607223,data/2021/11/3/20211103_00.zarr.zip,pass,93,,,fold_3
2021-11-04,2021-11-05,inside,True,3317372399,data/2021/11/4/20211104_00.zarr.zip,pass,93,,,fold_3
2021-11-05,2021-11-06,inside,True,3306663954,data/2021/11/5/20211105_00.zarr.zip,pass,93,,,fold_3
2021-11-06,2021-11-07,inside,True,3295088943,data/2021/11/6/20211106_00.zarr.zip,pass,93,,,fold_3
2021-11-07,2021-11-08,inside,True,3297962446,data/2021/11/7/20211107_00.zarr.zip,pass,93,,,fold_3
2021-11-08,2021-11-09,inside,True,3304067299,data/2021/11/8/20211108_00.zarr.zip,pass,93,,,fold_3
2021-11-09,2021-11-10,inside,True,3307863001,data/2021/11/9/20211109_00.zarr.zip,pass,93,,,fold_3
2021-11-10,2021-11-11,inside,True,3305318899,data/2021/11/10/20211110_00.zarr.zip,pass,93,,,fold_3
2021-11-11,2021-11-12,inside,True,3289492160,data/2021/11/11/20211111_00.zarr.zip,pass,93,,,fold_3
2021-11-12,2021-11-13,inside,True,3286473275,data/2021/11/12/20211112_00.zarr.zip,pass,93,,,fold_3
2021-11-13,2021-11-14,inside,True,3280088256,data/2021/11/13/20211113_00.zarr.zip,pass,93,,,fold_3
2021-11-14,2021-11-15,inside,True,3262421068,data/2021/11/14/20211114_00.zarr.zip,pass,93,,,fold_3
2021-11-15,2021-11-16,inside,True,3272869518,data/2021/11/15/20211115_00.zarr.zip,pass,93,,,fold_3
2021-11-16,2021-11-17,inside,True,3292483016,data/2021/11/16/20211116_00.zarr.zip,pass,93,,,fold_3
2021-11-17,2021-11-18,inside,True,3290559877,data/2021/11/17/20211117_00.zarr.zip,pass,93,,,fold_3
2021-11-18,2021-11-19,inside,True,3324678479,data/2021/11/18/20211118_00.zarr.zip,pass,93,,,fold_3
2021-11-19,2021-11-20,inside,True,3320204585,data/2021/11/19/20211119_00.zarr.zip,pass,93,,,fold_3
2021-11-20,2021-11-21,inside,True,3334555408,data/2021/11/20/20211120_00.zarr.zip,pass,93,,,fold_3
2021-11-21,2021-11-22,inside,True,3312742276,data/2021/11/21/20211121_00.zarr.zip,pass,93,,,fold_3
2021-11-22,2021-11-23,inside,True,3306456121,data/2021/11/22/20211122_00.zarr.zip,pass,93,,,fold_3
2021-11-23,2021-11-24,inside,True,3321383612,data/2021/11/23/20211123_00.zarr.zip,pass,93,,,fold_3
2021-11-24,2021-11-25,inside,True,3322241781,data/2021/11/24/20211124_00.zarr.zip,pass,93,,,fold_3
2021-11-25,2021-11-26,inside,True,3329144594,data/2021/11/25/20211125_00.zarr.zip,pass,93,,,fold_3
2021-11-26,2021-11-27,inside,True,3320628251,data/2021/11/26/20211126_00.zarr.zip,pass,93,,,fold_3
2021-11-27,2021-11-28,inside,True,3325369948,data/2021/11/27/20211127_00.zarr.zip,pass,93,,,fold_3
2021-11-28,2021-11-29,inside,True,3320526618,data/2021/11/28/20211128_00.zarr.zip,pass,93,,,fold_3
2021-11-29,2021-11-30,inside,True,3309488109,data/2021/11/29/20211129_00.zarr.zip,pass,93,,,fold_3
2021-11-30,2021-12-01,inside,True,3316415281,data/2021/11/30/20211130_00.zarr.zip,pass,93,,,fold_3
2021-12-01,2021-12-02,inside,True,3323161896,data/2021/12/1/20211201_00.zarr.zip,pass,93,,,fold_3
2021-12-02,2021-12-03,inside,True,3319288867,data/2021/12/2/20211202_00.zarr.zip,pass,93,,,fold_3
2021-12-03,2021-12-04,inside,True,3295913085,data/2021/12/3/20211203_00.zarr.zip,pass,93,,,fold_3
2021-12-04,2021-12-05,inside,True,3291059363,data/2021/12/4/20211204_00.zarr.zip,pass,93,,,fold_3
2021-12-05,2021-12-06,inside,True,3295598323,data/2021/12/5/20211205_00.zarr.zip,pass,93,,,fold_3
2021-12-06,2021-12-07,inside,True,3306556131,data/2021/12/6/20211206_00.zarr.zip,pass,93,,,fold_3
2021-12-07,2021-12-08,inside,True,3316545208,data/2021/12/7/20211207_00.zarr.zip,pass,93,,,fold_3
2021-12-08,2021-12-09,inside,True,3322238694,data/2021/12/8/20211208_00.zarr.zip,pass,93,,,fold_3
2021-12-09,2021-12-10,inside,True,3311613380,data/2021/12/9/20211209_00.zarr.zip,pass,93,,,fold_3
2021-12-10,2021-12-11,inside,True,3311312462,data/2021/12/10/20211210_00.zarr.zip,pass,93,,,fold_3
2021-12-11,2021-12-12,inside,True,3313624891,data/2021/12/11/20211211_00.zarr.zip,pass,93,,,fold_3
2021-12-12,2021-12-13,inside,True,3317675224,data/2021/12/12/20211212_00.zarr.zip,pass,93,,,fold_3
2021-12-13,2021-12-14,inside,True,3304708001,data/2021/12/13/20211213_00.zarr.zip,pass,93,,,fold_3
2021-12-14,2021-12-15,inside,True,3264009456,data/2021/12/14/20211214_00.zarr.zip,pass,93,,,fold_3
2021-12-15,2021-12-16,inside,True,3259543224,data/2021/12/15/20211215_00.zarr.zip,pass,93,,,fold_3
2021-12-16,2021-12-17,inside,True,3256824020,data/2021/12/16/20211216_00.zarr.zip,pass,93,,,fold_3
2021-12-17,2021-12-18,inside,True,3245795660,data/2021/12/17/20211217_00.zarr.zip,pass,93,,,fold_3
2021-12-18,2021-12-19,inside,True,3256354399,data/2021/12/18/20211218_00.zarr.zip,pass,93,,,fold_3
2021-12-19,2021-12-20,inside,True,3273951807,data/2021/12/19/20211219_00.zarr.zip,pass,93,,,fold_3
2021-12-20,2021-12-21,inside,True,3285734960,data/2021/12/20/20211220_00.zarr.zip,pass,93,,,fold_3
2021-12-21,2021-12-22,inside,True,3286753985,data/2021/12/21/20211221_00.zarr.zip,pass,93,,,fold_3
2021-12-22,2021-12-23,inside,True,3296287517,data/2021/12/22/20211222_00.zarr.zip,pass,93,,,fold_3
2021-12-23,2021-12-24,inside,True,3312909583,data/2021/12/23/20211223_00.zarr.zip,pass,93,,,fold_3
2021-12-24,2021-12-25,inside,True,3319725849,data/2021/12/24/20211224_00.zarr.zip,pass,93,,,fold_3
2021-12-25,2021-12-26,inside,True,3299970127,data/2021/12/25/20211225_00.zarr.zip,pass,93,,,fold_3
2021-12-26,2021-12-27,inside,True,3290495403,data/2021/12/26/20211226_00.zarr.zip,pass,93,,,fold_3
2021-12-27,2021-12-28,inside,True,3284860440,data/2021/12/27/20211227_00.zarr.zip,pass,93,,,fold_3
2021-12-28,2021-12-29,inside,True,3277847557,data/2021/12/28/20211228_00.zarr.zip,pass,93,,,fold_3
2021-12-29,2021-12-30,inside,True,3259561349,data/2021/12/29/20211229_00.zarr.zip,pass,93,,,fold_3
2021-12-30,2021-12-31,inside,True,3224072822,data/2021/12/30/20211230_00.zarr.zip,pass,93,,,fold_3
2021-12-31,2022-01-01,inside,True,3245704154,data/2021/12/31/20211231_00.zarr.zip,pass,93,,,fold_3
2022-01-01,2022-01-02,inside,True,3245730557,data/2022/1/1/20220101_00.zarr.zip,pass,93,,,fold_3
2022-01-02,2022-01-03,inside,True,3279859152,data/2022/1/2/20220102_00.zarr.zip,pass,93,,,fold_3
2022-01-03,2022-01-04,inside,True,3298095154,data/2022/1/3/20220103_00.zarr.zip,pass,93,,,fold_3
2022-01-04,2022-01-05,inside,True,3318182829,data/2022/1/4/20220104_00.zarr.zip,pass,93,,,fold_3
2022-01-05,2022-01-06,inside,True,3316014439,data/2022/1/5/20220105_00.zarr.zip,pass,93,,,fold_3
2022-01-06,2022-01-07,inside,True,3305914496,data/2022/1/6/20220106_00.zarr.zip,pass,93,,,fold_3
2022-01-07,2022-01-08,inside,True,3312941350,data/2022/1/7/20220107_00.zarr.zip,pass,93,,,fold_3
2022-01-08,2022-01-09,inside,True,3278910206,data/2022/1/8/20220108_00.zarr.zip,pass,93,,,fold_3
2022-01-09,2022-01-10,inside,True,3278789422,data/2022/1/9/20220109_00.zarr.zip,pass,93,,,fold_3
2022-01-10,2022-01-11,inside,True,3263536817,data/2022/1/10/20220110_00.zarr.zip,pass,93,,,fold_3
2022-01-11,2022-01-12,inside,True,3248313207,data/2022/1/11/20220111_00.zarr.zip,pass,93,,,fold_3
2022-01-12,2022-01-13,inside,True,3245067298,data/2022/1/12/20220112_00.zarr.zip,pass,93,,,fold_3
2022-01-13,2022-01-14,inside,True,3245716453,data/2022/1/13/20220113_00.zarr.zip,pass,93,,,fold_3
2022-01-14,2022-01-15,inside,True,3263909152,data/2022/1/14/20220114_00.zarr.zip,pass,93,,,fold_3
2022-01-15,2022-01-16,inside,True,3260024092,data/2022/1/15/20220115_00.zarr.zip,pass,93,,,fold_3
2022-01-16,2022-01-17,inside,True,3272238592,data/2022/1/16/20220116_00.zarr.zip,pass,93,,,fold_3
2022-01-17,2022-01-18,inside,True,3277159873,data/2022/1/17/20220117_00.zarr.zip,pass,93,,,fold_3
2022-01-18,2022-01-19,inside,True,3283177297,data/2022/1/18/20220118_00.zarr.zip,pass,93,,,fold_3
2022-01-19,2022-01-20,inside,True,3286904696,data/2022/1/19/20220119_00.zarr.zip,pass,93,,,fold_3
2022-01-20,2022-01-21,inside,True,3302049971,data/2022/1/20/20220120_00.zarr.zip,pass,93,,,fold_3
2022-01-21,2022-01-22,inside,True,3306963995,data/2022/1/21/20220121_00.zarr.zip,pass,93,,,fold_3
2022-01-22,2022-01-23,inside,True,3316726682,data/2022/1/22/20220122_00.zarr.zip,pass,93,,,fold_3
2022-01-23,2022-01-24,inside,True,3326191166,data/2022/1/23/20220123_00.zarr.zip,pass,93,,,fold_3
2022-01-24,2022-01-25,inside,True,3336213119,data/2022/1/24/20220124_00.zarr.zip,pass,93,,,fold_3
2022-01-25,2022-01-26,inside,True,3336162465,data/2022/1/25/20220125_00.zarr.zip,pass,93,,,fold_3
2022-01-26,2022-01-27,inside,True,3340827662,data/2022/1/26/20220126_00.zarr.zip,pass,93,,,fold_3
2022-01-27,2022-01-28,inside,True,3337804905,data/2022/1/27/20220127_00.zarr.zip,pass,93,,,fold_3
2022-01-28,2022-01-29,inside,True,3311345202,data/2022/1/28/20220128_00.zarr.zip,pass,93,,,fold_3
2022-01-29,2022-01-30,inside,True,3318192155,data/2022/1/29/20220129_00.zarr.zip,pass,93,,,fold_3
2022-01-30,2022-01-31,inside,True,3329270996,data/2022/1/30/20220130_00.zarr.zip,pass,93,,,fold_3
2022-01-31,2022-02-01,inside,True,3323507199,data/2022/1/31/20220131_00.zarr.zip,pass,93,,,fold_3
2022-02-01,2022-02-02,inside,True,3326760401,data/2022/2/1/20220201_00.zarr.zip,pass,93,,,fold_3
2022-02-02,2022-02-03,inside,True,3330515742,data/2022/2/2/20220202_00.zarr.zip,pass,93,,,fold_3
2022-02-03,2022-02-04,inside,True,3327284870,data/2022/2/3/20220203_00.zarr.zip,pass,93,,,fold_3
2022-02-04,2022-02-05,inside,True,3323792249,data/2022/2/4/20220204_00.zarr.zip,pass,93,,,fold_3
2022-02-05,2022-02-06,inside,True,3312587998,data/2022/2/5/20220205_00.zarr.zip,pass,93,,,fold_3
2022-02-06,2022-02-07,inside,True,3319037738,data/2022/2/6/20220206_00.zarr.zip,pass,93,,,fold_3
2022-02-07,2022-02-08,inside,True,3311949142,data/2022/2/7/20220207_00.zarr.zip,pass,93,,,fold_3
2022-02-08,2022-02-09,inside,True,3322520459,data/2022/2/8/20220208_00.zarr.zip,pass,93,,,fold_3
2022-02-09,2022-02-10,inside,True,3337297574,data/2022/2/9/20220209_00.zarr.zip,pass,93,,,fold_3
2022-02-10,2022-02-11,inside,True,3350028291,data/2022/2/10/20220210_00.zarr.zip,pass,93,,,fold_3
2022-02-11,2022-02-12,inside,True,3348653830,data/2022/2/11/20220211_00.zarr.zip,pass,93,,,fold_3
2022-02-12,2022-02-13,inside,True,3339931961,data/2022/2/12/20220212_00.zarr.zip,pass,93,,,fold_3
2022-02-13,2022-02-14,inside,True,3340082462,data/2022/2/13/20220213_00.zarr.zip,pass,93,,,fold_3
2022-02-14,2022-02-15,inside,True,3332980373,data/2022/2/14/20220214_00.zarr.zip,pass,93,,,fold_3
2022-02-15,2022-02-16,inside,True,3339369098,data/2022/2/15/20220215_00.zarr.zip,pass,93,,,fold_3
2022-02-16,2022-02-17,inside,True,3351802029,data/2022/2/16/20220216_00.zarr.zip,pass,93,,,fold_3
2022-02-17,2022-02-18,inside,True,3355776802,data/2022/2/17/20220217_00.zarr.zip,pass,93,,,fold_3
2022-02-18,2022-02-19,inside,True,3347914332,data/2022/2/18/20220218_00.zarr.zip,pass,93,,,fold_3
2022-02-19,2022-02-20,inside,True,3320940348,data/2022/2/19/20220219_00.zarr.zip,pass,93,,,fold_3
2022-02-20,2022-02-21,inside,True,3302534481,data/2022/2/20/20220220_00.zarr.zip,pass,93,,,fold_3
2022-02-21,2022-02-22,inside,True,3313706104,data/2022/2/21/20220221_00.zarr.zip,pass,93,,,fold_3
2022-02-22,2022-02-23,inside,True,3328656483,data/2022/2/22/20220222_00.zarr.zip,pass,93,,,fold_3
2022-02-23,2022-02-24,inside,True,3341631197,data/2022/2/23/20220223_00.zarr.zip,pass,93,,,fold_3
2022-02-24,2022-02-25,inside,True,3335143622,data/2022/2/24/20220224_00.zarr.zip,pass,93,,,fold_3
2022-02-25,2022-02-26,inside,True,3314740352,data/2022/2/25/20220225_00.zarr.zip,pass,93,,,fold_3
2022-02-26,2022-02-27,inside,True,3299640314,data/2022/2/26/20220226_00.zarr.zip,pass,93,,,fold_3
2022-02-27,2022-02-28,inside,True,3306314644,data/2022/2/27/20220227_00.zarr.zip,pass,93,,,fold_3
2022-02-28,2022-03-01,inside,True,3305261208,data/2022/2/28/20220228_00.zarr.zip,pass,93,,,fold_3
2022-03-01,2022-03-02,inside,True,3307583103,data/2022/3/1/20220301_00.zarr.zip,pass,93,,,fold_3
2022-03-02,2022-03-03,inside,True,3308411639,data/2022/3/2/20220302_00.zarr.zip,pass,93,,,fold_3
2022-03-03,2022-03-04,inside,True,3308612544,data/2022/3/3/20220303_00.zarr.zip,pass,93,,,fold_3
2022-03-04,2022-03-05,inside,True,3318910512,data/2022/3/4/20220304_00.zarr.zip,pass,93,,,fold_3
2022-03-05,2022-03-06,inside,True,3338514056,data/2022/3/5/20220305_00.zarr.zip,pass,93,,,fold_3
2022-03-06,2022-03-07,inside,True,3313139765,data/2022/3/6/20220306_00.zarr.zip,pass,93,,,fold_3
2022-03-07,2022-03-08,inside,True,3294189078,data/2022/3/7/20220307_00.zarr.zip,pass,93,,,fold_3
2022-03-08,2022-03-09,inside,True,3282902125,data/2022/3/8/20220308_00.zarr.zip,pass,93,,,fold_3
2022-03-09,2022-03-10,inside,True,3276888733,data/2022/3/9/20220309_00.zarr.zip,pass,93,,,fold_3
2022-03-10,2022-03-11,inside,True,3279362894,data/2022/3/10/20220310_00.zarr.zip,pass,93,,,fold_3
2022-03-11,2022-03-12,inside,True,3280198577,data/2022/3/11/20220311_00.zarr.zip,pass,93,,,fold_3
2022-03-12,2022-03-13,inside,True,3289240741,data/2022/3/12/20220312_00.zarr.zip,pass,93,,,fold_3
2022-03-13,2022-03-14,inside,True,3297792184,data/2022/3/13/20220313_00.zarr.zip,pass,93,,,fold_3
2022-03-14,2022-03-15,inside,True,3286200540,data/2022/3/14/20220314_00.zarr.zip,pass,93,,,fold_3
2022-03-15,2022-03-16,inside,True,3278518457,data/2022/3/15/20220315_00.zarr.zip,pass,93,,,fold_3
2022-03-16,2022-03-17,inside,True,3264536256,data/2022/3/16/20220316_00.zarr.zip,pass,93,,,fold_3
2022-03-17,2022-03-18,inside,True,3266712257,data/2022/3/17/20220317_00.zarr.zip,pass,93,,,fold_3
2022-03-18,2022-03-19,inside,True,3272535152,data/2022/3/18/20220318_00.zarr.zip,pass,93,,,fold_3
2022-03-19,2022-03-20,inside,True,3255556548,data/2022/3/19/20220319_00.zarr.zip,pass,93,,,fold_3
2022-03-20,2022-03-21,inside,True,3257000065,data/2022/3/20/20220320_00.zarr.zip,pass,93,,,fold_3
2022-03-21,2022-03-22,inside,True,3243311520,data/2022/3/21/20220321_00.zarr.zip,pass,93,,,fold_3
2022-03-22,2022-03-23,inside,True,3236940013,data/2022/3/22/20220322_00.zarr.zip,pass,93,,,fold_3
2022-03-23,2022-03-24,inside,True,3206278726,data/2022/3/23/20220323_00.zarr.zip,pass,93,,,fold_3
2022-03-24,2022-03-25,inside,True,3212707468,data/2022/3/24/20220324_00.zarr.zip,pass,93,,,fold_3
2022-03-25,2022-03-26,inside,True,3221145817,data/2022/3/25/20220325_00.zarr.zip,pass,93,,,fold_3
2022-03-26,2022-03-27,inside,True,3242375992,data/2022/3/26/20220326_00.zarr.zip,pass,93,,,fold_3
2022-03-27,2022-03-28,inside,True,3289042583,data/2022/3/27/20220327_00.zarr.zip,pass,93,,,fold_3
2022-03-28,2022-03-29,inside,True,3326831448,data/2022/3/28/20220328_00.zarr.zip,pass,93,,,fold_3
2022-03-29,2022-03-30,inside,True,3357520593,data/2022/3/29/20220329_00.zarr.zip,pass,93,,,fold_3
2022-03-30,2022-03-31,inside,True,3343863093,data/2022/3/30/20220330_00.zarr.zip,pass,93,,,fold_3
2022-03-31,2022-04-01,inside,True,3324083008,data/2022/3/31/20220331_00.zarr.zip,pass,93,,,fold_3
2022-04-01,2022-04-02,inside,True,3330409224,data/2022/4/1/20220401_00.zarr.zip,pass,93,,,fold_3
2022-04-02,2022-04-03,inside,True,3327942334,data/2022/4/2/20220402_00.zarr.zip,pass,93,,,fold_3
2022-04-03,2022-04-04,inside,True,3332363172,data/2022/4/3/20220403_00.zarr.zip,pass,93,,,fold_3
2022-04-04,2022-04-05,inside,True,3336185197,data/2022/4/4/20220404_00.zarr.zip,pass,93,,,fold_3
2022-04-05,2022-04-06,inside,True,3342763952,data/2022/4/5/20220405_00.zarr.zip,pass,93,,,fold_3
2022-04-06,2022-04-07,inside,True,3347090902,data/2022/4/6/20220406_00.zarr.zip,pass,93,,,fold_3
2022-04-07,2022-04-08,inside,True,3350335272,data/2022/4/7/20220407_00.zarr.zip,pass,93,,,fold_3
2022-04-08,2022-04-09,inside,True,3350549831,data/2022/4/8/20220408_00.zarr.zip,pass,93,,,fold_3
2022-04-09,2022-04-10,inside,True,3361512017,data/2022/4/9/20220409_00.zarr.zip,pass,93,,,fold_3
2022-04-10,2022-04-11,inside,True,3358356108,data/2022/4/10/20220410_00.zarr.zip,pass,93,,,fold_3
2022-04-11,2022-04-12,inside,True,3342886180,data/2022/4/11/20220411_00.zarr.zip,pass,93,,,fold_3
2022-04-12,2022-04-13,inside,True,3328676067,data/2022/4/12/20220412_00.zarr.zip,pass,93,,,fold_3
2022-04-13,2022-04-14,inside,True,3298126748,data/2022/4/13/20220413_00.zarr.zip,pass,93,,,fold_3
2022-04-14,2022-04-15,inside,True,3295881840,data/2022/4/14/20220414_00.zarr.zip,pass,93,,,fold_3
2022-04-15,2022-04-16,inside,True,3312758263,data/2022/4/15/20220415_00.zarr.zip,pass,93,,,fold_3
2022-04-16,2022-04-17,inside,True,3323242985,data/2022/4/16/20220416_00.zarr.zip,pass,93,,,fold_3
2022-04-17,2022-04-18,inside,True,3330745259,data/2022/4/17/20220417_00.zarr.zip,pass,93,,,fold_3
2022-04-18,2022-04-19,inside,True,3332583411,data/2022/4/18/20220418_00.zarr.zip,pass,93,,,fold_3
2022-04-19,2022-04-20,inside,True,3326650472,data/2022/4/19/20220419_00.zarr.zip,pass,93,,,fold_3
2022-04-20,2022-04-21,inside,True,3314925459,data/2022/4/20/20220420_00.zarr.zip,pass,93,,,fold_3
2022-04-21,2022-04-22,inside,True,3311665935,data/2022/4/21/20220421_00.zarr.zip,pass,93,,,fold_3
2022-04-22,2022-04-23,inside,True,3333696340,data/2022/4/22/20220422_00.zarr.zip,pass,93,,,fold_3
2022-04-23,2022-04-24,inside,True,3345947941,data/2022/4/23/20220423_00.zarr.zip,pass,93,,,fold_3
2022-04-24,2022-04-25,inside,True,3376977792,data/2022/4/24/20220424_00.zarr.zip,pass,93,,,fold_3
2022-04-25,2022-04-26,inside,True,3387914862,data/2022/4/25/20220425_00.zarr.zip,pass,93,,,fold_3
2022-04-26,2022-04-27,inside,True,3391328563,data/2022/4/26/20220426_00.zarr.zip,pass,93,,,fold_3
2022-04-27,2022-04-28,inside,True,3401534415,data/2022/4/27/20220427_00.zarr.zip,pass,93,,,fold_3
2022-04-28,2022-04-29,inside,True,3397902570,data/2022/4/28/20220428_00.zarr.zip,pass,93,,,fold_3
2022-04-29,2022-04-30,inside,True,3399537681,data/2022/4/29/20220429_00.zarr.zip,pass,93,,,fold_3
2022-04-30,2022-05-01,inside,True,3396063257,data/2022/4/30/20220430_00.zarr.zip,pass,93,,,fold_3
2022-05-01,2022-05-02,inside,True,3399911839,data/2022/5/1/20220501_00.zarr.zip,pass,93,,,fold_3
2022-05-02,2022-05-03,inside,True,3400097934,data/2022/5/2/20220502_00.zarr.zip,pass,93,,,fold_3
2022-05-03,2022-05-04,inside,True,3394866503,data/2022/5/3/20220503_00.zarr.zip,pass,93,,,fold_3
2022-05-04,2022-05-05,inside,True,3368678387,data/2022/5/4/20220504_00.zarr.zip,pass,93,,,fold_3
2022-05-05,2022-05-06,inside,True,3351908801,data/2022/5/5/20220505_00.zarr.zip,pass,93,,,fold_3
2022-05-06,2022-05-07,inside,True,3355298174,data/2022/5/6/20220506_00.zarr.zip,pass,93,,,fold_3
2022-05-07,2022-05-08,inside,True,3350099634,data/2022/5/7/20220507_00.zarr.zip,pass,93,,,fold_3
2022-05-08,2022-05-09,inside,True,3340452091,data/2022/5/8/20220508_00.zarr.zip,pass,93,,,fold_3
2022-05-09,2022-05-10,inside,True,3339307016,data/2022/5/9/20220509_00.zarr.zip,pass,93,,,fold_3
2022-05-10,2022-05-11,inside,True,3349242170,data/2022/5/10/20220510_00.zarr.zip,pass,93,,,fold_3
2022-05-11,2022-05-12,inside,True,3362516353,data/2022/5/11/20220511_00.zarr.zip,pass,93,,,fold_3
2022-05-12,2022-05-13,inside,True,3358976771,data/2022/5/12/20220512_00.zarr.zip,pass,93,,,fold_3
2022-05-13,2022-05-14,inside,True,3344493748,data/2022/5/13/20220513_00.zarr.zip,pass,93,,,fold_3
2022-05-14,2022-05-15,inside,True,3330437422,data/2022/5/14/20220514_00.zarr.zip,pass,93,,,fold_3
2022-05-15,2022-05-16,inside,True,3311600679,data/2022/5/15/20220515_00.zarr.zip,pass,93,,,fold_3
2022-05-16,2022-05-17,inside,True,3307569388,data/2022/5/16/20220516_00.zarr.zip,pass,93,,,fold_3
2022-05-17,2022-05-18,inside,True,3311282671,data/2022/5/17/20220517_00.zarr.zip,pass,93,,,fold_3
2022-05-18,2022-05-19,inside,True,3333574900,data/2022/5/18/20220518_00.zarr.zip,pass,93,,,fold_3
2022-05-19,2022-05-20,inside,True,3334566013,data/2022/5/19/20220519_00.zarr.zip,pass,93,,,fold_3
2022-05-20,2022-05-21,inside,True,3342231861,data/2022/5/20/20220520_00.zarr.zip,pass,93,,,fold_3
2022-05-21,2022-05-22,inside,True,3343755729,data/2022/5/21/20220521_00.zarr.zip,pass,93,,,fold_3
2022-05-22,2022-05-23,inside,True,3347247969,data/2022/5/22/20220522_00.zarr.zip,pass,93,,,fold_3
2022-05-23,2022-05-24,inside,True,3357583793,data/2022/5/23/20220523_00.zarr.zip,pass,93,,,fold_3
2022-05-24,2022-05-25,inside,True,3350948497,data/2022/5/24/20220524_00.zarr.zip,pass,93,,,fold_3
2022-05-25,2022-05-26,inside,True,3345639019,data/2022/5/25/20220525_00.zarr.zip,pass,93,,,fold_3
2022-05-26,2022-05-27,inside,True,3337009051,data/2022/5/26/20220526_00.zarr.zip,pass,93,,,fold_3
2022-05-27,2022-05-28,inside,True,3344587489,data/2022/5/27/20220527_00.zarr.zip,pass,93,,,fold_3
2022-05-28,2022-05-29,inside,True,3348117918,data/2022/5/28/20220528_00.zarr.zip,pass,93,,,fold_3
2022-05-29,2022-05-30,inside,True,3348582632,data/2022/5/29/20220529_00.zarr.zip,pass,93,,,fold_3
2022-05-30,2022-05-31,inside,True,3344794790,data/2022/5/30/20220530_00.zarr.zip,pass,93,,,fold_3
2022-05-31,2022-06-01,inside,True,3354868217,data/2022/5/31/20220531_00.zarr.zip,pass,93,,,fold_3
2022-06-01,2022-06-02,inside,True,3357913444,data/2022/6/1/20220601_00.zarr.zip,pass,93,,,fold_3
2022-06-02,2022-06-03,inside,True,3364339675,data/2022/6/2/20220602_00.zarr.zip,pass,93,,,fold_3
2022-06-03,2022-06-04,inside,True,3359313463,data/2022/6/3/20220603_00.zarr.zip,pass,93,,,fold_3
2022-06-04,2022-06-05,inside,True,3352289854,data/2022/6/4/20220604_00.zarr.zip,pass,93,,,fold_3
2022-06-05,2022-06-06,inside,True,3347828248,data/2022/6/5/20220605_00.zarr.zip,pass,93,,,fold_3
2022-06-06,2022-06-07,inside,True,3339709917,data/2022/6/6/20220606_00.zarr.zip,pass,93,,,fold_3
2022-06-07,2022-06-08,inside,True,3334065501,data/2022/6/7/20220607_00.zarr.zip,pass,93,,,fold_3
2022-06-08,2022-06-09,inside,True,3328378781,data/2022/6/8/20220608_00.zarr.zip,pass,93,,,fold_3
2022-06-09,2022-06-10,inside,True,3319006501,data/2022/6/9/20220609_00.zarr.zip,pass,93,,,fold_3
2022-06-10,2022-06-11,inside,True,3325791295,data/2022/6/10/20220610_00.zarr.zip,pass,93,,,fold_3
2022-06-11,2022-06-12,inside,True,3336594148,data/2022/6/11/20220611_00.zarr.zip,pass,93,,,fold_3
2022-06-12,2022-06-13,inside,True,3350343981,data/2022/6/12/20220612_00.zarr.zip,pass,93,,,fold_3
2022-06-13,2022-06-14,inside,True,3344591698,data/2022/6/13/20220613_00.zarr.zip,pass,93,,,fold_3
2022-06-14,2022-06-15,inside,True,3340589250,data/2022/6/14/20220614_00.zarr.zip,pass,93,,,fold_3
2022-06-15,2022-06-16,inside,True,3321402923,data/2022/6/15/20220615_00.zarr.zip,pass,93,,,fold_3
2022-06-16,2022-06-17,inside,True,3315402148,data/2022/6/16/20220616_00.zarr.zip,pass,93,,,fold_3
2022-06-17,2022-06-18,inside,True,3302029286,data/2022/6/17/20220617_00.zarr.zip,pass,93,,,fold_3
2022-06-18,2022-06-19,inside,True,3317559726,data/2022/6/18/20220618_00.zarr.zip,pass,93,,,fold_3
2022-06-19,2022-06-20,inside,True,3324291294,data/2022/6/19/20220619_00.zarr.zip,pass,93,,,fold_3
2022-06-20,2022-06-21,inside,True,3324017167,data/2022/6/20/20220620_00.zarr.zip,pass,93,,,fold_3
2022-06-21,2022-06-22,inside,False,,,,,,,fold_3
2022-06-22,2022-06-23,inside,True,3325628192,data/2022/6/22/20220622_00.zarr.zip,pass,93,,,fold_3
2022-06-23,2022-06-24,inside,False,,,,,,,fold_3
2022-06-24,2022-06-25,inside,True,3331003231,data/2022/6/24/20220624_00.zarr.zip,pass,93,,,fold_3
2022-06-25,2022-06-26,inside,True,3319768366,data/2022/6/25/20220625_00.zarr.zip,pass,93,,,fold_3
2022-06-26,2022-06-27,inside,False,,,,,,,fold_3
2022-06-27,2022-06-28,inside,True,3323394828,data/2022/6/27/20220627_00.zarr.zip,pass,93,,,fold_3
2022-06-28,2022-06-29,inside,True,3315090917,data/2022/6/28/20220628_00.zarr.zip,pass,93,,,fold_3
2022-06-29,2022-06-30,inside,True,3317869886,data/2022/6/29/20220629_00.zarr.zip,pass,93,,,fold_3
2022-06-30,2022-07-01,inside,True,3322945662,data/2022/6/30/20220630_00.zarr.zip,pass,93,,,fold_3
2022-07-01,2022-07-02,inside,True,3315997673,data/2022/7/1/20220701_00.zarr.zip,pass,93,,,fold_3
2022-07-02,2022-07-03,inside,True,3317023522,data/2022/7/2/20220702_00.zarr.zip,pass,93,,,fold_3
2022-07-03,2022-07-04,inside,True,3309789756,data/2022/7/3/20220703_00.zarr.zip,pass,93,,,fold_3
2022-07-04,2022-07-05,inside,True,3320478906,data/2022/7/4/20220704_00.zarr.zip,pass,93,,,fold_3
2022-07-05,2022-07-06,inside,True,3312613168,data/2022/7/5/20220705_00.zarr.zip,pass,93,,,fold_3
2022-07-06,2022-07-07,inside,True,3315370820,data/2022/7/6/20220706_00.zarr.zip,pass,93,,,fold_3
2022-07-07,2022-07-08,inside,True,3313223057,data/2022/7/7/20220707_00.zarr.zip,pass,93,,,fold_3
2022-07-08,2022-07-09,inside,True,3312438392,data/2022/7/8/20220708_00.zarr.zip,pass,93,,,fold_3
2022-07-09,2022-07-10,inside,True,3311797060,data/2022/7/9/20220709_00.zarr.zip,pass,93,,,fold_3
2022-07-10,2022-07-11,inside,True,3317113693,data/2022/7/10/20220710_00.zarr.zip,pass,93,,,fold_3
2022-07-11,2022-07-12,inside,True,3307739759,data/2022/7/11/20220711_00.zarr.zip,pass,93,,,fold_3
2022-07-12,2022-07-13,inside,True,3309211757,data/2022/7/12/20220712_00.zarr.zip,pass,93,,,fold_3
2022-07-13,2022-07-14,inside,True,3316561317,data/2022/7/13/20220713_00.zarr.zip,pass,93,,,fold_3
2022-07-14,2022-07-15,inside,True,3315340638,data/2022/7/14/20220714_00.zarr.zip,pass,93,,,fold_3
2022-07-15,2022-07-16,inside,True,3310224945,data/2022/7/15/20220715_00.zarr.zip,pass,93,,,fold_3
2022-07-16,2022-07-17,inside,True,3314647238,data/2022/7/16/20220716_00.zarr.zip,pass,93,,,fold_3
2022-07-17,2022-07-18,inside,True,3304129084,data/2022/7/17/20220717_00.zarr.zip,pass,93,,,fold_3
2022-07-18,2022-07-19,inside,True,3310374840,data/2022/7/18/20220718_00.zarr.zip,pass,93,,,fold_3
2022-07-19,2022-07-20,inside,True,3313239867,data/2022/7/19/20220719_00.zarr.zip,pass,93,,,fold_3
2022-07-20,2022-07-21,inside,True,3325676821,data/2022/7/20/20220720_00.zarr.zip,pass,93,,,fold_3
2022-07-21,2022-07-22,inside,True,3329923514,data/2022/7/21/20220721_00.zarr.zip,pass,93,,,fold_3
2022-07-22,2022-07-23,inside,True,3330537263,data/2022/7/22/20220722_00.zarr.zip,pass,93,,,fold_3
2022-07-23,2022-07-24,inside,True,3338820687,data/2022/7/23/20220723_00.zarr.zip,pass,93,,,fold_3
2022-07-24,2022-07-25,inside,True,3344956565,data/2022/7/24/20220724_00.zarr.zip,pass,93,,,fold_3
2022-07-25,2022-07-26,inside,True,3352276865,data/2022/7/25/20220725_00.zarr.zip,pass,93,,,fold_3
2022-07-26,2022-07-27,inside,True,3346612068,data/2022/7/26/20220726_00.zarr.zip,pass,93,,,fold_3
2022-07-27,2022-07-28,inside,True,3337670785,data/2022/7/27/20220727_00.zarr.zip,pass,93,,,fold_3
2022-07-28,2022-07-29,inside,True,3335646922,data/2022/7/28/20220728_00.zarr.zip,pass,93,,,fold_3
2022-07-29,2022-07-30,inside,True,3410673583,data/2022/7/29/20220729_00.zarr.zip,pass,93,,,fold_3
2022-07-30,2022-07-31,inside,True,3418723885,data/2022/7/30/20220730_00.zarr.zip,pass,93,,,fold_3
2022-07-31,2022-08-01,inside,True,3414547132,data/2022/7/31/20220731_00.zarr.zip,pass,93,,,fold_3
2022-08-01,2022-08-02,inside,True,3434714249,data/2022/8/1/20220801_00.zarr.zip,pass,93,,,fold_3
2022-08-02,2022-08-03,inside,True,3426718287,data/2022/8/2/20220802_00.zarr.zip,pass,93,,,fold_3
2022-08-03,2022-08-04,inside,True,3419946976,data/2022/8/3/20220803_00.zarr.zip,pass,93,,,fold_3
2022-08-04,2022-08-05,inside,True,3427363676,data/2022/8/4/20220804_00.zarr.zip,pass,93,,,fold_3
2022-08-05,2022-08-06,inside,True,3416940155,data/2022/8/5/20220805_00.zarr.zip,pass,93,,,fold_3
2022-08-06,2022-08-07,inside,True,3404477196,data/2022/8/6/20220806_00.zarr.zip,pass,93,,,fold_3
2022-08-07,2022-08-08,inside,True,3385719716,data/2022/8/7/20220807_00.zarr.zip,pass,93,,,fold_3
2022-08-08,2022-08-09,inside,True,3363177499,data/2022/8/8/20220808_00.zarr.zip,pass,93,,,fold_3
2022-08-09,2022-08-10,inside,True,3346896614,data/2022/8/9/20220809_00.zarr.zip,pass,93,,,fold_3
2022-08-10,2022-08-11,inside,True,3345582396,data/2022/8/10/20220810_00.zarr.zip,pass,93,,,fold_3
2022-08-11,2022-08-12,inside,True,3366333315,data/2022/8/11/20220811_00.zarr.zip,pass,93,,,fold_3
2022-08-12,2022-08-13,inside,True,3392352654,data/2022/8/12/20220812_00.zarr.zip,pass,93,,,fold_3
2022-08-13,2022-08-14,inside,True,3435058772,data/2022/8/13/20220813_00.zarr.zip,pass,93,,,fold_3
2022-08-14,2022-08-15,inside,True,3450890265,data/2022/8/14/20220814_00.zarr.zip,pass,93,,,fold_3
2022-08-15,2022-08-16,inside,True,3447134105,data/2022/8/15/20220815_00.zarr.zip,pass,93,,,fold_3
2022-08-16,2022-08-17,inside,True,3429350829,data/2022/8/16/20220816_00.zarr.zip,pass,93,,,fold_3
2022-08-17,2022-08-18,inside,True,3406161204,data/2022/8/17/20220817_00.zarr.zip,pass,93,,,fold_3
2022-08-18,2022-08-19,inside,True,3412650076,data/2022/8/18/20220818_00.zarr.zip,pass,93,,,fold_3
2022-08-19,2022-08-20,inside,True,3420658408,data/2022/8/19/20220819_00.zarr.zip,pass,93,,,fold_3
2022-08-20,2022-08-21,inside,True,3429738366,data/2022/8/20/20220820_00.zarr.zip,pass,93,,,fold_3
2022-08-21,2022-08-22,inside,True,3439610561,data/2022/8/21/20220821_00.zarr.zip,pass,93,,,fold_3
2022-08-22,2022-08-23,inside,True,3436300004,data/2022/8/22/20220822_00.zarr.zip,pass,93,,,fold_3
2022-08-23,2022-08-24,inside,True,3434265706,data/2022/8/23/20220823_00.zarr.zip,pass,93,,,fold_3
2022-08-24,2022-08-25,inside,True,2822865993,data/2022/8/24/20220824_00.zarr.zip,pass,93,,,fold_3
2022-08-25,2022-08-26,inside,True,2832747132,data/2022/8/25/20220825_00.zarr.zip,pass,93,,,fold_3
2022-08-26,2022-08-27,inside,True,2836819052,data/2022/8/26/20220826_00.zarr.zip,pass,93,,,fold_3
2022-08-27,2022-08-28,inside,True,2838566322,data/2022/8/27/20220827_00.zarr.zip,pass,93,,,fold_3
2022-08-28,2022-08-29,inside,True,2838424006,data/2022/8/28/20220828_00.zarr.zip,pass,93,,,fold_3
2022-08-29,2022-08-30,inside,True,2832009271,data/2022/8/29/20220829_00.zarr.zip,pass,93,,,fold_3
2022-08-30,2022-08-31,inside,True,2818237017,data/2022/8/30/20220830_00.zarr.zip,pass,93,,,fold_3
2022-08-31,2022-09-01,inside,True,2810863220,data/2022/8/31/20220831_00.zarr.zip,pass,93,,,fold_3
2022-09-01,2022-09-02,inside,True,2808279134,data/2022/9/1/20220901_00.zarr.zip,pass,93,,,fold_3
2022-09-02,2022-09-03,inside,True,2790263279,data/2022/9/2/20220902_00.zarr.zip,pass,93,,,fold_3
2022-09-03,2022-09-04,inside,True,2796019907,data/2022/9/3/20220903_00.zarr.zip,pass,93,,,fold_3
2022-09-04,2022-09-05,inside,True,2800565679,data/2022/9/4/20220904_00.zarr.zip,pass,93,,,fold_3
2022-09-05,2022-09-06,inside,True,2804239424,data/2022/9/5/20220905_00.zarr.zip,pass,93,,,fold_3
2022-09-06,2022-09-07,inside,True,2811817567,data/2022/9/6/20220906_00.zarr.zip,pass,93,,,fold_3
2022-09-07,2022-09-08,inside,True,2799934500,data/2022/9/7/20220907_00.zarr.zip,pass,93,,,fold_3
2022-09-08,2022-09-09,inside,True,2792179622,data/2022/9/8/20220908_00.zarr.zip,pass,93,,,fold_3
2022-09-09,2022-09-10,inside,True,2795463152,data/2022/9/9/20220909_00.zarr.zip,pass,93,,,fold_3
2022-09-10,2022-09-11,inside,True,2825608419,data/2022/9/10/20220910_00.zarr.zip,pass,93,,,fold_3
2022-09-11,2022-09-12,inside,True,2837755108,data/2022/9/11/20220911_00.zarr.zip,pass,93,,,fold_3
2022-09-12,2022-09-13,inside,True,2836698180,data/2022/9/12/20220912_00.zarr.zip,pass,93,,,fold_3
2022-09-13,2022-09-14,inside,True,2828742525,data/2022/9/13/20220913_00.zarr.zip,pass,93,,,fold_3
2022-09-14,2022-09-15,inside,True,2829200109,data/2022/9/14/20220914_00.zarr.zip,pass,93,,,fold_3
2022-09-15,2022-09-16,inside,True,2822179785,data/2022/9/15/20220915_00.zarr.zip,pass,93,,,fold_3
2022-09-16,2022-09-17,inside,True,2826391181,data/2022/9/16/20220916_00.zarr.zip,pass,93,,,fold_3
2022-09-17,2022-09-18,inside,True,2835437144,data/2022/9/17/20220917_00.zarr.zip,pass,93,,,fold_3
2022-09-18,2022-09-19,inside,True,2849801720,data/2022/9/18/20220918_00.zarr.zip,pass,93,,,fold_3
2022-09-19,2022-09-20,inside,True,2843139534,data/2022/9/19/20220919_00.zarr.zip,pass,93,,,fold_3
2022-09-20,2022-09-21,inside,False,,,,,,,fold_3
2022-09-21,2022-09-22,inside,False,,,,,,,fold_3
2022-09-22,2022-09-23,inside,False,,,,,,,fold_3
2022-09-23,2022-09-24,inside,False,,,,,,,fold_3
2022-09-24,2022-09-25,inside,False,,,,,,,fold_3
2022-09-25,2022-09-26,inside,False,,,,,,,fold_3
2022-09-26,2022-09-27,inside,False,,,,,,,fold_3
2022-09-27,2022-09-28,inside,False,,,,,,,fold_3
2023-04-01,2023-04-02,inside,True,16234424318,data/2023/4/1/20230401_00.zarr.zip,pass,73,,,fold_4
2023-04-02,2023-04-03,inside,True,16264799916,data/2023/4/2/20230402_00.zarr.zip,pass,73,,,fold_4
2023-04-03,2023-04-04,inside,True,16254401287,data/2023/4/3/20230403_00.zarr.zip,pass,73,,,fold_4
2023-04-04,2023-04-05,inside,True,16244654322,data/2023/4/4/20230404_00.zarr.zip,pass,73,,,fold_4
2023-04-05,2023-04-06,inside,True,16210267764,data/2023/4/5/20230405_00.zarr.zip,pass,73,,,fold_4
2023-04-06,2023-04-07,inside,True,16167293351,data/2023/4/6/20230406_00.zarr.zip,pass,73,,,fold_4
2023-04-07,2023-04-08,inside,True,16087873402,data/2023/4/7/20230407_00.zarr.zip,pass,73,,,fold_4
2023-04-08,2023-04-09,inside,True,16026782975,data/2023/4/8/20230408_00.zarr.zip,pass,73,,,fold_4
2023-04-09,2023-04-10,inside,True,16091007222,data/2023/4/9/20230409_00.zarr.zip,pass,73,,,fold_4
2023-04-10,2023-04-11,inside,True,16120679961,data/2023/4/10/20230410_00.zarr.zip,pass,73,,,fold_4
2023-04-11,2023-04-12,inside,True,16131661223,data/2023/4/11/20230411_00.zarr.zip,pass,73,,,fold_4
2023-04-12,2023-04-13,inside,True,16113076063,data/2023/4/12/20230412_00.zarr.zip,pass,73,,,fold_4
2023-04-13,2023-04-14,inside,True,16055766362,data/2023/4/13/20230413_00.zarr.zip,pass,73,,,fold_4
2023-04-14,2023-04-15,inside,True,16025386039,data/2023/4/14/20230414_00.zarr.zip,pass,73,,,fold_4
2023-04-15,2023-04-16,inside,True,16033596599,data/2023/4/15/20230415_00.zarr.zip,pass,73,,,fold_4
2023-04-16,2023-04-17,inside,True,16011044079,data/2023/4/16/20230416_00.zarr.zip,pass,73,,,fold_4
2023-04-17,2023-04-18,inside,True,15977541656,data/2023/4/17/20230417_00.zarr.zip,pass,73,,,fold_4
2023-04-18,2023-04-19,inside,True,16020493111,data/2023/4/18/20230418_00.zarr.zip,pass,73,,,fold_4
2023-04-19,2023-04-20,inside,True,16117777174,data/2023/4/19/20230419_00.zarr.zip,pass,73,,,fold_4
2023-04-20,2023-04-21,inside,True,16224936457,data/2023/4/20/20230420_00.zarr.zip,pass,73,,,fold_4
2023-04-21,2023-04-22,inside,True,16228990164,data/2023/4/21/20230421_00.zarr.zip,pass,73,,,fold_4
2023-04-22,2023-04-23,inside,True,16276162163,data/2023/4/22/20230422_00.zarr.zip,pass,73,,,fold_4
2023-04-23,2023-04-24,inside,True,16364297798,data/2023/4/23/20230423_00.zarr.zip,pass,73,,,fold_4
2023-04-24,2023-04-25,inside,True,16425006682,data/2023/4/24/20230424_00.zarr.zip,pass,73,,,fold_4
2023-04-25,2023-04-26,inside,True,16481141034,data/2023/4/25/20230425_00.zarr.zip,pass,73,,,fold_4
2023-04-26,2023-04-27,inside,True,16500612539,data/2023/4/26/20230426_00.zarr.zip,pass,73,,,fold_4
2023-04-27,2023-04-28,inside,True,16407803561,data/2023/4/27/20230427_00.zarr.zip,pass,73,,,fold_4
2023-04-28,2023-04-29,inside,True,16401661353,data/2023/4/28/20230428_00.zarr.zip,pass,73,,,fold_4
2023-04-29,2023-04-30,inside,True,16477026307,data/2023/4/29/20230429_00.zarr.zip,pass,73,,,fold_4
2023-04-30,2023-05-01,inside,True,16562019033,data/2023/4/30/20230430_00.zarr.zip,pass,73,,,fold_4
2023-05-01,2023-05-02,inside,True,16545657700,data/2023/5/1/20230501_00.zarr.zip,pass,73,,,fold_4
2023-05-02,2023-05-03,inside,True,16484871515,data/2023/5/2/20230502_00.zarr.zip,pass,73,,,fold_4
2023-05-03,2023-05-04,inside,True,16447334162,data/2023/5/3/20230503_00.zarr.zip,pass,73,,,fold_4
2023-05-04,2023-05-05,inside,True,16393676661,data/2023/5/4/20230504_00.zarr.zip,pass,73,,,fold_4
2023-05-05,2023-05-06,inside,True,16359956021,data/2023/5/5/20230505_00.zarr.zip,pass,73,,,fold_4
2023-05-06,2023-05-07,inside,True,16349666834,data/2023/5/6/20230506_00.zarr.zip,pass,73,,,fold_4
2023-05-07,2023-05-08,inside,True,16331575175,data/2023/5/7/20230507_00.zarr.zip,pass,73,,,fold_4
2023-05-08,2023-05-09,inside,True,16319732401,data/2023/5/8/20230508_00.zarr.zip,pass,73,,,fold_4
2023-05-09,2023-05-10,inside,True,16374748718,data/2023/5/9/20230509_00.zarr.zip,pass,73,,,fold_4
2023-05-10,2023-05-11,inside,True,16354375516,data/2023/5/10/20230510_00.zarr.zip,pass,73,,,fold_4
2023-05-11,2023-05-12,inside,False,,,,,,,fold_4
2023-05-12,2023-05-13,inside,True,16325392223,data/2023/5/12/20230512_00.zarr.zip,pass,73,,,fold_4
2023-05-13,2023-05-14,inside,True,16376236746,data/2023/5/13/20230513_00.zarr.zip,pass,73,,,fold_4
2023-05-14,2023-05-15,inside,True,16460915636,data/2023/5/14/20230514_00.zarr.zip,pass,73,,,fold_4
2023-05-15,2023-05-16,inside,True,16579129280,data/2023/5/15/20230515_00.zarr.zip,pass,73,,,fold_4
2023-05-16,2023-05-17,inside,True,16623962269,data/2023/5/16/20230516_00.zarr.zip,pass,73,,,fold_4
2023-05-17,2023-05-18,inside,True,16596596098,data/2023/5/17/20230517_00.zarr.zip,pass,73,,,fold_4
2023-05-18,2023-05-19,inside,True,16444223914,data/2023/5/18/20230518_00.zarr.zip,pass,73,,,fold_4
2023-05-19,2023-05-20,inside,True,16352906857,data/2023/5/19/20230519_00.zarr.zip,pass,73,,,fold_4
2023-05-20,2023-05-21,inside,True,16349933328,data/2023/5/20/20230520_00.zarr.zip,pass,73,,,fold_4
2023-05-21,2023-05-22,inside,False,,,,,,,fold_4
2023-05-22,2023-05-23,inside,False,,,,,,,fold_4
2023-05-23,2023-05-24,inside,True,16171774094,data/2023/5/23/20230523_00.zarr.zip,pass,73,,,fold_4
2023-05-24,2023-05-25,inside,True,16203238851,data/2023/5/24/20230524_00.zarr.zip,pass,73,,,fold_4
2023-05-25,2023-05-26,inside,True,16217609626,data/2023/5/25/20230525_00.zarr.zip,pass,73,,,fold_4
2023-05-26,2023-05-27,inside,False,,,,,,,fold_4
2023-05-27,2023-05-28,inside,False,,,,,,,fold_4
2023-05-28,2023-05-29,inside,False,,,,,,,fold_4
2023-05-29,2023-05-30,inside,False,,,,,,,fold_4
2023-05-30,2023-05-31,inside,True,16177634010,data/2023/5/30/20230530_00.zarr.zip,pass,73,,,fold_4
2023-05-31,2023-06-01,inside,True,16195060960,data/2023/5/31/20230531_00.zarr.zip,pass,73,,,fold_4
2023-06-01,2023-06-02,inside,True,16262889395,data/2023/6/1/20230601_00.zarr.zip,pass,73,,,fold_4
2023-06-02,2023-06-03,inside,True,16264585246,data/2023/6/2/20230602_00.zarr.zip,pass,73,,,fold_4
2023-06-03,2023-06-04,inside,True,16228367438,data/2023/6/3/20230603_00.zarr.zip,pass,73,,,fold_4
2023-06-04,2023-06-05,inside,True,16254128728,data/2023/6/4/20230604_00.zarr.zip,pass,73,,,fold_4
2023-06-05,2023-06-06,inside,True,16281259000,data/2023/6/5/20230605_00.zarr.zip,pass,73,,,fold_4
2023-06-06,2023-06-07,inside,True,16305996825,data/2023/6/6/20230606_00.zarr.zip,pass,73,,,fold_4
2023-06-07,2023-06-08,inside,True,16403143809,data/2023/6/7/20230607_00.zarr.zip,pass,73,,,fold_4
2023-06-08,2023-06-09,inside,True,16437741993,data/2023/6/8/20230608_00.zarr.zip,pass,73,,,fold_4
2023-06-09,2023-06-10,inside,True,16372818518,data/2023/6/9/20230609_00.zarr.zip,pass,73,,,fold_4
2023-06-10,2023-06-11,inside,True,16270603420,data/2023/6/10/20230610_00.zarr.zip,pass,73,,,fold_4
2023-06-11,2023-06-12,inside,True,16138328176,data/2023/6/11/20230611_00.zarr.zip,pass,73,,,fold_4
2023-06-12,2023-06-13,inside,True,16080997500,data/2023/6/12/20230612_00.zarr.zip,pass,73,,,fold_4
2023-06-13,2023-06-14,inside,True,16059634450,data/2023/6/13/20230613_00.zarr.zip,pass,73,,,fold_4
2023-06-14,2023-06-15,inside,True,16013758252,data/2023/6/14/20230614_00.zarr.zip,pass,73,,,fold_4
2023-06-15,2023-06-16,inside,True,16026166824,data/2023/6/15/20230615_00.zarr.zip,pass,73,,,fold_4
2023-06-16,2023-06-17,inside,True,16075255426,data/2023/6/16/20230616_00.zarr.zip,pass,73,,,fold_4
2023-06-17,2023-06-18,inside,True,16175542829,data/2023/6/17/20230617_00.zarr.zip,pass,73,,,fold_4
2023-06-18,2023-06-19,inside,True,16169628057,data/2023/6/18/20230618_00.zarr.zip,pass,73,,,fold_4
2023-06-19,2023-06-20,inside,True,16192216621,data/2023/6/19/20230619_00.zarr.zip,pass,73,,,fold_4
2023-06-20,2023-06-21,inside,True,16083705717,data/2023/6/20/20230620_00.zarr.zip,pass,73,,,fold_4
2023-06-21,2023-06-22,inside,True,16023878389,data/2023/6/21/20230621_00.zarr.zip,pass,73,,,fold_4
2023-06-22,2023-06-23,inside,True,16004506295,data/2023/6/22/20230622_00.zarr.zip,pass,73,,,fold_4
2023-06-23,2023-06-24,inside,True,15929618354,data/2023/6/23/20230623_00.zarr.zip,pass,73,,,fold_4
2023-06-24,2023-06-25,inside,True,15977115486,data/2023/6/24/20230624_00.zarr.zip,pass,73,,,fold_4
2023-06-25,2023-06-26,inside,True,15897222196,data/2023/6/25/20230625_00.zarr.zip,pass,73,,,fold_4
2023-06-26,2023-06-27,inside,True,15982323533,data/2023/6/26/20230626_00.zarr.zip,pass,73,,,fold_4
2023-06-27,2023-06-28,inside,True,16107390311,data/2023/6/27/20230627_00.zarr.zip,pass,73,,,fold_4
2023-06-28,2023-06-29,inside,True,16253633332,data/2023/6/28/20230628_00.zarr.zip,pass,73,,,fold_4
2023-06-29,2023-06-30,inside,True,16334960991,data/2023/6/29/20230629_00.zarr.zip,pass,73,,,fold_4
2023-06-30,2023-07-01,inside,True,16277243239,data/2023/6/30/20230630_00.zarr.zip,pass,73,,,fold_4
2023-07-01,2023-07-02,inside,True,16259631532,data/2023/7/1/20230701_00.zarr.zip,pass,73,,,fold_4
2023-07-02,2023-07-03,inside,True,16186767362,data/2023/7/2/20230702_00.zarr.zip,pass,73,,,fold_4
2023-07-03,2023-07-04,inside,True,16141046532,data/2023/7/3/20230703_00.zarr.zip,pass,73,,,fold_4
2023-07-04,2023-07-05,inside,True,16169624006,data/2023/7/4/20230704_00.zarr.zip,pass,73,,,fold_4
2023-07-05,2023-07-06,inside,True,16215257799,data/2023/7/5/20230705_00.zarr.zip,pass,73,,,fold_4
2023-07-06,2023-07-07,inside,True,16214780313,data/2023/7/6/20230706_00.zarr.zip,pass,73,,,fold_4
2023-07-07,2023-07-08,inside,True,16200612100,data/2023/7/7/20230707_00.zarr.zip,pass,73,,,fold_4
2023-07-08,2023-07-09,inside,True,16175844356,data/2023/7/8/20230708_00.zarr.zip,pass,73,,,fold_4
2023-07-09,2023-07-10,inside,True,16115791218,data/2023/7/9/20230709_00.zarr.zip,pass,73,,,fold_4
2023-07-10,2023-07-11,inside,True,16137409519,data/2023/7/10/20230710_00.zarr.zip,pass,73,,,fold_4
2023-07-11,2023-07-12,inside,True,16163306675,data/2023/7/11/20230711_00.zarr.zip,pass,73,,,fold_4
2023-07-12,2023-07-13,inside,True,16076649999,data/2023/7/12/20230712_00.zarr.zip,pass,73,,,fold_4
2023-07-13,2023-07-14,inside,True,20350354293,data/2023/7/13/20230713_00.zarr.zip,pass,92,,,fold_4
2023-07-14,2023-07-15,inside,True,20410534017,data/2023/7/14/20230714_00.zarr.zip,pass,92,,,fold_4
2023-07-15,2023-07-16,inside,True,20449242309,data/2023/7/15/20230715_00.zarr.zip,pass,92,,,fold_4
2023-07-16,2023-07-17,inside,True,20475921304,data/2023/7/16/20230716_00.zarr.zip,pass,92,,,fold_4
2023-07-17,2023-07-18,inside,True,20470082593,data/2023/7/17/20230717_00.zarr.zip,pass,92,,,fold_4
2023-07-18,2023-07-19,inside,True,20617751391,data/2023/7/18/20230718_00.zarr.zip,pass,93,,,fold_4
2023-07-19,2023-07-20,inside,True,20625635028,data/2023/7/19/20230719_00.zarr.zip,pass,93,,,fold_4
2023-07-20,2023-07-21,inside,True,20681920191,data/2023/7/20/20230720_00.zarr.zip,pass,93,,,fold_4
2023-07-21,2023-07-22,inside,True,20715902086,data/2023/7/21/20230721_00.zarr.zip,pass,93,,,fold_4
2023-07-22,2023-07-23,inside,True,20750242101,data/2023/7/22/20230722_00.zarr.zip,pass,93,,,fold_4
2023-07-23,2023-07-24,inside,True,20785099626,data/2023/7/23/20230723_00.zarr.zip,pass,93,,,fold_4
2023-07-24,2023-07-25,inside,True,20776133795,data/2023/7/24/20230724_00.zarr.zip,pass,93,,,fold_4
2023-07-25,2023-07-26,inside,True,20726661966,data/2023/7/25/20230725_00.zarr.zip,pass,93,,,fold_4
2023-07-26,2023-07-27,inside,True,20746728201,data/2023/7/26/20230726_00.zarr.zip,pass,93,,,fold_4
2023-07-27,2023-07-28,inside,False,,,,,,,fold_4
2023-07-28,2023-07-29,inside,True,20797797728,data/2023/7/28/20230728_00.zarr.zip,pass,93,,,fold_4
2023-07-29,2023-07-30,inside,True,20809135805,data/2023/7/29/20230729_00.zarr.zip,pass,93,,,fold_4
2023-07-30,2023-07-31,inside,True,20769896149,data/2023/7/30/20230730_00.zarr.zip,pass,93,,,fold_4
2023-07-31,2023-08-01,inside,True,20764289017,data/2023/7/31/20230731_00.zarr.zip,pass,93,,,fold_4
2023-08-01,2023-08-02,inside,True,20704252426,data/2023/8/1/20230801_00.zarr.zip,pass,93,,,fold_4
2023-08-02,2023-08-03,inside,True,20635604814,data/2023/8/2/20230802_00.zarr.zip,pass,93,,,fold_4
2023-08-03,2023-08-04,inside,True,20536546874,data/2023/8/3/20230803_00.zarr.zip,pass,93,,,fold_4
2023-08-04,2023-08-05,inside,True,20449238516,data/2023/8/4/20230804_00.zarr.zip,pass,93,,,fold_4
2023-08-05,2023-08-06,inside,False,,,,,,,fold_4
2023-08-06,2023-08-07,inside,True,20490326607,data/2023/8/6/20230806_00.zarr.zip,pass,93,,,fold_4
2023-08-07,2023-08-08,inside,True,20516459426,data/2023/8/7/20230807_00.zarr.zip,pass,93,,,fold_4
2023-08-08,2023-08-09,inside,True,20543103354,data/2023/8/8/20230808_00.zarr.zip,pass,93,,,fold_4
2023-08-09,2023-08-10,inside,False,,,,,,,fold_4
2023-08-10,2023-08-11,inside,True,20611903133,data/2023/8/10/20230810_00.zarr.zip,pass,93,,,fold_4
2023-08-11,2023-08-12,inside,True,20658157751,data/2023/8/11/20230811_00.zarr.zip,pass,93,,,fold_4
2023-08-12,2023-08-13,inside,False,,,,,,,fold_4
2023-08-13,2023-08-14,inside,False,,,,,,,fold_4
2023-08-14,2023-08-15,inside,False,,,,,,,fold_4
2023-08-15,2023-08-16,inside,False,,,,,,,fold_4
2023-08-16,2023-08-17,inside,True,20676748335,data/2023/8/16/20230816_00.zarr.zip,pass,93,,,fold_4
2023-08-17,2023-08-18,inside,True,20634652283,data/2023/8/17/20230817_00.zarr.zip,pass,93,,,fold_4
2023-08-18,2023-08-19,inside,True,20638758125,data/2023/8/18/20230818_00.zarr.zip,pass,93,,,fold_4
2023-08-19,2023-08-20,inside,True,20642806632,data/2023/8/19/20230819_00.zarr.zip,pass,93,,,fold_4
2023-08-20,2023-08-21,inside,True,20696399398,data/2023/8/20/20230820_00.zarr.zip,pass,93,,,fold_4
2023-08-21,2023-08-22,inside,True,20728719456,data/2023/8/21/20230821_00.zarr.zip,pass,93,,,fold_4
2023-08-22,2023-08-23,inside,True,20684290568,data/2023/8/22/20230822_00.zarr.zip,pass,93,,,fold_4
2023-08-23,2023-08-24,inside,True,20691103152,data/2023/8/23/20230823_00.zarr.zip,pass,93,,,fold_4
2023-08-24,2023-08-25,inside,True,20750152904,data/2023/8/24/20230824_00.zarr.zip,pass,93,,,fold_4
2023-08-25,2023-08-26,inside,True,20786675516,data/2023/8/25/20230825_00.zarr.zip,pass,93,,,fold_4
2023-08-26,2023-08-27,inside,True,20906761821,data/2023/8/26/20230826_00.zarr.zip,pass,93,,,fold_4
2023-08-27,2023-08-28,inside,True,20939647323,data/2023/8/27/20230827_00.zarr.zip,pass,93,,,fold_4
2023-08-28,2023-08-29,inside,True,20989009998,data/2023/8/28/20230828_00.zarr.zip,pass,93,,,fold_4
2023-08-29,2023-08-30,inside,True,21034355436,data/2023/8/29/20230829_00.zarr.zip,pass,93,,,fold_4
2023-08-30,2023-08-31,inside,True,20915313313,data/2023/8/30/20230830_00.zarr.zip,pass,93,,,fold_4
2023-08-31,2023-09-01,inside,True,20822497073,data/2023/8/31/20230831_00.zarr.zip,pass,93,,,fold_4
2023-09-01,2023-09-02,inside,True,20770024744,data/2023/9/1/20230901_00.zarr.zip,pass,93,,,fold_4
2023-09-02,2023-09-03,inside,True,20718947305,data/2023/9/2/20230902_00.zarr.zip,pass,93,,,fold_4
2023-09-03,2023-09-04,inside,True,20744787715,data/2023/9/3/20230903_00.zarr.zip,pass,93,,,fold_4
2023-09-04,2023-09-05,inside,True,20764008644,data/2023/9/4/20230904_00.zarr.zip,pass,93,,,fold_4
2023-09-05,2023-09-06,inside,True,20729244069,data/2023/9/5/20230905_00.zarr.zip,pass,93,,,fold_4
2023-09-06,2023-09-07,inside,True,20710699248,data/2023/9/6/20230906_00.zarr.zip,pass,93,,,fold_4
2023-09-07,2023-09-08,inside,True,20693571320,data/2023/9/7/20230907_00.zarr.zip,pass,93,,,fold_4
2023-09-08,2023-09-09,inside,True,20561213543,data/2023/9/8/20230908_00.zarr.zip,pass,93,,,fold_4
2023-09-09,2023-09-10,inside,True,17425533128,data/2023/9/9/20230909_00.zarr.zip,pass,93,,,fold_4
2023-09-10,2023-09-11,inside,True,20624527156,data/2023/9/10/20230910_00.zarr.zip,pass,93,,,fold_4
2023-09-11,2023-09-12,inside,True,20798113287,data/2023/9/11/20230911_00.zarr.zip,pass,93,,,fold_4
2023-09-12,2023-09-13,inside,True,20800414274,data/2023/9/12/20230912_00.zarr.zip,pass,93,,,fold_4
2023-09-13,2023-09-14,inside,False,,,,,,,fold_4
2023-09-14,2023-09-15,inside,False,,,,,,,fold_4
2023-09-15,2023-09-16,inside,True,20876127336,data/2023/9/15/20230915_00.zarr.zip,pass,93,,,fold_4
2023-09-16,2023-09-17,inside,True,20858678055,data/2023/9/16/20230916_00.zarr.zip,pass,93,,,fold_4
2023-09-17,2023-09-18,inside,True,20842238621,data/2023/9/17/20230917_00.zarr.zip,pass,93,,,fold_4
2023-09-18,2023-09-19,inside,True,20824688316,data/2023/9/18/20230918_00.zarr.zip,pass,93,,,fold_4
2023-09-19,2023-09-20,inside,True,20813520054,data/2023/9/19/20230919_00.zarr.zip,pass,93,,,fold_4
2023-09-20,2023-09-21,inside,True,20773997343,data/2023/9/20/20230920_00.zarr.zip,pass,93,,,fold_4
2023-09-21,2023-09-22,inside,True,20650061845,data/2023/9/21/20230921_00.zarr.zip,pass,93,,,fold_4
2023-09-22,2023-09-23,inside,True,20573745004,data/2023/9/22/20230922_00.zarr.zip,pass,93,,,fold_4
2023-09-23,2023-09-24,inside,True,20492402188,data/2023/9/23/20230923_00.zarr.zip,pass,93,,,fold_4
2023-09-24,2023-09-25,inside,True,20477173523,data/2023/9/24/20230924_00.zarr.zip,pass,93,,,fold_4
2023-09-25,2023-09-26,inside,True,20472870206,data/2023/9/25/20230925_00.zarr.zip,pass,93,,,fold_4
2023-09-26,2023-09-27,inside,True,20480922157,data/2023/9/26/20230926_00.zarr.zip,pass,93,,,fold_4
2023-09-27,2023-09-28,inside,True,20534822368,data/2023/9/27/20230927_00.zarr.zip,pass,93,,,fold_4
2023-09-28,2023-09-29,inside,True,20660711054,data/2023/9/28/20230928_00.zarr.zip,pass,93,,,fold_4
2023-09-29,2023-09-30,inside,True,20749421761,data/2023/9/29/20230929_00.zarr.zip,pass,93,,,fold_4
2023-09-30,2023-10-01,inside,True,20821239083,data/2023/9/30/20230930_00.zarr.zip,pass,93,,,fold_4
2023-10-01,2023-10-02,inside,True,20804610527,data/2023/10/1/20231001_00.zarr.zip,pass,93,,,fold_4
2023-10-02,2023-10-03,inside,True,20781958972,data/2023/10/2/20231002_00.zarr.zip,pass,93,,,fold_4
2023-10-03,2023-10-04,inside,True,20731129143,data/2023/10/3/20231003_00.zarr.zip,pass,93,,,fold_4
2023-10-04,2023-10-05,inside,True,20726446184,data/2023/10/4/20231004_00.zarr.zip,pass,93,,,fold_4
2023-10-05,2023-10-06,inside,True,20663488014,data/2023/10/5/20231005_00.zarr.zip,pass,93,,,fold_4
2023-10-06,2023-10-07,inside,True,20616732173,data/2023/10/6/20231006_00.zarr.zip,pass,93,,,fold_4
2023-10-07,2023-10-08,inside,True,17960591845,data/2023/10/7/20231007_00.zarr.zip,pass,93,,,fold_4
2023-10-08,2023-10-09,inside,True,20585773466,data/2023/10/8/20231008_00.zarr.zip,pass,93,,,fold_4
2023-10-09,2023-10-10,inside,True,20573399635,data/2023/10/9/20231009_00.zarr.zip,pass,93,,,fold_4
2023-10-10,2023-10-11,inside,True,20624121627,data/2023/10/10/20231010_00.zarr.zip,pass,93,,,fold_4
2023-10-11,2023-10-12,inside,True,20764236286,data/2023/10/11/20231011_00.zarr.zip,pass,93,,,fold_4
2023-10-12,2023-10-13,inside,True,20828089751,data/2023/10/12/20231012_00.zarr.zip,pass,93,,,fold_4
2023-10-13,2023-10-14,inside,True,20934488848,data/2023/10/13/20231013_00.zarr.zip,pass,93,,,fold_4
2023-10-14,2023-10-15,inside,True,20965944685,data/2023/10/14/20231014_00.zarr.zip,pass,93,,,fold_4
2023-10-15,2023-10-16,inside,True,20958368694,data/2023/10/15/20231015_00.zarr.zip,pass,93,,,fold_4
2023-10-16,2023-10-17,inside,True,20885001542,data/2023/10/16/20231016_00.zarr.zip,pass,93,,,fold_4
2023-10-17,2023-10-18,inside,True,20743027392,data/2023/10/17/20231017_00.zarr.zip,pass,93,,,fold_4
2023-10-18,2023-10-19,inside,True,20685392978,data/2023/10/18/20231018_00.zarr.zip,pass,93,,,fold_4
2023-10-19,2023-10-20,inside,True,20562192023,data/2023/10/19/20231019_00.zarr.zip,pass,93,,,fold_4
2023-10-20,2023-10-21,inside,True,20627100394,data/2023/10/20/20231020_00.zarr.zip,pass,93,,,fold_4
2023-10-21,2023-10-22,inside,True,20701401405,data/2023/10/21/20231021_00.zarr.zip,pass,93,,,fold_4
2023-10-22,2023-10-23,inside,True,20857122503,data/2023/10/22/20231022_00.zarr.zip,pass,93,,,fold_4
2023-10-23,2023-10-24,inside,True,20832900274,data/2023/10/23/20231023_00.zarr.zip,pass,93,,,fold_4
2023-10-24,2023-10-25,inside,True,20836320764,data/2023/10/24/20231024_00.zarr.zip,pass,93,,,fold_4
2023-10-25,2023-10-26,inside,True,20770241896,data/2023/10/25/20231025_00.zarr.zip,pass,93,,,fold_4
2023-10-26,2023-10-27,inside,True,20780097188,data/2023/10/26/20231026_00.zarr.zip,pass,93,,,fold_4
2023-10-27,2023-10-28,inside,True,20790795016,data/2023/10/27/20231027_00.zarr.zip,pass,93,,,fold_4
2023-10-28,2023-10-29,inside,True,20831884175,data/2023/10/28/20231028_00.zarr.zip,pass,93,,,fold_4
2023-10-29,2023-10-30,inside,True,20848242653,data/2023/10/29/20231029_00.zarr.zip,pass,93,,,fold_4
2023-10-30,2023-10-31,inside,True,20748222734,data/2023/10/30/20231030_00.zarr.zip,pass,93,,,fold_4
2023-10-31,2023-11-01,inside,True,20691822095,data/2023/10/31/20231031_00.zarr.zip,pass,93,,,fold_4
2023-11-01,2023-11-02,inside,True,20733895245,data/2023/11/1/20231101_00.zarr.zip,pass,93,,,fold_4
2023-11-02,2023-11-03,inside,True,18114258165,data/2023/11/2/20231102_00.zarr.zip,pass,93,,,fold_4
2023-11-03,2023-11-04,inside,True,20758276740,data/2023/11/3/20231103_00.zarr.zip,pass,93,,,fold_4
2023-11-04,2023-11-05,inside,True,20806938233,data/2023/11/4/20231104_00.zarr.zip,pass,93,,,fold_4
2023-11-05,2023-11-06,inside,True,20866301293,data/2023/11/5/20231105_00.zarr.zip,pass,93,,,fold_4
2023-11-06,2023-11-07,inside,True,20917714827,data/2023/11/6/20231106_00.zarr.zip,pass,93,,,fold_4
2023-11-07,2023-11-08,inside,True,20895930259,data/2023/11/7/20231107_00.zarr.zip,pass,93,,,fold_4
2023-11-08,2023-11-09,inside,True,20888367673,data/2023/11/8/20231108_00.zarr.zip,pass,93,,,fold_4
2023-11-09,2023-11-10,inside,True,17764173884,data/2023/11/9/20231109_00.zarr.zip,pass,93,,,fold_4
2023-11-10,2023-11-11,inside,True,20847237586,data/2023/11/10/20231110_00.zarr.zip,pass,93,,,fold_4
2023-11-11,2023-11-12,inside,True,20747469516,data/2023/11/11/20231111_00.zarr.zip,pass,93,,,fold_4
2023-11-12,2023-11-13,inside,False,,,,,,,fold_4
2023-11-13,2023-11-14,inside,True,20696627663,data/2023/11/13/20231113_00.zarr.zip,pass,93,,,fold_4
2023-11-14,2023-11-15,inside,True,18708412034,data/2023/11/14/20231114_00.zarr.zip,pass,93,,,fold_4
2023-11-15,2023-11-16,inside,True,18808284392,data/2023/11/15/20231115_00.zarr.zip,pass,93,,,fold_4
2023-11-16,2023-11-17,inside,True,20852123270,data/2023/11/16/20231116_00.zarr.zip,pass,93,,,fold_4
2023-11-17,2023-11-18,inside,True,20848390745,data/2023/11/17/20231117_00.zarr.zip,pass,93,,,fold_4
2023-11-18,2023-11-19,inside,True,20831431169,data/2023/11/18/20231118_00.zarr.zip,pass,93,,,fold_4
2023-11-19,2023-11-20,inside,False,,,,,,,fold_4
2023-11-20,2023-11-21,inside,True,20896048209,data/2023/11/20/20231120_00.zarr.zip,pass,93,,,fold_4
2023-11-21,2023-11-22,inside,True,20899319985,data/2023/11/21/20231121_00.zarr.zip,pass,93,,,fold_4
2023-11-22,2023-11-23,inside,True,20975063304,data/2023/11/22/20231122_00.zarr.zip,pass,93,,,fold_4
2023-11-23,2023-11-24,inside,True,21068567037,data/2023/11/23/20231123_00.zarr.zip,pass,93,,,fold_4
2023-11-24,2023-11-25,inside,True,21109232637,data/2023/11/24/20231124_00.zarr.zip,pass,93,,,fold_4
2023-11-25,2023-11-26,inside,True,21070365229,data/2023/11/25/20231125_00.zarr.zip,pass,93,,,fold_4
2023-11-26,2023-11-27,inside,True,21112135070,data/2023/11/26/20231126_00.zarr.zip,pass,93,,,fold_4
2023-11-27,2023-11-28,inside,True,18609760116,data/2023/11/27/20231127_00.zarr.zip,pass,93,,,fold_4
2023-11-28,2023-11-29,inside,True,21192254001,data/2023/11/28/20231128_00.zarr.zip,pass,93,,,fold_4
2023-11-29,2023-11-30,inside,True,21073764511,data/2023/11/29/20231129_00.zarr.zip,pass,93,,,fold_4
2023-11-30,2023-12-01,inside,False,,,,,,,fold_4
2023-12-01,2023-12-02,inside,True,20812505152,data/2023/12/1/20231201_00.zarr.zip,pass,93,,,fold_4
2023-12-02,2023-12-03,inside,True,19183439604,data/2023/12/2/20231202_00.zarr.zip,pass,93,,,fold_4
2023-12-03,2023-12-04,inside,True,18132063614,data/2023/12/3/20231203_00.zarr.zip,pass,93,,,fold_4
2023-12-04,2023-12-05,inside,False,,,,,,,fold_4
2023-12-05,2023-12-06,inside,True,20915342234,data/2023/12/5/20231205_00.zarr.zip,pass,93,,,fold_4
2023-12-06,2023-12-07,inside,True,20865884617,data/2023/12/6/20231206_00.zarr.zip,pass,93,,,fold_4
2023-12-07,2023-12-08,inside,True,20832588084,data/2023/12/7/20231207_00.zarr.zip,pass,93,,,fold_4
2023-12-08,2023-12-09,inside,True,20749976958,data/2023/12/8/20231208_00.zarr.zip,pass,93,,,fold_4
2023-12-09,2023-12-10,inside,True,20953856271,data/2023/12/9/20231209_00.zarr.zip,pass,93,,,fold_4
2023-12-10,2023-12-11,inside,True,21035739876,data/2023/12/10/20231210_00.zarr.zip,pass,93,,,fold_4
2023-12-11,2023-12-12,inside,True,21051105073,data/2023/12/11/20231211_00.zarr.zip,pass,93,,,fold_4
2023-12-12,2023-12-13,inside,True,20993676717,data/2023/12/12/20231212_00.zarr.zip,pass,93,,,fold_4;fold_5
2023-12-13,2023-12-14,inside,True,20979375493,data/2023/12/13/20231213_00.zarr.zip,pass,93,,,fold_4;fold_5
2023-12-14,2023-12-15,inside,True,20912112515,data/2023/12/14/20231214_00.zarr.zip,pass,93,,,fold_4;fold_5
2023-12-15,2023-12-16,inside,True,20822952107,data/2023/12/15/20231215_00.zarr.zip,pass,93,,,fold_4;fold_5
2023-12-16,2023-12-17,inside,True,20829186263,data/2023/12/16/20231216_00.zarr.zip,pass,93,,,fold_4;fold_5
2023-12-17,2023-12-18,inside,True,17631118637,data/2023/12/17/20231217_00.zarr.zip,pass,93,,,fold_4;fold_5
2023-12-18,2023-12-19,inside,True,20894216454,data/2023/12/18/20231218_00.zarr.zip,pass,93,,,fold_4;fold_5
2023-12-19,2023-12-20,inside,True,20875100884,data/2023/12/19/20231219_00.zarr.zip,pass,93,,,fold_4;fold_5
2023-12-20,2023-12-21,inside,True,20858451173,data/2023/12/20/20231220_00.zarr.zip,pass,93,,,fold_4;fold_5
2023-12-21,2023-12-22,inside,True,20808737569,data/2023/12/21/20231221_00.zarr.zip,pass,93,,,fold_4;fold_5
2023-12-22,2023-12-23,inside,True,18243952206,data/2023/12/22/20231222_00.zarr.zip,pass,93,,,fold_4;fold_5
2023-12-23,2023-12-24,inside,True,20850843859,data/2023/12/23/20231223_00.zarr.zip,pass,93,,,fold_4;fold_5
2023-12-24,2023-12-25,inside,True,18291797106,data/2023/12/24/20231224_00.zarr.zip,pass,93,,,fold_4;fold_5
2023-12-25,2023-12-26,inside,True,20962376749,data/2023/12/25/20231225_00.zarr.zip,pass,93,,,fold_4;fold_5
2023-12-26,2023-12-27,inside,False,,,,,,,fold_4;fold_5
2023-12-27,2023-12-28,inside,True,20983553632,data/2023/12/27/20231227_00.zarr.zip,pass,93,,,fold_4;fold_5
2023-12-28,2023-12-29,inside,True,18799049766,data/2023/12/28/20231228_00.zarr.zip,pass,93,,,fold_4;fold_5
2023-12-29,2023-12-30,inside,True,20886565765,data/2023/12/29/20231229_00.zarr.zip,pass,93,,,fold_4;fold_5
2023-12-30,2023-12-31,inside,True,20887915350,data/2023/12/30/20231230_00.zarr.zip,pass,93,,,fold_4;fold_5
2023-12-31,2024-01-01,inside,True,20785424571,data/2023/12/31/20231231_00.zarr.zip,pass,93,,,fold_4;fold_5
2024-01-01,2024-01-02,inside,True,20746872175,data/2024/1/1/20240101_00.zarr.zip,pass,93,,,fold_4;fold_5
2024-01-02,2024-01-03,inside,True,20737120483,data/2024/1/2/20240102_00.zarr.zip,pass,93,,,fold_4;fold_5
2024-01-03,2024-01-04,inside,True,20822257486,data/2024/1/3/20240103_00.zarr.zip,pass,93,,,fold_4;fold_5
2024-01-04,2024-01-05,inside,False,,,,,,,fold_4;fold_5
2024-01-05,2024-01-06,inside,True,20848784343,data/2024/1/5/20240105_00.zarr.zip,pass,93,,,fold_4;fold_5
2024-01-06,2024-01-07,inside,True,20750394510,data/2024/1/6/20240106_00.zarr.zip,pass,93,,,fold_4;fold_5
2024-01-07,2024-01-08,inside,True,20652702659,data/2024/1/7/20240107_00.zarr.zip,pass,93,,,fold_4;fold_5
2024-01-08,2024-01-09,inside,True,20527361954,data/2024/1/8/20240108_00.zarr.zip,pass,93,,,fold_4;fold_5
2024-01-09,2024-01-10,inside,True,20621531060,data/2024/1/9/20240109_00.zarr.zip,pass,93,,,fold_4;fold_5
2024-01-10,2024-01-11,inside,True,20675613838,data/2024/1/10/20240110_00.zarr.zip,pass,93,,,fold_4;fold_5
2024-01-11,2024-01-12,inside,True,20726307080,data/2024/1/11/20240111_00.zarr.zip,pass,93,,,fold_4;fold_5
2024-01-12,2024-01-13,inside,True,20739400146,data/2024/1/12/20240112_00.zarr.zip,pass,93,,,fold_4;fold_5
2024-01-13,2024-01-14,inside,True,20821701812,data/2024/1/13/20240113_00.zarr.zip,pass,93,,,fold_4;fold_5
2024-01-14,2024-01-15,inside,True,20994474810,data/2024/1/14/20240114_00.zarr.zip,pass,93,,,fold_4;fold_5
2024-01-15,2024-01-16,inside,True,21018461825,data/2024/1/15/20240115_00.zarr.zip,pass,93,,,fold_4;fold_5
2024-01-16,2024-01-17,inside,True,20873718185,data/2024/1/16/20240116_00.zarr.zip,pass,93,,,fold_4;fold_5
2024-01-17,2024-01-18,inside,True,21045122077,data/2024/1/17/20240117_00.zarr.zip,pass,93,,,fold_4;fold_5
2024-01-18,2024-01-19,inside,True,18241067802,data/2024/1/18/20240118_00.zarr.zip,pass,93,,,fold_4;fold_5
2024-01-19,2024-01-20,inside,True,21077533153,data/2024/1/19/20240119_00.zarr.zip,pass,93,,,fold_4;fold_5
2024-01-20,2024-01-21,inside,True,21063872798,data/2024/1/20/20240120_00.zarr.zip,pass,93,,,fold_4;fold_5
2024-01-21,2024-01-22,inside,True,21008852148,data/2024/1/21/20240121_00.zarr.zip,pass,93,,,fold_4;fold_5
2024-01-22,2024-01-23,inside,True,18332885424,data/2024/1/22/20240122_00.zarr.zip,pass,93,,,fold_4;fold_5
2024-01-23,2024-01-24,inside,True,20837640880,data/2024/1/23/20240123_00.zarr.zip,fail,93,aswdifd_s/.zarray,,fold_4;fold_5
2024-01-24,2024-01-25,inside,True,20855306975,data/2024/1/24/20240124_00.zarr.zip,pass,93,,,fold_4;fold_5
2024-01-25,2024-01-26,inside,False,,,,,,,fold_4;fold_5
2024-01-26,2024-01-27,inside,True,20895264784,data/2024/1/26/20240126_00.zarr.zip,pass,93,,,fold_4;fold_5
2024-01-27,2024-01-28,inside,False,,,,,,,fold_4;fold_5
2024-01-28,2024-01-29,inside,False,,,,,,,fold_4;fold_5
2024-01-29,2024-01-30,inside,False,,,,,,,fold_4;fold_5
2024-01-30,2024-01-31,inside,True,20649864355,data/2024/1/30/20240130_00.zarr.zip,pass,93,,,fold_4;fold_5
2024-01-31,2024-02-01,inside,True,20618249244,data/2024/1/31/20240131_00.zarr.zip,pass,93,,,fold_4;fold_5
2024-02-01,2024-02-02,inside,True,20680521210,data/2024/2/1/20240201_00.zarr.zip,pass,93,,,fold_4;fold_5
2024-02-02,2024-02-03,inside,True,20778809631,data/2024/2/2/20240202_00.zarr.zip,pass,93,,,fold_4;fold_5
2024-02-03,2024-02-04,inside,True,20827208514,data/2024/2/3/20240203_00.zarr.zip,pass,93,,,fold_4;fold_5
2024-02-04,2024-02-05,inside,True,20832477950,data/2024/2/4/20240204_00.zarr.zip,pass,93,,,fold_4;fold_5
2024-02-05,2024-02-06,inside,True,20860113208,data/2024/2/5/20240205_00.zarr.zip,pass,93,,,fold_4;fold_5
2024-02-06,2024-02-07,inside,False,,,,,,,fold_4;fold_5
2024-02-07,2024-02-08,inside,True,20945841462,data/2024/2/7/20240207_00.zarr.zip,pass,93,,,fold_4;fold_5
2024-02-08,2024-02-09,inside,True,20869259050,data/2024/2/8/20240208_00.zarr.zip,pass,93,,,fold_4;fold_5
2024-02-09,2024-02-10,inside,True,18733242512,data/2024/2/9/20240209_00.zarr.zip,pass,93,,,fold_4;fold_5
2024-02-10,2024-02-11,inside,True,20789097620,data/2024/2/10/20240210_00.zarr.zip,pass,93,,,fold_4;fold_5
2024-02-11,2024-02-12,inside,True,18769070215,data/2024/2/11/20240211_00.zarr.zip,pass,93,,,fold_4;fold_5
2024-02-12,2024-02-13,inside,True,20838610331,data/2024/2/12/20240212_00.zarr.zip,pass,93,,,fold_4;fold_5
2024-02-13,2024-02-14,inside,True,20944385417,data/2024/2/13/20240213_00.zarr.zip,pass,93,,,fold_4;fold_5
2024-02-14,2024-02-15,inside,True,20933447322,data/2024/2/14/20240214_00.zarr.zip,pass,93,,,fold_4;fold_5
2024-02-15,2024-02-16,inside,True,20933420306,data/2024/2/15/20240215_00.zarr.zip,pass,93,,,fold_4;fold_5
2024-02-16,2024-02-17,inside,True,20877084740,data/2024/2/16/20240216_00.zarr.zip,pass,93,,,fold_4;fold_5
2024-02-17,2024-02-18,inside,True,20808542451,data/2024/2/17/20240217_00.zarr.zip,pass,93,,,fold_4;fold_5
2024-02-18,2024-02-19,inside,False,,,,,,,fold_4;fold_5
2024-02-19,2024-02-20,inside,True,18304315777,data/2024/2/19/20240219_00.zarr.zip,pass,93,,,fold_4;fold_5
2024-02-20,2024-02-21,inside,True,18330133231,data/2024/2/20/20240220_00.zarr.zip,pass,93,,,fold_4;fold_5
2024-02-21,2024-02-22,inside,True,20933155374,data/2024/2/21/20240221_00.zarr.zip,pass,93,,,fold_4;fold_5
2024-02-22,2024-02-23,inside,True,21020371313,data/2024/2/22/20240222_00.zarr.zip,pass,93,,,fold_4;fold_5
2024-02-23,2024-02-24,inside,True,21010088985,data/2024/2/23/20240223_00.zarr.zip,pass,93,,,fold_4;fold_5
2024-02-24,2024-02-25,inside,True,19963691163,data/2024/2/24/20240224_00.zarr.zip,pass,93,,,fold_4;fold_5
2024-02-25,2024-02-26,inside,True,20911001073,data/2024/2/25/20240225_00.zarr.zip,pass,93,,,fold_4;fold_5
2024-02-26,2024-02-27,inside,True,18209284062,data/2024/2/26/20240226_00.zarr.zip,pass,93,,,fold_4;fold_5
2024-02-27,2024-02-28,inside,True,20860879565,data/2024/2/27/20240227_00.zarr.zip,pass,93,,,fold_4;fold_5
2024-02-28,2024-02-29,inside,True,20891611405,data/2024/2/28/20240228_00.zarr.zip,pass,93,,,fold_4;fold_5
2024-02-29,2024-03-01,inside,True,16544111922,data/2024/2/29/20240229_00.zarr.zip,pass,93,,,fold_4;fold_5
2024-03-01,2024-03-02,inside,True,20876464447,data/2024/3/1/20240301_00.zarr.zip,pass,93,,,fold_4;fold_5
2024-03-02,2024-03-03,inside,True,20669485286,data/2024/3/2/20240302_00.zarr.zip,pass,93,,,fold_4;fold_5
2024-03-03,2024-03-04,inside,True,20716226273,data/2024/3/3/20240303_00.zarr.zip,pass,93,,,fold_4;fold_5
2024-03-04,2024-03-05,inside,True,20654386563,data/2024/3/4/20240304_00.zarr.zip,pass,93,,,fold_4;fold_5
2024-03-05,2024-03-06,inside,True,16300100165,data/2024/3/5/20240305_00.zarr.zip,pass,93,,,fold_4;fold_5
2024-03-06,2024-03-07,inside,True,20731794737,data/2024/3/6/20240306_00.zarr.zip,pass,93,,,fold_4;fold_5
2024-03-07,2024-03-08,inside,True,20778514773,data/2024/3/7/20240307_00.zarr.zip,pass,93,,,fold_4;fold_5
2024-03-08,2024-03-09,inside,True,20758196647,data/2024/3/8/20240308_00.zarr.zip,pass,93,,,fold_4;fold_5
2024-03-09,2024-03-10,inside,True,20811766169,data/2024/3/9/20240309_00.zarr.zip,pass,93,,,fold_4;fold_5
2024-03-10,2024-03-11,inside,True,20916321291,data/2024/3/10/20240310_00.zarr.zip,pass,93,,,fold_4;fold_5
2024-03-11,2024-03-12,inside,True,20955388933,data/2024/3/11/20240311_00.zarr.zip,pass,93,,,fold_4;fold_5
2024-03-12,2024-03-13,inside,True,21024407673,data/2024/3/12/20240312_00.zarr.zip,pass,93,,,fold_4;fold_5
2024-03-13,2024-03-14,inside,True,20921609022,data/2024/3/13/20240313_00.zarr.zip,pass,93,,,fold_4;fold_5
2024-03-14,2024-03-15,inside,True,245689,data/2024/3/14/20240314_00.zarr.zip,fail,,,BadZipFile: File is not a zip file,fold_4;fold_5
2024-03-15,2024-03-16,inside,True,245689,data/2024/3/15/20240315_00.zarr.zip,fail,,,BadZipFile: File is not a zip file,fold_4;fold_5
2024-03-16,2024-03-17,inside,False,,,,,,,fold_4;fold_5
2024-03-17,2024-03-18,inside,False,,,,,,,fold_4;fold_5
2024-03-18,2024-03-19,inside,True,241885,data/2024/3/18/20240318_00.zarr.zip,fail,,,BadZipFile: File is not a zip file,fold_4;fold_5
2024-03-19,2024-03-20,inside,False,,,,,,,fold_4;fold_5
2024-03-20,2024-03-21,inside,True,245689,data/2024/3/20/20240320_00.zarr.zip,fail,,,BadZipFile: File is not a zip file,fold_4;fold_5
2024-03-21,2024-03-22,inside,False,,,,,,,fold_4;fold_5
2024-03-22,2024-03-23,inside,False,,,,,,,fold_4;fold_5
2024-03-23,2024-03-24,inside,False,,,,,,,fold_4;fold_5
2024-03-24,2024-03-25,inside,True,241969,data/2024/3/24/20240324_00.zarr.zip,fail,,,BadZipFile: File is not a zip file,fold_4;fold_5
2024-03-25,2024-03-26,inside,False,,,,,,,fold_4;fold_5
2024-03-26,2024-03-27,inside,False,,,,,,,fold_4;fold_5
2024-03-27,2024-03-28,inside,True,245689,data/2024/3/27/20240327_00.zarr.zip,fail,,,BadZipFile: File is not a zip file,fold_4;fold_5
2024-03-28,2024-03-29,inside,False,,,,,,,fold_4;fold_5
2024-03-29,2024-03-30,inside,True,245689,data/2024/3/29/20240329_00.zarr.zip,fail,,,BadZipFile: File is not a zip file,fold_4;fold_5
2024-03-30,2024-03-31,inside,False,,,,,,,fold_4;fold_5
2024-03-31,2024-04-01,inside,False,,,,,,,fold_4;fold_5
2024-04-01,2024-04-02,inside,False,,,,,,,fold_4;fold_5
2024-04-02,2024-04-03,inside,False,,,,,,,fold_4;fold_5
2024-04-03,2024-04-04,inside,False,,,,,,,fold_4;fold_5
2024-04-04,2024-04-05,inside,False,,,,,,,fold_4;fold_5
2024-04-05,2024-04-06,inside,True,20095291801,data/2024/4/5/20240405_00.zarr.zip,pass,93,,,fold_4;fold_5
2024-04-06,2024-04-07,inside,False,,,,,,,fold_4;fold_5
2024-04-07,2024-04-08,inside,False,,,,,,,fold_4;fold_5
2024-04-08,2024-04-09,inside,True,20095291801,data/2024/4/8/20240408_00.zarr.zip,pass,93,,,fold_4;fold_5
2024-04-09,2024-04-10,inside,False,,,,,,,fold_4;fold_5
2024-04-10,2024-04-11,inside,False,,,,,,,fold_4;fold_5
2024-04-11,2024-04-12,inside,False,,,,,,,fold_4;fold_5
2024-04-12,2024-04-13,inside,False,,,,,,,fold_4;fold_5
2024-04-13,2024-04-14,inside,False,,,,,,,fold_4;fold_5
2024-04-14,2024-04-15,inside,False,,,,,,,fold_4;fold_5
2024-04-15,2024-04-16,inside,False,,,,,,,fold_4;fold_5
2024-04-16,2024-04-17,inside,False,,,,,,,fold_4;fold_5
2024-04-17,2024-04-18,inside,False,,,,,,,fold_4;fold_5
2024-04-18,2024-04-19,inside,False,,,,,,,fold_4;fold_5
2024-04-19,2024-04-20,inside,False,,,,,,,fold_4;fold_5
2024-04-20,2024-04-21,inside,False,,,,,,,fold_4;fold_5
2024-04-21,2024-04-22,inside,False,,,,,,,fold_4;fold_5
2024-04-22,2024-04-23,inside,False,,,,,,,fold_4;fold_5
2024-04-23,2024-04-24,inside,False,,,,,,,fold_4;fold_5
2024-04-24,2024-04-25,inside,False,,,,,,,fold_4;fold_5
2024-04-25,2024-04-26,inside,False,,,,,,,fold_4;fold_5
2024-04-26,2024-04-27,inside,False,,,,,,,fold_4;fold_5
2024-04-27,2024-04-28,inside,False,,,,,,,fold_4;fold_5
2024-04-28,2024-04-29,inside,False,,,,,,,fold_4;fold_5
2024-04-29,2024-04-30,inside,False,,,,,,,fold_4;fold_5
2024-04-30,2024-05-01,inside,False,,,,,,,fold_4;fold_5
2024-05-01,2024-05-02,inside,False,,,,,,,fold_4;fold_5
2024-05-02,2024-05-03,inside,False,,,,,,,fold_4;fold_5
2024-05-03,2024-05-04,inside,False,,,,,,,fold_4;fold_5
2024-05-04,2024-05-05,inside,False,,,,,,,fold_4;fold_5
2024-05-05,2024-05-06,inside,False,,,,,,,fold_4;fold_5
2024-05-06,2024-05-07,inside,False,,,,,,,fold_4;fold_5
2024-05-07,2024-05-08,inside,False,,,,,,,fold_4;fold_5
2024-05-08,2024-05-09,inside,False,,,,,,,fold_4;fold_5
2024-05-09,2024-05-10,inside,False,,,,,,,fold_4;fold_5
2024-05-10,2024-05-11,inside,False,,,,,,,fold_4;fold_5
2024-05-11,2024-05-12,inside,False,,,,,,,fold_4;fold_5
2024-05-12,2024-05-13,inside,False,,,,,,,fold_4;fold_5
2024-05-13,2024-05-14,inside,False,,,,,,,fold_4;fold_5
2024-05-14,2024-05-15,inside,False,,,,,,,fold_4;fold_5
2024-05-15,2024-05-16,inside,False,,,,,,,fold_4;fold_5
2024-05-16,2024-05-17,inside,False,,,,,,,fold_4;fold_5
2024-05-17,2024-05-18,inside,False,,,,,,,fold_4;fold_5
2024-05-18,2024-05-19,inside,False,,,,,,,fold_4;fold_5
2024-05-19,2024-05-20,inside,False,,,,,,,fold_4;fold_5
2024-05-20,2024-05-21,inside,False,,,,,,,fold_4;fold_5
2024-05-21,2024-05-22,inside,False,,,,,,,fold_4;fold_5
2024-05-22,2024-05-23,inside,False,,,,,,,fold_4;fold_5
2024-05-23,2024-05-24,inside,False,,,,,,,fold_4;fold_5
2024-05-24,2024-05-25,inside,False,,,,,,,fold_4;fold_5
2024-05-25,2024-05-26,inside,False,,,,,,,fold_4;fold_5
2024-05-26,2024-05-27,inside,False,,,,,,,fold_4;fold_5
2024-05-27,2024-05-28,inside,False,,,,,,,fold_4;fold_5
2024-05-28,2024-05-29,inside,False,,,,,,,fold_4;fold_5
2024-05-29,2024-05-30,inside,False,,,,,,,fold_4;fold_5
2024-05-30,2024-05-31,inside,False,,,,,,,fold_4;fold_5
2024-05-31,2024-06-01,inside,False,,,,,,,fold_4;fold_5
2024-06-01,2024-06-02,inside,False,,,,,,,fold_4;fold_5
2024-06-02,2024-06-03,inside,False,,,,,,,fold_4;fold_5
2024-06-03,2024-06-04,inside,False,,,,,,,fold_4;fold_5
2024-06-04,2024-06-05,inside,False,,,,,,,fold_4;fold_5
2024-06-05,2024-06-06,inside,True,17723164683,data/2024/6/5/20240605_00.zarr.zip,pass,79,,,fold_4;fold_5
2024-06-06,2024-06-07,inside,True,17844417980,data/2024/6/6/20240606_00.zarr.zip,pass,79,,,fold_4;fold_5
2024-06-07,2024-06-08,inside,True,17916049729,data/2024/6/7/20240607_00.zarr.zip,pass,79,,,fold_4;fold_5
2024-06-08,2024-06-09,inside,True,18011611151,data/2024/6/8/20240608_00.zarr.zip,pass,79,,,fold_4;fold_5
2024-06-09,2024-06-10,inside,True,18035621453,data/2024/6/9/20240609_00.zarr.zip,pass,79,,,fold_4;fold_5
2024-06-10,2024-06-11,inside,True,18035137720,data/2024/6/10/20240610_00.zarr.zip,pass,79,,,fold_4;fold_5
2024-06-11,2024-06-12,inside,True,18056645125,data/2024/6/11/20240611_00.zarr.zip,pass,79,,,fold_4;fold_5
2024-06-12,2024-06-13,inside,True,18036246875,data/2024/6/12/20240612_00.zarr.zip,pass,79,,,fold_4;fold_5
2024-06-13,2024-06-14,inside,True,17969432310,data/2024/6/13/20240613_00.zarr.zip,pass,79,,,fold_4;fold_5
2024-06-14,2024-06-15,inside,True,17946597014,data/2024/6/14/20240614_00.zarr.zip,pass,79,,,fold_4;fold_5
2024-06-15,2024-06-16,inside,True,17945853666,data/2024/6/15/20240615_00.zarr.zip,pass,79,,,fold_4;fold_5
2024-06-16,2024-06-17,inside,True,17966246660,data/2024/6/16/20240616_00.zarr.zip,pass,79,,,fold_4;fold_5
2024-06-17,2024-06-18,inside,True,17944896608,data/2024/6/17/20240617_00.zarr.zip,pass,79,,,fold_4;fold_5
2024-06-18,2024-06-19,inside,True,17969981875,data/2024/6/18/20240618_00.zarr.zip,pass,79,,,fold_4;fold_5
2024-06-19,2024-06-20,inside,True,17969932260,data/2024/6/19/20240619_00.zarr.zip,pass,79,,,fold_4;fold_5
2024-06-20,2024-06-21,inside,True,17965223550,data/2024/6/20/20240620_00.zarr.zip,pass,79,,,fold_4;fold_5
2024-06-21,2024-06-22,inside,True,17936257728,data/2024/6/21/20240621_00.zarr.zip,pass,79,,,fold_4;fold_5
2024-06-22,2024-06-23,inside,True,17859888610,data/2024/6/22/20240622_00.zarr.zip,pass,79,,,fold_4;fold_5
2024-06-23,2024-06-24,inside,True,17761416833,data/2024/6/23/20240623_00.zarr.zip,pass,79,,,fold_4;fold_5
2024-06-24,2024-06-25,inside,True,17725594370,data/2024/6/24/20240624_00.zarr.zip,pass,79,,,fold_4;fold_5
2024-06-25,2024-06-26,inside,True,17726851760,data/2024/6/25/20240625_00.zarr.zip,pass,79,,,fold_4;fold_5
2024-06-26,2024-06-27,inside,True,17777730374,data/2024/6/26/20240626_00.zarr.zip,pass,79,,,fold_4;fold_5
2024-06-27,2024-06-28,inside,True,17768881497,data/2024/6/27/20240627_00.zarr.zip,pass,79,,,fold_4;fold_5
2024-06-28,2024-06-29,inside,True,17782247169,data/2024/6/28/20240628_00.zarr.zip,pass,79,,,fold_4;fold_5
2024-06-29,2024-06-30,inside,True,17787278948,data/2024/6/29/20240629_00.zarr.zip,pass,79,,,fold_4;fold_5
2024-06-30,2024-07-01,inside,True,17830036331,data/2024/6/30/20240630_00.zarr.zip,pass,79,,,fold_4;fold_5
2024-07-01,2024-07-02,inside,True,17782932509,data/2024/7/1/20240701_00.zarr.zip,pass,79,,,fold_4;fold_5
2024-07-02,2024-07-03,inside,True,17724749182,data/2024/7/2/20240702_00.zarr.zip,pass,79,,,fold_4;fold_5
2024-07-03,2024-07-04,inside,True,17692066867,data/2024/7/3/20240703_00.zarr.zip,pass,79,,,fold_4;fold_5
2024-07-04,2024-07-05,inside,True,17713322454,data/2024/7/4/20240704_00.zarr.zip,pass,79,,,fold_4;fold_5
2024-07-05,2024-07-06,inside,True,17707642186,data/2024/7/5/20240705_00.zarr.zip,pass,79,,,fold_4;fold_5
2024-07-06,2024-07-07,inside,True,17641013808,data/2024/7/6/20240706_00.zarr.zip,pass,79,,,fold_4;fold_5
2024-07-07,2024-07-08,inside,True,17572221521,data/2024/7/7/20240707_00.zarr.zip,pass,79,,,fold_4;fold_5
2024-07-08,2024-07-09,inside,True,17533659400,data/2024/7/8/20240708_00.zarr.zip,pass,79,,,fold_4;fold_5
2024-07-09,2024-07-10,inside,True,17537641759,data/2024/7/9/20240709_00.zarr.zip,pass,79,,,fold_4;fold_5
2024-07-10,2024-07-11,inside,True,17642103126,data/2024/7/10/20240710_00.zarr.zip,pass,79,,,fold_4;fold_5
2024-07-11,2024-07-12,inside,True,17687709868,data/2024/7/11/20240711_00.zarr.zip,pass,79,,,fold_4;fold_5
2024-07-12,2024-07-13,inside,True,17675311262,data/2024/7/12/20240712_00.zarr.zip,pass,79,,,fold_4;fold_5
2024-07-13,2024-07-14,inside,True,17629434757,data/2024/7/13/20240713_00.zarr.zip,pass,79,,,fold_4;fold_5
2024-07-14,2024-07-15,inside,True,17625858623,data/2024/7/14/20240714_00.zarr.zip,pass,79,,,fold_4;fold_5
2024-07-15,2024-07-16,inside,True,17636561817,data/2024/7/15/20240715_00.zarr.zip,pass,79,,,fold_4;fold_5
2024-07-16,2024-07-17,inside,True,17642663445,data/2024/7/16/20240716_00.zarr.zip,pass,79,,,fold_4;fold_5
2024-07-17,2024-07-18,inside,True,17672641938,data/2024/7/17/20240717_00.zarr.zip,pass,79,,,fold_4;fold_5
2024-07-18,2024-07-19,inside,True,17626355529,data/2024/7/18/20240718_00.zarr.zip,pass,79,,,fold_4;fold_5
2024-07-19,2024-07-20,inside,True,17557054666,data/2024/7/19/20240719_00.zarr.zip,pass,79,,,fold_4;fold_5
2024-07-20,2024-07-21,inside,True,17526875021,data/2024/7/20/20240720_00.zarr.zip,pass,79,,,fold_4;fold_5
2024-07-21,2024-07-22,inside,True,17494739691,data/2024/7/21/20240721_00.zarr.zip,pass,79,,,fold_4;fold_5
2024-07-22,2024-07-23,inside,True,17541853908,data/2024/7/22/20240722_00.zarr.zip,pass,79,,,fold_4;fold_5
2024-07-23,2024-07-24,inside,True,17670071389,data/2024/7/23/20240723_00.zarr.zip,pass,79,,,fold_4;fold_5
2024-07-24,2024-07-25,inside,True,17756559032,data/2024/7/24/20240724_00.zarr.zip,pass,79,,,fold_4;fold_5
2024-07-25,2024-07-26,inside,True,17761814926,data/2024/7/25/20240725_00.zarr.zip,pass,79,,,fold_4;fold_5
2024-07-26,2024-07-27,inside,True,17781391913,data/2024/7/26/20240726_00.zarr.zip,pass,79,,,fold_4;fold_5
2024-07-27,2024-07-28,inside,True,17755890591,data/2024/7/27/20240727_00.zarr.zip,pass,79,,,fold_4;fold_5
2024-07-28,2024-07-29,inside,True,17687015882,data/2024/7/28/20240728_00.zarr.zip,pass,79,,,fold_4;fold_5
2024-07-29,2024-07-30,inside,True,17655204736,data/2024/7/29/20240729_00.zarr.zip,pass,79,,,fold_4;fold_5
2024-07-30,2024-07-31,inside,True,17646124887,data/2024/7/30/20240730_00.zarr.zip,pass,79,,,fold_4;fold_5
2024-07-31,2024-08-01,inside,True,17538972712,data/2024/7/31/20240731_00.zarr.zip,pass,79,,,fold_4;fold_5
2024-08-01,2024-08-02,inside,True,17546447040,data/2024/8/1/20240801_00.zarr.zip,pass,79,,,fold_4;fold_5
2024-08-02,2024-08-03,inside,True,17527236260,data/2024/8/2/20240802_00.zarr.zip,pass,79,,,fold_4;fold_5
2024-08-03,2024-08-04,inside,True,17541104916,data/2024/8/3/20240803_00.zarr.zip,pass,79,,,fold_4;fold_5
2024-08-04,2024-08-05,inside,True,17561553410,data/2024/8/4/20240804_00.zarr.zip,pass,79,,,fold_4;fold_5
2024-08-05,2024-08-06,inside,True,17609705707,data/2024/8/5/20240805_00.zarr.zip,pass,79,,,fold_4;fold_5
2024-08-06,2024-08-07,inside,True,17616131344,data/2024/8/6/20240806_00.zarr.zip,pass,79,,,fold_4;fold_5
2024-08-07,2024-08-08,inside,True,17640949012,data/2024/8/7/20240807_00.zarr.zip,pass,79,,,fold_4;fold_5
2024-08-08,2024-08-09,inside,True,17603179125,data/2024/8/8/20240808_00.zarr.zip,pass,79,,,fold_4;fold_5
2024-08-09,2024-08-10,inside,True,17600494173,data/2024/8/9/20240809_00.zarr.zip,pass,79,,,fold_4;fold_5
2024-08-10,2024-08-11,inside,True,17638184014,data/2024/8/10/20240810_00.zarr.zip,pass,79,,,fold_4;fold_5
2024-08-11,2024-08-12,inside,True,17691950530,data/2024/8/11/20240811_00.zarr.zip,pass,79,,,fold_4;fold_5
2024-08-12,2024-08-13,inside,True,17713622448,data/2024/8/12/20240812_00.zarr.zip,pass,79,,,fold_4;fold_5
2024-08-13,2024-08-14,inside,True,17655340799,data/2024/8/13/20240813_00.zarr.zip,pass,79,,,fold_4;fold_5
2024-08-14,2024-08-15,inside,True,17620289979,data/2024/8/14/20240814_00.zarr.zip,pass,79,,,fold_4;fold_5
2024-08-15,2024-08-16,inside,True,17614835440,data/2024/8/15/20240815_00.zarr.zip,pass,79,,,fold_4;fold_5
2024-08-16,2024-08-17,inside,True,17597976377,data/2024/8/16/20240816_00.zarr.zip,pass,79,,,fold_4;fold_5
2024-08-17,2024-08-18,inside,True,17573003508,data/2024/8/17/20240817_00.zarr.zip,pass,79,,,fold_4;fold_5
2024-08-18,2024-08-19,inside,True,17606344438,data/2024/8/18/20240818_00.zarr.zip,pass,79,,,fold_4;fold_5
2024-08-19,2024-08-20,inside,True,17642761991,data/2024/8/19/20240819_00.zarr.zip,pass,79,,,fold_4;fold_5
2024-08-20,2024-08-21,inside,True,17715838477,data/2024/8/20/20240820_00.zarr.zip,pass,79,,,fold_4;fold_5
2024-08-21,2024-08-22,inside,True,17684388903,data/2024/8/21/20240821_00.zarr.zip,pass,79,,,fold_4;fold_5
2024-08-22,2024-08-23,inside,True,17735281428,data/2024/8/22/20240822_00.zarr.zip,pass,79,,,fold_4;fold_5
2024-08-23,2024-08-24,inside,True,17710751969,data/2024/8/23/20240823_00.zarr.zip,pass,79,,,fold_4;fold_5
2024-08-24,2024-08-25,inside,True,17676185353,data/2024/8/24/20240824_00.zarr.zip,pass,79,,,fold_4;fold_5
2024-08-25,2024-08-26,inside,True,17687958193,data/2024/8/25/20240825_00.zarr.zip,pass,79,,,fold_4;fold_5
2024-08-26,2024-08-27,inside,True,17619970738,data/2024/8/26/20240826_00.zarr.zip,pass,79,,,fold_4;fold_5
2024-08-27,2024-08-28,inside,True,17659938680,data/2024/8/27/20240827_00.zarr.zip,pass,79,,,fold_4;fold_5
2024-08-28,2024-08-29,inside,True,17711082984,data/2024/8/28/20240828_00.zarr.zip,pass,79,,,fold_4;fold_5
2024-08-29,2024-08-30,inside,True,17732195699,data/2024/8/29/20240829_00.zarr.zip,pass,79,,,fold_4;fold_5
2024-08-30,2024-08-31,inside,True,17737654475,data/2024/8/30/20240830_00.zarr.zip,pass,79,,,fold_4;fold_5
2024-08-31,2024-09-01,inside,True,17722688274,data/2024/8/31/20240831_00.zarr.zip,pass,79,,,fold_4;fold_5
2024-09-01,2024-09-02,inside,True,17743504764,data/2024/9/1/20240901_00.zarr.zip,pass,79,,,fold_4;fold_5
2024-09-02,2024-09-03,inside,True,17795281452,data/2024/9/2/20240902_00.zarr.zip,pass,79,,,fold_4;fold_5
2024-09-03,2024-09-04,inside,True,17663062394,data/2024/9/3/20240903_00.zarr.zip,pass,79,,,fold_4;fold_5
2024-09-04,2024-09-05,inside,True,17535483808,data/2024/9/4/20240904_00.zarr.zip,pass,79,,,fold_4;fold_5
2024-09-05,2024-09-06,inside,True,17388166455,data/2024/9/5/20240905_00.zarr.zip,pass,79,,,fold_4;fold_5
2024-09-06,2024-09-07,inside,True,17462105423,data/2024/9/6/20240906_00.zarr.zip,pass,79,,,fold_4;fold_5
2024-09-07,2024-09-08,inside,True,17489407047,data/2024/9/7/20240907_00.zarr.zip,pass,79,,,fold_4;fold_5
2024-09-08,2024-09-09,inside,True,17555619070,data/2024/9/8/20240908_00.zarr.zip,pass,79,,,fold_4;fold_5
2024-09-09,2024-09-10,inside,True,17669486352,data/2024/9/9/20240909_00.zarr.zip,pass,79,,,fold_4;fold_5
2024-09-10,2024-09-11,inside,True,17709150569,data/2024/9/10/20240910_00.zarr.zip,pass,79,,,fold_4;fold_5
2024-09-11,2024-09-12,inside,True,17702018107,data/2024/9/11/20240911_00.zarr.zip,pass,79,,,fold_4;fold_5
2024-09-12,2024-09-13,inside,True,17682022565,data/2024/9/12/20240912_00.zarr.zip,pass,79,,,fold_4;fold_5
2024-09-13,2024-09-14,inside,True,17639464781,data/2024/9/13/20240913_00.zarr.zip,pass,79,,,fold_4;fold_5
2024-09-14,2024-09-15,inside,True,17628520507,data/2024/9/14/20240914_00.zarr.zip,pass,79,,,fold_4;fold_5
2024-09-15,2024-09-16,inside,True,17640137909,data/2024/9/15/20240915_00.zarr.zip,pass,79,,,fold_4;fold_5
2024-09-16,2024-09-17,inside,True,17614550206,data/2024/9/16/20240916_00.zarr.zip,pass,79,,,fold_4;fold_5
2024-09-17,2024-09-18,inside,True,17591712872,data/2024/9/17/20240917_00.zarr.zip,pass,79,,,fold_4;fold_5
2024-09-18,2024-09-19,inside,True,17485982001,data/2024/9/18/20240918_00.zarr.zip,pass,79,,,fold_4;fold_5
2024-09-19,2024-09-20,inside,True,17491423579,data/2024/9/19/20240919_00.zarr.zip,pass,79,,,fold_4;fold_5
2024-09-20,2024-09-21,inside,True,17488808977,data/2024/9/20/20240920_00.zarr.zip,pass,79,,,fold_4;fold_5
2024-09-21,2024-09-22,inside,True,17531848690,data/2024/9/21/20240921_00.zarr.zip,pass,79,,,fold_4;fold_5
2024-09-22,2024-09-23,inside,True,17658473133,data/2024/9/22/20240922_00.zarr.zip,pass,79,,,fold_4;fold_5
2024-09-23,2024-09-24,inside,True,17659956985,data/2024/9/23/20240923_00.zarr.zip,pass,79,,,fold_4;fold_5
2024-09-24,2024-09-25,inside,True,17695026472,data/2024/9/24/20240924_00.zarr.zip,pass,79,,,fold_4;fold_5
2024-09-25,2024-09-26,inside,True,17693249342,data/2024/9/25/20240925_00.zarr.zip,pass,79,,,fold_4;fold_5
2024-09-26,2024-09-27,inside,True,17651736437,data/2024/9/26/20240926_00.zarr.zip,pass,79,,,fold_4;fold_5
2024-09-27,2024-09-28,inside,True,17667746323,data/2024/9/27/20240927_00.zarr.zip,pass,79,,,fold_4;fold_5
2024-09-28,2024-09-29,inside,True,17675772861,data/2024/9/28/20240928_00.zarr.zip,pass,79,,,fold_4;fold_5
2024-09-29,2024-09-30,inside,True,17624527299,data/2024/9/29/20240929_00.zarr.zip,pass,79,,,fold_4;fold_5
2024-09-30,2024-10-01,inside,True,17611757101,data/2024/9/30/20240930_00.zarr.zip,pass,79,,,fold_4;fold_5
2024-10-01,2024-10-02,inside,True,17664970529,data/2024/10/1/20241001_00.zarr.zip,pass,79,,,fold_4;fold_5
2024-10-02,2024-10-03,inside,True,17723796835,data/2024/10/2/20241002_00.zarr.zip,pass,79,,,fold_4;fold_5
2024-10-03,2024-10-04,inside,True,17716178784,data/2024/10/3/20241003_00.zarr.zip,pass,79,,,fold_4;fold_5
2024-10-04,2024-10-05,inside,True,17675716289,data/2024/10/4/20241004_00.zarr.zip,pass,79,,,fold_4;fold_5
2024-10-05,2024-10-06,inside,True,17726023499,data/2024/10/5/20241005_00.zarr.zip,pass,79,,,fold_4;fold_5
2024-10-06,2024-10-07,inside,True,17778294744,data/2024/10/6/20241006_00.zarr.zip,pass,79,,,fold_4;fold_5
2024-10-07,2024-10-08,inside,True,17880398622,data/2024/10/7/20241007_00.zarr.zip,pass,79,,,fold_4;fold_5
2024-10-08,2024-10-09,inside,True,17927167988,data/2024/10/8/20241008_00.zarr.zip,pass,79,,,fold_4;fold_5
2024-10-09,2024-10-10,inside,True,17908394932,data/2024/10/9/20241009_00.zarr.zip,pass,79,,,fold_4;fold_5
2024-10-10,2024-10-11,inside,True,17956615537,data/2024/10/10/20241010_00.zarr.zip,pass,79,,,fold_4;fold_5
2024-10-11,2024-10-12,inside,True,18001045515,data/2024/10/11/20241011_00.zarr.zip,pass,79,,,fold_4;fold_5
2024-10-12,2024-10-13,inside,True,18066714573,data/2024/10/12/20241012_00.zarr.zip,pass,79,,,fold_4;fold_5
2024-10-13,2024-10-14,inside,True,18129445011,data/2024/10/13/20241013_00.zarr.zip,pass,79,,,fold_4;fold_5
2024-10-14,2024-10-15,inside,True,18163512182,data/2024/10/14/20241014_00.zarr.zip,pass,79,,,fold_4;fold_5
2024-10-15,2024-10-16,inside,True,18179604279,data/2024/10/15/20241015_00.zarr.zip,pass,79,,,fold_4;fold_5
2024-10-16,2024-10-17,inside,True,18074703192,data/2024/10/16/20241016_00.zarr.zip,pass,79,,,fold_4;fold_5
2024-10-17,2024-10-18,inside,True,17906972362,data/2024/10/17/20241017_00.zarr.zip,pass,79,,,fold_4;fold_5
2024-10-18,2024-10-19,inside,True,17880155684,data/2024/10/18/20241018_00.zarr.zip,pass,79,,,fold_4;fold_5
2024-10-19,2024-10-20,inside,True,17838285765,data/2024/10/19/20241019_00.zarr.zip,pass,79,,,fold_4;fold_5
2024-10-20,2024-10-21,inside,True,17874658209,data/2024/10/20/20241020_00.zarr.zip,pass,79,,,fold_4;fold_5
2024-10-21,2024-10-22,inside,True,17849419672,data/2024/10/21/20241021_00.zarr.zip,pass,79,,,fold_4;fold_5
2024-10-22,2024-10-23,inside,True,17776949156,data/2024/10/22/20241022_00.zarr.zip,pass,79,,,fold_4;fold_5
2024-10-23,2024-10-24,inside,True,17832871780,data/2024/10/23/20241023_00.zarr.zip,pass,79,,,fold_4;fold_5
2024-10-24,2024-10-25,inside,True,17869566692,data/2024/10/24/20241024_00.zarr.zip,pass,79,,,fold_4;fold_5
2024-10-25,2024-10-26,inside,True,17885477736,data/2024/10/25/20241025_00.zarr.zip,pass,79,,,fold_4;fold_5
2024-10-26,2024-10-27,inside,True,17834660988,data/2024/10/26/20241026_00.zarr.zip,pass,79,,,fold_4;fold_5
2024-10-27,2024-10-28,inside,True,17718877840,data/2024/10/27/20241027_00.zarr.zip,pass,79,,,fold_4;fold_5
2024-10-28,2024-10-29,inside,True,17700797018,data/2024/10/28/20241028_00.zarr.zip,pass,79,,,fold_4;fold_5
2024-10-29,2024-10-30,inside,True,17674116221,data/2024/10/29/20241029_00.zarr.zip,pass,79,,,fold_4;fold_5
2024-10-30,2024-10-31,inside,True,17709407992,data/2024/10/30/20241030_00.zarr.zip,pass,79,,,fold_4;fold_5
2024-10-31,2024-11-01,inside,True,17733405771,data/2024/10/31/20241031_00.zarr.zip,pass,79,,,fold_4;fold_5
2024-11-01,2024-11-02,inside,True,17751400663,data/2024/11/1/20241101_00.zarr.zip,pass,79,,,fold_4;fold_5
2024-11-02,2024-11-03,inside,True,17703349469,data/2024/11/2/20241102_00.zarr.zip,pass,79,,,fold_4;fold_5
2024-11-03,2024-11-04,inside,True,17610435021,data/2024/11/3/20241103_00.zarr.zip,pass,79,,,fold_4;fold_5
2024-11-04,2024-11-05,inside,True,17602303014,data/2024/11/4/20241104_00.zarr.zip,pass,79,,,fold_4;fold_5
2024-11-05,2024-11-06,inside,True,17547882209,data/2024/11/5/20241105_00.zarr.zip,pass,79,,,fold_4;fold_5
2024-11-06,2024-11-07,inside,True,17511060546,data/2024/11/6/20241106_00.zarr.zip,pass,79,,,fold_4;fold_5
2024-11-07,2024-11-08,inside,True,17495168974,data/2024/11/7/20241107_00.zarr.zip,pass,79,,,fold_4;fold_5
2024-11-08,2024-11-09,inside,True,17545996370,data/2024/11/8/20241108_00.zarr.zip,pass,79,,,fold_4;fold_5
2024-11-09,2024-11-10,inside,True,17544312621,data/2024/11/9/20241109_00.zarr.zip,pass,79,,,fold_4;fold_5
2024-11-10,2024-11-11,inside,True,17418464698,data/2024/11/10/20241110_00.zarr.zip,pass,79,,,fold_4;fold_5
2024-11-11,2024-11-12,inside,True,17412582948,data/2024/11/11/20241111_00.zarr.zip,pass,79,,,fold_4;fold_5
2024-11-12,2024-11-13,inside,True,17448294661,data/2024/11/12/20241112_00.zarr.zip,pass,79,,,fold_4;fold_5
2024-11-13,2024-11-14,inside,True,17622128727,data/2024/11/13/20241113_00.zarr.zip,pass,79,,,fold_4;fold_5
2024-11-14,2024-11-15,inside,True,17713482719,data/2024/11/14/20241114_00.zarr.zip,pass,79,,,fold_4;fold_5
2024-11-15,2024-11-16,inside,True,17834741147,data/2024/11/15/20241115_00.zarr.zip,pass,79,,,fold_4;fold_5
2024-11-16,2024-11-17,inside,True,17945455724,data/2024/11/16/20241116_00.zarr.zip,pass,79,,,fold_4;fold_5
2024-11-17,2024-11-18,inside,True,17983059245,data/2024/11/17/20241117_00.zarr.zip,pass,79,,,fold_4;fold_5
2024-11-18,2024-11-19,inside,True,17936054089,data/2024/11/18/20241118_00.zarr.zip,pass,79,,,fold_4;fold_5
2024-11-19,2024-11-20,inside,True,17809243213,data/2024/11/19/20241119_00.zarr.zip,pass,79,,,fold_4;fold_5
2024-11-20,2024-11-21,inside,True,17736926485,data/2024/11/20/20241120_00.zarr.zip,pass,79,,,fold_4;fold_5
2024-11-21,2024-11-22,inside,True,17721328251,data/2024/11/21/20241121_00.zarr.zip,pass,79,,,fold_4;fold_5
2024-11-22,2024-11-23,inside,True,17848213080,data/2024/11/22/20241122_00.zarr.zip,pass,79,,,fold_4;fold_5
2024-11-23,2024-11-24,inside,True,17903129368,data/2024/11/23/20241123_00.zarr.zip,pass,79,,,fold_4;fold_5
2024-11-24,2024-11-25,inside,True,17921532778,data/2024/11/24/20241124_00.zarr.zip,pass,79,,,fold_4;fold_5
2024-11-25,2024-11-26,inside,True,17887954549,data/2024/11/25/20241125_00.zarr.zip,pass,79,,,fold_4;fold_5
2024-11-26,2024-11-27,inside,True,17793971532,data/2024/11/26/20241126_00.zarr.zip,pass,79,,,fold_4;fold_5
2024-11-27,2024-11-28,inside,True,17725066082,data/2024/11/27/20241127_00.zarr.zip,pass,79,,,fold_4;fold_5
2024-11-28,2024-11-29,inside,True,17751817662,data/2024/11/28/20241128_00.zarr.zip,pass,79,,,fold_4;fold_5
2024-11-29,2024-11-30,inside,True,17772075155,data/2024/11/29/20241129_00.zarr.zip,pass,79,,,fold_4;fold_5
2024-11-30,2024-12-01,inside,True,17779755647,data/2024/11/30/20241130_00.zarr.zip,pass,79,,,fold_4;fold_5
2024-12-01,2024-12-02,inside,True,17781229496,data/2024/12/1/20241201_00.zarr.zip,pass,79,,,fold_4;fold_5
2024-12-02,2024-12-03,inside,True,17745733362,data/2024/12/2/20241202_00.zarr.zip,pass,79,,,fold_4;fold_5
2024-12-03,2024-12-04,inside,True,17731880050,data/2024/12/3/20241203_00.zarr.zip,pass,79,,,fold_4;fold_5
2024-12-04,2024-12-05,inside,True,17770045004,data/2024/12/4/20241204_00.zarr.zip,pass,79,,,fold_4;fold_5
2024-12-05,2024-12-06,inside,True,17764560868,data/2024/12/5/20241205_00.zarr.zip,pass,79,,,fold_4;fold_5
2024-12-06,2024-12-07,inside,True,17812192068,data/2024/12/6/20241206_00.zarr.zip,pass,79,,,fold_4;fold_5
2024-12-07,2024-12-08,inside,True,17723405683,data/2024/12/7/20241207_00.zarr.zip,pass,79,,,fold_4;fold_5
2024-12-08,2024-12-09,inside,True,17592057886,data/2024/12/8/20241208_00.zarr.zip,pass,79,,,fold_4;fold_5
2024-12-09,2024-12-10,inside,True,17546820595,data/2024/12/9/20241209_00.zarr.zip,pass,79,,,fold_4;fold_5
2024-12-10,2024-12-11,inside,True,17568475352,data/2024/12/10/20241210_00.zarr.zip,pass,79,,,fold_4;fold_5
2024-12-11,2024-12-12,inside,True,17614142208,data/2024/12/11/20241211_00.zarr.zip,pass,79,,,fold_4;fold_5
2024-12-12,2024-12-13,inside,True,17636192524,data/2024/12/12/20241212_00.zarr.zip,pass,79,,,fold_4;fold_5
2024-12-13,2024-12-14,inside,True,17748089866,data/2024/12/13/20241213_00.zarr.zip,pass,79,,,fold_4;fold_5
2024-12-14,2024-12-15,inside,True,17849890133,data/2024/12/14/20241214_00.zarr.zip,pass,79,,,fold_4;fold_5
2024-12-15,2024-12-16,inside,True,17824821042,data/2024/12/15/20241215_00.zarr.zip,pass,79,,,fold_4;fold_5
2024-12-16,2024-12-17,inside,True,17816444535,data/2024/12/16/20241216_00.zarr.zip,pass,79,,,fold_4;fold_5
2024-12-17,2024-12-18,inside,True,17776364071,data/2024/12/17/20241217_00.zarr.zip,pass,79,,,fold_4;fold_5
2024-12-18,2024-12-19,inside,True,17824082089,data/2024/12/18/20241218_00.zarr.zip,pass,79,,,fold_4;fold_5
2024-12-19,2024-12-20,inside,True,17887923658,data/2024/12/19/20241219_00.zarr.zip,pass,79,,,fold_4;fold_5
2024-12-20,2024-12-21,inside,True,17815722441,data/2024/12/20/20241220_00.zarr.zip,pass,79,,,fold_4;fold_5
2024-12-21,2024-12-22,inside,True,17753686202,data/2024/12/21/20241221_00.zarr.zip,pass,79,,,fold_4;fold_5
2024-12-22,2024-12-23,inside,True,17687358548,data/2024/12/22/20241222_00.zarr.zip,pass,79,,,fold_4;fold_5
2024-12-23,2024-12-24,inside,True,17569540555,data/2024/12/23/20241223_00.zarr.zip,pass,79,,,fold_4;fold_5
2024-12-24,2024-12-25,inside,True,17501550009,data/2024/12/24/20241224_00.zarr.zip,pass,79,,,fold_4;fold_5
2024-12-25,2024-12-26,inside,True,17449100277,data/2024/12/25/20241225_00.zarr.zip,pass,79,,,fold_4;fold_5
2024-12-26,2024-12-27,inside,True,17436450455,data/2024/12/26/20241226_00.zarr.zip,pass,79,,,fold_4;fold_5
2024-12-27,2024-12-28,inside,True,17494527561,data/2024/12/27/20241227_00.zarr.zip,pass,79,,,fold_4;fold_5
2024-12-28,2024-12-29,inside,True,17531788997,data/2024/12/28/20241228_00.zarr.zip,pass,79,,,fold_4;fold_5
2024-12-29,2024-12-30,inside,True,17572698984,data/2024/12/29/20241229_00.zarr.zip,pass,79,,,fold_4;fold_5
2024-12-30,2024-12-31,inside,True,17618281073,data/2024/12/30/20241230_00.zarr.zip,pass,79,,,fold_4;fold_5
2024-12-31,2025-01-01,inside,True,17682272902,data/2024/12/31/20241231_00.zarr.zip,pass,79,,,fold_4;fold_5
2025-01-01,2025-01-02,inside,True,17756343162,data/2025/1/1/20250101_00.zarr.zip,pass,79,,,fold_4;fold_5
2025-01-02,2025-01-03,inside,True,17777398010,data/2025/1/2/20250102_00.zarr.zip,pass,79,,,fold_4;fold_5
2025-01-03,2025-01-04,inside,True,17909600362,data/2025/1/3/20250103_00.zarr.zip,pass,79,,,fold_4;fold_5
2025-01-04,2025-01-05,inside,True,17956355481,data/2025/1/4/20250104_00.zarr.zip,pass,79,,,fold_4;fold_5
2025-01-05,2025-01-06,inside,True,17919903392,data/2025/1/5/20250105_00.zarr.zip,pass,79,,,fold_4;fold_5
2025-01-06,2025-01-07,inside,True,17877414509,data/2025/1/6/20250106_00.zarr.zip,pass,79,,,fold_4;fold_5
2025-01-07,2025-01-08,inside,True,17831922313,data/2025/1/7/20250107_00.zarr.zip,pass,79,,,fold_4;fold_5
2025-01-08,2025-01-09,inside,True,17671567596,data/2025/1/8/20250108_00.zarr.zip,pass,79,,,fold_4;fold_5
2025-01-09,2025-01-10,inside,True,17635456459,data/2025/1/9/20250109_00.zarr.zip,pass,79,,,fold_4;fold_5
2025-01-10,2025-01-11,inside,True,17617571922,data/2025/1/10/20250110_00.zarr.zip,pass,79,,,fold_4;fold_5
2025-01-11,2025-01-12,inside,True,17640962540,data/2025/1/11/20250111_00.zarr.zip,pass,79,,,fold_4;fold_5
2025-01-12,2025-01-13,inside,True,17621325225,data/2025/1/12/20250112_00.zarr.zip,pass,79,,,fold_4;fold_5
2025-01-13,2025-01-14,inside,True,17515932487,data/2025/1/13/20250113_00.zarr.zip,pass,79,,,fold_4;fold_5
2025-01-14,2025-01-15,inside,True,17546086107,data/2025/1/14/20250114_00.zarr.zip,pass,79,,,fold_4;fold_5
2025-01-15,2025-01-16,inside,True,17574705645,data/2025/1/15/20250115_00.zarr.zip,pass,79,,,fold_4;fold_5
2025-01-16,2025-01-17,inside,True,17661042217,data/2025/1/16/20250116_00.zarr.zip,pass,79,,,fold_4;fold_5
2025-01-17,2025-01-18,inside,True,17627802159,data/2025/1/17/20250117_00.zarr.zip,pass,79,,,fold_4;fold_5
2025-01-18,2025-01-19,inside,True,17737685016,data/2025/1/18/20250118_00.zarr.zip,pass,79,,,fold_4;fold_5
2025-01-19,2025-01-20,inside,True,17752536880,data/2025/1/19/20250119_00.zarr.zip,pass,79,,,fold_4;fold_5
2025-01-20,2025-01-21,inside,True,17795030079,data/2025/1/20/20250120_00.zarr.zip,pass,79,,,fold_4;fold_5
2025-01-21,2025-01-22,inside,True,17762976421,data/2025/1/21/20250121_00.zarr.zip,pass,79,,,fold_4;fold_5
2025-01-22,2025-01-23,inside,True,17710210835,data/2025/1/22/20250122_00.zarr.zip,pass,79,,,fold_4;fold_5
2025-01-23,2025-01-24,inside,True,17746955569,data/2025/1/23/20250123_00.zarr.zip,pass,79,,,fold_4;fold_5
2025-01-24,2025-01-25,inside,True,17779468832,data/2025/1/24/20250124_00.zarr.zip,pass,79,,,fold_4;fold_5
2025-01-25,2025-01-26,inside,False,,,,,,,fold_4;fold_5
2025-01-26,2025-01-27,inside,False,,,,,,,fold_4;fold_5
2025-01-27,2025-01-28,inside,False,,,,,,,fold_4;fold_5
2025-01-28,2025-01-29,inside,False,,,,,,,fold_4;fold_5
2025-01-29,2025-01-30,inside,False,,,,,,,fold_4;fold_5
2025-01-30,2025-01-31,inside,False,,,,,,,fold_4;fold_5
2025-01-31,2025-02-01,inside,False,,,,,,,fold_4;fold_5
2025-02-01,2025-02-02,inside,False,,,,,,,fold_4;fold_5
2025-02-02,2025-02-03,inside,False,,,,,,,fold_4;fold_5
2025-02-03,2025-02-04,inside,False,,,,,,,fold_4;fold_5
2025-02-04,2025-02-05,inside,False,,,,,,,fold_4;fold_5
2025-02-05,2025-02-06,inside,False,,,,,,,fold_4;fold_5
2025-02-06,2025-02-07,inside,False,,,,,,,fold_4;fold_5
2025-02-07,2025-02-08,inside,False,,,,,,,fold_4;fold_5
2025-02-08,2025-02-09,inside,False,,,,,,,fold_4;fold_5
2025-02-09,2025-02-10,inside,False,,,,,,,fold_4;fold_5
2025-02-10,2025-02-11,inside,False,,,,,,,fold_4;fold_5
2025-02-11,2025-02-12,inside,False,,,,,,,fold_4;fold_5
2025-02-12,2025-02-13,inside,False,,,,,,,fold_4;fold_5
2025-02-13,2025-02-14,inside,False,,,,,,,fold_4;fold_5
2025-02-14,2025-02-15,inside,False,,,,,,,fold_4;fold_5
2025-02-15,2025-02-16,inside,False,,,,,,,fold_4;fold_5
2025-02-16,2025-02-17,inside,False,,,,,,,fold_4;fold_5
2025-02-17,2025-02-18,inside,False,,,,,,,fold_4;fold_5
2025-02-18,2025-02-19,inside,False,,,,,,,fold_4;fold_5
2025-02-19,2025-02-20,inside,False,,,,,,,fold_4;fold_5
2025-02-20,2025-02-21,inside,False,,,,,,,fold_4;fold_5
2025-02-21,2025-02-22,inside,False,,,,,,,fold_4;fold_5
2025-02-22,2025-02-23,inside,False,,,,,,,fold_4;fold_5
2025-02-23,2025-02-24,inside,False,,,,,,,fold_4;fold_5
2025-02-24,2025-02-25,inside,False,,,,,,,fold_4;fold_5
2025-02-25,2025-02-26,inside,False,,,,,,,fold_4;fold_5
2025-02-26,2025-02-27,inside,False,,,,,,,fold_4;fold_5
2025-02-27,2025-02-28,inside,False,,,,,,,fold_4;fold_5
2025-02-28,2025-03-01,inside,False,,,,,,,fold_4;fold_5
2025-03-01,2025-03-02,inside,False,,,,,,,fold_4;fold_5
2025-03-02,2025-03-03,inside,False,,,,,,,fold_4;fold_5
2025-03-03,2025-03-04,inside,False,,,,,,,fold_4;fold_5
2025-03-04,2025-03-05,inside,False,,,,,,,fold_4;fold_5
2025-03-05,2025-03-06,inside,False,,,,,,,fold_4;fold_5
2025-03-06,2025-03-07,inside,False,,,,,,,fold_4;fold_5
2025-03-07,2025-03-08,inside,True,26072614301,data/2025/3/7/20250307_00.zarr.zip,pass,79,,,fold_4;fold_5
2025-03-08,2025-03-09,inside,False,,,,,,,fold_4;fold_5
2025-03-09,2025-03-10,inside,False,,,,,,,fold_4;fold_5
2025-03-10,2025-03-11,inside,False,,,,,,,fold_4;fold_5
2025-03-11,2025-03-12,inside,False,,,,,,,fold_4;fold_5
2025-03-12,2025-03-13,inside,False,,,,,,,fold_4;fold_5
2025-03-13,2025-03-14,inside,False,,,,,,,fold_4;fold_5
2025-03-14,2025-03-15,inside,False,,,,,,,fold_4;fold_5
2025-03-15,2025-03-16,inside,False,,,,,,,fold_4;fold_5
2025-03-16,2025-03-17,inside,False,,,,,,,fold_4;fold_5
2025-03-17,2025-03-18,inside,False,,,,,,,fold_4;fold_5
2025-03-18,2025-03-19,inside,False,,,,,,,fold_4;fold_5
2025-03-19,2025-03-20,inside,False,,,,,,,fold_4;fold_5
2025-03-20,2025-03-21,inside,False,,,,,,,fold_4;fold_5
2025-03-21,2025-03-22,inside,False,,,,,,,fold_4;fold_5
2025-03-22,2025-03-23,inside,False,,,,,,,fold_4;fold_5
2025-03-23,2025-03-24,inside,False,,,,,,,fold_4;fold_5
2025-03-24,2025-03-25,inside,False,,,,,,,fold_4;fold_5
2025-03-25,2025-03-26,inside,False,,,,,,,fold_4;fold_5
2025-03-26,2025-03-27,inside,False,,,,,,,fold_4;fold_5
2025-03-27,2025-03-28,inside,False,,,,,,,fold_4;fold_5
2025-03-28,2025-03-29,inside,False,,,,,,,fold_4;fold_5
2025-03-29,2025-03-30,inside,False,,,,,,,fold_4;fold_5
2025-03-30,2025-03-31,inside,False,,,,,,,fold_4;fold_5
2025-03-31,2025-04-01,inside,False,,,,,,,fold_4;fold_5
2025-04-01,2025-04-02,inside,False,,,,,,,fold_4;fold_5
2025-04-02,2025-04-03,inside,False,,,,,,,fold_4;fold_5
2025-04-03,2025-04-04,inside,False,,,,,,,fold_4;fold_5
2025-04-04,2025-04-05,inside,True,19394642283,data/2025/4/4/20250404_00.zarr.zip,pass,79,,,fold_4;fold_5
2025-04-05,2025-04-06,inside,True,19436729001,data/2025/4/5/20250405_00.zarr.zip,pass,79,,,fold_4;fold_5
2025-04-06,2025-04-07,inside,True,19484428992,data/2025/4/6/20250406_00.zarr.zip,pass,79,,,fold_4;fold_5
2025-04-07,2025-04-08,inside,True,19494599013,data/2025/4/7/20250407_00.zarr.zip,pass,79,,,fold_4;fold_5
2025-04-08,2025-04-09,inside,True,19569676921,data/2025/4/8/20250408_00.zarr.zip,pass,79,,,fold_4;fold_5
2025-04-09,2025-04-10,inside,True,19645793806,data/2025/4/9/20250409_00.zarr.zip,pass,79,,,fold_4;fold_5
2025-04-10,2025-04-11,inside,True,19722358949,data/2025/4/10/20250410_00.zarr.zip,pass,79,,,fold_4;fold_5
2025-04-11,2025-04-12,inside,True,19817492913,data/2025/4/11/20250411_00.zarr.zip,pass,79,,,fold_4;fold_5
2025-04-12,2025-04-13,inside,True,19850092565,data/2025/4/12/20250412_00.zarr.zip,pass,79,,,fold_4;fold_5
2025-04-13,2025-04-14,inside,True,19847156710,data/2025/4/13/20250413_00.zarr.zip,pass,79,,,fold_4;fold_5
2025-04-14,2025-04-15,inside,True,19821356001,data/2025/4/14/20250414_00.zarr.zip,pass,79,,,fold_4;fold_5
2025-04-15,2025-04-16,inside,True,19778499432,data/2025/4/15/20250415_00.zarr.zip,pass,79,,,fold_4;fold_5
2025-04-16,2025-04-17,inside,True,19760533103,data/2025/4/16/20250416_00.zarr.zip,pass,79,,,fold_4;fold_5
2025-04-17,2025-04-18,inside,True,19703000521,data/2025/4/17/20250417_00.zarr.zip,pass,79,,,fold_4;fold_5
2025-04-18,2025-04-19,inside,True,19679429624,data/2025/4/18/20250418_00.zarr.zip,pass,79,,,fold_4;fold_5
2025-04-19,2025-04-20,inside,True,19697639677,data/2025/4/19/20250419_00.zarr.zip,pass,79,,,fold_4;fold_5
2025-04-20,2025-04-21,inside,True,19768205422,data/2025/4/20/20250420_00.zarr.zip,pass,79,,,fold_4;fold_5
2025-04-21,2025-04-22,inside,True,19818498159,data/2025/4/21/20250421_00.zarr.zip,pass,79,,,fold_4;fold_5
2025-04-22,2025-04-23,inside,True,19784679357,data/2025/4/22/20250422_00.zarr.zip,pass,79,,,fold_4;fold_5
2025-04-23,2025-04-24,inside,True,19724811602,data/2025/4/23/20250423_00.zarr.zip,pass,79,,,fold_4;fold_5
2025-04-24,2025-04-25,inside,True,19744999742,data/2025/4/24/20250424_00.zarr.zip,pass,79,,,fold_4;fold_5
2025-04-25,2025-04-26,inside,True,19794300058,data/2025/4/25/20250425_00.zarr.zip,pass,79,,,fold_4;fold_5
2025-04-26,2025-04-27,inside,True,19771830176,data/2025/4/26/20250426_00.zarr.zip,pass,79,,,fold_4;fold_5
2025-04-27,2025-04-28,inside,True,19690901244,data/2025/4/27/20250427_00.zarr.zip,pass,79,,,fold_4;fold_5
2025-04-28,2025-04-29,inside,True,19645874612,data/2025/4/28/20250428_00.zarr.zip,pass,79,,,fold_4;fold_5
2025-04-29,2025-04-30,inside,True,19666104412,data/2025/4/29/20250429_00.zarr.zip,pass,79,,,fold_4;fold_5
2025-04-30,2025-05-01,inside,True,19736609033,data/2025/4/30/20250430_00.zarr.zip,pass,79,,,fold_4;fold_5
2025-05-01,2025-05-02,inside,True,19791508937,data/2025/5/1/20250501_00.zarr.zip,pass,79,,,fold_4;fold_5
2025-05-02,2025-05-03,inside,True,19836815671,data/2025/5/2/20250502_00.zarr.zip,pass,79,,,fold_4;fold_5
2025-05-03,2025-05-04,inside,True,19880794621,data/2025/5/3/20250503_00.zarr.zip,pass,79,,,fold_4;fold_5
2025-05-04,2025-05-05,inside,True,19870400176,data/2025/5/4/20250504_00.zarr.zip,pass,79,,,fold_4;fold_5
2025-05-05,2025-05-06,inside,True,19845257216,data/2025/5/5/20250505_00.zarr.zip,pass,79,,,fold_4;fold_5
2025-05-06,2025-05-07,inside,True,19788368308,data/2025/5/6/20250506_00.zarr.zip,pass,79,,,fold_4;fold_5
2025-05-07,2025-05-08,inside,True,19721078060,data/2025/5/7/20250507_00.zarr.zip,pass,79,,,fold_4;fold_5
2025-05-08,2025-05-09,inside,True,19733561013,data/2025/5/8/20250508_00.zarr.zip,pass,79,,,fold_4;fold_5
2025-05-09,2025-05-10,inside,True,19712928515,data/2025/5/9/20250509_00.zarr.zip,pass,79,,,fold_4;fold_5
2025-05-10,2025-05-11,inside,True,19741168374,data/2025/5/10/20250510_00.zarr.zip,pass,79,,,fold_4;fold_5
2025-05-11,2025-05-12,inside,True,19717027142,data/2025/5/11/20250511_00.zarr.zip,pass,79,,,fold_4;fold_5
2025-05-12,2025-05-13,inside,True,19675791486,data/2025/5/12/20250512_00.zarr.zip,pass,79,,,fold_4;fold_5
2025-05-13,2025-05-14,inside,True,19531776495,data/2025/5/13/20250513_00.zarr.zip,pass,79,,,fold_4;fold_5
2025-05-14,2025-05-15,inside,True,19510564047,data/2025/5/14/20250514_00.zarr.zip,pass,79,,,fold_4;fold_5
2025-05-15,2025-05-16,inside,True,19464295602,data/2025/5/15/20250515_00.zarr.zip,pass,79,,,fold_4;fold_5
2025-05-16,2025-05-17,inside,True,19402036694,data/2025/5/16/20250516_00.zarr.zip,pass,79,,,fold_4;fold_5
2025-05-17,2025-05-18,inside,True,19296736431,data/2025/5/17/20250517_00.zarr.zip,pass,79,,,fold_4;fold_5
2025-05-18,2025-05-19,inside,True,19305327809,data/2025/5/18/20250518_00.zarr.zip,pass,79,,,fold_4;fold_5
2025-05-19,2025-05-20,inside,True,19378532858,data/2025/5/19/20250519_00.zarr.zip,pass,79,,,fold_4;fold_5
2025-05-20,2025-05-21,inside,True,19492252057,data/2025/5/20/20250520_00.zarr.zip,pass,79,,,fold_4;fold_5
2025-05-21,2025-05-22,inside,True,19593508259,data/2025/5/21/20250521_00.zarr.zip,pass,79,,,fold_4;fold_5
2025-05-22,2025-05-23,inside,True,19676115497,data/2025/5/22/20250522_00.zarr.zip,pass,79,,,fold_4;fold_5
2025-05-23,2025-05-24,inside,True,19701514997,data/2025/5/23/20250523_00.zarr.zip,pass,79,,,fold_4;fold_5
2025-05-24,2025-05-25,inside,True,19683010312,data/2025/5/24/20250524_00.zarr.zip,pass,79,,,fold_4;fold_5
2025-05-25,2025-05-26,inside,True,19636488710,data/2025/5/25/20250525_00.zarr.zip,pass,79,,,fold_4;fold_5
2025-05-26,2025-05-27,inside,True,19589337025,data/2025/5/26/20250526_00.zarr.zip,pass,79,,,fold_4;fold_5
2025-05-27,2025-05-28,inside,True,19621503506,data/2025/5/27/20250527_00.zarr.zip,pass,79,,,fold_4;fold_5
2025-05-28,2025-05-29,inside,True,19617353236,data/2025/5/28/20250528_00.zarr.zip,pass,79,,,fold_4;fold_5
2025-05-29,2025-05-30,inside,True,19694849352,data/2025/5/29/20250529_00.zarr.zip,pass,79,,,fold_4;fold_5
2025-05-30,2025-05-31,inside,True,19694733410,data/2025/5/30/20250530_00.zarr.zip,pass,79,,,fold_4;fold_5
2025-05-31,2025-06-01,inside,True,19668856230,data/2025/5/31/20250531_00.zarr.zip,pass,79,,,fold_4;fold_5
2025-06-01,2025-06-02,inside,True,19644207348,data/2025/6/1/20250601_00.zarr.zip,pass,79,,,fold_4;fold_5
2025-06-02,2025-06-03,inside,True,19678666789,data/2025/6/2/20250602_00.zarr.zip,pass,79,,,fold_4;fold_5
2025-06-03,2025-06-04,inside,True,19643949460,data/2025/6/3/20250603_00.zarr.zip,pass,79,,,fold_4;fold_5
2025-06-04,2025-06-05,inside,True,19679047781,data/2025/6/4/20250604_00.zarr.zip,pass,79,,,fold_4;fold_5
2025-06-05,2025-06-06,inside,True,19677706461,data/2025/6/5/20250605_00.zarr.zip,pass,79,,,fold_4;fold_5
2025-06-06,2025-06-07,inside,True,19635078081,data/2025/6/6/20250606_00.zarr.zip,pass,79,,,fold_4;fold_5
2025-06-07,2025-06-08,inside,True,19678765478,data/2025/6/7/20250607_00.zarr.zip,pass,79,,,fold_4;fold_5
2025-06-08,2025-06-09,inside,True,19663810343,data/2025/6/8/20250608_00.zarr.zip,pass,79,,,fold_4;fold_5
2025-06-09,2025-06-10,inside,True,19731239182,data/2025/6/9/20250609_00.zarr.zip,pass,79,,,fold_4;fold_5
2025-06-10,2025-06-11,inside,True,19814634635,data/2025/6/10/20250610_00.zarr.zip,pass,79,,,fold_4;fold_5
2025-06-11,2025-06-12,inside,True,19783556293,data/2025/6/11/20250611_00.zarr.zip,pass,79,,,fold_4;fold_5
2025-06-12,2025-06-13,inside,True,19809368596,data/2025/6/12/20250612_00.zarr.zip,pass,79,,,fold_4;fold_5
2025-06-13,2025-06-14,inside,True,19821053690,data/2025/6/13/20250613_00.zarr.zip,pass,79,,,fold_4;fold_5
2025-06-14,2025-06-15,inside,True,19797778057,data/2025/6/14/20250614_00.zarr.zip,pass,79,,,fold_4;fold_5
2025-06-15,2025-06-16,inside,True,19739411530,data/2025/6/15/20250615_00.zarr.zip,pass,79,,,fold_4;fold_5
2025-06-16,2025-06-17,inside,True,19646905727,data/2025/6/16/20250616_00.zarr.zip,pass,79,,,fold_4;fold_5
2025-06-17,2025-06-18,inside,True,19561815600,data/2025/6/17/20250617_00.zarr.zip,pass,79,,,fold_4;fold_5
2025-06-18,2025-06-19,inside,True,19520328943,data/2025/6/18/20250618_00.zarr.zip,pass,79,,,fold_4;fold_5
2025-06-19,2025-06-20,inside,True,19578858183,data/2025/6/19/20250619_00.zarr.zip,pass,79,,,fold_4;fold_5
2025-06-20,2025-06-21,inside,True,19617238313,data/2025/6/20/20250620_00.zarr.zip,pass,79,,,fold_4;fold_5
2025-06-21,2025-06-22,inside,True,19634302115,data/2025/6/21/20250621_00.zarr.zip,pass,79,,,fold_4;fold_5
2025-06-22,2025-06-23,inside,True,19636366899,data/2025/6/22/20250622_00.zarr.zip,pass,79,,,fold_4;fold_5
2025-06-23,2025-06-24,inside,True,19617118894,data/2025/6/23/20250623_00.zarr.zip,pass,79,,,fold_4;fold_5
2025-06-24,2025-06-25,inside,True,19580964696,data/2025/6/24/20250624_00.zarr.zip,pass,79,,,fold_4;fold_5
2025-06-25,2025-06-26,inside,True,19554822841,data/2025/6/25/20250625_00.zarr.zip,pass,79,,,fold_4;fold_5
2025-06-26,2025-06-27,inside,True,19529872022,data/2025/6/26/20250626_00.zarr.zip,pass,79,,,fold_4;fold_5
2025-06-27,2025-06-28,inside,True,19520632561,data/2025/6/27/20250627_00.zarr.zip,pass,79,,,fold_4;fold_5
2025-06-28,2025-06-29,inside,True,19571996455,data/2025/6/28/20250628_00.zarr.zip,pass,79,,,fold_4;fold_5
2025-06-29,2025-06-30,inside,True,19593214834,data/2025/6/29/20250629_00.zarr.zip,pass,79,,,fold_4;fold_5
2025-06-30,2025-07-01,inside,True,19581659375,data/2025/6/30/20250630_00.zarr.zip,pass,79,,,fold_4;fold_5
2025-07-01,2025-07-02,inside,True,19550570988,data/2025/7/1/20250701_00.zarr.zip,pass,79,,,fold_4;fold_5
2025-07-02,2025-07-03,inside,True,19522627796,data/2025/7/2/20250702_00.zarr.zip,pass,79,,,fold_4;fold_5
2025-07-03,2025-07-04,inside,True,19496420481,data/2025/7/3/20250703_00.zarr.zip,pass,79,,,fold_4;fold_5
2025-07-04,2025-07-05,inside,True,19415411935,data/2025/7/4/20250704_00.zarr.zip,pass,79,,,fold_4;fold_5
2025-07-05,2025-07-06,inside,True,19439062731,data/2025/7/5/20250705_00.zarr.zip,pass,79,,,fold_4;fold_5
2025-07-06,2025-07-07,inside,True,19509732090,data/2025/7/6/20250706_00.zarr.zip,pass,79,,,fold_4;fold_5
2025-07-07,2025-07-08,inside,True,19527165524,data/2025/7/7/20250707_00.zarr.zip,pass,79,,,fold_4;fold_5
2025-07-08,2025-07-09,inside,True,19548431989,data/2025/7/8/20250708_00.zarr.zip,pass,79,,,fold_4;fold_5
2025-07-09,2025-07-10,inside,True,19532425732,data/2025/7/9/20250709_00.zarr.zip,pass,79,,,fold_4;fold_5
2025-07-10,2025-07-11,inside,True,19514717613,data/2025/7/10/20250710_00.zarr.zip,pass,79,,,fold_4;fold_5
2025-07-11,2025-07-12,inside,True,19461423350,data/2025/7/11/20250711_00.zarr.zip,pass,79,,,fold_4;fold_5
2025-07-12,2025-07-13,inside,True,19424121493,data/2025/7/12/20250712_00.zarr.zip,pass,79,,,fold_4;fold_5
2025-07-13,2025-07-14,inside,True,19391835169,data/2025/7/13/20250713_00.zarr.zip,pass,79,,,fold_4;fold_5
2025-07-14,2025-07-15,inside,True,19404228343,data/2025/7/14/20250714_00.zarr.zip,pass,79,,,fold_4;fold_5
2025-07-15,2025-07-16,inside,True,19358576048,data/2025/7/15/20250715_00.zarr.zip,pass,79,,,fold_4;fold_5
2025-07-16,2025-07-17,inside,True,19403041851,data/2025/7/16/20250716_00.zarr.zip,pass,79,,,fold_4;fold_5
2025-07-17,2025-07-18,inside,True,19450566692,data/2025/7/17/20250717_00.zarr.zip,pass,79,,,fold_4;fold_5
2025-07-18,2025-07-19,inside,True,19485068221,data/2025/7/18/20250718_00.zarr.zip,pass,79,,,fold_4;fold_5
2025-07-19,2025-07-20,inside,True,19504024262,data/2025/7/19/20250719_00.zarr.zip,pass,79,,,fold_4;fold_5
2025-07-20,2025-07-21,inside,True,19535176820,data/2025/7/20/20250720_00.zarr.zip,pass,79,,,fold_4;fold_5
2025-07-21,2025-07-22,inside,True,19506021085,data/2025/7/21/20250721_00.zarr.zip,pass,79,,,fold_4;fold_5
2025-07-22,2025-07-23,inside,True,19521605798,data/2025/7/22/20250722_00.zarr.zip,pass,79,,,fold_4;fold_5
2025-07-23,2025-07-24,inside,True,19604963208,data/2025/7/23/20250723_00.zarr.zip,pass,79,,,fold_4;fold_5
2025-07-24,2025-07-25,inside,True,19632955408,data/2025/7/24/20250724_00.zarr.zip,pass,79,,,fold_4;fold_5
2025-07-25,2025-07-26,inside,True,19627240743,data/2025/7/25/20250725_00.zarr.zip,pass,79,,,fold_4;fold_5
2025-07-26,2025-07-27,inside,True,19628423748,data/2025/7/26/20250726_00.zarr.zip,pass,79,,,fold_4;fold_5
2025-07-27,2025-07-28,inside,True,19626316641,data/2025/7/27/20250727_00.zarr.zip,pass,79,,,fold_4;fold_5
2025-07-28,2025-07-29,inside,True,19665276544,data/2025/7/28/20250728_00.zarr.zip,pass,79,,,fold_4;fold_5
2025-07-29,2025-07-30,inside,True,19650966589,data/2025/7/29/20250729_00.zarr.zip,pass,79,,,fold_5
2025-07-30,2025-07-31,inside,True,19627148326,data/2025/7/30/20250730_00.zarr.zip,pass,79,,,fold_5
2025-07-31,2025-08-01,inside,True,19603857427,data/2025/7/31/20250731_00.zarr.zip,pass,79,,,fold_5
2025-08-01,2025-08-02,inside,True,19632160707,data/2025/8/1/20250801_00.zarr.zip,pass,79,,,fold_5
2025-08-02,2025-08-03,inside,True,19623584202,data/2025/8/2/20250802_00.zarr.zip,pass,79,,,fold_5
2025-08-03,2025-08-04,inside,True,19666241632,data/2025/8/3/20250803_00.zarr.zip,pass,79,,,fold_5
2025-08-04,2025-08-05,inside,True,19642896900,data/2025/8/4/20250804_00.zarr.zip,pass,79,,,fold_5
2025-08-05,2025-08-06,inside,True,19644625538,data/2025/8/5/20250805_00.zarr.zip,pass,79,,,fold_5
2025-08-06,2025-08-07,inside,True,19639401762,data/2025/8/6/20250806_00.zarr.zip,pass,79,,,fold_5
2025-08-07,2025-08-08,inside,True,19560472723,data/2025/8/7/20250807_00.zarr.zip,pass,79,,,fold_5
2025-08-08,2025-08-09,inside,True,19572089828,data/2025/8/8/20250808_00.zarr.zip,pass,79,,,fold_5
2025-08-09,2025-08-10,inside,True,19547826620,data/2025/8/9/20250809_00.zarr.zip,pass,79,,,fold_5
2025-08-10,2025-08-11,outside,True,19562482436,data/2025/8/10/20250810_00.zarr.zip,not_inventoried,,,,fold_5
2025-08-11,2025-08-12,outside,True,19503304733,data/2025/8/11/20250811_00.zarr.zip,not_inventoried,,,,fold_5
2025-08-12,2025-08-13,outside,True,19474785130,data/2025/8/12/20250812_00.zarr.zip,not_inventoried,,,,fold_5
2025-08-13,2025-08-14,outside,False,,,,,,,fold_5
2025-08-14,2025-08-15,outside,False,,,,,,,fold_5
2025-08-15,2025-08-16,outside,False,,,,,,,fold_5
2025-08-16,2025-08-17,outside,False,,,,,,,fold_5
2025-08-17,2025-08-18,outside,False,,,,,,,fold_5
2025-08-18,2025-08-19,outside,False,,,,,,,fold_5
2025-08-19,2025-08-20,outside,False,,,,,,,fold_5
2025-08-20,2025-08-21,outside,False,,,,,,,fold_5
2025-08-21,2025-08-22,outside,False,,,,,,,fold_5
2025-08-22,2025-08-23,outside,False,,,,,,,fold_5
2025-08-23,2025-08-24,outside,False,,,,,,,fold_5
2025-08-24,2025-08-25,outside,False,,,,,,,fold_5
2025-08-25,2025-08-26,outside,False,,,,,,,fold_5
2025-08-26,2025-08-27,outside,False,,,,,,,fold_5
2025-08-27,2025-08-28,outside,False,,,,,,,fold_5
2025-08-28,2025-08-29,outside,False,,,,,,,fold_5
2025-08-29,2025-08-30,outside,False,,,,,,,fold_5
2025-08-30,2025-08-31,outside,False,,,,,,,fold_5
2025-08-31,2025-09-01,outside,False,,,,,,,fold_5
2025-09-01,2025-09-02,outside,False,,,,,,,fold_5
2025-09-02,2025-09-03,outside,False,,,,,,,fold_5
2025-09-03,2025-09-04,outside,False,,,,,,,fold_5
2025-09-04,2025-09-05,outside,False,,,,,,,fold_5
2025-09-05,2025-09-06,outside,False,,,,,,,fold_5
2025-09-06,2025-09-07,outside,False,,,,,,,fold_5
2025-09-07,2025-09-08,outside,False,,,,,,,fold_5
2025-09-08,2025-09-09,outside,False,,,,,,,fold_5
2025-09-09,2025-09-10,outside,False,,,,,,,fold_5
2025-09-10,2025-09-11,outside,False,,,,,,,fold_5
2025-09-11,2025-09-12,outside,False,,,,,,,fold_5
2025-09-12,2025-09-13,outside,False,,,,,,,fold_5
2025-09-13,2025-09-14,outside,False,,,,,,,fold_5
2025-09-14,2025-09-15,outside,False,,,,,,,fold_5
2025-09-15,2025-09-16,outside,False,,,,,,,fold_5
2025-09-16,2025-09-17,outside,False,,,,,,,fold_5
2025-09-17,2025-09-18,outside,False,,,,,,,fold_5
2025-09-18,2025-09-19,outside,False,,,,,,,fold_5
2025-09-19,2025-09-20,outside,False,,,,,,,fold_5
2025-09-20,2025-09-21,outside,False,,,,,,,fold_5
2025-09-21,2025-09-22,outside,False,,,,,,,fold_5
2025-09-22,2025-09-23,outside,False,,,,,,,fold_5
2025-09-23,2025-09-24,outside,False,,,,,,,fold_5
2025-09-24,2025-09-25,outside,False,,,,,,,fold_5
2025-09-25,2025-09-26,outside,False,,,,,,,fold_5
2025-09-26,2025-09-27,outside,False,,,,,,,fold_5
2025-09-27,2025-09-28,outside,False,,,,,,,fold_5
2025-09-28,2025-09-29,outside,False,,,,,,,fold_5
2025-09-29,2025-09-30,outside,False,,,,,,,fold_5
2025-09-30,2025-10-01,outside,False,,,,,,,fold_5
2025-10-01,2025-10-02,outside,False,,,,,,,fold_5
2025-10-02,2025-10-03,outside,False,,,,,,,fold_5
2025-10-03,2025-10-04,outside,False,,,,,,,fold_5
2025-10-04,2025-10-05,outside,False,,,,,,,fold_5
2025-10-05,2025-10-06,outside,False,,,,,,,fold_5
2025-10-06,2025-10-07,outside,False,,,,,,,fold_5
2025-10-07,2025-10-08,outside,False,,,,,,,fold_5
2025-10-08,2025-10-09,outside,False,,,,,,,fold_5
2025-10-09,2025-10-10,outside,False,,,,,,,fold_5
2025-10-10,2025-10-11,outside,False,,,,,,,fold_5
2025-10-11,2025-10-12,outside,False,,,,,,,fold_5
2025-10-12,2025-10-13,outside,False,,,,,,,fold_5
2025-10-13,2025-10-14,outside,False,,,,,,,fold_5
2025-10-14,2025-10-15,outside,False,,,,,,,fold_5
2025-10-15,2025-10-16,outside,False,,,,,,,fold_5
2025-10-16,2025-10-17,outside,False,,,,,,,fold_5
2025-10-17,2025-10-18,outside,False,,,,,,,fold_5
2025-10-18,2025-10-19,outside,False,,,,,,,fold_5
2025-10-19,2025-10-20,outside,False,,,,,,,fold_5
2025-10-20,2025-10-21,outside,False,,,,,,,fold_5
2025-10-21,2025-10-22,outside,False,,,,,,,fold_5
2025-10-22,2025-10-23,outside,False,,,,,,,fold_5
2025-10-23,2025-10-24,outside,False,,,,,,,fold_5
2025-10-24,2025-10-25,outside,False,,,,,,,fold_5
2025-10-25,2025-10-26,outside,False,,,,,,,fold_5
2025-10-26,2025-10-27,outside,False,,,,,,,fold_5
2025-10-27,2025-10-28,outside,False,,,,,,,fold_5
2025-10-28,2025-10-29,outside,False,,,,,,,fold_5
2025-10-29,2025-10-30,outside,False,,,,,,,fold_5
2025-10-30,2025-10-31,outside,False,,,,,,,fold_5
2025-10-31,2025-11-01,outside,False,,,,,,,fold_5
2025-11-01,2025-11-02,outside,False,,,,,,,fold_5
2025-11-02,2025-11-03,outside,False,,,,,,,fold_5
2025-11-03,2025-11-04,outside,False,,,,,,,fold_5
2025-11-04,2025-11-05,outside,False,,,,,,,fold_5
2025-11-05,2025-11-06,outside,False,,,,,,,fold_5
2025-11-06,2025-11-07,outside,False,,,,,,,fold_5
2025-11-07,2025-11-08,outside,False,,,,,,,fold_5
2025-11-08,2025-11-09,outside,False,,,,,,,fold_5
2025-11-09,2025-11-10,outside,False,,,,,,,fold_5
2025-11-10,2025-11-11,outside,False,,,,,,,fold_5
2025-11-11,2025-11-12,outside,False,,,,,,,fold_5
2025-11-12,2025-11-13,outside,False,,,,,,,fold_5
2025-11-13,2025-11-14,outside,False,,,,,,,fold_5
2025-11-14,2025-11-15,outside,False,,,,,,,fold_5
2025-11-15,2025-11-16,outside,False,,,,,,,fold_5
2025-11-16,2025-11-17,outside,False,,,,,,,fold_5
2025-11-17,2025-11-18,outside,False,,,,,,,fold_5
2025-11-18,2025-11-19,outside,False,,,,,,,fold_5
2025-11-19,2025-11-20,outside,False,,,,,,,fold_5
2025-11-20,2025-11-21,outside,False,,,,,,,fold_5
2025-11-21,2025-11-22,outside,False,,,,,,,fold_5
2025-11-22,2025-11-23,outside,False,,,,,,,fold_5
2025-11-23,2025-11-24,outside,False,,,,,,,fold_5
2025-11-24,2025-11-25,outside,False,,,,,,,fold_5
2025-11-25,2025-11-26,outside,False,,,,,,,fold_5
2025-11-26,2025-11-27,outside,False,,,,,,,fold_5
2025-11-27,2025-11-28,outside,False,,,,,,,fold_5
2025-11-28,2025-11-29,outside,False,,,,,,,fold_5
2025-11-29,2025-11-30,outside,False,,,,,,,fold_5
2025-11-30,2025-12-01,outside,False,,,,,,,fold_5
2025-12-01,2025-12-02,outside,False,,,,,,,fold_5
2025-12-02,2025-12-03,outside,False,,,,,,,fold_5
2025-12-03,2025-12-04,outside,False,,,,,,,fold_5
2025-12-04,2025-12-05,outside,False,,,,,,,fold_5
2025-12-05,2025-12-06,outside,False,,,,,,,fold_5
2025-12-06,2025-12-07,outside,False,,,,,,,fold_5
2025-12-07,2025-12-08,outside,False,,,,,,,fold_5
2025-12-08,2025-12-09,outside,False,,,,,,,fold_5
2025-12-09,2025-12-10,outside,False,,,,,,,fold_5
2025-12-10,2025-12-11,outside,False,,,,,,,fold_5
2025-12-11,2025-12-12,outside,False,,,,,,,fold_5
2025-12-12,2025-12-13,outside,False,,,,,,,fold_5
2025-12-13,2025-12-14,outside,False,,,,,,,fold_5
2025-12-14,2025-12-15,outside,False,,,,,,,fold_5
2025-12-15,2025-12-16,outside,False,,,,,,,fold_5
2025-12-16,2025-12-17,outside,False,,,,,,,fold_5
2025-12-17,2025-12-18,outside,False,,,,,,,fold_5
2025-12-18,2025-12-19,outside,False,,,,,,,fold_5
2025-12-19,2025-12-20,outside,False,,,,,,,fold_5
2025-12-20,2025-12-21,outside,False,,,,,,,fold_5
2025-12-21,2025-12-22,outside,False,,,,,,,fold_5
2025-12-22,2025-12-23,outside,False,,,,,,,fold_5
2025-12-23,2025-12-24,outside,False,,,,,,,fold_5
2025-12-24,2025-12-25,outside,False,,,,,,,fold_5
2025-12-25,2025-12-26,outside,False,,,,,,,fold_5
2025-12-26,2025-12-27,outside,False,,,,,,,fold_5
2025-12-27,2025-12-28,outside,False,,,,,,,fold_5
2025-12-28,2025-12-29,outside,False,,,,,,,fold_5
2025-12-29,2025-12-30,outside,False,,,,,,,fold_5
2025-12-30,2025-12-31,outside,False,,,,,,,fold_5
2025-12-31,2026-01-01,outside,False,,,,,,,fold_5
2026-01-01,2026-01-02,outside,False,,,,,,,fold_5
2026-01-02,2026-01-03,outside,False,,,,,,,fold_5
2026-01-03,2026-01-04,outside,False,,,,,,,fold_5
2026-01-04,2026-01-05,outside,False,,,,,,,fold_5
2026-01-05,2026-01-06,outside,False,,,,,,,fold_5
2026-01-06,2026-01-07,outside,False,,,,,,,fold_5
2026-01-07,2026-01-08,outside,False,,,,,,,fold_5
2026-01-08,2026-01-09,outside,False,,,,,,,fold_5
2026-01-09,2026-01-10,outside,False,,,,,,,fold_5
2026-01-10,2026-01-11,outside,False,,,,,,,fold_5
2026-01-11,2026-01-12,outside,False,,,,,,,fold_5
2026-01-12,2026-01-13,outside,False,,,,,,,fold_5
2026-01-13,2026-01-14,outside,False,,,,,,,fold_5
2026-01-14,2026-01-15,outside,False,,,,,,,fold_5
2026-01-15,2026-01-16,outside,False,,,,,,,fold_5
2026-01-16,2026-01-17,outside,False,,,,,,,fold_5
2026-01-17,2026-01-18,outside,False,,,,,,,fold_5
2026-01-18,2026-01-19,outside,False,,,,,,,fold_5
2026-01-19,2026-01-20,outside,False,,,,,,,fold_5
2026-01-20,2026-01-21,outside,False,,,,,,,fold_5
2026-01-21,2026-01-22,outside,False,,,,,,,fold_5
2026-01-22,2026-01-23,outside,False,,,,,,,fold_5
2026-01-23,2026-01-24,outside,False,,,,,,,fold_5
2026-01-24,2026-01-25,outside,False,,,,,,,fold_5
2026-01-25,2026-01-26,outside,False,,,,,,,fold_5
2026-01-26,2026-01-27,outside,False,,,,,,,fold_5
2026-01-27,2026-01-28,outside,False,,,,,,,fold_5
2026-01-28,2026-01-29,outside,False,,,,,,,fold_5
2026-01-29,2026-01-30,outside,False,,,,,,,fold_5
2026-01-30,2026-01-31,outside,False,,,,,,,fold_5
2026-01-31,2026-02-01,outside,False,,,,,,,fold_5
2026-02-01,2026-02-02,outside,False,,,,,,,fold_5
2026-02-02,2026-02-03,outside,False,,,,,,,fold_5
2026-02-03,2026-02-04,outside,False,,,,,,,fold_5
2026-02-04,2026-02-05,outside,False,,,,,,,fold_5
2026-02-05,2026-02-06,outside,False,,,,,,,fold_5
2026-02-06,2026-02-07,outside,False,,,,,,,fold_5
2026-02-07,2026-02-08,outside,False,,,,,,,fold_5
2026-02-08,2026-02-09,outside,False,,,,,,,fold_5
2026-02-09,2026-02-10,outside,False,,,,,,,fold_5
2026-02-10,2026-02-11,outside,False,,,,,,,fold_5
2026-02-11,2026-02-12,outside,False,,,,,,,fold_5
2026-02-12,2026-02-13,outside,False,,,,,,,fold_5
2026-02-13,2026-02-14,outside,False,,,,,,,fold_5
2026-02-14,2026-02-15,outside,False,,,,,,,fold_5
2026-02-15,2026-02-16,outside,False,,,,,,,fold_5
2026-02-16,2026-02-17,outside,False,,,,,,,fold_5
2026-02-17,2026-02-18,outside,False,,,,,,,fold_5
2026-02-18,2026-02-19,outside,False,,,,,,,fold_5
2026-02-19,2026-02-20,outside,False,,,,,,,fold_5
2026-02-20,2026-02-21,outside,False,,,,,,,fold_5
2026-02-21,2026-02-22,outside,False,,,,,,,fold_5
2026-02-22,2026-02-23,outside,False,,,,,,,fold_5
2026-02-23,2026-02-24,outside,False,,,,,,,fold_5
2026-02-24,2026-02-25,outside,False,,,,,,,fold_5
2026-02-25,2026-02-26,outside,False,,,,,,,fold_5
2026-02-26,2026-02-27,outside,False,,,,,,,fold_5
2026-02-27,2026-02-28,outside,False,,,,,,,fold_5
2026-02-28,2026-03-01,outside,False,,,,,,,fold_5
2026-03-01,2026-03-02,outside,False,,,,,,,fold_5
2026-03-02,2026-03-03,outside,False,,,,,,,fold_5
2026-03-03,2026-03-04,outside,False,,,,,,,fold_5
2026-03-04,2026-03-05,outside,False,,,,,,,fold_5
2026-03-05,2026-03-06,outside,False,,,,,,,fold_5
2026-03-06,2026-03-07,outside,False,,,,,,,fold_5
2026-03-07,2026-03-08,outside,False,,,,,,,fold_5
2026-03-08,2026-03-09,outside,False,,,,,,,fold_5
2026-03-09,2026-03-10,outside,False,,,,,,,fold_5
2026-03-10,2026-03-11,outside,False,,,,,,,fold_5
2026-03-11,2026-03-12,outside,False,,,,,,,fold_5
2026-03-12,2026-03-13,outside,False,,,,,,,fold_5
2026-03-13,2026-03-14,outside,False,,,,,,,fold_5
2026-03-14,2026-03-15,outside,False,,,,,,,fold_5
2026-03-15,2026-03-16,outside,False,,,,,,,fold_5
2026-03-16,2026-03-17,outside,False,,,,,,,fold_5
2026-03-17,2026-03-18,outside,False,,,,,,,fold_5
2026-03-18,2026-03-19,outside,False,,,,,,,fold_5
2026-03-19,2026-03-20,outside,False,,,,,,,fold_5
2026-03-20,2026-03-21,outside,False,,,,,,,fold_5
2026-03-21,2026-03-22,outside,False,,,,,,,fold_5
2026-03-22,2026-03-23,outside,False,,,,,,,fold_5
2026-03-23,2026-03-24,outside,False,,,,,,,fold_5
2026-03-24,2026-03-25,outside,False,,,,,,,fold_5
2026-03-25,2026-03-26,outside,False,,,,,,,fold_5
2026-03-26,2026-03-27,outside,False,,,,,,,fold_5
2026-03-27,2026-03-28,outside,False,,,,,,,fold_5
2026-03-28,2026-03-29,outside,False,,,,,,,fold_5
2026-03-29,2026-03-30,outside,False,,,,,,,fold_5
2026-03-30,2026-03-31,outside,False,,,,,,,fold_5
2026-03-31,2026-04-01,outside,False,,,,,,,fold_5
2026-04-01,2026-04-02,outside,False,,,,,,,fold_5
2026-04-02,2026-04-03,outside,False,,,,,,,fold_5
2026-04-03,2026-04-04,outside,False,,,,,,,fold_5
2026-04-04,2026-04-05,outside,False,,,,,,,fold_5
2026-04-05,2026-04-06,outside,False,,,,,,,fold_5
2026-04-06,2026-04-07,outside,False,,,,,,,fold_5
