archive,fold,field,run_00z,phase,class,detail
ICON,fold_1,u10,2019-01-01,history,ARCHIVE_ABSENCE (outside archive span 2020-01-01..2025-08-09),
ICON,fold_1,u10,2019-01-02,history,ARCHIVE_ABSENCE (outside archive span 2020-01-01..2025-08-09),
ICON,fold_1,u10,2019-01-03,history,ARCHIVE_ABSENCE (outside archive span 2020-01-01..2025-08-09),
ICON,fold_1,u10,2019-01-04,history,ARCHIVE_ABSENCE (outside archive span 2020-01-01..2025-08-09),
ICON,fold_1,u10,2019-01-05,history,ARCHIVE_ABSENCE (outside archive span 2020-01-01..2025-08-09),
ICON,fold_1,u10,2019-01-06,history,ARCHIVE_ABSENCE (outside archive span 2020-01-01..2025-08-09),
ICON,fold_1,u10,2019-01-07,history,ARCHIVE_ABSENCE (outside archive span 2020-01-01..2025-08-09),
ICON,fold_1,u10,2019-01-08,history,ARCHIVE_ABSENCE (outside archive span 2020-01-01..2025-08-09),
ICON,fold_1,u10,2019-01-09,history,ARCHIVE_ABSENCE (outside archive span 2020-01-01..2025-08-09),
ICON,fold_1,u10,2019-01-10,history,ARCHIVE_ABSENCE (outside archive span 2020-01-01..2025-08-09),
ICON,fold_1,u10,2019-01-11,history,ARCHIVE_ABSENCE (outside archive span 2020-01-01..2025-08-09),
ICON,fold_1,u10,2019-01-12,history,ARCHIVE_ABSENCE (outside archive span 2020-01-01..2025-08-09),
ICON,fold_1,u10,2019-01-13,history,ARCHIVE_ABSENCE (outside archive span 2020-01-01..2025-08-09),
ICON,fold_1,u10,2019-01-14,history,ARCHIVE_ABSENCE (outside archive span 2020-01-01..2025-08-09),
ICON,fold_1,u10,2019-01-15,history,ARCHIVE_ABSENCE (outside archive span 2020-01-01..2025-08-09),
ICON,fold_1,u10,2019-01-16,history,ARCHIVE_ABSENCE (outside archive span 2020-01-01..2025-08-09),
ICON,fold_1,u10,2019-01-17,history,ARCHIVE_ABSENCE (outside archive span 2020-01-01..2025-08-09),
ICON,fold_1,u10,2019-01-18,history,ARCHIVE_ABSENCE (outside archive span 2020-01-01..2025-08-09),
ICON,fold_1,u10,2019-01-19,history,ARCHIVE_ABSENCE (outside archive span 2020-01-01..2025-08-09),
ICON,fold_1,u10,2019-01-20,history,ARCHIVE_ABSENCE (outside archive span 2020-01-01..2025-08-09),
ICON,fold_1,u10,2019-01-21,history,ARCHIVE_ABSENCE (outside archive span 2020-01-01..2025-08-09),
ICON,fold_1,u10,2019-01-22,history,ARCHIVE_ABSENCE (outside archive span 2020-01-01..2025-08-09),
ICON,fold_1,u10,2019-01-23,history,ARCHIVE_ABSENCE (outside archive span 2020-01-01..2025-08-09),
ICON,fold_1,u10,2019-01-24,history,ARCHIVE_ABSENCE (outside archive span 2020-01-01..2025-08-09),
ICON,fold_1,u10,2019-01-25,history,ARCHIVE_ABSENCE (outside archive span 2020-01-01..2025-08-09),
ICON,fold_1,u10,2019-01-26,history,ARCHIVE_ABSENCE (outside archive span 2020-01-01..2025-08-09),
ICON,fold_1,u10,2019-01-27,history,ARCHIVE_ABSENCE (outside archive span 2020-01-01..2025-08-09),
ICON,fold_1,u10,2019-01-28,history,ARCHIVE_ABSENCE (outside archive span 2020-01-01..2025-08-09),
ICON,fold_1,u10,2019-01-29,history,ARCHIVE_ABSENCE (outside archive span 2020-01-01..2025-08-09),
ICON,fold_1,u10,2019-01-30,history,ARCHIVE_ABSENCE (outside archive span 2020-01-01..2025-08-09),
ICON,fold_1,u10,2019-01-31,history,ARCHIVE_ABSENCE (outside archive span 2020-01-01..2025-08-09),
ICON,fold_1,u10,2019-02-01,history,ARCHIVE_ABSENCE (outside archive span 2020-01-01..2025-08-09),
ICON,fold_1,u10,2019-02-02,history,ARCHIVE_ABSENCE (outside archive span 2020-01-01..2025-08-09),
ICON,fold_1,u10,2019-02-03,history,ARCHIVE_ABSENCE (outside archive span 2020-01-01..2025-08-09),
ICON,fold_1,u10,2019-02-04,history,ARCHIVE_ABSENCE (outside archive span 2020-01-01..2025-08-09),
ICON,fold_1,u10,2019-02-05,history,ARCHIVE_ABSENCE (outside archive span 2020-01-01..2025-08-09),
ICON,fold_1,u10,2019-02-06,history,ARCHIVE_ABSENCE (outside archive span 2020-01-01..2025-08-09),
ICON,fold_1,u10,2019-02-07,history,ARCHIVE_ABSENCE (outside archive span 2020-01-01..2025-08-09),
ICON,fold_1,u10,2019-02-08,history,ARCHIVE_ABSENCE (outside archive span 2020-01-01..2025-08-09),
ICON,fold_1,u10,2019-02-09,history,ARCHIVE_ABSENCE (outside archive span 2020-01-01..2025-08-09),
ICON,fold_1,u10,2019-02-10,history,ARCHIVE_ABSENCE (outside archive span 2020-01-01..2025-08-09),
ICON,fold_1,u10,2019-02-11,history,ARCHIVE_ABSENCE (outside archive span 2020-01-01..2025-08-09),
ICON,fold_1,u10,2019-02-12,history,ARCHIVE_ABSENCE (outside archive span 2020-01-01..2025-08-09),
ICON,fold_1,u10,2019-02-13,history,ARCHIVE_ABSENCE (outside archive span 2020-01-01..2025-08-09),
ICON,fold_1,u10,2019-02-14,history,ARCHIVE_ABSENCE (outside archive span 2020-01-01..2025-08-09),
ICON,fold_1,u10,2019-02-15,history,ARCHIVE_ABSENCE (outside archive span 2020-01-01..2025-08-09),
ICON,fold_1,u10,2019-02-16,history,ARCHIVE_ABSENCE (outside archive span 2020-01-01..2025-08-09),
ICON,fold_1,u10,2019-02-17,history,ARCHIVE_ABSENCE (outside archive span 2020-01-01..2025-08-09),
ICON,fold_1,u10,2019-02-18,history,ARCHIVE_ABSENCE (outside archive span 2020-01-01..2025-08-09),
ICON,fold_1,u10,2019-02-19,history,ARCHIVE_ABSENCE (outside archive span 2020-01-01..2025-08-09),
ICON,fold_1,u10,2019-02-20,history,ARCHIVE_ABSENCE (outside archive span 2020-01-01..2025-08-09),
ICON,fold_1,u10,2019-02-21,history,ARCHIVE_ABSENCE (outside archive span 2020-01-01..2025-08-09),
ICON,fold_1,u10,2019-02-22,history,ARCHIVE_ABSENCE (outside archive span 2020-01-01..2025-08-09),
ICON,fold_1,u10,2019-02-23,history,ARCHIVE_ABSENCE (outside archive span 2020-01-01..2025-08-09),
ICON,fold_1,u10,2019-02-24,history,ARCHIVE_ABSENCE (outside archive span 2020-01-01..2025-08-09),
ICON,fold_1,u10,2019-02-25,history,ARCHIVE_ABSENCE (outside archive span 2020-01-01..2025-08-09),
ICON,fold_1,u10,2019-02-26,history,ARCHIVE_ABSENCE (outside archive span 2020-01-01..2025-08-09),
ICON,fold_1,u10,2019-02-27,history,ARCHIVE_ABSENCE (outside archive span 2020-01-01..2025-08-09),
ICON,fold_1,u10,2019-02-28,history,ARCHIVE_ABSENCE (outside archive span 2020-01-01..2025-08-09),
ICON,fold_1,u10,2019-03-01,history,ARCHIVE_ABSENCE (outside archive span 2020-01-01..2025-08-09),
ICON,fold_1,u10,2019-03-02,history,ARCHIVE_ABSENCE (outside archive span 2020-01-01..2025-08-09),
ICON,fold_1,u10,2019-03-03,history,ARCHIVE_ABSENCE (outside archive span 2020-01-01..2025-08-09),
ICON,fold_1,u10,2019-03-04,history,ARCHIVE_ABSENCE (outside archive span 2020-01-01..2025-08-09),
ICON,fold_1,u10,2019-03-05,history,ARCHIVE_ABSENCE (outside archive span 2020-01-01..2025-08-09),
ICON,fold_1,u10,2019-03-06,history,ARCHIVE_ABSENCE (outside archive span 2020-01-01..2025-08-09),
ICON,fold_1,u10,2019-03-07,history,ARCHIVE_ABSENCE (outside archive span 2020-01-01..2025-08-09),
ICON,fold_1,u10,2019-03-08,history,ARCHIVE_ABSENCE (outside archive span 2020-01-01..2025-08-09),
ICON,fold_1,u10,2019-03-09,history,ARCHIVE_ABSENCE (outside archive span 2020-01-01..2025-08-09),
ICON,fold_1,u10,2019-03-10,history,ARCHIVE_ABSENCE (outside archive span 2020-01-01..2025-08-09),
ICON,fold_1,u10,2019-03-11,history,ARCHIVE_ABSENCE (outside archive span 2020-01-01..2025-08-09),
ICON,fold_1,u10,2019-03-12,history,ARCHIVE_ABSENCE (outside archive span 2020-01-01..2025-08-09),
ICON,fold_1,u10,2019-03-13,history,ARCHIVE_ABSENCE (outside archive span 2020-01-01..2025-08-09),
ICON,fold_1,u10,2019-03-14,history,ARCHIVE_ABSENCE (outside archive span 2020-01-01..2025-08-09),
ICON,fold_1,u10,2019-03-15,history,ARCHIVE_ABSENCE (outside archive span 2020-01-01..2025-08-09),
ICON,fold_1,u10,2019-03-16,history,ARCHIVE_ABSENCE (outside archive span 2020-01-01..2025-08-09),
ICON,fold_1,u10,2019-03-17,history,ARCHIVE_ABSENCE (outside archive span 2020-01-01..2025-08-09),
ICON,fold_1,u10,2019-03-18,history,ARCHIVE_ABSENCE (outside archive span 2020-01-01..2025-08-09),
ICON,fold_1,u10,2019-03-19,history,ARCHIVE_ABSENCE (outside archive span 2020-01-01..2025-08-09),
ICON,fold_1,u10,2019-03-20,history,ARCHIVE_ABSENCE (outside archive span 2020-01-01..2025-08-09),
ICON,fold_1,u10,2019-03-21,history,ARCHIVE_ABSENCE (outside archive span 2020-01-01..2025-08-09),
ICON,fold_1,u10,2019-03-22,history,ARCHIVE_ABSENCE (outside archive span 2020-01-01..2025-08-09),
ICON,fold_1,u10,2019-03-23,history,ARCHIVE_ABSENCE (outside archive span 2020-01-01..2025-08-09),
ICON,fold_1,u10,2019-03-24,history,ARCHIVE_ABSENCE (outside archive span 2020-01-01..2025-08-09),
ICON,fold_1,u10,2019-03-25,history,ARCHIVE_ABSENCE (outside archive span 2020-01-01..2025-08-09),
ICON,fold_1,u10,2019-03-26,history,ARCHIVE_ABSENCE (outside archive span 2020-01-01..2025-08-09),
ICON,fold_1,u10,2019-03-27,history,ARCHIVE_ABSENCE (outside archive span 2020-01-01..2025-08-09),
ICON,fold_1,u10,2019-03-28,history,ARCHIVE_ABSENCE (outside archive span 2020-01-01..2025-08-09),
ICON,fold_1,u10,2019-03-29,history,ARCHIVE_ABSENCE (outside archive span 2020-01-01..2025-08-09),
ICON,fold_1,u10,2019-03-30,history,ARCHIVE_ABSENCE (outside archive span 2020-01-01..2025-08-09),
ICON,fold_1,u10,2019-03-31,history,ARCHIVE_ABSENCE (outside archive span 2020-01-01..2025-08-09),
ICON,fold_1,u10,2019-04-01,history,ARCHIVE_ABSENCE (outside archive span 2020-01-01..2025-08-09),
ICON,fold_1,u10,2019-04-02,history,ARCHIVE_ABSENCE (outside archive span 2020-01-01..2025-08-09),
ICON,fold_1,u10,2019-04-03,history,ARCHIVE_ABSENCE (outside archive span 2020-01-01..2025-08-09),
ICON,fold_1,u10,2019-04-04,history,ARCHIVE_ABSENCE (outside archive span 2020-01-01..2025-08-09),
ICON,fold_1,u10,2019-04-05,history,ARCHIVE_ABSENCE (outside archive span 2020-01-01..2025-08-09),
ICON,fold_1,u10,2019-04-06,history,ARCHIVE_ABSENCE (outside archive span 2020-01-01..2025-08-09),
ICON,fold_1,u10,2019-04-07,history,ARCHIVE_ABSENCE (outside archive span 2020-01-01..2025-08-09),
ICON,fold_1,u10,2019-04-08,history,ARCHIVE_ABSENCE (outside archive span 2020-01-01..2025-08-09),
ICON,fold_1,u10,2019-04-09,history,ARCHIVE_ABSENCE (outside archive span 2020-01-01..2025-08-09),
ICON,fold_1,u10,2019-04-10,history,ARCHIVE_ABSENCE (outside archive span 2020-01-01..2025-08-09),
ICON,fold_1,u10,2019-04-11,history,ARCHIVE_ABSENCE (outside archive span 2020-01-01..2025-08-09),
ICON,fold_1,u10,2019-04-12,history,ARCHIVE_ABSENCE (outside archive span 2020-01-01..2025-08-09),
ICON,fold_1,u10,2019-04-13,history,ARCHIVE_ABSENCE (outside archive span 2020-01-01..2025-08-09),
ICON,fold_1,u10,2019-04-14,history,ARCHIVE_ABSENCE (outside archive span 2020-01-01..2025-08-09),
ICON,fold_1,u10,2019-04-15,history,ARCHIVE_ABSENCE (outside archive span 2020-01-01..2025-08-09),
ICON,fold_1,u10,2019-04-16,history,ARCHIVE_ABSENCE (outside archive span 2020-01-01..2025-08-09),
ICON,fold_1,u10,2019-04-17,history,ARCHIVE_ABSENCE (outside archive span 2020-01-01..2025-08-09),
ICON,fold_1,u10,2019-04-18,history,ARCHIVE_ABSENCE (outside archive span 2020-01-01..2025-08-09),
ICON,fold_1,u10,2019-04-19,history,ARCHIVE_ABSENCE (outside archive span 2020-01-01..2025-08-09),
ICON,fold_1,u10,2019-04-20,history,ARCHIVE_ABSENCE (outside archive span 2020-01-01..2025-08-09),
ICON,fold_1,u10,2019-04-21,history,ARCHIVE_ABSENCE (outside archive span 2020-01-01..2025-08-09),
ICON,fold_1,u10,2019-04-22,history,ARCHIVE_ABSENCE (outside archive span 2020-01-01..2025-08-09),
ICON,fold_1,u10,2019-04-23,history,ARCHIVE_ABSENCE (outside archive span 2020-01-01..2025-08-09),
ICON,fold_1,u10,2019-04-24,history,ARCHIVE_ABSENCE (outside archive span 2020-01-01..2025-08-09),
ICON,fold_1,u10,2019-04-25,history,ARCHIVE_ABSENCE (outside archive span 2020-01-01..2025-08-09),
ICON,fold_1,u10,2019-04-26,history,ARCHIVE_ABSENCE (outside archive span 2020-01-01..2025-08-09),
ICON,fold_1,u10,2019-04-27,history,ARCHIVE_ABSENCE (outside archive span 2020-01-01..2025-08-09),
ICON,fold_1,u10,2019-04-28,history,ARCHIVE_ABSENCE (outside archive span 2020-01-01..2025-08-09),
ICON,fold_1,u10,2019-04-29,history,ARCHIVE_ABSENCE (outside archive span 2020-01-01..2025-08-09),
ICON,fold_1,u10,2019-04-30,history,ARCHIVE_ABSENCE (outside archive span 2020-01-01..2025-08-09),
ICON,fold_1,u10,2019-05-01,history,ARCHIVE_ABSENCE (outside archive span 2020-01-01..2025-08-09),
ICON,fold_1,u10,2019-05-02,history,ARCHIVE_ABSENCE (outside archive span 2020-01-01..2025-08-09),
ICON,fold_1,u10,2019-05-03,history,ARCHIVE_ABSENCE (outside archive span 2020-01-01..2025-08-09),
ICON,fold_1,u10,2019-05-04,history,ARCHIVE_ABSENCE (outside archive span 2020-01-01..2025-08-09),
ICON,fold_1,u10,2019-05-05,history,ARCHIVE_ABSENCE (outside archive span 2020-01-01..2025-08-09),
ICON,fold_1,u10,2019-05-06,history,ARCHIVE_ABSENCE (outside archive span 2020-01-01..2025-08-09),
ICON,fold_1,u10,2019-05-07,history,ARCHIVE_ABSENCE (outside archive span 2020-01-01..2025-08-09),
ICON,fold_1,u10,2019-05-08,history,ARCHIVE_ABSENCE (outside archive span 2020-01-01..2025-08-09),
ICON,fold_1,u10,2019-05-09,history,ARCHIVE_ABSENCE (outside archive span 2020-01-01..2025-08-09),
ICON,fold_1,u10,2019-05-10,history,ARCHIVE_ABSENCE (outside archive span 2020-01-01..2025-08-09),
ICON,fold_1,u10,2019-05-11,history,ARCHIVE_ABSENCE (outside archive span 2020-01-01..2025-08-09),
ICON,fold_1,u10,2019-05-12,history,ARCHIVE_ABSENCE (outside archive span 2020-01-01..2025-08-09),
ICON,fold_1,u10,2019-05-13,history,ARCHIVE_ABSENCE (outside archive span 2020-01-01..2025-08-09),
ICON,fold_1,u10,2019-05-14,history,ARCHIVE_ABSENCE (outside archive span 2020-01-01..2025-08-09),
ICON,fold_1,u10,2019-05-15,history,ARCHIVE_ABSENCE (outside archive span 2020-01-01..2025-08-09),
ICON,fold_1,u10,2019-05-16,history,ARCHIVE_ABSENCE (outside archive span 2020-01-01..2025-08-09),
ICON,fold_1,u10,2019-05-17,history,ARCHIVE_ABSENCE (outside archive span 2020-01-01..2025-08-09),
ICON,fold_1,u10,2019-05-18,history,ARCHIVE_ABSENCE (outside archive span 2020-01-01..2025-08-09),
ICON,fold_1,u10,2019-05-19,history,ARCHIVE_ABSENCE (outside archive span 2020-01-01..2025-08-09),
ICON,fold_1,u10,2019-05-20,history,ARCHIVE_ABSENCE (outside archive span 2020-01-01..2025-08-09),
ICON,fold_1,u10,2019-05-21,history,ARCHIVE_ABSENCE (outside archive span 2020-01-01..2025-08-09),
ICON,fold_1,u10,2019-05-22,history,ARCHIVE_ABSENCE (outside archive span 2020-01-01..2025-08-09),
ICON,fold_1,u10,2019-05-23,history,ARCHIVE_ABSENCE (outside archive span 2020-01-01..2025-08-09),
ICON,fold_1,u10,2019-05-24,history,ARCHIVE_ABSENCE (outside archive span 2020-01-01..2025-08-09),
ICON,fold_1,u10,2019-05-25,history,ARCHIVE_ABSENCE (outside archive span 2020-01-01..2025-08-09),
ICON,fold_1,u10,2019-05-26,history,ARCHIVE_ABSENCE (outside archive span 2020-01-01..2025-08-09),
ICON,fold_1,u10,2019-05-27,history,ARCHIVE_ABSENCE (outside archive span 2020-01-01..2025-08-09),
ICON,fold_1,u10,2019-05-28,history,ARCHIVE_ABSENCE (outside archive span 2020-01-01..2025-08-09),
ICON,fold_1,u10,2019-05-29,history,ARCHIVE_ABSENCE (outside archive span 2020-01-01..2025-08-09),
ICON,fold_1,u10,2019-05-30,history,ARCHIVE_ABSENCE (outside archive span 2020-01-01..2025-08-09),
ICON,fold_1,u10,2019-05-31,history,ARCHIVE_ABSENCE (outside archive span 2020-01-01..2025-08-09),
ICON,fold_1,u10,2019-06-01,history,ARCHIVE_ABSENCE (outside archive span 2020-01-01..2025-08-09),
ICON,fold_1,u10,2019-06-02,history,ARCHIVE_ABSENCE (outside archive span 2020-01-01..2025-08-09),
ICON,fold_1,u10,2019-06-03,history,ARCHIVE_ABSENCE (outside archive span 2020-01-01..2025-08-09),
ICON,fold_1,u10,2019-06-04,history,ARCHIVE_ABSENCE (outside archive span 2020-01-01..2025-08-09),
ICON,fold_1,u10,2019-06-05,history,ARCHIVE_ABSENCE (outside archive span 2020-01-01..2025-08-09),
ICON,fold_1,u10,2019-06-06,history,ARCHIVE_ABSENCE (outside archive span 2020-01-01..2025-08-09),
ICON,fold_1,u10,2019-06-07,history,ARCHIVE_ABSENCE (outside archive span 2020-01-01..2025-08-09),
ICON,fold_1,u10,2019-06-08,history,ARCHIVE_ABSENCE (outside archive span 2020-01-01..2025-08-09),
ICON,fold_1,u10,2019-06-09,history,ARCHIVE_ABSENCE (outside archive span 2020-01-01..2025-08-09),
ICON,fold_1,u10,2019-06-10,history,ARCHIVE_ABSENCE (outside archive span 2020-01-01..2025-08-09),
ICON,fold_1,u10,2019-06-11,history,ARCHIVE_ABSENCE (outside archive span 2020-01-01..2025-08-09),
ICON,fold_1,u10,2019-06-12,history,ARCHIVE_ABSENCE (outside archive span 2020-01-01..2025-08-09),
ICON,fold_1,u10,2019-06-13,history,ARCHIVE_ABSENCE (outside archive span 2020-01-01..2025-08-09),
ICON,fold_1,u10,2019-06-14,history,ARCHIVE_ABSENCE (outside archive span 2020-01-01..2025-08-09),
ICON,fold_1,u10,2019-06-15,history,ARCHIVE_ABSENCE (outside archive span 2020-01-01..2025-08-09),
ICON,fold_1,u10,2019-06-16,history,ARCHIVE_ABSENCE (outside archive span 2020-01-01..2025-08-09),
ICON,fold_1,u10,2019-06-17,history,ARCHIVE_ABSENCE (outside archive span 2020-01-01..2025-08-09),
ICON,fold_1,u10,2019-06-18,history,ARCHIVE_ABSENCE (outside archive span 2020-01-01..2025-08-09),
ICON,fold_1,u10,2019-06-19,history,ARCHIVE_ABSENCE (outside archive span 2020-01-01..2025-08-09),
ICON,fold_1,u10,2019-06-20,history,ARCHIVE_ABSENCE (outside archive span 2020-01-01..2025-08-09),
ICON,fold_1,u10,2019-06-21,history,ARCHIVE_ABSENCE (outside archive span 2020-01-01..2025-08-09),
ICON,fold_1,u10,2019-06-22,history,ARCHIVE_ABSENCE (outside archive span 2020-01-01..2025-08-09),
ICON,fold_1,u10,2019-06-23,history,ARCHIVE_ABSENCE (outside archive span 2020-01-01..2025-08-09),
ICON,fold_1,u10,2019-06-24,history,ARCHIVE_ABSENCE (outside archive span 2020-01-01..2025-08-09),
ICON,fold_1,u10,2019-06-25,history,ARCHIVE_ABSENCE (outside archive span 2020-01-01..2025-08-09),
ICON,fold_1,u10,2019-06-26,history,ARCHIVE_ABSENCE (outside archive span 2020-01-01..2025-08-09),
ICON,fold_1,u10,2019-06-27,history,ARCHIVE_ABSENCE (outside archive span 2020-01-01..2025-08-09),
ICON,fold_1,u10,2019-06-28,history,ARCHIVE_ABSENCE (outside archive span 2020-01-01..2025-08-09),
ICON,fold_1,u10,2019-06-29,history,ARCHIVE_ABSENCE (outside archive span 2020-01-01..2025-08-09),
ICON,fold_1,u10,2019-06-30,history,ARCHIVE_ABSENCE (outside archive span 2020-01-01..2025-08-09),
ICON,fold_1,u10,2019-07-01,history,ARCHIVE_ABSENCE (outside archive span 2020-01-01..2025-08-09),
ICON,fold_1,u10,2019-07-02,history,ARCHIVE_ABSENCE (outside archive span 2020-01-01..2025-08-09),
ICON,fold_1,u10,2019-07-03,history,ARCHIVE_ABSENCE (outside archive span 2020-01-01..2025-08-09),
ICON,fold_1,u10,2019-07-04,history,ARCHIVE_ABSENCE (outside archive span 2020-01-01..2025-08-09),
ICON,fold_1,u10,2019-07-05,history,ARCHIVE_ABSENCE (outside archive span 2020-01-01..2025-08-09),
ICON,fold_1,u10,2019-07-06,history,ARCHIVE_ABSENCE (outside archive span 2020-01-01..2025-08-09),
ICON,fold_1,u10,2019-07-07,history,ARCHIVE_ABSENCE (outside archive span 2020-01-01..2025-08-09),
ICON,fold_1,u10,2019-07-08,history,ARCHIVE_ABSENCE (outside archive span 2020-01-01..2025-08-09),
ICON,fold_1,u10,2019-07-09,history,ARCHIVE_ABSENCE (outside archive span 2020-01-01..2025-08-09),
ICON,fold_1,u10,2019-07-10,history,ARCHIVE_ABSENCE (outside archive span 2020-01-01..2025-08-09),
ICON,fold_1,u10,2019-07-11,history,ARCHIVE_ABSENCE (outside archive span 2020-01-01..2025-08-09),
ICON,fold_1,u10,2019-07-12,history,ARCHIVE_ABSENCE (outside archive span 2020-01-01..2025-08-09),
ICON,fold_1,u10,2019-07-13,history,ARCHIVE_ABSENCE (outside archive span 2020-01-01..2025-08-09),
ICON,fold_1,u10,2019-07-14,history,ARCHIVE_ABSENCE (outside archive span 2020-01-01..2025-08-09),
ICON,fold_1,u10,2019-07-15,history,ARCHIVE_ABSENCE (outside archive span 2020-01-01..2025-08-09),
ICON,fold_1,u10,2019-07-16,history,ARCHIVE_ABSENCE (outside archive span 2020-01-01..2025-08-09),
ICON,fold_1,u10,2019-07-17,history,ARCHIVE_ABSENCE (outside archive span 2020-01-01..2025-08-09),
ICON,fold_1,u10,2019-07-18,history,ARCHIVE_ABSENCE (outside archive span 2020-01-01..2025-08-09),
ICON,fold_1,u10,2019-07-19,history,ARCHIVE_ABSENCE (outside archive span 2020-01-01..2025-08-09),
ICON,fold_1,u10,2019-07-20,history,ARCHIVE_ABSENCE (outside archive span 2020-01-01..2025-08-09),
ICON,fold_1,u10,2019-07-21,history,ARCHIVE_ABSENCE (outside archive span 2020-01-01..2025-08-09),
ICON,fold_1,u10,2019-07-22,history,ARCHIVE_ABSENCE (outside archive span 2020-01-01..2025-08-09),
ICON,fold_1,u10,2019-07-23,history,ARCHIVE_ABSENCE (outside archive span 2020-01-01..2025-08-09),
ICON,fold_1,u10,2019-07-24,history,ARCHIVE_ABSENCE (outside archive span 2020-01-01..2025-08-09),
ICON,fold_1,u10,2019-07-25,history,ARCHIVE_ABSENCE (outside archive span 2020-01-01..2025-08-09),
ICON,fold_1,u10,2019-07-26,history,ARCHIVE_ABSENCE (outside archive span 2020-01-01..2025-08-09),
ICON,fold_1,u10,2019-07-27,history,ARCHIVE_ABSENCE (outside archive span 2020-01-01..2025-08-09),
ICON,fold_1,u10,2019-07-28,history,ARCHIVE_ABSENCE (outside archive span 2020-01-01..2025-08-09),
ICON,fold_1,u10,2019-07-29,history,ARCHIVE_ABSENCE (outside archive span 2020-01-01..2025-08-09),
ICON,fold_1,u10,2019-07-30,history,ARCHIVE_ABSENCE (outside archive span 2020-01-01..2025-08-09),
ICON,fold_1,u10,2019-07-31,history,ARCHIVE_ABSENCE (outside archive span 2020-01-01..2025-08-09),
ICON,fold_1,u10,2019-08-01,history,ARCHIVE_ABSENCE (outside archive span 2020-01-01..2025-08-09),
ICON,fold_1,u10,2019-08-02,history,ARCHIVE_ABSENCE (outside archive span 2020-01-01..2025-08-09),
ICON,fold_1,u10,2019-08-03,history,ARCHIVE_ABSENCE (outside archive span 2020-01-01..2025-08-09),
ICON,fold_1,u10,2019-08-04,history,ARCHIVE_ABSENCE (outside archive span 2020-01-01..2025-08-09),
ICON,fold_1,u10,2019-08-05,history,ARCHIVE_ABSENCE (outside archive span 2020-01-01..2025-08-09),
ICON,fold_1,u10,2019-08-06,history,ARCHIVE_ABSENCE (outside archive span 2020-01-01..2025-08-09),
ICON,fold_1,u10,2019-08-07,history,ARCHIVE_ABSENCE (outside archive span 2020-01-01..2025-08-09),
ICON,fold_1,u10,2019-08-08,history,ARCHIVE_ABSENCE (outside archive span 2020-01-01..2025-08-09),
ICON,fold_1,u10,2019-08-09,history,ARCHIVE_ABSENCE (outside archive span 2020-01-01..2025-08-09),
ICON,fold_1,u10,2019-08-10,history,ARCHIVE_ABSENCE (outside archive span 2020-01-01..2025-08-09),
ICON,fold_1,u10,2019-08-11,history,ARCHIVE_ABSENCE (outside archive span 2020-01-01..2025-08-09),
ICON,fold_1,u10,2019-08-12,history,ARCHIVE_ABSENCE (outside archive span 2020-01-01..2025-08-09),
ICON,fold_1,u10,2019-08-13,history,ARCHIVE_ABSENCE (outside archive span 2020-01-01..2025-08-09),
ICON,fold_1,u10,2019-08-14,history,ARCHIVE_ABSENCE (outside archive span 2020-01-01..2025-08-09),
ICON,fold_1,u10,2019-08-15,history,ARCHIVE_ABSENCE (outside archive span 2020-01-01..2025-08-09),
ICON,fold_1,u10,2019-08-16,history,ARCHIVE_ABSENCE (outside archive span 2020-01-01..2025-08-09),
ICON,fold_1,u10,2019-08-17,history,ARCHIVE_ABSENCE (outside archive span 2020-01-01..2025-08-09),
ICON,fold_1,u10,2019-08-18,history,ARCHIVE_ABSENCE (outside archive span 2020-01-01..2025-08-09),
ICON,fold_1,u10,2019-08-19,history,ARCHIVE_ABSENCE (outside archive span 2020-01-01..2025-08-09),
ICON,fold_1,u10,2019-08-20,history,ARCHIVE_ABSENCE (outside archive span 2020-01-01..2025-08-09),
ICON,fold_1,u10,2019-08-21,history,ARCHIVE_ABSENCE (outside archive span 2020-01-01..2025-08-09),
ICON,fold_1,u10,2019-08-22,history,ARCHIVE_ABSENCE (outside archive span 2020-01-01..2025-08-09),
ICON,fold_1,u10,2019-08-23,history,ARCHIVE_ABSENCE (outside archive span 2020-01-01..2025-08-09),
ICON,fold_1,u10,2019-08-24,history,ARCHIVE_ABSENCE (outside archive span 2020-01-01..2025-08-09),
ICON,fold_1,u10,2019-08-25,history,ARCHIVE_ABSENCE (outside archive span 2020-01-01..2025-08-09),
ICON,fold_1,u10,2019-08-26,history,ARCHIVE_ABSENCE (outside archive span 2020-01-01..2025-08-09),
ICON,fold_1,u10,2019-08-27,history,ARCHIVE_ABSENCE (outside archive span 2020-01-01..2025-08-09),
ICON,fold_1,u10,2019-08-28,history,ARCHIVE_ABSENCE (outside archive span 2020-01-01..2025-08-09),
ICON,fold_1,u10,2019-08-29,history,ARCHIVE_ABSENCE (outside archive span 2020-01-01..2025-08-09),
ICON,fold_1,u10,2019-08-30,history,ARCHIVE_ABSENCE (outside archive span 2020-01-01..2025-08-09),
ICON,fold_1,u10,2019-08-31,history,ARCHIVE_ABSENCE (outside archive span 2020-01-01..2025-08-09),
ICON,fold_1,u10,2019-09-01,history,ARCHIVE_ABSENCE (outside archive span 2020-01-01..2025-08-09),
ICON,fold_1,u10,2019-09-02,history,ARCHIVE_ABSENCE (outside archive span 2020-01-01..2025-08-09),
ICON,fold_1,u10,2019-09-03,history,ARCHIVE_ABSENCE (outside archive span 2020-01-01..2025-08-09),
ICON,fold_1,u10,2019-09-04,history,ARCHIVE_ABSENCE (outside archive span 2020-01-01..2025-08-09),
ICON,fold_1,u10,2019-09-05,history,ARCHIVE_ABSENCE (outside archive span 2020-01-01..2025-08-09),
ICON,fold_1,u10,2019-09-06,history,ARCHIVE_ABSENCE (outside archive span 2020-01-01..2025-08-09),
ICON,fold_1,u10,2019-09-07,history,ARCHIVE_ABSENCE (outside archive span 2020-01-01..2025-08-09),
ICON,fold_1,u10,2019-09-08,history,ARCHIVE_ABSENCE (outside archive span 2020-01-01..2025-08-09),
ICON,fold_1,u10,2019-09-09,history,ARCHIVE_ABSENCE (outside archive span 2020-01-01..2025-08-09),
ICON,fold_1,u10,2019-09-10,history,ARCHIVE_ABSENCE (outside archive span 2020-01-01..2025-08-09),
ICON,fold_1,u10,2019-09-11,history,ARCHIVE_ABSENCE (outside archive span 2020-01-01..2025-08-09),
ICON,fold_1,u10,2019-09-12,history,ARCHIVE_ABSENCE (outside archive span 2020-01-01..2025-08-09),
ICON,fold_1,u10,2019-09-13,history,ARCHIVE_ABSENCE (outside archive span 2020-01-01..2025-08-09),
ICON,fold_1,u10,2019-09-14,history,ARCHIVE_ABSENCE (outside archive span 2020-01-01..2025-08-09),
ICON,fold_1,u10,2019-09-15,history,ARCHIVE_ABSENCE (outside archive span 2020-01-01..2025-08-09),
ICON,fold_1,u10,2019-09-16,history,ARCHIVE_ABSENCE (outside archive span 2020-01-01..2025-08-09),
ICON,fold_1,u10,2019-09-17,history,ARCHIVE_ABSENCE (outside archive span 2020-01-01..2025-08-09),
ICON,fold_1,u10,2019-09-18,history,ARCHIVE_ABSENCE (outside archive span 2020-01-01..2025-08-09),
ICON,fold_1,u10,2019-09-19,history,ARCHIVE_ABSENCE (outside archive span 2020-01-01..2025-08-09),
ICON,fold_1,u10,2019-09-20,history,ARCHIVE_ABSENCE (outside archive span 2020-01-01..2025-08-09),
ICON,fold_1,u10,2019-09-21,history,ARCHIVE_ABSENCE (outside archive span 2020-01-01..2025-08-09),
ICON,fold_1,u10,2019-09-22,history,ARCHIVE_ABSENCE (outside archive span 2020-01-01..2025-08-09),
ICON,fold_1,u10,2019-09-23,history,ARCHIVE_ABSENCE (outside archive span 2020-01-01..2025-08-09),
ICON,fold_1,u10,2019-09-24,history,ARCHIVE_ABSENCE (outside archive span 2020-01-01..2025-08-09),
ICON,fold_1,u10,2019-09-25,history,ARCHIVE_ABSENCE (outside archive span 2020-01-01..2025-08-09),
ICON,fold_1,u10,2019-09-26,history,ARCHIVE_ABSENCE (outside archive span 2020-01-01..2025-08-09),
ICON,fold_1,u10,2019-09-27,history,ARCHIVE_ABSENCE (outside archive span 2020-01-01..2025-08-09),
ICON,fold_1,u10,2019-09-28,history,ARCHIVE_ABSENCE (outside archive span 2020-01-01..2025-08-09),
ICON,fold_1,u10,2019-09-29,history,ARCHIVE_ABSENCE (outside archive span 2020-01-01..2025-08-09),
ICON,fold_1,u10,2019-09-30,history,ARCHIVE_ABSENCE (outside archive span 2020-01-01..2025-08-09),
ICON,fold_1,u10,2019-10-01,history,ARCHIVE_ABSENCE (outside archive span 2020-01-01..2025-08-09),
ICON,fold_1,u10,2019-10-02,history,ARCHIVE_ABSENCE (outside archive span 2020-01-01..2025-08-09),
ICON,fold_1,u10,2019-10-03,history,ARCHIVE_ABSENCE (outside archive span 2020-01-01..2025-08-09),
ICON,fold_1,u10,2019-10-04,history,ARCHIVE_ABSENCE (outside archive span 2020-01-01..2025-08-09),
ICON,fold_1,u10,2019-10-05,history,ARCHIVE_ABSENCE (outside archive span 2020-01-01..2025-08-09),
ICON,fold_1,u10,2019-10-06,history,ARCHIVE_ABSENCE (outside archive span 2020-01-01..2025-08-09),
ICON,fold_1,u10,2019-10-07,history,ARCHIVE_ABSENCE (outside archive span 2020-01-01..2025-08-09),
ICON,fold_1,u10,2019-10-08,history,ARCHIVE_ABSENCE (outside archive span 2020-01-01..2025-08-09),
ICON,fold_1,u10,2019-10-09,history,ARCHIVE_ABSENCE (outside archive span 2020-01-01..2025-08-09),
ICON,fold_1,u10,2019-10-10,history,ARCHIVE_ABSENCE (outside archive span 2020-01-01..2025-08-09),
ICON,fold_1,u10,2019-10-11,history,ARCHIVE_ABSENCE (outside archive span 2020-01-01..2025-08-09),
ICON,fold_1,u10,2019-10-12,history,ARCHIVE_ABSENCE (outside archive span 2020-01-01..2025-08-09),
ICON,fold_1,u10,2019-10-13,history,ARCHIVE_ABSENCE (outside archive span 2020-01-01..2025-08-09),
ICON,fold_1,u10,2019-10-14,history,ARCHIVE_ABSENCE (outside archive span 2020-01-01..2025-08-09),
ICON,fold_1,u10,2019-10-15,history,ARCHIVE_ABSENCE (outside archive span 2020-01-01..2025-08-09),
ICON,fold_1,u10,2019-10-16,history,ARCHIVE_ABSENCE (outside archive span 2020-01-01..2025-08-09),
ICON,fold_1,u10,2019-10-17,history,ARCHIVE_ABSENCE (outside archive span 2020-01-01..2025-08-09),
ICON,fold_1,u10,2019-10-18,history,ARCHIVE_ABSENCE (outside archive span 2020-01-01..2025-08-09),
ICON,fold_1,u10,2019-10-19,history,ARCHIVE_ABSENCE (outside archive span 2020-01-01..2025-08-09),
ICON,fold_1,u10,2019-10-20,history,ARCHIVE_ABSENCE (outside archive span 2020-01-01..2025-08-09),
ICON,fold_1,u10,2019-10-21,history,ARCHIVE_ABSENCE (outside archive span 2020-01-01..2025-08-09),
ICON,fold_1,u10,2019-10-22,history,ARCHIVE_ABSENCE (outside archive span 2020-01-01..2025-08-09),
ICON,fold_1,u10,2019-10-23,history,ARCHIVE_ABSENCE (outside archive span 2020-01-01..2025-08-09),
ICON,fold_1,u10,2019-10-24,history,ARCHIVE_ABSENCE (outside archive span 2020-01-01..2025-08-09),
ICON,fold_1,u10,2019-10-25,history,ARCHIVE_ABSENCE (outside archive span 2020-01-01..2025-08-09),
ICON,fold_1,u10,2019-10-26,history,ARCHIVE_ABSENCE (outside archive span 2020-01-01..2025-08-09),
ICON,fold_1,u10,2019-10-27,history,ARCHIVE_ABSENCE (outside archive span 2020-01-01..2025-08-09),
ICON,fold_1,u10,2019-10-28,history,ARCHIVE_ABSENCE (outside archive span 2020-01-01..2025-08-09),
ICON,fold_1,u10,2019-10-29,history,ARCHIVE_ABSENCE (outside archive span 2020-01-01..2025-08-09),
ICON,fold_1,u10,2019-10-30,history,ARCHIVE_ABSENCE (outside archive span 2020-01-01..2025-08-09),
ICON,fold_1,u10,2019-10-31,history,ARCHIVE_ABSENCE (outside archive span 2020-01-01..2025-08-09),
ICON,fold_1,u10,2019-11-01,history,ARCHIVE_ABSENCE (outside archive span 2020-01-01..2025-08-09),
ICON,fold_1,u10,2019-11-02,history,ARCHIVE_ABSENCE (outside archive span 2020-01-01..2025-08-09),
ICON,fold_1,u10,2019-11-03,history,ARCHIVE_ABSENCE (outside archive span 2020-01-01..2025-08-09),
ICON,fold_1,u10,2019-11-04,history,ARCHIVE_ABSENCE (outside archive span 2020-01-01..2025-08-09),
ICON,fold_1,u10,2019-11-05,history,ARCHIVE_ABSENCE (outside archive span 2020-01-01..2025-08-09),
ICON,fold_1,u10,2019-11-06,history,ARCHIVE_ABSENCE (outside archive span 2020-01-01..2025-08-09),
ICON,fold_1,u10,2019-11-07,history,ARCHIVE_ABSENCE (outside archive span 2020-01-01..2025-08-09),
ICON,fold_1,u10,2019-11-08,history,ARCHIVE_ABSENCE (outside archive span 2020-01-01..2025-08-09),
ICON,fold_1,u10,2019-11-09,history,ARCHIVE_ABSENCE (outside archive span 2020-01-01..2025-08-09),
ICON,fold_1,u10,2019-11-10,history,ARCHIVE_ABSENCE (outside archive span 2020-01-01..2025-08-09),
ICON,fold_1,u10,2019-11-11,history,ARCHIVE_ABSENCE (outside archive span 2020-01-01..2025-08-09),
ICON,fold_1,u10,2019-11-12,history,ARCHIVE_ABSENCE (outside archive span 2020-01-01..2025-08-09),
ICON,fold_1,u10,2019-11-13,history,ARCHIVE_ABSENCE (outside archive span 2020-01-01..2025-08-09),
ICON,fold_1,u10,2019-11-14,history,ARCHIVE_ABSENCE (outside archive span 2020-01-01..2025-08-09),
ICON,fold_1,u10,2019-11-15,history,ARCHIVE_ABSENCE (outside archive span 2020-01-01..2025-08-09),
ICON,fold_1,u10,2019-11-16,history,ARCHIVE_ABSENCE (outside archive span 2020-01-01..2025-08-09),
ICON,fold_1,u10,2019-11-17,history,ARCHIVE_ABSENCE (outside archive span 2020-01-01..2025-08-09),
ICON,fold_1,u10,2019-11-18,history,ARCHIVE_ABSENCE (outside archive span 2020-01-01..2025-08-09),
ICON,fold_1,u10,2019-11-19,history,ARCHIVE_ABSENCE (outside archive span 2020-01-01..2025-08-09),
ICON,fold_1,u10,2019-11-20,history,ARCHIVE_ABSENCE (outside archive span 2020-01-01..2025-08-09),
ICON,fold_1,u10,2019-11-21,history,ARCHIVE_ABSENCE (outside archive span 2020-01-01..2025-08-09),
ICON,fold_1,u10,2019-11-22,history,ARCHIVE_ABSENCE (outside archive span 2020-01-01..2025-08-09),
ICON,fold_1,u10,2019-11-23,history,ARCHIVE_ABSENCE (outside archive span 2020-01-01..2025-08-09),
ICON,fold_1,u10,2019-11-24,history,ARCHIVE_ABSENCE (outside archive span 2020-01-01..2025-08-09),
ICON,fold_1,u10,2019-11-25,history,ARCHIVE_ABSENCE (outside archive span 2020-01-01..2025-08-09),
ICON,fold_1,u10,2019-11-26,history,ARCHIVE_ABSENCE (outside archive span 2020-01-01..2025-08-09),
ICON,fold_1,u10,2019-11-27,history,ARCHIVE_ABSENCE (outside archive span 2020-01-01..2025-08-09),
ICON,fold_1,u10,2019-11-28,history,ARCHIVE_ABSENCE (outside archive span 2020-01-01..2025-08-09),
ICON,fold_1,u10,2019-11-29,history,ARCHIVE_ABSENCE (outside archive span 2020-01-01..2025-08-09),
ICON,fold_1,u10,2019-11-30,history,ARCHIVE_ABSENCE (outside archive span 2020-01-01..2025-08-09),
ICON,fold_1,u10,2019-12-01,history,ARCHIVE_ABSENCE (outside archive span 2020-01-01..2025-08-09),
ICON,fold_1,u10,2019-12-02,history,ARCHIVE_ABSENCE (outside archive span 2020-01-01..2025-08-09),
ICON,fold_1,u10,2019-12-03,history,ARCHIVE_ABSENCE (outside archive span 2020-01-01..2025-08-09),
ICON,fold_1,u10,2019-12-04,history,ARCHIVE_ABSENCE (outside archive span 2020-01-01..2025-08-09),
ICON,fold_1,u10,2019-12-05,history,ARCHIVE_ABSENCE (outside archive span 2020-01-01..2025-08-09),
ICON,fold_1,u10,2019-12-06,history,ARCHIVE_ABSENCE (outside archive span 2020-01-01..2025-08-09),
ICON,fold_1,u10,2019-12-07,history,ARCHIVE_ABSENCE (outside archive span 2020-01-01..2025-08-09),
ICON,fold_1,u10,2019-12-08,history,ARCHIVE_ABSENCE (outside archive span 2020-01-01..2025-08-09),
ICON,fold_1,u10,2019-12-09,history,ARCHIVE_ABSENCE (outside archive span 2020-01-01..2025-08-09),
ICON,fold_1,u10,2019-12-10,history,ARCHIVE_ABSENCE (outside archive span 2020-01-01..2025-08-09),
ICON,fold_1,u10,2019-12-11,history,ARCHIVE_ABSENCE (outside archive span 2020-01-01..2025-08-09),
ICON,fold_1,u10,2019-12-12,history,ARCHIVE_ABSENCE (outside archive span 2020-01-01..2025-08-09),
ICON,fold_1,u10,2019-12-13,history,ARCHIVE_ABSENCE (outside archive span 2020-01-01..2025-08-09),
ICON,fold_1,u10,2019-12-14,history,ARCHIVE_ABSENCE (outside archive span 2020-01-01..2025-08-09),
ICON,fold_1,u10,2019-12-15,history,ARCHIVE_ABSENCE (outside archive span 2020-01-01..2025-08-09),
ICON,fold_1,u10,2019-12-16,history,ARCHIVE_ABSENCE (outside archive span 2020-01-01..2025-08-09),
ICON,fold_1,u10,2019-12-17,history,ARCHIVE_ABSENCE (outside archive span 2020-01-01..2025-08-09),
ICON,fold_1,u10,2019-12-18,history,ARCHIVE_ABSENCE (outside archive span 2020-01-01..2025-08-09),
ICON,fold_1,u10,2019-12-19,history,ARCHIVE_ABSENCE (outside archive span 2020-01-01..2025-08-09),
ICON,fold_1,u10,2019-12-20,history,ARCHIVE_ABSENCE (outside archive span 2020-01-01..2025-08-09),
ICON,fold_1,u10,2019-12-21,history,ARCHIVE_ABSENCE (outside archive span 2020-01-01..2025-08-09),
ICON,fold_1,u10,2019-12-22,history,ARCHIVE_ABSENCE (outside archive span 2020-01-01..2025-08-09),
ICON,fold_1,u10,2019-12-23,history,ARCHIVE_ABSENCE (outside archive span 2020-01-01..2025-08-09),
ICON,fold_1,u10,2019-12-24,history,ARCHIVE_ABSENCE (outside archive span 2020-01-01..2025-08-09),
ICON,fold_1,u10,2019-12-25,history,ARCHIVE_ABSENCE (outside archive span 2020-01-01..2025-08-09),
ICON,fold_1,u10,2019-12-26,history,ARCHIVE_ABSENCE (outside archive span 2020-01-01..2025-08-09),
ICON,fold_1,u10,2019-12-27,history,ARCHIVE_ABSENCE (outside archive span 2020-01-01..2025-08-09),
ICON,fold_1,u10,2019-12-28,history,ARCHIVE_ABSENCE (outside archive span 2020-01-01..2025-08-09),
ICON,fold_1,u10,2019-12-29,history,ARCHIVE_ABSENCE (outside archive span 2020-01-01..2025-08-09),
ICON,fold_1,u10,2019-12-30,history,ARCHIVE_ABSENCE (outside archive span 2020-01-01..2025-08-09),
ICON,fold_1,u10,2019-12-31,history,ARCHIVE_ABSENCE (outside archive span 2020-01-01..2025-08-09),
ICON,fold_1,u10,2020-02-01,history,ARCHIVE_ABSENCE (run file absent),
ICON,fold_1,u10,2020-02-13,history,FIELD_INCOMPLETE (u_10m/.zarray;v_10m/.zarray),
ICON,fold_1,u10,2020-04-03,history,ARCHIVE_ABSENCE (run file absent),
ICON,fold_1,u10,2020-04-07,history,ARCHIVE_ABSENCE (run file absent),
ICON,fold_1,u10,2020-06-01,warmup,ARCHIVE_ABSENCE (run file absent),
ICON,fold_1,u10,2020-06-05,warmup,ARCHIVE_ABSENCE (run file absent),
ICON,fold_1,u10,2020-06-25,warmup,ARCHIVE_ABSENCE (run file absent),
ICON,fold_1,u10,2020-07-03,evaluation,ARCHIVE_ABSENCE (run file absent),
ICON,fold_1,u10,2020-07-13,evaluation,ARCHIVE_ABSENCE (run file absent),
ICON,fold_1,u10,2020-07-14,evaluation,ARCHIVE_ABSENCE (run file absent),
ICON,fold_1,u10,2020-07-26,evaluation,ARCHIVE_ABSENCE (run file absent),
ICON,fold_1,v10,2019-01-01,history,ARCHIVE_ABSENCE (outside archive span 2020-01-01..2025-08-09),
ICON,fold_1,v10,2019-01-02,history,ARCHIVE_ABSENCE (outside archive span 2020-01-01..2025-08-09),
ICON,fold_1,v10,2019-01-03,history,ARCHIVE_ABSENCE (outside archive span 2020-01-01..2025-08-09),
ICON,fold_1,v10,2019-01-04,history,ARCHIVE_ABSENCE (outside archive span 2020-01-01..2025-08-09),
ICON,fold_1,v10,2019-01-05,history,ARCHIVE_ABSENCE (outside archive span 2020-01-01..2025-08-09),
ICON,fold_1,v10,2019-01-06,history,ARCHIVE_ABSENCE (outside archive span 2020-01-01..2025-08-09),
ICON,fold_1,v10,2019-01-07,history,ARCHIVE_ABSENCE (outside archive span 2020-01-01..2025-08-09),
ICON,fold_1,v10,2019-01-08,history,ARCHIVE_ABSENCE (outside archive span 2020-01-01..2025-08-09),
ICON,fold_1,v10,2019-01-09,history,ARCHIVE_ABSENCE (outside archive span 2020-01-01..2025-08-09),
ICON,fold_1,v10,2019-01-10,history,ARCHIVE_ABSENCE (outside archive span 2020-01-01..2025-08-09),
ICON,fold_1,v10,2019-01-11,history,ARCHIVE_ABSENCE (outside archive span 2020-01-01..2025-08-09),
ICON,fold_1,v10,2019-01-12,history,ARCHIVE_ABSENCE (outside archive span 2020-01-01..2025-08-09),
ICON,fold_1,v10,2019-01-13,history,ARCHIVE_ABSENCE (outside archive span 2020-01-01..2025-08-09),
ICON,fold_1,v10,2019-01-14,history,ARCHIVE_ABSENCE (outside archive span 2020-01-01..2025-08-09),
ICON,fold_1,v10,2019-01-15,history,ARCHIVE_ABSENCE (outside archive span 2020-01-01..2025-08-09),
ICON,fold_1,v10,2019-01-16,history,ARCHIVE_ABSENCE (outside archive span 2020-01-01..2025-08-09),
ICON,fold_1,v10,2019-01-17,history,ARCHIVE_ABSENCE (outside archive span 2020-01-01..2025-08-09),
ICON,fold_1,v10,2019-01-18,history,ARCHIVE_ABSENCE (outside archive span 2020-01-01..2025-08-09),
ICON,fold_1,v10,2019-01-19,history,ARCHIVE_ABSENCE (outside archive span 2020-01-01..2025-08-09),
ICON,fold_1,v10,2019-01-20,history,ARCHIVE_ABSENCE (outside archive span 2020-01-01..2025-08-09),
ICON,fold_1,v10,2019-01-21,history,ARCHIVE_ABSENCE (outside archive span 2020-01-01..2025-08-09),
ICON,fold_1,v10,2019-01-22,history,ARCHIVE_ABSENCE (outside archive span 2020-01-01..2025-08-09),
ICON,fold_1,v10,2019-01-23,history,ARCHIVE_ABSENCE (outside archive span 2020-01-01..2025-08-09),
ICON,fold_1,v10,2019-01-24,history,ARCHIVE_ABSENCE (outside archive span 2020-01-01..2025-08-09),
ICON,fold_1,v10,2019-01-25,history,ARCHIVE_ABSENCE (outside archive span 2020-01-01..2025-08-09),
ICON,fold_1,v10,2019-01-26,history,ARCHIVE_ABSENCE (outside archive span 2020-01-01..2025-08-09),
ICON,fold_1,v10,2019-01-27,history,ARCHIVE_ABSENCE (outside archive span 2020-01-01..2025-08-09),
ICON,fold_1,v10,2019-01-28,history,ARCHIVE_ABSENCE (outside archive span 2020-01-01..2025-08-09),
ICON,fold_1,v10,2019-01-29,history,ARCHIVE_ABSENCE (outside archive span 2020-01-01..2025-08-09),
ICON,fold_1,v10,2019-01-30,history,ARCHIVE_ABSENCE (outside archive span 2020-01-01..2025-08-09),
ICON,fold_1,v10,2019-01-31,history,ARCHIVE_ABSENCE (outside archive span 2020-01-01..2025-08-09),
ICON,fold_1,v10,2019-02-01,history,ARCHIVE_ABSENCE (outside archive span 2020-01-01..2025-08-09),
ICON,fold_1,v10,2019-02-02,history,ARCHIVE_ABSENCE (outside archive span 2020-01-01..2025-08-09),
ICON,fold_1,v10,2019-02-03,history,ARCHIVE_ABSENCE (outside archive span 2020-01-01..2025-08-09),
ICON,fold_1,v10,2019-02-04,history,ARCHIVE_ABSENCE (outside archive span 2020-01-01..2025-08-09),
ICON,fold_1,v10,2019-02-05,history,ARCHIVE_ABSENCE (outside archive span 2020-01-01..2025-08-09),
ICON,fold_1,v10,2019-02-06,history,ARCHIVE_ABSENCE (outside archive span 2020-01-01..2025-08-09),
ICON,fold_1,v10,2019-02-07,history,ARCHIVE_ABSENCE (outside archive span 2020-01-01..2025-08-09),
ICON,fold_1,v10,2019-02-08,history,ARCHIVE_ABSENCE (outside archive span 2020-01-01..2025-08-09),
ICON,fold_1,v10,2019-02-09,history,ARCHIVE_ABSENCE (outside archive span 2020-01-01..2025-08-09),
ICON,fold_1,v10,2019-02-10,history,ARCHIVE_ABSENCE (outside archive span 2020-01-01..2025-08-09),
ICON,fold_1,v10,2019-02-11,history,ARCHIVE_ABSENCE (outside archive span 2020-01-01..2025-08-09),
ICON,fold_1,v10,2019-02-12,history,ARCHIVE_ABSENCE (outside archive span 2020-01-01..2025-08-09),
ICON,fold_1,v10,2019-02-13,history,ARCHIVE_ABSENCE (outside archive span 2020-01-01..2025-08-09),
ICON,fold_1,v10,2019-02-14,history,ARCHIVE_ABSENCE (outside archive span 2020-01-01..2025-08-09),
ICON,fold_1,v10,2019-02-15,history,ARCHIVE_ABSENCE (outside archive span 2020-01-01..2025-08-09),
ICON,fold_1,v10,2019-02-16,history,ARCHIVE_ABSENCE (outside archive span 2020-01-01..2025-08-09),
ICON,fold_1,v10,2019-02-17,history,ARCHIVE_ABSENCE (outside archive span 2020-01-01..2025-08-09),
ICON,fold_1,v10,2019-02-18,history,ARCHIVE_ABSENCE (outside archive span 2020-01-01..2025-08-09),
ICON,fold_1,v10,2019-02-19,history,ARCHIVE_ABSENCE (outside archive span 2020-01-01..2025-08-09),
ICON,fold_1,v10,2019-02-20,history,ARCHIVE_ABSENCE (outside archive span 2020-01-01..2025-08-09),
ICON,fold_1,v10,2019-02-21,history,ARCHIVE_ABSENCE (outside archive span 2020-01-01..2025-08-09),
ICON,fold_1,v10,2019-02-22,history,ARCHIVE_ABSENCE (outside archive span 2020-01-01..2025-08-09),
ICON,fold_1,v10,2019-02-23,history,ARCHIVE_ABSENCE (outside archive span 2020-01-01..2025-08-09),
ICON,fold_1,v10,2019-02-24,history,ARCHIVE_ABSENCE (outside archive span 2020-01-01..2025-08-09),
ICON,fold_1,v10,2019-02-25,history,ARCHIVE_ABSENCE (outside archive span 2020-01-01..2025-08-09),
ICON,fold_1,v10,2019-02-26,history,ARCHIVE_ABSENCE (outside archive span 2020-01-01..2025-08-09),
ICON,fold_1,v10,2019-02-27,history,ARCHIVE_ABSENCE (outside archive span 2020-01-01..2025-08-09),
ICON,fold_1,v10,2019-02-28,history,ARCHIVE_ABSENCE (outside archive span 2020-01-01..2025-08-09),
ICON,fold_1,v10,2019-03-01,history,ARCHIVE_ABSENCE (outside archive span 2020-01-01..2025-08-09),
ICON,fold_1,v10,2019-03-02,history,ARCHIVE_ABSENCE (outside archive span 2020-01-01..2025-08-09),
ICON,fold_1,v10,2019-03-03,history,ARCHIVE_ABSENCE (outside archive span 2020-01-01..2025-08-09),
ICON,fold_1,v10,2019-03-04,history,ARCHIVE_ABSENCE (outside archive span 2020-01-01..2025-08-09),
ICON,fold_1,v10,2019-03-05,history,ARCHIVE_ABSENCE (outside archive span 2020-01-01..2025-08-09),
ICON,fold_1,v10,2019-03-06,history,ARCHIVE_ABSENCE (outside archive span 2020-01-01..2025-08-09),
ICON,fold_1,v10,2019-03-07,history,ARCHIVE_ABSENCE (outside archive span 2020-01-01..2025-08-09),
ICON,fold_1,v10,2019-03-08,history,ARCHIVE_ABSENCE (outside archive span 2020-01-01..2025-08-09),
ICON,fold_1,v10,2019-03-09,history,ARCHIVE_ABSENCE (outside archive span 2020-01-01..2025-08-09),
ICON,fold_1,v10,2019-03-10,history,ARCHIVE_ABSENCE (outside archive span 2020-01-01..2025-08-09),
ICON,fold_1,v10,2019-03-11,history,ARCHIVE_ABSENCE (outside archive span 2020-01-01..2025-08-09),
ICON,fold_1,v10,2019-03-12,history,ARCHIVE_ABSENCE (outside archive span 2020-01-01..2025-08-09),
ICON,fold_1,v10,2019-03-13,history,ARCHIVE_ABSENCE (outside archive span 2020-01-01..2025-08-09),
ICON,fold_1,v10,2019-03-14,history,ARCHIVE_ABSENCE (outside archive span 2020-01-01..2025-08-09),
ICON,fold_1,v10,2019-03-15,history,ARCHIVE_ABSENCE (outside archive span 2020-01-01..2025-08-09),
ICON,fold_1,v10,2019-03-16,history,ARCHIVE_ABSENCE (outside archive span 2020-01-01..2025-08-09),
ICON,fold_1,v10,2019-03-17,history,ARCHIVE_ABSENCE (outside archive span 2020-01-01..2025-08-09),
ICON,fold_1,v10,2019-03-18,history,ARCHIVE_ABSENCE (outside archive span 2020-01-01..2025-08-09),
ICON,fold_1,v10,2019-03-19,history,ARCHIVE_ABSENCE (outside archive span 2020-01-01..2025-08-09),
ICON,fold_1,v10,2019-03-20,history,ARCHIVE_ABSENCE (outside archive span 2020-01-01..2025-08-09),
ICON,fold_1,v10,2019-03-21,history,ARCHIVE_ABSENCE (outside archive span 2020-01-01..2025-08-09),
ICON,fold_1,v10,2019-03-22,history,ARCHIVE_ABSENCE (outside archive span 2020-01-01..2025-08-09),
ICON,fold_1,v10,2019-03-23,history,ARCHIVE_ABSENCE (outside archive span 2020-01-01..2025-08-09),
ICON,fold_1,v10,2019-03-24,history,ARCHIVE_ABSENCE (outside archive span 2020-01-01..2025-08-09),
ICON,fold_1,v10,2019-03-25,history,ARCHIVE_ABSENCE (outside archive span 2020-01-01..2025-08-09),
ICON,fold_1,v10,2019-03-26,history,ARCHIVE_ABSENCE (outside archive span 2020-01-01..2025-08-09),
ICON,fold_1,v10,2019-03-27,history,ARCHIVE_ABSENCE (outside archive span 2020-01-01..2025-08-09),
ICON,fold_1,v10,2019-03-28,history,ARCHIVE_ABSENCE (outside archive span 2020-01-01..2025-08-09),
ICON,fold_1,v10,2019-03-29,history,ARCHIVE_ABSENCE (outside archive span 2020-01-01..2025-08-09),
ICON,fold_1,v10,2019-03-30,history,ARCHIVE_ABSENCE (outside archive span 2020-01-01..2025-08-09),
ICON,fold_1,v10,2019-03-31,history,ARCHIVE_ABSENCE (outside archive span 2020-01-01..2025-08-09),
ICON,fold_1,v10,2019-04-01,history,ARCHIVE_ABSENCE (outside archive span 2020-01-01..2025-08-09),
ICON,fold_1,v10,2019-04-02,history,ARCHIVE_ABSENCE (outside archive span 2020-01-01..2025-08-09),
ICON,fold_1,v10,2019-04-03,history,ARCHIVE_ABSENCE (outside archive span 2020-01-01..2025-08-09),
ICON,fold_1,v10,2019-04-04,history,ARCHIVE_ABSENCE (outside archive span 2020-01-01..2025-08-09),
ICON,fold_1,v10,2019-04-05,history,ARCHIVE_ABSENCE (outside archive span 2020-01-01..2025-08-09),
ICON,fold_1,v10,2019-04-06,history,ARCHIVE_ABSENCE (outside archive span 2020-01-01..2025-08-09),
ICON,fold_1,v10,2019-04-07,history,ARCHIVE_ABSENCE (outside archive span 2020-01-01..2025-08-09),
ICON,fold_1,v10,2019-04-08,history,ARCHIVE_ABSENCE (outside archive span 2020-01-01..2025-08-09),
ICON,fold_1,v10,2019-04-09,history,ARCHIVE_ABSENCE (outside archive span 2020-01-01..2025-08-09),
ICON,fold_1,v10,2019-04-10,history,ARCHIVE_ABSENCE (outside archive span 2020-01-01..2025-08-09),
ICON,fold_1,v10,2019-04-11,history,ARCHIVE_ABSENCE (outside archive span 2020-01-01..2025-08-09),
ICON,fold_1,v10,2019-04-12,history,ARCHIVE_ABSENCE (outside archive span 2020-01-01..2025-08-09),
ICON,fold_1,v10,2019-04-13,history,ARCHIVE_ABSENCE (outside archive span 2020-01-01..2025-08-09),
ICON,fold_1,v10,2019-04-14,history,ARCHIVE_ABSENCE (outside archive span 2020-01-01..2025-08-09),
ICON,fold_1,v10,2019-04-15,history,ARCHIVE_ABSENCE (outside archive span 2020-01-01..2025-08-09),
ICON,fold_1,v10,2019-04-16,history,ARCHIVE_ABSENCE (outside archive span 2020-01-01..2025-08-09),
ICON,fold_1,v10,2019-04-17,history,ARCHIVE_ABSENCE (outside archive span 2020-01-01..2025-08-09),
ICON,fold_1,v10,2019-04-18,history,ARCHIVE_ABSENCE (outside archive span 2020-01-01..2025-08-09),
ICON,fold_1,v10,2019-04-19,history,ARCHIVE_ABSENCE (outside archive span 2020-01-01..2025-08-09),
ICON,fold_1,v10,2019-04-20,history,ARCHIVE_ABSENCE (outside archive span 2020-01-01..2025-08-09),
ICON,fold_1,v10,2019-04-21,history,ARCHIVE_ABSENCE (outside archive span 2020-01-01..2025-08-09),
ICON,fold_1,v10,2019-04-22,history,ARCHIVE_ABSENCE (outside archive span 2020-01-01..2025-08-09),
ICON,fold_1,v10,2019-04-23,history,ARCHIVE_ABSENCE (outside archive span 2020-01-01..2025-08-09),
ICON,fold_1,v10,2019-04-24,history,ARCHIVE_ABSENCE (outside archive span 2020-01-01..2025-08-09),
ICON,fold_1,v10,2019-04-25,history,ARCHIVE_ABSENCE (outside archive span 2020-01-01..2025-08-09),
ICON,fold_1,v10,2019-04-26,history,ARCHIVE_ABSENCE (outside archive span 2020-01-01..2025-08-09),
ICON,fold_1,v10,2019-04-27,history,ARCHIVE_ABSENCE (outside archive span 2020-01-01..2025-08-09),
ICON,fold_1,v10,2019-04-28,history,ARCHIVE_ABSENCE (outside archive span 2020-01-01..2025-08-09),
ICON,fold_1,v10,2019-04-29,history,ARCHIVE_ABSENCE (outside archive span 2020-01-01..2025-08-09),
ICON,fold_1,v10,2019-04-30,history,ARCHIVE_ABSENCE (outside archive span 2020-01-01..2025-08-09),
ICON,fold_1,v10,2019-05-01,history,ARCHIVE_ABSENCE (outside archive span 2020-01-01..2025-08-09),
ICON,fold_1,v10,2019-05-02,history,ARCHIVE_ABSENCE (outside archive span 2020-01-01..2025-08-09),
ICON,fold_1,v10,2019-05-03,history,ARCHIVE_ABSENCE (outside archive span 2020-01-01..2025-08-09),
ICON,fold_1,v10,2019-05-04,history,ARCHIVE_ABSENCE (outside archive span 2020-01-01..2025-08-09),
ICON,fold_1,v10,2019-05-05,history,ARCHIVE_ABSENCE (outside archive span 2020-01-01..2025-08-09),
ICON,fold_1,v10,2019-05-06,history,ARCHIVE_ABSENCE (outside archive span 2020-01-01..2025-08-09),
ICON,fold_1,v10,2019-05-07,history,ARCHIVE_ABSENCE (outside archive span 2020-01-01..2025-08-09),
ICON,fold_1,v10,2019-05-08,history,ARCHIVE_ABSENCE (outside archive span 2020-01-01..2025-08-09),
ICON,fold_1,v10,2019-05-09,history,ARCHIVE_ABSENCE (outside archive span 2020-01-01..2025-08-09),
ICON,fold_1,v10,2019-05-10,history,ARCHIVE_ABSENCE (outside archive span 2020-01-01..2025-08-09),
ICON,fold_1,v10,2019-05-11,history,ARCHIVE_ABSENCE (outside archive span 2020-01-01..2025-08-09),
ICON,fold_1,v10,2019-05-12,history,ARCHIVE_ABSENCE (outside archive span 2020-01-01..2025-08-09),
ICON,fold_1,v10,2019-05-13,history,ARCHIVE_ABSENCE (outside archive span 2020-01-01..2025-08-09),
ICON,fold_1,v10,2019-05-14,history,ARCHIVE_ABSENCE (outside archive span 2020-01-01..2025-08-09),
ICON,fold_1,v10,2019-05-15,history,ARCHIVE_ABSENCE (outside archive span 2020-01-01..2025-08-09),
ICON,fold_1,v10,2019-05-16,history,ARCHIVE_ABSENCE (outside archive span 2020-01-01..2025-08-09),
ICON,fold_1,v10,2019-05-17,history,ARCHIVE_ABSENCE (outside archive span 2020-01-01..2025-08-09),
ICON,fold_1,v10,2019-05-18,history,ARCHIVE_ABSENCE (outside archive span 2020-01-01..2025-08-09),
ICON,fold_1,v10,2019-05-19,history,ARCHIVE_ABSENCE (outside archive span 2020-01-01..2025-08-09),
ICON,fold_1,v10,2019-05-20,history,ARCHIVE_ABSENCE (outside archive span 2020-01-01..2025-08-09),
ICON,fold_1,v10,2019-05-21,history,ARCHIVE_ABSENCE (outside archive span 2020-01-01..2025-08-09),
ICON,fold_1,v10,2019-05-22,history,ARCHIVE_ABSENCE (outside archive span 2020-01-01..2025-08-09),
ICON,fold_1,v10,2019-05-23,history,ARCHIVE_ABSENCE (outside archive span 2020-01-01..2025-08-09),
ICON,fold_1,v10,2019-05-24,history,ARCHIVE_ABSENCE (outside archive span 2020-01-01..2025-08-09),
ICON,fold_1,v10,2019-05-25,history,ARCHIVE_ABSENCE (outside archive span 2020-01-01..2025-08-09),
ICON,fold_1,v10,2019-05-26,history,ARCHIVE_ABSENCE (outside archive span 2020-01-01..2025-08-09),
ICON,fold_1,v10,2019-05-27,history,ARCHIVE_ABSENCE (outside archive span 2020-01-01..2025-08-09),
ICON,fold_1,v10,2019-05-28,history,ARCHIVE_ABSENCE (outside archive span 2020-01-01..2025-08-09),
ICON,fold_1,v10,2019-05-29,history,ARCHIVE_ABSENCE (outside archive span 2020-01-01..2025-08-09),
ICON,fold_1,v10,2019-05-30,history,ARCHIVE_ABSENCE (outside archive span 2020-01-01..2025-08-09),
ICON,fold_1,v10,2019-05-31,history,ARCHIVE_ABSENCE (outside archive span 2020-01-01..2025-08-09),
ICON,fold_1,v10,2019-06-01,history,ARCHIVE_ABSENCE (outside archive span 2020-01-01..2025-08-09),
ICON,fold_1,v10,2019-06-02,history,ARCHIVE_ABSENCE (outside archive span 2020-01-01..2025-08-09),
ICON,fold_1,v10,2019-06-03,history,ARCHIVE_ABSENCE (outside archive span 2020-01-01..2025-08-09),
ICON,fold_1,v10,2019-06-04,history,ARCHIVE_ABSENCE (outside archive span 2020-01-01..2025-08-09),
ICON,fold_1,v10,2019-06-05,history,ARCHIVE_ABSENCE (outside archive span 2020-01-01..2025-08-09),
ICON,fold_1,v10,2019-06-06,history,ARCHIVE_ABSENCE (outside archive span 2020-01-01..2025-08-09),
ICON,fold_1,v10,2019-06-07,history,ARCHIVE_ABSENCE (outside archive span 2020-01-01..2025-08-09),
ICON,fold_1,v10,2019-06-08,history,ARCHIVE_ABSENCE (outside archive span 2020-01-01..2025-08-09),
ICON,fold_1,v10,2019-06-09,history,ARCHIVE_ABSENCE (outside archive span 2020-01-01..2025-08-09),
ICON,fold_1,v10,2019-06-10,history,ARCHIVE_ABSENCE (outside archive span 2020-01-01..2025-08-09),
ICON,fold_1,v10,2019-06-11,history,ARCHIVE_ABSENCE (outside archive span 2020-01-01..2025-08-09),
ICON,fold_1,v10,2019-06-12,history,ARCHIVE_ABSENCE (outside archive span 2020-01-01..2025-08-09),
ICON,fold_1,v10,2019-06-13,history,ARCHIVE_ABSENCE (outside archive span 2020-01-01..2025-08-09),
ICON,fold_1,v10,2019-06-14,history,ARCHIVE_ABSENCE (outside archive span 2020-01-01..2025-08-09),
ICON,fold_1,v10,2019-06-15,history,ARCHIVE_ABSENCE (outside archive span 2020-01-01..2025-08-09),
ICON,fold_1,v10,2019-06-16,history,ARCHIVE_ABSENCE (outside archive span 2020-01-01..2025-08-09),
ICON,fold_1,v10,2019-06-17,history,ARCHIVE_ABSENCE (outside archive span 2020-01-01..2025-08-09),
ICON,fold_1,v10,2019-06-18,history,ARCHIVE_ABSENCE (outside archive span 2020-01-01..2025-08-09),
ICON,fold_1,v10,2019-06-19,history,ARCHIVE_ABSENCE (outside archive span 2020-01-01..2025-08-09),
ICON,fold_1,v10,2019-06-20,history,ARCHIVE_ABSENCE (outside archive span 2020-01-01..2025-08-09),
ICON,fold_1,v10,2019-06-21,history,ARCHIVE_ABSENCE (outside archive span 2020-01-01..2025-08-09),
ICON,fold_1,v10,2019-06-22,history,ARCHIVE_ABSENCE (outside archive span 2020-01-01..2025-08-09),
ICON,fold_1,v10,2019-06-23,history,ARCHIVE_ABSENCE (outside archive span 2020-01-01..2025-08-09),
ICON,fold_1,v10,2019-06-24,history,ARCHIVE_ABSENCE (outside archive span 2020-01-01..2025-08-09),
ICON,fold_1,v10,2019-06-25,history,ARCHIVE_ABSENCE (outside archive span 2020-01-01..2025-08-09),
ICON,fold_1,v10,2019-06-26,history,ARCHIVE_ABSENCE (outside archive span 2020-01-01..2025-08-09),
ICON,fold_1,v10,2019-06-27,history,ARCHIVE_ABSENCE (outside archive span 2020-01-01..2025-08-09),
ICON,fold_1,v10,2019-06-28,history,ARCHIVE_ABSENCE (outside archive span 2020-01-01..2025-08-09),
ICON,fold_1,v10,2019-06-29,history,ARCHIVE_ABSENCE (outside archive span 2020-01-01..2025-08-09),
ICON,fold_1,v10,2019-06-30,history,ARCHIVE_ABSENCE (outside archive span 2020-01-01..2025-08-09),
ICON,fold_1,v10,2019-07-01,history,ARCHIVE_ABSENCE (outside archive span 2020-01-01..2025-08-09),
ICON,fold_1,v10,2019-07-02,history,ARCHIVE_ABSENCE (outside archive span 2020-01-01..2025-08-09),
ICON,fold_1,v10,2019-07-03,history,ARCHIVE_ABSENCE (outside archive span 2020-01-01..2025-08-09),
ICON,fold_1,v10,2019-07-04,history,ARCHIVE_ABSENCE (outside archive span 2020-01-01..2025-08-09),
ICON,fold_1,v10,2019-07-05,history,ARCHIVE_ABSENCE (outside archive span 2020-01-01..2025-08-09),
ICON,fold_1,v10,2019-07-06,history,ARCHIVE_ABSENCE (outside archive span 2020-01-01..2025-08-09),
ICON,fold_1,v10,2019-07-07,history,ARCHIVE_ABSENCE (outside archive span 2020-01-01..2025-08-09),
ICON,fold_1,v10,2019-07-08,history,ARCHIVE_ABSENCE (outside archive span 2020-01-01..2025-08-09),
ICON,fold_1,v10,2019-07-09,history,ARCHIVE_ABSENCE (outside archive span 2020-01-01..2025-08-09),
ICON,fold_1,v10,2019-07-10,history,ARCHIVE_ABSENCE (outside archive span 2020-01-01..2025-08-09),
ICON,fold_1,v10,2019-07-11,history,ARCHIVE_ABSENCE (outside archive span 2020-01-01..2025-08-09),
ICON,fold_1,v10,2019-07-12,history,ARCHIVE_ABSENCE (outside archive span 2020-01-01..2025-08-09),
ICON,fold_1,v10,2019-07-13,history,ARCHIVE_ABSENCE (outside archive span 2020-01-01..2025-08-09),
ICON,fold_1,v10,2019-07-14,history,ARCHIVE_ABSENCE (outside archive span 2020-01-01..2025-08-09),
ICON,fold_1,v10,2019-07-15,history,ARCHIVE_ABSENCE (outside archive span 2020-01-01..2025-08-09),
ICON,fold_1,v10,2019-07-16,history,ARCHIVE_ABSENCE (outside archive span 2020-01-01..2025-08-09),
ICON,fold_1,v10,2019-07-17,history,ARCHIVE_ABSENCE (outside archive span 2020-01-01..2025-08-09),
ICON,fold_1,v10,2019-07-18,history,ARCHIVE_ABSENCE (outside archive span 2020-01-01..2025-08-09),
ICON,fold_1,v10,2019-07-19,history,ARCHIVE_ABSENCE (outside archive span 2020-01-01..2025-08-09),
ICON,fold_1,v10,2019-07-20,history,ARCHIVE_ABSENCE (outside archive span 2020-01-01..2025-08-09),
ICON,fold_1,v10,2019-07-21,history,ARCHIVE_ABSENCE (outside archive span 2020-01-01..2025-08-09),
ICON,fold_1,v10,2019-07-22,history,ARCHIVE_ABSENCE (outside archive span 2020-01-01..2025-08-09),
ICON,fold_1,v10,2019-07-23,history,ARCHIVE_ABSENCE (outside archive span 2020-01-01..2025-08-09),
ICON,fold_1,v10,2019-07-24,history,ARCHIVE_ABSENCE (outside archive span 2020-01-01..2025-08-09),
ICON,fold_1,v10,2019-07-25,history,ARCHIVE_ABSENCE (outside archive span 2020-01-01..2025-08-09),
ICON,fold_1,v10,2019-07-26,history,ARCHIVE_ABSENCE (outside archive span 2020-01-01..2025-08-09),
ICON,fold_1,v10,2019-07-27,history,ARCHIVE_ABSENCE (outside archive span 2020-01-01..2025-08-09),
ICON,fold_1,v10,2019-07-28,history,ARCHIVE_ABSENCE (outside archive span 2020-01-01..2025-08-09),
ICON,fold_1,v10,2019-07-29,history,ARCHIVE_ABSENCE (outside archive span 2020-01-01..2025-08-09),
ICON,fold_1,v10,2019-07-30,history,ARCHIVE_ABSENCE (outside archive span 2020-01-01..2025-08-09),
ICON,fold_1,v10,2019-07-31,history,ARCHIVE_ABSENCE (outside archive span 2020-01-01..2025-08-09),
ICON,fold_1,v10,2019-08-01,history,ARCHIVE_ABSENCE (outside archive span 2020-01-01..2025-08-09),
ICON,fold_1,v10,2019-08-02,history,ARCHIVE_ABSENCE (outside archive span 2020-01-01..2025-08-09),
ICON,fold_1,v10,2019-08-03,history,ARCHIVE_ABSENCE (outside archive span 2020-01-01..2025-08-09),
ICON,fold_1,v10,2019-08-04,history,ARCHIVE_ABSENCE (outside archive span 2020-01-01..2025-08-09),
ICON,fold_1,v10,2019-08-05,history,ARCHIVE_ABSENCE (outside archive span 2020-01-01..2025-08-09),
ICON,fold_1,v10,2019-08-06,history,ARCHIVE_ABSENCE (outside archive span 2020-01-01..2025-08-09),
ICON,fold_1,v10,2019-08-07,history,ARCHIVE_ABSENCE (outside archive span 2020-01-01..2025-08-09),
ICON,fold_1,v10,2019-08-08,history,ARCHIVE_ABSENCE (outside archive span 2020-01-01..2025-08-09),
ICON,fold_1,v10,2019-08-09,history,ARCHIVE_ABSENCE (outside archive span 2020-01-01..2025-08-09),
ICON,fold_1,v10,2019-08-10,history,ARCHIVE_ABSENCE (outside archive span 2020-01-01..2025-08-09),
ICON,fold_1,v10,2019-08-11,history,ARCHIVE_ABSENCE (outside archive span 2020-01-01..2025-08-09),
ICON,fold_1,v10,2019-08-12,history,ARCHIVE_ABSENCE (outside archive span 2020-01-01..2025-08-09),
ICON,fold_1,v10,2019-08-13,history,ARCHIVE_ABSENCE (outside archive span 2020-01-01..2025-08-09),
ICON,fold_1,v10,2019-08-14,history,ARCHIVE_ABSENCE (outside archive span 2020-01-01..2025-08-09),
ICON,fold_1,v10,2019-08-15,history,ARCHIVE_ABSENCE (outside archive span 2020-01-01..2025-08-09),
ICON,fold_1,v10,2019-08-16,history,ARCHIVE_ABSENCE (outside archive span 2020-01-01..2025-08-09),
ICON,fold_1,v10,2019-08-17,history,ARCHIVE_ABSENCE (outside archive span 2020-01-01..2025-08-09),
ICON,fold_1,v10,2019-08-18,history,ARCHIVE_ABSENCE (outside archive span 2020-01-01..2025-08-09),
ICON,fold_1,v10,2019-08-19,history,ARCHIVE_ABSENCE (outside archive span 2020-01-01..2025-08-09),
ICON,fold_1,v10,2019-08-20,history,ARCHIVE_ABSENCE (outside archive span 2020-01-01..2025-08-09),
ICON,fold_1,v10,2019-08-21,history,ARCHIVE_ABSENCE (outside archive span 2020-01-01..2025-08-09),
ICON,fold_1,v10,2019-08-22,history,ARCHIVE_ABSENCE (outside archive span 2020-01-01..2025-08-09),
ICON,fold_1,v10,2019-08-23,history,ARCHIVE_ABSENCE (outside archive span 2020-01-01..2025-08-09),
ICON,fold_1,v10,2019-08-24,history,ARCHIVE_ABSENCE (outside archive span 2020-01-01..2025-08-09),
ICON,fold_1,v10,2019-08-25,history,ARCHIVE_ABSENCE (outside archive span 2020-01-01..2025-08-09),
ICON,fold_1,v10,2019-08-26,history,ARCHIVE_ABSENCE (outside archive span 2020-01-01..2025-08-09),
ICON,fold_1,v10,2019-08-27,history,ARCHIVE_ABSENCE (outside archive span 2020-01-01..2025-08-09),
ICON,fold_1,v10,2019-08-28,history,ARCHIVE_ABSENCE (outside archive span 2020-01-01..2025-08-09),
ICON,fold_1,v10,2019-08-29,history,ARCHIVE_ABSENCE (outside archive span 2020-01-01..2025-08-09),
ICON,fold_1,v10,2019-08-30,history,ARCHIVE_ABSENCE (outside archive span 2020-01-01..2025-08-09),
ICON,fold_1,v10,2019-08-31,history,ARCHIVE_ABSENCE (outside archive span 2020-01-01..2025-08-09),
ICON,fold_1,v10,2019-09-01,history,ARCHIVE_ABSENCE (outside archive span 2020-01-01..2025-08-09),
ICON,fold_1,v10,2019-09-02,history,ARCHIVE_ABSENCE (outside archive span 2020-01-01..2025-08-09),
ICON,fold_1,v10,2019-09-03,history,ARCHIVE_ABSENCE (outside archive span 2020-01-01..2025-08-09),
ICON,fold_1,v10,2019-09-04,history,ARCHIVE_ABSENCE (outside archive span 2020-01-01..2025-08-09),
ICON,fold_1,v10,2019-09-05,history,ARCHIVE_ABSENCE (outside archive span 2020-01-01..2025-08-09),
ICON,fold_1,v10,2019-09-06,history,ARCHIVE_ABSENCE (outside archive span 2020-01-01..2025-08-09),
ICON,fold_1,v10,2019-09-07,history,ARCHIVE_ABSENCE (outside archive span 2020-01-01..2025-08-09),
ICON,fold_1,v10,2019-09-08,history,ARCHIVE_ABSENCE (outside archive span 2020-01-01..2025-08-09),
ICON,fold_1,v10,2019-09-09,history,ARCHIVE_ABSENCE (outside archive span 2020-01-01..2025-08-09),
ICON,fold_1,v10,2019-09-10,history,ARCHIVE_ABSENCE (outside archive span 2020-01-01..2025-08-09),
ICON,fold_1,v10,2019-09-11,history,ARCHIVE_ABSENCE (outside archive span 2020-01-01..2025-08-09),
ICON,fold_1,v10,2019-09-12,history,ARCHIVE_ABSENCE (outside archive span 2020-01-01..2025-08-09),
ICON,fold_1,v10,2019-09-13,history,ARCHIVE_ABSENCE (outside archive span 2020-01-01..2025-08-09),
ICON,fold_1,v10,2019-09-14,history,ARCHIVE_ABSENCE (outside archive span 2020-01-01..2025-08-09),
ICON,fold_1,v10,2019-09-15,history,ARCHIVE_ABSENCE (outside archive span 2020-01-01..2025-08-09),
ICON,fold_1,v10,2019-09-16,history,ARCHIVE_ABSENCE (outside archive span 2020-01-01..2025-08-09),
ICON,fold_1,v10,2019-09-17,history,ARCHIVE_ABSENCE (outside archive span 2020-01-01..2025-08-09),
ICON,fold_1,v10,2019-09-18,history,ARCHIVE_ABSENCE (outside archive span 2020-01-01..2025-08-09),
ICON,fold_1,v10,2019-09-19,history,ARCHIVE_ABSENCE (outside archive span 2020-01-01..2025-08-09),
ICON,fold_1,v10,2019-09-20,history,ARCHIVE_ABSENCE (outside archive span 2020-01-01..2025-08-09),
ICON,fold_1,v10,2019-09-21,history,ARCHIVE_ABSENCE (outside archive span 2020-01-01..2025-08-09),
ICON,fold_1,v10,2019-09-22,history,ARCHIVE_ABSENCE (outside archive span 2020-01-01..2025-08-09),
ICON,fold_1,v10,2019-09-23,history,ARCHIVE_ABSENCE (outside archive span 2020-01-01..2025-08-09),
ICON,fold_1,v10,2019-09-24,history,ARCHIVE_ABSENCE (outside archive span 2020-01-01..2025-08-09),
ICON,fold_1,v10,2019-09-25,history,ARCHIVE_ABSENCE (outside archive span 2020-01-01..2025-08-09),
ICON,fold_1,v10,2019-09-26,history,ARCHIVE_ABSENCE (outside archive span 2020-01-01..2025-08-09),
ICON,fold_1,v10,2019-09-27,history,ARCHIVE_ABSENCE (outside archive span 2020-01-01..2025-08-09),
ICON,fold_1,v10,2019-09-28,history,ARCHIVE_ABSENCE (outside archive span 2020-01-01..2025-08-09),
ICON,fold_1,v10,2019-09-29,history,ARCHIVE_ABSENCE (outside archive span 2020-01-01..2025-08-09),
ICON,fold_1,v10,2019-09-30,history,ARCHIVE_ABSENCE (outside archive span 2020-01-01..2025-08-09),
ICON,fold_1,v10,2019-10-01,history,ARCHIVE_ABSENCE (outside archive span 2020-01-01..2025-08-09),
ICON,fold_1,v10,2019-10-02,history,ARCHIVE_ABSENCE (outside archive span 2020-01-01..2025-08-09),
ICON,fold_1,v10,2019-10-03,history,ARCHIVE_ABSENCE (outside archive span 2020-01-01..2025-08-09),
ICON,fold_1,v10,2019-10-04,history,ARCHIVE_ABSENCE (outside archive span 2020-01-01..2025-08-09),
ICON,fold_1,v10,2019-10-05,history,ARCHIVE_ABSENCE (outside archive span 2020-01-01..2025-08-09),
ICON,fold_1,v10,2019-10-06,history,ARCHIVE_ABSENCE (outside archive span 2020-01-01..2025-08-09),
ICON,fold_1,v10,2019-10-07,history,ARCHIVE_ABSENCE (outside archive span 2020-01-01..2025-08-09),
ICON,fold_1,v10,2019-10-08,history,ARCHIVE_ABSENCE (outside archive span 2020-01-01..2025-08-09),
ICON,fold_1,v10,2019-10-09,history,ARCHIVE_ABSENCE (outside archive span 2020-01-01..2025-08-09),
ICON,fold_1,v10,2019-10-10,history,ARCHIVE_ABSENCE (outside archive span 2020-01-01..2025-08-09),
ICON,fold_1,v10,2019-10-11,history,ARCHIVE_ABSENCE (outside archive span 2020-01-01..2025-08-09),
ICON,fold_1,v10,2019-10-12,history,ARCHIVE_ABSENCE (outside archive span 2020-01-01..2025-08-09),
ICON,fold_1,v10,2019-10-13,history,ARCHIVE_ABSENCE (outside archive span 2020-01-01..2025-08-09),
ICON,fold_1,v10,2019-10-14,history,ARCHIVE_ABSENCE (outside archive span 2020-01-01..2025-08-09),
ICON,fold_1,v10,2019-10-15,history,ARCHIVE_ABSENCE (outside archive span 2020-01-01..2025-08-09),
ICON,fold_1,v10,2019-10-16,history,ARCHIVE_ABSENCE (outside archive span 2020-01-01..2025-08-09),
ICON,fold_1,v10,2019-10-17,history,ARCHIVE_ABSENCE (outside archive span 2020-01-01..2025-08-09),
ICON,fold_1,v10,2019-10-18,history,ARCHIVE_ABSENCE (outside archive span 2020-01-01..2025-08-09),
ICON,fold_1,v10,2019-10-19,history,ARCHIVE_ABSENCE (outside archive span 2020-01-01..2025-08-09),
ICON,fold_1,v10,2019-10-20,history,ARCHIVE_ABSENCE (outside archive span 2020-01-01..2025-08-09),
ICON,fold_1,v10,2019-10-21,history,ARCHIVE_ABSENCE (outside archive span 2020-01-01..2025-08-09),
ICON,fold_1,v10,2019-10-22,history,ARCHIVE_ABSENCE (outside archive span 2020-01-01..2025-08-09),
ICON,fold_1,v10,2019-10-23,history,ARCHIVE_ABSENCE (outside archive span 2020-01-01..2025-08-09),
ICON,fold_1,v10,2019-10-24,history,ARCHIVE_ABSENCE (outside archive span 2020-01-01..2025-08-09),
ICON,fold_1,v10,2019-10-25,history,ARCHIVE_ABSENCE (outside archive span 2020-01-01..2025-08-09),
ICON,fold_1,v10,2019-10-26,history,ARCHIVE_ABSENCE (outside archive span 2020-01-01..2025-08-09),
ICON,fold_1,v10,2019-10-27,history,ARCHIVE_ABSENCE (outside archive span 2020-01-01..2025-08-09),
ICON,fold_1,v10,2019-10-28,history,ARCHIVE_ABSENCE (outside archive span 2020-01-01..2025-08-09),
ICON,fold_1,v10,2019-10-29,history,ARCHIVE_ABSENCE (outside archive span 2020-01-01..2025-08-09),
ICON,fold_1,v10,2019-10-30,history,ARCHIVE_ABSENCE (outside archive span 2020-01-01..2025-08-09),
ICON,fold_1,v10,2019-10-31,history,ARCHIVE_ABSENCE (outside archive span 2020-01-01..2025-08-09),
ICON,fold_1,v10,2019-11-01,history,ARCHIVE_ABSENCE (outside archive span 2020-01-01..2025-08-09),
ICON,fold_1,v10,2019-11-02,history,ARCHIVE_ABSENCE (outside archive span 2020-01-01..2025-08-09),
ICON,fold_1,v10,2019-11-03,history,ARCHIVE_ABSENCE (outside archive span 2020-01-01..2025-08-09),
ICON,fold_1,v10,2019-11-04,history,ARCHIVE_ABSENCE (outside archive span 2020-01-01..2025-08-09),
ICON,fold_1,v10,2019-11-05,history,ARCHIVE_ABSENCE (outside archive span 2020-01-01..2025-08-09),
ICON,fold_1,v10,2019-11-06,history,ARCHIVE_ABSENCE (outside archive span 2020-01-01..2025-08-09),
ICON,fold_1,v10,2019-11-07,history,ARCHIVE_ABSENCE (outside archive span 2020-01-01..2025-08-09),
ICON,fold_1,v10,2019-11-08,history,ARCHIVE_ABSENCE (outside archive span 2020-01-01..2025-08-09),
ICON,fold_1,v10,2019-11-09,history,ARCHIVE_ABSENCE (outside archive span 2020-01-01..2025-08-09),
ICON,fold_1,v10,2019-11-10,history,ARCHIVE_ABSENCE (outside archive span 2020-01-01..2025-08-09),
ICON,fold_1,v10,2019-11-11,history,ARCHIVE_ABSENCE (outside archive span 2020-01-01..2025-08-09),
ICON,fold_1,v10,2019-11-12,history,ARCHIVE_ABSENCE (outside archive span 2020-01-01..2025-08-09),
ICON,fold_1,v10,2019-11-13,history,ARCHIVE_ABSENCE (outside archive span 2020-01-01..2025-08-09),
ICON,fold_1,v10,2019-11-14,history,ARCHIVE_ABSENCE (outside archive span 2020-01-01..2025-08-09),
ICON,fold_1,v10,2019-11-15,history,ARCHIVE_ABSENCE (outside archive span 2020-01-01..2025-08-09),
ICON,fold_1,v10,2019-11-16,history,ARCHIVE_ABSENCE (outside archive span 2020-01-01..2025-08-09),
ICON,fold_1,v10,2019-11-17,history,ARCHIVE_ABSENCE (outside archive span 2020-01-01..2025-08-09),
ICON,fold_1,v10,2019-11-18,history,ARCHIVE_ABSENCE (outside archive span 2020-01-01..2025-08-09),
ICON,fold_1,v10,2019-11-19,history,ARCHIVE_ABSENCE (outside archive span 2020-01-01..2025-08-09),
ICON,fold_1,v10,2019-11-20,history,ARCHIVE_ABSENCE (outside archive span 2020-01-01..2025-08-09),
ICON,fold_1,v10,2019-11-21,history,ARCHIVE_ABSENCE (outside archive span 2020-01-01..2025-08-09),
ICON,fold_1,v10,2019-11-22,history,ARCHIVE_ABSENCE (outside archive span 2020-01-01..2025-08-09),
ICON,fold_1,v10,2019-11-23,history,ARCHIVE_ABSENCE (outside archive span 2020-01-01..2025-08-09),
ICON,fold_1,v10,2019-11-24,history,ARCHIVE_ABSENCE (outside archive span 2020-01-01..2025-08-09),
ICON,fold_1,v10,2019-11-25,history,ARCHIVE_ABSENCE (outside archive span 2020-01-01..2025-08-09),
ICON,fold_1,v10,2019-11-26,history,ARCHIVE_ABSENCE (outside archive span 2020-01-01..2025-08-09),
ICON,fold_1,v10,2019-11-27,history,ARCHIVE_ABSENCE (outside archive span 2020-01-01..2025-08-09),
ICON,fold_1,v10,2019-11-28,history,ARCHIVE_ABSENCE (outside archive span 2020-01-01..2025-08-09),
ICON,fold_1,v10,2019-11-29,history,ARCHIVE_ABSENCE (outside archive span 2020-01-01..2025-08-09),
ICON,fold_1,v10,2019-11-30,history,ARCHIVE_ABSENCE (outside archive span 2020-01-01..2025-08-09),
ICON,fold_1,v10,2019-12-01,history,ARCHIVE_ABSENCE (outside archive span 2020-01-01..2025-08-09),
ICON,fold_1,v10,2019-12-02,history,ARCHIVE_ABSENCE (outside archive span 2020-01-01..2025-08-09),
ICON,fold_1,v10,2019-12-03,history,ARCHIVE_ABSENCE (outside archive span 2020-01-01..2025-08-09),
ICON,fold_1,v10,2019-12-04,history,ARCHIVE_ABSENCE (outside archive span 2020-01-01..2025-08-09),
ICON,fold_1,v10,2019-12-05,history,ARCHIVE_ABSENCE (outside archive span 2020-01-01..2025-08-09),
ICON,fold_1,v10,2019-12-06,history,ARCHIVE_ABSENCE (outside archive span 2020-01-01..2025-08-09),
ICON,fold_1,v10,2019-12-07,history,ARCHIVE_ABSENCE (outside archive span 2020-01-01..2025-08-09),
ICON,fold_1,v10,2019-12-08,history,ARCHIVE_ABSENCE (outside archive span 2020-01-01..2025-08-09),
ICON,fold_1,v10,2019-12-09,history,ARCHIVE_ABSENCE (outside archive span 2020-01-01..2025-08-09),
ICON,fold_1,v10,2019-12-10,history,ARCHIVE_ABSENCE (outside archive span 2020-01-01..2025-08-09),
ICON,fold_1,v10,2019-12-11,history,ARCHIVE_ABSENCE (outside archive span 2020-01-01..2025-08-09),
ICON,fold_1,v10,2019-12-12,history,ARCHIVE_ABSENCE (outside archive span 2020-01-01..2025-08-09),
ICON,fold_1,v10,2019-12-13,history,ARCHIVE_ABSENCE (outside archive span 2020-01-01..2025-08-09),
ICON,fold_1,v10,2019-12-14,history,ARCHIVE_ABSENCE (outside archive span 2020-01-01..2025-08-09),
ICON,fold_1,v10,2019-12-15,history,ARCHIVE_ABSENCE (outside archive span 2020-01-01..2025-08-09),
ICON,fold_1,v10,2019-12-16,history,ARCHIVE_ABSENCE (outside archive span 2020-01-01..2025-08-09),
ICON,fold_1,v10,2019-12-17,history,ARCHIVE_ABSENCE (outside archive span 2020-01-01..2025-08-09),
ICON,fold_1,v10,2019-12-18,history,ARCHIVE_ABSENCE (outside archive span 2020-01-01..2025-08-09),
ICON,fold_1,v10,2019-12-19,history,ARCHIVE_ABSENCE (outside archive span 2020-01-01..2025-08-09),
ICON,fold_1,v10,2019-12-20,history,ARCHIVE_ABSENCE (outside archive span 2020-01-01..2025-08-09),
ICON,fold_1,v10,2019-12-21,history,ARCHIVE_ABSENCE (outside archive span 2020-01-01..2025-08-09),
ICON,fold_1,v10,2019-12-22,history,ARCHIVE_ABSENCE (outside archive span 2020-01-01..2025-08-09),
ICON,fold_1,v10,2019-12-23,history,ARCHIVE_ABSENCE (outside archive span 2020-01-01..2025-08-09),
ICON,fold_1,v10,2019-12-24,history,ARCHIVE_ABSENCE (outside archive span 2020-01-01..2025-08-09),
ICON,fold_1,v10,2019-12-25,history,ARCHIVE_ABSENCE (outside archive span 2020-01-01..2025-08-09),
ICON,fold_1,v10,2019-12-26,history,ARCHIVE_ABSENCE (outside archive span 2020-01-01..2025-08-09),
ICON,fold_1,v10,2019-12-27,history,ARCHIVE_ABSENCE (outside archive span 2020-01-01..2025-08-09),
ICON,fold_1,v10,2019-12-28,history,ARCHIVE_ABSENCE (outside archive span 2020-01-01..2025-08-09),
ICON,fold_1,v10,2019-12-29,history,ARCHIVE_ABSENCE (outside archive span 2020-01-01..2025-08-09),
ICON,fold_1,v10,2019-12-30,history,ARCHIVE_ABSENCE (outside archive span 2020-01-01..2025-08-09),
ICON,fold_1,v10,2019-12-31,history,ARCHIVE_ABSENCE (outside archive span 2020-01-01..2025-08-09),
ICON,fold_1,v10,2020-02-01,history,ARCHIVE_ABSENCE (run file absent),
ICON,fold_1,v10,2020-02-13,history,FIELD_INCOMPLETE (u_10m/.zarray;v_10m/.zarray),
ICON,fold_1,v10,2020-04-03,history,ARCHIVE_ABSENCE (run file absent),
ICON,fold_1,v10,2020-04-07,history,ARCHIVE_ABSENCE (run file absent),
ICON,fold_1,v10,2020-06-01,warmup,ARCHIVE_ABSENCE (run file absent),
ICON,fold_1,v10,2020-06-05,warmup,ARCHIVE_ABSENCE (run file absent),
ICON,fold_1,v10,2020-06-25,warmup,ARCHIVE_ABSENCE (run file absent),
ICON,fold_1,v10,2020-07-03,evaluation,ARCHIVE_ABSENCE (run file absent),
ICON,fold_1,v10,2020-07-13,evaluation,ARCHIVE_ABSENCE (run file absent),
ICON,fold_1,v10,2020-07-14,evaluation,ARCHIVE_ABSENCE (run file absent),
ICON,fold_1,v10,2020-07-26,evaluation,ARCHIVE_ABSENCE (run file absent),
ICON,fold_1,radiation,2019-01-01,history,ARCHIVE_ABSENCE (outside archive span 2020-01-01..2025-08-09),
ICON,fold_1,radiation,2019-01-02,history,ARCHIVE_ABSENCE (outside archive span 2020-01-01..2025-08-09),
ICON,fold_1,radiation,2019-01-03,history,ARCHIVE_ABSENCE (outside archive span 2020-01-01..2025-08-09),
ICON,fold_1,radiation,2019-01-04,history,ARCHIVE_ABSENCE (outside archive span 2020-01-01..2025-08-09),
ICON,fold_1,radiation,2019-01-05,history,ARCHIVE_ABSENCE (outside archive span 2020-01-01..2025-08-09),
ICON,fold_1,radiation,2019-01-06,history,ARCHIVE_ABSENCE (outside archive span 2020-01-01..2025-08-09),
ICON,fold_1,radiation,2019-01-07,history,ARCHIVE_ABSENCE (outside archive span 2020-01-01..2025-08-09),
ICON,fold_1,radiation,2019-01-08,history,ARCHIVE_ABSENCE (outside archive span 2020-01-01..2025-08-09),
ICON,fold_1,radiation,2019-01-09,history,ARCHIVE_ABSENCE (outside archive span 2020-01-01..2025-08-09),
ICON,fold_1,radiation,2019-01-10,history,ARCHIVE_ABSENCE (outside archive span 2020-01-01..2025-08-09),
ICON,fold_1,radiation,2019-01-11,history,ARCHIVE_ABSENCE (outside archive span 2020-01-01..2025-08-09),
ICON,fold_1,radiation,2019-01-12,history,ARCHIVE_ABSENCE (outside archive span 2020-01-01..2025-08-09),
ICON,fold_1,radiation,2019-01-13,history,ARCHIVE_ABSENCE (outside archive span 2020-01-01..2025-08-09),
ICON,fold_1,radiation,2019-01-14,history,ARCHIVE_ABSENCE (outside archive span 2020-01-01..2025-08-09),
ICON,fold_1,radiation,2019-01-15,history,ARCHIVE_ABSENCE (outside archive span 2020-01-01..2025-08-09),
ICON,fold_1,radiation,2019-01-16,history,ARCHIVE_ABSENCE (outside archive span 2020-01-01..2025-08-09),
ICON,fold_1,radiation,2019-01-17,history,ARCHIVE_ABSENCE (outside archive span 2020-01-01..2025-08-09),
ICON,fold_1,radiation,2019-01-18,history,ARCHIVE_ABSENCE (outside archive span 2020-01-01..2025-08-09),
ICON,fold_1,radiation,2019-01-19,history,ARCHIVE_ABSENCE (outside archive span 2020-01-01..2025-08-09),
ICON,fold_1,radiation,2019-01-20,history,ARCHIVE_ABSENCE (outside archive span 2020-01-01..2025-08-09),
ICON,fold_1,radiation,2019-01-21,history,ARCHIVE_ABSENCE (outside archive span 2020-01-01..2025-08-09),
ICON,fold_1,radiation,2019-01-22,history,ARCHIVE_ABSENCE (outside archive span 2020-01-01..2025-08-09),
ICON,fold_1,radiation,2019-01-23,history,ARCHIVE_ABSENCE (outside archive span 2020-01-01..2025-08-09),
ICON,fold_1,radiation,2019-01-24,history,ARCHIVE_ABSENCE (outside archive span 2020-01-01..2025-08-09),
ICON,fold_1,radiation,2019-01-25,history,ARCHIVE_ABSENCE (outside archive span 2020-01-01..2025-08-09),
ICON,fold_1,radiation,2019-01-26,history,ARCHIVE_ABSENCE (outside archive span 2020-01-01..2025-08-09),
ICON,fold_1,radiation,2019-01-27,history,ARCHIVE_ABSENCE (outside archive span 2020-01-01..2025-08-09),
ICON,fold_1,radiation,2019-01-28,history,ARCHIVE_ABSENCE (outside archive span 2020-01-01..2025-08-09),
ICON,fold_1,radiation,2019-01-29,history,ARCHIVE_ABSENCE (outside archive span 2020-01-01..2025-08-09),
ICON,fold_1,radiation,2019-01-30,history,ARCHIVE_ABSENCE (outside archive span 2020-01-01..2025-08-09),
ICON,fold_1,radiation,2019-01-31,history,ARCHIVE_ABSENCE (outside archive span 2020-01-01..2025-08-09),
ICON,fold_1,radiation,2019-02-01,history,ARCHIVE_ABSENCE (outside archive span 2020-01-01..2025-08-09),
ICON,fold_1,radiation,2019-02-02,history,ARCHIVE_ABSENCE (outside archive span 2020-01-01..2025-08-09),
ICON,fold_1,radiation,2019-02-03,history,ARCHIVE_ABSENCE (outside archive span 2020-01-01..2025-08-09),
ICON,fold_1,radiation,2019-02-04,history,ARCHIVE_ABSENCE (outside archive span 2020-01-01..2025-08-09),
ICON,fold_1,radiation,2019-02-05,history,ARCHIVE_ABSENCE (outside archive span 2020-01-01..2025-08-09),
ICON,fold_1,radiation,2019-02-06,history,ARCHIVE_ABSENCE (outside archive span 2020-01-01..2025-08-09),
ICON,fold_1,radiation,2019-02-07,history,ARCHIVE_ABSENCE (outside archive span 2020-01-01..2025-08-09),
ICON,fold_1,radiation,2019-02-08,history,ARCHIVE_ABSENCE (outside archive span 2020-01-01..2025-08-09),
ICON,fold_1,radiation,2019-02-09,history,ARCHIVE_ABSENCE (outside archive span 2020-01-01..2025-08-09),
ICON,fold_1,radiation,2019-02-10,history,ARCHIVE_ABSENCE (outside archive span 2020-01-01..2025-08-09),
ICON,fold_1,radiation,2019-02-11,history,ARCHIVE_ABSENCE (outside archive span 2020-01-01..2025-08-09),
ICON,fold_1,radiation,2019-02-12,history,ARCHIVE_ABSENCE (outside archive span 2020-01-01..2025-08-09),
ICON,fold_1,radiation,2019-02-13,history,ARCHIVE_ABSENCE (outside archive span 2020-01-01..2025-08-09),
ICON,fold_1,radiation,2019-02-14,history,ARCHIVE_ABSENCE (outside archive span 2020-01-01..2025-08-09),
ICON,fold_1,radiation,2019-02-15,history,ARCHIVE_ABSENCE (outside archive span 2020-01-01..2025-08-09),
ICON,fold_1,radiation,2019-02-16,history,ARCHIVE_ABSENCE (outside archive span 2020-01-01..2025-08-09),
ICON,fold_1,radiation,2019-02-17,history,ARCHIVE_ABSENCE (outside archive span 2020-01-01..2025-08-09),
ICON,fold_1,radiation,2019-02-18,history,ARCHIVE_ABSENCE (outside archive span 2020-01-01..2025-08-09),
ICON,fold_1,radiation,2019-02-19,history,ARCHIVE_ABSENCE (outside archive span 2020-01-01..2025-08-09),
ICON,fold_1,radiation,2019-02-20,history,ARCHIVE_ABSENCE (outside archive span 2020-01-01..2025-08-09),
ICON,fold_1,radiation,2019-02-21,history,ARCHIVE_ABSENCE (outside archive span 2020-01-01..2025-08-09),
ICON,fold_1,radiation,2019-02-22,history,ARCHIVE_ABSENCE (outside archive span 2020-01-01..2025-08-09),
ICON,fold_1,radiation,2019-02-23,history,ARCHIVE_ABSENCE (outside archive span 2020-01-01..2025-08-09),
ICON,fold_1,radiation,2019-02-24,history,ARCHIVE_ABSENCE (outside archive span 2020-01-01..2025-08-09),
ICON,fold_1,radiation,2019-02-25,history,ARCHIVE_ABSENCE (outside archive span 2020-01-01..2025-08-09),
ICON,fold_1,radiation,2019-02-26,history,ARCHIVE_ABSENCE (outside archive span 2020-01-01..2025-08-09),
ICON,fold_1,radiation,2019-02-27,history,ARCHIVE_ABSENCE (outside archive span 2020-01-01..2025-08-09),
ICON,fold_1,radiation,2019-02-28,history,ARCHIVE_ABSENCE (outside archive span 2020-01-01..2025-08-09),
ICON,fold_1,radiation,2019-03-01,history,ARCHIVE_ABSENCE (outside archive span 2020-01-01..2025-08-09),
ICON,fold_1,radiation,2019-03-02,history,ARCHIVE_ABSENCE (outside archive span 2020-01-01..2025-08-09),
ICON,fold_1,radiation,2019-03-03,history,ARCHIVE_ABSENCE (outside archive span 2020-01-01..2025-08-09),
ICON,fold_1,radiation,2019-03-04,history,ARCHIVE_ABSENCE (outside archive span 2020-01-01..2025-08-09),
ICON,fold_1,radiation,2019-03-05,history,ARCHIVE_ABSENCE (outside archive span 2020-01-01..2025-08-09),
ICON,fold_1,radiation,2019-03-06,history,ARCHIVE_ABSENCE (outside archive span 2020-01-01..2025-08-09),
ICON,fold_1,radiation,2019-03-07,history,ARCHIVE_ABSENCE (outside archive span 2020-01-01..2025-08-09),
ICON,fold_1,radiation,2019-03-08,history,ARCHIVE_ABSENCE (outside archive span 2020-01-01..2025-08-09),
ICON,fold_1,radiation,2019-03-09,history,ARCHIVE_ABSENCE (outside archive span 2020-01-01..2025-08-09),
ICON,fold_1,radiation,2019-03-10,history,ARCHIVE_ABSENCE (outside archive span 2020-01-01..2025-08-09),
ICON,fold_1,radiation,2019-03-11,history,ARCHIVE_ABSENCE (outside archive span 2020-01-01..2025-08-09),
ICON,fold_1,radiation,2019-03-12,history,ARCHIVE_ABSENCE (outside archive span 2020-01-01..2025-08-09),
ICON,fold_1,radiation,2019-03-13,history,ARCHIVE_ABSENCE (outside archive span 2020-01-01..2025-08-09),
ICON,fold_1,radiation,2019-03-14,history,ARCHIVE_ABSENCE (outside archive span 2020-01-01..2025-08-09),
ICON,fold_1,radiation,2019-03-15,history,ARCHIVE_ABSENCE (outside archive span 2020-01-01..2025-08-09),
ICON,fold_1,radiation,2019-03-16,history,ARCHIVE_ABSENCE (outside archive span 2020-01-01..2025-08-09),
ICON,fold_1,radiation,2019-03-17,history,ARCHIVE_ABSENCE (outside archive span 2020-01-01..2025-08-09),
ICON,fold_1,radiation,2019-03-18,history,ARCHIVE_ABSENCE (outside archive span 2020-01-01..2025-08-09),
ICON,fold_1,radiation,2019-03-19,history,ARCHIVE_ABSENCE (outside archive span 2020-01-01..2025-08-09),
ICON,fold_1,radiation,2019-03-20,history,ARCHIVE_ABSENCE (outside archive span 2020-01-01..2025-08-09),
ICON,fold_1,radiation,2019-03-21,history,ARCHIVE_ABSENCE (outside archive span 2020-01-01..2025-08-09),
ICON,fold_1,radiation,2019-03-22,history,ARCHIVE_ABSENCE (outside archive span 2020-01-01..2025-08-09),
ICON,fold_1,radiation,2019-03-23,history,ARCHIVE_ABSENCE (outside archive span 2020-01-01..2025-08-09),
ICON,fold_1,radiation,2019-03-24,history,ARCHIVE_ABSENCE (outside archive span 2020-01-01..2025-08-09),
ICON,fold_1,radiation,2019-03-25,history,ARCHIVE_ABSENCE (outside archive span 2020-01-01..2025-08-09),
ICON,fold_1,radiation,2019-03-26,history,ARCHIVE_ABSENCE (outside archive span 2020-01-01..2025-08-09),
ICON,fold_1,radiation,2019-03-27,history,ARCHIVE_ABSENCE (outside archive span 2020-01-01..2025-08-09),
ICON,fold_1,radiation,2019-03-28,history,ARCHIVE_ABSENCE (outside archive span 2020-01-01..2025-08-09),
ICON,fold_1,radiation,2019-03-29,history,ARCHIVE_ABSENCE (outside archive span 2020-01-01..2025-08-09),
ICON,fold_1,radiation,2019-03-30,history,ARCHIVE_ABSENCE (outside archive span 2020-01-01..2025-08-09),
ICON,fold_1,radiation,2019-03-31,history,ARCHIVE_ABSENCE (outside archive span 2020-01-01..2025-08-09),
ICON,fold_1,radiation,2019-04-01,history,ARCHIVE_ABSENCE (outside archive span 2020-01-01..2025-08-09),
ICON,fold_1,radiation,2019-04-02,history,ARCHIVE_ABSENCE (outside archive span 2020-01-01..2025-08-09),
ICON,fold_1,radiation,2019-04-03,history,ARCHIVE_ABSENCE (outside archive span 2020-01-01..2025-08-09),
ICON,fold_1,radiation,2019-04-04,history,ARCHIVE_ABSENCE (outside archive span 2020-01-01..2025-08-09),
ICON,fold_1,radiation,2019-04-05,history,ARCHIVE_ABSENCE (outside archive span 2020-01-01..2025-08-09),
ICON,fold_1,radiation,2019-04-06,history,ARCHIVE_ABSENCE (outside archive span 2020-01-01..2025-08-09),
ICON,fold_1,radiation,2019-04-07,history,ARCHIVE_ABSENCE (outside archive span 2020-01-01..2025-08-09),
ICON,fold_1,radiation,2019-04-08,history,ARCHIVE_ABSENCE (outside archive span 2020-01-01..2025-08-09),
ICON,fold_1,radiation,2019-04-09,history,ARCHIVE_ABSENCE (outside archive span 2020-01-01..2025-08-09),
ICON,fold_1,radiation,2019-04-10,history,ARCHIVE_ABSENCE (outside archive span 2020-01-01..2025-08-09),
ICON,fold_1,radiation,2019-04-11,history,ARCHIVE_ABSENCE (outside archive span 2020-01-01..2025-08-09),
ICON,fold_1,radiation,2019-04-12,history,ARCHIVE_ABSENCE (outside archive span 2020-01-01..2025-08-09),
ICON,fold_1,radiation,2019-04-13,history,ARCHIVE_ABSENCE (outside archive span 2020-01-01..2025-08-09),
ICON,fold_1,radiation,2019-04-14,history,ARCHIVE_ABSENCE (outside archive span 2020-01-01..2025-08-09),
ICON,fold_1,radiation,2019-04-15,history,ARCHIVE_ABSENCE (outside archive span 2020-01-01..2025-08-09),
ICON,fold_1,radiation,2019-04-16,history,ARCHIVE_ABSENCE (outside archive span 2020-01-01..2025-08-09),
ICON,fold_1,radiation,2019-04-17,history,ARCHIVE_ABSENCE (outside archive span 2020-01-01..2025-08-09),
ICON,fold_1,radiation,2019-04-18,history,ARCHIVE_ABSENCE (outside archive span 2020-01-01..2025-08-09),
ICON,fold_1,radiation,2019-04-19,history,ARCHIVE_ABSENCE (outside archive span 2020-01-01..2025-08-09),
ICON,fold_1,radiation,2019-04-20,history,ARCHIVE_ABSENCE (outside archive span 2020-01-01..2025-08-09),
ICON,fold_1,radiation,2019-04-21,history,ARCHIVE_ABSENCE (outside archive span 2020-01-01..2025-08-09),
ICON,fold_1,radiation,2019-04-22,history,ARCHIVE_ABSENCE (outside archive span 2020-01-01..2025-08-09),
ICON,fold_1,radiation,2019-04-23,history,ARCHIVE_ABSENCE (outside archive span 2020-01-01..2025-08-09),
ICON,fold_1,radiation,2019-04-24,history,ARCHIVE_ABSENCE (outside archive span 2020-01-01..2025-08-09),
ICON,fold_1,radiation,2019-04-25,history,ARCHIVE_ABSENCE (outside archive span 2020-01-01..2025-08-09),
ICON,fold_1,radiation,2019-04-26,history,ARCHIVE_ABSENCE (outside archive span 2020-01-01..2025-08-09),
ICON,fold_1,radiation,2019-04-27,history,ARCHIVE_ABSENCE (outside archive span 2020-01-01..2025-08-09),
ICON,fold_1,radiation,2019-04-28,history,ARCHIVE_ABSENCE (outside archive span 2020-01-01..2025-08-09),
ICON,fold_1,radiation,2019-04-29,history,ARCHIVE_ABSENCE (outside archive span 2020-01-01..2025-08-09),
ICON,fold_1,radiation,2019-04-30,history,ARCHIVE_ABSENCE (outside archive span 2020-01-01..2025-08-09),
ICON,fold_1,radiation,2019-05-01,history,ARCHIVE_ABSENCE (outside archive span 2020-01-01..2025-08-09),
ICON,fold_1,radiation,2019-05-02,history,ARCHIVE_ABSENCE (outside archive span 2020-01-01..2025-08-09),
ICON,fold_1,radiation,2019-05-03,history,ARCHIVE_ABSENCE (outside archive span 2020-01-01..2025-08-09),
ICON,fold_1,radiation,2019-05-04,history,ARCHIVE_ABSENCE (outside archive span 2020-01-01..2025-08-09),
ICON,fold_1,radiation,2019-05-05,history,ARCHIVE_ABSENCE (outside archive span 2020-01-01..2025-08-09),
ICON,fold_1,radiation,2019-05-06,history,ARCHIVE_ABSENCE (outside archive span 2020-01-01..2025-08-09),
ICON,fold_1,radiation,2019-05-07,history,ARCHIVE_ABSENCE (outside archive span 2020-01-01..2025-08-09),
ICON,fold_1,radiation,2019-05-08,history,ARCHIVE_ABSENCE (outside archive span 2020-01-01..2025-08-09),
ICON,fold_1,radiation,2019-05-09,history,ARCHIVE_ABSENCE (outside archive span 2020-01-01..2025-08-09),
ICON,fold_1,radiation,2019-05-10,history,ARCHIVE_ABSENCE (outside archive span 2020-01-01..2025-08-09),
ICON,fold_1,radiation,2019-05-11,history,ARCHIVE_ABSENCE (outside archive span 2020-01-01..2025-08-09),
ICON,fold_1,radiation,2019-05-12,history,ARCHIVE_ABSENCE (outside archive span 2020-01-01..2025-08-09),
ICON,fold_1,radiation,2019-05-13,history,ARCHIVE_ABSENCE (outside archive span 2020-01-01..2025-08-09),
ICON,fold_1,radiation,2019-05-14,history,ARCHIVE_ABSENCE (outside archive span 2020-01-01..2025-08-09),
ICON,fold_1,radiation,2019-05-15,history,ARCHIVE_ABSENCE (outside archive span 2020-01-01..2025-08-09),
ICON,fold_1,radiation,2019-05-16,history,ARCHIVE_ABSENCE (outside archive span 2020-01-01..2025-08-09),
ICON,fold_1,radiation,2019-05-17,history,ARCHIVE_ABSENCE (outside archive span 2020-01-01..2025-08-09),
ICON,fold_1,radiation,2019-05-18,history,ARCHIVE_ABSENCE (outside archive span 2020-01-01..2025-08-09),
ICON,fold_1,radiation,2019-05-19,history,ARCHIVE_ABSENCE (outside archive span 2020-01-01..2025-08-09),
ICON,fold_1,radiation,2019-05-20,history,ARCHIVE_ABSENCE (outside archive span 2020-01-01..2025-08-09),
ICON,fold_1,radiation,2019-05-21,history,ARCHIVE_ABSENCE (outside archive span 2020-01-01..2025-08-09),
ICON,fold_1,radiation,2019-05-22,history,ARCHIVE_ABSENCE (outside archive span 2020-01-01..2025-08-09),
ICON,fold_1,radiation,2019-05-23,history,ARCHIVE_ABSENCE (outside archive span 2020-01-01..2025-08-09),
ICON,fold_1,radiation,2019-05-24,history,ARCHIVE_ABSENCE (outside archive span 2020-01-01..2025-08-09),
ICON,fold_1,radiation,2019-05-25,history,ARCHIVE_ABSENCE (outside archive span 2020-01-01..2025-08-09),
ICON,fold_1,radiation,2019-05-26,history,ARCHIVE_ABSENCE (outside archive span 2020-01-01..2025-08-09),
ICON,fold_1,radiation,2019-05-27,history,ARCHIVE_ABSENCE (outside archive span 2020-01-01..2025-08-09),
ICON,fold_1,radiation,2019-05-28,history,ARCHIVE_ABSENCE (outside archive span 2020-01-01..2025-08-09),
ICON,fold_1,radiation,2019-05-29,history,ARCHIVE_ABSENCE (outside archive span 2020-01-01..2025-08-09),
ICON,fold_1,radiation,2019-05-30,history,ARCHIVE_ABSENCE (outside archive span 2020-01-01..2025-08-09),
ICON,fold_1,radiation,2019-05-31,history,ARCHIVE_ABSENCE (outside archive span 2020-01-01..2025-08-09),
ICON,fold_1,radiation,2019-06-01,history,ARCHIVE_ABSENCE (outside archive span 2020-01-01..2025-08-09),
ICON,fold_1,radiation,2019-06-02,history,ARCHIVE_ABSENCE (outside archive span 2020-01-01..2025-08-09),
ICON,fold_1,radiation,2019-06-03,history,ARCHIVE_ABSENCE (outside archive span 2020-01-01..2025-08-09),
ICON,fold_1,radiation,2019-06-04,history,ARCHIVE_ABSENCE (outside archive span 2020-01-01..2025-08-09),
ICON,fold_1,radiation,2019-06-05,history,ARCHIVE_ABSENCE (outside archive span 2020-01-01..2025-08-09),
ICON,fold_1,radiation,2019-06-06,history,ARCHIVE_ABSENCE (outside archive span 2020-01-01..2025-08-09),
ICON,fold_1,radiation,2019-06-07,history,ARCHIVE_ABSENCE (outside archive span 2020-01-01..2025-08-09),
ICON,fold_1,radiation,2019-06-08,history,ARCHIVE_ABSENCE (outside archive span 2020-01-01..2025-08-09),
ICON,fold_1,radiation,2019-06-09,history,ARCHIVE_ABSENCE (outside archive span 2020-01-01..2025-08-09),
ICON,fold_1,radiation,2019-06-10,history,ARCHIVE_ABSENCE (outside archive span 2020-01-01..2025-08-09),
ICON,fold_1,radiation,2019-06-11,history,ARCHIVE_ABSENCE (outside archive span 2020-01-01..2025-08-09),
ICON,fold_1,radiation,2019-06-12,history,ARCHIVE_ABSENCE (outside archive span 2020-01-01..2025-08-09),
ICON,fold_1,radiation,2019-06-13,history,ARCHIVE_ABSENCE (outside archive span 2020-01-01..2025-08-09),
ICON,fold_1,radiation,2019-06-14,history,ARCHIVE_ABSENCE (outside archive span 2020-01-01..2025-08-09),
ICON,fold_1,radiation,2019-06-15,history,ARCHIVE_ABSENCE (outside archive span 2020-01-01..2025-08-09),
ICON,fold_1,radiation,2019-06-16,history,ARCHIVE_ABSENCE (outside archive span 2020-01-01..2025-08-09),
ICON,fold_1,radiation,2019-06-17,history,ARCHIVE_ABSENCE (outside archive span 2020-01-01..2025-08-09),
ICON,fold_1,radiation,2019-06-18,history,ARCHIVE_ABSENCE (outside archive span 2020-01-01..2025-08-09),
ICON,fold_1,radiation,2019-06-19,history,ARCHIVE_ABSENCE (outside archive span 2020-01-01..2025-08-09),
ICON,fold_1,radiation,2019-06-20,history,ARCHIVE_ABSENCE (outside archive span 2020-01-01..2025-08-09),
ICON,fold_1,radiation,2019-06-21,history,ARCHIVE_ABSENCE (outside archive span 2020-01-01..2025-08-09),
ICON,fold_1,radiation,2019-06-22,history,ARCHIVE_ABSENCE (outside archive span 2020-01-01..2025-08-09),
ICON,fold_1,radiation,2019-06-23,history,ARCHIVE_ABSENCE (outside archive span 2020-01-01..2025-08-09),
ICON,fold_1,radiation,2019-06-24,history,ARCHIVE_ABSENCE (outside archive span 2020-01-01..2025-08-09),
ICON,fold_1,radiation,2019-06-25,history,ARCHIVE_ABSENCE (outside archive span 2020-01-01..2025-08-09),
ICON,fold_1,radiation,2019-06-26,history,ARCHIVE_ABSENCE (outside archive span 2020-01-01..2025-08-09),
ICON,fold_1,radiation,2019-06-27,history,ARCHIVE_ABSENCE (outside archive span 2020-01-01..2025-08-09),
ICON,fold_1,radiation,2019-06-28,history,ARCHIVE_ABSENCE (outside archive span 2020-01-01..2025-08-09),
ICON,fold_1,radiation,2019-06-29,history,ARCHIVE_ABSENCE (outside archive span 2020-01-01..2025-08-09),
ICON,fold_1,radiation,2019-06-30,history,ARCHIVE_ABSENCE (outside archive span 2020-01-01..2025-08-09),
ICON,fold_1,radiation,2019-07-01,history,ARCHIVE_ABSENCE (outside archive span 2020-01-01..2025-08-09),
ICON,fold_1,radiation,2019-07-02,history,ARCHIVE_ABSENCE (outside archive span 2020-01-01..2025-08-09),
ICON,fold_1,radiation,2019-07-03,history,ARCHIVE_ABSENCE (outside archive span 2020-01-01..2025-08-09),
ICON,fold_1,radiation,2019-07-04,history,ARCHIVE_ABSENCE (outside archive span 2020-01-01..2025-08-09),
ICON,fold_1,radiation,2019-07-05,history,ARCHIVE_ABSENCE (outside archive span 2020-01-01..2025-08-09),
ICON,fold_1,radiation,2019-07-06,history,ARCHIVE_ABSENCE (outside archive span 2020-01-01..2025-08-09),
ICON,fold_1,radiation,2019-07-07,history,ARCHIVE_ABSENCE (outside archive span 2020-01-01..2025-08-09),
ICON,fold_1,radiation,2019-07-08,history,ARCHIVE_ABSENCE (outside archive span 2020-01-01..2025-08-09),
ICON,fold_1,radiation,2019-07-09,history,ARCHIVE_ABSENCE (outside archive span 2020-01-01..2025-08-09),
ICON,fold_1,radiation,2019-07-10,history,ARCHIVE_ABSENCE (outside archive span 2020-01-01..2025-08-09),
ICON,fold_1,radiation,2019-07-11,history,ARCHIVE_ABSENCE (outside archive span 2020-01-01..2025-08-09),
ICON,fold_1,radiation,2019-07-12,history,ARCHIVE_ABSENCE (outside archive span 2020-01-01..2025-08-09),
ICON,fold_1,radiation,2019-07-13,history,ARCHIVE_ABSENCE (outside archive span 2020-01-01..2025-08-09),
ICON,fold_1,radiation,2019-07-14,history,ARCHIVE_ABSENCE (outside archive span 2020-01-01..2025-08-09),
ICON,fold_1,radiation,2019-07-15,history,ARCHIVE_ABSENCE (outside archive span 2020-01-01..2025-08-09),
ICON,fold_1,radiation,2019-07-16,history,ARCHIVE_ABSENCE (outside archive span 2020-01-01..2025-08-09),
ICON,fold_1,radiation,2019-07-17,history,ARCHIVE_ABSENCE (outside archive span 2020-01-01..2025-08-09),
ICON,fold_1,radiation,2019-07-18,history,ARCHIVE_ABSENCE (outside archive span 2020-01-01..2025-08-09),
ICON,fold_1,radiation,2019-07-19,history,ARCHIVE_ABSENCE (outside archive span 2020-01-01..2025-08-09),
ICON,fold_1,radiation,2019-07-20,history,ARCHIVE_ABSENCE (outside archive span 2020-01-01..2025-08-09),
ICON,fold_1,radiation,2019-07-21,history,ARCHIVE_ABSENCE (outside archive span 2020-01-01..2025-08-09),
ICON,fold_1,radiation,2019-07-22,history,ARCHIVE_ABSENCE (outside archive span 2020-01-01..2025-08-09),
ICON,fold_1,radiation,2019-07-23,history,ARCHIVE_ABSENCE (outside archive span 2020-01-01..2025-08-09),
ICON,fold_1,radiation,2019-07-24,history,ARCHIVE_ABSENCE (outside archive span 2020-01-01..2025-08-09),
ICON,fold_1,radiation,2019-07-25,history,ARCHIVE_ABSENCE (outside archive span 2020-01-01..2025-08-09),
ICON,fold_1,radiation,2019-07-26,history,ARCHIVE_ABSENCE (outside archive span 2020-01-01..2025-08-09),
ICON,fold_1,radiation,2019-07-27,history,ARCHIVE_ABSENCE (outside archive span 2020-01-01..2025-08-09),
ICON,fold_1,radiation,2019-07-28,history,ARCHIVE_ABSENCE (outside archive span 2020-01-01..2025-08-09),
ICON,fold_1,radiation,2019-07-29,history,ARCHIVE_ABSENCE (outside archive span 2020-01-01..2025-08-09),
ICON,fold_1,radiation,2019-07-30,history,ARCHIVE_ABSENCE (outside archive span 2020-01-01..2025-08-09),
ICON,fold_1,radiation,2019-07-31,history,ARCHIVE_ABSENCE (outside archive span 2020-01-01..2025-08-09),
ICON,fold_1,radiation,2019-08-01,history,ARCHIVE_ABSENCE (outside archive span 2020-01-01..2025-08-09),
ICON,fold_1,radiation,2019-08-02,history,ARCHIVE_ABSENCE (outside archive span 2020-01-01..2025-08-09),
ICON,fold_1,radiation,2019-08-03,history,ARCHIVE_ABSENCE (outside archive span 2020-01-01..2025-08-09),
ICON,fold_1,radiation,2019-08-04,history,ARCHIVE_ABSENCE (outside archive span 2020-01-01..2025-08-09),
ICON,fold_1,radiation,2019-08-05,history,ARCHIVE_ABSENCE (outside archive span 2020-01-01..2025-08-09),
ICON,fold_1,radiation,2019-08-06,history,ARCHIVE_ABSENCE (outside archive span 2020-01-01..2025-08-09),
ICON,fold_1,radiation,2019-08-07,history,ARCHIVE_ABSENCE (outside archive span 2020-01-01..2025-08-09),
ICON,fold_1,radiation,2019-08-08,history,ARCHIVE_ABSENCE (outside archive span 2020-01-01..2025-08-09),
ICON,fold_1,radiation,2019-08-09,history,ARCHIVE_ABSENCE (outside archive span 2020-01-01..2025-08-09),
ICON,fold_1,radiation,2019-08-10,history,ARCHIVE_ABSENCE (outside archive span 2020-01-01..2025-08-09),
ICON,fold_1,radiation,2019-08-11,history,ARCHIVE_ABSENCE (outside archive span 2020-01-01..2025-08-09),
ICON,fold_1,radiation,2019-08-12,history,ARCHIVE_ABSENCE (outside archive span 2020-01-01..2025-08-09),
ICON,fold_1,radiation,2019-08-13,history,ARCHIVE_ABSENCE (outside archive span 2020-01-01..2025-08-09),
ICON,fold_1,radiation,2019-08-14,history,ARCHIVE_ABSENCE (outside archive span 2020-01-01..2025-08-09),
ICON,fold_1,radiation,2019-08-15,history,ARCHIVE_ABSENCE (outside archive span 2020-01-01..2025-08-09),
ICON,fold_1,radiation,2019-08-16,history,ARCHIVE_ABSENCE (outside archive span 2020-01-01..2025-08-09),
ICON,fold_1,radiation,2019-08-17,history,ARCHIVE_ABSENCE (outside archive span 2020-01-01..2025-08-09),
ICON,fold_1,radiation,2019-08-18,history,ARCHIVE_ABSENCE (outside archive span 2020-01-01..2025-08-09),
ICON,fold_1,radiation,2019-08-19,history,ARCHIVE_ABSENCE (outside archive span 2020-01-01..2025-08-09),
ICON,fold_1,radiation,2019-08-20,history,ARCHIVE_ABSENCE (outside archive span 2020-01-01..2025-08-09),
ICON,fold_1,radiation,2019-08-21,history,ARCHIVE_ABSENCE (outside archive span 2020-01-01..2025-08-09),
ICON,fold_1,radiation,2019-08-22,history,ARCHIVE_ABSENCE (outside archive span 2020-01-01..2025-08-09),
ICON,fold_1,radiation,2019-08-23,history,ARCHIVE_ABSENCE (outside archive span 2020-01-01..2025-08-09),
ICON,fold_1,radiation,2019-08-24,history,ARCHIVE_ABSENCE (outside archive span 2020-01-01..2025-08-09),
ICON,fold_1,radiation,2019-08-25,history,ARCHIVE_ABSENCE (outside archive span 2020-01-01..2025-08-09),
ICON,fold_1,radiation,2019-08-26,history,ARCHIVE_ABSENCE (outside archive span 2020-01-01..2025-08-09),
ICON,fold_1,radiation,2019-08-27,history,ARCHIVE_ABSENCE (outside archive span 2020-01-01..2025-08-09),
ICON,fold_1,radiation,2019-08-28,history,ARCHIVE_ABSENCE (outside archive span 2020-01-01..2025-08-09),
ICON,fold_1,radiation,2019-08-29,history,ARCHIVE_ABSENCE (outside archive span 2020-01-01..2025-08-09),
ICON,fold_1,radiation,2019-08-30,history,ARCHIVE_ABSENCE (outside archive span 2020-01-01..2025-08-09),
ICON,fold_1,radiation,2019-08-31,history,ARCHIVE_ABSENCE (outside archive span 2020-01-01..2025-08-09),
ICON,fold_1,radiation,2019-09-01,history,ARCHIVE_ABSENCE (outside archive span 2020-01-01..2025-08-09),
ICON,fold_1,radiation,2019-09-02,history,ARCHIVE_ABSENCE (outside archive span 2020-01-01..2025-08-09),
ICON,fold_1,radiation,2019-09-03,history,ARCHIVE_ABSENCE (outside archive span 2020-01-01..2025-08-09),
ICON,fold_1,radiation,2019-09-04,history,ARCHIVE_ABSENCE (outside archive span 2020-01-01..2025-08-09),
ICON,fold_1,radiation,2019-09-05,history,ARCHIVE_ABSENCE (outside archive span 2020-01-01..2025-08-09),
ICON,fold_1,radiation,2019-09-06,history,ARCHIVE_ABSENCE (outside archive span 2020-01-01..2025-08-09),
ICON,fold_1,radiation,2019-09-07,history,ARCHIVE_ABSENCE (outside archive span 2020-01-01..2025-08-09),
ICON,fold_1,radiation,2019-09-08,history,ARCHIVE_ABSENCE (outside archive span 2020-01-01..2025-08-09),
ICON,fold_1,radiation,2019-09-09,history,ARCHIVE_ABSENCE (outside archive span 2020-01-01..2025-08-09),
ICON,fold_1,radiation,2019-09-10,history,ARCHIVE_ABSENCE (outside archive span 2020-01-01..2025-08-09),
ICON,fold_1,radiation,2019-09-11,history,ARCHIVE_ABSENCE (outside archive span 2020-01-01..2025-08-09),
ICON,fold_1,radiation,2019-09-12,history,ARCHIVE_ABSENCE (outside archive span 2020-01-01..2025-08-09),
ICON,fold_1,radiation,2019-09-13,history,ARCHIVE_ABSENCE (outside archive span 2020-01-01..2025-08-09),
ICON,fold_1,radiation,2019-09-14,history,ARCHIVE_ABSENCE (outside archive span 2020-01-01..2025-08-09),
ICON,fold_1,radiation,2019-09-15,history,ARCHIVE_ABSENCE (outside archive span 2020-01-01..2025-08-09),
ICON,fold_1,radiation,2019-09-16,history,ARCHIVE_ABSENCE (outside archive span 2020-01-01..2025-08-09),
ICON,fold_1,radiation,2019-09-17,history,ARCHIVE_ABSENCE (outside archive span 2020-01-01..2025-08-09),
ICON,fold_1,radiation,2019-09-18,history,ARCHIVE_ABSENCE (outside archive span 2020-01-01..2025-08-09),
ICON,fold_1,radiation,2019-09-19,history,ARCHIVE_ABSENCE (outside archive span 2020-01-01..2025-08-09),
ICON,fold_1,radiation,2019-09-20,history,ARCHIVE_ABSENCE (outside archive span 2020-01-01..2025-08-09),
ICON,fold_1,radiation,2019-09-21,history,ARCHIVE_ABSENCE (outside archive span 2020-01-01..2025-08-09),
ICON,fold_1,radiation,2019-09-22,history,ARCHIVE_ABSENCE (outside archive span 2020-01-01..2025-08-09),
ICON,fold_1,radiation,2019-09-23,history,ARCHIVE_ABSENCE (outside archive span 2020-01-01..2025-08-09),
ICON,fold_1,radiation,2019-09-24,history,ARCHIVE_ABSENCE (outside archive span 2020-01-01..2025-08-09),
ICON,fold_1,radiation,2019-09-25,history,ARCHIVE_ABSENCE (outside archive span 2020-01-01..2025-08-09),
ICON,fold_1,radiation,2019-09-26,history,ARCHIVE_ABSENCE (outside archive span 2020-01-01..2025-08-09),
ICON,fold_1,radiation,2019-09-27,history,ARCHIVE_ABSENCE (outside archive span 2020-01-01..2025-08-09),
ICON,fold_1,radiation,2019-09-28,history,ARCHIVE_ABSENCE (outside archive span 2020-01-01..2025-08-09),
ICON,fold_1,radiation,2019-09-29,history,ARCHIVE_ABSENCE (outside archive span 2020-01-01..2025-08-09),
ICON,fold_1,radiation,2019-09-30,history,ARCHIVE_ABSENCE (outside archive span 2020-01-01..2025-08-09),
ICON,fold_1,radiation,2019-10-01,history,ARCHIVE_ABSENCE (outside archive span 2020-01-01..2025-08-09),
ICON,fold_1,radiation,2019-10-02,history,ARCHIVE_ABSENCE (outside archive span 2020-01-01..2025-08-09),
ICON,fold_1,radiation,2019-10-03,history,ARCHIVE_ABSENCE (outside archive span 2020-01-01..2025-08-09),
ICON,fold_1,radiation,2019-10-04,history,ARCHIVE_ABSENCE (outside archive span 2020-01-01..2025-08-09),
ICON,fold_1,radiation,2019-10-05,history,ARCHIVE_ABSENCE (outside archive span 2020-01-01..2025-08-09),
ICON,fold_1,radiation,2019-10-06,history,ARCHIVE_ABSENCE (outside archive span 2020-01-01..2025-08-09),
ICON,fold_1,radiation,2019-10-07,history,ARCHIVE_ABSENCE (outside archive span 2020-01-01..2025-08-09),
ICON,fold_1,radiation,2019-10-08,history,ARCHIVE_ABSENCE (outside archive span 2020-01-01..2025-08-09),
ICON,fold_1,radiation,2019-10-09,history,ARCHIVE_ABSENCE (outside archive span 2020-01-01..2025-08-09),
ICON,fold_1,radiation,2019-10-10,history,ARCHIVE_ABSENCE (outside archive span 2020-01-01..2025-08-09),
ICON,fold_1,radiation,2019-10-11,history,ARCHIVE_ABSENCE (outside archive span 2020-01-01..2025-08-09),
ICON,fold_1,radiation,2019-10-12,history,ARCHIVE_ABSENCE (outside archive span 2020-01-01..2025-08-09),
ICON,fold_1,radiation,2019-10-13,history,ARCHIVE_ABSENCE (outside archive span 2020-01-01..2025-08-09),
ICON,fold_1,radiation,2019-10-14,history,ARCHIVE_ABSENCE (outside archive span 2020-01-01..2025-08-09),
ICON,fold_1,radiation,2019-10-15,history,ARCHIVE_ABSENCE (outside archive span 2020-01-01..2025-08-09),
ICON,fold_1,radiation,2019-10-16,history,ARCHIVE_ABSENCE (outside archive span 2020-01-01..2025-08-09),
ICON,fold_1,radiation,2019-10-17,history,ARCHIVE_ABSENCE (outside archive span 2020-01-01..2025-08-09),
ICON,fold_1,radiation,2019-10-18,history,ARCHIVE_ABSENCE (outside archive span 2020-01-01..2025-08-09),
ICON,fold_1,radiation,2019-10-19,history,ARCHIVE_ABSENCE (outside archive span 2020-01-01..2025-08-09),
ICON,fold_1,radiation,2019-10-20,history,ARCHIVE_ABSENCE (outside archive span 2020-01-01..2025-08-09),
ICON,fold_1,radiation,2019-10-21,history,ARCHIVE_ABSENCE (outside archive span 2020-01-01..2025-08-09),
ICON,fold_1,radiation,2019-10-22,history,ARCHIVE_ABSENCE (outside archive span 2020-01-01..2025-08-09),
ICON,fold_1,radiation,2019-10-23,history,ARCHIVE_ABSENCE (outside archive span 2020-01-01..2025-08-09),
ICON,fold_1,radiation,2019-10-24,history,ARCHIVE_ABSENCE (outside archive span 2020-01-01..2025-08-09),
ICON,fold_1,radiation,2019-10-25,history,ARCHIVE_ABSENCE (outside archive span 2020-01-01..2025-08-09),
ICON,fold_1,radiation,2019-10-26,history,ARCHIVE_ABSENCE (outside archive span 2020-01-01..2025-08-09),
ICON,fold_1,radiation,2019-10-27,history,ARCHIVE_ABSENCE (outside archive span 2020-01-01..2025-08-09),
ICON,fold_1,radiation,2019-10-28,history,ARCHIVE_ABSENCE (outside archive span 2020-01-01..2025-08-09),
ICON,fold_1,radiation,2019-10-29,history,ARCHIVE_ABSENCE (outside archive span 2020-01-01..2025-08-09),
ICON,fold_1,radiation,2019-10-30,history,ARCHIVE_ABSENCE (outside archive span 2020-01-01..2025-08-09),
ICON,fold_1,radiation,2019-10-31,history,ARCHIVE_ABSENCE (outside archive span 2020-01-01..2025-08-09),
ICON,fold_1,radiation,2019-11-01,history,ARCHIVE_ABSENCE (outside archive span 2020-01-01..2025-08-09),
ICON,fold_1,radiation,2019-11-02,history,ARCHIVE_ABSENCE (outside archive span 2020-01-01..2025-08-09),
ICON,fold_1,radiation,2019-11-03,history,ARCHIVE_ABSENCE (outside archive span 2020-01-01..2025-08-09),
ICON,fold_1,radiation,2019-11-04,history,ARCHIVE_ABSENCE (outside archive span 2020-01-01..2025-08-09),
ICON,fold_1,radiation,2019-11-05,history,ARCHIVE_ABSENCE (outside archive span 2020-01-01..2025-08-09),
ICON,fold_1,radiation,2019-11-06,history,ARCHIVE_ABSENCE (outside archive span 2020-01-01..2025-08-09),
ICON,fold_1,radiation,2019-11-07,history,ARCHIVE_ABSENCE (outside archive span 2020-01-01..2025-08-09),
ICON,fold_1,radiation,2019-11-08,history,ARCHIVE_ABSENCE (outside archive span 2020-01-01..2025-08-09),
ICON,fold_1,radiation,2019-11-09,history,ARCHIVE_ABSENCE (outside archive span 2020-01-01..2025-08-09),
ICON,fold_1,radiation,2019-11-10,history,ARCHIVE_ABSENCE (outside archive span 2020-01-01..2025-08-09),
ICON,fold_1,radiation,2019-11-11,history,ARCHIVE_ABSENCE (outside archive span 2020-01-01..2025-08-09),
ICON,fold_1,radiation,2019-11-12,history,ARCHIVE_ABSENCE (outside archive span 2020-01-01..2025-08-09),
ICON,fold_1,radiation,2019-11-13,history,ARCHIVE_ABSENCE (outside archive span 2020-01-01..2025-08-09),
ICON,fold_1,radiation,2019-11-14,history,ARCHIVE_ABSENCE (outside archive span 2020-01-01..2025-08-09),
ICON,fold_1,radiation,2019-11-15,history,ARCHIVE_ABSENCE (outside archive span 2020-01-01..2025-08-09),
ICON,fold_1,radiation,2019-11-16,history,ARCHIVE_ABSENCE (outside archive span 2020-01-01..2025-08-09),
ICON,fold_1,radiation,2019-11-17,history,ARCHIVE_ABSENCE (outside archive span 2020-01-01..2025-08-09),
ICON,fold_1,radiation,2019-11-18,history,ARCHIVE_ABSENCE (outside archive span 2020-01-01..2025-08-09),
ICON,fold_1,radiation,2019-11-19,history,ARCHIVE_ABSENCE (outside archive span 2020-01-01..2025-08-09),
ICON,fold_1,radiation,2019-11-20,history,ARCHIVE_ABSENCE (outside archive span 2020-01-01..2025-08-09),
ICON,fold_1,radiation,2019-11-21,history,ARCHIVE_ABSENCE (outside archive span 2020-01-01..2025-08-09),
ICON,fold_1,radiation,2019-11-22,history,ARCHIVE_ABSENCE (outside archive span 2020-01-01..2025-08-09),
ICON,fold_1,radiation,2019-11-23,history,ARCHIVE_ABSENCE (outside archive span 2020-01-01..2025-08-09),
ICON,fold_1,radiation,2019-11-24,history,ARCHIVE_ABSENCE (outside archive span 2020-01-01..2025-08-09),
ICON,fold_1,radiation,2019-11-25,history,ARCHIVE_ABSENCE (outside archive span 2020-01-01..2025-08-09),
ICON,fold_1,radiation,2019-11-26,history,ARCHIVE_ABSENCE (outside archive span 2020-01-01..2025-08-09),
ICON,fold_1,radiation,2019-11-27,history,ARCHIVE_ABSENCE (outside archive span 2020-01-01..2025-08-09),
ICON,fold_1,radiation,2019-11-28,history,ARCHIVE_ABSENCE (outside archive span 2020-01-01..2025-08-09),
ICON,fold_1,radiation,2019-11-29,history,ARCHIVE_ABSENCE (outside archive span 2020-01-01..2025-08-09),
ICON,fold_1,radiation,2019-11-30,history,ARCHIVE_ABSENCE (outside archive span 2020-01-01..2025-08-09),
ICON,fold_1,radiation,2019-12-01,history,ARCHIVE_ABSENCE (outside archive span 2020-01-01..2025-08-09),
ICON,fold_1,radiation,2019-12-02,history,ARCHIVE_ABSENCE (outside archive span 2020-01-01..2025-08-09),
ICON,fold_1,radiation,2019-12-03,history,ARCHIVE_ABSENCE (outside archive span 2020-01-01..2025-08-09),
ICON,fold_1,radiation,2019-12-04,history,ARCHIVE_ABSENCE (outside archive span 2020-01-01..2025-08-09),
ICON,fold_1,radiation,2019-12-05,history,ARCHIVE_ABSENCE (outside archive span 2020-01-01..2025-08-09),
ICON,fold_1,radiation,2019-12-06,history,ARCHIVE_ABSENCE (outside archive span 2020-01-01..2025-08-09),
ICON,fold_1,radiation,2019-12-07,history,ARCHIVE_ABSENCE (outside archive span 2020-01-01..2025-08-09),
ICON,fold_1,radiation,2019-12-08,history,ARCHIVE_ABSENCE (outside archive span 2020-01-01..2025-08-09),
ICON,fold_1,radiation,2019-12-09,history,ARCHIVE_ABSENCE (outside archive span 2020-01-01..2025-08-09),
ICON,fold_1,radiation,2019-12-10,history,ARCHIVE_ABSENCE (outside archive span 2020-01-01..2025-08-09),
ICON,fold_1,radiation,2019-12-11,history,ARCHIVE_ABSENCE (outside archive span 2020-01-01..2025-08-09),
ICON,fold_1,radiation,2019-12-12,history,ARCHIVE_ABSENCE (outside archive span 2020-01-01..2025-08-09),
ICON,fold_1,radiation,2019-12-13,history,ARCHIVE_ABSENCE (outside archive span 2020-01-01..2025-08-09),
ICON,fold_1,radiation,2019-12-14,history,ARCHIVE_ABSENCE (outside archive span 2020-01-01..2025-08-09),
ICON,fold_1,radiation,2019-12-15,history,ARCHIVE_ABSENCE (outside archive span 2020-01-01..2025-08-09),
ICON,fold_1,radiation,2019-12-16,history,ARCHIVE_ABSENCE (outside archive span 2020-01-01..2025-08-09),
ICON,fold_1,radiation,2019-12-17,history,ARCHIVE_ABSENCE (outside archive span 2020-01-01..2025-08-09),
ICON,fold_1,radiation,2019-12-18,history,ARCHIVE_ABSENCE (outside archive span 2020-01-01..2025-08-09),
ICON,fold_1,radiation,2019-12-19,history,ARCHIVE_ABSENCE (outside archive span 2020-01-01..2025-08-09),
ICON,fold_1,radiation,2019-12-20,history,ARCHIVE_ABSENCE (outside archive span 2020-01-01..2025-08-09),
ICON,fold_1,radiation,2019-12-21,history,ARCHIVE_ABSENCE (outside archive span 2020-01-01..2025-08-09),
ICON,fold_1,radiation,2019-12-22,history,ARCHIVE_ABSENCE (outside archive span 2020-01-01..2025-08-09),
ICON,fold_1,radiation,2019-12-23,history,ARCHIVE_ABSENCE (outside archive span 2020-01-01..2025-08-09),
ICON,fold_1,radiation,2019-12-24,history,ARCHIVE_ABSENCE (outside archive span 2020-01-01..2025-08-09),
ICON,fold_1,radiation,2019-12-25,history,ARCHIVE_ABSENCE (outside archive span 2020-01-01..2025-08-09),
ICON,fold_1,radiation,2019-12-26,history,ARCHIVE_ABSENCE (outside archive span 2020-01-01..2025-08-09),
ICON,fold_1,radiation,2019-12-27,history,ARCHIVE_ABSENCE (outside archive span 2020-01-01..2025-08-09),
ICON,fold_1,radiation,2019-12-28,history,ARCHIVE_ABSENCE (outside archive span 2020-01-01..2025-08-09),
ICON,fold_1,radiation,2019-12-29,history,ARCHIVE_ABSENCE (outside archive span 2020-01-01..2025-08-09),
ICON,fold_1,radiation,2019-12-30,history,ARCHIVE_ABSENCE (outside archive span 2020-01-01..2025-08-09),
ICON,fold_1,radiation,2019-12-31,history,ARCHIVE_ABSENCE (outside archive span 2020-01-01..2025-08-09),
ICON,fold_1,radiation,2020-02-01,history,ARCHIVE_ABSENCE (run file absent),
ICON,fold_1,radiation,2020-04-03,history,ARCHIVE_ABSENCE (run file absent),
ICON,fold_1,radiation,2020-04-07,history,ARCHIVE_ABSENCE (run file absent),
ICON,fold_1,radiation,2020-06-01,warmup,ARCHIVE_ABSENCE (run file absent),
ICON,fold_1,radiation,2020-06-05,warmup,ARCHIVE_ABSENCE (run file absent),
ICON,fold_1,radiation,2020-06-25,warmup,ARCHIVE_ABSENCE (run file absent),
ICON,fold_1,radiation,2020-07-03,evaluation,ARCHIVE_ABSENCE (run file absent),
ICON,fold_1,radiation,2020-07-13,evaluation,ARCHIVE_ABSENCE (run file absent),
ICON,fold_1,radiation,2020-07-14,evaluation,ARCHIVE_ABSENCE (run file absent),
ICON,fold_1,radiation,2020-07-26,evaluation,ARCHIVE_ABSENCE (run file absent),
ICON,fold_2,u10,2019-03-03,history,ARCHIVE_ABSENCE (outside archive span 2020-01-01..2025-08-09),
ICON,fold_2,u10,2019-03-04,history,ARCHIVE_ABSENCE (outside archive span 2020-01-01..2025-08-09),
ICON,fold_2,u10,2019-03-05,history,ARCHIVE_ABSENCE (outside archive span 2020-01-01..2025-08-09),
ICON,fold_2,u10,2019-03-06,history,ARCHIVE_ABSENCE (outside archive span 2020-01-01..2025-08-09),
ICON,fold_2,u10,2019-03-07,history,ARCHIVE_ABSENCE (outside archive span 2020-01-01..2025-08-09),
ICON,fold_2,u10,2019-03-08,history,ARCHIVE_ABSENCE (outside archive span 2020-01-01..2025-08-09),
ICON,fold_2,u10,2019-03-09,history,ARCHIVE_ABSENCE (outside archive span 2020-01-01..2025-08-09),
ICON,fold_2,u10,2019-03-10,history,ARCHIVE_ABSENCE (outside archive span 2020-01-01..2025-08-09),
ICON,fold_2,u10,2019-03-11,history,ARCHIVE_ABSENCE (outside archive span 2020-01-01..2025-08-09),
ICON,fold_2,u10,2019-03-12,history,ARCHIVE_ABSENCE (outside archive span 2020-01-01..2025-08-09),
ICON,fold_2,u10,2019-03-13,history,ARCHIVE_ABSENCE (outside archive span 2020-01-01..2025-08-09),
ICON,fold_2,u10,2019-03-14,history,ARCHIVE_ABSENCE (outside archive span 2020-01-01..2025-08-09),
ICON,fold_2,u10,2019-03-15,history,ARCHIVE_ABSENCE (outside archive span 2020-01-01..2025-08-09),
ICON,fold_2,u10,2019-03-16,history,ARCHIVE_ABSENCE (outside archive span 2020-01-01..2025-08-09),
ICON,fold_2,u10,2019-03-17,history,ARCHIVE_ABSENCE (outside archive span 2020-01-01..2025-08-09),
ICON,fold_2,u10,2019-03-18,history,ARCHIVE_ABSENCE (outside archive span 2020-01-01..2025-08-09),
ICON,fold_2,u10,2019-03-19,history,ARCHIVE_ABSENCE (outside archive span 2020-01-01..2025-08-09),
ICON,fold_2,u10,2019-03-20,history,ARCHIVE_ABSENCE (outside archive span 2020-01-01..2025-08-09),
ICON,fold_2,u10,2019-03-21,history,ARCHIVE_ABSENCE (outside archive span 2020-01-01..2025-08-09),
ICON,fold_2,u10,2019-03-22,history,ARCHIVE_ABSENCE (outside archive span 2020-01-01..2025-08-09),
ICON,fold_2,u10,2019-03-23,history,ARCHIVE_ABSENCE (outside archive span 2020-01-01..2025-08-09),
ICON,fold_2,u10,2019-03-24,history,ARCHIVE_ABSENCE (outside archive span 2020-01-01..2025-08-09),
ICON,fold_2,u10,2019-03-25,history,ARCHIVE_ABSENCE (outside archive span 2020-01-01..2025-08-09),
ICON,fold_2,u10,2019-03-26,history,ARCHIVE_ABSENCE (outside archive span 2020-01-01..2025-08-09),
ICON,fold_2,u10,2019-03-27,history,ARCHIVE_ABSENCE (outside archive span 2020-01-01..2025-08-09),
ICON,fold_2,u10,2019-03-28,history,ARCHIVE_ABSENCE (outside archive span 2020-01-01..2025-08-09),
ICON,fold_2,u10,2019-03-29,history,ARCHIVE_ABSENCE (outside archive span 2020-01-01..2025-08-09),
ICON,fold_2,u10,2019-03-30,history,ARCHIVE_ABSENCE (outside archive span 2020-01-01..2025-08-09),
ICON,fold_2,u10,2019-03-31,history,ARCHIVE_ABSENCE (outside archive span 2020-01-01..2025-08-09),
ICON,fold_2,u10,2019-04-01,history,ARCHIVE_ABSENCE (outside archive span 2020-01-01..2025-08-09),
ICON,fold_2,u10,2019-04-02,history,ARCHIVE_ABSENCE (outside archive span 2020-01-01..2025-08-09),
ICON,fold_2,u10,2019-04-03,history,ARCHIVE_ABSENCE (outside archive span 2020-01-01..2025-08-09),
ICON,fold_2,u10,2019-04-04,history,ARCHIVE_ABSENCE (outside archive span 2020-01-01..2025-08-09),
ICON,fold_2,u10,2019-04-05,history,ARCHIVE_ABSENCE (outside archive span 2020-01-01..2025-08-09),
ICON,fold_2,u10,2019-04-06,history,ARCHIVE_ABSENCE (outside archive span 2020-01-01..2025-08-09),
ICON,fold_2,u10,2019-04-07,history,ARCHIVE_ABSENCE (outside archive span 2020-01-01..2025-08-09),
ICON,fold_2,u10,2019-04-08,history,ARCHIVE_ABSENCE (outside archive span 2020-01-01..2025-08-09),
ICON,fold_2,u10,2019-04-09,history,ARCHIVE_ABSENCE (outside archive span 2020-01-01..2025-08-09),
ICON,fold_2,u10,2019-04-10,history,ARCHIVE_ABSENCE (outside archive span 2020-01-01..2025-08-09),
ICON,fold_2,u10,2019-04-11,history,ARCHIVE_ABSENCE (outside archive span 2020-01-01..2025-08-09),
ICON,fold_2,u10,2019-04-12,history,ARCHIVE_ABSENCE (outside archive span 2020-01-01..2025-08-09),
ICON,fold_2,u10,2019-04-13,history,ARCHIVE_ABSENCE (outside archive span 2020-01-01..2025-08-09),
ICON,fold_2,u10,2019-04-14,history,ARCHIVE_ABSENCE (outside archive span 2020-01-01..2025-08-09),
ICON,fold_2,u10,2019-04-15,history,ARCHIVE_ABSENCE (outside archive span 2020-01-01..2025-08-09),
ICON,fold_2,u10,2019-04-16,history,ARCHIVE_ABSENCE (outside archive span 2020-01-01..2025-08-09),
ICON,fold_2,u10,2019-04-17,history,ARCHIVE_ABSENCE (outside archive span 2020-01-01..2025-08-09),
ICON,fold_2,u10,2019-04-18,history,ARCHIVE_ABSENCE (outside archive span 2020-01-01..2025-08-09),
ICON,fold_2,u10,2019-04-19,history,ARCHIVE_ABSENCE (outside archive span 2020-01-01..2025-08-09),
ICON,fold_2,u10,2019-04-20,history,ARCHIVE_ABSENCE (outside archive span 2020-01-01..2025-08-09),
ICON,fold_2,u10,2019-04-21,history,ARCHIVE_ABSENCE (outside archive span 2020-01-01..2025-08-09),
ICON,fold_2,u10,2019-04-22,history,ARCHIVE_ABSENCE (outside archive span 2020-01-01..2025-08-09),
ICON,fold_2,u10,2019-04-23,history,ARCHIVE_ABSENCE (outside archive span 2020-01-01..2025-08-09),
ICON,fold_2,u10,2019-04-24,history,ARCHIVE_ABSENCE (outside archive span 2020-01-01..2025-08-09),
ICON,fold_2,u10,2019-04-25,history,ARCHIVE_ABSENCE (outside archive span 2020-01-01..2025-08-09),
ICON,fold_2,u10,2019-04-26,history,ARCHIVE_ABSENCE (outside archive span 2020-01-01..2025-08-09),
ICON,fold_2,u10,2019-04-27,history,ARCHIVE_ABSENCE (outside archive span 2020-01-01..2025-08-09),
ICON,fold_2,u10,2019-04-28,history,ARCHIVE_ABSENCE (outside archive span 2020-01-01..2025-08-09),
ICON,fold_2,u10,2019-04-29,history,ARCHIVE_ABSENCE (outside archive span 2020-01-01..2025-08-09),
ICON,fold_2,u10,2019-04-30,history,ARCHIVE_ABSENCE (outside archive span 2020-01-01..2025-08-09),
ICON,fold_2,u10,2019-05-01,history,ARCHIVE_ABSENCE (outside archive span 2020-01-01..2025-08-09),
ICON,fold_2,u10,2019-05-02,history,ARCHIVE_ABSENCE (outside archive span 2020-01-01..2025-08-09),
ICON,fold_2,u10,2019-05-03,history,ARCHIVE_ABSENCE (outside archive span 2020-01-01..2025-08-09),
ICON,fold_2,u10,2019-05-04,history,ARCHIVE_ABSENCE (outside archive span 2020-01-01..2025-08-09),
ICON,fold_2,u10,2019-05-05,history,ARCHIVE_ABSENCE (outside archive span 2020-01-01..2025-08-09),
ICON,fold_2,u10,2019-05-06,history,ARCHIVE_ABSENCE (outside archive span 2020-01-01..2025-08-09),
ICON,fold_2,u10,2019-05-07,history,ARCHIVE_ABSENCE (outside archive span 2020-01-01..2025-08-09),
ICON,fold_2,u10,2019-05-08,history,ARCHIVE_ABSENCE (outside archive span 2020-01-01..2025-08-09),
ICON,fold_2,u10,2019-05-09,history,ARCHIVE_ABSENCE (outside archive span 2020-01-01..2025-08-09),
ICON,fold_2,u10,2019-05-10,history,ARCHIVE_ABSENCE (outside archive span 2020-01-01..2025-08-09),
ICON,fold_2,u10,2019-05-11,history,ARCHIVE_ABSENCE (outside archive span 2020-01-01..2025-08-09),
ICON,fold_2,u10,2019-05-12,history,ARCHIVE_ABSENCE (outside archive span 2020-01-01..2025-08-09),
ICON,fold_2,u10,2019-05-13,history,ARCHIVE_ABSENCE (outside archive span 2020-01-01..2025-08-09),
ICON,fold_2,u10,2019-05-14,history,ARCHIVE_ABSENCE (outside archive span 2020-01-01..2025-08-09),
ICON,fold_2,u10,2019-05-15,history,ARCHIVE_ABSENCE (outside archive span 2020-01-01..2025-08-09),
ICON,fold_2,u10,2019-05-16,history,ARCHIVE_ABSENCE (outside archive span 2020-01-01..2025-08-09),
ICON,fold_2,u10,2019-05-17,history,ARCHIVE_ABSENCE (outside archive span 2020-01-01..2025-08-09),
ICON,fold_2,u10,2019-05-18,history,ARCHIVE_ABSENCE (outside archive span 2020-01-01..2025-08-09),
ICON,fold_2,u10,2019-05-19,history,ARCHIVE_ABSENCE (outside archive span 2020-01-01..2025-08-09),
ICON,fold_2,u10,2019-05-20,history,ARCHIVE_ABSENCE (outside archive span 2020-01-01..2025-08-09),
ICON,fold_2,u10,2019-05-21,history,ARCHIVE_ABSENCE (outside archive span 2020-01-01..2025-08-09),
ICON,fold_2,u10,2019-05-22,history,ARCHIVE_ABSENCE (outside archive span 2020-01-01..2025-08-09),
ICON,fold_2,u10,2019-05-23,history,ARCHIVE_ABSENCE (outside archive span 2020-01-01..2025-08-09),
ICON,fold_2,u10,2019-05-24,history,ARCHIVE_ABSENCE (outside archive span 2020-01-01..2025-08-09),
ICON,fold_2,u10,2019-05-25,history,ARCHIVE_ABSENCE (outside archive span 2020-01-01..2025-08-09),
ICON,fold_2,u10,2019-05-26,history,ARCHIVE_ABSENCE (outside archive span 2020-01-01..2025-08-09),
ICON,fold_2,u10,2019-05-27,history,ARCHIVE_ABSENCE (outside archive span 2020-01-01..2025-08-09),
ICON,fold_2,u10,2019-05-28,history,ARCHIVE_ABSENCE (outside archive span 2020-01-01..2025-08-09),
ICON,fold_2,u10,2019-05-29,history,ARCHIVE_ABSENCE (outside archive span 2020-01-01..2025-08-09),
ICON,fold_2,u10,2019-05-30,history,ARCHIVE_ABSENCE (outside archive span 2020-01-01..2025-08-09),
ICON,fold_2,u10,2019-05-31,history,ARCHIVE_ABSENCE (outside archive span 2020-01-01..2025-08-09),
ICON,fold_2,u10,2019-06-01,history,ARCHIVE_ABSENCE (outside archive span 2020-01-01..2025-08-09),
ICON,fold_2,u10,2019-06-02,history,ARCHIVE_ABSENCE (outside archive span 2020-01-01..2025-08-09),
ICON,fold_2,u10,2019-06-03,history,ARCHIVE_ABSENCE (outside archive span 2020-01-01..2025-08-09),
ICON,fold_2,u10,2019-06-04,history,ARCHIVE_ABSENCE (outside archive span 2020-01-01..2025-08-09),
ICON,fold_2,u10,2019-06-05,history,ARCHIVE_ABSENCE (outside archive span 2020-01-01..2025-08-09),
ICON,fold_2,u10,2019-06-06,history,ARCHIVE_ABSENCE (outside archive span 2020-01-01..2025-08-09),
ICON,fold_2,u10,2019-06-07,history,ARCHIVE_ABSENCE (outside archive span 2020-01-01..2025-08-09),
ICON,fold_2,u10,2019-06-08,history,ARCHIVE_ABSENCE (outside archive span 2020-01-01..2025-08-09),
ICON,fold_2,u10,2019-06-09,history,ARCHIVE_ABSENCE (outside archive span 2020-01-01..2025-08-09),
ICON,fold_2,u10,2019-06-10,history,ARCHIVE_ABSENCE (outside archive span 2020-01-01..2025-08-09),
ICON,fold_2,u10,2019-06-11,history,ARCHIVE_ABSENCE (outside archive span 2020-01-01..2025-08-09),
ICON,fold_2,u10,2019-06-12,history,ARCHIVE_ABSENCE (outside archive span 2020-01-01..2025-08-09),
ICON,fold_2,u10,2019-06-13,history,ARCHIVE_ABSENCE (outside archive span 2020-01-01..2025-08-09),
ICON,fold_2,u10,2019-06-14,history,ARCHIVE_ABSENCE (outside archive span 2020-01-01..2025-08-09),
ICON,fold_2,u10,2019-06-15,history,ARCHIVE_ABSENCE (outside archive span 2020-01-01..2025-08-09),
ICON,fold_2,u10,2019-06-16,history,ARCHIVE_ABSENCE (outside archive span 2020-01-01..2025-08-09),
ICON,fold_2,u10,2019-06-17,history,ARCHIVE_ABSENCE (outside archive span 2020-01-01..2025-08-09),
ICON,fold_2,u10,2019-06-18,history,ARCHIVE_ABSENCE (outside archive span 2020-01-01..2025-08-09),
ICON,fold_2,u10,2019-06-19,history,ARCHIVE_ABSENCE (outside archive span 2020-01-01..2025-08-09),
ICON,fold_2,u10,2019-06-20,history,ARCHIVE_ABSENCE (outside archive span 2020-01-01..2025-08-09),
ICON,fold_2,u10,2019-06-21,history,ARCHIVE_ABSENCE (outside archive span 2020-01-01..2025-08-09),
ICON,fold_2,u10,2019-06-22,history,ARCHIVE_ABSENCE (outside archive span 2020-01-01..2025-08-09),
ICON,fold_2,u10,2019-06-23,history,ARCHIVE_ABSENCE (outside archive span 2020-01-01..2025-08-09),
ICON,fold_2,u10,2019-06-24,history,ARCHIVE_ABSENCE (outside archive span 2020-01-01..2025-08-09),
ICON,fold_2,u10,2019-06-25,history,ARCHIVE_ABSENCE (outside archive span 2020-01-01..2025-08-09),
ICON,fold_2,u10,2019-06-26,history,ARCHIVE_ABSENCE (outside archive span 2020-01-01..2025-08-09),
ICON,fold_2,u10,2019-06-27,history,ARCHIVE_ABSENCE (outside archive span 2020-01-01..2025-08-09),
ICON,fold_2,u10,2019-06-28,history,ARCHIVE_ABSENCE (outside archive span 2020-01-01..2025-08-09),
ICON,fold_2,u10,2019-06-29,history,ARCHIVE_ABSENCE (outside archive span 2020-01-01..2025-08-09),
ICON,fold_2,u10,2019-06-30,history,ARCHIVE_ABSENCE (outside archive span 2020-01-01..2025-08-09),
ICON,fold_2,u10,2019-07-01,history,ARCHIVE_ABSENCE (outside archive span 2020-01-01..2025-08-09),
ICON,fold_2,u10,2019-07-02,history,ARCHIVE_ABSENCE (outside archive span 2020-01-01..2025-08-09),
ICON,fold_2,u10,2019-07-03,history,ARCHIVE_ABSENCE (outside archive span 2020-01-01..2025-08-09),
ICON,fold_2,u10,2019-07-04,history,ARCHIVE_ABSENCE (outside archive span 2020-01-01..2025-08-09),
ICON,fold_2,u10,2019-07-05,history,ARCHIVE_ABSENCE (outside archive span 2020-01-01..2025-08-09),
ICON,fold_2,u10,2019-07-06,history,ARCHIVE_ABSENCE (outside archive span 2020-01-01..2025-08-09),
ICON,fold_2,u10,2019-07-07,history,ARCHIVE_ABSENCE (outside archive span 2020-01-01..2025-08-09),
ICON,fold_2,u10,2019-07-08,history,ARCHIVE_ABSENCE (outside archive span 2020-01-01..2025-08-09),
ICON,fold_2,u10,2019-07-09,history,ARCHIVE_ABSENCE (outside archive span 2020-01-01..2025-08-09),
ICON,fold_2,u10,2019-07-10,history,ARCHIVE_ABSENCE (outside archive span 2020-01-01..2025-08-09),
ICON,fold_2,u10,2019-07-11,history,ARCHIVE_ABSENCE (outside archive span 2020-01-01..2025-08-09),
ICON,fold_2,u10,2019-07-12,history,ARCHIVE_ABSENCE (outside archive span 2020-01-01..2025-08-09),
ICON,fold_2,u10,2019-07-13,history,ARCHIVE_ABSENCE (outside archive span 2020-01-01..2025-08-09),
ICON,fold_2,u10,2019-07-14,history,ARCHIVE_ABSENCE (outside archive span 2020-01-01..2025-08-09),
ICON,fold_2,u10,2019-07-15,history,ARCHIVE_ABSENCE (outside archive span 2020-01-01..2025-08-09),
ICON,fold_2,u10,2019-07-16,history,ARCHIVE_ABSENCE (outside archive span 2020-01-01..2025-08-09),
ICON,fold_2,u10,2019-07-17,history,ARCHIVE_ABSENCE (outside archive span 2020-01-01..2025-08-09),
ICON,fold_2,u10,2019-07-18,history,ARCHIVE_ABSENCE (outside archive span 2020-01-01..2025-08-09),
ICON,fold_2,u10,2019-07-19,history,ARCHIVE_ABSENCE (outside archive span 2020-01-01..2025-08-09),
ICON,fold_2,u10,2019-07-20,history,ARCHIVE_ABSENCE (outside archive span 2020-01-01..2025-08-09),
ICON,fold_2,u10,2019-07-21,history,ARCHIVE_ABSENCE (outside archive span 2020-01-01..2025-08-09),
ICON,fold_2,u10,2019-07-22,history,ARCHIVE_ABSENCE (outside archive span 2020-01-01..2025-08-09),
ICON,fold_2,u10,2019-07-23,history,ARCHIVE_ABSENCE (outside archive span 2020-01-01..2025-08-09),
ICON,fold_2,u10,2019-07-24,history,ARCHIVE_ABSENCE (outside archive span 2020-01-01..2025-08-09),
ICON,fold_2,u10,2019-07-25,history,ARCHIVE_ABSENCE (outside archive span 2020-01-01..2025-08-09),
ICON,fold_2,u10,2019-07-26,history,ARCHIVE_ABSENCE (outside archive span 2020-01-01..2025-08-09),
ICON,fold_2,u10,2019-07-27,history,ARCHIVE_ABSENCE (outside archive span 2020-01-01..2025-08-09),
ICON,fold_2,u10,2019-07-28,history,ARCHIVE_ABSENCE (outside archive span 2020-01-01..2025-08-09),
ICON,fold_2,u10,2019-07-29,history,ARCHIVE_ABSENCE (outside archive span 2020-01-01..2025-08-09),
ICON,fold_2,u10,2019-07-30,history,ARCHIVE_ABSENCE (outside archive span 2020-01-01..2025-08-09),
ICON,fold_2,u10,2019-07-31,history,ARCHIVE_ABSENCE (outside archive span 2020-01-01..2025-08-09),
ICON,fold_2,u10,2019-08-01,history,ARCHIVE_ABSENCE (outside archive span 2020-01-01..2025-08-09),
ICON,fold_2,u10,2019-08-02,history,ARCHIVE_ABSENCE (outside archive span 2020-01-01..2025-08-09),
ICON,fold_2,u10,2019-08-03,history,ARCHIVE_ABSENCE (outside archive span 2020-01-01..2025-08-09),
ICON,fold_2,u10,2019-08-04,history,ARCHIVE_ABSENCE (outside archive span 2020-01-01..2025-08-09),
ICON,fold_2,u10,2019-08-05,history,ARCHIVE_ABSENCE (outside archive span 2020-01-01..2025-08-09),
ICON,fold_2,u10,2019-08-06,history,ARCHIVE_ABSENCE (outside archive span 2020-01-01..2025-08-09),
ICON,fold_2,u10,2019-08-07,history,ARCHIVE_ABSENCE (outside archive span 2020-01-01..2025-08-09),
ICON,fold_2,u10,2019-08-08,history,ARCHIVE_ABSENCE (outside archive span 2020-01-01..2025-08-09),
ICON,fold_2,u10,2019-08-09,history,ARCHIVE_ABSENCE (outside archive span 2020-01-01..2025-08-09),
ICON,fold_2,u10,2019-08-10,history,ARCHIVE_ABSENCE (outside archive span 2020-01-01..2025-08-09),
ICON,fold_2,u10,2019-08-11,history,ARCHIVE_ABSENCE (outside archive span 2020-01-01..2025-08-09),
ICON,fold_2,u10,2019-08-12,history,ARCHIVE_ABSENCE (outside archive span 2020-01-01..2025-08-09),
ICON,fold_2,u10,2019-08-13,history,ARCHIVE_ABSENCE (outside archive span 2020-01-01..2025-08-09),
ICON,fold_2,u10,2019-08-14,history,ARCHIVE_ABSENCE (outside archive span 2020-01-01..2025-08-09),
ICON,fold_2,u10,2019-08-15,history,ARCHIVE_ABSENCE (outside archive span 2020-01-01..2025-08-09),
ICON,fold_2,u10,2019-08-16,history,ARCHIVE_ABSENCE (outside archive span 2020-01-01..2025-08-09),
ICON,fold_2,u10,2019-08-17,history,ARCHIVE_ABSENCE (outside archive span 2020-01-01..2025-08-09),
ICON,fold_2,u10,2019-08-18,history,ARCHIVE_ABSENCE (outside archive span 2020-01-01..2025-08-09),
ICON,fold_2,u10,2019-08-19,history,ARCHIVE_ABSENCE (outside archive span 2020-01-01..2025-08-09),
ICON,fold_2,u10,2019-08-20,history,ARCHIVE_ABSENCE (outside archive span 2020-01-01..2025-08-09),
ICON,fold_2,u10,2019-08-21,history,ARCHIVE_ABSENCE (outside archive span 2020-01-01..2025-08-09),
ICON,fold_2,u10,2019-08-22,history,ARCHIVE_ABSENCE (outside archive span 2020-01-01..2025-08-09),
ICON,fold_2,u10,2019-08-23,history,ARCHIVE_ABSENCE (outside archive span 2020-01-01..2025-08-09),
ICON,fold_2,u10,2019-08-24,history,ARCHIVE_ABSENCE (outside archive span 2020-01-01..2025-08-09),
ICON,fold_2,u10,2019-08-25,history,ARCHIVE_ABSENCE (outside archive span 2020-01-01..2025-08-09),
ICON,fold_2,u10,2019-08-26,history,ARCHIVE_ABSENCE (outside archive span 2020-01-01..2025-08-09),
ICON,fold_2,u10,2019-08-27,history,ARCHIVE_ABSENCE (outside archive span 2020-01-01..2025-08-09),
ICON,fold_2,u10,2019-08-28,history,ARCHIVE_ABSENCE (outside archive span 2020-01-01..2025-08-09),
ICON,fold_2,u10,2019-08-29,history,ARCHIVE_ABSENCE (outside archive span 2020-01-01..2025-08-09),
ICON,fold_2,u10,2019-08-30,history,ARCHIVE_ABSENCE (outside archive span 2020-01-01..2025-08-09),
ICON,fold_2,u10,2019-08-31,history,ARCHIVE_ABSENCE (outside archive span 2020-01-01..2025-08-09),
ICON,fold_2,u10,2019-09-01,history,ARCHIVE_ABSENCE (outside archive span 2020-01-01..2025-08-09),
ICON,fold_2,u10,2019-09-02,history,ARCHIVE_ABSENCE (outside archive span 2020-01-01..2025-08-09),
ICON,fold_2,u10,2019-09-03,history,ARCHIVE_ABSENCE (outside archive span 2020-01-01..2025-08-09),
ICON,fold_2,u10,2019-09-04,history,ARCHIVE_ABSENCE (outside archive span 2020-01-01..2025-08-09),
ICON,fold_2,u10,2019-09-05,history,ARCHIVE_ABSENCE (outside archive span 2020-01-01..2025-08-09),
ICON,fold_2,u10,2019-09-06,history,ARCHIVE_ABSENCE (outside archive span 2020-01-01..2025-08-09),
ICON,fold_2,u10,2019-09-07,history,ARCHIVE_ABSENCE (outside archive span 2020-01-01..2025-08-09),
ICON,fold_2,u10,2019-09-08,history,ARCHIVE_ABSENCE (outside archive span 2020-01-01..2025-08-09),
ICON,fold_2,u10,2019-09-09,history,ARCHIVE_ABSENCE (outside archive span 2020-01-01..2025-08-09),
ICON,fold_2,u10,2019-09-10,history,ARCHIVE_ABSENCE (outside archive span 2020-01-01..2025-08-09),
ICON,fold_2,u10,2019-09-11,history,ARCHIVE_ABSENCE (outside archive span 2020-01-01..2025-08-09),
ICON,fold_2,u10,2019-09-12,history,ARCHIVE_ABSENCE (outside archive span 2020-01-01..2025-08-09),
ICON,fold_2,u10,2019-09-13,history,ARCHIVE_ABSENCE (outside archive span 2020-01-01..2025-08-09),
ICON,fold_2,u10,2019-09-14,history,ARCHIVE_ABSENCE (outside archive span 2020-01-01..2025-08-09),
ICON,fold_2,u10,2019-09-15,history,ARCHIVE_ABSENCE (outside archive span 2020-01-01..2025-08-09),
ICON,fold_2,u10,2019-09-16,history,ARCHIVE_ABSENCE (outside archive span 2020-01-01..2025-08-09),
ICON,fold_2,u10,2019-09-17,history,ARCHIVE_ABSENCE (outside archive span 2020-01-01..2025-08-09),
ICON,fold_2,u10,2019-09-18,history,ARCHIVE_ABSENCE (outside archive span 2020-01-01..2025-08-09),
ICON,fold_2,u10,2019-09-19,history,ARCHIVE_ABSENCE (outside archive span 2020-01-01..2025-08-09),
ICON,fold_2,u10,2019-09-20,history,ARCHIVE_ABSENCE (outside archive span 2020-01-01..2025-08-09),
ICON,fold_2,u10,2019-09-21,history,ARCHIVE_ABSENCE (outside archive span 2020-01-01..2025-08-09),
ICON,fold_2,u10,2019-09-22,history,ARCHIVE_ABSENCE (outside archive span 2020-01-01..2025-08-09),
ICON,fold_2,u10,2019-09-23,history,ARCHIVE_ABSENCE (outside archive span 2020-01-01..2025-08-09),
ICON,fold_2,u10,2019-09-24,history,ARCHIVE_ABSENCE (outside archive span 2020-01-01..2025-08-09),
ICON,fold_2,u10,2019-09-25,history,ARCHIVE_ABSENCE (outside archive span 2020-01-01..2025-08-09),
ICON,fold_2,u10,2019-09-26,history,ARCHIVE_ABSENCE (outside archive span 2020-01-01..2025-08-09),
ICON,fold_2,u10,2019-09-27,history,ARCHIVE_ABSENCE (outside archive span 2020-01-01..2025-08-09),
ICON,fold_2,u10,2019-09-28,history,ARCHIVE_ABSENCE (outside archive span 2020-01-01..2025-08-09),
ICON,fold_2,u10,2019-09-29,history,ARCHIVE_ABSENCE (outside archive span 2020-01-01..2025-08-09),
ICON,fold_2,u10,2019-09-30,history,ARCHIVE_ABSENCE (outside archive span 2020-01-01..2025-08-09),
ICON,fold_2,u10,2019-10-01,history,ARCHIVE_ABSENCE (outside archive span 2020-01-01..2025-08-09),
ICON,fold_2,u10,2019-10-02,history,ARCHIVE_ABSENCE (outside archive span 2020-01-01..2025-08-09),
ICON,fold_2,u10,2019-10-03,history,ARCHIVE_ABSENCE (outside archive span 2020-01-01..2025-08-09),
ICON,fold_2,u10,2019-10-04,history,ARCHIVE_ABSENCE (outside archive span 2020-01-01..2025-08-09),
ICON,fold_2,u10,2019-10-05,history,ARCHIVE_ABSENCE (outside archive span 2020-01-01..2025-08-09),
ICON,fold_2,u10,2019-10-06,history,ARCHIVE_ABSENCE (outside archive span 2020-01-01..2025-08-09),
ICON,fold_2,u10,2019-10-07,history,ARCHIVE_ABSENCE (outside archive span 2020-01-01..2025-08-09),
ICON,fold_2,u10,2019-10-08,history,ARCHIVE_ABSENCE (outside archive span 2020-01-01..2025-08-09),
ICON,fold_2,u10,2019-10-09,history,ARCHIVE_ABSENCE (outside archive span 2020-01-01..2025-08-09),
ICON,fold_2,u10,2019-10-10,history,ARCHIVE_ABSENCE (outside archive span 2020-01-01..2025-08-09),
ICON,fold_2,u10,2019-10-11,history,ARCHIVE_ABSENCE (outside archive span 2020-01-01..2025-08-09),
ICON,fold_2,u10,2019-10-12,history,ARCHIVE_ABSENCE (outside archive span 2020-01-01..2025-08-09),
ICON,fold_2,u10,2019-10-13,history,ARCHIVE_ABSENCE (outside archive span 2020-01-01..2025-08-09),
ICON,fold_2,u10,2019-10-14,history,ARCHIVE_ABSENCE (outside archive span 2020-01-01..2025-08-09),
ICON,fold_2,u10,2019-10-15,history,ARCHIVE_ABSENCE (outside archive span 2020-01-01..2025-08-09),
ICON,fold_2,u10,2019-10-16,history,ARCHIVE_ABSENCE (outside archive span 2020-01-01..2025-08-09),
ICON,fold_2,u10,2019-10-17,history,ARCHIVE_ABSENCE (outside archive span 2020-01-01..2025-08-09),
ICON,fold_2,u10,2019-10-18,history,ARCHIVE_ABSENCE (outside archive span 2020-01-01..2025-08-09),
ICON,fold_2,u10,2019-10-19,history,ARCHIVE_ABSENCE (outside archive span 2020-01-01..2025-08-09),
ICON,fold_2,u10,2019-10-20,history,ARCHIVE_ABSENCE (outside archive span 2020-01-01..2025-08-09),
ICON,fold_2,u10,2019-10-21,history,ARCHIVE_ABSENCE (outside archive span 2020-01-01..2025-08-09),
ICON,fold_2,u10,2019-10-22,history,ARCHIVE_ABSENCE (outside archive span 2020-01-01..2025-08-09),
ICON,fold_2,u10,2019-10-23,history,ARCHIVE_ABSENCE (outside archive span 2020-01-01..2025-08-09),
ICON,fold_2,u10,2019-10-24,history,ARCHIVE_ABSENCE (outside archive span 2020-01-01..2025-08-09),
ICON,fold_2,u10,2019-10-25,history,ARCHIVE_ABSENCE (outside archive span 2020-01-01..2025-08-09),
ICON,fold_2,u10,2019-10-26,history,ARCHIVE_ABSENCE (outside archive span 2020-01-01..2025-08-09),
ICON,fold_2,u10,2019-10-27,history,ARCHIVE_ABSENCE (outside archive span 2020-01-01..2025-08-09),
ICON,fold_2,u10,2019-10-28,history,ARCHIVE_ABSENCE (outside archive span 2020-01-01..2025-08-09),
ICON,fold_2,u10,2019-10-29,history,ARCHIVE_ABSENCE (outside archive span 2020-01-01..2025-08-09),
ICON,fold_2,u10,2019-10-30,history,ARCHIVE_ABSENCE (outside archive span 2020-01-01..2025-08-09),
ICON,fold_2,u10,2019-10-31,history,ARCHIVE_ABSENCE (outside archive span 2020-01-01..2025-08-09),
ICON,fold_2,u10,2019-11-01,history,ARCHIVE_ABSENCE (outside archive span 2020-01-01..2025-08-09),
ICON,fold_2,u10,2019-11-02,history,ARCHIVE_ABSENCE (outside archive span 2020-01-01..2025-08-09),
ICON,fold_2,u10,2019-11-03,history,ARCHIVE_ABSENCE (outside archive span 2020-01-01..2025-08-09),
ICON,fold_2,u10,2019-11-04,history,ARCHIVE_ABSENCE (outside archive span 2020-01-01..2025-08-09),
ICON,fold_2,u10,2019-11-05,history,ARCHIVE_ABSENCE (outside archive span 2020-01-01..2025-08-09),
ICON,fold_2,u10,2019-11-06,history,ARCHIVE_ABSENCE (outside archive span 2020-01-01..2025-08-09),
ICON,fold_2,u10,2019-11-07,history,ARCHIVE_ABSENCE (outside archive span 2020-01-01..2025-08-09),
ICON,fold_2,u10,2019-11-08,history,ARCHIVE_ABSENCE (outside archive span 2020-01-01..2025-08-09),
ICON,fold_2,u10,2019-11-09,history,ARCHIVE_ABSENCE (outside archive span 2020-01-01..2025-08-09),
ICON,fold_2,u10,2019-11-10,history,ARCHIVE_ABSENCE (outside archive span 2020-01-01..2025-08-09),
ICON,fold_2,u10,2019-11-11,history,ARCHIVE_ABSENCE (outside archive span 2020-01-01..2025-08-09),
ICON,fold_2,u10,2019-11-12,history,ARCHIVE_ABSENCE (outside archive span 2020-01-01..2025-08-09),
ICON,fold_2,u10,2019-11-13,history,ARCHIVE_ABSENCE (outside archive span 2020-01-01..2025-08-09),
ICON,fold_2,u10,2019-11-14,history,ARCHIVE_ABSENCE (outside archive span 2020-01-01..2025-08-09),
ICON,fold_2,u10,2019-11-15,history,ARCHIVE_ABSENCE (outside archive span 2020-01-01..2025-08-09),
ICON,fold_2,u10,2019-11-16,history,ARCHIVE_ABSENCE (outside archive span 2020-01-01..2025-08-09),
ICON,fold_2,u10,2019-11-17,history,ARCHIVE_ABSENCE (outside archive span 2020-01-01..2025-08-09),
ICON,fold_2,u10,2019-11-18,history,ARCHIVE_ABSENCE (outside archive span 2020-01-01..2025-08-09),
ICON,fold_2,u10,2019-11-19,history,ARCHIVE_ABSENCE (outside archive span 2020-01-01..2025-08-09),
ICON,fold_2,u10,2019-11-20,history,ARCHIVE_ABSENCE (outside archive span 2020-01-01..2025-08-09),
ICON,fold_2,u10,2019-11-21,history,ARCHIVE_ABSENCE (outside archive span 2020-01-01..2025-08-09),
ICON,fold_2,u10,2019-11-22,history,ARCHIVE_ABSENCE (outside archive span 2020-01-01..2025-08-09),
ICON,fold_2,u10,2019-11-23,history,ARCHIVE_ABSENCE (outside archive span 2020-01-01..2025-08-09),
ICON,fold_2,u10,2019-11-24,history,ARCHIVE_ABSENCE (outside archive span 2020-01-01..2025-08-09),
ICON,fold_2,u10,2019-11-25,history,ARCHIVE_ABSENCE (outside archive span 2020-01-01..2025-08-09),
ICON,fold_2,u10,2019-11-26,history,ARCHIVE_ABSENCE (outside archive span 2020-01-01..2025-08-09),
ICON,fold_2,u10,2019-11-27,history,ARCHIVE_ABSENCE (outside archive span 2020-01-01..2025-08-09),
ICON,fold_2,u10,2019-11-28,history,ARCHIVE_ABSENCE (outside archive span 2020-01-01..2025-08-09),
ICON,fold_2,u10,2019-11-29,history,ARCHIVE_ABSENCE (outside archive span 2020-01-01..2025-08-09),
ICON,fold_2,u10,2019-11-30,history,ARCHIVE_ABSENCE (outside archive span 2020-01-01..2025-08-09),
ICON,fold_2,u10,2019-12-01,history,ARCHIVE_ABSENCE (outside archive span 2020-01-01..2025-08-09),
ICON,fold_2,u10,2019-12-02,history,ARCHIVE_ABSENCE (outside archive span 2020-01-01..2025-08-09),
ICON,fold_2,u10,2019-12-03,history,ARCHIVE_ABSENCE (outside archive span 2020-01-01..2025-08-09),
ICON,fold_2,u10,2019-12-04,history,ARCHIVE_ABSENCE (outside archive span 2020-01-01..2025-08-09),
ICON,fold_2,u10,2019-12-05,history,ARCHIVE_ABSENCE (outside archive span 2020-01-01..2025-08-09),
ICON,fold_2,u10,2019-12-06,history,ARCHIVE_ABSENCE (outside archive span 2020-01-01..2025-08-09),
ICON,fold_2,u10,2019-12-07,history,ARCHIVE_ABSENCE (outside archive span 2020-01-01..2025-08-09),
ICON,fold_2,u10,2019-12-08,history,ARCHIVE_ABSENCE (outside archive span 2020-01-01..2025-08-09),
ICON,fold_2,u10,2019-12-09,history,ARCHIVE_ABSENCE (outside archive span 2020-01-01..2025-08-09),
ICON,fold_2,u10,2019-12-10,history,ARCHIVE_ABSENCE (outside archive span 2020-01-01..2025-08-09),
ICON,fold_2,u10,2019-12-11,history,ARCHIVE_ABSENCE (outside archive span 2020-01-01..2025-08-09),
ICON,fold_2,u10,2019-12-12,history,ARCHIVE_ABSENCE (outside archive span 2020-01-01..2025-08-09),
ICON,fold_2,u10,2019-12-13,history,ARCHIVE_ABSENCE (outside archive span 2020-01-01..2025-08-09),
ICON,fold_2,u10,2019-12-14,history,ARCHIVE_ABSENCE (outside archive span 2020-01-01..2025-08-09),
ICON,fold_2,u10,2019-12-15,history,ARCHIVE_ABSENCE (outside archive span 2020-01-01..2025-08-09),
ICON,fold_2,u10,2019-12-16,history,ARCHIVE_ABSENCE (outside archive span 2020-01-01..2025-08-09),
ICON,fold_2,u10,2019-12-17,history,ARCHIVE_ABSENCE (outside archive span 2020-01-01..2025-08-09),
ICON,fold_2,u10,2019-12-18,history,ARCHIVE_ABSENCE (outside archive span 2020-01-01..2025-08-09),
ICON,fold_2,u10,2019-12-19,history,ARCHIVE_ABSENCE (outside archive span 2020-01-01..2025-08-09),
ICON,fold_2,u10,2019-12-20,history,ARCHIVE_ABSENCE (outside archive span 2020-01-01..2025-08-09),
ICON,fold_2,u10,2019-12-21,history,ARCHIVE_ABSENCE (outside archive span 2020-01-01..2025-08-09),
ICON,fold_2,u10,2019-12-22,history,ARCHIVE_ABSENCE (outside archive span 2020-01-01..2025-08-09),
ICON,fold_2,u10,2019-12-23,history,ARCHIVE_ABSENCE (outside archive span 2020-01-01..2025-08-09),
ICON,fold_2,u10,2019-12-24,history,ARCHIVE_ABSENCE (outside archive span 2020-01-01..2025-08-09),
ICON,fold_2,u10,2019-12-25,history,ARCHIVE_ABSENCE (outside archive span 2020-01-01..2025-08-09),
ICON,fold_2,u10,2019-12-26,history,ARCHIVE_ABSENCE (outside archive span 2020-01-01..2025-08-09),
ICON,fold_2,u10,2019-12-27,history,ARCHIVE_ABSENCE (outside archive span 2020-01-01..2025-08-09),
ICON,fold_2,u10,2019-12-28,history,ARCHIVE_ABSENCE (outside archive span 2020-01-01..2025-08-09),
ICON,fold_2,u10,2019-12-29,history,ARCHIVE_ABSENCE (outside archive span 2020-01-01..2025-08-09),
ICON,fold_2,u10,2019-12-30,history,ARCHIVE_ABSENCE (outside archive span 2020-01-01..2025-08-09),
ICON,fold_2,u10,2019-12-31,history,ARCHIVE_ABSENCE (outside archive span 2020-01-01..2025-08-09),
ICON,fold_2,u10,2020-02-01,history,ARCHIVE_ABSENCE (run file absent),
ICON,fold_2,u10,2020-02-13,history,FIELD_INCOMPLETE (u_10m/.zarray;v_10m/.zarray),
ICON,fold_2,u10,2020-04-03,history,ARCHIVE_ABSENCE (run file absent),
ICON,fold_2,u10,2020-04-07,history,ARCHIVE_ABSENCE (run file absent),
ICON,fold_2,u10,2020-06-01,history,ARCHIVE_ABSENCE (run file absent),
ICON,fold_2,u10,2020-06-05,history,ARCHIVE_ABSENCE (run file absent),
ICON,fold_2,u10,2020-06-25,history,ARCHIVE_ABSENCE (run file absent),
ICON,fold_2,u10,2020-07-03,history,ARCHIVE_ABSENCE (run file absent),
ICON,fold_2,u10,2020-07-13,history,ARCHIVE_ABSENCE (run file absent),
ICON,fold_2,u10,2020-07-14,history,ARCHIVE_ABSENCE (run file absent),
ICON,fold_2,u10,2020-07-26,history,ARCHIVE_ABSENCE (run file absent),
ICON,fold_2,u10,2020-11-01,history,ARCHIVE_ABSENCE (run file absent),
ICON,fold_2,u10,2020-11-02,history,ARCHIVE_ABSENCE (run file absent),
ICON,fold_2,u10,2020-11-04,history,ARCHIVE_ABSENCE (run file absent),
ICON,fold_2,u10,2020-11-05,history,ARCHIVE_ABSENCE (run file absent),
ICON,fold_2,u10,2020-11-06,history,ARCHIVE_ABSENCE (run file absent),
ICON,fold_2,u10,2020-11-07,history,ARCHIVE_ABSENCE (run file absent),
ICON,fold_2,u10,2020-11-09,history,ARCHIVE_ABSENCE (run file absent),
ICON,fold_2,u10,2020-11-10,history,ARCHIVE_ABSENCE (run file absent),
ICON,fold_2,u10,2020-11-14,history,ARCHIVE_ABSENCE (run file absent),
ICON,fold_2,u10,2020-11-15,history,ARCHIVE_ABSENCE (run file absent),
ICON,fold_2,u10,2020-11-16,history,ARCHIVE_ABSENCE (run file absent),
ICON,fold_2,u10,2020-11-17,history,ARCHIVE_ABSENCE (run file absent),
ICON,fold_2,u10,2020-11-19,history,ARCHIVE_ABSENCE (run file absent),
ICON,fold_2,u10,2020-11-20,history,ARCHIVE_ABSENCE (run file absent),
ICON,fold_2,u10,2020-11-21,history,ARCHIVE_ABSENCE (run file absent),
ICON,fold_2,u10,2020-11-22,history,ARCHIVE_ABSENCE (run file absent),
ICON,fold_2,u10,2020-11-24,history,ARCHIVE_ABSENCE (run file absent),
ICON,fold_2,u10,2020-11-26,history,ARCHIVE_ABSENCE (run file absent),
ICON,fold_2,u10,2020-11-29,history,ARCHIVE_ABSENCE (run file absent),
ICON,fold_2,u10,2021-03-13,warmup,ARCHIVE_ABSENCE (run file absent),
ICON,fold_2,v10,2019-03-03,history,ARCHIVE_ABSENCE (outside archive span 2020-01-01..2025-08-09),
ICON,fold_2,v10,2019-03-04,history,ARCHIVE_ABSENCE (outside archive span 2020-01-01..2025-08-09),
ICON,fold_2,v10,2019-03-05,history,ARCHIVE_ABSENCE (outside archive span 2020-01-01..2025-08-09),
ICON,fold_2,v10,2019-03-06,history,ARCHIVE_ABSENCE (outside archive span 2020-01-01..2025-08-09),
ICON,fold_2,v10,2019-03-07,history,ARCHIVE_ABSENCE (outside archive span 2020-01-01..2025-08-09),
ICON,fold_2,v10,2019-03-08,history,ARCHIVE_ABSENCE (outside archive span 2020-01-01..2025-08-09),
ICON,fold_2,v10,2019-03-09,history,ARCHIVE_ABSENCE (outside archive span 2020-01-01..2025-08-09),
ICON,fold_2,v10,2019-03-10,history,ARCHIVE_ABSENCE (outside archive span 2020-01-01..2025-08-09),
ICON,fold_2,v10,2019-03-11,history,ARCHIVE_ABSENCE (outside archive span 2020-01-01..2025-08-09),
ICON,fold_2,v10,2019-03-12,history,ARCHIVE_ABSENCE (outside archive span 2020-01-01..2025-08-09),
ICON,fold_2,v10,2019-03-13,history,ARCHIVE_ABSENCE (outside archive span 2020-01-01..2025-08-09),
ICON,fold_2,v10,2019-03-14,history,ARCHIVE_ABSENCE (outside archive span 2020-01-01..2025-08-09),
ICON,fold_2,v10,2019-03-15,history,ARCHIVE_ABSENCE (outside archive span 2020-01-01..2025-08-09),
ICON,fold_2,v10,2019-03-16,history,ARCHIVE_ABSENCE (outside archive span 2020-01-01..2025-08-09),
ICON,fold_2,v10,2019-03-17,history,ARCHIVE_ABSENCE (outside archive span 2020-01-01..2025-08-09),
ICON,fold_2,v10,2019-03-18,history,ARCHIVE_ABSENCE (outside archive span 2020-01-01..2025-08-09),
ICON,fold_2,v10,2019-03-19,history,ARCHIVE_ABSENCE (outside archive span 2020-01-01..2025-08-09),
ICON,fold_2,v10,2019-03-20,history,ARCHIVE_ABSENCE (outside archive span 2020-01-01..2025-08-09),
ICON,fold_2,v10,2019-03-21,history,ARCHIVE_ABSENCE (outside archive span 2020-01-01..2025-08-09),
ICON,fold_2,v10,2019-03-22,history,ARCHIVE_ABSENCE (outside archive span 2020-01-01..2025-08-09),
ICON,fold_2,v10,2019-03-23,history,ARCHIVE_ABSENCE (outside archive span 2020-01-01..2025-08-09),
ICON,fold_2,v10,2019-03-24,history,ARCHIVE_ABSENCE (outside archive span 2020-01-01..2025-08-09),
ICON,fold_2,v10,2019-03-25,history,ARCHIVE_ABSENCE (outside archive span 2020-01-01..2025-08-09),
ICON,fold_2,v10,2019-03-26,history,ARCHIVE_ABSENCE (outside archive span 2020-01-01..2025-08-09),
ICON,fold_2,v10,2019-03-27,history,ARCHIVE_ABSENCE (outside archive span 2020-01-01..2025-08-09),
ICON,fold_2,v10,2019-03-28,history,ARCHIVE_ABSENCE (outside archive span 2020-01-01..2025-08-09),
ICON,fold_2,v10,2019-03-29,history,ARCHIVE_ABSENCE (outside archive span 2020-01-01..2025-08-09),
ICON,fold_2,v10,2019-03-30,history,ARCHIVE_ABSENCE (outside archive span 2020-01-01..2025-08-09),
ICON,fold_2,v10,2019-03-31,history,ARCHIVE_ABSENCE (outside archive span 2020-01-01..2025-08-09),
ICON,fold_2,v10,2019-04-01,history,ARCHIVE_ABSENCE (outside archive span 2020-01-01..2025-08-09),
ICON,fold_2,v10,2019-04-02,history,ARCHIVE_ABSENCE (outside archive span 2020-01-01..2025-08-09),
ICON,fold_2,v10,2019-04-03,history,ARCHIVE_ABSENCE (outside archive span 2020-01-01..2025-08-09),
ICON,fold_2,v10,2019-04-04,history,ARCHIVE_ABSENCE (outside archive span 2020-01-01..2025-08-09),
ICON,fold_2,v10,2019-04-05,history,ARCHIVE_ABSENCE (outside archive span 2020-01-01..2025-08-09),
ICON,fold_2,v10,2019-04-06,history,ARCHIVE_ABSENCE (outside archive span 2020-01-01..2025-08-09),
ICON,fold_2,v10,2019-04-07,history,ARCHIVE_ABSENCE (outside archive span 2020-01-01..2025-08-09),
ICON,fold_2,v10,2019-04-08,history,ARCHIVE_ABSENCE (outside archive span 2020-01-01..2025-08-09),
ICON,fold_2,v10,2019-04-09,history,ARCHIVE_ABSENCE (outside archive span 2020-01-01..2025-08-09),
ICON,fold_2,v10,2019-04-10,history,ARCHIVE_ABSENCE (outside archive span 2020-01-01..2025-08-09),
ICON,fold_2,v10,2019-04-11,history,ARCHIVE_ABSENCE (outside archive span 2020-01-01..2025-08-09),
ICON,fold_2,v10,2019-04-12,history,ARCHIVE_ABSENCE (outside archive span 2020-01-01..2025-08-09),
ICON,fold_2,v10,2019-04-13,history,ARCHIVE_ABSENCE (outside archive span 2020-01-01..2025-08-09),
ICON,fold_2,v10,2019-04-14,history,ARCHIVE_ABSENCE (outside archive span 2020-01-01..2025-08-09),
ICON,fold_2,v10,2019-04-15,history,ARCHIVE_ABSENCE (outside archive span 2020-01-01..2025-08-09),
ICON,fold_2,v10,2019-04-16,history,ARCHIVE_ABSENCE (outside archive span 2020-01-01..2025-08-09),
ICON,fold_2,v10,2019-04-17,history,ARCHIVE_ABSENCE (outside archive span 2020-01-01..2025-08-09),
ICON,fold_2,v10,2019-04-18,history,ARCHIVE_ABSENCE (outside archive span 2020-01-01..2025-08-09),
ICON,fold_2,v10,2019-04-19,history,ARCHIVE_ABSENCE (outside archive span 2020-01-01..2025-08-09),
ICON,fold_2,v10,2019-04-20,history,ARCHIVE_ABSENCE (outside archive span 2020-01-01..2025-08-09),
ICON,fold_2,v10,2019-04-21,history,ARCHIVE_ABSENCE (outside archive span 2020-01-01..2025-08-09),
ICON,fold_2,v10,2019-04-22,history,ARCHIVE_ABSENCE (outside archive span 2020-01-01..2025-08-09),
ICON,fold_2,v10,2019-04-23,history,ARCHIVE_ABSENCE (outside archive span 2020-01-01..2025-08-09),
ICON,fold_2,v10,2019-04-24,history,ARCHIVE_ABSENCE (outside archive span 2020-01-01..2025-08-09),
ICON,fold_2,v10,2019-04-25,history,ARCHIVE_ABSENCE (outside archive span 2020-01-01..2025-08-09),
ICON,fold_2,v10,2019-04-26,history,ARCHIVE_ABSENCE (outside archive span 2020-01-01..2025-08-09),
ICON,fold_2,v10,2019-04-27,history,ARCHIVE_ABSENCE (outside archive span 2020-01-01..2025-08-09),
ICON,fold_2,v10,2019-04-28,history,ARCHIVE_ABSENCE (outside archive span 2020-01-01..2025-08-09),
ICON,fold_2,v10,2019-04-29,history,ARCHIVE_ABSENCE (outside archive span 2020-01-01..2025-08-09),
ICON,fold_2,v10,2019-04-30,history,ARCHIVE_ABSENCE (outside archive span 2020-01-01..2025-08-09),
ICON,fold_2,v10,2019-05-01,history,ARCHIVE_ABSENCE (outside archive span 2020-01-01..2025-08-09),
ICON,fold_2,v10,2019-05-02,history,ARCHIVE_ABSENCE (outside archive span 2020-01-01..2025-08-09),
ICON,fold_2,v10,2019-05-03,history,ARCHIVE_ABSENCE (outside archive span 2020-01-01..2025-08-09),
ICON,fold_2,v10,2019-05-04,history,ARCHIVE_ABSENCE (outside archive span 2020-01-01..2025-08-09),
ICON,fold_2,v10,2019-05-05,history,ARCHIVE_ABSENCE (outside archive span 2020-01-01..2025-08-09),
ICON,fold_2,v10,2019-05-06,history,ARCHIVE_ABSENCE (outside archive span 2020-01-01..2025-08-09),
ICON,fold_2,v10,2019-05-07,history,ARCHIVE_ABSENCE (outside archive span 2020-01-01..2025-08-09),
ICON,fold_2,v10,2019-05-08,history,ARCHIVE_ABSENCE (outside archive span 2020-01-01..2025-08-09),
ICON,fold_2,v10,2019-05-09,history,ARCHIVE_ABSENCE (outside archive span 2020-01-01..2025-08-09),
ICON,fold_2,v10,2019-05-10,history,ARCHIVE_ABSENCE (outside archive span 2020-01-01..2025-08-09),
ICON,fold_2,v10,2019-05-11,history,ARCHIVE_ABSENCE (outside archive span 2020-01-01..2025-08-09),
ICON,fold_2,v10,2019-05-12,history,ARCHIVE_ABSENCE (outside archive span 2020-01-01..2025-08-09),
ICON,fold_2,v10,2019-05-13,history,ARCHIVE_ABSENCE (outside archive span 2020-01-01..2025-08-09),
ICON,fold_2,v10,2019-05-14,history,ARCHIVE_ABSENCE (outside archive span 2020-01-01..2025-08-09),
ICON,fold_2,v10,2019-05-15,history,ARCHIVE_ABSENCE (outside archive span 2020-01-01..2025-08-09),
ICON,fold_2,v10,2019-05-16,history,ARCHIVE_ABSENCE (outside archive span 2020-01-01..2025-08-09),
ICON,fold_2,v10,2019-05-17,history,ARCHIVE_ABSENCE (outside archive span 2020-01-01..2025-08-09),
ICON,fold_2,v10,2019-05-18,history,ARCHIVE_ABSENCE (outside archive span 2020-01-01..2025-08-09),
ICON,fold_2,v10,2019-05-19,history,ARCHIVE_ABSENCE (outside archive span 2020-01-01..2025-08-09),
ICON,fold_2,v10,2019-05-20,history,ARCHIVE_ABSENCE (outside archive span 2020-01-01..2025-08-09),
ICON,fold_2,v10,2019-05-21,history,ARCHIVE_ABSENCE (outside archive span 2020-01-01..2025-08-09),
ICON,fold_2,v10,2019-05-22,history,ARCHIVE_ABSENCE (outside archive span 2020-01-01..2025-08-09),
ICON,fold_2,v10,2019-05-23,history,ARCHIVE_ABSENCE (outside archive span 2020-01-01..2025-08-09),
ICON,fold_2,v10,2019-05-24,history,ARCHIVE_ABSENCE (outside archive span 2020-01-01..2025-08-09),
ICON,fold_2,v10,2019-05-25,history,ARCHIVE_ABSENCE (outside archive span 2020-01-01..2025-08-09),
ICON,fold_2,v10,2019-05-26,history,ARCHIVE_ABSENCE (outside archive span 2020-01-01..2025-08-09),
ICON,fold_2,v10,2019-05-27,history,ARCHIVE_ABSENCE (outside archive span 2020-01-01..2025-08-09),
ICON,fold_2,v10,2019-05-28,history,ARCHIVE_ABSENCE (outside archive span 2020-01-01..2025-08-09),
ICON,fold_2,v10,2019-05-29,history,ARCHIVE_ABSENCE (outside archive span 2020-01-01..2025-08-09),
ICON,fold_2,v10,2019-05-30,history,ARCHIVE_ABSENCE (outside archive span 2020-01-01..2025-08-09),
ICON,fold_2,v10,2019-05-31,history,ARCHIVE_ABSENCE (outside archive span 2020-01-01..2025-08-09),
ICON,fold_2,v10,2019-06-01,history,ARCHIVE_ABSENCE (outside archive span 2020-01-01..2025-08-09),
ICON,fold_2,v10,2019-06-02,history,ARCHIVE_ABSENCE (outside archive span 2020-01-01..2025-08-09),
ICON,fold_2,v10,2019-06-03,history,ARCHIVE_ABSENCE (outside archive span 2020-01-01..2025-08-09),
ICON,fold_2,v10,2019-06-04,history,ARCHIVE_ABSENCE (outside archive span 2020-01-01..2025-08-09),
ICON,fold_2,v10,2019-06-05,history,ARCHIVE_ABSENCE (outside archive span 2020-01-01..2025-08-09),
ICON,fold_2,v10,2019-06-06,history,ARCHIVE_ABSENCE (outside archive span 2020-01-01..2025-08-09),
ICON,fold_2,v10,2019-06-07,history,ARCHIVE_ABSENCE (outside archive span 2020-01-01..2025-08-09),
ICON,fold_2,v10,2019-06-08,history,ARCHIVE_ABSENCE (outside archive span 2020-01-01..2025-08-09),
ICON,fold_2,v10,2019-06-09,history,ARCHIVE_ABSENCE (outside archive span 2020-01-01..2025-08-09),
ICON,fold_2,v10,2019-06-10,history,ARCHIVE_ABSENCE (outside archive span 2020-01-01..2025-08-09),
ICON,fold_2,v10,2019-06-11,history,ARCHIVE_ABSENCE (outside archive span 2020-01-01..2025-08-09),
ICON,fold_2,v10,2019-06-12,history,ARCHIVE_ABSENCE (outside archive span 2020-01-01..2025-08-09),
ICON,fold_2,v10,2019-06-13,history,ARCHIVE_ABSENCE (outside archive span 2020-01-01..2025-08-09),
ICON,fold_2,v10,2019-06-14,history,ARCHIVE_ABSENCE (outside archive span 2020-01-01..2025-08-09),
ICON,fold_2,v10,2019-06-15,history,ARCHIVE_ABSENCE (outside archive span 2020-01-01..2025-08-09),
ICON,fold_2,v10,2019-06-16,history,ARCHIVE_ABSENCE (outside archive span 2020-01-01..2025-08-09),
ICON,fold_2,v10,2019-06-17,history,ARCHIVE_ABSENCE (outside archive span 2020-01-01..2025-08-09),
ICON,fold_2,v10,2019-06-18,history,ARCHIVE_ABSENCE (outside archive span 2020-01-01..2025-08-09),
ICON,fold_2,v10,2019-06-19,history,ARCHIVE_ABSENCE (outside archive span 2020-01-01..2025-08-09),
ICON,fold_2,v10,2019-06-20,history,ARCHIVE_ABSENCE (outside archive span 2020-01-01..2025-08-09),
ICON,fold_2,v10,2019-06-21,history,ARCHIVE_ABSENCE (outside archive span 2020-01-01..2025-08-09),
ICON,fold_2,v10,2019-06-22,history,ARCHIVE_ABSENCE (outside archive span 2020-01-01..2025-08-09),
ICON,fold_2,v10,2019-06-23,history,ARCHIVE_ABSENCE (outside archive span 2020-01-01..2025-08-09),
ICON,fold_2,v10,2019-06-24,history,ARCHIVE_ABSENCE (outside archive span 2020-01-01..2025-08-09),
ICON,fold_2,v10,2019-06-25,history,ARCHIVE_ABSENCE (outside archive span 2020-01-01..2025-08-09),
ICON,fold_2,v10,2019-06-26,history,ARCHIVE_ABSENCE (outside archive span 2020-01-01..2025-08-09),
ICON,fold_2,v10,2019-06-27,history,ARCHIVE_ABSENCE (outside archive span 2020-01-01..2025-08-09),
ICON,fold_2,v10,2019-06-28,history,ARCHIVE_ABSENCE (outside archive span 2020-01-01..2025-08-09),
ICON,fold_2,v10,2019-06-29,history,ARCHIVE_ABSENCE (outside archive span 2020-01-01..2025-08-09),
ICON,fold_2,v10,2019-06-30,history,ARCHIVE_ABSENCE (outside archive span 2020-01-01..2025-08-09),
ICON,fold_2,v10,2019-07-01,history,ARCHIVE_ABSENCE (outside archive span 2020-01-01..2025-08-09),
ICON,fold_2,v10,2019-07-02,history,ARCHIVE_ABSENCE (outside archive span 2020-01-01..2025-08-09),
ICON,fold_2,v10,2019-07-03,history,ARCHIVE_ABSENCE (outside archive span 2020-01-01..2025-08-09),
ICON,fold_2,v10,2019-07-04,history,ARCHIVE_ABSENCE (outside archive span 2020-01-01..2025-08-09),
ICON,fold_2,v10,2019-07-05,history,ARCHIVE_ABSENCE (outside archive span 2020-01-01..2025-08-09),
ICON,fold_2,v10,2019-07-06,history,ARCHIVE_ABSENCE (outside archive span 2020-01-01..2025-08-09),
ICON,fold_2,v10,2019-07-07,history,ARCHIVE_ABSENCE (outside archive span 2020-01-01..2025-08-09),
ICON,fold_2,v10,2019-07-08,history,ARCHIVE_ABSENCE (outside archive span 2020-01-01..2025-08-09),
ICON,fold_2,v10,2019-07-09,history,ARCHIVE_ABSENCE (outside archive span 2020-01-01..2025-08-09),
ICON,fold_2,v10,2019-07-10,history,ARCHIVE_ABSENCE (outside archive span 2020-01-01..2025-08-09),
ICON,fold_2,v10,2019-07-11,history,ARCHIVE_ABSENCE (outside archive span 2020-01-01..2025-08-09),
ICON,fold_2,v10,2019-07-12,history,ARCHIVE_ABSENCE (outside archive span 2020-01-01..2025-08-09),
ICON,fold_2,v10,2019-07-13,history,ARCHIVE_ABSENCE (outside archive span 2020-01-01..2025-08-09),
ICON,fold_2,v10,2019-07-14,history,ARCHIVE_ABSENCE (outside archive span 2020-01-01..2025-08-09),
ICON,fold_2,v10,2019-07-15,history,ARCHIVE_ABSENCE (outside archive span 2020-01-01..2025-08-09),
ICON,fold_2,v10,2019-07-16,history,ARCHIVE_ABSENCE (outside archive span 2020-01-01..2025-08-09),
ICON,fold_2,v10,2019-07-17,history,ARCHIVE_ABSENCE (outside archive span 2020-01-01..2025-08-09),
ICON,fold_2,v10,2019-07-18,history,ARCHIVE_ABSENCE (outside archive span 2020-01-01..2025-08-09),
ICON,fold_2,v10,2019-07-19,history,ARCHIVE_ABSENCE (outside archive span 2020-01-01..2025-08-09),
ICON,fold_2,v10,2019-07-20,history,ARCHIVE_ABSENCE (outside archive span 2020-01-01..2025-08-09),
ICON,fold_2,v10,2019-07-21,history,ARCHIVE_ABSENCE (outside archive span 2020-01-01..2025-08-09),
ICON,fold_2,v10,2019-07-22,history,ARCHIVE_ABSENCE (outside archive span 2020-01-01..2025-08-09),
ICON,fold_2,v10,2019-07-23,history,ARCHIVE_ABSENCE (outside archive span 2020-01-01..2025-08-09),
ICON,fold_2,v10,2019-07-24,history,ARCHIVE_ABSENCE (outside archive span 2020-01-01..2025-08-09),
ICON,fold_2,v10,2019-07-25,history,ARCHIVE_ABSENCE (outside archive span 2020-01-01..2025-08-09),
ICON,fold_2,v10,2019-07-26,history,ARCHIVE_ABSENCE (outside archive span 2020-01-01..2025-08-09),
ICON,fold_2,v10,2019-07-27,history,ARCHIVE_ABSENCE (outside archive span 2020-01-01..2025-08-09),
ICON,fold_2,v10,2019-07-28,history,ARCHIVE_ABSENCE (outside archive span 2020-01-01..2025-08-09),
ICON,fold_2,v10,2019-07-29,history,ARCHIVE_ABSENCE (outside archive span 2020-01-01..2025-08-09),
ICON,fold_2,v10,2019-07-30,history,ARCHIVE_ABSENCE (outside archive span 2020-01-01..2025-08-09),
ICON,fold_2,v10,2019-07-31,history,ARCHIVE_ABSENCE (outside archive span 2020-01-01..2025-08-09),
ICON,fold_2,v10,2019-08-01,history,ARCHIVE_ABSENCE (outside archive span 2020-01-01..2025-08-09),
ICON,fold_2,v10,2019-08-02,history,ARCHIVE_ABSENCE (outside archive span 2020-01-01..2025-08-09),
ICON,fold_2,v10,2019-08-03,history,ARCHIVE_ABSENCE (outside archive span 2020-01-01..2025-08-09),
ICON,fold_2,v10,2019-08-04,history,ARCHIVE_ABSENCE (outside archive span 2020-01-01..2025-08-09),
ICON,fold_2,v10,2019-08-05,history,ARCHIVE_ABSENCE (outside archive span 2020-01-01..2025-08-09),
ICON,fold_2,v10,2019-08-06,history,ARCHIVE_ABSENCE (outside archive span 2020-01-01..2025-08-09),
ICON,fold_2,v10,2019-08-07,history,ARCHIVE_ABSENCE (outside archive span 2020-01-01..2025-08-09),
ICON,fold_2,v10,2019-08-08,history,ARCHIVE_ABSENCE (outside archive span 2020-01-01..2025-08-09),
ICON,fold_2,v10,2019-08-09,history,ARCHIVE_ABSENCE (outside archive span 2020-01-01..2025-08-09),
ICON,fold_2,v10,2019-08-10,history,ARCHIVE_ABSENCE (outside archive span 2020-01-01..2025-08-09),
ICON,fold_2,v10,2019-08-11,history,ARCHIVE_ABSENCE (outside archive span 2020-01-01..2025-08-09),
ICON,fold_2,v10,2019-08-12,history,ARCHIVE_ABSENCE (outside archive span 2020-01-01..2025-08-09),
ICON,fold_2,v10,2019-08-13,history,ARCHIVE_ABSENCE (outside archive span 2020-01-01..2025-08-09),
ICON,fold_2,v10,2019-08-14,history,ARCHIVE_ABSENCE (outside archive span 2020-01-01..2025-08-09),
ICON,fold_2,v10,2019-08-15,history,ARCHIVE_ABSENCE (outside archive span 2020-01-01..2025-08-09),
ICON,fold_2,v10,2019-08-16,history,ARCHIVE_ABSENCE (outside archive span 2020-01-01..2025-08-09),
ICON,fold_2,v10,2019-08-17,history,ARCHIVE_ABSENCE (outside archive span 2020-01-01..2025-08-09),
ICON,fold_2,v10,2019-08-18,history,ARCHIVE_ABSENCE (outside archive span 2020-01-01..2025-08-09),
ICON,fold_2,v10,2019-08-19,history,ARCHIVE_ABSENCE (outside archive span 2020-01-01..2025-08-09),
ICON,fold_2,v10,2019-08-20,history,ARCHIVE_ABSENCE (outside archive span 2020-01-01..2025-08-09),
ICON,fold_2,v10,2019-08-21,history,ARCHIVE_ABSENCE (outside archive span 2020-01-01..2025-08-09),
ICON,fold_2,v10,2019-08-22,history,ARCHIVE_ABSENCE (outside archive span 2020-01-01..2025-08-09),
ICON,fold_2,v10,2019-08-23,history,ARCHIVE_ABSENCE (outside archive span 2020-01-01..2025-08-09),
ICON,fold_2,v10,2019-08-24,history,ARCHIVE_ABSENCE (outside archive span 2020-01-01..2025-08-09),
ICON,fold_2,v10,2019-08-25,history,ARCHIVE_ABSENCE (outside archive span 2020-01-01..2025-08-09),
ICON,fold_2,v10,2019-08-26,history,ARCHIVE_ABSENCE (outside archive span 2020-01-01..2025-08-09),
ICON,fold_2,v10,2019-08-27,history,ARCHIVE_ABSENCE (outside archive span 2020-01-01..2025-08-09),
ICON,fold_2,v10,2019-08-28,history,ARCHIVE_ABSENCE (outside archive span 2020-01-01..2025-08-09),
ICON,fold_2,v10,2019-08-29,history,ARCHIVE_ABSENCE (outside archive span 2020-01-01..2025-08-09),
ICON,fold_2,v10,2019-08-30,history,ARCHIVE_ABSENCE (outside archive span 2020-01-01..2025-08-09),
ICON,fold_2,v10,2019-08-31,history,ARCHIVE_ABSENCE (outside archive span 2020-01-01..2025-08-09),
ICON,fold_2,v10,2019-09-01,history,ARCHIVE_ABSENCE (outside archive span 2020-01-01..2025-08-09),
ICON,fold_2,v10,2019-09-02,history,ARCHIVE_ABSENCE (outside archive span 2020-01-01..2025-08-09),
ICON,fold_2,v10,2019-09-03,history,ARCHIVE_ABSENCE (outside archive span 2020-01-01..2025-08-09),
ICON,fold_2,v10,2019-09-04,history,ARCHIVE_ABSENCE (outside archive span 2020-01-01..2025-08-09),
ICON,fold_2,v10,2019-09-05,history,ARCHIVE_ABSENCE (outside archive span 2020-01-01..2025-08-09),
ICON,fold_2,v10,2019-09-06,history,ARCHIVE_ABSENCE (outside archive span 2020-01-01..2025-08-09),
ICON,fold_2,v10,2019-09-07,history,ARCHIVE_ABSENCE (outside archive span 2020-01-01..2025-08-09),
ICON,fold_2,v10,2019-09-08,history,ARCHIVE_ABSENCE (outside archive span 2020-01-01..2025-08-09),
ICON,fold_2,v10,2019-09-09,history,ARCHIVE_ABSENCE (outside archive span 2020-01-01..2025-08-09),
ICON,fold_2,v10,2019-09-10,history,ARCHIVE_ABSENCE (outside archive span 2020-01-01..2025-08-09),
ICON,fold_2,v10,2019-09-11,history,ARCHIVE_ABSENCE (outside archive span 2020-01-01..2025-08-09),
ICON,fold_2,v10,2019-09-12,history,ARCHIVE_ABSENCE (outside archive span 2020-01-01..2025-08-09),
ICON,fold_2,v10,2019-09-13,history,ARCHIVE_ABSENCE (outside archive span 2020-01-01..2025-08-09),
ICON,fold_2,v10,2019-09-14,history,ARCHIVE_ABSENCE (outside archive span 2020-01-01..2025-08-09),
ICON,fold_2,v10,2019-09-15,history,ARCHIVE_ABSENCE (outside archive span 2020-01-01..2025-08-09),
ICON,fold_2,v10,2019-09-16,history,ARCHIVE_ABSENCE (outside archive span 2020-01-01..2025-08-09),
ICON,fold_2,v10,2019-09-17,history,ARCHIVE_ABSENCE (outside archive span 2020-01-01..2025-08-09),
ICON,fold_2,v10,2019-09-18,history,ARCHIVE_ABSENCE (outside archive span 2020-01-01..2025-08-09),
ICON,fold_2,v10,2019-09-19,history,ARCHIVE_ABSENCE (outside archive span 2020-01-01..2025-08-09),
ICON,fold_2,v10,2019-09-20,history,ARCHIVE_ABSENCE (outside archive span 2020-01-01..2025-08-09),
ICON,fold_2,v10,2019-09-21,history,ARCHIVE_ABSENCE (outside archive span 2020-01-01..2025-08-09),
ICON,fold_2,v10,2019-09-22,history,ARCHIVE_ABSENCE (outside archive span 2020-01-01..2025-08-09),
ICON,fold_2,v10,2019-09-23,history,ARCHIVE_ABSENCE (outside archive span 2020-01-01..2025-08-09),
ICON,fold_2,v10,2019-09-24,history,ARCHIVE_ABSENCE (outside archive span 2020-01-01..2025-08-09),
ICON,fold_2,v10,2019-09-25,history,ARCHIVE_ABSENCE (outside archive span 2020-01-01..2025-08-09),
ICON,fold_2,v10,2019-09-26,history,ARCHIVE_ABSENCE (outside archive span 2020-01-01..2025-08-09),
ICON,fold_2,v10,2019-09-27,history,ARCHIVE_ABSENCE (outside archive span 2020-01-01..2025-08-09),
ICON,fold_2,v10,2019-09-28,history,ARCHIVE_ABSENCE (outside archive span 2020-01-01..2025-08-09),
ICON,fold_2,v10,2019-09-29,history,ARCHIVE_ABSENCE (outside archive span 2020-01-01..2025-08-09),
ICON,fold_2,v10,2019-09-30,history,ARCHIVE_ABSENCE (outside archive span 2020-01-01..2025-08-09),
ICON,fold_2,v10,2019-10-01,history,ARCHIVE_ABSENCE (outside archive span 2020-01-01..2025-08-09),
ICON,fold_2,v10,2019-10-02,history,ARCHIVE_ABSENCE (outside archive span 2020-01-01..2025-08-09),
ICON,fold_2,v10,2019-10-03,history,ARCHIVE_ABSENCE (outside archive span 2020-01-01..2025-08-09),
ICON,fold_2,v10,2019-10-04,history,ARCHIVE_ABSENCE (outside archive span 2020-01-01..2025-08-09),
ICON,fold_2,v10,2019-10-05,history,ARCHIVE_ABSENCE (outside archive span 2020-01-01..2025-08-09),
ICON,fold_2,v10,2019-10-06,history,ARCHIVE_ABSENCE (outside archive span 2020-01-01..2025-08-09),
ICON,fold_2,v10,2019-10-07,history,ARCHIVE_ABSENCE (outside archive span 2020-01-01..2025-08-09),
ICON,fold_2,v10,2019-10-08,history,ARCHIVE_ABSENCE (outside archive span 2020-01-01..2025-08-09),
ICON,fold_2,v10,2019-10-09,history,ARCHIVE_ABSENCE (outside archive span 2020-01-01..2025-08-09),
ICON,fold_2,v10,2019-10-10,history,ARCHIVE_ABSENCE (outside archive span 2020-01-01..2025-08-09),
ICON,fold_2,v10,2019-10-11,history,ARCHIVE_ABSENCE (outside archive span 2020-01-01..2025-08-09),
ICON,fold_2,v10,2019-10-12,history,ARCHIVE_ABSENCE (outside archive span 2020-01-01..2025-08-09),
ICON,fold_2,v10,2019-10-13,history,ARCHIVE_ABSENCE (outside archive span 2020-01-01..2025-08-09),
ICON,fold_2,v10,2019-10-14,history,ARCHIVE_ABSENCE (outside archive span 2020-01-01..2025-08-09),
ICON,fold_2,v10,2019-10-15,history,ARCHIVE_ABSENCE (outside archive span 2020-01-01..2025-08-09),
ICON,fold_2,v10,2019-10-16,history,ARCHIVE_ABSENCE (outside archive span 2020-01-01..2025-08-09),
ICON,fold_2,v10,2019-10-17,history,ARCHIVE_ABSENCE (outside archive span 2020-01-01..2025-08-09),
ICON,fold_2,v10,2019-10-18,history,ARCHIVE_ABSENCE (outside archive span 2020-01-01..2025-08-09),
ICON,fold_2,v10,2019-10-19,history,ARCHIVE_ABSENCE (outside archive span 2020-01-01..2025-08-09),
ICON,fold_2,v10,2019-10-20,history,ARCHIVE_ABSENCE (outside archive span 2020-01-01..2025-08-09),
ICON,fold_2,v10,2019-10-21,history,ARCHIVE_ABSENCE (outside archive span 2020-01-01..2025-08-09),
ICON,fold_2,v10,2019-10-22,history,ARCHIVE_ABSENCE (outside archive span 2020-01-01..2025-08-09),
ICON,fold_2,v10,2019-10-23,history,ARCHIVE_ABSENCE (outside archive span 2020-01-01..2025-08-09),
ICON,fold_2,v10,2019-10-24,history,ARCHIVE_ABSENCE (outside archive span 2020-01-01..2025-08-09),
ICON,fold_2,v10,2019-10-25,history,ARCHIVE_ABSENCE (outside archive span 2020-01-01..2025-08-09),
ICON,fold_2,v10,2019-10-26,history,ARCHIVE_ABSENCE (outside archive span 2020-01-01..2025-08-09),
ICON,fold_2,v10,2019-10-27,history,ARCHIVE_ABSENCE (outside archive span 2020-01-01..2025-08-09),
ICON,fold_2,v10,2019-10-28,history,ARCHIVE_ABSENCE (outside archive span 2020-01-01..2025-08-09),
ICON,fold_2,v10,2019-10-29,history,ARCHIVE_ABSENCE (outside archive span 2020-01-01..2025-08-09),
ICON,fold_2,v10,2019-10-30,history,ARCHIVE_ABSENCE (outside archive span 2020-01-01..2025-08-09),
ICON,fold_2,v10,2019-10-31,history,ARCHIVE_ABSENCE (outside archive span 2020-01-01..2025-08-09),
ICON,fold_2,v10,2019-11-01,history,ARCHIVE_ABSENCE (outside archive span 2020-01-01..2025-08-09),
ICON,fold_2,v10,2019-11-02,history,ARCHIVE_ABSENCE (outside archive span 2020-01-01..2025-08-09),
ICON,fold_2,v10,2019-11-03,history,ARCHIVE_ABSENCE (outside archive span 2020-01-01..2025-08-09),
ICON,fold_2,v10,2019-11-04,history,ARCHIVE_ABSENCE (outside archive span 2020-01-01..2025-08-09),
ICON,fold_2,v10,2019-11-05,history,ARCHIVE_ABSENCE (outside archive span 2020-01-01..2025-08-09),
ICON,fold_2,v10,2019-11-06,history,ARCHIVE_ABSENCE (outside archive span 2020-01-01..2025-08-09),
ICON,fold_2,v10,2019-11-07,history,ARCHIVE_ABSENCE (outside archive span 2020-01-01..2025-08-09),
ICON,fold_2,v10,2019-11-08,history,ARCHIVE_ABSENCE (outside archive span 2020-01-01..2025-08-09),
ICON,fold_2,v10,2019-11-09,history,ARCHIVE_ABSENCE (outside archive span 2020-01-01..2025-08-09),
ICON,fold_2,v10,2019-11-10,history,ARCHIVE_ABSENCE (outside archive span 2020-01-01..2025-08-09),
ICON,fold_2,v10,2019-11-11,history,ARCHIVE_ABSENCE (outside archive span 2020-01-01..2025-08-09),
ICON,fold_2,v10,2019-11-12,history,ARCHIVE_ABSENCE (outside archive span 2020-01-01..2025-08-09),
ICON,fold_2,v10,2019-11-13,history,ARCHIVE_ABSENCE (outside archive span 2020-01-01..2025-08-09),
ICON,fold_2,v10,2019-11-14,history,ARCHIVE_ABSENCE (outside archive span 2020-01-01..2025-08-09),
ICON,fold_2,v10,2019-11-15,history,ARCHIVE_ABSENCE (outside archive span 2020-01-01..2025-08-09),
ICON,fold_2,v10,2019-11-16,history,ARCHIVE_ABSENCE (outside archive span 2020-01-01..2025-08-09),
ICON,fold_2,v10,2019-11-17,history,ARCHIVE_ABSENCE (outside archive span 2020-01-01..2025-08-09),
ICON,fold_2,v10,2019-11-18,history,ARCHIVE_ABSENCE (outside archive span 2020-01-01..2025-08-09),
ICON,fold_2,v10,2019-11-19,history,ARCHIVE_ABSENCE (outside archive span 2020-01-01..2025-08-09),
ICON,fold_2,v10,2019-11-20,history,ARCHIVE_ABSENCE (outside archive span 2020-01-01..2025-08-09),
ICON,fold_2,v10,2019-11-21,history,ARCHIVE_ABSENCE (outside archive span 2020-01-01..2025-08-09),
ICON,fold_2,v10,2019-11-22,history,ARCHIVE_ABSENCE (outside archive span 2020-01-01..2025-08-09),
ICON,fold_2,v10,2019-11-23,history,ARCHIVE_ABSENCE (outside archive span 2020-01-01..2025-08-09),
ICON,fold_2,v10,2019-11-24,history,ARCHIVE_ABSENCE (outside archive span 2020-01-01..2025-08-09),
ICON,fold_2,v10,2019-11-25,history,ARCHIVE_ABSENCE (outside archive span 2020-01-01..2025-08-09),
ICON,fold_2,v10,2019-11-26,history,ARCHIVE_ABSENCE (outside archive span 2020-01-01..2025-08-09),
ICON,fold_2,v10,2019-11-27,history,ARCHIVE_ABSENCE (outside archive span 2020-01-01..2025-08-09),
ICON,fold_2,v10,2019-11-28,history,ARCHIVE_ABSENCE (outside archive span 2020-01-01..2025-08-09),
ICON,fold_2,v10,2019-11-29,history,ARCHIVE_ABSENCE (outside archive span 2020-01-01..2025-08-09),
ICON,fold_2,v10,2019-11-30,history,ARCHIVE_ABSENCE (outside archive span 2020-01-01..2025-08-09),
ICON,fold_2,v10,2019-12-01,history,ARCHIVE_ABSENCE (outside archive span 2020-01-01..2025-08-09),
ICON,fold_2,v10,2019-12-02,history,ARCHIVE_ABSENCE (outside archive span 2020-01-01..2025-08-09),
ICON,fold_2,v10,2019-12-03,history,ARCHIVE_ABSENCE (outside archive span 2020-01-01..2025-08-09),
ICON,fold_2,v10,2019-12-04,history,ARCHIVE_ABSENCE (outside archive span 2020-01-01..2025-08-09),
ICON,fold_2,v10,2019-12-05,history,ARCHIVE_ABSENCE (outside archive span 2020-01-01..2025-08-09),
ICON,fold_2,v10,2019-12-06,history,ARCHIVE_ABSENCE (outside archive span 2020-01-01..2025-08-09),
ICON,fold_2,v10,2019-12-07,history,ARCHIVE_ABSENCE (outside archive span 2020-01-01..2025-08-09),
ICON,fold_2,v10,2019-12-08,history,ARCHIVE_ABSENCE (outside archive span 2020-01-01..2025-08-09),
ICON,fold_2,v10,2019-12-09,history,ARCHIVE_ABSENCE (outside archive span 2020-01-01..2025-08-09),
ICON,fold_2,v10,2019-12-10,history,ARCHIVE_ABSENCE (outside archive span 2020-01-01..2025-08-09),
ICON,fold_2,v10,2019-12-11,history,ARCHIVE_ABSENCE (outside archive span 2020-01-01..2025-08-09),
ICON,fold_2,v10,2019-12-12,history,ARCHIVE_ABSENCE (outside archive span 2020-01-01..2025-08-09),
ICON,fold_2,v10,2019-12-13,history,ARCHIVE_ABSENCE (outside archive span 2020-01-01..2025-08-09),
ICON,fold_2,v10,2019-12-14,history,ARCHIVE_ABSENCE (outside archive span 2020-01-01..2025-08-09),
ICON,fold_2,v10,2019-12-15,history,ARCHIVE_ABSENCE (outside archive span 2020-01-01..2025-08-09),
ICON,fold_2,v10,2019-12-16,history,ARCHIVE_ABSENCE (outside archive span 2020-01-01..2025-08-09),
ICON,fold_2,v10,2019-12-17,history,ARCHIVE_ABSENCE (outside archive span 2020-01-01..2025-08-09),
ICON,fold_2,v10,2019-12-18,history,ARCHIVE_ABSENCE (outside archive span 2020-01-01..2025-08-09),
ICON,fold_2,v10,2019-12-19,history,ARCHIVE_ABSENCE (outside archive span 2020-01-01..2025-08-09),
ICON,fold_2,v10,2019-12-20,history,ARCHIVE_ABSENCE (outside archive span 2020-01-01..2025-08-09),
ICON,fold_2,v10,2019-12-21,history,ARCHIVE_ABSENCE (outside archive span 2020-01-01..2025-08-09),
ICON,fold_2,v10,2019-12-22,history,ARCHIVE_ABSENCE (outside archive span 2020-01-01..2025-08-09),
ICON,fold_2,v10,2019-12-23,history,ARCHIVE_ABSENCE (outside archive span 2020-01-01..2025-08-09),
ICON,fold_2,v10,2019-12-24,history,ARCHIVE_ABSENCE (outside archive span 2020-01-01..2025-08-09),
ICON,fold_2,v10,2019-12-25,history,ARCHIVE_ABSENCE (outside archive span 2020-01-01..2025-08-09),
ICON,fold_2,v10,2019-12-26,history,ARCHIVE_ABSENCE (outside archive span 2020-01-01..2025-08-09),
ICON,fold_2,v10,2019-12-27,history,ARCHIVE_ABSENCE (outside archive span 2020-01-01..2025-08-09),
ICON,fold_2,v10,2019-12-28,history,ARCHIVE_ABSENCE (outside archive span 2020-01-01..2025-08-09),
ICON,fold_2,v10,2019-12-29,history,ARCHIVE_ABSENCE (outside archive span 2020-01-01..2025-08-09),
ICON,fold_2,v10,2019-12-30,history,ARCHIVE_ABSENCE (outside archive span 2020-01-01..2025-08-09),
ICON,fold_2,v10,2019-12-31,history,ARCHIVE_ABSENCE (outside archive span 2020-01-01..2025-08-09),
ICON,fold_2,v10,2020-02-01,history,ARCHIVE_ABSENCE (run file absent),
ICON,fold_2,v10,2020-02-13,history,FIELD_INCOMPLETE (u_10m/.zarray;v_10m/.zarray),
ICON,fold_2,v10,2020-04-03,history,ARCHIVE_ABSENCE (run file absent),
ICON,fold_2,v10,2020-04-07,history,ARCHIVE_ABSENCE (run file absent),
ICON,fold_2,v10,2020-06-01,history,ARCHIVE_ABSENCE (run file absent),
ICON,fold_2,v10,2020-06-05,history,ARCHIVE_ABSENCE (run file absent),
ICON,fold_2,v10,2020-06-25,history,ARCHIVE_ABSENCE (run file absent),
ICON,fold_2,v10,2020-07-03,history,ARCHIVE_ABSENCE (run file absent),
ICON,fold_2,v10,2020-07-13,history,ARCHIVE_ABSENCE (run file absent),
ICON,fold_2,v10,2020-07-14,history,ARCHIVE_ABSENCE (run file absent),
ICON,fold_2,v10,2020-07-26,history,ARCHIVE_ABSENCE (run file absent),
ICON,fold_2,v10,2020-11-01,history,ARCHIVE_ABSENCE (run file absent),
ICON,fold_2,v10,2020-11-02,history,ARCHIVE_ABSENCE (run file absent),
ICON,fold_2,v10,2020-11-04,history,ARCHIVE_ABSENCE (run file absent),
ICON,fold_2,v10,2020-11-05,history,ARCHIVE_ABSENCE (run file absent),
ICON,fold_2,v10,2020-11-06,history,ARCHIVE_ABSENCE (run file absent),
ICON,fold_2,v10,2020-11-07,history,ARCHIVE_ABSENCE (run file absent),
ICON,fold_2,v10,2020-11-09,history,ARCHIVE_ABSENCE (run file absent),
ICON,fold_2,v10,2020-11-10,history,ARCHIVE_ABSENCE (run file absent),
ICON,fold_2,v10,2020-11-14,history,ARCHIVE_ABSENCE (run file absent),
ICON,fold_2,v10,2020-11-15,history,ARCHIVE_ABSENCE (run file absent),
ICON,fold_2,v10,2020-11-16,history,ARCHIVE_ABSENCE (run file absent),
ICON,fold_2,v10,2020-11-17,history,ARCHIVE_ABSENCE (run file absent),
ICON,fold_2,v10,2020-11-19,history,ARCHIVE_ABSENCE (run file absent),
ICON,fold_2,v10,2020-11-20,history,ARCHIVE_ABSENCE (run file absent),
ICON,fold_2,v10,2020-11-21,history,ARCHIVE_ABSENCE (run file absent),
ICON,fold_2,v10,2020-11-22,history,ARCHIVE_ABSENCE (run file absent),
ICON,fold_2,v10,2020-11-24,history,ARCHIVE_ABSENCE (run file absent),
ICON,fold_2,v10,2020-11-26,history,ARCHIVE_ABSENCE (run file absent),
ICON,fold_2,v10,2020-11-29,history,ARCHIVE_ABSENCE (run file absent),
ICON,fold_2,v10,2021-03-13,warmup,ARCHIVE_ABSENCE (run file absent),
ICON,fold_2,radiation,2019-03-03,history,ARCHIVE_ABSENCE (outside archive span 2020-01-01..2025-08-09),
ICON,fold_2,radiation,2019-03-04,history,ARCHIVE_ABSENCE (outside archive span 2020-01-01..2025-08-09),
ICON,fold_2,radiation,2019-03-05,history,ARCHIVE_ABSENCE (outside archive span 2020-01-01..2025-08-09),
ICON,fold_2,radiation,2019-03-06,history,ARCHIVE_ABSENCE (outside archive span 2020-01-01..2025-08-09),
ICON,fold_2,radiation,2019-03-07,history,ARCHIVE_ABSENCE (outside archive span 2020-01-01..2025-08-09),
ICON,fold_2,radiation,2019-03-08,history,ARCHIVE_ABSENCE (outside archive span 2020-01-01..2025-08-09),
ICON,fold_2,radiation,2019-03-09,history,ARCHIVE_ABSENCE (outside archive span 2020-01-01..2025-08-09),
ICON,fold_2,radiation,2019-03-10,history,ARCHIVE_ABSENCE (outside archive span 2020-01-01..2025-08-09),
ICON,fold_2,radiation,2019-03-11,history,ARCHIVE_ABSENCE (outside archive span 2020-01-01..2025-08-09),
ICON,fold_2,radiation,2019-03-12,history,ARCHIVE_ABSENCE (outside archive span 2020-01-01..2025-08-09),
ICON,fold_2,radiation,2019-03-13,history,ARCHIVE_ABSENCE (outside archive span 2020-01-01..2025-08-09),
ICON,fold_2,radiation,2019-03-14,history,ARCHIVE_ABSENCE (outside archive span 2020-01-01..2025-08-09),
ICON,fold_2,radiation,2019-03-15,history,ARCHIVE_ABSENCE (outside archive span 2020-01-01..2025-08-09),
ICON,fold_2,radiation,2019-03-16,history,ARCHIVE_ABSENCE (outside archive span 2020-01-01..2025-08-09),
ICON,fold_2,radiation,2019-03-17,history,ARCHIVE_ABSENCE (outside archive span 2020-01-01..2025-08-09),
ICON,fold_2,radiation,2019-03-18,history,ARCHIVE_ABSENCE (outside archive span 2020-01-01..2025-08-09),
ICON,fold_2,radiation,2019-03-19,history,ARCHIVE_ABSENCE (outside archive span 2020-01-01..2025-08-09),
ICON,fold_2,radiation,2019-03-20,history,ARCHIVE_ABSENCE (outside archive span 2020-01-01..2025-08-09),
ICON,fold_2,radiation,2019-03-21,history,ARCHIVE_ABSENCE (outside archive span 2020-01-01..2025-08-09),
ICON,fold_2,radiation,2019-03-22,history,ARCHIVE_ABSENCE (outside archive span 2020-01-01..2025-08-09),
ICON,fold_2,radiation,2019-03-23,history,ARCHIVE_ABSENCE (outside archive span 2020-01-01..2025-08-09),
ICON,fold_2,radiation,2019-03-24,history,ARCHIVE_ABSENCE (outside archive span 2020-01-01..2025-08-09),
ICON,fold_2,radiation,2019-03-25,history,ARCHIVE_ABSENCE (outside archive span 2020-01-01..2025-08-09),
ICON,fold_2,radiation,2019-03-26,history,ARCHIVE_ABSENCE (outside archive span 2020-01-01..2025-08-09),
ICON,fold_2,radiation,2019-03-27,history,ARCHIVE_ABSENCE (outside archive span 2020-01-01..2025-08-09),
ICON,fold_2,radiation,2019-03-28,history,ARCHIVE_ABSENCE (outside archive span 2020-01-01..2025-08-09),
ICON,fold_2,radiation,2019-03-29,history,ARCHIVE_ABSENCE (outside archive span 2020-01-01..2025-08-09),
ICON,fold_2,radiation,2019-03-30,history,ARCHIVE_ABSENCE (outside archive span 2020-01-01..2025-08-09),
ICON,fold_2,radiation,2019-03-31,history,ARCHIVE_ABSENCE (outside archive span 2020-01-01..2025-08-09),
ICON,fold_2,radiation,2019-04-01,history,ARCHIVE_ABSENCE (outside archive span 2020-01-01..2025-08-09),
ICON,fold_2,radiation,2019-04-02,history,ARCHIVE_ABSENCE (outside archive span 2020-01-01..2025-08-09),
ICON,fold_2,radiation,2019-04-03,history,ARCHIVE_ABSENCE (outside archive span 2020-01-01..2025-08-09),
ICON,fold_2,radiation,2019-04-04,history,ARCHIVE_ABSENCE (outside archive span 2020-01-01..2025-08-09),
ICON,fold_2,radiation,2019-04-05,history,ARCHIVE_ABSENCE (outside archive span 2020-01-01..2025-08-09),
ICON,fold_2,radiation,2019-04-06,history,ARCHIVE_ABSENCE (outside archive span 2020-01-01..2025-08-09),
ICON,fold_2,radiation,2019-04-07,history,ARCHIVE_ABSENCE (outside archive span 2020-01-01..2025-08-09),
ICON,fold_2,radiation,2019-04-08,history,ARCHIVE_ABSENCE (outside archive span 2020-01-01..2025-08-09),
ICON,fold_2,radiation,2019-04-09,history,ARCHIVE_ABSENCE (outside archive span 2020-01-01..2025-08-09),
ICON,fold_2,radiation,2019-04-10,history,ARCHIVE_ABSENCE (outside archive span 2020-01-01..2025-08-09),
ICON,fold_2,radiation,2019-04-11,history,ARCHIVE_ABSENCE (outside archive span 2020-01-01..2025-08-09),
ICON,fold_2,radiation,2019-04-12,history,ARCHIVE_ABSENCE (outside archive span 2020-01-01..2025-08-09),
ICON,fold_2,radiation,2019-04-13,history,ARCHIVE_ABSENCE (outside archive span 2020-01-01..2025-08-09),
ICON,fold_2,radiation,2019-04-14,history,ARCHIVE_ABSENCE (outside archive span 2020-01-01..2025-08-09),
ICON,fold_2,radiation,2019-04-15,history,ARCHIVE_ABSENCE (outside archive span 2020-01-01..2025-08-09),
ICON,fold_2,radiation,2019-04-16,history,ARCHIVE_ABSENCE (outside archive span 2020-01-01..2025-08-09),
ICON,fold_2,radiation,2019-04-17,history,ARCHIVE_ABSENCE (outside archive span 2020-01-01..2025-08-09),
ICON,fold_2,radiation,2019-04-18,history,ARCHIVE_ABSENCE (outside archive span 2020-01-01..2025-08-09),
ICON,fold_2,radiation,2019-04-19,history,ARCHIVE_ABSENCE (outside archive span 2020-01-01..2025-08-09),
ICON,fold_2,radiation,2019-04-20,history,ARCHIVE_ABSENCE (outside archive span 2020-01-01..2025-08-09),
ICON,fold_2,radiation,2019-04-21,history,ARCHIVE_ABSENCE (outside archive span 2020-01-01..2025-08-09),
ICON,fold_2,radiation,2019-04-22,history,ARCHIVE_ABSENCE (outside archive span 2020-01-01..2025-08-09),
ICON,fold_2,radiation,2019-04-23,history,ARCHIVE_ABSENCE (outside archive span 2020-01-01..2025-08-09),
ICON,fold_2,radiation,2019-04-24,history,ARCHIVE_ABSENCE (outside archive span 2020-01-01..2025-08-09),
ICON,fold_2,radiation,2019-04-25,history,ARCHIVE_ABSENCE (outside archive span 2020-01-01..2025-08-09),
ICON,fold_2,radiation,2019-04-26,history,ARCHIVE_ABSENCE (outside archive span 2020-01-01..2025-08-09),
ICON,fold_2,radiation,2019-04-27,history,ARCHIVE_ABSENCE (outside archive span 2020-01-01..2025-08-09),
ICON,fold_2,radiation,2019-04-28,history,ARCHIVE_ABSENCE (outside archive span 2020-01-01..2025-08-09),
ICON,fold_2,radiation,2019-04-29,history,ARCHIVE_ABSENCE (outside archive span 2020-01-01..2025-08-09),
ICON,fold_2,radiation,2019-04-30,history,ARCHIVE_ABSENCE (outside archive span 2020-01-01..2025-08-09),
ICON,fold_2,radiation,2019-05-01,history,ARCHIVE_ABSENCE (outside archive span 2020-01-01..2025-08-09),
ICON,fold_2,radiation,2019-05-02,history,ARCHIVE_ABSENCE (outside archive span 2020-01-01..2025-08-09),
ICON,fold_2,radiation,2019-05-03,history,ARCHIVE_ABSENCE (outside archive span 2020-01-01..2025-08-09),
ICON,fold_2,radiation,2019-05-04,history,ARCHIVE_ABSENCE (outside archive span 2020-01-01..2025-08-09),
ICON,fold_2,radiation,2019-05-05,history,ARCHIVE_ABSENCE (outside archive span 2020-01-01..2025-08-09),
ICON,fold_2,radiation,2019-05-06,history,ARCHIVE_ABSENCE (outside archive span 2020-01-01..2025-08-09),
ICON,fold_2,radiation,2019-05-07,history,ARCHIVE_ABSENCE (outside archive span 2020-01-01..2025-08-09),
ICON,fold_2,radiation,2019-05-08,history,ARCHIVE_ABSENCE (outside archive span 2020-01-01..2025-08-09),
ICON,fold_2,radiation,2019-05-09,history,ARCHIVE_ABSENCE (outside archive span 2020-01-01..2025-08-09),
ICON,fold_2,radiation,2019-05-10,history,ARCHIVE_ABSENCE (outside archive span 2020-01-01..2025-08-09),
ICON,fold_2,radiation,2019-05-11,history,ARCHIVE_ABSENCE (outside archive span 2020-01-01..2025-08-09),
ICON,fold_2,radiation,2019-05-12,history,ARCHIVE_ABSENCE (outside archive span 2020-01-01..2025-08-09),
ICON,fold_2,radiation,2019-05-13,history,ARCHIVE_ABSENCE (outside archive span 2020-01-01..2025-08-09),
ICON,fold_2,radiation,2019-05-14,history,ARCHIVE_ABSENCE (outside archive span 2020-01-01..2025-08-09),
ICON,fold_2,radiation,2019-05-15,history,ARCHIVE_ABSENCE (outside archive span 2020-01-01..2025-08-09),
ICON,fold_2,radiation,2019-05-16,history,ARCHIVE_ABSENCE (outside archive span 2020-01-01..2025-08-09),
ICON,fold_2,radiation,2019-05-17,history,ARCHIVE_ABSENCE (outside archive span 2020-01-01..2025-08-09),
ICON,fold_2,radiation,2019-05-18,history,ARCHIVE_ABSENCE (outside archive span 2020-01-01..2025-08-09),
ICON,fold_2,radiation,2019-05-19,history,ARCHIVE_ABSENCE (outside archive span 2020-01-01..2025-08-09),
ICON,fold_2,radiation,2019-05-20,history,ARCHIVE_ABSENCE (outside archive span 2020-01-01..2025-08-09),
ICON,fold_2,radiation,2019-05-21,history,ARCHIVE_ABSENCE (outside archive span 2020-01-01..2025-08-09),
ICON,fold_2,radiation,2019-05-22,history,ARCHIVE_ABSENCE (outside archive span 2020-01-01..2025-08-09),
ICON,fold_2,radiation,2019-05-23,history,ARCHIVE_ABSENCE (outside archive span 2020-01-01..2025-08-09),
ICON,fold_2,radiation,2019-05-24,history,ARCHIVE_ABSENCE (outside archive span 2020-01-01..2025-08-09),
ICON,fold_2,radiation,2019-05-25,history,ARCHIVE_ABSENCE (outside archive span 2020-01-01..2025-08-09),
ICON,fold_2,radiation,2019-05-26,history,ARCHIVE_ABSENCE (outside archive span 2020-01-01..2025-08-09),
ICON,fold_2,radiation,2019-05-27,history,ARCHIVE_ABSENCE (outside archive span 2020-01-01..2025-08-09),
ICON,fold_2,radiation,2019-05-28,history,ARCHIVE_ABSENCE (outside archive span 2020-01-01..2025-08-09),
ICON,fold_2,radiation,2019-05-29,history,ARCHIVE_ABSENCE (outside archive span 2020-01-01..2025-08-09),
ICON,fold_2,radiation,2019-05-30,history,ARCHIVE_ABSENCE (outside archive span 2020-01-01..2025-08-09),
ICON,fold_2,radiation,2019-05-31,history,ARCHIVE_ABSENCE (outside archive span 2020-01-01..2025-08-09),
ICON,fold_2,radiation,2019-06-01,history,ARCHIVE_ABSENCE (outside archive span 2020-01-01..2025-08-09),
ICON,fold_2,radiation,2019-06-02,history,ARCHIVE_ABSENCE (outside archive span 2020-01-01..2025-08-09),
ICON,fold_2,radiation,2019-06-03,history,ARCHIVE_ABSENCE (outside archive span 2020-01-01..2025-08-09),
ICON,fold_2,radiation,2019-06-04,history,ARCHIVE_ABSENCE (outside archive span 2020-01-01..2025-08-09),
ICON,fold_2,radiation,2019-06-05,history,ARCHIVE_ABSENCE (outside archive span 2020-01-01..2025-08-09),
ICON,fold_2,radiation,2019-06-06,history,ARCHIVE_ABSENCE (outside archive span 2020-01-01..2025-08-09),
ICON,fold_2,radiation,2019-06-07,history,ARCHIVE_ABSENCE (outside archive span 2020-01-01..2025-08-09),
ICON,fold_2,radiation,2019-06-08,history,ARCHIVE_ABSENCE (outside archive span 2020-01-01..2025-08-09),
ICON,fold_2,radiation,2019-06-09,history,ARCHIVE_ABSENCE (outside archive span 2020-01-01..2025-08-09),
ICON,fold_2,radiation,2019-06-10,history,ARCHIVE_ABSENCE (outside archive span 2020-01-01..2025-08-09),
ICON,fold_2,radiation,2019-06-11,history,ARCHIVE_ABSENCE (outside archive span 2020-01-01..2025-08-09),
ICON,fold_2,radiation,2019-06-12,history,ARCHIVE_ABSENCE (outside archive span 2020-01-01..2025-08-09),
ICON,fold_2,radiation,2019-06-13,history,ARCHIVE_ABSENCE (outside archive span 2020-01-01..2025-08-09),
ICON,fold_2,radiation,2019-06-14,history,ARCHIVE_ABSENCE (outside archive span 2020-01-01..2025-08-09),
ICON,fold_2,radiation,2019-06-15,history,ARCHIVE_ABSENCE (outside archive span 2020-01-01..2025-08-09),
ICON,fold_2,radiation,2019-06-16,history,ARCHIVE_ABSENCE (outside archive span 2020-01-01..2025-08-09),
ICON,fold_2,radiation,2019-06-17,history,ARCHIVE_ABSENCE (outside archive span 2020-01-01..2025-08-09),
ICON,fold_2,radiation,2019-06-18,history,ARCHIVE_ABSENCE (outside archive span 2020-01-01..2025-08-09),
ICON,fold_2,radiation,2019-06-19,history,ARCHIVE_ABSENCE (outside archive span 2020-01-01..2025-08-09),
ICON,fold_2,radiation,2019-06-20,history,ARCHIVE_ABSENCE (outside archive span 2020-01-01..2025-08-09),
ICON,fold_2,radiation,2019-06-21,history,ARCHIVE_ABSENCE (outside archive span 2020-01-01..2025-08-09),
ICON,fold_2,radiation,2019-06-22,history,ARCHIVE_ABSENCE (outside archive span 2020-01-01..2025-08-09),
ICON,fold_2,radiation,2019-06-23,history,ARCHIVE_ABSENCE (outside archive span 2020-01-01..2025-08-09),
ICON,fold_2,radiation,2019-06-24,history,ARCHIVE_ABSENCE (outside archive span 2020-01-01..2025-08-09),
ICON,fold_2,radiation,2019-06-25,history,ARCHIVE_ABSENCE (outside archive span 2020-01-01..2025-08-09),
ICON,fold_2,radiation,2019-06-26,history,ARCHIVE_ABSENCE (outside archive span 2020-01-01..2025-08-09),
ICON,fold_2,radiation,2019-06-27,history,ARCHIVE_ABSENCE (outside archive span 2020-01-01..2025-08-09),
ICON,fold_2,radiation,2019-06-28,history,ARCHIVE_ABSENCE (outside archive span 2020-01-01..2025-08-09),
ICON,fold_2,radiation,2019-06-29,history,ARCHIVE_ABSENCE (outside archive span 2020-01-01..2025-08-09),
ICON,fold_2,radiation,2019-06-30,history,ARCHIVE_ABSENCE (outside archive span 2020-01-01..2025-08-09),
ICON,fold_2,radiation,2019-07-01,history,ARCHIVE_ABSENCE (outside archive span 2020-01-01..2025-08-09),
ICON,fold_2,radiation,2019-07-02,history,ARCHIVE_ABSENCE (outside archive span 2020-01-01..2025-08-09),
ICON,fold_2,radiation,2019-07-03,history,ARCHIVE_ABSENCE (outside archive span 2020-01-01..2025-08-09),
ICON,fold_2,radiation,2019-07-04,history,ARCHIVE_ABSENCE (outside archive span 2020-01-01..2025-08-09),
ICON,fold_2,radiation,2019-07-05,history,ARCHIVE_ABSENCE (outside archive span 2020-01-01..2025-08-09),
ICON,fold_2,radiation,2019-07-06,history,ARCHIVE_ABSENCE (outside archive span 2020-01-01..2025-08-09),
ICON,fold_2,radiation,2019-07-07,history,ARCHIVE_ABSENCE (outside archive span 2020-01-01..2025-08-09),
ICON,fold_2,radiation,2019-07-08,history,ARCHIVE_ABSENCE (outside archive span 2020-01-01..2025-08-09),
ICON,fold_2,radiation,2019-07-09,history,ARCHIVE_ABSENCE (outside archive span 2020-01-01..2025-08-09),
ICON,fold_2,radiation,2019-07-10,history,ARCHIVE_ABSENCE (outside archive span 2020-01-01..2025-08-09),
ICON,fold_2,radiation,2019-07-11,history,ARCHIVE_ABSENCE (outside archive span 2020-01-01..2025-08-09),
ICON,fold_2,radiation,2019-07-12,history,ARCHIVE_ABSENCE (outside archive span 2020-01-01..2025-08-09),
ICON,fold_2,radiation,2019-07-13,history,ARCHIVE_ABSENCE (outside archive span 2020-01-01..2025-08-09),
ICON,fold_2,radiation,2019-07-14,history,ARCHIVE_ABSENCE (outside archive span 2020-01-01..2025-08-09),
ICON,fold_2,radiation,2019-07-15,history,ARCHIVE_ABSENCE (outside archive span 2020-01-01..2025-08-09),
ICON,fold_2,radiation,2019-07-16,history,ARCHIVE_ABSENCE (outside archive span 2020-01-01..2025-08-09),
ICON,fold_2,radiation,2019-07-17,history,ARCHIVE_ABSENCE (outside archive span 2020-01-01..2025-08-09),
ICON,fold_2,radiation,2019-07-18,history,ARCHIVE_ABSENCE (outside archive span 2020-01-01..2025-08-09),
ICON,fold_2,radiation,2019-07-19,history,ARCHIVE_ABSENCE (outside archive span 2020-01-01..2025-08-09),
ICON,fold_2,radiation,2019-07-20,history,ARCHIVE_ABSENCE (outside archive span 2020-01-01..2025-08-09),
ICON,fold_2,radiation,2019-07-21,history,ARCHIVE_ABSENCE (outside archive span 2020-01-01..2025-08-09),
ICON,fold_2,radiation,2019-07-22,history,ARCHIVE_ABSENCE (outside archive span 2020-01-01..2025-08-09),
ICON,fold_2,radiation,2019-07-23,history,ARCHIVE_ABSENCE (outside archive span 2020-01-01..2025-08-09),
ICON,fold_2,radiation,2019-07-24,history,ARCHIVE_ABSENCE (outside archive span 2020-01-01..2025-08-09),
ICON,fold_2,radiation,2019-07-25,history,ARCHIVE_ABSENCE (outside archive span 2020-01-01..2025-08-09),
ICON,fold_2,radiation,2019-07-26,history,ARCHIVE_ABSENCE (outside archive span 2020-01-01..2025-08-09),
ICON,fold_2,radiation,2019-07-27,history,ARCHIVE_ABSENCE (outside archive span 2020-01-01..2025-08-09),
ICON,fold_2,radiation,2019-07-28,history,ARCHIVE_ABSENCE (outside archive span 2020-01-01..2025-08-09),
ICON,fold_2,radiation,2019-07-29,history,ARCHIVE_ABSENCE (outside archive span 2020-01-01..2025-08-09),
ICON,fold_2,radiation,2019-07-30,history,ARCHIVE_ABSENCE (outside archive span 2020-01-01..2025-08-09),
ICON,fold_2,radiation,2019-07-31,history,ARCHIVE_ABSENCE (outside archive span 2020-01-01..2025-08-09),
ICON,fold_2,radiation,2019-08-01,history,ARCHIVE_ABSENCE (outside archive span 2020-01-01..2025-08-09),
ICON,fold_2,radiation,2019-08-02,history,ARCHIVE_ABSENCE (outside archive span 2020-01-01..2025-08-09),
ICON,fold_2,radiation,2019-08-03,history,ARCHIVE_ABSENCE (outside archive span 2020-01-01..2025-08-09),
ICON,fold_2,radiation,2019-08-04,history,ARCHIVE_ABSENCE (outside archive span 2020-01-01..2025-08-09),
ICON,fold_2,radiation,2019-08-05,history,ARCHIVE_ABSENCE (outside archive span 2020-01-01..2025-08-09),
ICON,fold_2,radiation,2019-08-06,history,ARCHIVE_ABSENCE (outside archive span 2020-01-01..2025-08-09),
ICON,fold_2,radiation,2019-08-07,history,ARCHIVE_ABSENCE (outside archive span 2020-01-01..2025-08-09),
ICON,fold_2,radiation,2019-08-08,history,ARCHIVE_ABSENCE (outside archive span 2020-01-01..2025-08-09),
ICON,fold_2,radiation,2019-08-09,history,ARCHIVE_ABSENCE (outside archive span 2020-01-01..2025-08-09),
ICON,fold_2,radiation,2019-08-10,history,ARCHIVE_ABSENCE (outside archive span 2020-01-01..2025-08-09),
ICON,fold_2,radiation,2019-08-11,history,ARCHIVE_ABSENCE (outside archive span 2020-01-01..2025-08-09),
ICON,fold_2,radiation,2019-08-12,history,ARCHIVE_ABSENCE (outside archive span 2020-01-01..2025-08-09),
ICON,fold_2,radiation,2019-08-13,history,ARCHIVE_ABSENCE (outside archive span 2020-01-01..2025-08-09),
ICON,fold_2,radiation,2019-08-14,history,ARCHIVE_ABSENCE (outside archive span 2020-01-01..2025-08-09),
ICON,fold_2,radiation,2019-08-15,history,ARCHIVE_ABSENCE (outside archive span 2020-01-01..2025-08-09),
ICON,fold_2,radiation,2019-08-16,history,ARCHIVE_ABSENCE (outside archive span 2020-01-01..2025-08-09),
ICON,fold_2,radiation,2019-08-17,history,ARCHIVE_ABSENCE (outside archive span 2020-01-01..2025-08-09),
ICON,fold_2,radiation,2019-08-18,history,ARCHIVE_ABSENCE (outside archive span 2020-01-01..2025-08-09),
ICON,fold_2,radiation,2019-08-19,history,ARCHIVE_ABSENCE (outside archive span 2020-01-01..2025-08-09),
ICON,fold_2,radiation,2019-08-20,history,ARCHIVE_ABSENCE (outside archive span 2020-01-01..2025-08-09),
ICON,fold_2,radiation,2019-08-21,history,ARCHIVE_ABSENCE (outside archive span 2020-01-01..2025-08-09),
ICON,fold_2,radiation,2019-08-22,history,ARCHIVE_ABSENCE (outside archive span 2020-01-01..2025-08-09),
ICON,fold_2,radiation,2019-08-23,history,ARCHIVE_ABSENCE (outside archive span 2020-01-01..2025-08-09),
ICON,fold_2,radiation,2019-08-24,history,ARCHIVE_ABSENCE (outside archive span 2020-01-01..2025-08-09),
ICON,fold_2,radiation,2019-08-25,history,ARCHIVE_ABSENCE (outside archive span 2020-01-01..2025-08-09),
ICON,fold_2,radiation,2019-08-26,history,ARCHIVE_ABSENCE (outside archive span 2020-01-01..2025-08-09),
ICON,fold_2,radiation,2019-08-27,history,ARCHIVE_ABSENCE (outside archive span 2020-01-01..2025-08-09),
ICON,fold_2,radiation,2019-08-28,history,ARCHIVE_ABSENCE (outside archive span 2020-01-01..2025-08-09),
ICON,fold_2,radiation,2019-08-29,history,ARCHIVE_ABSENCE (outside archive span 2020-01-01..2025-08-09),
ICON,fold_2,radiation,2019-08-30,history,ARCHIVE_ABSENCE (outside archive span 2020-01-01..2025-08-09),
ICON,fold_2,radiation,2019-08-31,history,ARCHIVE_ABSENCE (outside archive span 2020-01-01..2025-08-09),
ICON,fold_2,radiation,2019-09-01,history,ARCHIVE_ABSENCE (outside archive span 2020-01-01..2025-08-09),
ICON,fold_2,radiation,2019-09-02,history,ARCHIVE_ABSENCE (outside archive span 2020-01-01..2025-08-09),
ICON,fold_2,radiation,2019-09-03,history,ARCHIVE_ABSENCE (outside archive span 2020-01-01..2025-08-09),
ICON,fold_2,radiation,2019-09-04,history,ARCHIVE_ABSENCE (outside archive span 2020-01-01..2025-08-09),
ICON,fold_2,radiation,2019-09-05,history,ARCHIVE_ABSENCE (outside archive span 2020-01-01..2025-08-09),
ICON,fold_2,radiation,2019-09-06,history,ARCHIVE_ABSENCE (outside archive span 2020-01-01..2025-08-09),
ICON,fold_2,radiation,2019-09-07,history,ARCHIVE_ABSENCE (outside archive span 2020-01-01..2025-08-09),
ICON,fold_2,radiation,2019-09-08,history,ARCHIVE_ABSENCE (outside archive span 2020-01-01..2025-08-09),
ICON,fold_2,radiation,2019-09-09,history,ARCHIVE_ABSENCE (outside archive span 2020-01-01..2025-08-09),
ICON,fold_2,radiation,2019-09-10,history,ARCHIVE_ABSENCE (outside archive span 2020-01-01..2025-08-09),
ICON,fold_2,radiation,2019-09-11,history,ARCHIVE_ABSENCE (outside archive span 2020-01-01..2025-08-09),
ICON,fold_2,radiation,2019-09-12,history,ARCHIVE_ABSENCE (outside archive span 2020-01-01..2025-08-09),
ICON,fold_2,radiation,2019-09-13,history,ARCHIVE_ABSENCE (outside archive span 2020-01-01..2025-08-09),
ICON,fold_2,radiation,2019-09-14,history,ARCHIVE_ABSENCE (outside archive span 2020-01-01..2025-08-09),
ICON,fold_2,radiation,2019-09-15,history,ARCHIVE_ABSENCE (outside archive span 2020-01-01..2025-08-09),
ICON,fold_2,radiation,2019-09-16,history,ARCHIVE_ABSENCE (outside archive span 2020-01-01..2025-08-09),
ICON,fold_2,radiation,2019-09-17,history,ARCHIVE_ABSENCE (outside archive span 2020-01-01..2025-08-09),
ICON,fold_2,radiation,2019-09-18,history,ARCHIVE_ABSENCE (outside archive span 2020-01-01..2025-08-09),
ICON,fold_2,radiation,2019-09-19,history,ARCHIVE_ABSENCE (outside archive span 2020-01-01..2025-08-09),
ICON,fold_2,radiation,2019-09-20,history,ARCHIVE_ABSENCE (outside archive span 2020-01-01..2025-08-09),
ICON,fold_2,radiation,2019-09-21,history,ARCHIVE_ABSENCE (outside archive span 2020-01-01..2025-08-09),
ICON,fold_2,radiation,2019-09-22,history,ARCHIVE_ABSENCE (outside archive span 2020-01-01..2025-08-09),
ICON,fold_2,radiation,2019-09-23,history,ARCHIVE_ABSENCE (outside archive span 2020-01-01..2025-08-09),
ICON,fold_2,radiation,2019-09-24,history,ARCHIVE_ABSENCE (outside archive span 2020-01-01..2025-08-09),
ICON,fold_2,radiation,2019-09-25,history,ARCHIVE_ABSENCE (outside archive span 2020-01-01..2025-08-09),
ICON,fold_2,radiation,2019-09-26,history,ARCHIVE_ABSENCE (outside archive span 2020-01-01..2025-08-09),
ICON,fold_2,radiation,2019-09-27,history,ARCHIVE_ABSENCE (outside archive span 2020-01-01..2025-08-09),
ICON,fold_2,radiation,2019-09-28,history,ARCHIVE_ABSENCE (outside archive span 2020-01-01..2025-08-09),
ICON,fold_2,radiation,2019-09-29,history,ARCHIVE_ABSENCE (outside archive span 2020-01-01..2025-08-09),
ICON,fold_2,radiation,2019-09-30,history,ARCHIVE_ABSENCE (outside archive span 2020-01-01..2025-08-09),
ICON,fold_2,radiation,2019-10-01,history,ARCHIVE_ABSENCE (outside archive span 2020-01-01..2025-08-09),
ICON,fold_2,radiation,2019-10-02,history,ARCHIVE_ABSENCE (outside archive span 2020-01-01..2025-08-09),
ICON,fold_2,radiation,2019-10-03,history,ARCHIVE_ABSENCE (outside archive span 2020-01-01..2025-08-09),
ICON,fold_2,radiation,2019-10-04,history,ARCHIVE_ABSENCE (outside archive span 2020-01-01..2025-08-09),
ICON,fold_2,radiation,2019-10-05,history,ARCHIVE_ABSENCE (outside archive span 2020-01-01..2025-08-09),
ICON,fold_2,radiation,2019-10-06,history,ARCHIVE_ABSENCE (outside archive span 2020-01-01..2025-08-09),
ICON,fold_2,radiation,2019-10-07,history,ARCHIVE_ABSENCE (outside archive span 2020-01-01..2025-08-09),
ICON,fold_2,radiation,2019-10-08,history,ARCHIVE_ABSENCE (outside archive span 2020-01-01..2025-08-09),
ICON,fold_2,radiation,2019-10-09,history,ARCHIVE_ABSENCE (outside archive span 2020-01-01..2025-08-09),
ICON,fold_2,radiation,2019-10-10,history,ARCHIVE_ABSENCE (outside archive span 2020-01-01..2025-08-09),
ICON,fold_2,radiation,2019-10-11,history,ARCHIVE_ABSENCE (outside archive span 2020-01-01..2025-08-09),
ICON,fold_2,radiation,2019-10-12,history,ARCHIVE_ABSENCE (outside archive span 2020-01-01..2025-08-09),
ICON,fold_2,radiation,2019-10-13,history,ARCHIVE_ABSENCE (outside archive span 2020-01-01..2025-08-09),
ICON,fold_2,radiation,2019-10-14,history,ARCHIVE_ABSENCE (outside archive span 2020-01-01..2025-08-09),
ICON,fold_2,radiation,2019-10-15,history,ARCHIVE_ABSENCE (outside archive span 2020-01-01..2025-08-09),
ICON,fold_2,radiation,2019-10-16,history,ARCHIVE_ABSENCE (outside archive span 2020-01-01..2025-08-09),
ICON,fold_2,radiation,2019-10-17,history,ARCHIVE_ABSENCE (outside archive span 2020-01-01..2025-08-09),
ICON,fold_2,radiation,2019-10-18,history,ARCHIVE_ABSENCE (outside archive span 2020-01-01..2025-08-09),
ICON,fold_2,radiation,2019-10-19,history,ARCHIVE_ABSENCE (outside archive span 2020-01-01..2025-08-09),
ICON,fold_2,radiation,2019-10-20,history,ARCHIVE_ABSENCE (outside archive span 2020-01-01..2025-08-09),
ICON,fold_2,radiation,2019-10-21,history,ARCHIVE_ABSENCE (outside archive span 2020-01-01..2025-08-09),
ICON,fold_2,radiation,2019-10-22,history,ARCHIVE_ABSENCE (outside archive span 2020-01-01..2025-08-09),
ICON,fold_2,radiation,2019-10-23,history,ARCHIVE_ABSENCE (outside archive span 2020-01-01..2025-08-09),
ICON,fold_2,radiation,2019-10-24,history,ARCHIVE_ABSENCE (outside archive span 2020-01-01..2025-08-09),
ICON,fold_2,radiation,2019-10-25,history,ARCHIVE_ABSENCE (outside archive span 2020-01-01..2025-08-09),
ICON,fold_2,radiation,2019-10-26,history,ARCHIVE_ABSENCE (outside archive span 2020-01-01..2025-08-09),
ICON,fold_2,radiation,2019-10-27,history,ARCHIVE_ABSENCE (outside archive span 2020-01-01..2025-08-09),
ICON,fold_2,radiation,2019-10-28,history,ARCHIVE_ABSENCE (outside archive span 2020-01-01..2025-08-09),
ICON,fold_2,radiation,2019-10-29,history,ARCHIVE_ABSENCE (outside archive span 2020-01-01..2025-08-09),
ICON,fold_2,radiation,2019-10-30,history,ARCHIVE_ABSENCE (outside archive span 2020-01-01..2025-08-09),
ICON,fold_2,radiation,2019-10-31,history,ARCHIVE_ABSENCE (outside archive span 2020-01-01..2025-08-09),
ICON,fold_2,radiation,2019-11-01,history,ARCHIVE_ABSENCE (outside archive span 2020-01-01..2025-08-09),
ICON,fold_2,radiation,2019-11-02,history,ARCHIVE_ABSENCE (outside archive span 2020-01-01..2025-08-09),
ICON,fold_2,radiation,2019-11-03,history,ARCHIVE_ABSENCE (outside archive span 2020-01-01..2025-08-09),
ICON,fold_2,radiation,2019-11-04,history,ARCHIVE_ABSENCE (outside archive span 2020-01-01..2025-08-09),
ICON,fold_2,radiation,2019-11-05,history,ARCHIVE_ABSENCE (outside archive span 2020-01-01..2025-08-09),
ICON,fold_2,radiation,2019-11-06,history,ARCHIVE_ABSENCE (outside archive span 2020-01-01..2025-08-09),
ICON,fold_2,radiation,2019-11-07,history,ARCHIVE_ABSENCE (outside archive span 2020-01-01..2025-08-09),
ICON,fold_2,radiation,2019-11-08,history,ARCHIVE_ABSENCE (outside archive span 2020-01-01..2025-08-09),
ICON,fold_2,radiation,2019-11-09,history,ARCHIVE_ABSENCE (outside archive span 2020-01-01..2025-08-09),
ICON,fold_2,radiation,2019-11-10,history,ARCHIVE_ABSENCE (outside archive span 2020-01-01..2025-08-09),
ICON,fold_2,radiation,2019-11-11,history,ARCHIVE_ABSENCE (outside archive span 2020-01-01..2025-08-09),
ICON,fold_2,radiation,2019-11-12,history,ARCHIVE_ABSENCE (outside archive span 2020-01-01..2025-08-09),
ICON,fold_2,radiation,2019-11-13,history,ARCHIVE_ABSENCE (outside archive span 2020-01-01..2025-08-09),
ICON,fold_2,radiation,2019-11-14,history,ARCHIVE_ABSENCE (outside archive span 2020-01-01..2025-08-09),
ICON,fold_2,radiation,2019-11-15,history,ARCHIVE_ABSENCE (outside archive span 2020-01-01..2025-08-09),
ICON,fold_2,radiation,2019-11-16,history,ARCHIVE_ABSENCE (outside archive span 2020-01-01..2025-08-09),
ICON,fold_2,radiation,2019-11-17,history,ARCHIVE_ABSENCE (outside archive span 2020-01-01..2025-08-09),
ICON,fold_2,radiation,2019-11-18,history,ARCHIVE_ABSENCE (outside archive span 2020-01-01..2025-08-09),
ICON,fold_2,radiation,2019-11-19,history,ARCHIVE_ABSENCE (outside archive span 2020-01-01..2025-08-09),
ICON,fold_2,radiation,2019-11-20,history,ARCHIVE_ABSENCE (outside archive span 2020-01-01..2025-08-09),
ICON,fold_2,radiation,2019-11-21,history,ARCHIVE_ABSENCE (outside archive span 2020-01-01..2025-08-09),
ICON,fold_2,radiation,2019-11-22,history,ARCHIVE_ABSENCE (outside archive span 2020-01-01..2025-08-09),
ICON,fold_2,radiation,2019-11-23,history,ARCHIVE_ABSENCE (outside archive span 2020-01-01..2025-08-09),
ICON,fold_2,radiation,2019-11-24,history,ARCHIVE_ABSENCE (outside archive span 2020-01-01..2025-08-09),
ICON,fold_2,radiation,2019-11-25,history,ARCHIVE_ABSENCE (outside archive span 2020-01-01..2025-08-09),
ICON,fold_2,radiation,2019-11-26,history,ARCHIVE_ABSENCE (outside archive span 2020-01-01..2025-08-09),
ICON,fold_2,radiation,2019-11-27,history,ARCHIVE_ABSENCE (outside archive span 2020-01-01..2025-08-09),
ICON,fold_2,radiation,2019-11-28,history,ARCHIVE_ABSENCE (outside archive span 2020-01-01..2025-08-09),
ICON,fold_2,radiation,2019-11-29,history,ARCHIVE_ABSENCE (outside archive span 2020-01-01..2025-08-09),
ICON,fold_2,radiation,2019-11-30,history,ARCHIVE_ABSENCE (outside archive span 2020-01-01..2025-08-09),
ICON,fold_2,radiation,2019-12-01,history,ARCHIVE_ABSENCE (outside archive span 2020-01-01..2025-08-09),
ICON,fold_2,radiation,2019-12-02,history,ARCHIVE_ABSENCE (outside archive span 2020-01-01..2025-08-09),
ICON,fold_2,radiation,2019-12-03,history,ARCHIVE_ABSENCE (outside archive span 2020-01-01..2025-08-09),
ICON,fold_2,radiation,2019-12-04,history,ARCHIVE_ABSENCE (outside archive span 2020-01-01..2025-08-09),
ICON,fold_2,radiation,2019-12-05,history,ARCHIVE_ABSENCE (outside archive span 2020-01-01..2025-08-09),
ICON,fold_2,radiation,2019-12-06,history,ARCHIVE_ABSENCE (outside archive span 2020-01-01..2025-08-09),
ICON,fold_2,radiation,2019-12-07,history,ARCHIVE_ABSENCE (outside archive span 2020-01-01..2025-08-09),
ICON,fold_2,radiation,2019-12-08,history,ARCHIVE_ABSENCE (outside archive span 2020-01-01..2025-08-09),
ICON,fold_2,radiation,2019-12-09,history,ARCHIVE_ABSENCE (outside archive span 2020-01-01..2025-08-09),
ICON,fold_2,radiation,2019-12-10,history,ARCHIVE_ABSENCE (outside archive span 2020-01-01..2025-08-09),
ICON,fold_2,radiation,2019-12-11,history,ARCHIVE_ABSENCE (outside archive span 2020-01-01..2025-08-09),
ICON,fold_2,radiation,2019-12-12,history,ARCHIVE_ABSENCE (outside archive span 2020-01-01..2025-08-09),
ICON,fold_2,radiation,2019-12-13,history,ARCHIVE_ABSENCE (outside archive span 2020-01-01..2025-08-09),
ICON,fold_2,radiation,2019-12-14,history,ARCHIVE_ABSENCE (outside archive span 2020-01-01..2025-08-09),
ICON,fold_2,radiation,2019-12-15,history,ARCHIVE_ABSENCE (outside archive span 2020-01-01..2025-08-09),
ICON,fold_2,radiation,2019-12-16,history,ARCHIVE_ABSENCE (outside archive span 2020-01-01..2025-08-09),
ICON,fold_2,radiation,2019-12-17,history,ARCHIVE_ABSENCE (outside archive span 2020-01-01..2025-08-09),
ICON,fold_2,radiation,2019-12-18,history,ARCHIVE_ABSENCE (outside archive span 2020-01-01..2025-08-09),
ICON,fold_2,radiation,2019-12-19,history,ARCHIVE_ABSENCE (outside archive span 2020-01-01..2025-08-09),
ICON,fold_2,radiation,2019-12-20,history,ARCHIVE_ABSENCE (outside archive span 2020-01-01..2025-08-09),
ICON,fold_2,radiation,2019-12-21,history,ARCHIVE_ABSENCE (outside archive span 2020-01-01..2025-08-09),
ICON,fold_2,radiation,2019-12-22,history,ARCHIVE_ABSENCE (outside archive span 2020-01-01..2025-08-09),
ICON,fold_2,radiation,2019-12-23,history,ARCHIVE_ABSENCE (outside archive span 2020-01-01..2025-08-09),
ICON,fold_2,radiation,2019-12-24,history,ARCHIVE_ABSENCE (outside archive span 2020-01-01..2025-08-09),
ICON,fold_2,radiation,2019-12-25,history,ARCHIVE_ABSENCE (outside archive span 2020-01-01..2025-08-09),
ICON,fold_2,radiation,2019-12-26,history,ARCHIVE_ABSENCE (outside archive span 2020-01-01..2025-08-09),
ICON,fold_2,radiation,2019-12-27,history,ARCHIVE_ABSENCE (outside archive span 2020-01-01..2025-08-09),
ICON,fold_2,radiation,2019-12-28,history,ARCHIVE_ABSENCE (outside archive span 2020-01-01..2025-08-09),
ICON,fold_2,radiation,2019-12-29,history,ARCHIVE_ABSENCE (outside archive span 2020-01-01..2025-08-09),
ICON,fold_2,radiation,2019-12-30,history,ARCHIVE_ABSENCE (outside archive span 2020-01-01..2025-08-09),
ICON,fold_2,radiation,2019-12-31,history,ARCHIVE_ABSENCE (outside archive span 2020-01-01..2025-08-09),
ICON,fold_2,radiation,2020-02-01,history,ARCHIVE_ABSENCE (run file absent),
ICON,fold_2,radiation,2020-04-03,history,ARCHIVE_ABSENCE (run file absent),
ICON,fold_2,radiation,2020-04-07,history,ARCHIVE_ABSENCE (run file absent),
ICON,fold_2,radiation,2020-06-01,history,ARCHIVE_ABSENCE (run file absent),
ICON,fold_2,radiation,2020-06-05,history,ARCHIVE_ABSENCE (run file absent),
ICON,fold_2,radiation,2020-06-25,history,ARCHIVE_ABSENCE (run file absent),
ICON,fold_2,radiation,2020-07-03,history,ARCHIVE_ABSENCE (run file absent),
ICON,fold_2,radiation,2020-07-13,history,ARCHIVE_ABSENCE (run file absent),
ICON,fold_2,radiation,2020-07-14,history,ARCHIVE_ABSENCE (run file absent),
ICON,fold_2,radiation,2020-07-26,history,ARCHIVE_ABSENCE (run file absent),
ICON,fold_2,radiation,2020-11-01,history,ARCHIVE_ABSENCE (run file absent),
ICON,fold_2,radiation,2020-11-02,history,ARCHIVE_ABSENCE (run file absent),
ICON,fold_2,radiation,2020-11-04,history,ARCHIVE_ABSENCE (run file absent),
ICON,fold_2,radiation,2020-11-05,history,ARCHIVE_ABSENCE (run file absent),
ICON,fold_2,radiation,2020-11-06,history,ARCHIVE_ABSENCE (run file absent),
ICON,fold_2,radiation,2020-11-07,history,ARCHIVE_ABSENCE (run file absent),
ICON,fold_2,radiation,2020-11-09,history,ARCHIVE_ABSENCE (run file absent),
ICON,fold_2,radiation,2020-11-10,history,ARCHIVE_ABSENCE (run file absent),
ICON,fold_2,radiation,2020-11-14,history,ARCHIVE_ABSENCE (run file absent),
ICON,fold_2,radiation,2020-11-15,history,ARCHIVE_ABSENCE (run file absent),
ICON,fold_2,radiation,2020-11-16,history,ARCHIVE_ABSENCE (run file absent),
ICON,fold_2,radiation,2020-11-17,history,ARCHIVE_ABSENCE (run file absent),
ICON,fold_2,radiation,2020-11-19,history,ARCHIVE_ABSENCE (run file absent),
ICON,fold_2,radiation,2020-11-20,history,ARCHIVE_ABSENCE (run file absent),
ICON,fold_2,radiation,2020-11-21,history,ARCHIVE_ABSENCE (run file absent),
ICON,fold_2,radiation,2020-11-22,history,ARCHIVE_ABSENCE (run file absent),
ICON,fold_2,radiation,2020-11-24,history,ARCHIVE_ABSENCE (run file absent),
ICON,fold_2,radiation,2020-11-26,history,ARCHIVE_ABSENCE (run file absent),
ICON,fold_2,radiation,2020-11-29,history,ARCHIVE_ABSENCE (run file absent),
ICON,fold_2,radiation,2021-03-13,warmup,ARCHIVE_ABSENCE (run file absent),
ICON,fold_3,u10,2020-06-05,history,ARCHIVE_ABSENCE (run file absent),
ICON,fold_3,u10,2020-06-25,history,ARCHIVE_ABSENCE (run file absent),
ICON,fold_3,u10,2020-07-03,history,ARCHIVE_ABSENCE (run file absent),
ICON,fold_3,u10,2020-07-13,history,ARCHIVE_ABSENCE (run file absent),
ICON,fold_3,u10,2020-07-14,history,ARCHIVE_ABSENCE (run file absent),
ICON,fold_3,u10,2020-07-26,history,ARCHIVE_ABSENCE (run file absent),
ICON,fold_3,u10,2020-11-01,history,ARCHIVE_ABSENCE (run file absent),
ICON,fold_3,u10,2020-11-02,history,ARCHIVE_ABSENCE (run file absent),
ICON,fold_3,u10,2020-11-04,history,ARCHIVE_ABSENCE (run file absent),
ICON,fold_3,u10,2020-11-05,history,ARCHIVE_ABSENCE (run file absent),
ICON,fold_3,u10,2020-11-06,history,ARCHIVE_ABSENCE (run file absent),
ICON,fold_3,u10,2020-11-07,history,ARCHIVE_ABSENCE (run file absent),
ICON,fold_3,u10,2020-11-09,history,ARCHIVE_ABSENCE (run file absent),
ICON,fold_3,u10,2020-11-10,history,ARCHIVE_ABSENCE (run file absent),
ICON,fold_3,u10,2020-11-14,history,ARCHIVE_ABSENCE (run file absent),
ICON,fold_3,u10,2020-11-15,history,ARCHIVE_ABSENCE (run file absent),
ICON,fold_3,u10,2020-11-16,history,ARCHIVE_ABSENCE (run file absent),
ICON,fold_3,u10,2020-11-17,history,ARCHIVE_ABSENCE (run file absent),
ICON,fold_3,u10,2020-11-19,history,ARCHIVE_ABSENCE (run file absent),
ICON,fold_3,u10,2020-11-20,history,ARCHIVE_ABSENCE (run file absent),
ICON,fold_3,u10,2020-11-21,history,ARCHIVE_ABSENCE (run file absent),
ICON,fold_3,u10,2020-11-22,history,ARCHIVE_ABSENCE (run file absent),
ICON,fold_3,u10,2020-11-24,history,ARCHIVE_ABSENCE (run file absent),
ICON,fold_3,u10,2020-11-26,history,ARCHIVE_ABSENCE (run file absent),
ICON,fold_3,u10,2020-11-29,history,ARCHIVE_ABSENCE (run file absent),
ICON,fold_3,u10,2021-03-13,history,ARCHIVE_ABSENCE (run file absent),
ICON,fold_3,u10,2021-08-07,history,ARCHIVE_ABSENCE (run file absent),
ICON,fold_3,u10,2021-08-08,history,ARCHIVE_ABSENCE (run file absent),
ICON,fold_3,u10,2022-06-21,warmup,ARCHIVE_ABSENCE (run file absent),
ICON,fold_3,u10,2022-06-23,warmup,ARCHIVE_ABSENCE (run file absent),
ICON,fold_3,u10,2022-06-26,warmup,ARCHIVE_ABSENCE (run file absent),
ICON,fold_3,u10,2022-09-20,evaluation,ARCHIVE_ABSENCE (run file absent),
ICON,fold_3,u10,2022-09-21,evaluation,ARCHIVE_ABSENCE (run file absent),
ICON,fold_3,u10,2022-09-22,evaluation,ARCHIVE_ABSENCE (run file absent),
ICON,fold_3,u10,2022-09-23,evaluation,ARCHIVE_ABSENCE (run file absent),
ICON,fold_3,u10,2022-09-24,evaluation,ARCHIVE_ABSENCE (run file absent),
ICON,fold_3,u10,2022-09-25,evaluation,ARCHIVE_ABSENCE (run file absent),
ICON,fold_3,u10,2022-09-26,evaluation,ARCHIVE_ABSENCE (run file absent),
ICON,fold_3,u10,2022-09-27,evaluation,ARCHIVE_ABSENCE (run file absent),
ICON,fold_3,v10,2020-06-05,history,ARCHIVE_ABSENCE (run file absent),
ICON,fold_3,v10,2020-06-25,history,ARCHIVE_ABSENCE (run file absent),
ICON,fold_3,v10,2020-07-03,history,ARCHIVE_ABSENCE (run file absent),
ICON,fold_3,v10,2020-07-13,history,ARCHIVE_ABSENCE (run file absent),
ICON,fold_3,v10,2020-07-14,history,ARCHIVE_ABSENCE (run file absent),
ICON,fold_3,v10,2020-07-26,history,ARCHIVE_ABSENCE (run file absent),
ICON,fold_3,v10,2020-11-01,history,ARCHIVE_ABSENCE (run file absent),
ICON,fold_3,v10,2020-11-02,history,ARCHIVE_ABSENCE (run file absent),
ICON,fold_3,v10,2020-11-04,history,ARCHIVE_ABSENCE (run file absent),
ICON,fold_3,v10,2020-11-05,history,ARCHIVE_ABSENCE (run file absent),
ICON,fold_3,v10,2020-11-06,history,ARCHIVE_ABSENCE (run file absent),
ICON,fold_3,v10,2020-11-07,history,ARCHIVE_ABSENCE (run file absent),
ICON,fold_3,v10,2020-11-09,history,ARCHIVE_ABSENCE (run file absent),
ICON,fold_3,v10,2020-11-10,history,ARCHIVE_ABSENCE (run file absent),
ICON,fold_3,v10,2020-11-14,history,ARCHIVE_ABSENCE (run file absent),
ICON,fold_3,v10,2020-11-15,history,ARCHIVE_ABSENCE (run file absent),
ICON,fold_3,v10,2020-11-16,history,ARCHIVE_ABSENCE (run file absent),
ICON,fold_3,v10,2020-11-17,history,ARCHIVE_ABSENCE (run file absent),
ICON,fold_3,v10,2020-11-19,history,ARCHIVE_ABSENCE (run file absent),
ICON,fold_3,v10,2020-11-20,history,ARCHIVE_ABSENCE (run file absent),
ICON,fold_3,v10,2020-11-21,history,ARCHIVE_ABSENCE (run file absent),
ICON,fold_3,v10,2020-11-22,history,ARCHIVE_ABSENCE (run file absent),
ICON,fold_3,v10,2020-11-24,history,ARCHIVE_ABSENCE (run file absent),
ICON,fold_3,v10,2020-11-26,history,ARCHIVE_ABSENCE (run file absent),
ICON,fold_3,v10,2020-11-29,history,ARCHIVE_ABSENCE (run file absent),
ICON,fold_3,v10,2021-03-13,history,ARCHIVE_ABSENCE (run file absent),
ICON,fold_3,v10,2021-08-07,history,ARCHIVE_ABSENCE (run file absent),
ICON,fold_3,v10,2021-08-08,history,ARCHIVE_ABSENCE (run file absent),
ICON,fold_3,v10,2022-06-21,warmup,ARCHIVE_ABSENCE (run file absent),
ICON,fold_3,v10,2022-06-23,warmup,ARCHIVE_ABSENCE (run file absent),
ICON,fold_3,v10,2022-06-26,warmup,ARCHIVE_ABSENCE (run file absent),
ICON,fold_3,v10,2022-09-20,evaluation,ARCHIVE_ABSENCE (run file absent),
ICON,fold_3,v10,2022-09-21,evaluation,ARCHIVE_ABSENCE (run file absent),
ICON,fold_3,v10,2022-09-22,evaluation,ARCHIVE_ABSENCE (run file absent),
ICON,fold_3,v10,2022-09-23,evaluation,ARCHIVE_ABSENCE (run file absent),
ICON,fold_3,v10,2022-09-24,evaluation,ARCHIVE_ABSENCE (run file absent),
ICON,fold_3,v10,2022-09-25,evaluation,ARCHIVE_ABSENCE (run file absent),
ICON,fold_3,v10,2022-09-26,evaluation,ARCHIVE_ABSENCE (run file absent),
ICON,fold_3,v10,2022-09-27,evaluation,ARCHIVE_ABSENCE (run file absent),
ICON,fold_3,radiation,2020-06-05,history,ARCHIVE_ABSENCE (run file absent),
ICON,fold_3,radiation,2020-06-25,history,ARCHIVE_ABSENCE (run file absent),
ICON,fold_3,radiation,2020-07-03,history,ARCHIVE_ABSENCE (run file absent),
ICON,fold_3,radiation,2020-07-13,history,ARCHIVE_ABSENCE (run file absent),
ICON,fold_3,radiation,2020-07-14,history,ARCHIVE_ABSENCE (run file absent),
ICON,fold_3,radiation,2020-07-26,history,ARCHIVE_ABSENCE (run file absent),
ICON,fold_3,radiation,2020-11-01,history,ARCHIVE_ABSENCE (run file absent),
ICON,fold_3,radiation,2020-11-02,history,ARCHIVE_ABSENCE (run file absent),
ICON,fold_3,radiation,2020-11-04,history,ARCHIVE_ABSENCE (run file absent),
ICON,fold_3,radiation,2020-11-05,history,ARCHIVE_ABSENCE (run file absent),
ICON,fold_3,radiation,2020-11-06,history,ARCHIVE_ABSENCE (run file absent),
ICON,fold_3,radiation,2020-11-07,history,ARCHIVE_ABSENCE (run file absent),
ICON,fold_3,radiation,2020-11-09,history,ARCHIVE_ABSENCE (run file absent),
ICON,fold_3,radiation,2020-11-10,history,ARCHIVE_ABSENCE (run file absent),
ICON,fold_3,radiation,2020-11-14,history,ARCHIVE_ABSENCE (run file absent),
ICON,fold_3,radiation,2020-11-15,history,ARCHIVE_ABSENCE (run file absent),
ICON,fold_3,radiation,2020-11-16,history,ARCHIVE_ABSENCE (run file absent),
ICON,fold_3,radiation,2020-11-17,history,ARCHIVE_ABSENCE (run file absent),
ICON,fold_3,radiation,2020-11-19,history,ARCHIVE_ABSENCE (run file absent),
ICON,fold_3,radiation,2020-11-20,history,ARCHIVE_ABSENCE (run file absent),
ICON,fold_3,radiation,2020-11-21,history,ARCHIVE_ABSENCE (run file absent),
ICON,fold_3,radiation,2020-11-22,history,ARCHIVE_ABSENCE (run file absent),
ICON,fold_3,radiation,2020-11-24,history,ARCHIVE_ABSENCE (run file absent),
ICON,fold_3,radiation,2020-11-26,history,ARCHIVE_ABSENCE (run file absent),
ICON,fold_3,radiation,2020-11-29,history,ARCHIVE_ABSENCE (run file absent),
ICON,fold_3,radiation,2021-03-13,history,ARCHIVE_ABSENCE (run file absent),
ICON,fold_3,radiation,2021-08-07,history,ARCHIVE_ABSENCE (run file absent),
ICON,fold_3,radiation,2021-08-08,history,ARCHIVE_ABSENCE (run file absent),
ICON,fold_3,radiation,2022-06-21,warmup,ARCHIVE_ABSENCE (run file absent),
ICON,fold_3,radiation,2022-06-23,warmup,ARCHIVE_ABSENCE (run file absent),
ICON,fold_3,radiation,2022-06-26,warmup,ARCHIVE_ABSENCE (run file absent),
ICON,fold_3,radiation,2022-09-20,evaluation,ARCHIVE_ABSENCE (run file absent),
ICON,fold_3,radiation,2022-09-21,evaluation,ARCHIVE_ABSENCE (run file absent),
ICON,fold_3,radiation,2022-09-22,evaluation,ARCHIVE_ABSENCE (run file absent),
ICON,fold_3,radiation,2022-09-23,evaluation,ARCHIVE_ABSENCE (run file absent),
ICON,fold_3,radiation,2022-09-24,evaluation,ARCHIVE_ABSENCE (run file absent),
ICON,fold_3,radiation,2022-09-25,evaluation,ARCHIVE_ABSENCE (run file absent),
ICON,fold_3,radiation,2022-09-26,evaluation,ARCHIVE_ABSENCE (run file absent),
ICON,fold_3,radiation,2022-09-27,evaluation,ARCHIVE_ABSENCE (run file absent),
ICON,fold_4,u10,2023-05-11,history,ARCHIVE_ABSENCE (run file absent),
ICON,fold_4,u10,2023-05-21,history,ARCHIVE_ABSENCE (run file absent),
ICON,fold_4,u10,2023-05-22,history,ARCHIVE_ABSENCE (run file absent),
ICON,fold_4,u10,2023-05-26,history,ARCHIVE_ABSENCE (run file absent),
ICON,fold_4,u10,2023-05-27,history,ARCHIVE_ABSENCE (run file absent),
ICON,fold_4,u10,2023-05-28,history,ARCHIVE_ABSENCE (run file absent),
ICON,fold_4,u10,2023-05-29,history,ARCHIVE_ABSENCE (run file absent),
ICON,fold_4,u10,2023-07-27,history,ARCHIVE_ABSENCE (run file absent),
ICON,fold_4,u10,2023-08-05,history,ARCHIVE_ABSENCE (run file absent),
ICON,fold_4,u10,2023-08-09,history,ARCHIVE_ABSENCE (run file absent),
ICON,fold_4,u10,2023-08-12,history,ARCHIVE_ABSENCE (run file absent),
ICON,fold_4,u10,2023-08-13,history,ARCHIVE_ABSENCE (run file absent),
ICON,fold_4,u10,2023-08-14,history,ARCHIVE_ABSENCE (run file absent),
ICON,fold_4,u10,2023-08-15,history,ARCHIVE_ABSENCE (run file absent),
ICON,fold_4,u10,2023-09-13,history,ARCHIVE_ABSENCE (run file absent),
ICON,fold_4,u10,2023-09-14,history,ARCHIVE_ABSENCE (run file absent),
ICON,fold_4,u10,2023-11-12,history,ARCHIVE_ABSENCE (run file absent),
ICON,fold_4,u10,2023-11-19,history,ARCHIVE_ABSENCE (run file absent),
ICON,fold_4,u10,2023-11-30,history,ARCHIVE_ABSENCE (run file absent),
ICON,fold_4,u10,2023-12-04,history,ARCHIVE_ABSENCE (run file absent),
ICON,fold_4,u10,2023-12-26,history,ARCHIVE_ABSENCE (run file absent),
ICON,fold_4,u10,2024-01-04,history,ARCHIVE_ABSENCE (run file absent),
ICON,fold_4,u10,2024-01-25,history,ARCHIVE_ABSENCE (run file absent),
ICON,fold_4,u10,2024-01-27,history,ARCHIVE_ABSENCE (run file absent),
ICON,fold_4,u10,2024-01-28,history,ARCHIVE_ABSENCE (run file absent),
ICON,fold_4,u10,2024-01-29,history,ARCHIVE_ABSENCE (run file absent),
ICON,fold_4,u10,2024-02-06,history,ARCHIVE_ABSENCE (run file absent),
ICON,fold_4,u10,2024-02-18,history,ARCHIVE_ABSENCE (run file absent),
ICON,fold_4,u10,2024-03-14,history,"ARCHIVE_DEFECT (stub file 245689 bytes, not a readable zip)",
ICON,fold_4,u10,2024-03-15,history,"ARCHIVE_DEFECT (stub file 245689 bytes, not a readable zip)",
ICON,fold_4,u10,2024-03-16,history,ARCHIVE_ABSENCE (run file absent),
ICON,fold_4,u10,2024-03-17,history,ARCHIVE_ABSENCE (run file absent),
ICON,fold_4,u10,2024-03-18,history,"ARCHIVE_DEFECT (stub file 241885 bytes, not a readable zip)",
ICON,fold_4,u10,2024-03-19,history,ARCHIVE_ABSENCE (run file absent),
ICON,fold_4,u10,2024-03-20,history,"ARCHIVE_DEFECT (stub file 245689 bytes, not a readable zip)",
ICON,fold_4,u10,2024-03-21,history,ARCHIVE_ABSENCE (run file absent),
ICON,fold_4,u10,2024-03-22,history,ARCHIVE_ABSENCE (run file absent),
ICON,fold_4,u10,2024-03-23,history,ARCHIVE_ABSENCE (run file absent),
ICON,fold_4,u10,2024-03-24,history,"ARCHIVE_DEFECT (stub file 241969 bytes, not a readable zip)",
ICON,fold_4,u10,2024-03-25,history,ARCHIVE_ABSENCE (run file absent),
ICON,fold_4,u10,2024-03-26,history,ARCHIVE_ABSENCE (run file absent),
ICON,fold_4,u10,2024-03-27,history,"ARCHIVE_DEFECT (stub file 245689 bytes, not a readable zip)",
ICON,fold_4,u10,2024-03-28,history,ARCHIVE_ABSENCE (run file absent),
ICON,fold_4,u10,2024-03-29,history,"ARCHIVE_DEFECT (stub file 245689 bytes, not a readable zip)",
ICON,fold_4,u10,2024-03-30,history,ARCHIVE_ABSENCE (run file absent),
ICON,fold_4,u10,2024-03-31,history,ARCHIVE_ABSENCE (run file absent),
ICON,fold_4,u10,2024-04-01,history,ARCHIVE_ABSENCE (run file absent),
ICON,fold_4,u10,2024-04-02,history,ARCHIVE_ABSENCE (run file absent),
ICON,fold_4,u10,2024-04-03,history,ARCHIVE_ABSENCE (run file absent),
ICON,fold_4,u10,2024-04-04,history,ARCHIVE_ABSENCE (run file absent),
ICON,fold_4,u10,2024-04-06,history,ARCHIVE_ABSENCE (run file absent),
ICON,fold_4,u10,2024-04-07,history,ARCHIVE_ABSENCE (run file absent),
ICON,fold_4,u10,2024-04-09,history,ARCHIVE_ABSENCE (run file absent),
ICON,fold_4,u10,2024-04-10,history,ARCHIVE_ABSENCE (run file absent),
ICON,fold_4,u10,2024-04-11,history,ARCHIVE_ABSENCE (run file absent),
ICON,fold_4,u10,2024-04-12,history,ARCHIVE_ABSENCE (run file absent),
ICON,fold_4,u10,2024-04-13,history,ARCHIVE_ABSENCE (run file absent),
ICON,fold_4,u10,2024-04-14,history,ARCHIVE_ABSENCE (run file absent),
ICON,fold_4,u10,2024-04-15,history,ARCHIVE_ABSENCE (run file absent),
ICON,fold_4,u10,2024-04-16,history,ARCHIVE_ABSENCE (run file absent),
ICON,fold_4,u10,2024-04-17,history,ARCHIVE_ABSENCE (run file absent),
ICON,fold_4,u10,2024-04-18,history,ARCHIVE_ABSENCE (run file absent),
ICON,fold_4,u10,2024-04-19,history,ARCHIVE_ABSENCE (run file absent),
ICON,fold_4,u10,2024-04-20,history,ARCHIVE_ABSENCE (run file absent),
ICON,fold_4,u10,2024-04-21,history,ARCHIVE_ABSENCE (run file absent),
ICON,fold_4,u10,2024-04-22,history,ARCHIVE_ABSENCE (run file absent),
ICON,fold_4,u10,2024-04-23,history,ARCHIVE_ABSENCE (run file absent),
ICON,fold_4,u10,2024-04-24,history,ARCHIVE_ABSENCE (run file absent),
ICON,fold_4,u10,2024-04-25,history,ARCHIVE_ABSENCE (run file absent),
ICON,fold_4,u10,2024-04-26,history,ARCHIVE_ABSENCE (run file absent),
ICON,fold_4,u10,2024-04-27,history,ARCHIVE_ABSENCE (run file absent),
ICON,fold_4,u10,2024-04-28,history,ARCHIVE_ABSENCE (run file absent),
ICON,fold_4,u10,2024-04-29,history,ARCHIVE_ABSENCE (run file absent),
ICON,fold_4,u10,2024-04-30,history,ARCHIVE_ABSENCE (run file absent),
ICON,fold_4,u10,2024-05-01,history,ARCHIVE_ABSENCE (run file absent),
ICON,fold_4,u10,2024-05-02,history,ARCHIVE_ABSENCE (run file absent),
ICON,fold_4,u10,2024-05-03,history,ARCHIVE_ABSENCE (run file absent),
ICON,fold_4,u10,2024-05-04,history,ARCHIVE_ABSENCE (run file absent),
ICON,fold_4,u10,2024-05-05,history,ARCHIVE_ABSENCE (run file absent),
ICON,fold_4,u10,2024-05-06,history,ARCHIVE_ABSENCE (run file absent),
ICON,fold_4,u10,2024-05-07,history,ARCHIVE_ABSENCE (run file absent),
ICON,fold_4,u10,2024-05-08,history,ARCHIVE_ABSENCE (run file absent),
ICON,fold_4,u10,2024-05-09,history,ARCHIVE_ABSENCE (run file absent),
ICON,fold_4,u10,2024-05-10,history,ARCHIVE_ABSENCE (run file absent),
ICON,fold_4,u10,2024-05-11,history,ARCHIVE_ABSENCE (run file absent),
ICON,fold_4,u10,2024-05-12,history,ARCHIVE_ABSENCE (run file absent),
ICON,fold_4,u10,2024-05-13,history,ARCHIVE_ABSENCE (run file absent),
ICON,fold_4,u10,2024-05-14,history,ARCHIVE_ABSENCE (run file absent),
ICON,fold_4,u10,2024-05-15,history,ARCHIVE_ABSENCE (run file absent),
ICON,fold_4,u10,2024-05-16,history,ARCHIVE_ABSENCE (run file absent),
ICON,fold_4,u10,2024-05-17,history,ARCHIVE_ABSENCE (run file absent),
ICON,fold_4,u10,2024-05-18,history,ARCHIVE_ABSENCE (run file absent),
ICON,fold_4,u10,2024-05-19,history,ARCHIVE_ABSENCE (run file absent),
ICON,fold_4,u10,2024-05-20,history,ARCHIVE_ABSENCE (run file absent),
ICON,fold_4,u10,2024-05-21,history,ARCHIVE_ABSENCE (run file absent),
ICON,fold_4,u10,2024-05-22,history,ARCHIVE_ABSENCE (run file absent),
ICON,fold_4,u10,2024-05-23,history,ARCHIVE_ABSENCE (run file absent),
ICON,fold_4,u10,2024-05-24,history,ARCHIVE_ABSENCE (run file absent),
ICON,fold_4,u10,2024-05-25,history,ARCHIVE_ABSENCE (run file absent),
ICON,fold_4,u10,2024-05-26,history,ARCHIVE_ABSENCE (run file absent),
ICON,fold_4,u10,2024-05-27,history,ARCHIVE_ABSENCE (run file absent),
ICON,fold_4,u10,2024-05-28,history,ARCHIVE_ABSENCE (run file absent),
ICON,fold_4,u10,2024-05-29,history,ARCHIVE_ABSENCE (run file absent),
ICON,fold_4,u10,2024-05-30,history,ARCHIVE_ABSENCE (run file absent),
ICON,fold_4,u10,2024-05-31,history,ARCHIVE_ABSENCE (run file absent),
ICON,fold_4,u10,2024-06-01,history,ARCHIVE_ABSENCE (run file absent),
ICON,fold_4,u10,2024-06-02,history,ARCHIVE_ABSENCE (run file absent),
ICON,fold_4,u10,2024-06-03,history,ARCHIVE_ABSENCE (run file absent),
ICON,fold_4,u10,2024-06-04,history,ARCHIVE_ABSENCE (run file absent),
ICON,fold_4,u10,2025-01-25,history,ARCHIVE_ABSENCE (run file absent),
ICON,fold_4,u10,2025-01-26,history,ARCHIVE_ABSENCE (run file absent),
ICON,fold_4,u10,2025-01-27,history,ARCHIVE_ABSENCE (run file absent),
ICON,fold_4,u10,2025-01-28,history,ARCHIVE_ABSENCE (run file absent),
ICON,fold_4,u10,2025-01-29,history,ARCHIVE_ABSENCE (run file absent),
ICON,fold_4,u10,2025-01-30,history,ARCHIVE_ABSENCE (run file absent),
ICON,fold_4,u10,2025-01-31,history,ARCHIVE_ABSENCE (run file absent),
ICON,fold_4,u10,2025-02-01,history,ARCHIVE_ABSENCE (run file absent),
ICON,fold_4,u10,2025-02-02,history,ARCHIVE_ABSENCE (run file absent),
ICON,fold_4,u10,2025-02-03,history,ARCHIVE_ABSENCE (run file absent),
ICON,fold_4,u10,2025-02-04,history,ARCHIVE_ABSENCE (run file absent),
ICON,fold_4,u10,2025-02-05,history,ARCHIVE_ABSENCE (run file absent),
ICON,fold_4,u10,2025-02-06,history,ARCHIVE_ABSENCE (run file absent),
ICON,fold_4,u10,2025-02-07,history,ARCHIVE_ABSENCE (run file absent),
ICON,fold_4,u10,2025-02-08,history,ARCHIVE_ABSENCE (run file absent),
ICON,fold_4,u10,2025-02-09,history,ARCHIVE_ABSENCE (run file absent),
ICON,fold_4,u10,2025-02-10,history,ARCHIVE_ABSENCE (run file absent),
ICON,fold_4,u10,2025-02-11,history,ARCHIVE_ABSENCE (run file absent),
ICON,fold_4,u10,2025-02-12,history,ARCHIVE_ABSENCE (run file absent),
ICON,fold_4,u10,2025-02-13,history,ARCHIVE_ABSENCE (run file absent),
ICON,fold_4,u10,2025-02-14,history,ARCHIVE_ABSENCE (run file absent),
ICON,fold_4,u10,2025-02-15,history,ARCHIVE_ABSENCE (run file absent),
ICON,fold_4,u10,2025-02-16,history,ARCHIVE_ABSENCE (run file absent),
ICON,fold_4,u10,2025-02-17,history,ARCHIVE_ABSENCE (run file absent),
ICON,fold_4,u10,2025-02-18,history,ARCHIVE_ABSENCE (run file absent),
ICON,fold_4,u10,2025-02-19,history,ARCHIVE_ABSENCE (run file absent),
ICON,fold_4,u10,2025-02-20,history,ARCHIVE_ABSENCE (run file absent),
ICON,fold_4,u10,2025-02-21,history,ARCHIVE_ABSENCE (run file absent),
ICON,fold_4,u10,2025-02-22,history,ARCHIVE_ABSENCE (run file absent),
ICON,fold_4,u10,2025-02-23,history,ARCHIVE_ABSENCE (run file absent),
ICON,fold_4,u10,2025-02-24,history,ARCHIVE_ABSENCE (run file absent),
ICON,fold_4,u10,2025-02-25,history,ARCHIVE_ABSENCE (run file absent),
ICON,fold_4,u10,2025-02-26,history,ARCHIVE_ABSENCE (run file absent),
ICON,fold_4,u10,2025-02-27,history,ARCHIVE_ABSENCE (run file absent),
ICON,fold_4,u10,2025-02-28,history,ARCHIVE_ABSENCE (run file absent),
ICON,fold_4,u10,2025-03-01,history,ARCHIVE_ABSENCE (run file absent),
ICON,fold_4,u10,2025-03-02,history,ARCHIVE_ABSENCE (run file absent),
ICON,fold_4,u10,2025-03-03,history,ARCHIVE_ABSENCE (run file absent),
ICON,fold_4,u10,2025-03-04,history,ARCHIVE_ABSENCE (run file absent),
ICON,fold_4,u10,2025-03-05,history,ARCHIVE_ABSENCE (run file absent),
ICON,fold_4,u10,2025-03-06,history,ARCHIVE_ABSENCE (run file absent),
ICON,fold_4,u10,2025-03-08,history,ARCHIVE_ABSENCE (run file absent),
ICON,fold_4,u10,2025-03-09,history,ARCHIVE_ABSENCE (run file absent),
ICON,fold_4,u10,2025-03-10,history,ARCHIVE_ABSENCE (run file absent),
ICON,fold_4,u10,2025-03-11,history,ARCHIVE_ABSENCE (run file absent),
ICON,fold_4,u10,2025-03-12,history,ARCHIVE_ABSENCE (run file absent),
ICON,fold_4,u10,2025-03-13,history,ARCHIVE_ABSENCE (run file absent),
ICON,fold_4,u10,2025-03-14,history,ARCHIVE_ABSENCE (run file absent),
ICON,fold_4,u10,2025-03-15,history,ARCHIVE_ABSENCE (run file absent),
ICON,fold_4,u10,2025-03-16,history,ARCHIVE_ABSENCE (run file absent),
ICON,fold_4,u10,2025-03-17,history,ARCHIVE_ABSENCE (run file absent),
ICON,fold_4,u10,2025-03-18,history,ARCHIVE_ABSENCE (run file absent),
ICON,fold_4,u10,2025-03-19,history,ARCHIVE_ABSENCE (run file absent),
ICON,fold_4,u10,2025-03-20,history,ARCHIVE_ABSENCE (run file absent),
ICON,fold_4,u10,2025-03-21,history,ARCHIVE_ABSENCE (run file absent),
ICON,fold_4,u10,2025-03-22,history,ARCHIVE_ABSENCE (run file absent),
ICON,fold_4,u10,2025-03-23,history,ARCHIVE_ABSENCE (run file absent),
ICON,fold_4,u10,2025-03-24,history,ARCHIVE_ABSENCE (run file absent),
ICON,fold_4,u10,2025-03-25,history,ARCHIVE_ABSENCE (run file absent),
ICON,fold_4,u10,2025-03-26,history,ARCHIVE_ABSENCE (run file absent),
ICON,fold_4,u10,2025-03-27,history,ARCHIVE_ABSENCE (run file absent),
ICON,fold_4,u10,2025-03-28,history,ARCHIVE_ABSENCE (run file absent),
ICON,fold_4,u10,2025-03-29,warmup,ARCHIVE_ABSENCE (run file absent),
ICON,fold_4,u10,2025-03-30,warmup,ARCHIVE_ABSENCE (run file absent),
ICON,fold_4,u10,2025-03-31,warmup,ARCHIVE_ABSENCE (run file absent),
ICON,fold_4,u10,2025-04-01,warmup,ARCHIVE_ABSENCE (run file absent),
ICON,fold_4,u10,2025-04-02,warmup,ARCHIVE_ABSENCE (run file absent),
ICON,fold_4,u10,2025-04-03,warmup,ARCHIVE_ABSENCE (run file absent),
ICON,fold_4,v10,2023-05-11,history,ARCHIVE_ABSENCE (run file absent),
ICON,fold_4,v10,2023-05-21,history,ARCHIVE_ABSENCE (run file absent),
ICON,fold_4,v10,2023-05-22,history,ARCHIVE_ABSENCE (run file absent),
ICON,fold_4,v10,2023-05-26,history,ARCHIVE_ABSENCE (run file absent),
ICON,fold_4,v10,2023-05-27,history,ARCHIVE_ABSENCE (run file absent),
ICON,fold_4,v10,2023-05-28,history,ARCHIVE_ABSENCE (run file absent),
ICON,fold_4,v10,2023-05-29,history,ARCHIVE_ABSENCE (run file absent),
ICON,fold_4,v10,2023-07-27,history,ARCHIVE_ABSENCE (run file absent),
ICON,fold_4,v10,2023-08-05,history,ARCHIVE_ABSENCE (run file absent),
ICON,fold_4,v10,2023-08-09,history,ARCHIVE_ABSENCE (run file absent),
ICON,fold_4,v10,2023-08-12,history,ARCHIVE_ABSENCE (run file absent),
ICON,fold_4,v10,2023-08-13,history,ARCHIVE_ABSENCE (run file absent),
ICON,fold_4,v10,2023-08-14,history,ARCHIVE_ABSENCE (run file absent),
ICON,fold_4,v10,2023-08-15,history,ARCHIVE_ABSENCE (run file absent),
ICON,fold_4,v10,2023-09-13,history,ARCHIVE_ABSENCE (run file absent),
ICON,fold_4,v10,2023-09-14,history,ARCHIVE_ABSENCE (run file absent),
ICON,fold_4,v10,2023-11-12,history,ARCHIVE_ABSENCE (run file absent),
ICON,fold_4,v10,2023-11-19,history,ARCHIVE_ABSENCE (run file absent),
ICON,fold_4,v10,2023-11-30,history,ARCHIVE_ABSENCE (run file absent),
ICON,fold_4,v10,2023-12-04,history,ARCHIVE_ABSENCE (run file absent),
ICON,fold_4,v10,2023-12-26,history,ARCHIVE_ABSENCE (run file absent),
ICON,fold_4,v10,2024-01-04,history,ARCHIVE_ABSENCE (run file absent),
ICON,fold_4,v10,2024-01-25,history,ARCHIVE_ABSENCE (run file absent),
ICON,fold_4,v10,2024-01-27,history,ARCHIVE_ABSENCE (run file absent),
ICON,fold_4,v10,2024-01-28,history,ARCHIVE_ABSENCE (run file absent),
ICON,fold_4,v10,2024-01-29,history,ARCHIVE_ABSENCE (run file absent),
ICON,fold_4,v10,2024-02-06,history,ARCHIVE_ABSENCE (run file absent),
ICON,fold_4,v10,2024-02-18,history,ARCHIVE_ABSENCE (run file absent),
ICON,fold_4,v10,2024-03-14,history,"ARCHIVE_DEFECT (stub file 245689 bytes, not a readable zip)",
ICON,fold_4,v10,2024-03-15,history,"ARCHIVE_DEFECT (stub file 245689 bytes, not a readable zip)",
ICON,fold_4,v10,2024-03-16,history,ARCHIVE_ABSENCE (run file absent),
ICON,fold_4,v10,2024-03-17,history,ARCHIVE_ABSENCE (run file absent),
ICON,fold_4,v10,2024-03-18,history,"ARCHIVE_DEFECT (stub file 241885 bytes, not a readable zip)",
ICON,fold_4,v10,2024-03-19,history,ARCHIVE_ABSENCE (run file absent),
ICON,fold_4,v10,2024-03-20,history,"ARCHIVE_DEFECT (stub file 245689 bytes, not a readable zip)",
ICON,fold_4,v10,2024-03-21,history,ARCHIVE_ABSENCE (run file absent),
ICON,fold_4,v10,2024-03-22,history,ARCHIVE_ABSENCE (run file absent),
ICON,fold_4,v10,2024-03-23,history,ARCHIVE_ABSENCE (run file absent),
ICON,fold_4,v10,2024-03-24,history,"ARCHIVE_DEFECT (stub file 241969 bytes, not a readable zip)",
ICON,fold_4,v10,2024-03-25,history,ARCHIVE_ABSENCE (run file absent),
ICON,fold_4,v10,2024-03-26,history,ARCHIVE_ABSENCE (run file absent),
ICON,fold_4,v10,2024-03-27,history,"ARCHIVE_DEFECT (stub file 245689 bytes, not a readable zip)",
ICON,fold_4,v10,2024-03-28,history,ARCHIVE_ABSENCE (run file absent),
ICON,fold_4,v10,2024-03-29,history,"ARCHIVE_DEFECT (stub file 245689 bytes, not a readable zip)",
ICON,fold_4,v10,2024-03-30,history,ARCHIVE_ABSENCE (run file absent),
ICON,fold_4,v10,2024-03-31,history,ARCHIVE_ABSENCE (run file absent),
ICON,fold_4,v10,2024-04-01,history,ARCHIVE_ABSENCE (run file absent),
ICON,fold_4,v10,2024-04-02,history,ARCHIVE_ABSENCE (run file absent),
ICON,fold_4,v10,2024-04-03,history,ARCHIVE_ABSENCE (run file absent),
ICON,fold_4,v10,2024-04-04,history,ARCHIVE_ABSENCE (run file absent),
ICON,fold_4,v10,2024-04-06,history,ARCHIVE_ABSENCE (run file absent),
ICON,fold_4,v10,2024-04-07,history,ARCHIVE_ABSENCE (run file absent),
ICON,fold_4,v10,2024-04-09,history,ARCHIVE_ABSENCE (run file absent),
ICON,fold_4,v10,2024-04-10,history,ARCHIVE_ABSENCE (run file absent),
ICON,fold_4,v10,2024-04-11,history,ARCHIVE_ABSENCE (run file absent),
ICON,fold_4,v10,2024-04-12,history,ARCHIVE_ABSENCE (run file absent),
ICON,fold_4,v10,2024-04-13,history,ARCHIVE_ABSENCE (run file absent),
ICON,fold_4,v10,2024-04-14,history,ARCHIVE_ABSENCE (run file absent),
ICON,fold_4,v10,2024-04-15,history,ARCHIVE_ABSENCE (run file absent),
ICON,fold_4,v10,2024-04-16,history,ARCHIVE_ABSENCE (run file absent),
ICON,fold_4,v10,2024-04-17,history,ARCHIVE_ABSENCE (run file absent),
ICON,fold_4,v10,2024-04-18,history,ARCHIVE_ABSENCE (run file absent),
ICON,fold_4,v10,2024-04-19,history,ARCHIVE_ABSENCE (run file absent),
ICON,fold_4,v10,2024-04-20,history,ARCHIVE_ABSENCE (run file absent),
ICON,fold_4,v10,2024-04-21,history,ARCHIVE_ABSENCE (run file absent),
ICON,fold_4,v10,2024-04-22,history,ARCHIVE_ABSENCE (run file absent),
ICON,fold_4,v10,2024-04-23,history,ARCHIVE_ABSENCE (run file absent),
ICON,fold_4,v10,2024-04-24,history,ARCHIVE_ABSENCE (run file absent),
ICON,fold_4,v10,2024-04-25,history,ARCHIVE_ABSENCE (run file absent),
ICON,fold_4,v10,2024-04-26,history,ARCHIVE_ABSENCE (run file absent),
ICON,fold_4,v10,2024-04-27,history,ARCHIVE_ABSENCE (run file absent),
ICON,fold_4,v10,2024-04-28,history,ARCHIVE_ABSENCE (run file absent),
ICON,fold_4,v10,2024-04-29,history,ARCHIVE_ABSENCE (run file absent),
ICON,fold_4,v10,2024-04-30,history,ARCHIVE_ABSENCE (run file absent),
ICON,fold_4,v10,2024-05-01,history,ARCHIVE_ABSENCE (run file absent),
ICON,fold_4,v10,2024-05-02,history,ARCHIVE_ABSENCE (run file absent),
ICON,fold_4,v10,2024-05-03,history,ARCHIVE_ABSENCE (run file absent),
ICON,fold_4,v10,2024-05-04,history,ARCHIVE_ABSENCE (run file absent),
ICON,fold_4,v10,2024-05-05,history,ARCHIVE_ABSENCE (run file absent),
ICON,fold_4,v10,2024-05-06,history,ARCHIVE_ABSENCE (run file absent),
ICON,fold_4,v10,2024-05-07,history,ARCHIVE_ABSENCE (run file absent),
ICON,fold_4,v10,2024-05-08,history,ARCHIVE_ABSENCE (run file absent),
ICON,fold_4,v10,2024-05-09,history,ARCHIVE_ABSENCE (run file absent),
ICON,fold_4,v10,2024-05-10,history,ARCHIVE_ABSENCE (run file absent),
ICON,fold_4,v10,2024-05-11,history,ARCHIVE_ABSENCE (run file absent),
ICON,fold_4,v10,2024-05-12,history,ARCHIVE_ABSENCE (run file absent),
ICON,fold_4,v10,2024-05-13,history,ARCHIVE_ABSENCE (run file absent),
ICON,fold_4,v10,2024-05-14,history,ARCHIVE_ABSENCE (run file absent),
ICON,fold_4,v10,2024-05-15,history,ARCHIVE_ABSENCE (run file absent),
ICON,fold_4,v10,2024-05-16,history,ARCHIVE_ABSENCE (run file absent),
ICON,fold_4,v10,2024-05-17,history,ARCHIVE_ABSENCE (run file absent),
ICON,fold_4,v10,2024-05-18,history,ARCHIVE_ABSENCE (run file absent),
ICON,fold_4,v10,2024-05-19,history,ARCHIVE_ABSENCE (run file absent),
ICON,fold_4,v10,2024-05-20,history,ARCHIVE_ABSENCE (run file absent),
ICON,fold_4,v10,2024-05-21,history,ARCHIVE_ABSENCE (run file absent),
ICON,fold_4,v10,2024-05-22,history,ARCHIVE_ABSENCE (run file absent),
ICON,fold_4,v10,2024-05-23,history,ARCHIVE_ABSENCE (run file absent),
ICON,fold_4,v10,2024-05-24,history,ARCHIVE_ABSENCE (run file absent),
ICON,fold_4,v10,2024-05-25,history,ARCHIVE_ABSENCE (run file absent),
ICON,fold_4,v10,2024-05-26,history,ARCHIVE_ABSENCE (run file absent),
ICON,fold_4,v10,2024-05-27,history,ARCHIVE_ABSENCE (run file absent),
ICON,fold_4,v10,2024-05-28,history,ARCHIVE_ABSENCE (run file absent),
ICON,fold_4,v10,2024-05-29,history,ARCHIVE_ABSENCE (run file absent),
ICON,fold_4,v10,2024-05-30,history,ARCHIVE_ABSENCE (run file absent),
ICON,fold_4,v10,2024-05-31,history,ARCHIVE_ABSENCE (run file absent),
ICON,fold_4,v10,2024-06-01,history,ARCHIVE_ABSENCE (run file absent),
ICON,fold_4,v10,2024-06-02,history,ARCHIVE_ABSENCE (run file absent),
ICON,fold_4,v10,2024-06-03,history,ARCHIVE_ABSENCE (run file absent),
ICON,fold_4,v10,2024-06-04,history,ARCHIVE_ABSENCE (run file absent),
ICON,fold_4,v10,2025-01-25,history,ARCHIVE_ABSENCE (run file absent),
ICON,fold_4,v10,2025-01-26,history,ARCHIVE_ABSENCE (run file absent),
ICON,fold_4,v10,2025-01-27,history,ARCHIVE_ABSENCE (run file absent),
ICON,fold_4,v10,2025-01-28,history,ARCHIVE_ABSENCE (run file absent),
ICON,fold_4,v10,2025-01-29,history,ARCHIVE_ABSENCE (run file absent),
ICON,fold_4,v10,2025-01-30,history,ARCHIVE_ABSENCE (run file absent),
ICON,fold_4,v10,2025-01-31,history,ARCHIVE_ABSENCE (run file absent),
ICON,fold_4,v10,2025-02-01,history,ARCHIVE_ABSENCE (run file absent),
ICON,fold_4,v10,2025-02-02,history,ARCHIVE_ABSENCE (run file absent),
ICON,fold_4,v10,2025-02-03,history,ARCHIVE_ABSENCE (run file absent),
ICON,fold_4,v10,2025-02-04,history,ARCHIVE_ABSENCE (run file absent),
ICON,fold_4,v10,2025-02-05,history,ARCHIVE_ABSENCE (run file absent),
ICON,fold_4,v10,2025-02-06,history,ARCHIVE_ABSENCE (run file absent),
ICON,fold_4,v10,2025-02-07,history,ARCHIVE_ABSENCE (run file absent),
ICON,fold_4,v10,2025-02-08,history,ARCHIVE_ABSENCE (run file absent),
ICON,fold_4,v10,2025-02-09,history,ARCHIVE_ABSENCE (run file absent),
ICON,fold_4,v10,2025-02-10,history,ARCHIVE_ABSENCE (run file absent),
ICON,fold_4,v10,2025-02-11,history,ARCHIVE_ABSENCE (run file absent),
ICON,fold_4,v10,2025-02-12,history,ARCHIVE_ABSENCE (run file absent),
ICON,fold_4,v10,2025-02-13,history,ARCHIVE_ABSENCE (run file absent),
ICON,fold_4,v10,2025-02-14,history,ARCHIVE_ABSENCE (run file absent),
ICON,fold_4,v10,2025-02-15,history,ARCHIVE_ABSENCE (run file absent),
ICON,fold_4,v10,2025-02-16,history,ARCHIVE_ABSENCE (run file absent),
ICON,fold_4,v10,2025-02-17,history,ARCHIVE_ABSENCE (run file absent),
ICON,fold_4,v10,2025-02-18,history,ARCHIVE_ABSENCE (run file absent),
ICON,fold_4,v10,2025-02-19,history,ARCHIVE_ABSENCE (run file absent),
ICON,fold_4,v10,2025-02-20,history,ARCHIVE_ABSENCE (run file absent),
ICON,fold_4,v10,2025-02-21,history,ARCHIVE_ABSENCE (run file absent),
ICON,fold_4,v10,2025-02-22,history,ARCHIVE_ABSENCE (run file absent),
ICON,fold_4,v10,2025-02-23,history,ARCHIVE_ABSENCE (run file absent),
ICON,fold_4,v10,2025-02-24,history,ARCHIVE_ABSENCE (run file absent),
ICON,fold_4,v10,2025-02-25,history,ARCHIVE_ABSENCE (run file absent),
ICON,fold_4,v10,2025-02-26,history,ARCHIVE_ABSENCE (run file absent),
ICON,fold_4,v10,2025-02-27,history,ARCHIVE_ABSENCE (run file absent),
ICON,fold_4,v10,2025-02-28,history,ARCHIVE_ABSENCE (run file absent),
ICON,fold_4,v10,2025-03-01,history,ARCHIVE_ABSENCE (run file absent),
ICON,fold_4,v10,2025-03-02,history,ARCHIVE_ABSENCE (run file absent),
ICON,fold_4,v10,2025-03-03,history,ARCHIVE_ABSENCE (run file absent),
ICON,fold_4,v10,2025-03-04,history,ARCHIVE_ABSENCE (run file absent),
ICON,fold_4,v10,2025-03-05,history,ARCHIVE_ABSENCE (run file absent),
ICON,fold_4,v10,2025-03-06,history,ARCHIVE_ABSENCE (run file absent),
ICON,fold_4,v10,2025-03-08,history,ARCHIVE_ABSENCE (run file absent),
ICON,fold_4,v10,2025-03-09,history,ARCHIVE_ABSENCE (run file absent),
ICON,fold_4,v10,2025-03-10,history,ARCHIVE_ABSENCE (run file absent),
ICON,fold_4,v10,2025-03-11,history,ARCHIVE_ABSENCE (run file absent),
ICON,fold_4,v10,2025-03-12,history,ARCHIVE_ABSENCE (run file absent),
ICON,fold_4,v10,2025-03-13,history,ARCHIVE_ABSENCE (run file absent),
ICON,fold_4,v10,2025-03-14,history,ARCHIVE_ABSENCE (run file absent),
ICON,fold_4,v10,2025-03-15,history,ARCHIVE_ABSENCE (run file absent),
ICON,fold_4,v10,2025-03-16,history,ARCHIVE_ABSENCE (run file absent),
ICON,fold_4,v10,2025-03-17,history,ARCHIVE_ABSENCE (run file absent),
ICON,fold_4,v10,2025-03-18,history,ARCHIVE_ABSENCE (run file absent),
ICON,fold_4,v10,2025-03-19,history,ARCHIVE_ABSENCE (run file absent),
ICON,fold_4,v10,2025-03-20,history,ARCHIVE_ABSENCE (run file absent),
ICON,fold_4,v10,2025-03-21,history,ARCHIVE_ABSENCE (run file absent),
ICON,fold_4,v10,2025-03-22,history,ARCHIVE_ABSENCE (run file absent),
ICON,fold_4,v10,2025-03-23,history,ARCHIVE_ABSENCE (run file absent),
ICON,fold_4,v10,2025-03-24,history,ARCHIVE_ABSENCE (run file absent),
ICON,fold_4,v10,2025-03-25,history,ARCHIVE_ABSENCE (run file absent),
ICON,fold_4,v10,2025-03-26,history,ARCHIVE_ABSENCE (run file absent),
ICON,fold_4,v10,2025-03-27,history,ARCHIVE_ABSENCE (run file absent),
ICON,fold_4,v10,2025-03-28,history,ARCHIVE_ABSENCE (run file absent),
ICON,fold_4,v10,2025-03-29,warmup,ARCHIVE_ABSENCE (run file absent),
ICON,fold_4,v10,2025-03-30,warmup,ARCHIVE_ABSENCE (run file absent),
ICON,fold_4,v10,2025-03-31,warmup,ARCHIVE_ABSENCE (run file absent),
ICON,fold_4,v10,2025-04-01,warmup,ARCHIVE_ABSENCE (run file absent),
ICON,fold_4,v10,2025-04-02,warmup,ARCHIVE_ABSENCE (run file absent),
ICON,fold_4,v10,2025-04-03,warmup,ARCHIVE_ABSENCE (run file absent),
ICON,fold_4,radiation,2023-05-11,history,ARCHIVE_ABSENCE (run file absent),
ICON,fold_4,radiation,2023-05-21,history,ARCHIVE_ABSENCE (run file absent),
ICON,fold_4,radiation,2023-05-22,history,ARCHIVE_ABSENCE (run file absent),
ICON,fold_4,radiation,2023-05-26,history,ARCHIVE_ABSENCE (run file absent),
ICON,fold_4,radiation,2023-05-27,history,ARCHIVE_ABSENCE (run file absent),
ICON,fold_4,radiation,2023-05-28,history,ARCHIVE_ABSENCE (run file absent),
ICON,fold_4,radiation,2023-05-29,history,ARCHIVE_ABSENCE (run file absent),
ICON,fold_4,radiation,2023-07-27,history,ARCHIVE_ABSENCE (run file absent),
ICON,fold_4,radiation,2023-08-05,history,ARCHIVE_ABSENCE (run file absent),
ICON,fold_4,radiation,2023-08-09,history,ARCHIVE_ABSENCE (run file absent),
ICON,fold_4,radiation,2023-08-12,history,ARCHIVE_ABSENCE (run file absent),
ICON,fold_4,radiation,2023-08-13,history,ARCHIVE_ABSENCE (run file absent),
ICON,fold_4,radiation,2023-08-14,history,ARCHIVE_ABSENCE (run file absent),
ICON,fold_4,radiation,2023-08-15,history,ARCHIVE_ABSENCE (run file absent),
ICON,fold_4,radiation,2023-09-13,history,ARCHIVE_ABSENCE (run file absent),
ICON,fold_4,radiation,2023-09-14,history,ARCHIVE_ABSENCE (run file absent),
ICON,fold_4,radiation,2023-11-12,history,ARCHIVE_ABSENCE (run file absent),
ICON,fold_4,radiation,2023-11-19,history,ARCHIVE_ABSENCE (run file absent),
ICON,fold_4,radiation,2023-11-30,history,ARCHIVE_ABSENCE (run file absent),
ICON,fold_4,radiation,2023-12-04,history,ARCHIVE_ABSENCE (run file absent),
ICON,fold_4,radiation,2023-12-26,history,ARCHIVE_ABSENCE (run file absent),
ICON,fold_4,radiation,2024-01-04,history,ARCHIVE_ABSENCE (run file absent),
ICON,fold_4,radiation,2024-01-23,history,FIELD_INCOMPLETE (aswdifd_s/.zarray),
ICON,fold_4,radiation,2024-01-25,history,ARCHIVE_ABSENCE (run file absent),
ICON,fold_4,radiation,2024-01-27,history,ARCHIVE_ABSENCE (run file absent),
ICON,fold_4,radiation,2024-01-28,history,ARCHIVE_ABSENCE (run file absent),
ICON,fold_4,radiation,2024-01-29,history,ARCHIVE_ABSENCE (run file absent),
ICON,fold_4,radiation,2024-02-06,history,ARCHIVE_ABSENCE (run file absent),
ICON,fold_4,radiation,2024-02-18,history,ARCHIVE_ABSENCE (run file absent),
ICON,fold_4,radiation,2024-03-14,history,"ARCHIVE_DEFECT (stub file 245689 bytes, not a readable zip)",
ICON,fold_4,radiation,2024-03-15,history,"ARCHIVE_DEFECT (stub file 245689 bytes, not a readable zip)",
ICON,fold_4,radiation,2024-03-16,history,ARCHIVE_ABSENCE (run file absent),
ICON,fold_4,radiation,2024-03-17,history,ARCHIVE_ABSENCE (run file absent),
ICON,fold_4,radiation,2024-03-18,history,"ARCHIVE_DEFECT (stub file 241885 bytes, not a readable zip)",
ICON,fold_4,radiation,2024-03-19,history,ARCHIVE_ABSENCE (run file absent),
ICON,fold_4,radiation,2024-03-20,history,"ARCHIVE_DEFECT (stub file 245689 bytes, not a readable zip)",
ICON,fold_4,radiation,2024-03-21,history,ARCHIVE_ABSENCE (run file absent),
ICON,fold_4,radiation,2024-03-22,history,ARCHIVE_ABSENCE (run file absent),
ICON,fold_4,radiation,2024-03-23,history,ARCHIVE_ABSENCE (run file absent),
ICON,fold_4,radiation,2024-03-24,history,"ARCHIVE_DEFECT (stub file 241969 bytes, not a readable zip)",
ICON,fold_4,radiation,2024-03-25,history,ARCHIVE_ABSENCE (run file absent),
ICON,fold_4,radiation,2024-03-26,history,ARCHIVE_ABSENCE (run file absent),
ICON,fold_4,radiation,2024-03-27,history,"ARCHIVE_DEFECT (stub file 245689 bytes, not a readable zip)",
ICON,fold_4,radiation,2024-03-28,history,ARCHIVE_ABSENCE (run file absent),
ICON,fold_4,radiation,2024-03-29,history,"ARCHIVE_DEFECT (stub file 245689 bytes, not a readable zip)",
ICON,fold_4,radiation,2024-03-30,history,ARCHIVE_ABSENCE (run file absent),
ICON,fold_4,radiation,2024-03-31,history,ARCHIVE_ABSENCE (run file absent),
ICON,fold_4,radiation,2024-04-01,history,ARCHIVE_ABSENCE (run file absent),
ICON,fold_4,radiation,2024-04-02,history,ARCHIVE_ABSENCE (run file absent),
ICON,fold_4,radiation,2024-04-03,history,ARCHIVE_ABSENCE (run file absent),
ICON,fold_4,radiation,2024-04-04,history,ARCHIVE_ABSENCE (run file absent),
ICON,fold_4,radiation,2024-04-06,history,ARCHIVE_ABSENCE (run file absent),
ICON,fold_4,radiation,2024-04-07,history,ARCHIVE_ABSENCE (run file absent),
ICON,fold_4,radiation,2024-04-09,history,ARCHIVE_ABSENCE (run file absent),
ICON,fold_4,radiation,2024-04-10,history,ARCHIVE_ABSENCE (run file absent),
ICON,fold_4,radiation,2024-04-11,history,ARCHIVE_ABSENCE (run file absent),
ICON,fold_4,radiation,2024-04-12,history,ARCHIVE_ABSENCE (run file absent),
ICON,fold_4,radiation,2024-04-13,history,ARCHIVE_ABSENCE (run file absent),
ICON,fold_4,radiation,2024-04-14,history,ARCHIVE_ABSENCE (run file absent),
ICON,fold_4,radiation,2024-04-15,history,ARCHIVE_ABSENCE (run file absent),
ICON,fold_4,radiation,2024-04-16,history,ARCHIVE_ABSENCE (run file absent),
ICON,fold_4,radiation,2024-04-17,history,ARCHIVE_ABSENCE (run file absent),
ICON,fold_4,radiation,2024-04-18,history,ARCHIVE_ABSENCE (run file absent),
ICON,fold_4,radiation,2024-04-19,history,ARCHIVE_ABSENCE (run file absent),
ICON,fold_4,radiation,2024-04-20,history,ARCHIVE_ABSENCE (run file absent),
ICON,fold_4,radiation,2024-04-21,history,ARCHIVE_ABSENCE (run file absent),
ICON,fold_4,radiation,2024-04-22,history,ARCHIVE_ABSENCE (run file absent),
ICON,fold_4,radiation,2024-04-23,history,ARCHIVE_ABSENCE (run file absent),
ICON,fold_4,radiation,2024-04-24,history,ARCHIVE_ABSENCE (run file absent),
ICON,fold_4,radiation,2024-04-25,history,ARCHIVE_ABSENCE (run file absent),
ICON,fold_4,radiation,2024-04-26,history,ARCHIVE_ABSENCE (run file absent),
ICON,fold_4,radiation,2024-04-27,history,ARCHIVE_ABSENCE (run file absent),
ICON,fold_4,radiation,2024-04-28,history,ARCHIVE_ABSENCE (run file absent),
ICON,fold_4,radiation,2024-04-29,history,ARCHIVE_ABSENCE (run file absent),
ICON,fold_4,radiation,2024-04-30,history,ARCHIVE_ABSENCE (run file absent),
ICON,fold_4,radiation,2024-05-01,history,ARCHIVE_ABSENCE (run file absent),
ICON,fold_4,radiation,2024-05-02,history,ARCHIVE_ABSENCE (run file absent),
ICON,fold_4,radiation,2024-05-03,history,ARCHIVE_ABSENCE (run file absent),
ICON,fold_4,radiation,2024-05-04,history,ARCHIVE_ABSENCE (run file absent),
ICON,fold_4,radiation,2024-05-05,history,ARCHIVE_ABSENCE (run file absent),
ICON,fold_4,radiation,2024-05-06,history,ARCHIVE_ABSENCE (run file absent),
ICON,fold_4,radiation,2024-05-07,history,ARCHIVE_ABSENCE (run file absent),
ICON,fold_4,radiation,2024-05-08,history,ARCHIVE_ABSENCE (run file absent),
ICON,fold_4,radiation,2024-05-09,history,ARCHIVE_ABSENCE (run file absent),
ICON,fold_4,radiation,2024-05-10,history,ARCHIVE_ABSENCE (run file absent),
ICON,fold_4,radiation,2024-05-11,history,ARCHIVE_ABSENCE (run file absent),
ICON,fold_4,radiation,2024-05-12,history,ARCHIVE_ABSENCE (run file absent),
ICON,fold_4,radiation,2024-05-13,history,ARCHIVE_ABSENCE (run file absent),
ICON,fold_4,radiation,2024-05-14,history,ARCHIVE_ABSENCE (run file absent),
ICON,fold_4,radiation,2024-05-15,history,ARCHIVE_ABSENCE (run file absent),
ICON,fold_4,radiation,2024-05-16,history,ARCHIVE_ABSENCE (run file absent),
ICON,fold_4,radiation,2024-05-17,history,ARCHIVE_ABSENCE (run file absent),
ICON,fold_4,radiation,2024-05-18,history,ARCHIVE_ABSENCE (run file absent),
ICON,fold_4,radiation,2024-05-19,history,ARCHIVE_ABSENCE (run file absent),
ICON,fold_4,radiation,2024-05-20,history,ARCHIVE_ABSENCE (run file absent),
ICON,fold_4,radiation,2024-05-21,history,ARCHIVE_ABSENCE (run file absent),
ICON,fold_4,radiation,2024-05-22,history,ARCHIVE_ABSENCE (run file absent),
ICON,fold_4,radiation,2024-05-23,history,ARCHIVE_ABSENCE (run file absent),
ICON,fold_4,radiation,2024-05-24,history,ARCHIVE_ABSENCE (run file absent),
ICON,fold_4,radiation,2024-05-25,history,ARCHIVE_ABSENCE (run file absent),
ICON,fold_4,radiation,2024-05-26,history,ARCHIVE_ABSENCE (run file absent),
ICON,fold_4,radiation,2024-05-27,history,ARCHIVE_ABSENCE (run file absent),
ICON,fold_4,radiation,2024-05-28,history,ARCHIVE_ABSENCE (run file absent),
ICON,fold_4,radiation,2024-05-29,history,ARCHIVE_ABSENCE (run file absent),
ICON,fold_4,radiation,2024-05-30,history,ARCHIVE_ABSENCE (run file absent),
ICON,fold_4,radiation,2024-05-31,history,ARCHIVE_ABSENCE (run file absent),
ICON,fold_4,radiation,2024-06-01,history,ARCHIVE_ABSENCE (run file absent),
ICON,fold_4,radiation,2024-06-02,history,ARCHIVE_ABSENCE (run file absent),
ICON,fold_4,radiation,2024-06-03,history,ARCHIVE_ABSENCE (run file absent),
ICON,fold_4,radiation,2024-06-04,history,ARCHIVE_ABSENCE (run file absent),
ICON,fold_4,radiation,2025-01-25,history,ARCHIVE_ABSENCE (run file absent),
ICON,fold_4,radiation,2025-01-26,history,ARCHIVE_ABSENCE (run file absent),
ICON,fold_4,radiation,2025-01-27,history,ARCHIVE_ABSENCE (run file absent),
ICON,fold_4,radiation,2025-01-28,history,ARCHIVE_ABSENCE (run file absent),
ICON,fold_4,radiation,2025-01-29,history,ARCHIVE_ABSENCE (run file absent),
ICON,fold_4,radiation,2025-01-30,history,ARCHIVE_ABSENCE (run file absent),
ICON,fold_4,radiation,2025-01-31,history,ARCHIVE_ABSENCE (run file absent),
ICON,fold_4,radiation,2025-02-01,history,ARCHIVE_ABSENCE (run file absent),
ICON,fold_4,radiation,2025-02-02,history,ARCHIVE_ABSENCE (run file absent),
ICON,fold_4,radiation,2025-02-03,history,ARCHIVE_ABSENCE (run file absent),
ICON,fold_4,radiation,2025-02-04,history,ARCHIVE_ABSENCE (run file absent),
ICON,fold_4,radiation,2025-02-05,history,ARCHIVE_ABSENCE (run file absent),
ICON,fold_4,radiation,2025-02-06,history,ARCHIVE_ABSENCE (run file absent),
ICON,fold_4,radiation,2025-02-07,history,ARCHIVE_ABSENCE (run file absent),
ICON,fold_4,radiation,2025-02-08,history,ARCHIVE_ABSENCE (run file absent),
ICON,fold_4,radiation,2025-02-09,history,ARCHIVE_ABSENCE (run file absent),
ICON,fold_4,radiation,2025-02-10,history,ARCHIVE_ABSENCE (run file absent),
ICON,fold_4,radiation,2025-02-11,history,ARCHIVE_ABSENCE (run file absent),
ICON,fold_4,radiation,2025-02-12,history,ARCHIVE_ABSENCE (run file absent),
ICON,fold_4,radiation,2025-02-13,history,ARCHIVE_ABSENCE (run file absent),
ICON,fold_4,radiation,2025-02-14,history,ARCHIVE_ABSENCE (run file absent),
ICON,fold_4,radiation,2025-02-15,history,ARCHIVE_ABSENCE (run file absent),
ICON,fold_4,radiation,2025-02-16,history,ARCHIVE_ABSENCE (run file absent),
ICON,fold_4,radiation,2025-02-17,history,ARCHIVE_ABSENCE (run file absent),
ICON,fold_4,radiation,2025-02-18,history,ARCHIVE_ABSENCE (run file absent),
ICON,fold_4,radiation,2025-02-19,history,ARCHIVE_ABSENCE (run file absent),
ICON,fold_4,radiation,2025-02-20,history,ARCHIVE_ABSENCE (run file absent),
ICON,fold_4,radiation,2025-02-21,history,ARCHIVE_ABSENCE (run file absent),
ICON,fold_4,radiation,2025-02-22,history,ARCHIVE_ABSENCE (run file absent),
ICON,fold_4,radiation,2025-02-23,history,ARCHIVE_ABSENCE (run file absent),
ICON,fold_4,radiation,2025-02-24,history,ARCHIVE_ABSENCE (run file absent),
ICON,fold_4,radiation,2025-02-25,history,ARCHIVE_ABSENCE (run file absent),
ICON,fold_4,radiation,2025-02-26,history,ARCHIVE_ABSENCE (run file absent),
ICON,fold_4,radiation,2025-02-27,history,ARCHIVE_ABSENCE (run file absent),
ICON,fold_4,radiation,2025-02-28,history,ARCHIVE_ABSENCE (run file absent),
ICON,fold_4,radiation,2025-03-01,history,ARCHIVE_ABSENCE (run file absent),
ICON,fold_4,radiation,2025-03-02,history,ARCHIVE_ABSENCE (run file absent),
ICON,fold_4,radiation,2025-03-03,history,ARCHIVE_ABSENCE (run file absent),
ICON,fold_4,radiation,2025-03-04,history,ARCHIVE_ABSENCE (run file absent),
ICON,fold_4,radiation,2025-03-05,history,ARCHIVE_ABSENCE (run file absent),
ICON,fold_4,radiation,2025-03-06,history,ARCHIVE_ABSENCE (run file absent),
ICON,fold_4,radiation,2025-03-08,history,ARCHIVE_ABSENCE (run file absent),
ICON,fold_4,radiation,2025-03-09,history,ARCHIVE_ABSENCE (run file absent),
ICON,fold_4,radiation,2025-03-10,history,ARCHIVE_ABSENCE (run file absent),
ICON,fold_4,radiation,2025-03-11,history,ARCHIVE_ABSENCE (run file absent),
ICON,fold_4,radiation,2025-03-12,history,ARCHIVE_ABSENCE (run file absent),
ICON,fold_4,radiation,2025-03-13,history,ARCHIVE_ABSENCE (run file absent),
ICON,fold_4,radiation,2025-03-14,history,ARCHIVE_ABSENCE (run file absent),
ICON,fold_4,radiation,2025-03-15,history,ARCHIVE_ABSENCE (run file absent),
ICON,fold_4,radiation,2025-03-16,history,ARCHIVE_ABSENCE (run file absent),
ICON,fold_4,radiation,2025-03-17,history,ARCHIVE_ABSENCE (run file absent),
ICON,fold_4,radiation,2025-03-18,history,ARCHIVE_ABSENCE (run file absent),
ICON,fold_4,radiation,2025-03-19,history,ARCHIVE_ABSENCE (run file absent),
ICON,fold_4,radiation,2025-03-20,history,ARCHIVE_ABSENCE (run file absent),
ICON,fold_4,radiation,2025-03-21,history,ARCHIVE_ABSENCE (run file absent),
ICON,fold_4,radiation,2025-03-22,history,ARCHIVE_ABSENCE (run file absent),
ICON,fold_4,radiation,2025-03-23,history,ARCHIVE_ABSENCE (run file absent),
ICON,fold_4,radiation,2025-03-24,history,ARCHIVE_ABSENCE (run file absent),
ICON,fold_4,radiation,2025-03-25,history,ARCHIVE_ABSENCE (run file absent),
ICON,fold_4,radiation,2025-03-26,history,ARCHIVE_ABSENCE (run file absent),
ICON,fold_4,radiation,2025-03-27,history,ARCHIVE_ABSENCE (run file absent),
ICON,fold_4,radiation,2025-03-28,history,ARCHIVE_ABSENCE (run file absent),
ICON,fold_4,radiation,2025-03-29,warmup,ARCHIVE_ABSENCE (run file absent),
ICON,fold_4,radiation,2025-03-30,warmup,ARCHIVE_ABSENCE (run file absent),
ICON,fold_4,radiation,2025-03-31,warmup,ARCHIVE_ABSENCE (run file absent),
ICON,fold_4,radiation,2025-04-01,warmup,ARCHIVE_ABSENCE (run file absent),
ICON,fold_4,radiation,2025-04-02,warmup,ARCHIVE_ABSENCE (run file absent),
ICON,fold_4,radiation,2025-04-03,warmup,ARCHIVE_ABSENCE (run file absent),
ICON,fold_5,u10,2023-12-26,history,ARCHIVE_ABSENCE (run file absent),
ICON,fold_5,u10,2024-01-04,history,ARCHIVE_ABSENCE (run file absent),
ICON,fold_5,u10,2024-01-25,history,ARCHIVE_ABSENCE (run file absent),
ICON,fold_5,u10,2024-01-27,history,ARCHIVE_ABSENCE (run file absent),
ICON,fold_5,u10,2024-01-28,history,ARCHIVE_ABSENCE (run file absent),
ICON,fold_5,u10,2024-01-29,history,ARCHIVE_ABSENCE (run file absent),
ICON,fold_5,u10,2024-02-06,history,ARCHIVE_ABSENCE (run file absent),
ICON,fold_5,u10,2024-02-18,history,ARCHIVE_ABSENCE (run file absent),
ICON,fold_5,u10,2024-03-14,history,"ARCHIVE_DEFECT (stub file 245689 bytes, not a readable zip)",
ICON,fold_5,u10,2024-03-15,history,"ARCHIVE_DEFECT (stub file 245689 bytes, not a readable zip)",
ICON,fold_5,u10,2024-03-16,history,ARCHIVE_ABSENCE (run file absent),
ICON,fold_5,u10,2024-03-17,history,ARCHIVE_ABSENCE (run file absent),
ICON,fold_5,u10,2024-03-18,history,"ARCHIVE_DEFECT (stub file 241885 bytes, not a readable zip)",
ICON,fold_5,u10,2024-03-19,history,ARCHIVE_ABSENCE (run file absent),
ICON,fold_5,u10,2024-03-20,history,"ARCHIVE_DEFECT (stub file 245689 bytes, not a readable zip)",
ICON,fold_5,u10,2024-03-21,history,ARCHIVE_ABSENCE (run file absent),
ICON,fold_5,u10,2024-03-22,history,ARCHIVE_ABSENCE (run file absent),
ICON,fold_5,u10,2024-03-23,history,ARCHIVE_ABSENCE (run file absent),
ICON,fold_5,u10,2024-03-24,history,"ARCHIVE_DEFECT (stub file 241969 bytes, not a readable zip)",
ICON,fold_5,u10,2024-03-25,history,ARCHIVE_ABSENCE (run file absent),
ICON,fold_5,u10,2024-03-26,history,ARCHIVE_ABSENCE (run file absent),
ICON,fold_5,u10,2024-03-27,history,"ARCHIVE_DEFECT (stub file 245689 bytes, not a readable zip)",
ICON,fold_5,u10,2024-03-28,history,ARCHIVE_ABSENCE (run file absent),
ICON,fold_5,u10,2024-03-29,history,"ARCHIVE_DEFECT (stub file 245689 bytes, not a readable zip)",
ICON,fold_5,u10,2024-03-30,history,ARCHIVE_ABSENCE (run file absent),
ICON,fold_5,u10,2024-03-31,history,ARCHIVE_ABSENCE (run file absent),
ICON,fold_5,u10,2024-04-01,history,ARCHIVE_ABSENCE (run file absent),
ICON,fold_5,u10,2024-04-02,history,ARCHIVE_ABSENCE (run file absent),
ICON,fold_5,u10,2024-04-03,history,ARCHIVE_ABSENCE (run file absent),
ICON,fold_5,u10,2024-04-04,history,ARCHIVE_ABSENCE (run file absent),
ICON,fold_5,u10,2024-04-06,history,ARCHIVE_ABSENCE (run file absent),
ICON,fold_5,u10,2024-04-07,history,ARCHIVE_ABSENCE (run file absent),
ICON,fold_5,u10,2024-04-09,history,ARCHIVE_ABSENCE (run file absent),
ICON,fold_5,u10,2024-04-10,history,ARCHIVE_ABSENCE (run file absent),
ICON,fold_5,u10,2024-04-11,history,ARCHIVE_ABSENCE (run file absent),
ICON,fold_5,u10,2024-04-12,history,ARCHIVE_ABSENCE (run file absent),
ICON,fold_5,u10,2024-04-13,history,ARCHIVE_ABSENCE (run file absent),
ICON,fold_5,u10,2024-04-14,history,ARCHIVE_ABSENCE (run file absent),
ICON,fold_5,u10,2024-04-15,history,ARCHIVE_ABSENCE (run file absent),
ICON,fold_5,u10,2024-04-16,history,ARCHIVE_ABSENCE (run file absent),
ICON,fold_5,u10,2024-04-17,history,ARCHIVE_ABSENCE (run file absent),
ICON,fold_5,u10,2024-04-18,history,ARCHIVE_ABSENCE (run file absent),
ICON,fold_5,u10,2024-04-19,history,ARCHIVE_ABSENCE (run file absent),
ICON,fold_5,u10,2024-04-20,history,ARCHIVE_ABSENCE (run file absent),
ICON,fold_5,u10,2024-04-21,history,ARCHIVE_ABSENCE (run file absent),
ICON,fold_5,u10,2024-04-22,history,ARCHIVE_ABSENCE (run file absent),
ICON,fold_5,u10,2024-04-23,history,ARCHIVE_ABSENCE (run file absent),
ICON,fold_5,u10,2024-04-24,history,ARCHIVE_ABSENCE (run file absent),
ICON,fold_5,u10,2024-04-25,history,ARCHIVE_ABSENCE (run file absent),
ICON,fold_5,u10,2024-04-26,history,ARCHIVE_ABSENCE (run file absent),
ICON,fold_5,u10,2024-04-27,history,ARCHIVE_ABSENCE (run file absent),
ICON,fold_5,u10,2024-04-28,history,ARCHIVE_ABSENCE (run file absent),
ICON,fold_5,u10,2024-04-29,history,ARCHIVE_ABSENCE (run file absent),
ICON,fold_5,u10,2024-04-30,history,ARCHIVE_ABSENCE (run file absent),
ICON,fold_5,u10,2024-05-01,history,ARCHIVE_ABSENCE (run file absent),
ICON,fold_5,u10,2024-05-02,history,ARCHIVE_ABSENCE (run file absent),
ICON,fold_5,u10,2024-05-03,history,ARCHIVE_ABSENCE (run file absent),
ICON,fold_5,u10,2024-05-04,history,ARCHIVE_ABSENCE (run file absent),
ICON,fold_5,u10,2024-05-05,history,ARCHIVE_ABSENCE (run file absent),
ICON,fold_5,u10,2024-05-06,history,ARCHIVE_ABSENCE (run file absent),
ICON,fold_5,u10,2024-05-07,history,ARCHIVE_ABSENCE (run file absent),
ICON,fold_5,u10,2024-05-08,history,ARCHIVE_ABSENCE (run file absent),
ICON,fold_5,u10,2024-05-09,history,ARCHIVE_ABSENCE (run file absent),
ICON,fold_5,u10,2024-05-10,history,ARCHIVE_ABSENCE (run file absent),
ICON,fold_5,u10,2024-05-11,history,ARCHIVE_ABSENCE (run file absent),
ICON,fold_5,u10,2024-05-12,history,ARCHIVE_ABSENCE (run file absent),
ICON,fold_5,u10,2024-05-13,history,ARCHIVE_ABSENCE (run file absent),
ICON,fold_5,u10,2024-05-14,history,ARCHIVE_ABSENCE (run file absent),
ICON,fold_5,u10,2024-05-15,history,ARCHIVE_ABSENCE (run file absent),
ICON,fold_5,u10,2024-05-16,history,ARCHIVE_ABSENCE (run file absent),
ICON,fold_5,u10,2024-05-17,history,ARCHIVE_ABSENCE (run file absent),
ICON,fold_5,u10,2024-05-18,history,ARCHIVE_ABSENCE (run file absent),
ICON,fold_5,u10,2024-05-19,history,ARCHIVE_ABSENCE (run file absent),
ICON,fold_5,u10,2024-05-20,history,ARCHIVE_ABSENCE (run file absent),
ICON,fold_5,u10,2024-05-21,history,ARCHIVE_ABSENCE (run file absent),
ICON,fold_5,u10,2024-05-22,history,ARCHIVE_ABSENCE (run file absent),
ICON,fold_5,u10,2024-05-23,history,ARCHIVE_ABSENCE (run file absent),
ICON,fold_5,u10,2024-05-24,history,ARCHIVE_ABSENCE (run file absent),
ICON,fold_5,u10,2024-05-25,history,ARCHIVE_ABSENCE (run file absent),
ICON,fold_5,u10,2024-05-26,history,ARCHIVE_ABSENCE (run file absent),
ICON,fold_5,u10,2024-05-27,history,ARCHIVE_ABSENCE (run file absent),
ICON,fold_5,u10,2024-05-28,history,ARCHIVE_ABSENCE (run file absent),
ICON,fold_5,u10,2024-05-29,history,ARCHIVE_ABSENCE (run file absent),
ICON,fold_5,u10,2024-05-30,history,ARCHIVE_ABSENCE (run file absent),
ICON,fold_5,u10,2024-05-31,history,ARCHIVE_ABSENCE (run file absent),
ICON,fold_5,u10,2024-06-01,history,ARCHIVE_ABSENCE (run file absent),
ICON,fold_5,u10,2024-06-02,history,ARCHIVE_ABSENCE (run file absent),
ICON,fold_5,u10,2024-06-03,history,ARCHIVE_ABSENCE (run file absent),
ICON,fold_5,u10,2024-06-04,history,ARCHIVE_ABSENCE (run file absent),
ICON,fold_5,u10,2025-01-25,history,ARCHIVE_ABSENCE (run file absent),
ICON,fold_5,u10,2025-01-26,history,ARCHIVE_ABSENCE (run file absent),
ICON,fold_5,u10,2025-01-27,history,ARCHIVE_ABSENCE (run file absent),
ICON,fold_5,u10,2025-01-28,history,ARCHIVE_ABSENCE (run file absent),
ICON,fold_5,u10,2025-01-29,history,ARCHIVE_ABSENCE (run file absent),
ICON,fold_5,u10,2025-01-30,history,ARCHIVE_ABSENCE (run file absent),
ICON,fold_5,u10,2025-01-31,history,ARCHIVE_ABSENCE (run file absent),
ICON,fold_5,u10,2025-02-01,history,ARCHIVE_ABSENCE (run file absent),
ICON,fold_5,u10,2025-02-02,history,ARCHIVE_ABSENCE (run file absent),
ICON,fold_5,u10,2025-02-03,history,ARCHIVE_ABSENCE (run file absent),
ICON,fold_5,u10,2025-02-04,history,ARCHIVE_ABSENCE (run file absent),
ICON,fold_5,u10,2025-02-05,history,ARCHIVE_ABSENCE (run file absent),
ICON,fold_5,u10,2025-02-06,history,ARCHIVE_ABSENCE (run file absent),
ICON,fold_5,u10,2025-02-07,history,ARCHIVE_ABSENCE (run file absent),
ICON,fold_5,u10,2025-02-08,history,ARCHIVE_ABSENCE (run file absent),
ICON,fold_5,u10,2025-02-09,history,ARCHIVE_ABSENCE (run file absent),
ICON,fold_5,u10,2025-02-10,history,ARCHIVE_ABSENCE (run file absent),
ICON,fold_5,u10,2025-02-11,history,ARCHIVE_ABSENCE (run file absent),
ICON,fold_5,u10,2025-02-12,history,ARCHIVE_ABSENCE (run file absent),
ICON,fold_5,u10,2025-02-13,history,ARCHIVE_ABSENCE (run file absent),
ICON,fold_5,u10,2025-02-14,history,ARCHIVE_ABSENCE (run file absent),
ICON,fold_5,u10,2025-02-15,history,ARCHIVE_ABSENCE (run file absent),
ICON,fold_5,u10,2025-02-16,history,ARCHIVE_ABSENCE (run file absent),
ICON,fold_5,u10,2025-02-17,history,ARCHIVE_ABSENCE (run file absent),
ICON,fold_5,u10,2025-02-18,history,ARCHIVE_ABSENCE (run file absent),
ICON,fold_5,u10,2025-02-19,history,ARCHIVE_ABSENCE (run file absent),
ICON,fold_5,u10,2025-02-20,history,ARCHIVE_ABSENCE (run file absent),
ICON,fold_5,u10,2025-02-21,history,ARCHIVE_ABSENCE (run file absent),
ICON,fold_5,u10,2025-02-22,history,ARCHIVE_ABSENCE (run file absent),
ICON,fold_5,u10,2025-02-23,history,ARCHIVE_ABSENCE (run file absent),
ICON,fold_5,u10,2025-02-24,history,ARCHIVE_ABSENCE (run file absent),
ICON,fold_5,u10,2025-02-25,history,ARCHIVE_ABSENCE (run file absent),
ICON,fold_5,u10,2025-02-26,history,ARCHIVE_ABSENCE (run file absent),
ICON,fold_5,u10,2025-02-27,history,ARCHIVE_ABSENCE (run file absent),
ICON,fold_5,u10,2025-02-28,history,ARCHIVE_ABSENCE (run file absent),
ICON,fold_5,u10,2025-03-01,history,ARCHIVE_ABSENCE (run file absent),
ICON,fold_5,u10,2025-03-02,history,ARCHIVE_ABSENCE (run file absent),
ICON,fold_5,u10,2025-03-03,history,ARCHIVE_ABSENCE (run file absent),
ICON,fold_5,u10,2025-03-04,history,ARCHIVE_ABSENCE (run file absent),
ICON,fold_5,u10,2025-03-05,history,ARCHIVE_ABSENCE (run file absent),
ICON,fold_5,u10,2025-03-06,history,ARCHIVE_ABSENCE (run file absent),
ICON,fold_5,u10,2025-03-08,history,ARCHIVE_ABSENCE (run file absent),
ICON,fold_5,u10,2025-03-09,history,ARCHIVE_ABSENCE (run file absent),
ICON,fold_5,u10,2025-03-10,history,ARCHIVE_ABSENCE (run file absent),
ICON,fold_5,u10,2025-03-11,history,ARCHIVE_ABSENCE (run file absent),
ICON,fold_5,u10,2025-03-12,history,ARCHIVE_ABSENCE (run file absent),
ICON,fold_5,u10,2025-03-13,history,ARCHIVE_ABSENCE (run file absent),
ICON,fold_5,u10,2025-03-14,history,ARCHIVE_ABSENCE (run file absent),
ICON,fold_5,u10,2025-03-15,history,ARCHIVE_ABSENCE (run file absent),
ICON,fold_5,u10,2025-03-16,history,ARCHIVE_ABSENCE (run file absent),
ICON,fold_5,u10,2025-03-17,history,ARCHIVE_ABSENCE (run file absent),
ICON,fold_5,u10,2025-03-18,history,ARCHIVE_ABSENCE (run file absent),
ICON,fold_5,u10,2025-03-19,history,ARCHIVE_ABSENCE (run file absent),
ICON,fold_5,u10,2025-03-20,history,ARCHIVE_ABSENCE (run file absent),
ICON,fold_5,u10,2025-03-21,history,ARCHIVE_ABSENCE (run file absent),
ICON,fold_5,u10,2025-03-22,history,ARCHIVE_ABSENCE (run file absent),
ICON,fold_5,u10,2025-03-23,history,ARCHIVE_ABSENCE (run file absent),
ICON,fold_5,u10,2025-03-24,history,ARCHIVE_ABSENCE (run file absent),
ICON,fold_5,u10,2025-03-25,history,ARCHIVE_ABSENCE (run file absent),
ICON,fold_5,u10,2025-03-26,history,ARCHIVE_ABSENCE (run file absent),
ICON,fold_5,u10,2025-03-27,history,ARCHIVE_ABSENCE (run file absent),
ICON,fold_5,u10,2025-03-28,history,ARCHIVE_ABSENCE (run file absent),
ICON,fold_5,u10,2025-03-29,history,ARCHIVE_ABSENCE (run file absent),
ICON,fold_5,u10,2025-03-30,history,ARCHIVE_ABSENCE (run file absent),
ICON,fold_5,u10,2025-03-31,history,ARCHIVE_ABSENCE (run file absent),
ICON,fold_5,u10,2025-04-01,history,ARCHIVE_ABSENCE (run file absent),
ICON,fold_5,u10,2025-04-02,history,ARCHIVE_ABSENCE (run file absent),
ICON,fold_5,u10,2025-04-03,history,ARCHIVE_ABSENCE (run file absent),
ICON,fold_5,u10,2025-08-10,history,ARCHIVE_ABSENCE (outside archive span 2020-01-01..2025-08-09),
ICON,fold_5,u10,2025-08-11,history,ARCHIVE_ABSENCE (outside archive span 2020-01-01..2025-08-09),
ICON,fold_5,u10,2025-08-12,history,ARCHIVE_ABSENCE (outside archive span 2020-01-01..2025-08-09),
ICON,fold_5,u10,2025-08-13,history,ARCHIVE_ABSENCE (outside archive span 2020-01-01..2025-08-09),
ICON,fold_5,u10,2025-08-14,history,ARCHIVE_ABSENCE (outside archive span 2020-01-01..2025-08-09),
ICON,fold_5,u10,2025-08-15,history,ARCHIVE_ABSENCE (outside archive span 2020-01-01..2025-08-09),
ICON,fold_5,u10,2025-08-16,history,ARCHIVE_ABSENCE (outside archive span 2020-01-01..2025-08-09),
ICON,fold_5,u10,2025-08-17,history,ARCHIVE_ABSENCE (outside archive span 2020-01-01..2025-08-09),
ICON,fold_5,u10,2025-08-18,history,ARCHIVE_ABSENCE (outside archive span 2020-01-01..2025-08-09),
ICON,fold_5,u10,2025-08-19,history,ARCHIVE_ABSENCE (outside archive span 2020-01-01..2025-08-09),
ICON,fold_5,u10,2025-08-20,history,ARCHIVE_ABSENCE (outside archive span 2020-01-01..2025-08-09),
ICON,fold_5,u10,2025-08-21,history,ARCHIVE_ABSENCE (outside archive span 2020-01-01..2025-08-09),
ICON,fold_5,u10,2025-08-22,history,ARCHIVE_ABSENCE (outside archive span 2020-01-01..2025-08-09),
ICON,fold_5,u10,2025-08-23,history,ARCHIVE_ABSENCE (outside archive span 2020-01-01..2025-08-09),
ICON,fold_5,u10,2025-08-24,history,ARCHIVE_ABSENCE (outside archive span 2020-01-01..2025-08-09),
ICON,fold_5,u10,2025-08-25,history,ARCHIVE_ABSENCE (outside archive span 2020-01-01..2025-08-09),
ICON,fold_5,u10,2025-08-26,history,ARCHIVE_ABSENCE (outside archive span 2020-01-01..2025-08-09),
ICON,fold_5,u10,2025-08-27,history,ARCHIVE_ABSENCE (outside archive span 2020-01-01..2025-08-09),
ICON,fold_5,u10,2025-08-28,history,ARCHIVE_ABSENCE (outside archive span 2020-01-01..2025-08-09),
ICON,fold_5,u10,2025-08-29,history,ARCHIVE_ABSENCE (outside archive span 2020-01-01..2025-08-09),
ICON,fold_5,u10,2025-08-30,history,ARCHIVE_ABSENCE (outside archive span 2020-01-01..2025-08-09),
ICON,fold_5,u10,2025-08-31,history,ARCHIVE_ABSENCE (outside archive span 2020-01-01..2025-08-09),
ICON,fold_5,u10,2025-09-01,history,ARCHIVE_ABSENCE (outside archive span 2020-01-01..2025-08-09),
ICON,fold_5,u10,2025-09-02,history,ARCHIVE_ABSENCE (outside archive span 2020-01-01..2025-08-09),
ICON,fold_5,u10,2025-09-03,history,ARCHIVE_ABSENCE (outside archive span 2020-01-01..2025-08-09),
ICON,fold_5,u10,2025-09-04,history,ARCHIVE_ABSENCE (outside archive span 2020-01-01..2025-08-09),
ICON,fold_5,u10,2025-09-05,history,ARCHIVE_ABSENCE (outside archive span 2020-01-01..2025-08-09),
ICON,fold_5,u10,2025-09-06,history,ARCHIVE_ABSENCE (outside archive span 2020-01-01..2025-08-09),
ICON,fold_5,u10,2025-09-07,history,ARCHIVE_ABSENCE (outside archive span 2020-01-01..2025-08-09),
ICON,fold_5,u10,2025-09-08,history,ARCHIVE_ABSENCE (outside archive span 2020-01-01..2025-08-09),
ICON,fold_5,u10,2025-09-09,history,ARCHIVE_ABSENCE (outside archive span 2020-01-01..2025-08-09),
ICON,fold_5,u10,2025-09-10,history,ARCHIVE_ABSENCE (outside archive span 2020-01-01..2025-08-09),
ICON,fold_5,u10,2025-09-11,history,ARCHIVE_ABSENCE (outside archive span 2020-01-01..2025-08-09),
ICON,fold_5,u10,2025-09-12,history,ARCHIVE_ABSENCE (outside archive span 2020-01-01..2025-08-09),
ICON,fold_5,u10,2025-09-13,history,ARCHIVE_ABSENCE (outside archive span 2020-01-01..2025-08-09),
ICON,fold_5,u10,2025-09-14,history,ARCHIVE_ABSENCE (outside archive span 2020-01-01..2025-08-09),
ICON,fold_5,u10,2025-09-15,history,ARCHIVE_ABSENCE (outside archive span 2020-01-01..2025-08-09),
ICON,fold_5,u10,2025-09-16,history,ARCHIVE_ABSENCE (outside archive span 2020-01-01..2025-08-09),
ICON,fold_5,u10,2025-09-17,history,ARCHIVE_ABSENCE (outside archive span 2020-01-01..2025-08-09),
ICON,fold_5,u10,2025-09-18,history,ARCHIVE_ABSENCE (outside archive span 2020-01-01..2025-08-09),
ICON,fold_5,u10,2025-09-19,history,ARCHIVE_ABSENCE (outside archive span 2020-01-01..2025-08-09),
ICON,fold_5,u10,2025-09-20,history,ARCHIVE_ABSENCE (outside archive span 2020-01-01..2025-08-09),
ICON,fold_5,u10,2025-09-21,history,ARCHIVE_ABSENCE (outside archive span 2020-01-01..2025-08-09),
ICON,fold_5,u10,2025-09-22,history,ARCHIVE_ABSENCE (outside archive span 2020-01-01..2025-08-09),
ICON,fold_5,u10,2025-09-23,history,ARCHIVE_ABSENCE (outside archive span 2020-01-01..2025-08-09),
ICON,fold_5,u10,2025-09-24,history,ARCHIVE_ABSENCE (outside archive span 2020-01-01..2025-08-09),
ICON,fold_5,u10,2025-09-25,history,ARCHIVE_ABSENCE (outside archive span 2020-01-01..2025-08-09),
ICON,fold_5,u10,2025-09-26,history,ARCHIVE_ABSENCE (outside archive span 2020-01-01..2025-08-09),
ICON,fold_5,u10,2025-09-27,history,ARCHIVE_ABSENCE (outside archive span 2020-01-01..2025-08-09),
ICON,fold_5,u10,2025-09-28,history,ARCHIVE_ABSENCE (outside archive span 2020-01-01..2025-08-09),
ICON,fold_5,u10,2025-09-29,history,ARCHIVE_ABSENCE (outside archive span 2020-01-01..2025-08-09),
ICON,fold_5,u10,2025-09-30,history,ARCHIVE_ABSENCE (outside archive span 2020-01-01..2025-08-09),
ICON,fold_5,u10,2025-10-01,history,ARCHIVE_ABSENCE (outside archive span 2020-01-01..2025-08-09),
ICON,fold_5,u10,2025-10-02,history,ARCHIVE_ABSENCE (outside archive span 2020-01-01..2025-08-09),
ICON,fold_5,u10,2025-10-03,history,ARCHIVE_ABSENCE (outside archive span 2020-01-01..2025-08-09),
ICON,fold_5,u10,2025-10-04,history,ARCHIVE_ABSENCE (outside archive span 2020-01-01..2025-08-09),
ICON,fold_5,u10,2025-10-05,history,ARCHIVE_ABSENCE (outside archive span 2020-01-01..2025-08-09),
ICON,fold_5,u10,2025-10-06,history,ARCHIVE_ABSENCE (outside archive span 2020-01-01..2025-08-09),
ICON,fold_5,u10,2025-10-07,history,ARCHIVE_ABSENCE (outside archive span 2020-01-01..2025-08-09),
ICON,fold_5,u10,2025-10-08,history,ARCHIVE_ABSENCE (outside archive span 2020-01-01..2025-08-09),
ICON,fold_5,u10,2025-10-09,history,ARCHIVE_ABSENCE (outside archive span 2020-01-01..2025-08-09),
ICON,fold_5,u10,2025-10-10,history,ARCHIVE_ABSENCE (outside archive span 2020-01-01..2025-08-09),
ICON,fold_5,u10,2025-10-11,history,ARCHIVE_ABSENCE (outside archive span 2020-01-01..2025-08-09),
ICON,fold_5,u10,2025-10-12,history,ARCHIVE_ABSENCE (outside archive span 2020-01-01..2025-08-09),
ICON,fold_5,u10,2025-10-13,history,ARCHIVE_ABSENCE (outside archive span 2020-01-01..2025-08-09),
ICON,fold_5,u10,2025-10-14,history,ARCHIVE_ABSENCE (outside archive span 2020-01-01..2025-08-09),
ICON,fold_5,u10,2025-10-15,history,ARCHIVE_ABSENCE (outside archive span 2020-01-01..2025-08-09),
ICON,fold_5,u10,2025-10-16,history,ARCHIVE_ABSENCE (outside archive span 2020-01-01..2025-08-09),
ICON,fold_5,u10,2025-10-17,history,ARCHIVE_ABSENCE (outside archive span 2020-01-01..2025-08-09),
ICON,fold_5,u10,2025-10-18,history,ARCHIVE_ABSENCE (outside archive span 2020-01-01..2025-08-09),
ICON,fold_5,u10,2025-10-19,history,ARCHIVE_ABSENCE (outside archive span 2020-01-01..2025-08-09),
ICON,fold_5,u10,2025-10-20,history,ARCHIVE_ABSENCE (outside archive span 2020-01-01..2025-08-09),
ICON,fold_5,u10,2025-10-21,history,ARCHIVE_ABSENCE (outside archive span 2020-01-01..2025-08-09),
ICON,fold_5,u10,2025-10-22,history,ARCHIVE_ABSENCE (outside archive span 2020-01-01..2025-08-09),
ICON,fold_5,u10,2025-10-23,history,ARCHIVE_ABSENCE (outside archive span 2020-01-01..2025-08-09),
ICON,fold_5,u10,2025-10-24,history,ARCHIVE_ABSENCE (outside archive span 2020-01-01..2025-08-09),
ICON,fold_5,u10,2025-10-25,history,ARCHIVE_ABSENCE (outside archive span 2020-01-01..2025-08-09),
ICON,fold_5,u10,2025-10-26,history,ARCHIVE_ABSENCE (outside archive span 2020-01-01..2025-08-09),
ICON,fold_5,u10,2025-10-27,history,ARCHIVE_ABSENCE (outside archive span 2020-01-01..2025-08-09),
ICON,fold_5,u10,2025-10-28,history,ARCHIVE_ABSENCE (outside archive span 2020-01-01..2025-08-09),
ICON,fold_5,u10,2025-10-29,history,ARCHIVE_ABSENCE (outside archive span 2020-01-01..2025-08-09),
ICON,fold_5,u10,2025-10-30,history,ARCHIVE_ABSENCE (outside archive span 2020-01-01..2025-08-09),
ICON,fold_5,u10,2025-10-31,history,ARCHIVE_ABSENCE (outside archive span 2020-01-01..2025-08-09),
ICON,fold_5,u10,2025-11-01,history,ARCHIVE_ABSENCE (outside archive span 2020-01-01..2025-08-09),
ICON,fold_5,u10,2025-11-02,history,ARCHIVE_ABSENCE (outside archive span 2020-01-01..2025-08-09),
ICON,fold_5,u10,2025-11-03,history,ARCHIVE_ABSENCE (outside archive span 2020-01-01..2025-08-09),
ICON,fold_5,u10,2025-11-04,history,ARCHIVE_ABSENCE (outside archive span 2020-01-01..2025-08-09),
ICON,fold_5,u10,2025-11-05,history,ARCHIVE_ABSENCE (outside archive span 2020-01-01..2025-08-09),
ICON,fold_5,u10,2025-11-06,history,ARCHIVE_ABSENCE (outside archive span 2020-01-01..2025-08-09),
ICON,fold_5,u10,2025-11-07,history,ARCHIVE_ABSENCE (outside archive span 2020-01-01..2025-08-09),
ICON,fold_5,u10,2025-11-08,history,ARCHIVE_ABSENCE (outside archive span 2020-01-01..2025-08-09),
ICON,fold_5,u10,2025-11-09,history,ARCHIVE_ABSENCE (outside archive span 2020-01-01..2025-08-09),
ICON,fold_5,u10,2025-11-10,history,ARCHIVE_ABSENCE (outside archive span 2020-01-01..2025-08-09),
ICON,fold_5,u10,2025-11-11,history,ARCHIVE_ABSENCE (outside archive span 2020-01-01..2025-08-09),
ICON,fold_5,u10,2025-11-12,history,ARCHIVE_ABSENCE (outside archive span 2020-01-01..2025-08-09),
ICON,fold_5,u10,2025-11-13,history,ARCHIVE_ABSENCE (outside archive span 2020-01-01..2025-08-09),
ICON,fold_5,u10,2025-11-14,history,ARCHIVE_ABSENCE (outside archive span 2020-01-01..2025-08-09),
ICON,fold_5,u10,2025-11-15,history,ARCHIVE_ABSENCE (outside archive span 2020-01-01..2025-08-09),
ICON,fold_5,u10,2025-11-16,history,ARCHIVE_ABSENCE (outside archive span 2020-01-01..2025-08-09),
ICON,fold_5,u10,2025-11-17,history,ARCHIVE_ABSENCE (outside archive span 2020-01-01..2025-08-09),
ICON,fold_5,u10,2025-11-18,history,ARCHIVE_ABSENCE (outside archive span 2020-01-01..2025-08-09),
ICON,fold_5,u10,2025-11-19,history,ARCHIVE_ABSENCE (outside archive span 2020-01-01..2025-08-09),
ICON,fold_5,u10,2025-11-20,history,ARCHIVE_ABSENCE (outside archive span 2020-01-01..2025-08-09),
ICON,fold_5,u10,2025-11-21,history,ARCHIVE_ABSENCE (outside archive span 2020-01-01..2025-08-09),
ICON,fold_5,u10,2025-11-22,history,ARCHIVE_ABSENCE (outside archive span 2020-01-01..2025-08-09),
ICON,fold_5,u10,2025-11-23,history,ARCHIVE_ABSENCE (outside archive span 2020-01-01..2025-08-09),
ICON,fold_5,u10,2025-11-24,history,ARCHIVE_ABSENCE (outside archive span 2020-01-01..2025-08-09),
ICON,fold_5,u10,2025-11-25,history,ARCHIVE_ABSENCE (outside archive span 2020-01-01..2025-08-09),
ICON,fold_5,u10,2025-11-26,history,ARCHIVE_ABSENCE (outside archive span 2020-01-01..2025-08-09),
ICON,fold_5,u10,2025-11-27,history,ARCHIVE_ABSENCE (outside archive span 2020-01-01..2025-08-09),
ICON,fold_5,u10,2025-11-28,history,ARCHIVE_ABSENCE (outside archive span 2020-01-01..2025-08-09),
ICON,fold_5,u10,2025-11-29,history,ARCHIVE_ABSENCE (outside archive span 2020-01-01..2025-08-09),
ICON,fold_5,u10,2025-11-30,history,ARCHIVE_ABSENCE (outside archive span 2020-01-01..2025-08-09),
ICON,fold_5,u10,2025-12-01,history,ARCHIVE_ABSENCE (outside archive span 2020-01-01..2025-08-09),
ICON,fold_5,u10,2025-12-02,history,ARCHIVE_ABSENCE (outside archive span 2020-01-01..2025-08-09),
ICON,fold_5,u10,2025-12-03,history,ARCHIVE_ABSENCE (outside archive span 2020-01-01..2025-08-09),
ICON,fold_5,u10,2025-12-04,history,ARCHIVE_ABSENCE (outside archive span 2020-01-01..2025-08-09),
ICON,fold_5,u10,2025-12-05,history,ARCHIVE_ABSENCE (outside archive span 2020-01-01..2025-08-09),
ICON,fold_5,u10,2025-12-06,history,ARCHIVE_ABSENCE (outside archive span 2020-01-01..2025-08-09),
ICON,fold_5,u10,2025-12-07,history,ARCHIVE_ABSENCE (outside archive span 2020-01-01..2025-08-09),
ICON,fold_5,u10,2025-12-08,history,ARCHIVE_ABSENCE (outside archive span 2020-01-01..2025-08-09),
ICON,fold_5,u10,2025-12-09,warmup,ARCHIVE_ABSENCE (outside archive span 2020-01-01..2025-08-09),
ICON,fold_5,u10,2025-12-10,warmup,ARCHIVE_ABSENCE (outside archive span 2020-01-01..2025-08-09),
ICON,fold_5,u10,2025-12-11,warmup,ARCHIVE_ABSENCE (outside archive span 2020-01-01..2025-08-09),
ICON,fold_5,u10,2025-12-12,warmup,ARCHIVE_ABSENCE (outside archive span 2020-01-01..2025-08-09),
ICON,fold_5,u10,2025-12-13,warmup,ARCHIVE_ABSENCE (outside archive span 2020-01-01..2025-08-09),
ICON,fold_5,u10,2025-12-14,warmup,ARCHIVE_ABSENCE (outside archive span 2020-01-01..2025-08-09),
ICON,fold_5,u10,2025-12-15,warmup,ARCHIVE_ABSENCE (outside archive span 2020-01-01..2025-08-09),
ICON,fold_5,u10,2025-12-16,warmup,ARCHIVE_ABSENCE (outside archive span 2020-01-01..2025-08-09),
ICON,fold_5,u10,2025-12-17,warmup,ARCHIVE_ABSENCE (outside archive span 2020-01-01..2025-08-09),
ICON,fold_5,u10,2025-12-18,warmup,ARCHIVE_ABSENCE (outside archive span 2020-01-01..2025-08-09),
ICON,fold_5,u10,2025-12-19,warmup,ARCHIVE_ABSENCE (outside archive span 2020-01-01..2025-08-09),
ICON,fold_5,u10,2025-12-20,warmup,ARCHIVE_ABSENCE (outside archive span 2020-01-01..2025-08-09),
ICON,fold_5,u10,2025-12-21,warmup,ARCHIVE_ABSENCE (outside archive span 2020-01-01..2025-08-09),
ICON,fold_5,u10,2025-12-22,warmup,ARCHIVE_ABSENCE (outside archive span 2020-01-01..2025-08-09),
ICON,fold_5,u10,2025-12-23,warmup,ARCHIVE_ABSENCE (outside archive span 2020-01-01..2025-08-09),
ICON,fold_5,u10,2025-12-24,warmup,ARCHIVE_ABSENCE (outside archive span 2020-01-01..2025-08-09),
ICON,fold_5,u10,2025-12-25,warmup,ARCHIVE_ABSENCE (outside archive span 2020-01-01..2025-08-09),
ICON,fold_5,u10,2025-12-26,warmup,ARCHIVE_ABSENCE (outside archive span 2020-01-01..2025-08-09),
ICON,fold_5,u10,2025-12-27,warmup,ARCHIVE_ABSENCE (outside archive span 2020-01-01..2025-08-09),
ICON,fold_5,u10,2025-12-28,warmup,ARCHIVE_ABSENCE (outside archive span 2020-01-01..2025-08-09),
ICON,fold_5,u10,2025-12-29,warmup,ARCHIVE_ABSENCE (outside archive span 2020-01-01..2025-08-09),
ICON,fold_5,u10,2025-12-30,warmup,ARCHIVE_ABSENCE (outside archive span 2020-01-01..2025-08-09),
ICON,fold_5,u10,2025-12-31,warmup,ARCHIVE_ABSENCE (outside archive span 2020-01-01..2025-08-09),
ICON,fold_5,u10,2026-01-01,warmup,ARCHIVE_ABSENCE (outside archive span 2020-01-01..2025-08-09),
ICON,fold_5,u10,2026-01-02,warmup,ARCHIVE_ABSENCE (outside archive span 2020-01-01..2025-08-09),
ICON,fold_5,u10,2026-01-03,warmup,ARCHIVE_ABSENCE (outside archive span 2020-01-01..2025-08-09),
ICON,fold_5,u10,2026-01-04,warmup,ARCHIVE_ABSENCE (outside archive span 2020-01-01..2025-08-09),
ICON,fold_5,u10,2026-01-05,warmup,ARCHIVE_ABSENCE (outside archive span 2020-01-01..2025-08-09),
ICON,fold_5,u10,2026-01-06,warmup,ARCHIVE_ABSENCE (outside archive span 2020-01-01..2025-08-09),
ICON,fold_5,u10,2026-01-07,evaluation,ARCHIVE_ABSENCE (outside archive span 2020-01-01..2025-08-09),
ICON,fold_5,u10,2026-01-08,evaluation,ARCHIVE_ABSENCE (outside archive span 2020-01-01..2025-08-09),
ICON,fold_5,u10,2026-01-09,evaluation,ARCHIVE_ABSENCE (outside archive span 2020-01-01..2025-08-09),
ICON,fold_5,u10,2026-01-10,evaluation,ARCHIVE_ABSENCE (outside archive span 2020-01-01..2025-08-09),
ICON,fold_5,u10,2026-01-11,evaluation,ARCHIVE_ABSENCE (outside archive span 2020-01-01..2025-08-09),
ICON,fold_5,u10,2026-01-12,evaluation,ARCHIVE_ABSENCE (outside archive span 2020-01-01..2025-08-09),
ICON,fold_5,u10,2026-01-13,evaluation,ARCHIVE_ABSENCE (outside archive span 2020-01-01..2025-08-09),
ICON,fold_5,u10,2026-01-14,evaluation,ARCHIVE_ABSENCE (outside archive span 2020-01-01..2025-08-09),
ICON,fold_5,u10,2026-01-15,evaluation,ARCHIVE_ABSENCE (outside archive span 2020-01-01..2025-08-09),
ICON,fold_5,u10,2026-01-16,evaluation,ARCHIVE_ABSENCE (outside archive span 2020-01-01..2025-08-09),
ICON,fold_5,u10,2026-01-17,evaluation,ARCHIVE_ABSENCE (outside archive span 2020-01-01..2025-08-09),
ICON,fold_5,u10,2026-01-18,evaluation,ARCHIVE_ABSENCE (outside archive span 2020-01-01..2025-08-09),
ICON,fold_5,u10,2026-01-19,evaluation,ARCHIVE_ABSENCE (outside archive span 2020-01-01..2025-08-09),
ICON,fold_5,u10,2026-01-20,evaluation,ARCHIVE_ABSENCE (outside archive span 2020-01-01..2025-08-09),
ICON,fold_5,u10,2026-01-21,evaluation,ARCHIVE_ABSENCE (outside archive span 2020-01-01..2025-08-09),
ICON,fold_5,u10,2026-01-22,evaluation,ARCHIVE_ABSENCE (outside archive span 2020-01-01..2025-08-09),
ICON,fold_5,u10,2026-01-23,evaluation,ARCHIVE_ABSENCE (outside archive span 2020-01-01..2025-08-09),
ICON,fold_5,u10,2026-01-24,evaluation,ARCHIVE_ABSENCE (outside archive span 2020-01-01..2025-08-09),
ICON,fold_5,u10,2026-01-25,evaluation,ARCHIVE_ABSENCE (outside archive span 2020-01-01..2025-08-09),
ICON,fold_5,u10,2026-01-26,evaluation,ARCHIVE_ABSENCE (outside archive span 2020-01-01..2025-08-09),
ICON,fold_5,u10,2026-01-27,evaluation,ARCHIVE_ABSENCE (outside archive span 2020-01-01..2025-08-09),
ICON,fold_5,u10,2026-01-28,evaluation,ARCHIVE_ABSENCE (outside archive span 2020-01-01..2025-08-09),
ICON,fold_5,u10,2026-01-29,evaluation,ARCHIVE_ABSENCE (outside archive span 2020-01-01..2025-08-09),
ICON,fold_5,u10,2026-01-30,evaluation,ARCHIVE_ABSENCE (outside archive span 2020-01-01..2025-08-09),
ICON,fold_5,u10,2026-01-31,evaluation,ARCHIVE_ABSENCE (outside archive span 2020-01-01..2025-08-09),
ICON,fold_5,u10,2026-02-01,evaluation,ARCHIVE_ABSENCE (outside archive span 2020-01-01..2025-08-09),
ICON,fold_5,u10,2026-02-02,evaluation,ARCHIVE_ABSENCE (outside archive span 2020-01-01..2025-08-09),
ICON,fold_5,u10,2026-02-03,evaluation,ARCHIVE_ABSENCE (outside archive span 2020-01-01..2025-08-09),
ICON,fold_5,u10,2026-02-04,evaluation,ARCHIVE_ABSENCE (outside archive span 2020-01-01..2025-08-09),
ICON,fold_5,u10,2026-02-05,evaluation,ARCHIVE_ABSENCE (outside archive span 2020-01-01..2025-08-09),
ICON,fold_5,u10,2026-02-06,evaluation,ARCHIVE_ABSENCE (outside archive span 2020-01-01..2025-08-09),
ICON,fold_5,u10,2026-02-07,evaluation,ARCHIVE_ABSENCE (outside archive span 2020-01-01..2025-08-09),
ICON,fold_5,u10,2026-02-08,evaluation,ARCHIVE_ABSENCE (outside archive span 2020-01-01..2025-08-09),
ICON,fold_5,u10,2026-02-09,evaluation,ARCHIVE_ABSENCE (outside archive span 2020-01-01..2025-08-09),
ICON,fold_5,u10,2026-02-10,evaluation,ARCHIVE_ABSENCE (outside archive span 2020-01-01..2025-08-09),
ICON,fold_5,u10,2026-02-11,evaluation,ARCHIVE_ABSENCE (outside archive span 2020-01-01..2025-08-09),
ICON,fold_5,u10,2026-02-12,evaluation,ARCHIVE_ABSENCE (outside archive span 2020-01-01..2025-08-09),
ICON,fold_5,u10,2026-02-13,evaluation,ARCHIVE_ABSENCE (outside archive span 2020-01-01..2025-08-09),
ICON,fold_5,u10,2026-02-14,evaluation,ARCHIVE_ABSENCE (outside archive span 2020-01-01..2025-08-09),
ICON,fold_5,u10,2026-02-15,evaluation,ARCHIVE_ABSENCE (outside archive span 2020-01-01..2025-08-09),
ICON,fold_5,u10,2026-02-16,evaluation,ARCHIVE_ABSENCE (outside archive span 2020-01-01..2025-08-09),
ICON,fold_5,u10,2026-02-17,evaluation,ARCHIVE_ABSENCE (outside archive span 2020-01-01..2025-08-09),
ICON,fold_5,u10,2026-02-18,evaluation,ARCHIVE_ABSENCE (outside archive span 2020-01-01..2025-08-09),
ICON,fold_5,u10,2026-02-19,evaluation,ARCHIVE_ABSENCE (outside archive span 2020-01-01..2025-08-09),
ICON,fold_5,u10,2026-02-20,evaluation,ARCHIVE_ABSENCE (outside archive span 2020-01-01..2025-08-09),
ICON,fold_5,u10,2026-02-21,evaluation,ARCHIVE_ABSENCE (outside archive span 2020-01-01..2025-08-09),
ICON,fold_5,u10,2026-02-22,evaluation,ARCHIVE_ABSENCE (outside archive span 2020-01-01..2025-08-09),
ICON,fold_5,u10,2026-02-23,evaluation,ARCHIVE_ABSENCE (outside archive span 2020-01-01..2025-08-09),
ICON,fold_5,u10,2026-02-24,evaluation,ARCHIVE_ABSENCE (outside archive span 2020-01-01..2025-08-09),
ICON,fold_5,u10,2026-02-25,evaluation,ARCHIVE_ABSENCE (outside archive span 2020-01-01..2025-08-09),
ICON,fold_5,u10,2026-02-26,evaluation,ARCHIVE_ABSENCE (outside archive span 2020-01-01..2025-08-09),
ICON,fold_5,u10,2026-02-27,evaluation,ARCHIVE_ABSENCE (outside archive span 2020-01-01..2025-08-09),
ICON,fold_5,u10,2026-02-28,evaluation,ARCHIVE_ABSENCE (outside archive span 2020-01-01..2025-08-09),
ICON,fold_5,u10,2026-03-01,evaluation,ARCHIVE_ABSENCE (outside archive span 2020-01-01..2025-08-09),
ICON,fold_5,u10,2026-03-02,evaluation,ARCHIVE_ABSENCE (outside archive span 2020-01-01..2025-08-09),
ICON,fold_5,u10,2026-03-03,evaluation,ARCHIVE_ABSENCE (outside archive span 2020-01-01..2025-08-09),
ICON,fold_5,u10,2026-03-04,evaluation,ARCHIVE_ABSENCE (outside archive span 2020-01-01..2025-08-09),
ICON,fold_5,u10,2026-03-05,evaluation,ARCHIVE_ABSENCE (outside archive span 2020-01-01..2025-08-09),
ICON,fold_5,u10,2026-03-06,evaluation,ARCHIVE_ABSENCE (outside archive span 2020-01-01..2025-08-09),
ICON,fold_5,u10,2026-03-07,evaluation,ARCHIVE_ABSENCE (outside archive span 2020-01-01..2025-08-09),
ICON,fold_5,u10,2026-03-08,evaluation,ARCHIVE_ABSENCE (outside archive span 2020-01-01..2025-08-09),
ICON,fold_5,u10,2026-03-09,evaluation,ARCHIVE_ABSENCE (outside archive span 2020-01-01..2025-08-09),
ICON,fold_5,u10,2026-03-10,evaluation,ARCHIVE_ABSENCE (outside archive span 2020-01-01..2025-08-09),
ICON,fold_5,u10,2026-03-11,evaluation,ARCHIVE_ABSENCE (outside archive span 2020-01-01..2025-08-09),
ICON,fold_5,u10,2026-03-12,evaluation,ARCHIVE_ABSENCE (outside archive span 2020-01-01..2025-08-09),
ICON,fold_5,u10,2026-03-13,evaluation,ARCHIVE_ABSENCE (outside archive span 2020-01-01..2025-08-09),
ICON,fold_5,u10,2026-03-14,evaluation,ARCHIVE_ABSENCE (outside archive span 2020-01-01..2025-08-09),
ICON,fold_5,u10,2026-03-15,evaluation,ARCHIVE_ABSENCE (outside archive span 2020-01-01..2025-08-09),
ICON,fold_5,u10,2026-03-16,evaluation,ARCHIVE_ABSENCE (outside archive span 2020-01-01..2025-08-09),
ICON,fold_5,u10,2026-03-17,evaluation,ARCHIVE_ABSENCE (outside archive span 2020-01-01..2025-08-09),
ICON,fold_5,u10,2026-03-18,evaluation,ARCHIVE_ABSENCE (outside archive span 2020-01-01..2025-08-09),
ICON,fold_5,u10,2026-03-19,evaluation,ARCHIVE_ABSENCE (outside archive span 2020-01-01..2025-08-09),
ICON,fold_5,u10,2026-03-20,evaluation,ARCHIVE_ABSENCE (outside archive span 2020-01-01..2025-08-09),
ICON,fold_5,u10,2026-03-21,evaluation,ARCHIVE_ABSENCE (outside archive span 2020-01-01..2025-08-09),
ICON,fold_5,u10,2026-03-22,evaluation,ARCHIVE_ABSENCE (outside archive span 2020-01-01..2025-08-09),
ICON,fold_5,u10,2026-03-23,evaluation,ARCHIVE_ABSENCE (outside archive span 2020-01-01..2025-08-09),
ICON,fold_5,u10,2026-03-24,evaluation,ARCHIVE_ABSENCE (outside archive span 2020-01-01..2025-08-09),
ICON,fold_5,u10,2026-03-25,evaluation,ARCHIVE_ABSENCE (outside archive span 2020-01-01..2025-08-09),
ICON,fold_5,u10,2026-03-26,evaluation,ARCHIVE_ABSENCE (outside archive span 2020-01-01..2025-08-09),
ICON,fold_5,u10,2026-03-27,evaluation,ARCHIVE_ABSENCE (outside archive span 2020-01-01..2025-08-09),
ICON,fold_5,u10,2026-03-28,evaluation,ARCHIVE_ABSENCE (outside archive span 2020-01-01..2025-08-09),
ICON,fold_5,u10,2026-03-29,evaluation,ARCHIVE_ABSENCE (outside archive span 2020-01-01..2025-08-09),
ICON,fold_5,u10,2026-03-30,evaluation,ARCHIVE_ABSENCE (outside archive span 2020-01-01..2025-08-09),
ICON,fold_5,u10,2026-03-31,evaluation,ARCHIVE_ABSENCE (outside archive span 2020-01-01..2025-08-09),
ICON,fold_5,u10,2026-04-01,evaluation,ARCHIVE_ABSENCE (outside archive span 2020-01-01..2025-08-09),
ICON,fold_5,u10,2026-04-02,evaluation,ARCHIVE_ABSENCE (outside archive span 2020-01-01..2025-08-09),
ICON,fold_5,u10,2026-04-03,evaluation,ARCHIVE_ABSENCE (outside archive span 2020-01-01..2025-08-09),
ICON,fold_5,u10,2026-04-04,evaluation,ARCHIVE_ABSENCE (outside archive span 2020-01-01..2025-08-09),
ICON,fold_5,u10,2026-04-05,evaluation,ARCHIVE_ABSENCE (outside archive span 2020-01-01..2025-08-09),
ICON,fold_5,u10,2026-04-06,evaluation,ARCHIVE_ABSENCE (outside archive span 2020-01-01..2025-08-09),
ICON,fold_5,v10,2023-12-26,history,ARCHIVE_ABSENCE (run file absent),
ICON,fold_5,v10,2024-01-04,history,ARCHIVE_ABSENCE (run file absent),
ICON,fold_5,v10,2024-01-25,history,ARCHIVE_ABSENCE (run file absent),
ICON,fold_5,v10,2024-01-27,history,ARCHIVE_ABSENCE (run file absent),
ICON,fold_5,v10,2024-01-28,history,ARCHIVE_ABSENCE (run file absent),
ICON,fold_5,v10,2024-01-29,history,ARCHIVE_ABSENCE (run file absent),
ICON,fold_5,v10,2024-02-06,history,ARCHIVE_ABSENCE (run file absent),
ICON,fold_5,v10,2024-02-18,history,ARCHIVE_ABSENCE (run file absent),
ICON,fold_5,v10,2024-03-14,history,"ARCHIVE_DEFECT (stub file 245689 bytes, not a readable zip)",
ICON,fold_5,v10,2024-03-15,history,"ARCHIVE_DEFECT (stub file 245689 bytes, not a readable zip)",
ICON,fold_5,v10,2024-03-16,history,ARCHIVE_ABSENCE (run file absent),
ICON,fold_5,v10,2024-03-17,history,ARCHIVE_ABSENCE (run file absent),
ICON,fold_5,v10,2024-03-18,history,"ARCHIVE_DEFECT (stub file 241885 bytes, not a readable zip)",
ICON,fold_5,v10,2024-03-19,history,ARCHIVE_ABSENCE (run file absent),
ICON,fold_5,v10,2024-03-20,history,"ARCHIVE_DEFECT (stub file 245689 bytes, not a readable zip)",
ICON,fold_5,v10,2024-03-21,history,ARCHIVE_ABSENCE (run file absent),
ICON,fold_5,v10,2024-03-22,history,ARCHIVE_ABSENCE (run file absent),
ICON,fold_5,v10,2024-03-23,history,ARCHIVE_ABSENCE (run file absent),
ICON,fold_5,v10,2024-03-24,history,"ARCHIVE_DEFECT (stub file 241969 bytes, not a readable zip)",
ICON,fold_5,v10,2024-03-25,history,ARCHIVE_ABSENCE (run file absent),
ICON,fold_5,v10,2024-03-26,history,ARCHIVE_ABSENCE (run file absent),
ICON,fold_5,v10,2024-03-27,history,"ARCHIVE_DEFECT (stub file 245689 bytes, not a readable zip)",
ICON,fold_5,v10,2024-03-28,history,ARCHIVE_ABSENCE (run file absent),
ICON,fold_5,v10,2024-03-29,history,"ARCHIVE_DEFECT (stub file 245689 bytes, not a readable zip)",
ICON,fold_5,v10,2024-03-30,history,ARCHIVE_ABSENCE (run file absent),
ICON,fold_5,v10,2024-03-31,history,ARCHIVE_ABSENCE (run file absent),
ICON,fold_5,v10,2024-04-01,history,ARCHIVE_ABSENCE (run file absent),
ICON,fold_5,v10,2024-04-02,history,ARCHIVE_ABSENCE (run file absent),
ICON,fold_5,v10,2024-04-03,history,ARCHIVE_ABSENCE (run file absent),
ICON,fold_5,v10,2024-04-04,history,ARCHIVE_ABSENCE (run file absent),
ICON,fold_5,v10,2024-04-06,history,ARCHIVE_ABSENCE (run file absent),
ICON,fold_5,v10,2024-04-07,history,ARCHIVE_ABSENCE (run file absent),
ICON,fold_5,v10,2024-04-09,history,ARCHIVE_ABSENCE (run file absent),
ICON,fold_5,v10,2024-04-10,history,ARCHIVE_ABSENCE (run file absent),
ICON,fold_5,v10,2024-04-11,history,ARCHIVE_ABSENCE (run file absent),
ICON,fold_5,v10,2024-04-12,history,ARCHIVE_ABSENCE (run file absent),
ICON,fold_5,v10,2024-04-13,history,ARCHIVE_ABSENCE (run file absent),
ICON,fold_5,v10,2024-04-14,history,ARCHIVE_ABSENCE (run file absent),
ICON,fold_5,v10,2024-04-15,history,ARCHIVE_ABSENCE (run file absent),
ICON,fold_5,v10,2024-04-16,history,ARCHIVE_ABSENCE (run file absent),
ICON,fold_5,v10,2024-04-17,history,ARCHIVE_ABSENCE (run file absent),
ICON,fold_5,v10,2024-04-18,history,ARCHIVE_ABSENCE (run file absent),
ICON,fold_5,v10,2024-04-19,history,ARCHIVE_ABSENCE (run file absent),
ICON,fold_5,v10,2024-04-20,history,ARCHIVE_ABSENCE (run file absent),
ICON,fold_5,v10,2024-04-21,history,ARCHIVE_ABSENCE (run file absent),
ICON,fold_5,v10,2024-04-22,history,ARCHIVE_ABSENCE (run file absent),
ICON,fold_5,v10,2024-04-23,history,ARCHIVE_ABSENCE (run file absent),
ICON,fold_5,v10,2024-04-24,history,ARCHIVE_ABSENCE (run file absent),
ICON,fold_5,v10,2024-04-25,history,ARCHIVE_ABSENCE (run file absent),
ICON,fold_5,v10,2024-04-26,history,ARCHIVE_ABSENCE (run file absent),
ICON,fold_5,v10,2024-04-27,history,ARCHIVE_ABSENCE (run file absent),
ICON,fold_5,v10,2024-04-28,history,ARCHIVE_ABSENCE (run file absent),
ICON,fold_5,v10,2024-04-29,history,ARCHIVE_ABSENCE (run file absent),
ICON,fold_5,v10,2024-04-30,history,ARCHIVE_ABSENCE (run file absent),
ICON,fold_5,v10,2024-05-01,history,ARCHIVE_ABSENCE (run file absent),
ICON,fold_5,v10,2024-05-02,history,ARCHIVE_ABSENCE (run file absent),
ICON,fold_5,v10,2024-05-03,history,ARCHIVE_ABSENCE (run file absent),
ICON,fold_5,v10,2024-05-04,history,ARCHIVE_ABSENCE (run file absent),
ICON,fold_5,v10,2024-05-05,history,ARCHIVE_ABSENCE (run file absent),
ICON,fold_5,v10,2024-05-06,history,ARCHIVE_ABSENCE (run file absent),
ICON,fold_5,v10,2024-05-07,history,ARCHIVE_ABSENCE (run file absent),
ICON,fold_5,v10,2024-05-08,history,ARCHIVE_ABSENCE (run file absent),
ICON,fold_5,v10,2024-05-09,history,ARCHIVE_ABSENCE (run file absent),
ICON,fold_5,v10,2024-05-10,history,ARCHIVE_ABSENCE (run file absent),
ICON,fold_5,v10,2024-05-11,history,ARCHIVE_ABSENCE (run file absent),
ICON,fold_5,v10,2024-05-12,history,ARCHIVE_ABSENCE (run file absent),
ICON,fold_5,v10,2024-05-13,history,ARCHIVE_ABSENCE (run file absent),
ICON,fold_5,v10,2024-05-14,history,ARCHIVE_ABSENCE (run file absent),
ICON,fold_5,v10,2024-05-15,history,ARCHIVE_ABSENCE (run file absent),
ICON,fold_5,v10,2024-05-16,history,ARCHIVE_ABSENCE (run file absent),
ICON,fold_5,v10,2024-05-17,history,ARCHIVE_ABSENCE (run file absent),
ICON,fold_5,v10,2024-05-18,history,ARCHIVE_ABSENCE (run file absent),
ICON,fold_5,v10,2024-05-19,history,ARCHIVE_ABSENCE (run file absent),
ICON,fold_5,v10,2024-05-20,history,ARCHIVE_ABSENCE (run file absent),
ICON,fold_5,v10,2024-05-21,history,ARCHIVE_ABSENCE (run file absent),
ICON,fold_5,v10,2024-05-22,history,ARCHIVE_ABSENCE (run file absent),
ICON,fold_5,v10,2024-05-23,history,ARCHIVE_ABSENCE (run file absent),
ICON,fold_5,v10,2024-05-24,history,ARCHIVE_ABSENCE (run file absent),
ICON,fold_5,v10,2024-05-25,history,ARCHIVE_ABSENCE (run file absent),
ICON,fold_5,v10,2024-05-26,history,ARCHIVE_ABSENCE (run file absent),
ICON,fold_5,v10,2024-05-27,history,ARCHIVE_ABSENCE (run file absent),
ICON,fold_5,v10,2024-05-28,history,ARCHIVE_ABSENCE (run file absent),
ICON,fold_5,v10,2024-05-29,history,ARCHIVE_ABSENCE (run file absent),
ICON,fold_5,v10,2024-05-30,history,ARCHIVE_ABSENCE (run file absent),
ICON,fold_5,v10,2024-05-31,history,ARCHIVE_ABSENCE (run file absent),
ICON,fold_5,v10,2024-06-01,history,ARCHIVE_ABSENCE (run file absent),
ICON,fold_5,v10,2024-06-02,history,ARCHIVE_ABSENCE (run file absent),
ICON,fold_5,v10,2024-06-03,history,ARCHIVE_ABSENCE (run file absent),
ICON,fold_5,v10,2024-06-04,history,ARCHIVE_ABSENCE (run file absent),
ICON,fold_5,v10,2025-01-25,history,ARCHIVE_ABSENCE (run file absent),
ICON,fold_5,v10,2025-01-26,history,ARCHIVE_ABSENCE (run file absent),
ICON,fold_5,v10,2025-01-27,history,ARCHIVE_ABSENCE (run file absent),
ICON,fold_5,v10,2025-01-28,history,ARCHIVE_ABSENCE (run file absent),
ICON,fold_5,v10,2025-01-29,history,ARCHIVE_ABSENCE (run file absent),
ICON,fold_5,v10,2025-01-30,history,ARCHIVE_ABSENCE (run file absent),
ICON,fold_5,v10,2025-01-31,history,ARCHIVE_ABSENCE (run file absent),
ICON,fold_5,v10,2025-02-01,history,ARCHIVE_ABSENCE (run file absent),
ICON,fold_5,v10,2025-02-02,history,ARCHIVE_ABSENCE (run file absent),
ICON,fold_5,v10,2025-02-03,history,ARCHIVE_ABSENCE (run file absent),
ICON,fold_5,v10,2025-02-04,history,ARCHIVE_ABSENCE (run file absent),
ICON,fold_5,v10,2025-02-05,history,ARCHIVE_ABSENCE (run file absent),
ICON,fold_5,v10,2025-02-06,history,ARCHIVE_ABSENCE (run file absent),
ICON,fold_5,v10,2025-02-07,history,ARCHIVE_ABSENCE (run file absent),
ICON,fold_5,v10,2025-02-08,history,ARCHIVE_ABSENCE (run file absent),
ICON,fold_5,v10,2025-02-09,history,ARCHIVE_ABSENCE (run file absent),
ICON,fold_5,v10,2025-02-10,history,ARCHIVE_ABSENCE (run file absent),
ICON,fold_5,v10,2025-02-11,history,ARCHIVE_ABSENCE (run file absent),
ICON,fold_5,v10,2025-02-12,history,ARCHIVE_ABSENCE (run file absent),
ICON,fold_5,v10,2025-02-13,history,ARCHIVE_ABSENCE (run file absent),
ICON,fold_5,v10,2025-02-14,history,ARCHIVE_ABSENCE (run file absent),
ICON,fold_5,v10,2025-02-15,history,ARCHIVE_ABSENCE (run file absent),
ICON,fold_5,v10,2025-02-16,history,ARCHIVE_ABSENCE (run file absent),
ICON,fold_5,v10,2025-02-17,history,ARCHIVE_ABSENCE (run file absent),
ICON,fold_5,v10,2025-02-18,history,ARCHIVE_ABSENCE (run file absent),
ICON,fold_5,v10,2025-02-19,history,ARCHIVE_ABSENCE (run file absent),
ICON,fold_5,v10,2025-02-20,history,ARCHIVE_ABSENCE (run file absent),
ICON,fold_5,v10,2025-02-21,history,ARCHIVE_ABSENCE (run file absent),
ICON,fold_5,v10,2025-02-22,history,ARCHIVE_ABSENCE (run file absent),
ICON,fold_5,v10,2025-02-23,history,ARCHIVE_ABSENCE (run file absent),
ICON,fold_5,v10,2025-02-24,history,ARCHIVE_ABSENCE (run file absent),
ICON,fold_5,v10,2025-02-25,history,ARCHIVE_ABSENCE (run file absent),
ICON,fold_5,v10,2025-02-26,history,ARCHIVE_ABSENCE (run file absent),
ICON,fold_5,v10,2025-02-27,history,ARCHIVE_ABSENCE (run file absent),
ICON,fold_5,v10,2025-02-28,history,ARCHIVE_ABSENCE (run file absent),
ICON,fold_5,v10,2025-03-01,history,ARCHIVE_ABSENCE (run file absent),
ICON,fold_5,v10,2025-03-02,history,ARCHIVE_ABSENCE (run file absent),
ICON,fold_5,v10,2025-03-03,history,ARCHIVE_ABSENCE (run file absent),
ICON,fold_5,v10,2025-03-04,history,ARCHIVE_ABSENCE (run file absent),
ICON,fold_5,v10,2025-03-05,history,ARCHIVE_ABSENCE (run file absent),
ICON,fold_5,v10,2025-03-06,history,ARCHIVE_ABSENCE (run file absent),
ICON,fold_5,v10,2025-03-08,history,ARCHIVE_ABSENCE (run file absent),
ICON,fold_5,v10,2025-03-09,history,ARCHIVE_ABSENCE (run file absent),
ICON,fold_5,v10,2025-03-10,history,ARCHIVE_ABSENCE (run file absent),
ICON,fold_5,v10,2025-03-11,history,ARCHIVE_ABSENCE (run file absent),
ICON,fold_5,v10,2025-03-12,history,ARCHIVE_ABSENCE (run file absent),
ICON,fold_5,v10,2025-03-13,history,ARCHIVE_ABSENCE (run file absent),
ICON,fold_5,v10,2025-03-14,history,ARCHIVE_ABSENCE (run file absent),
ICON,fold_5,v10,2025-03-15,history,ARCHIVE_ABSENCE (run file absent),
ICON,fold_5,v10,2025-03-16,history,ARCHIVE_ABSENCE (run file absent),
ICON,fold_5,v10,2025-03-17,history,ARCHIVE_ABSENCE (run file absent),
ICON,fold_5,v10,2025-03-18,history,ARCHIVE_ABSENCE (run file absent),
ICON,fold_5,v10,2025-03-19,history,ARCHIVE_ABSENCE (run file absent),
ICON,fold_5,v10,2025-03-20,history,ARCHIVE_ABSENCE (run file absent),
ICON,fold_5,v10,2025-03-21,history,ARCHIVE_ABSENCE (run file absent),
ICON,fold_5,v10,2025-03-22,history,ARCHIVE_ABSENCE (run file absent),
ICON,fold_5,v10,2025-03-23,history,ARCHIVE_ABSENCE (run file absent),
ICON,fold_5,v10,2025-03-24,history,ARCHIVE_ABSENCE (run file absent),
ICON,fold_5,v10,2025-03-25,history,ARCHIVE_ABSENCE (run file absent),
ICON,fold_5,v10,2025-03-26,history,ARCHIVE_ABSENCE (run file absent),
ICON,fold_5,v10,2025-03-27,history,ARCHIVE_ABSENCE (run file absent),
ICON,fold_5,v10,2025-03-28,history,ARCHIVE_ABSENCE (run file absent),
ICON,fold_5,v10,2025-03-29,history,ARCHIVE_ABSENCE (run file absent),
ICON,fold_5,v10,2025-03-30,history,ARCHIVE_ABSENCE (run file absent),
ICON,fold_5,v10,2025-03-31,history,ARCHIVE_ABSENCE (run file absent),
ICON,fold_5,v10,2025-04-01,history,ARCHIVE_ABSENCE (run file absent),
ICON,fold_5,v10,2025-04-02,history,ARCHIVE_ABSENCE (run file absent),
ICON,fold_5,v10,2025-04-03,history,ARCHIVE_ABSENCE (run file absent),
ICON,fold_5,v10,2025-08-10,history,ARCHIVE_ABSENCE (outside archive span 2020-01-01..2025-08-09),
ICON,fold_5,v10,2025-08-11,history,ARCHIVE_ABSENCE (outside archive span 2020-01-01..2025-08-09),
ICON,fold_5,v10,2025-08-12,history,ARCHIVE_ABSENCE (outside archive span 2020-01-01..2025-08-09),
ICON,fold_5,v10,2025-08-13,history,ARCHIVE_ABSENCE (outside archive span 2020-01-01..2025-08-09),
ICON,fold_5,v10,2025-08-14,history,ARCHIVE_ABSENCE (outside archive span 2020-01-01..2025-08-09),
ICON,fold_5,v10,2025-08-15,history,ARCHIVE_ABSENCE (outside archive span 2020-01-01..2025-08-09),
ICON,fold_5,v10,2025-08-16,history,ARCHIVE_ABSENCE (outside archive span 2020-01-01..2025-08-09),
ICON,fold_5,v10,2025-08-17,history,ARCHIVE_ABSENCE (outside archive span 2020-01-01..2025-08-09),
ICON,fold_5,v10,2025-08-18,history,ARCHIVE_ABSENCE (outside archive span 2020-01-01..2025-08-09),
ICON,fold_5,v10,2025-08-19,history,ARCHIVE_ABSENCE (outside archive span 2020-01-01..2025-08-09),
ICON,fold_5,v10,2025-08-20,history,ARCHIVE_ABSENCE (outside archive span 2020-01-01..2025-08-09),
ICON,fold_5,v10,2025-08-21,history,ARCHIVE_ABSENCE (outside archive span 2020-01-01..2025-08-09),
ICON,fold_5,v10,2025-08-22,history,ARCHIVE_ABSENCE (outside archive span 2020-01-01..2025-08-09),
ICON,fold_5,v10,2025-08-23,history,ARCHIVE_ABSENCE (outside archive span 2020-01-01..2025-08-09),
ICON,fold_5,v10,2025-08-24,history,ARCHIVE_ABSENCE (outside archive span 2020-01-01..2025-08-09),
ICON,fold_5,v10,2025-08-25,history,ARCHIVE_ABSENCE (outside archive span 2020-01-01..2025-08-09),
ICON,fold_5,v10,2025-08-26,history,ARCHIVE_ABSENCE (outside archive span 2020-01-01..2025-08-09),
ICON,fold_5,v10,2025-08-27,history,ARCHIVE_ABSENCE (outside archive span 2020-01-01..2025-08-09),
ICON,fold_5,v10,2025-08-28,history,ARCHIVE_ABSENCE (outside archive span 2020-01-01..2025-08-09),
ICON,fold_5,v10,2025-08-29,history,ARCHIVE_ABSENCE (outside archive span 2020-01-01..2025-08-09),
ICON,fold_5,v10,2025-08-30,history,ARCHIVE_ABSENCE (outside archive span 2020-01-01..2025-08-09),
ICON,fold_5,v10,2025-08-31,history,ARCHIVE_ABSENCE (outside archive span 2020-01-01..2025-08-09),
ICON,fold_5,v10,2025-09-01,history,ARCHIVE_ABSENCE (outside archive span 2020-01-01..2025-08-09),
ICON,fold_5,v10,2025-09-02,history,ARCHIVE_ABSENCE (outside archive span 2020-01-01..2025-08-09),
ICON,fold_5,v10,2025-09-03,history,ARCHIVE_ABSENCE (outside archive span 2020-01-01..2025-08-09),
ICON,fold_5,v10,2025-09-04,history,ARCHIVE_ABSENCE (outside archive span 2020-01-01..2025-08-09),
ICON,fold_5,v10,2025-09-05,history,ARCHIVE_ABSENCE (outside archive span 2020-01-01..2025-08-09),
ICON,fold_5,v10,2025-09-06,history,ARCHIVE_ABSENCE (outside archive span 2020-01-01..2025-08-09),
ICON,fold_5,v10,2025-09-07,history,ARCHIVE_ABSENCE (outside archive span 2020-01-01..2025-08-09),
ICON,fold_5,v10,2025-09-08,history,ARCHIVE_ABSENCE (outside archive span 2020-01-01..2025-08-09),
ICON,fold_5,v10,2025-09-09,history,ARCHIVE_ABSENCE (outside archive span 2020-01-01..2025-08-09),
ICON,fold_5,v10,2025-09-10,history,ARCHIVE_ABSENCE (outside archive span 2020-01-01..2025-08-09),
ICON,fold_5,v10,2025-09-11,history,ARCHIVE_ABSENCE (outside archive span 2020-01-01..2025-08-09),
ICON,fold_5,v10,2025-09-12,history,ARCHIVE_ABSENCE (outside archive span 2020-01-01..2025-08-09),
ICON,fold_5,v10,2025-09-13,history,ARCHIVE_ABSENCE (outside archive span 2020-01-01..2025-08-09),
ICON,fold_5,v10,2025-09-14,history,ARCHIVE_ABSENCE (outside archive span 2020-01-01..2025-08-09),
ICON,fold_5,v10,2025-09-15,history,ARCHIVE_ABSENCE (outside archive span 2020-01-01..2025-08-09),
ICON,fold_5,v10,2025-09-16,history,ARCHIVE_ABSENCE (outside archive span 2020-01-01..2025-08-09),
ICON,fold_5,v10,2025-09-17,history,ARCHIVE_ABSENCE (outside archive span 2020-01-01..2025-08-09),
ICON,fold_5,v10,2025-09-18,history,ARCHIVE_ABSENCE (outside archive span 2020-01-01..2025-08-09),
ICON,fold_5,v10,2025-09-19,history,ARCHIVE_ABSENCE (outside archive span 2020-01-01..2025-08-09),
ICON,fold_5,v10,2025-09-20,history,ARCHIVE_ABSENCE (outside archive span 2020-01-01..2025-08-09),
ICON,fold_5,v10,2025-09-21,history,ARCHIVE_ABSENCE (outside archive span 2020-01-01..2025-08-09),
ICON,fold_5,v10,2025-09-22,history,ARCHIVE_ABSENCE (outside archive span 2020-01-01..2025-08-09),
ICON,fold_5,v10,2025-09-23,history,ARCHIVE_ABSENCE (outside archive span 2020-01-01..2025-08-09),
ICON,fold_5,v10,2025-09-24,history,ARCHIVE_ABSENCE (outside archive span 2020-01-01..2025-08-09),
ICON,fold_5,v10,2025-09-25,history,ARCHIVE_ABSENCE (outside archive span 2020-01-01..2025-08-09),
ICON,fold_5,v10,2025-09-26,history,ARCHIVE_ABSENCE (outside archive span 2020-01-01..2025-08-09),
ICON,fold_5,v10,2025-09-27,history,ARCHIVE_ABSENCE (outside archive span 2020-01-01..2025-08-09),
ICON,fold_5,v10,2025-09-28,history,ARCHIVE_ABSENCE (outside archive span 2020-01-01..2025-08-09),
ICON,fold_5,v10,2025-09-29,history,ARCHIVE_ABSENCE (outside archive span 2020-01-01..2025-08-09),
ICON,fold_5,v10,2025-09-30,history,ARCHIVE_ABSENCE (outside archive span 2020-01-01..2025-08-09),
ICON,fold_5,v10,2025-10-01,history,ARCHIVE_ABSENCE (outside archive span 2020-01-01..2025-08-09),
ICON,fold_5,v10,2025-10-02,history,ARCHIVE_ABSENCE (outside archive span 2020-01-01..2025-08-09),
ICON,fold_5,v10,2025-10-03,history,ARCHIVE_ABSENCE (outside archive span 2020-01-01..2025-08-09),
ICON,fold_5,v10,2025-10-04,history,ARCHIVE_ABSENCE (outside archive span 2020-01-01..2025-08-09),
ICON,fold_5,v10,2025-10-05,history,ARCHIVE_ABSENCE (outside archive span 2020-01-01..2025-08-09),
ICON,fold_5,v10,2025-10-06,history,ARCHIVE_ABSENCE (outside archive span 2020-01-01..2025-08-09),
ICON,fold_5,v10,2025-10-07,history,ARCHIVE_ABSENCE (outside archive span 2020-01-01..2025-08-09),
ICON,fold_5,v10,2025-10-08,history,ARCHIVE_ABSENCE (outside archive span 2020-01-01..2025-08-09),
ICON,fold_5,v10,2025-10-09,history,ARCHIVE_ABSENCE (outside archive span 2020-01-01..2025-08-09),
ICON,fold_5,v10,2025-10-10,history,ARCHIVE_ABSENCE (outside archive span 2020-01-01..2025-08-09),
ICON,fold_5,v10,2025-10-11,history,ARCHIVE_ABSENCE (outside archive span 2020-01-01..2025-08-09),
ICON,fold_5,v10,2025-10-12,history,ARCHIVE_ABSENCE (outside archive span 2020-01-01..2025-08-09),
ICON,fold_5,v10,2025-10-13,history,ARCHIVE_ABSENCE (outside archive span 2020-01-01..2025-08-09),
ICON,fold_5,v10,2025-10-14,history,ARCHIVE_ABSENCE (outside archive span 2020-01-01..2025-08-09),
ICON,fold_5,v10,2025-10-15,history,ARCHIVE_ABSENCE (outside archive span 2020-01-01..2025-08-09),
ICON,fold_5,v10,2025-10-16,history,ARCHIVE_ABSENCE (outside archive span 2020-01-01..2025-08-09),
ICON,fold_5,v10,2025-10-17,history,ARCHIVE_ABSENCE (outside archive span 2020-01-01..2025-08-09),
ICON,fold_5,v10,2025-10-18,history,ARCHIVE_ABSENCE (outside archive span 2020-01-01..2025-08-09),
ICON,fold_5,v10,2025-10-19,history,ARCHIVE_ABSENCE (outside archive span 2020-01-01..2025-08-09),
ICON,fold_5,v10,2025-10-20,history,ARCHIVE_ABSENCE (outside archive span 2020-01-01..2025-08-09),
ICON,fold_5,v10,2025-10-21,history,ARCHIVE_ABSENCE (outside archive span 2020-01-01..2025-08-09),
ICON,fold_5,v10,2025-10-22,history,ARCHIVE_ABSENCE (outside archive span 2020-01-01..2025-08-09),
ICON,fold_5,v10,2025-10-23,history,ARCHIVE_ABSENCE (outside archive span 2020-01-01..2025-08-09),
ICON,fold_5,v10,2025-10-24,history,ARCHIVE_ABSENCE (outside archive span 2020-01-01..2025-08-09),
ICON,fold_5,v10,2025-10-25,history,ARCHIVE_ABSENCE (outside archive span 2020-01-01..2025-08-09),
ICON,fold_5,v10,2025-10-26,history,ARCHIVE_ABSENCE (outside archive span 2020-01-01..2025-08-09),
ICON,fold_5,v10,2025-10-27,history,ARCHIVE_ABSENCE (outside archive span 2020-01-01..2025-08-09),
ICON,fold_5,v10,2025-10-28,history,ARCHIVE_ABSENCE (outside archive span 2020-01-01..2025-08-09),
ICON,fold_5,v10,2025-10-29,history,ARCHIVE_ABSENCE (outside archive span 2020-01-01..2025-08-09),
ICON,fold_5,v10,2025-10-30,history,ARCHIVE_ABSENCE (outside archive span 2020-01-01..2025-08-09),
ICON,fold_5,v10,2025-10-31,history,ARCHIVE_ABSENCE (outside archive span 2020-01-01..2025-08-09),
ICON,fold_5,v10,2025-11-01,history,ARCHIVE_ABSENCE (outside archive span 2020-01-01..2025-08-09),
ICON,fold_5,v10,2025-11-02,history,ARCHIVE_ABSENCE (outside archive span 2020-01-01..2025-08-09),
ICON,fold_5,v10,2025-11-03,history,ARCHIVE_ABSENCE (outside archive span 2020-01-01..2025-08-09),
ICON,fold_5,v10,2025-11-04,history,ARCHIVE_ABSENCE (outside archive span 2020-01-01..2025-08-09),
ICON,fold_5,v10,2025-11-05,history,ARCHIVE_ABSENCE (outside archive span 2020-01-01..2025-08-09),
ICON,fold_5,v10,2025-11-06,history,ARCHIVE_ABSENCE (outside archive span 2020-01-01..2025-08-09),
ICON,fold_5,v10,2025-11-07,history,ARCHIVE_ABSENCE (outside archive span 2020-01-01..2025-08-09),
ICON,fold_5,v10,2025-11-08,history,ARCHIVE_ABSENCE (outside archive span 2020-01-01..2025-08-09),
ICON,fold_5,v10,2025-11-09,history,ARCHIVE_ABSENCE (outside archive span 2020-01-01..2025-08-09),
ICON,fold_5,v10,2025-11-10,history,ARCHIVE_ABSENCE (outside archive span 2020-01-01..2025-08-09),
ICON,fold_5,v10,2025-11-11,history,ARCHIVE_ABSENCE (outside archive span 2020-01-01..2025-08-09),
ICON,fold_5,v10,2025-11-12,history,ARCHIVE_ABSENCE (outside archive span 2020-01-01..2025-08-09),
ICON,fold_5,v10,2025-11-13,history,ARCHIVE_ABSENCE (outside archive span 2020-01-01..2025-08-09),
ICON,fold_5,v10,2025-11-14,history,ARCHIVE_ABSENCE (outside archive span 2020-01-01..2025-08-09),
ICON,fold_5,v10,2025-11-15,history,ARCHIVE_ABSENCE (outside archive span 2020-01-01..2025-08-09),
ICON,fold_5,v10,2025-11-16,history,ARCHIVE_ABSENCE (outside archive span 2020-01-01..2025-08-09),
ICON,fold_5,v10,2025-11-17,history,ARCHIVE_ABSENCE (outside archive span 2020-01-01..2025-08-09),
ICON,fold_5,v10,2025-11-18,history,ARCHIVE_ABSENCE (outside archive span 2020-01-01..2025-08-09),
ICON,fold_5,v10,2025-11-19,history,ARCHIVE_ABSENCE (outside archive span 2020-01-01..2025-08-09),
ICON,fold_5,v10,2025-11-20,history,ARCHIVE_ABSENCE (outside archive span 2020-01-01..2025-08-09),
ICON,fold_5,v10,2025-11-21,history,ARCHIVE_ABSENCE (outside archive span 2020-01-01..2025-08-09),
ICON,fold_5,v10,2025-11-22,history,ARCHIVE_ABSENCE (outside archive span 2020-01-01..2025-08-09),
ICON,fold_5,v10,2025-11-23,history,ARCHIVE_ABSENCE (outside archive span 2020-01-01..2025-08-09),
ICON,fold_5,v10,2025-11-24,history,ARCHIVE_ABSENCE (outside archive span 2020-01-01..2025-08-09),
ICON,fold_5,v10,2025-11-25,history,ARCHIVE_ABSENCE (outside archive span 2020-01-01..2025-08-09),
ICON,fold_5,v10,2025-11-26,history,ARCHIVE_ABSENCE (outside archive span 2020-01-01..2025-08-09),
ICON,fold_5,v10,2025-11-27,history,ARCHIVE_ABSENCE (outside archive span 2020-01-01..2025-08-09),
ICON,fold_5,v10,2025-11-28,history,ARCHIVE_ABSENCE (outside archive span 2020-01-01..2025-08-09),
ICON,fold_5,v10,2025-11-29,history,ARCHIVE_ABSENCE (outside archive span 2020-01-01..2025-08-09),
ICON,fold_5,v10,2025-11-30,history,ARCHIVE_ABSENCE (outside archive span 2020-01-01..2025-08-09),
ICON,fold_5,v10,2025-12-01,history,ARCHIVE_ABSENCE (outside archive span 2020-01-01..2025-08-09),
ICON,fold_5,v10,2025-12-02,history,ARCHIVE_ABSENCE (outside archive span 2020-01-01..2025-08-09),
ICON,fold_5,v10,2025-12-03,history,ARCHIVE_ABSENCE (outside archive span 2020-01-01..2025-08-09),
ICON,fold_5,v10,2025-12-04,history,ARCHIVE_ABSENCE (outside archive span 2020-01-01..2025-08-09),
ICON,fold_5,v10,2025-12-05,history,ARCHIVE_ABSENCE (outside archive span 2020-01-01..2025-08-09),
ICON,fold_5,v10,2025-12-06,history,ARCHIVE_ABSENCE (outside archive span 2020-01-01..2025-08-09),
ICON,fold_5,v10,2025-12-07,history,ARCHIVE_ABSENCE (outside archive span 2020-01-01..2025-08-09),
ICON,fold_5,v10,2025-12-08,history,ARCHIVE_ABSENCE (outside archive span 2020-01-01..2025-08-09),
ICON,fold_5,v10,2025-12-09,warmup,ARCHIVE_ABSENCE (outside archive span 2020-01-01..2025-08-09),
ICON,fold_5,v10,2025-12-10,warmup,ARCHIVE_ABSENCE (outside archive span 2020-01-01..2025-08-09),
ICON,fold_5,v10,2025-12-11,warmup,ARCHIVE_ABSENCE (outside archive span 2020-01-01..2025-08-09),
ICON,fold_5,v10,2025-12-12,warmup,ARCHIVE_ABSENCE (outside archive span 2020-01-01..2025-08-09),
ICON,fold_5,v10,2025-12-13,warmup,ARCHIVE_ABSENCE (outside archive span 2020-01-01..2025-08-09),
ICON,fold_5,v10,2025-12-14,warmup,ARCHIVE_ABSENCE (outside archive span 2020-01-01..2025-08-09),
ICON,fold_5,v10,2025-12-15,warmup,ARCHIVE_ABSENCE (outside archive span 2020-01-01..2025-08-09),
ICON,fold_5,v10,2025-12-16,warmup,ARCHIVE_ABSENCE (outside archive span 2020-01-01..2025-08-09),
ICON,fold_5,v10,2025-12-17,warmup,ARCHIVE_ABSENCE (outside archive span 2020-01-01..2025-08-09),
ICON,fold_5,v10,2025-12-18,warmup,ARCHIVE_ABSENCE (outside archive span 2020-01-01..2025-08-09),
ICON,fold_5,v10,2025-12-19,warmup,ARCHIVE_ABSENCE (outside archive span 2020-01-01..2025-08-09),
ICON,fold_5,v10,2025-12-20,warmup,ARCHIVE_ABSENCE (outside archive span 2020-01-01..2025-08-09),
ICON,fold_5,v10,2025-12-21,warmup,ARCHIVE_ABSENCE (outside archive span 2020-01-01..2025-08-09),
ICON,fold_5,v10,2025-12-22,warmup,ARCHIVE_ABSENCE (outside archive span 2020-01-01..2025-08-09),
ICON,fold_5,v10,2025-12-23,warmup,ARCHIVE_ABSENCE (outside archive span 2020-01-01..2025-08-09),
ICON,fold_5,v10,2025-12-24,warmup,ARCHIVE_ABSENCE (outside archive span 2020-01-01..2025-08-09),
ICON,fold_5,v10,2025-12-25,warmup,ARCHIVE_ABSENCE (outside archive span 2020-01-01..2025-08-09),
ICON,fold_5,v10,2025-12-26,warmup,ARCHIVE_ABSENCE (outside archive span 2020-01-01..2025-08-09),
ICON,fold_5,v10,2025-12-27,warmup,ARCHIVE_ABSENCE (outside archive span 2020-01-01..2025-08-09),
ICON,fold_5,v10,2025-12-28,warmup,ARCHIVE_ABSENCE (outside archive span 2020-01-01..2025-08-09),
ICON,fold_5,v10,2025-12-29,warmup,ARCHIVE_ABSENCE (outside archive span 2020-01-01..2025-08-09),
ICON,fold_5,v10,2025-12-30,warmup,ARCHIVE_ABSENCE (outside archive span 2020-01-01..2025-08-09),
ICON,fold_5,v10,2025-12-31,warmup,ARCHIVE_ABSENCE (outside archive span 2020-01-01..2025-08-09),
ICON,fold_5,v10,2026-01-01,warmup,ARCHIVE_ABSENCE (outside archive span 2020-01-01..2025-08-09),
ICON,fold_5,v10,2026-01-02,warmup,ARCHIVE_ABSENCE (outside archive span 2020-01-01..2025-08-09),
ICON,fold_5,v10,2026-01-03,warmup,ARCHIVE_ABSENCE (outside archive span 2020-01-01..2025-08-09),
ICON,fold_5,v10,2026-01-04,warmup,ARCHIVE_ABSENCE (outside archive span 2020-01-01..2025-08-09),
ICON,fold_5,v10,2026-01-05,warmup,ARCHIVE_ABSENCE (outside archive span 2020-01-01..2025-08-09),
ICON,fold_5,v10,2026-01-06,warmup,ARCHIVE_ABSENCE (outside archive span 2020-01-01..2025-08-09),
ICON,fold_5,v10,2026-01-07,evaluation,ARCHIVE_ABSENCE (outside archive span 2020-01-01..2025-08-09),
ICON,fold_5,v10,2026-01-08,evaluation,ARCHIVE_ABSENCE (outside archive span 2020-01-01..2025-08-09),
ICON,fold_5,v10,2026-01-09,evaluation,ARCHIVE_ABSENCE (outside archive span 2020-01-01..2025-08-09),
ICON,fold_5,v10,2026-01-10,evaluation,ARCHIVE_ABSENCE (outside archive span 2020-01-01..2025-08-09),
ICON,fold_5,v10,2026-01-11,evaluation,ARCHIVE_ABSENCE (outside archive span 2020-01-01..2025-08-09),
ICON,fold_5,v10,2026-01-12,evaluation,ARCHIVE_ABSENCE (outside archive span 2020-01-01..2025-08-09),
ICON,fold_5,v10,2026-01-13,evaluation,ARCHIVE_ABSENCE (outside archive span 2020-01-01..2025-08-09),
ICON,fold_5,v10,2026-01-14,evaluation,ARCHIVE_ABSENCE (outside archive span 2020-01-01..2025-08-09),
ICON,fold_5,v10,2026-01-15,evaluation,ARCHIVE_ABSENCE (outside archive span 2020-01-01..2025-08-09),
ICON,fold_5,v10,2026-01-16,evaluation,ARCHIVE_ABSENCE (outside archive span 2020-01-01..2025-08-09),
ICON,fold_5,v10,2026-01-17,evaluation,ARCHIVE_ABSENCE (outside archive span 2020-01-01..2025-08-09),
ICON,fold_5,v10,2026-01-18,evaluation,ARCHIVE_ABSENCE (outside archive span 2020-01-01..2025-08-09),
ICON,fold_5,v10,2026-01-19,evaluation,ARCHIVE_ABSENCE (outside archive span 2020-01-01..2025-08-09),
ICON,fold_5,v10,2026-01-20,evaluation,ARCHIVE_ABSENCE (outside archive span 2020-01-01..2025-08-09),
ICON,fold_5,v10,2026-01-21,evaluation,ARCHIVE_ABSENCE (outside archive span 2020-01-01..2025-08-09),
ICON,fold_5,v10,2026-01-22,evaluation,ARCHIVE_ABSENCE (outside archive span 2020-01-01..2025-08-09),
ICON,fold_5,v10,2026-01-23,evaluation,ARCHIVE_ABSENCE (outside archive span 2020-01-01..2025-08-09),
ICON,fold_5,v10,2026-01-24,evaluation,ARCHIVE_ABSENCE (outside archive span 2020-01-01..2025-08-09),
ICON,fold_5,v10,2026-01-25,evaluation,ARCHIVE_ABSENCE (outside archive span 2020-01-01..2025-08-09),
ICON,fold_5,v10,2026-01-26,evaluation,ARCHIVE_ABSENCE (outside archive span 2020-01-01..2025-08-09),
ICON,fold_5,v10,2026-01-27,evaluation,ARCHIVE_ABSENCE (outside archive span 2020-01-01..2025-08-09),
ICON,fold_5,v10,2026-01-28,evaluation,ARCHIVE_ABSENCE (outside archive span 2020-01-01..2025-08-09),
ICON,fold_5,v10,2026-01-29,evaluation,ARCHIVE_ABSENCE (outside archive span 2020-01-01..2025-08-09),
ICON,fold_5,v10,2026-01-30,evaluation,ARCHIVE_ABSENCE (outside archive span 2020-01-01..2025-08-09),
ICON,fold_5,v10,2026-01-31,evaluation,ARCHIVE_ABSENCE (outside archive span 2020-01-01..2025-08-09),
ICON,fold_5,v10,2026-02-01,evaluation,ARCHIVE_ABSENCE (outside archive span 2020-01-01..2025-08-09),
ICON,fold_5,v10,2026-02-02,evaluation,ARCHIVE_ABSENCE (outside archive span 2020-01-01..2025-08-09),
ICON,fold_5,v10,2026-02-03,evaluation,ARCHIVE_ABSENCE (outside archive span 2020-01-01..2025-08-09),
ICON,fold_5,v10,2026-02-04,evaluation,ARCHIVE_ABSENCE (outside archive span 2020-01-01..2025-08-09),
ICON,fold_5,v10,2026-02-05,evaluation,ARCHIVE_ABSENCE (outside archive span 2020-01-01..2025-08-09),
ICON,fold_5,v10,2026-02-06,evaluation,ARCHIVE_ABSENCE (outside archive span 2020-01-01..2025-08-09),
ICON,fold_5,v10,2026-02-07,evaluation,ARCHIVE_ABSENCE (outside archive span 2020-01-01..2025-08-09),
ICON,fold_5,v10,2026-02-08,evaluation,ARCHIVE_ABSENCE (outside archive span 2020-01-01..2025-08-09),
ICON,fold_5,v10,2026-02-09,evaluation,ARCHIVE_ABSENCE (outside archive span 2020-01-01..2025-08-09),
ICON,fold_5,v10,2026-02-10,evaluation,ARCHIVE_ABSENCE (outside archive span 2020-01-01..2025-08-09),
ICON,fold_5,v10,2026-02-11,evaluation,ARCHIVE_ABSENCE (outside archive span 2020-01-01..2025-08-09),
ICON,fold_5,v10,2026-02-12,evaluation,ARCHIVE_ABSENCE (outside archive span 2020-01-01..2025-08-09),
ICON,fold_5,v10,2026-02-13,evaluation,ARCHIVE_ABSENCE (outside archive span 2020-01-01..2025-08-09),
ICON,fold_5,v10,2026-02-14,evaluation,ARCHIVE_ABSENCE (outside archive span 2020-01-01..2025-08-09),
ICON,fold_5,v10,2026-02-15,evaluation,ARCHIVE_ABSENCE (outside archive span 2020-01-01..2025-08-09),
ICON,fold_5,v10,2026-02-16,evaluation,ARCHIVE_ABSENCE (outside archive span 2020-01-01..2025-08-09),
ICON,fold_5,v10,2026-02-17,evaluation,ARCHIVE_ABSENCE (outside archive span 2020-01-01..2025-08-09),
ICON,fold_5,v10,2026-02-18,evaluation,ARCHIVE_ABSENCE (outside archive span 2020-01-01..2025-08-09),
ICON,fold_5,v10,2026-02-19,evaluation,ARCHIVE_ABSENCE (outside archive span 2020-01-01..2025-08-09),
ICON,fold_5,v10,2026-02-20,evaluation,ARCHIVE_ABSENCE (outside archive span 2020-01-01..2025-08-09),
ICON,fold_5,v10,2026-02-21,evaluation,ARCHIVE_ABSENCE (outside archive span 2020-01-01..2025-08-09),
ICON,fold_5,v10,2026-02-22,evaluation,ARCHIVE_ABSENCE (outside archive span 2020-01-01..2025-08-09),
ICON,fold_5,v10,2026-02-23,evaluation,ARCHIVE_ABSENCE (outside archive span 2020-01-01..2025-08-09),
ICON,fold_5,v10,2026-02-24,evaluation,ARCHIVE_ABSENCE (outside archive span 2020-01-01..2025-08-09),
ICON,fold_5,v10,2026-02-25,evaluation,ARCHIVE_ABSENCE (outside archive span 2020-01-01..2025-08-09),
ICON,fold_5,v10,2026-02-26,evaluation,ARCHIVE_ABSENCE (outside archive span 2020-01-01..2025-08-09),
ICON,fold_5,v10,2026-02-27,evaluation,ARCHIVE_ABSENCE (outside archive span 2020-01-01..2025-08-09),
ICON,fold_5,v10,2026-02-28,evaluation,ARCHIVE_ABSENCE (outside archive span 2020-01-01..2025-08-09),
ICON,fold_5,v10,2026-03-01,evaluation,ARCHIVE_ABSENCE (outside archive span 2020-01-01..2025-08-09),
ICON,fold_5,v10,2026-03-02,evaluation,ARCHIVE_ABSENCE (outside archive span 2020-01-01..2025-08-09),
ICON,fold_5,v10,2026-03-03,evaluation,ARCHIVE_ABSENCE (outside archive span 2020-01-01..2025-08-09),
ICON,fold_5,v10,2026-03-04,evaluation,ARCHIVE_ABSENCE (outside archive span 2020-01-01..2025-08-09),
ICON,fold_5,v10,2026-03-05,evaluation,ARCHIVE_ABSENCE (outside archive span 2020-01-01..2025-08-09),
ICON,fold_5,v10,2026-03-06,evaluation,ARCHIVE_ABSENCE (outside archive span 2020-01-01..2025-08-09),
ICON,fold_5,v10,2026-03-07,evaluation,ARCHIVE_ABSENCE (outside archive span 2020-01-01..2025-08-09),
ICON,fold_5,v10,2026-03-08,evaluation,ARCHIVE_ABSENCE (outside archive span 2020-01-01..2025-08-09),
ICON,fold_5,v10,2026-03-09,evaluation,ARCHIVE_ABSENCE (outside archive span 2020-01-01..2025-08-09),
ICON,fold_5,v10,2026-03-10,evaluation,ARCHIVE_ABSENCE (outside archive span 2020-01-01..2025-08-09),
ICON,fold_5,v10,2026-03-11,evaluation,ARCHIVE_ABSENCE (outside archive span 2020-01-01..2025-08-09),
ICON,fold_5,v10,2026-03-12,evaluation,ARCHIVE_ABSENCE (outside archive span 2020-01-01..2025-08-09),
ICON,fold_5,v10,2026-03-13,evaluation,ARCHIVE_ABSENCE (outside archive span 2020-01-01..2025-08-09),
ICON,fold_5,v10,2026-03-14,evaluation,ARCHIVE_ABSENCE (outside archive span 2020-01-01..2025-08-09),
ICON,fold_5,v10,2026-03-15,evaluation,ARCHIVE_ABSENCE (outside archive span 2020-01-01..2025-08-09),
ICON,fold_5,v10,2026-03-16,evaluation,ARCHIVE_ABSENCE (outside archive span 2020-01-01..2025-08-09),
ICON,fold_5,v10,2026-03-17,evaluation,ARCHIVE_ABSENCE (outside archive span 2020-01-01..2025-08-09),
ICON,fold_5,v10,2026-03-18,evaluation,ARCHIVE_ABSENCE (outside archive span 2020-01-01..2025-08-09),
ICON,fold_5,v10,2026-03-19,evaluation,ARCHIVE_ABSENCE (outside archive span 2020-01-01..2025-08-09),
ICON,fold_5,v10,2026-03-20,evaluation,ARCHIVE_ABSENCE (outside archive span 2020-01-01..2025-08-09),
ICON,fold_5,v10,2026-03-21,evaluation,ARCHIVE_ABSENCE (outside archive span 2020-01-01..2025-08-09),
ICON,fold_5,v10,2026-03-22,evaluation,ARCHIVE_ABSENCE (outside archive span 2020-01-01..2025-08-09),
ICON,fold_5,v10,2026-03-23,evaluation,ARCHIVE_ABSENCE (outside archive span 2020-01-01..2025-08-09),
ICON,fold_5,v10,2026-03-24,evaluation,ARCHIVE_ABSENCE (outside archive span 2020-01-01..2025-08-09),
ICON,fold_5,v10,2026-03-25,evaluation,ARCHIVE_ABSENCE (outside archive span 2020-01-01..2025-08-09),
ICON,fold_5,v10,2026-03-26,evaluation,ARCHIVE_ABSENCE (outside archive span 2020-01-01..2025-08-09),
ICON,fold_5,v10,2026-03-27,evaluation,ARCHIVE_ABSENCE (outside archive span 2020-01-01..2025-08-09),
ICON,fold_5,v10,2026-03-28,evaluation,ARCHIVE_ABSENCE (outside archive span 2020-01-01..2025-08-09),
ICON,fold_5,v10,2026-03-29,evaluation,ARCHIVE_ABSENCE (outside archive span 2020-01-01..2025-08-09),
ICON,fold_5,v10,2026-03-30,evaluation,ARCHIVE_ABSENCE (outside archive span 2020-01-01..2025-08-09),
ICON,fold_5,v10,2026-03-31,evaluation,ARCHIVE_ABSENCE (outside archive span 2020-01-01..2025-08-09),
ICON,fold_5,v10,2026-04-01,evaluation,ARCHIVE_ABSENCE (outside archive span 2020-01-01..2025-08-09),
ICON,fold_5,v10,2026-04-02,evaluation,ARCHIVE_ABSENCE (outside archive span 2020-01-01..2025-08-09),
ICON,fold_5,v10,2026-04-03,evaluation,ARCHIVE_ABSENCE (outside archive span 2020-01-01..2025-08-09),
ICON,fold_5,v10,2026-04-04,evaluation,ARCHIVE_ABSENCE (outside archive span 2020-01-01..2025-08-09),
ICON,fold_5,v10,2026-04-05,evaluation,ARCHIVE_ABSENCE (outside archive span 2020-01-01..2025-08-09),
ICON,fold_5,v10,2026-04-06,evaluation,ARCHIVE_ABSENCE (outside archive span 2020-01-01..2025-08-09),
ICON,fold_5,radiation,2023-12-26,history,ARCHIVE_ABSENCE (run file absent),
ICON,fold_5,radiation,2024-01-04,history,ARCHIVE_ABSENCE (run file absent),
ICON,fold_5,radiation,2024-01-23,history,FIELD_INCOMPLETE (aswdifd_s/.zarray),
ICON,fold_5,radiation,2024-01-25,history,ARCHIVE_ABSENCE (run file absent),
ICON,fold_5,radiation,2024-01-27,history,ARCHIVE_ABSENCE (run file absent),
ICON,fold_5,radiation,2024-01-28,history,ARCHIVE_ABSENCE (run file absent),
ICON,fold_5,radiation,2024-01-29,history,ARCHIVE_ABSENCE (run file absent),
ICON,fold_5,radiation,2024-02-06,history,ARCHIVE_ABSENCE (run file absent),
ICON,fold_5,radiation,2024-02-18,history,ARCHIVE_ABSENCE (run file absent),
ICON,fold_5,radiation,2024-03-14,history,"ARCHIVE_DEFECT (stub file 245689 bytes, not a readable zip)",
ICON,fold_5,radiation,2024-03-15,history,"ARCHIVE_DEFECT (stub file 245689 bytes, not a readable zip)",
ICON,fold_5,radiation,2024-03-16,history,ARCHIVE_ABSENCE (run file absent),
ICON,fold_5,radiation,2024-03-17,history,ARCHIVE_ABSENCE (run file absent),
ICON,fold_5,radiation,2024-03-18,history,"ARCHIVE_DEFECT (stub file 241885 bytes, not a readable zip)",
ICON,fold_5,radiation,2024-03-19,history,ARCHIVE_ABSENCE (run file absent),
ICON,fold_5,radiation,2024-03-20,history,"ARCHIVE_DEFECT (stub file 245689 bytes, not a readable zip)",
ICON,fold_5,radiation,2024-03-21,history,ARCHIVE_ABSENCE (run file absent),
ICON,fold_5,radiation,2024-03-22,history,ARCHIVE_ABSENCE (run file absent),
ICON,fold_5,radiation,2024-03-23,history,ARCHIVE_ABSENCE (run file absent),
ICON,fold_5,radiation,2024-03-24,history,"ARCHIVE_DEFECT (stub file 241969 bytes, not a readable zip)",
ICON,fold_5,radiation,2024-03-25,history,ARCHIVE_ABSENCE (run file absent),
ICON,fold_5,radiation,2024-03-26,history,ARCHIVE_ABSENCE (run file absent),
ICON,fold_5,radiation,2024-03-27,history,"ARCHIVE_DEFECT (stub file 245689 bytes, not a readable zip)",
ICON,fold_5,radiation,2024-03-28,history,ARCHIVE_ABSENCE (run file absent),
ICON,fold_5,radiation,2024-03-29,history,"ARCHIVE_DEFECT (stub file 245689 bytes, not a readable zip)",
ICON,fold_5,radiation,2024-03-30,history,ARCHIVE_ABSENCE (run file absent),
ICON,fold_5,radiation,2024-03-31,history,ARCHIVE_ABSENCE (run file absent),
ICON,fold_5,radiation,2024-04-01,history,ARCHIVE_ABSENCE (run file absent),
ICON,fold_5,radiation,2024-04-02,history,ARCHIVE_ABSENCE (run file absent),
ICON,fold_5,radiation,2024-04-03,history,ARCHIVE_ABSENCE (run file absent),
ICON,fold_5,radiation,2024-04-04,history,ARCHIVE_ABSENCE (run file absent),
ICON,fold_5,radiation,2024-04-06,history,ARCHIVE_ABSENCE (run file absent),
ICON,fold_5,radiation,2024-04-07,history,ARCHIVE_ABSENCE (run file absent),
ICON,fold_5,radiation,2024-04-09,history,ARCHIVE_ABSENCE (run file absent),
ICON,fold_5,radiation,2024-04-10,history,ARCHIVE_ABSENCE (run file absent),
ICON,fold_5,radiation,2024-04-11,history,ARCHIVE_ABSENCE (run file absent),
ICON,fold_5,radiation,2024-04-12,history,ARCHIVE_ABSENCE (run file absent),
ICON,fold_5,radiation,2024-04-13,history,ARCHIVE_ABSENCE (run file absent),
ICON,fold_5,radiation,2024-04-14,history,ARCHIVE_ABSENCE (run file absent),
ICON,fold_5,radiation,2024-04-15,history,ARCHIVE_ABSENCE (run file absent),
ICON,fold_5,radiation,2024-04-16,history,ARCHIVE_ABSENCE (run file absent),
ICON,fold_5,radiation,2024-04-17,history,ARCHIVE_ABSENCE (run file absent),
ICON,fold_5,radiation,2024-04-18,history,ARCHIVE_ABSENCE (run file absent),
ICON,fold_5,radiation,2024-04-19,history,ARCHIVE_ABSENCE (run file absent),
ICON,fold_5,radiation,2024-04-20,history,ARCHIVE_ABSENCE (run file absent),
ICON,fold_5,radiation,2024-04-21,history,ARCHIVE_ABSENCE (run file absent),
ICON,fold_5,radiation,2024-04-22,history,ARCHIVE_ABSENCE (run file absent),
ICON,fold_5,radiation,2024-04-23,history,ARCHIVE_ABSENCE (run file absent),
ICON,fold_5,radiation,2024-04-24,history,ARCHIVE_ABSENCE (run file absent),
ICON,fold_5,radiation,2024-04-25,history,ARCHIVE_ABSENCE (run file absent),
ICON,fold_5,radiation,2024-04-26,history,ARCHIVE_ABSENCE (run file absent),
ICON,fold_5,radiation,2024-04-27,history,ARCHIVE_ABSENCE (run file absent),
ICON,fold_5,radiation,2024-04-28,history,ARCHIVE_ABSENCE (run file absent),
ICON,fold_5,radiation,2024-04-29,history,ARCHIVE_ABSENCE (run file absent),
ICON,fold_5,radiation,2024-04-30,history,ARCHIVE_ABSENCE (run file absent),
ICON,fold_5,radiation,2024-05-01,history,ARCHIVE_ABSENCE (run file absent),
ICON,fold_5,radiation,2024-05-02,history,ARCHIVE_ABSENCE (run file absent),
ICON,fold_5,radiation,2024-05-03,history,ARCHIVE_ABSENCE (run file absent),
ICON,fold_5,radiation,2024-05-04,history,ARCHIVE_ABSENCE (run file absent),
ICON,fold_5,radiation,2024-05-05,history,ARCHIVE_ABSENCE (run file absent),
ICON,fold_5,radiation,2024-05-06,history,ARCHIVE_ABSENCE (run file absent),
ICON,fold_5,radiation,2024-05-07,history,ARCHIVE_ABSENCE (run file absent),
ICON,fold_5,radiation,2024-05-08,history,ARCHIVE_ABSENCE (run file absent),
ICON,fold_5,radiation,2024-05-09,history,ARCHIVE_ABSENCE (run file absent),
ICON,fold_5,radiation,2024-05-10,history,ARCHIVE_ABSENCE (run file absent),
ICON,fold_5,radiation,2024-05-11,history,ARCHIVE_ABSENCE (run file absent),
ICON,fold_5,radiation,2024-05-12,history,ARCHIVE_ABSENCE (run file absent),
ICON,fold_5,radiation,2024-05-13,history,ARCHIVE_ABSENCE (run file absent),
ICON,fold_5,radiation,2024-05-14,history,ARCHIVE_ABSENCE (run file absent),
ICON,fold_5,radiation,2024-05-15,history,ARCHIVE_ABSENCE (run file absent),
ICON,fold_5,radiation,2024-05-16,history,ARCHIVE_ABSENCE (run file absent),
ICON,fold_5,radiation,2024-05-17,history,ARCHIVE_ABSENCE (run file absent),
ICON,fold_5,radiation,2024-05-18,history,ARCHIVE_ABSENCE (run file absent),
ICON,fold_5,radiation,2024-05-19,history,ARCHIVE_ABSENCE (run file absent),
ICON,fold_5,radiation,2024-05-20,history,ARCHIVE_ABSENCE (run file absent),
ICON,fold_5,radiation,2024-05-21,history,ARCHIVE_ABSENCE (run file absent),
ICON,fold_5,radiation,2024-05-22,history,ARCHIVE_ABSENCE (run file absent),
ICON,fold_5,radiation,2024-05-23,history,ARCHIVE_ABSENCE (run file absent),
ICON,fold_5,radiation,2024-05-24,history,ARCHIVE_ABSENCE (run file absent),
ICON,fold_5,radiation,2024-05-25,history,ARCHIVE_ABSENCE (run file absent),
ICON,fold_5,radiation,2024-05-26,history,ARCHIVE_ABSENCE (run file absent),
ICON,fold_5,radiation,2024-05-27,history,ARCHIVE_ABSENCE (run file absent),
ICON,fold_5,radiation,2024-05-28,history,ARCHIVE_ABSENCE (run file absent),
ICON,fold_5,radiation,2024-05-29,history,ARCHIVE_ABSENCE (run file absent),
ICON,fold_5,radiation,2024-05-30,history,ARCHIVE_ABSENCE (run file absent),
ICON,fold_5,radiation,2024-05-31,history,ARCHIVE_ABSENCE (run file absent),
ICON,fold_5,radiation,2024-06-01,history,ARCHIVE_ABSENCE (run file absent),
ICON,fold_5,radiation,2024-06-02,history,ARCHIVE_ABSENCE (run file absent),
ICON,fold_5,radiation,2024-06-03,history,ARCHIVE_ABSENCE (run file absent),
ICON,fold_5,radiation,2024-06-04,history,ARCHIVE_ABSENCE (run file absent),
ICON,fold_5,radiation,2025-01-25,history,ARCHIVE_ABSENCE (run file absent),
ICON,fold_5,radiation,2025-01-26,history,ARCHIVE_ABSENCE (run file absent),
ICON,fold_5,radiation,2025-01-27,history,ARCHIVE_ABSENCE (run file absent),
ICON,fold_5,radiation,2025-01-28,history,ARCHIVE_ABSENCE (run file absent),
ICON,fold_5,radiation,2025-01-29,history,ARCHIVE_ABSENCE (run file absent),
ICON,fold_5,radiation,2025-01-30,history,ARCHIVE_ABSENCE (run file absent),
ICON,fold_5,radiation,2025-01-31,history,ARCHIVE_ABSENCE (run file absent),
ICON,fold_5,radiation,2025-02-01,history,ARCHIVE_ABSENCE (run file absent),
ICON,fold_5,radiation,2025-02-02,history,ARCHIVE_ABSENCE (run file absent),
ICON,fold_5,radiation,2025-02-03,history,ARCHIVE_ABSENCE (run file absent),
ICON,fold_5,radiation,2025-02-04,history,ARCHIVE_ABSENCE (run file absent),
ICON,fold_5,radiation,2025-02-05,history,ARCHIVE_ABSENCE (run file absent),
ICON,fold_5,radiation,2025-02-06,history,ARCHIVE_ABSENCE (run file absent),
ICON,fold_5,radiation,2025-02-07,history,ARCHIVE_ABSENCE (run file absent),
ICON,fold_5,radiation,2025-02-08,history,ARCHIVE_ABSENCE (run file absent),
ICON,fold_5,radiation,2025-02-09,history,ARCHIVE_ABSENCE (run file absent),
ICON,fold_5,radiation,2025-02-10,history,ARCHIVE_ABSENCE (run file absent),
ICON,fold_5,radiation,2025-02-11,history,ARCHIVE_ABSENCE (run file absent),
ICON,fold_5,radiation,2025-02-12,history,ARCHIVE_ABSENCE (run file absent),
ICON,fold_5,radiation,2025-02-13,history,ARCHIVE_ABSENCE (run file absent),
ICON,fold_5,radiation,2025-02-14,history,ARCHIVE_ABSENCE (run file absent),
ICON,fold_5,radiation,2025-02-15,history,ARCHIVE_ABSENCE (run file absent),
ICON,fold_5,radiation,2025-02-16,history,ARCHIVE_ABSENCE (run file absent),
ICON,fold_5,radiation,2025-02-17,history,ARCHIVE_ABSENCE (run file absent),
ICON,fold_5,radiation,2025-02-18,history,ARCHIVE_ABSENCE (run file absent),
ICON,fold_5,radiation,2025-02-19,history,ARCHIVE_ABSENCE (run file absent),
ICON,fold_5,radiation,2025-02-20,history,ARCHIVE_ABSENCE (run file absent),
ICON,fold_5,radiation,2025-02-21,history,ARCHIVE_ABSENCE (run file absent),
ICON,fold_5,radiation,2025-02-22,history,ARCHIVE_ABSENCE (run file absent),
ICON,fold_5,radiation,2025-02-23,history,ARCHIVE_ABSENCE (run file absent),
ICON,fold_5,radiation,2025-02-24,history,ARCHIVE_ABSENCE (run file absent),
ICON,fold_5,radiation,2025-02-25,history,ARCHIVE_ABSENCE (run file absent),
ICON,fold_5,radiation,2025-02-26,history,ARCHIVE_ABSENCE (run file absent),
ICON,fold_5,radiation,2025-02-27,history,ARCHIVE_ABSENCE (run file absent),
ICON,fold_5,radiation,2025-02-28,history,ARCHIVE_ABSENCE (run file absent),
ICON,fold_5,radiation,2025-03-01,history,ARCHIVE_ABSENCE (run file absent),
ICON,fold_5,radiation,2025-03-02,history,ARCHIVE_ABSENCE (run file absent),
ICON,fold_5,radiation,2025-03-03,history,ARCHIVE_ABSENCE (run file absent),
ICON,fold_5,radiation,2025-03-04,history,ARCHIVE_ABSENCE (run file absent),
ICON,fold_5,radiation,2025-03-05,history,ARCHIVE_ABSENCE (run file absent),
ICON,fold_5,radiation,2025-03-06,history,ARCHIVE_ABSENCE (run file absent),
ICON,fold_5,radiation,2025-03-08,history,ARCHIVE_ABSENCE (run file absent),
ICON,fold_5,radiation,2025-03-09,history,ARCHIVE_ABSENCE (run file absent),
ICON,fold_5,radiation,2025-03-10,history,ARCHIVE_ABSENCE (run file absent),
ICON,fold_5,radiation,2025-03-11,history,ARCHIVE_ABSENCE (run file absent),
ICON,fold_5,radiation,2025-03-12,history,ARCHIVE_ABSENCE (run file absent),
ICON,fold_5,radiation,2025-03-13,history,ARCHIVE_ABSENCE (run file absent),
ICON,fold_5,radiation,2025-03-14,history,ARCHIVE_ABSENCE (run file absent),
ICON,fold_5,radiation,2025-03-15,history,ARCHIVE_ABSENCE (run file absent),
ICON,fold_5,radiation,2025-03-16,history,ARCHIVE_ABSENCE (run file absent),
ICON,fold_5,radiation,2025-03-17,history,ARCHIVE_ABSENCE (run file absent),
ICON,fold_5,radiation,2025-03-18,history,ARCHIVE_ABSENCE (run file absent),
ICON,fold_5,radiation,2025-03-19,history,ARCHIVE_ABSENCE (run file absent),
ICON,fold_5,radiation,2025-03-20,history,ARCHIVE_ABSENCE (run file absent),
ICON,fold_5,radiation,2025-03-21,history,ARCHIVE_ABSENCE (run file absent),
ICON,fold_5,radiation,2025-03-22,history,ARCHIVE_ABSENCE (run file absent),
ICON,fold_5,radiation,2025-03-23,history,ARCHIVE_ABSENCE (run file absent),
ICON,fold_5,radiation,2025-03-24,history,ARCHIVE_ABSENCE (run file absent),
ICON,fold_5,radiation,2025-03-25,history,ARCHIVE_ABSENCE (run file absent),
ICON,fold_5,radiation,2025-03-26,history,ARCHIVE_ABSENCE (run file absent),
ICON,fold_5,radiation,2025-03-27,history,ARCHIVE_ABSENCE (run file absent),
ICON,fold_5,radiation,2025-03-28,history,ARCHIVE_ABSENCE (run file absent),
ICON,fold_5,radiation,2025-03-29,history,ARCHIVE_ABSENCE (run file absent),
ICON,fold_5,radiation,2025-03-30,history,ARCHIVE_ABSENCE (run file absent),
ICON,fold_5,radiation,2025-03-31,history,ARCHIVE_ABSENCE (run file absent),
ICON,fold_5,radiation,2025-04-01,history,ARCHIVE_ABSENCE (run file absent),
ICON,fold_5,radiation,2025-04-02,history,ARCHIVE_ABSENCE (run file absent),
ICON,fold_5,radiation,2025-04-03,history,ARCHIVE_ABSENCE (run file absent),
ICON,fold_5,radiation,2025-08-10,history,ARCHIVE_ABSENCE (outside archive span 2020-01-01..2025-08-09),
ICON,fold_5,radiation,2025-08-11,history,ARCHIVE_ABSENCE (outside archive span 2020-01-01..2025-08-09),
ICON,fold_5,radiation,2025-08-12,history,ARCHIVE_ABSENCE (outside archive span 2020-01-01..2025-08-09),
ICON,fold_5,radiation,2025-08-13,history,ARCHIVE_ABSENCE (outside archive span 2020-01-01..2025-08-09),
ICON,fold_5,radiation,2025-08-14,history,ARCHIVE_ABSENCE (outside archive span 2020-01-01..2025-08-09),
ICON,fold_5,radiation,2025-08-15,history,ARCHIVE_ABSENCE (outside archive span 2020-01-01..2025-08-09),
ICON,fold_5,radiation,2025-08-16,history,ARCHIVE_ABSENCE (outside archive span 2020-01-01..2025-08-09),
ICON,fold_5,radiation,2025-08-17,history,ARCHIVE_ABSENCE (outside archive span 2020-01-01..2025-08-09),
ICON,fold_5,radiation,2025-08-18,history,ARCHIVE_ABSENCE (outside archive span 2020-01-01..2025-08-09),
ICON,fold_5,radiation,2025-08-19,history,ARCHIVE_ABSENCE (outside archive span 2020-01-01..2025-08-09),
ICON,fold_5,radiation,2025-08-20,history,ARCHIVE_ABSENCE (outside archive span 2020-01-01..2025-08-09),
ICON,fold_5,radiation,2025-08-21,history,ARCHIVE_ABSENCE (outside archive span 2020-01-01..2025-08-09),
ICON,fold_5,radiation,2025-08-22,history,ARCHIVE_ABSENCE (outside archive span 2020-01-01..2025-08-09),
ICON,fold_5,radiation,2025-08-23,history,ARCHIVE_ABSENCE (outside archive span 2020-01-01..2025-08-09),
ICON,fold_5,radiation,2025-08-24,history,ARCHIVE_ABSENCE (outside archive span 2020-01-01..2025-08-09),
ICON,fold_5,radiation,2025-08-25,history,ARCHIVE_ABSENCE (outside archive span 2020-01-01..2025-08-09),
ICON,fold_5,radiation,2025-08-26,history,ARCHIVE_ABSENCE (outside archive span 2020-01-01..2025-08-09),
ICON,fold_5,radiation,2025-08-27,history,ARCHIVE_ABSENCE (outside archive span 2020-01-01..2025-08-09),
ICON,fold_5,radiation,2025-08-28,history,ARCHIVE_ABSENCE (outside archive span 2020-01-01..2025-08-09),
ICON,fold_5,radiation,2025-08-29,history,ARCHIVE_ABSENCE (outside archive span 2020-01-01..2025-08-09),
ICON,fold_5,radiation,2025-08-30,history,ARCHIVE_ABSENCE (outside archive span 2020-01-01..2025-08-09),
ICON,fold_5,radiation,2025-08-31,history,ARCHIVE_ABSENCE (outside archive span 2020-01-01..2025-08-09),
ICON,fold_5,radiation,2025-09-01,history,ARCHIVE_ABSENCE (outside archive span 2020-01-01..2025-08-09),
ICON,fold_5,radiation,2025-09-02,history,ARCHIVE_ABSENCE (outside archive span 2020-01-01..2025-08-09),
ICON,fold_5,radiation,2025-09-03,history,ARCHIVE_ABSENCE (outside archive span 2020-01-01..2025-08-09),
ICON,fold_5,radiation,2025-09-04,history,ARCHIVE_ABSENCE (outside archive span 2020-01-01..2025-08-09),
ICON,fold_5,radiation,2025-09-05,history,ARCHIVE_ABSENCE (outside archive span 2020-01-01..2025-08-09),
ICON,fold_5,radiation,2025-09-06,history,ARCHIVE_ABSENCE (outside archive span 2020-01-01..2025-08-09),
ICON,fold_5,radiation,2025-09-07,history,ARCHIVE_ABSENCE (outside archive span 2020-01-01..2025-08-09),
ICON,fold_5,radiation,2025-09-08,history,ARCHIVE_ABSENCE (outside archive span 2020-01-01..2025-08-09),
ICON,fold_5,radiation,2025-09-09,history,ARCHIVE_ABSENCE (outside archive span 2020-01-01..2025-08-09),
ICON,fold_5,radiation,2025-09-10,history,ARCHIVE_ABSENCE (outside archive span 2020-01-01..2025-08-09),
ICON,fold_5,radiation,2025-09-11,history,ARCHIVE_ABSENCE (outside archive span 2020-01-01..2025-08-09),
ICON,fold_5,radiation,2025-09-12,history,ARCHIVE_ABSENCE (outside archive span 2020-01-01..2025-08-09),
ICON,fold_5,radiation,2025-09-13,history,ARCHIVE_ABSENCE (outside archive span 2020-01-01..2025-08-09),
ICON,fold_5,radiation,2025-09-14,history,ARCHIVE_ABSENCE (outside archive span 2020-01-01..2025-08-09),
ICON,fold_5,radiation,2025-09-15,history,ARCHIVE_ABSENCE (outside archive span 2020-01-01..2025-08-09),
ICON,fold_5,radiation,2025-09-16,history,ARCHIVE_ABSENCE (outside archive span 2020-01-01..2025-08-09),
ICON,fold_5,radiation,2025-09-17,history,ARCHIVE_ABSENCE (outside archive span 2020-01-01..2025-08-09),
ICON,fold_5,radiation,2025-09-18,history,ARCHIVE_ABSENCE (outside archive span 2020-01-01..2025-08-09),
ICON,fold_5,radiation,2025-09-19,history,ARCHIVE_ABSENCE (outside archive span 2020-01-01..2025-08-09),
ICON,fold_5,radiation,2025-09-20,history,ARCHIVE_ABSENCE (outside archive span 2020-01-01..2025-08-09),
ICON,fold_5,radiation,2025-09-21,history,ARCHIVE_ABSENCE (outside archive span 2020-01-01..2025-08-09),
ICON,fold_5,radiation,2025-09-22,history,ARCHIVE_ABSENCE (outside archive span 2020-01-01..2025-08-09),
ICON,fold_5,radiation,2025-09-23,history,ARCHIVE_ABSENCE (outside archive span 2020-01-01..2025-08-09),
ICON,fold_5,radiation,2025-09-24,history,ARCHIVE_ABSENCE (outside archive span 2020-01-01..2025-08-09),
ICON,fold_5,radiation,2025-09-25,history,ARCHIVE_ABSENCE (outside archive span 2020-01-01..2025-08-09),
ICON,fold_5,radiation,2025-09-26,history,ARCHIVE_ABSENCE (outside archive span 2020-01-01..2025-08-09),
ICON,fold_5,radiation,2025-09-27,history,ARCHIVE_ABSENCE (outside archive span 2020-01-01..2025-08-09),
ICON,fold_5,radiation,2025-09-28,history,ARCHIVE_ABSENCE (outside archive span 2020-01-01..2025-08-09),
ICON,fold_5,radiation,2025-09-29,history,ARCHIVE_ABSENCE (outside archive span 2020-01-01..2025-08-09),
ICON,fold_5,radiation,2025-09-30,history,ARCHIVE_ABSENCE (outside archive span 2020-01-01..2025-08-09),
ICON,fold_5,radiation,2025-10-01,history,ARCHIVE_ABSENCE (outside archive span 2020-01-01..2025-08-09),
ICON,fold_5,radiation,2025-10-02,history,ARCHIVE_ABSENCE (outside archive span 2020-01-01..2025-08-09),
ICON,fold_5,radiation,2025-10-03,history,ARCHIVE_ABSENCE (outside archive span 2020-01-01..2025-08-09),
ICON,fold_5,radiation,2025-10-04,history,ARCHIVE_ABSENCE (outside archive span 2020-01-01..2025-08-09),
ICON,fold_5,radiation,2025-10-05,history,ARCHIVE_ABSENCE (outside archive span 2020-01-01..2025-08-09),
ICON,fold_5,radiation,2025-10-06,history,ARCHIVE_ABSENCE (outside archive span 2020-01-01..2025-08-09),
ICON,fold_5,radiation,2025-10-07,history,ARCHIVE_ABSENCE (outside archive span 2020-01-01..2025-08-09),
ICON,fold_5,radiation,2025-10-08,history,ARCHIVE_ABSENCE (outside archive span 2020-01-01..2025-08-09),
ICON,fold_5,radiation,2025-10-09,history,ARCHIVE_ABSENCE (outside archive span 2020-01-01..2025-08-09),
ICON,fold_5,radiation,2025-10-10,history,ARCHIVE_ABSENCE (outside archive span 2020-01-01..2025-08-09),
ICON,fold_5,radiation,2025-10-11,history,ARCHIVE_ABSENCE (outside archive span 2020-01-01..2025-08-09),
ICON,fold_5,radiation,2025-10-12,history,ARCHIVE_ABSENCE (outside archive span 2020-01-01..2025-08-09),
ICON,fold_5,radiation,2025-10-13,history,ARCHIVE_ABSENCE (outside archive span 2020-01-01..2025-08-09),
ICON,fold_5,radiation,2025-10-14,history,ARCHIVE_ABSENCE (outside archive span 2020-01-01..2025-08-09),
ICON,fold_5,radiation,2025-10-15,history,ARCHIVE_ABSENCE (outside archive span 2020-01-01..2025-08-09),
ICON,fold_5,radiation,2025-10-16,history,ARCHIVE_ABSENCE (outside archive span 2020-01-01..2025-08-09),
ICON,fold_5,radiation,2025-10-17,history,ARCHIVE_ABSENCE (outside archive span 2020-01-01..2025-08-09),
ICON,fold_5,radiation,2025-10-18,history,ARCHIVE_ABSENCE (outside archive span 2020-01-01..2025-08-09),
ICON,fold_5,radiation,2025-10-19,history,ARCHIVE_ABSENCE (outside archive span 2020-01-01..2025-08-09),
ICON,fold_5,radiation,2025-10-20,history,ARCHIVE_ABSENCE (outside archive span 2020-01-01..2025-08-09),
ICON,fold_5,radiation,2025-10-21,history,ARCHIVE_ABSENCE (outside archive span 2020-01-01..2025-08-09),
ICON,fold_5,radiation,2025-10-22,history,ARCHIVE_ABSENCE (outside archive span 2020-01-01..2025-08-09),
ICON,fold_5,radiation,2025-10-23,history,ARCHIVE_ABSENCE (outside archive span 2020-01-01..2025-08-09),
ICON,fold_5,radiation,2025-10-24,history,ARCHIVE_ABSENCE (outside archive span 2020-01-01..2025-08-09),
ICON,fold_5,radiation,2025-10-25,history,ARCHIVE_ABSENCE (outside archive span 2020-01-01..2025-08-09),
ICON,fold_5,radiation,2025-10-26,history,ARCHIVE_ABSENCE (outside archive span 2020-01-01..2025-08-09),
ICON,fold_5,radiation,2025-10-27,history,ARCHIVE_ABSENCE (outside archive span 2020-01-01..2025-08-09),
ICON,fold_5,radiation,2025-10-28,history,ARCHIVE_ABSENCE (outside archive span 2020-01-01..2025-08-09),
ICON,fold_5,radiation,2025-10-29,history,ARCHIVE_ABSENCE (outside archive span 2020-01-01..2025-08-09),
ICON,fold_5,radiation,2025-10-30,history,ARCHIVE_ABSENCE (outside archive span 2020-01-01..2025-08-09),
ICON,fold_5,radiation,2025-10-31,history,ARCHIVE_ABSENCE (outside archive span 2020-01-01..2025-08-09),
ICON,fold_5,radiation,2025-11-01,history,ARCHIVE_ABSENCE (outside archive span 2020-01-01..2025-08-09),
ICON,fold_5,radiation,2025-11-02,history,ARCHIVE_ABSENCE (outside archive span 2020-01-01..2025-08-09),
ICON,fold_5,radiation,2025-11-03,history,ARCHIVE_ABSENCE (outside archive span 2020-01-01..2025-08-09),
ICON,fold_5,radiation,2025-11-04,history,ARCHIVE_ABSENCE (outside archive span 2020-01-01..2025-08-09),
ICON,fold_5,radiation,2025-11-05,history,ARCHIVE_ABSENCE (outside archive span 2020-01-01..2025-08-09),
ICON,fold_5,radiation,2025-11-06,history,ARCHIVE_ABSENCE (outside archive span 2020-01-01..2025-08-09),
ICON,fold_5,radiation,2025-11-07,history,ARCHIVE_ABSENCE (outside archive span 2020-01-01..2025-08-09),
ICON,fold_5,radiation,2025-11-08,history,ARCHIVE_ABSENCE (outside archive span 2020-01-01..2025-08-09),
ICON,fold_5,radiation,2025-11-09,history,ARCHIVE_ABSENCE (outside archive span 2020-01-01..2025-08-09),
ICON,fold_5,radiation,2025-11-10,history,ARCHIVE_ABSENCE (outside archive span 2020-01-01..2025-08-09),
ICON,fold_5,radiation,2025-11-11,history,ARCHIVE_ABSENCE (outside archive span 2020-01-01..2025-08-09),
ICON,fold_5,radiation,2025-11-12,history,ARCHIVE_ABSENCE (outside archive span 2020-01-01..2025-08-09),
ICON,fold_5,radiation,2025-11-13,history,ARCHIVE_ABSENCE (outside archive span 2020-01-01..2025-08-09),
ICON,fold_5,radiation,2025-11-14,history,ARCHIVE_ABSENCE (outside archive span 2020-01-01..2025-08-09),
ICON,fold_5,radiation,2025-11-15,history,ARCHIVE_ABSENCE (outside archive span 2020-01-01..2025-08-09),
ICON,fold_5,radiation,2025-11-16,history,ARCHIVE_ABSENCE (outside archive span 2020-01-01..2025-08-09),
ICON,fold_5,radiation,2025-11-17,history,ARCHIVE_ABSENCE (outside archive span 2020-01-01..2025-08-09),
ICON,fold_5,radiation,2025-11-18,history,ARCHIVE_ABSENCE (outside archive span 2020-01-01..2025-08-09),
ICON,fold_5,radiation,2025-11-19,history,ARCHIVE_ABSENCE (outside archive span 2020-01-01..2025-08-09),
ICON,fold_5,radiation,2025-11-20,history,ARCHIVE_ABSENCE (outside archive span 2020-01-01..2025-08-09),
ICON,fold_5,radiation,2025-11-21,history,ARCHIVE_ABSENCE (outside archive span 2020-01-01..2025-08-09),
ICON,fold_5,radiation,2025-11-22,history,ARCHIVE_ABSENCE (outside archive span 2020-01-01..2025-08-09),
ICON,fold_5,radiation,2025-11-23,history,ARCHIVE_ABSENCE (outside archive span 2020-01-01..2025-08-09),
ICON,fold_5,radiation,2025-11-24,history,ARCHIVE_ABSENCE (outside archive span 2020-01-01..2025-08-09),
ICON,fold_5,radiation,2025-11-25,history,ARCHIVE_ABSENCE (outside archive span 2020-01-01..2025-08-09),
ICON,fold_5,radiation,2025-11-26,history,ARCHIVE_ABSENCE (outside archive span 2020-01-01..2025-08-09),
ICON,fold_5,radiation,2025-11-27,history,ARCHIVE_ABSENCE (outside archive span 2020-01-01..2025-08-09),
ICON,fold_5,radiation,2025-11-28,history,ARCHIVE_ABSENCE (outside archive span 2020-01-01..2025-08-09),
ICON,fold_5,radiation,2025-11-29,history,ARCHIVE_ABSENCE (outside archive span 2020-01-01..2025-08-09),
ICON,fold_5,radiation,2025-11-30,history,ARCHIVE_ABSENCE (outside archive span 2020-01-01..2025-08-09),
ICON,fold_5,radiation,2025-12-01,history,ARCHIVE_ABSENCE (outside archive span 2020-01-01..2025-08-09),
ICON,fold_5,radiation,2025-12-02,history,ARCHIVE_ABSENCE (outside archive span 2020-01-01..2025-08-09),
ICON,fold_5,radiation,2025-12-03,history,ARCHIVE_ABSENCE (outside archive span 2020-01-01..2025-08-09),
ICON,fold_5,radiation,2025-12-04,history,ARCHIVE_ABSENCE (outside archive span 2020-01-01..2025-08-09),
ICON,fold_5,radiation,2025-12-05,history,ARCHIVE_ABSENCE (outside archive span 2020-01-01..2025-08-09),
ICON,fold_5,radiation,2025-12-06,history,ARCHIVE_ABSENCE (outside archive span 2020-01-01..2025-08-09),
ICON,fold_5,radiation,2025-12-07,history,ARCHIVE_ABSENCE (outside archive span 2020-01-01..2025-08-09),
ICON,fold_5,radiation,2025-12-08,history,ARCHIVE_ABSENCE (outside archive span 2020-01-01..2025-08-09),
ICON,fold_5,radiation,2025-12-09,warmup,ARCHIVE_ABSENCE (outside archive span 2020-01-01..2025-08-09),
ICON,fold_5,radiation,2025-12-10,warmup,ARCHIVE_ABSENCE (outside archive span 2020-01-01..2025-08-09),
ICON,fold_5,radiation,2025-12-11,warmup,ARCHIVE_ABSENCE (outside archive span 2020-01-01..2025-08-09),
ICON,fold_5,radiation,2025-12-12,warmup,ARCHIVE_ABSENCE (outside archive span 2020-01-01..2025-08-09),
ICON,fold_5,radiation,2025-12-13,warmup,ARCHIVE_ABSENCE (outside archive span 2020-01-01..2025-08-09),
ICON,fold_5,radiation,2025-12-14,warmup,ARCHIVE_ABSENCE (outside archive span 2020-01-01..2025-08-09),
ICON,fold_5,radiation,2025-12-15,warmup,ARCHIVE_ABSENCE (outside archive span 2020-01-01..2025-08-09),
ICON,fold_5,radiation,2025-12-16,warmup,ARCHIVE_ABSENCE (outside archive span 2020-01-01..2025-08-09),
ICON,fold_5,radiation,2025-12-17,warmup,ARCHIVE_ABSENCE (outside archive span 2020-01-01..2025-08-09),
ICON,fold_5,radiation,2025-12-18,warmup,ARCHIVE_ABSENCE (outside archive span 2020-01-01..2025-08-09),
ICON,fold_5,radiation,2025-12-19,warmup,ARCHIVE_ABSENCE (outside archive span 2020-01-01..2025-08-09),
ICON,fold_5,radiation,2025-12-20,warmup,ARCHIVE_ABSENCE (outside archive span 2020-01-01..2025-08-09),
ICON,fold_5,radiation,2025-12-21,warmup,ARCHIVE_ABSENCE (outside archive span 2020-01-01..2025-08-09),
ICON,fold_5,radiation,2025-12-22,warmup,ARCHIVE_ABSENCE (outside archive span 2020-01-01..2025-08-09),
ICON,fold_5,radiation,2025-12-23,warmup,ARCHIVE_ABSENCE (outside archive span 2020-01-01..2025-08-09),
ICON,fold_5,radiation,2025-12-24,warmup,ARCHIVE_ABSENCE (outside archive span 2020-01-01..2025-08-09),
ICON,fold_5,radiation,2025-12-25,warmup,ARCHIVE_ABSENCE (outside archive span 2020-01-01..2025-08-09),
ICON,fold_5,radiation,2025-12-26,warmup,ARCHIVE_ABSENCE (outside archive span 2020-01-01..2025-08-09),
ICON,fold_5,radiation,2025-12-27,warmup,ARCHIVE_ABSENCE (outside archive span 2020-01-01..2025-08-09),
ICON,fold_5,radiation,2025-12-28,warmup,ARCHIVE_ABSENCE (outside archive span 2020-01-01..2025-08-09),
ICON,fold_5,radiation,2025-12-29,warmup,ARCHIVE_ABSENCE (outside archive span 2020-01-01..2025-08-09),
ICON,fold_5,radiation,2025-12-30,warmup,ARCHIVE_ABSENCE (outside archive span 2020-01-01..2025-08-09),
ICON,fold_5,radiation,2025-12-31,warmup,ARCHIVE_ABSENCE (outside archive span 2020-01-01..2025-08-09),
ICON,fold_5,radiation,2026-01-01,warmup,ARCHIVE_ABSENCE (outside archive span 2020-01-01..2025-08-09),
ICON,fold_5,radiation,2026-01-02,warmup,ARCHIVE_ABSENCE (outside archive span 2020-01-01..2025-08-09),
ICON,fold_5,radiation,2026-01-03,warmup,ARCHIVE_ABSENCE (outside archive span 2020-01-01..2025-08-09),
ICON,fold_5,radiation,2026-01-04,warmup,ARCHIVE_ABSENCE (outside archive span 2020-01-01..2025-08-09),
ICON,fold_5,radiation,2026-01-05,warmup,ARCHIVE_ABSENCE (outside archive span 2020-01-01..2025-08-09),
ICON,fold_5,radiation,2026-01-06,warmup,ARCHIVE_ABSENCE (outside archive span 2020-01-01..2025-08-09),
ICON,fold_5,radiation,2026-01-07,evaluation,ARCHIVE_ABSENCE (outside archive span 2020-01-01..2025-08-09),
ICON,fold_5,radiation,2026-01-08,evaluation,ARCHIVE_ABSENCE (outside archive span 2020-01-01..2025-08-09),
ICON,fold_5,radiation,2026-01-09,evaluation,ARCHIVE_ABSENCE (outside archive span 2020-01-01..2025-08-09),
ICON,fold_5,radiation,2026-01-10,evaluation,ARCHIVE_ABSENCE (outside archive span 2020-01-01..2025-08-09),
ICON,fold_5,radiation,2026-01-11,evaluation,ARCHIVE_ABSENCE (outside archive span 2020-01-01..2025-08-09),
ICON,fold_5,radiation,2026-01-12,evaluation,ARCHIVE_ABSENCE (outside archive span 2020-01-01..2025-08-09),
ICON,fold_5,radiation,2026-01-13,evaluation,ARCHIVE_ABSENCE (outside archive span 2020-01-01..2025-08-09),
ICON,fold_5,radiation,2026-01-14,evaluation,ARCHIVE_ABSENCE (outside archive span 2020-01-01..2025-08-09),
ICON,fold_5,radiation,2026-01-15,evaluation,ARCHIVE_ABSENCE (outside archive span 2020-01-01..2025-08-09),
ICON,fold_5,radiation,2026-01-16,evaluation,ARCHIVE_ABSENCE (outside archive span 2020-01-01..2025-08-09),
ICON,fold_5,radiation,2026-01-17,evaluation,ARCHIVE_ABSENCE (outside archive span 2020-01-01..2025-08-09),
ICON,fold_5,radiation,2026-01-18,evaluation,ARCHIVE_ABSENCE (outside archive span 2020-01-01..2025-08-09),
ICON,fold_5,radiation,2026-01-19,evaluation,ARCHIVE_ABSENCE (outside archive span 2020-01-01..2025-08-09),
ICON,fold_5,radiation,2026-01-20,evaluation,ARCHIVE_ABSENCE (outside archive span 2020-01-01..2025-08-09),
ICON,fold_5,radiation,2026-01-21,evaluation,ARCHIVE_ABSENCE (outside archive span 2020-01-01..2025-08-09),
ICON,fold_5,radiation,2026-01-22,evaluation,ARCHIVE_ABSENCE (outside archive span 2020-01-01..2025-08-09),
ICON,fold_5,radiation,2026-01-23,evaluation,ARCHIVE_ABSENCE (outside archive span 2020-01-01..2025-08-09),
ICON,fold_5,radiation,2026-01-24,evaluation,ARCHIVE_ABSENCE (outside archive span 2020-01-01..2025-08-09),
ICON,fold_5,radiation,2026-01-25,evaluation,ARCHIVE_ABSENCE (outside archive span 2020-01-01..2025-08-09),
ICON,fold_5,radiation,2026-01-26,evaluation,ARCHIVE_ABSENCE (outside archive span 2020-01-01..2025-08-09),
ICON,fold_5,radiation,2026-01-27,evaluation,ARCHIVE_ABSENCE (outside archive span 2020-01-01..2025-08-09),
ICON,fold_5,radiation,2026-01-28,evaluation,ARCHIVE_ABSENCE (outside archive span 2020-01-01..2025-08-09),
ICON,fold_5,radiation,2026-01-29,evaluation,ARCHIVE_ABSENCE (outside archive span 2020-01-01..2025-08-09),
ICON,fold_5,radiation,2026-01-30,evaluation,ARCHIVE_ABSENCE (outside archive span 2020-01-01..2025-08-09),
ICON,fold_5,radiation,2026-01-31,evaluation,ARCHIVE_ABSENCE (outside archive span 2020-01-01..2025-08-09),
ICON,fold_5,radiation,2026-02-01,evaluation,ARCHIVE_ABSENCE (outside archive span 2020-01-01..2025-08-09),
ICON,fold_5,radiation,2026-02-02,evaluation,ARCHIVE_ABSENCE (outside archive span 2020-01-01..2025-08-09),
ICON,fold_5,radiation,2026-02-03,evaluation,ARCHIVE_ABSENCE (outside archive span 2020-01-01..2025-08-09),
ICON,fold_5,radiation,2026-02-04,evaluation,ARCHIVE_ABSENCE (outside archive span 2020-01-01..2025-08-09),
ICON,fold_5,radiation,2026-02-05,evaluation,ARCHIVE_ABSENCE (outside archive span 2020-01-01..2025-08-09),
ICON,fold_5,radiation,2026-02-06,evaluation,ARCHIVE_ABSENCE (outside archive span 2020-01-01..2025-08-09),
ICON,fold_5,radiation,2026-02-07,evaluation,ARCHIVE_ABSENCE (outside archive span 2020-01-01..2025-08-09),
ICON,fold_5,radiation,2026-02-08,evaluation,ARCHIVE_ABSENCE (outside archive span 2020-01-01..2025-08-09),
ICON,fold_5,radiation,2026-02-09,evaluation,ARCHIVE_ABSENCE (outside archive span 2020-01-01..2025-08-09),
ICON,fold_5,radiation,2026-02-10,evaluation,ARCHIVE_ABSENCE (outside archive span 2020-01-01..2025-08-09),
ICON,fold_5,radiation,2026-02-11,evaluation,ARCHIVE_ABSENCE (outside archive span 2020-01-01..2025-08-09),
ICON,fold_5,radiation,2026-02-12,evaluation,ARCHIVE_ABSENCE (outside archive span 2020-01-01..2025-08-09),
ICON,fold_5,radiation,2026-02-13,evaluation,ARCHIVE_ABSENCE (outside archive span 2020-01-01..2025-08-09),
ICON,fold_5,radiation,2026-02-14,evaluation,ARCHIVE_ABSENCE (outside archive span 2020-01-01..2025-08-09),
ICON,fold_5,radiation,2026-02-15,evaluation,ARCHIVE_ABSENCE (outside archive span 2020-01-01..2025-08-09),
ICON,fold_5,radiation,2026-02-16,evaluation,ARCHIVE_ABSENCE (outside archive span 2020-01-01..2025-08-09),
ICON,fold_5,radiation,2026-02-17,evaluation,ARCHIVE_ABSENCE (outside archive span 2020-01-01..2025-08-09),
ICON,fold_5,radiation,2026-02-18,evaluation,ARCHIVE_ABSENCE (outside archive span 2020-01-01..2025-08-09),
ICON,fold_5,radiation,2026-02-19,evaluation,ARCHIVE_ABSENCE (outside archive span 2020-01-01..2025-08-09),
ICON,fold_5,radiation,2026-02-20,evaluation,ARCHIVE_ABSENCE (outside archive span 2020-01-01..2025-08-09),
ICON,fold_5,radiation,2026-02-21,evaluation,ARCHIVE_ABSENCE (outside archive span 2020-01-01..2025-08-09),
ICON,fold_5,radiation,2026-02-22,evaluation,ARCHIVE_ABSENCE (outside archive span 2020-01-01..2025-08-09),
ICON,fold_5,radiation,2026-02-23,evaluation,ARCHIVE_ABSENCE (outside archive span 2020-01-01..2025-08-09),
ICON,fold_5,radiation,2026-02-24,evaluation,ARCHIVE_ABSENCE (outside archive span 2020-01-01..2025-08-09),
ICON,fold_5,radiation,2026-02-25,evaluation,ARCHIVE_ABSENCE (outside archive span 2020-01-01..2025-08-09),
ICON,fold_5,radiation,2026-02-26,evaluation,ARCHIVE_ABSENCE (outside archive span 2020-01-01..2025-08-09),
ICON,fold_5,radiation,2026-02-27,evaluation,ARCHIVE_ABSENCE (outside archive span 2020-01-01..2025-08-09),
ICON,fold_5,radiation,2026-02-28,evaluation,ARCHIVE_ABSENCE (outside archive span 2020-01-01..2025-08-09),
ICON,fold_5,radiation,2026-03-01,evaluation,ARCHIVE_ABSENCE (outside archive span 2020-01-01..2025-08-09),
ICON,fold_5,radiation,2026-03-02,evaluation,ARCHIVE_ABSENCE (outside archive span 2020-01-01..2025-08-09),
ICON,fold_5,radiation,2026-03-03,evaluation,ARCHIVE_ABSENCE (outside archive span 2020-01-01..2025-08-09),
ICON,fold_5,radiation,2026-03-04,evaluation,ARCHIVE_ABSENCE (outside archive span 2020-01-01..2025-08-09),
ICON,fold_5,radiation,2026-03-05,evaluation,ARCHIVE_ABSENCE (outside archive span 2020-01-01..2025-08-09),
ICON,fold_5,radiation,2026-03-06,evaluation,ARCHIVE_ABSENCE (outside archive span 2020-01-01..2025-08-09),
ICON,fold_5,radiation,2026-03-07,evaluation,ARCHIVE_ABSENCE (outside archive span 2020-01-01..2025-08-09),
ICON,fold_5,radiation,2026-03-08,evaluation,ARCHIVE_ABSENCE (outside archive span 2020-01-01..2025-08-09),
ICON,fold_5,radiation,2026-03-09,evaluation,ARCHIVE_ABSENCE (outside archive span 2020-01-01..2025-08-09),
ICON,fold_5,radiation,2026-03-10,evaluation,ARCHIVE_ABSENCE (outside archive span 2020-01-01..2025-08-09),
ICON,fold_5,radiation,2026-03-11,evaluation,ARCHIVE_ABSENCE (outside archive span 2020-01-01..2025-08-09),
ICON,fold_5,radiation,2026-03-12,evaluation,ARCHIVE_ABSENCE (outside archive span 2020-01-01..2025-08-09),
ICON,fold_5,radiation,2026-03-13,evaluation,ARCHIVE_ABSENCE (outside archive span 2020-01-01..2025-08-09),
ICON,fold_5,radiation,2026-03-14,evaluation,ARCHIVE_ABSENCE (outside archive span 2020-01-01..2025-08-09),
ICON,fold_5,radiation,2026-03-15,evaluation,ARCHIVE_ABSENCE (outside archive span 2020-01-01..2025-08-09),
ICON,fold_5,radiation,2026-03-16,evaluation,ARCHIVE_ABSENCE (outside archive span 2020-01-01..2025-08-09),
ICON,fold_5,radiation,2026-03-17,evaluation,ARCHIVE_ABSENCE (outside archive span 2020-01-01..2025-08-09),
ICON,fold_5,radiation,2026-03-18,evaluation,ARCHIVE_ABSENCE (outside archive span 2020-01-01..2025-08-09),
ICON,fold_5,radiation,2026-03-19,evaluation,ARCHIVE_ABSENCE (outside archive span 2020-01-01..2025-08-09),
ICON,fold_5,radiation,2026-03-20,evaluation,ARCHIVE_ABSENCE (outside archive span 2020-01-01..2025-08-09),
ICON,fold_5,radiation,2026-03-21,evaluation,ARCHIVE_ABSENCE (outside archive span 2020-01-01..2025-08-09),
ICON,fold_5,radiation,2026-03-22,evaluation,ARCHIVE_ABSENCE (outside archive span 2020-01-01..2025-08-09),
ICON,fold_5,radiation,2026-03-23,evaluation,ARCHIVE_ABSENCE (outside archive span 2020-01-01..2025-08-09),
ICON,fold_5,radiation,2026-03-24,evaluation,ARCHIVE_ABSENCE (outside archive span 2020-01-01..2025-08-09),
ICON,fold_5,radiation,2026-03-25,evaluation,ARCHIVE_ABSENCE (outside archive span 2020-01-01..2025-08-09),
ICON,fold_5,radiation,2026-03-26,evaluation,ARCHIVE_ABSENCE (outside archive span 2020-01-01..2025-08-09),
ICON,fold_5,radiation,2026-03-27,evaluation,ARCHIVE_ABSENCE (outside archive span 2020-01-01..2025-08-09),
ICON,fold_5,radiation,2026-03-28,evaluation,ARCHIVE_ABSENCE (outside archive span 2020-01-01..2025-08-09),
ICON,fold_5,radiation,2026-03-29,evaluation,ARCHIVE_ABSENCE (outside archive span 2020-01-01..2025-08-09),
ICON,fold_5,radiation,2026-03-30,evaluation,ARCHIVE_ABSENCE (outside archive span 2020-01-01..2025-08-09),
ICON,fold_5,radiation,2026-03-31,evaluation,ARCHIVE_ABSENCE (outside archive span 2020-01-01..2025-08-09),
ICON,fold_5,radiation,2026-04-01,evaluation,ARCHIVE_ABSENCE (outside archive span 2020-01-01..2025-08-09),
ICON,fold_5,radiation,2026-04-02,evaluation,ARCHIVE_ABSENCE (outside archive span 2020-01-01..2025-08-09),
ICON,fold_5,radiation,2026-04-03,evaluation,ARCHIVE_ABSENCE (outside archive span 2020-01-01..2025-08-09),
ICON,fold_5,radiation,2026-04-04,evaluation,ARCHIVE_ABSENCE (outside archive span 2020-01-01..2025-08-09),
ICON,fold_5,radiation,2026-04-05,evaluation,ARCHIVE_ABSENCE (outside archive span 2020-01-01..2025-08-09),
ICON,fold_5,radiation,2026-04-06,evaluation,ARCHIVE_ABSENCE (outside archive span 2020-01-01..2025-08-09),
