fold,phase,delivery_date,n_window,n_inner,selected,tie,winner_margin_relative,inner_wall_seconds,inner_cpu_seconds,full_window_wall_seconds,full_window_cpu_seconds,selected_full_window_wall_seconds,worker_maxrss_bytes
fold_1,warmup,2020-05-25,11510,10838,G4,False,0.02162309565515234,1.8568484570132568,1.842413,1.9115102489013225,1.903741000000002,0.9194892910309136,338132992
fold_1,warmup,2020-05-26,11534,10862,G4,False,0.014666111431374815,1.8212584990542382,1.8151129999999993,1.8830345841124654,1.8761590000000004,0.8939977920381352,343244800
fold_1,warmup,2020-05-27,11558,10886,G4,False,0.00018077994936523706,1.8322766668861732,1.8192560000000002,1.8720734589733183,1.8659720000000002,0.8841379169607535,346128384
fold_1,warmup,2020-05-28,11582,10910,G4,False,0.050760482041823235,1.8501912910724059,1.841894,1.8883693319512531,1.8812540000000002,0.9016834159847349,352468992
fold_1,warmup,2020-05-29,11606,10934,G4,False,0.05417906660509767,1.8229607508983463,1.8172870000000003,1.8953313319943845,1.888275000000002,0.9003966669552028,346128384
fold_1,warmup,2020-05-30,11630,10958,G4,False,0.009406893605848163,1.8433832499431446,1.8373709999999992,1.8468966669170186,1.8435199999999998,0.8865732079138979,343244800
fold_1,warmup,2020-05-31,11654,10982,G4,False,0.04490332520744179,1.8548660830128938,1.8481060000000005,1.9025339999934658,1.894857,0.9097609589807689,352468992
fold_1,warmup,2020-06-01,11678,11006,G4,False,0.04610886336925012,1.8378398340428248,1.8318209999999997,1.8877531248144805,1.8815100000000005,0.9056356669170782,338132992
fold_1,warmup,2020-06-02,11702,11030,G3,False,0.0451736312178262,1.8501696661114693,1.8433079999999986,1.883916208986193,1.8702179999999977,0.5687137090135366,343244800
fold_1,warmup,2020-06-03,11726,11054,G3,False,0.006790657026886128,1.8714258319232613,1.8640399999999993,1.9268172080628574,1.9186890000000005,0.5859996250364929,346128384
fold_1,warmup,2020-06-04,11750,11078,G3,False,0.00991849950746894,1.8514722090912983,1.8453449999999982,1.9007062499877065,1.8936189999999993,0.5606080000288785,338132992
fold_1,warmup,2020-06-05,11774,11102,G4,False,0.007290400244590812,1.8553272910648957,1.8480099999999986,1.8939815008779988,1.8825800000000008,0.8991549169877544,352468992
fold_1,warmup,2020-06-06,11798,11126,G3,False,0.021784920956016567,1.8575635410379618,1.8521950000000018,1.9372745838481933,1.9286269999999988,0.5848275419557467,343244800
fold_1,warmup,2020-06-07,11822,11150,G2,False,0.02176637744987904,1.8437624180223793,1.8385789999999993,1.8930372510803863,1.8880030000000012,0.30312220903579146,346128384
fold_1,warmup,2020-06-08,11846,11174,G4,False,0.0011009745423186585,1.8609862510347739,1.8551289999999998,1.91344733198639,1.907150999999999,0.9173756249947473,338132992
fold_1,warmup,2020-06-09,11870,11198,G4,False,0.02171434500737296,1.8543579578399658,1.8490199999999977,1.8959268749458715,1.8909179999999992,0.8979831250617281,352468992
fold_1,warmup,2020-06-10,11894,11222,G3,False,0.009177763145530043,1.8558354168199003,1.8506909999999976,1.929317582049407,1.9227130000000017,0.5809222500538453,343244800
fold_1,warmup,2020-06-11,11918,11246,G3,False,0.0017091844955232256,1.8650689161149785,1.8584309999999995,1.922609709086828,1.916361000000002,0.5799003749853,346128384
fold_1,warmup,2020-06-12,11942,11270,G2,False,0.026520935243714766,1.828713706927374,1.8243209999999976,1.9162983760470524,1.9103930000000027,0.31841150007676333,338132992
fold_1,warmup,2020-06-13,11966,11294,G2,False,0.010015699765771734,1.8521230828482658,1.8463879999999975,1.8848250829614699,1.8807630000000017,0.30085062491707504,352468992
fold_1,warmup,2020-06-14,11990,11318,G1,False,0.022688021881056224,1.8571981249842793,1.8521629999999973,1.9403143340023234,1.9343659999999971,0.12066416698507965,343244800
fold_1,warmup,2020-06-15,12014,11342,G1,False,0.057574217088679616,1.8525040830718353,1.8481680000000011,1.9366602080408484,1.930140999999999,0.11455424991436303,346128384
fold_1,warmup,2020-06-16,12038,11366,G1,False,0.02670030260852313,1.8544699579942971,1.8500189999999996,1.9065524160396308,1.9013520000000028,0.11736041703261435,352468992
fold_1,warmup,2020-06-17,12062,11390,G2,False,0.004716060491361568,1.8823677088366821,1.8756499999999967,1.9093154990114272,1.9044159999999977,0.31093095801770687,338132992
fold_1,warmup,2020-06-18,12086,11414,G1,False,0.03456537628778317,2.023597958148457,1.9867969999999993,2.1236781659536064,2.093554000000001,0.13006891694385558,343244800
fold_1,warmup,2020-06-19,12110,11438,G1,False,0.04449440638296416,2.0187834998359904,1.9792799999999993,2.102061875164509,2.0727510000000002,0.12598833406809717,346128384
fold_1,warmup,2020-06-20,12134,11462,G1,False,0.02176501105061942,2.0337753330823034,1.9986759999999997,2.1049918750068173,2.0753860000000017,0.124859832925722,352468992
fold_1,warmup,2020-06-21,12158,11486,G1,False,0.01939397888347337,2.0354294170392677,2.0018990000000016,2.12583429296501,2.096414000000003,0.13329554197844118,338132992
fold_1,warmup,2020-06-22,12182,11510,G1,False,0.10909074412934427,1.8775892079574987,1.8704950000000018,2.015220833127387,1.9970520000000036,0.1162573330802843,346128384
fold_1,admission,2020-06-23,12206,11534,G1,False,0.08040204433798917,1.9076059171929955,1.9008109999999974,2.029490875080228,2.0121089999999953,0.11605570802930743,343244800
fold_1,admission,2020-06-24,12230,11558,G1,False,0.04783546208315725,1.870423833024688,1.8647440000000053,2.028466958901845,2.010470000000005,0.12050066702067852,352468992
fold_1,admission,2020-06-25,12254,11582,G1,False,0.09779967013982778,1.8766283749137074,1.8717819999999996,2.053218374843709,2.034291000000003,0.1142202909104526,338132992
fold_1,admission,2020-06-26,12278,11606,G1,False,0.15714921209276173,1.971406998927705,1.9518780000000007,2.073489208240062,2.050994000000003,0.13029245904181153,346128384
fold_1,admission,2020-06-27,12302,11630,G1,False,0.06886654780237793,1.9905368749750778,1.9679959999999994,2.0722691250266507,2.049672000000001,0.13343754201196134,352468992
fold_1,admission,2020-06-28,12326,11654,G1,False,0.05832549316070961,1.9934904581168666,1.973661000000007,2.0739721248392016,2.0511939999999953,0.1305099999299273,343244800
fold_1,admission,2020-06-29,12350,11678,G1,False,0.04756546710268265,1.9739576670108363,1.953210999999996,2.096729875076562,2.0724389999999957,0.13521804206538945,338132992
fold_1,warmup,2020-06-30,12374,11702,G1,False,0.022205756287672778,1.8700920419069007,1.8648500000000041,1.9645668339217082,1.9591209999999961,0.12280570901930332,346128384
fold_1,evaluation,2020-07-01,12398,11726,G1,False,0.02069347619782629,2.2245410410002933,2.052699000000004,1.910435292999864,1.900891999999999,0.11643329200001062,584024064
fold_1,evaluation,2020-07-02,12422,11750,G1,False,0.029108430352502195,2.2520962930002497,2.063952999999998,1.897455250000121,1.891522000000002,0.11714699999993172,534134784
fold_1,evaluation,2020-07-03,12446,11774,G1,False,0.05173711660789272,2.2489326659999733,2.0708880000000036,1.8827964590002466,1.8763809999999985,0.11797162500010927,565411840
fold_1,evaluation,2020-07-04,12470,11798,G1,False,0.010238169824942899,2.269470083000215,2.080276000000005,1.9053664580001168,1.8985120000000002,0.11586762499996439,571670528
fold_1,evaluation,2020-07-05,12494,11822,G4,False,0.02742390186584533,2.458194417000186,2.214705999999996,2.099086540999906,2.019818000000001,1.0304949159999524,565411840
fold_1,evaluation,2020-07-06,12518,11846,G4,False,0.022928198585271634,2.501473832999636,2.226339000000003,2.1201037499999984,2.0419780000000003,1.0543316670000422,534134784
fold_1,evaluation,2020-07-07,12542,11870,G2,False,0.0001915492325397325,2.5202002089997677,2.2613960000000013,2.115995208999948,2.0310990000000047,0.31427574999997887,571670528
fold_1,evaluation,2020-07-08,12566,11894,G4,False,0.04546158231491743,2.5250066670000706,2.2693350000000017,2.132002041000078,2.0509099999999982,1.0642965829999866,584024064
fold_1,evaluation,2020-07-09,12590,11918,G2,False,0.006633578451752772,1.931319498999983,1.9122410000000016,2.0319916679998187,1.9339489999999948,0.31156049999981406,565411840
fold_1,evaluation,2020-07-10,12614,11942,G4,False,0.0044457605450464194,1.9338306240001657,1.9147660000000002,2.0237901250004597,1.9376749999999952,0.9202542910002194,534134784
fold_1,evaluation,2020-07-11,12638,11966,G3,False,0.005390732253683464,1.9403026239997416,1.9219989999999996,2.0305014590001065,1.9374399999999987,0.6864730830000099,571670528
fold_1,evaluation,2020-07-12,12662,11990,G2,False,0.006994903251155252,1.9405757090000861,1.91723,2.024399709000363,1.9389190000000056,0.3110665830001835,584024064
fold_1,evaluation,2020-07-13,12686,12014,G3,False,0.004411511750484524,2.04476245800015,2.01505199999999,1.9654531680000673,1.9500090000000085,0.5960962090000521,565411840
fold_1,evaluation,2020-07-14,12710,12038,G3,False,0.004280973986611103,2.0562660419996064,2.0253720000000044,1.9715650410000762,1.9589809999999943,0.596085832999961,534134784
fold_1,evaluation,2020-07-15,12734,12062,G3,False,0.004665495848724046,2.0477828330001557,2.0153950000000123,1.963430874000096,1.9524940000000015,0.5931977919999554,571670528
fold_1,evaluation,2020-07-16,12758,12086,G3,False,0.0012746130922265601,2.0677851259997624,2.0330840000000023,1.982663791999812,1.966528000000011,0.5982954170001449,584024064
fold_1,evaluation,2020-07-17,12782,12110,G3,False,0.0114398224752999,1.9130659180002567,1.8723529999999968,1.9362011669998083,1.9291219999999996,0.5781570839999404,565411840
fold_1,evaluation,2020-07-18,12806,12134,G4,False,0.00715114234617645,1.8652544990002298,1.859620999999997,1.9372127489998547,1.9267090000000024,0.9231534580001153,534134784
fold_1,evaluation,2020-07-19,12830,12158,G2,False,0.015934168434173775,1.916252749000023,1.8717629999999943,1.9393287919999693,1.932579000000004,0.3173889170000166,571670528
fold_1,evaluation,2020-07-20,12854,12182,G3,False,0.0037138396827927707,1.9118786240003374,1.8678090000000012,1.9224167070001386,1.9181609999999978,0.5777570410000408,584024064
fold_1,evaluation,2020-07-21,12878,12206,G2,False,0.01169473020887482,1.8631308330000138,1.86013599999999,1.9222262910000154,1.9168200000000013,0.3086801249999098,565411840
fold_1,evaluation,2020-07-22,12902,12230,G2,False,0.016072089192584557,1.8820723339997585,1.877635000000005,1.9298432909999974,1.9249230000000068,0.31306466700016244,534134784
fold_1,evaluation,2020-07-23,12926,12254,G2,False,0.015163433063477469,1.8719868769996992,1.8685229999999962,1.9291226670000015,1.9236650000000068,0.3105694590001349,571670528
fold_1,evaluation,2020-07-24,12950,12278,G2,False,0.01655085872860661,1.8686812079997708,1.865269000000005,1.9290065420000246,1.923876,0.31177633299989793,584024064
fold_1,evaluation,2020-07-25,12974,12302,G2,False,0.02013931554304353,1.972971292000011,1.8894590000000093,1.937029376000055,1.9342120000000023,0.31350291700005073,565411840
fold_1,evaluation,2020-07-26,12998,12326,G4,False,0.022067019912743614,1.918586875000301,1.879716000000002,1.9361808740000015,1.9315250000000006,0.9182119170000078,534134784
fold_1,evaluation,2020-07-27,13022,12350,G2,False,0.009148751005198123,1.9801875419996122,1.8934459999999902,1.9466990429996258,1.9411829999999952,0.31534449999981007,571670528
fold_1,evaluation,2020-07-28,13046,12374,G2,False,0.0033135994525920697,1.9759510010001122,1.8806559999999948,1.945812124999975,1.9400270000000077,0.3153424580000319,584024064
fold_1,evaluation,2020-07-29,13070,12398,G2,False,0.012096367618943012,1.8908265430000029,1.8856779999999915,1.9185075840000536,1.9164520000000067,0.31039158299995506,565411840
fold_1,evaluation,2020-07-30,13094,12422,G2,False,0.02086748277641441,1.8973412080001708,1.892159999999997,1.912744209000266,1.9113030000000037,0.3117770000001201,534134784
fold_1,evaluation,2020-07-31,13118,12446,G4,False,0.00375012391616684,1.900681916999929,1.8937099999999916,1.925946624999824,1.9250820000000033,0.9097012499998982,571670528
fold_1,evaluation,2020-08-01,13142,12470,G2,False,0.03501504213993804,1.9169792500001677,1.9109849999999966,1.9233987080001498,1.922189000000003,0.31093345800013594,584024064
fold_1,evaluation,2020-08-02,13166,12494,G4,False,0.005756925343599404,1.9164780399996744,1.911045999999999,2.03554958299992,1.9496770000000083,1.009805791999952,565411840
fold_1,evaluation,2020-08-03,13190,12518,G1,False,0.018386318833976446,1.8977503749997595,1.8880450000000124,2.043744957999934,1.9555370000000067,0.12075525000000198,534134784
fold_1,evaluation,2020-08-04,13214,12542,G1,False,0.01863762238497014,1.8995246679999127,1.8896289999999922,2.0393614179999986,1.9492629999999949,0.12111479200007125,571670528
fold_1,evaluation,2020-08-05,13238,12566,G1,False,0.030242406674092632,1.893591749000052,1.8898989999999927,2.0513209579999057,1.9589259999999982,0.12096116599991547,584024064
fold_1,evaluation,2020-08-06,13262,12590,G2,False,0.003517858948234097,2.0731048340001053,2.0438640000000063,2.128119041999753,2.0963569999999905,0.35130199999980505,565411840
fold_1,evaluation,2020-08-07,13286,12614,G1,False,0.012441350077195339,2.0652661249996527,2.0340339999999983,2.125962833000358,2.0937759999999983,0.12255675000005795,534134784
fold_1,evaluation,2020-08-08,13310,12638,G1,False,0.034290980050723174,2.064248959000224,2.0359809999999996,2.131274083999415,2.100139999999989,0.12985474999982216,571670528
fold_1,evaluation,2020-08-09,13334,12662,G1,False,0.05215231240780529,2.0534997490001388,2.0263169999999917,2.143459417000031,2.1120560000000026,0.13555454200013628,584024064
fold_1,evaluation,2020-08-10,13358,12686,G1,False,0.0250570351684244,2.018049332999908,1.995896000000002,2.0156447909996587,1.9945570000000146,0.13653299999987212,565411840
fold_1,evaluation,2020-08-11,13382,12710,G1,False,0.0515536008414199,2.015982249999979,1.9956120000000084,2.0143388320000213,1.9902359999999817,0.1476453750001383,534134784
fold_1,evaluation,2020-08-12,13406,12734,G1,False,0.009110764004072965,2.0194702070002677,1.9967060000000032,2.0098654589999114,1.9972290000000044,0.1528470829998696,571670528
fold_1,evaluation,2020-08-13,13430,12758,G1,False,0.011629680167770072,2.042265332999932,2.0125499999999974,1.9883602079999037,1.97615100000003,0.1534291250000024,584024064
fold_1,evaluation,2020-08-14,13454,12782,G1,False,0.020791178215641568,1.9045184180001797,1.9029819999999944,1.9867769579998367,1.9782450000000011,0.12344462500004738,565411840
fold_1,evaluation,2020-08-15,13478,12806,G4,False,0.006029160261260187,1.8971325410002464,1.8953739999999897,1.986356750000141,1.9772399999999948,0.9189218750000236,534134784
fold_1,evaluation,2020-08-16,13502,12830,G2,False,0.015163105770633883,1.900644874000136,1.8992110000000082,1.9972885419999784,1.982436000000007,0.3427505829999973,571670528
fold_1,evaluation,2020-08-17,13526,12854,G1,False,0.008762923663675074,1.899717833000068,1.8981390000000005,1.9949195420001615,1.985951,0.12299941700007366,584024064
fold_1,evaluation,2020-08-18,13550,12878,G3,False,0.006476560024150325,2.061434916000053,2.039270000000016,2.098066290999668,2.0780089999999802,0.6343359579998378,565411840
fold_1,evaluation,2020-08-19,13574,12902,G2,False,0.005151148658062426,2.0705689170001733,2.0458770000000044,2.108589458000097,2.0888370000000123,0.3815574170000673,534134784
fold_1,evaluation,2020-08-20,13598,12926,G4,False,0.008491832841267515,2.0991670419998627,2.073750000000018,2.1206309989997862,2.0980249999999927,0.9823305410000103,571670528
fold_1,evaluation,2020-08-21,13622,12950,G2,False,0.004153447632609735,2.0935579580000194,2.066689999999994,2.107624541999712,2.086638999999991,0.3702082499999051,584024064
fold_1,evaluation,2020-08-22,13646,12974,G3,False,0.006805445587088816,2.121854249999842,2.0830279999999846,2.3097348750000037,2.1847719999999953,0.675867541000116,565411840
fold_1,evaluation,2020-08-23,13670,12998,G3,False,0.006121487207988895,2.116220539999631,2.0779070000000246,2.317810541000199,2.1900190000000066,0.6706052500001078,534134784
fold_1,evaluation,2020-08-24,13694,13022,G2,False,0.014876142256153763,2.101447831999849,2.0663570000000107,2.3151585419998355,2.1815349999999825,0.3661640840000473,571670528
fold_1,evaluation,2020-08-25,13718,13046,G1,False,0.03232065356277212,2.1011920819998977,2.0710399999999964,2.3198077490001197,2.192256999999998,0.1438464580000982,584024064
fold_1,evaluation,2020-08-26,13742,13070,G1,False,0.008306017583836596,2.231123000999787,2.1047510000000074,2.068882333000147,2.0454069999999973,0.12397741700010556,565411840
fold_1,evaluation,2020-08-27,13766,13094,G2,False,0.01826510735144812,2.2515117090001695,2.1221359999999976,2.0981915829995614,2.072942000000012,0.3214821669998855,534134784
fold_1,evaluation,2020-08-28,13790,13118,G4,False,0.00860860080242923,2.242633708999847,2.1151880000000034,2.1255149590001565,2.098144999999988,1.0253762920001463,571670528
fold_1,evaluation,2020-08-29,13814,13142,G1,False,0.015603869924773538,2.2398866670000643,2.111565999999968,2.128840500000024,2.0994620000000026,0.12430029200004356,584024064
fold_1,evaluation,2020-08-30,13838,13166,G1,False,0.0037572225205412747,2.237612873999751,2.19537600000001,2.097990998999876,2.087315999999987,0.14406545799988635,565411840
fold_1,evaluation,2020-08-31,13862,13190,G2,False,0.008614226191286324,2.246685082999875,2.205007000000009,2.078410040000108,2.068037000000004,0.3432445410001037,534134784
fold_1,evaluation,2020-09-01,13886,13214,G1,False,0.0040259460086747275,2.2494937499998287,2.2040540000000135,2.092259208999849,2.0816719999999975,0.1342455419999169,571670528
fold_1,evaluation,2020-09-02,13910,13238,G2,False,0.016400799749414913,2.2526600829999097,2.212452000000013,2.0815025830002014,2.0719019999999944,0.3562736670000959,584024064
fold_1,evaluation,2020-09-03,13934,13262,G1,False,0.018027787345149957,2.0332599999997,2.0200200000000024,2.2980052500001875,2.2658059999999978,0.14207699999997203,565411840
fold_1,evaluation,2020-09-04,13958,13286,G1,False,0.01672083529526486,2.04122725000002,2.029663999999997,2.3102178749998075,2.2789880000000124,0.14019887499989636,534134784
fold_1,evaluation,2020-09-05,13982,13310,G1,False,0.011966616042889221,2.069434541999726,2.053933999999998,2.3020226250002906,2.2718770000000035,0.13754833300004066,571670528
fold_1,evaluation,2020-09-06,14006,13334,G4,False,0.002915962556185219,2.083772249999811,2.0681730000000016,2.2991702079998504,2.2686360000000008,1.0904378749999069,584024064
fold_1,evaluation,2020-09-07,14030,13358,G1,False,0.008623579070120575,2.184582916999716,2.077836000000019,2.036582626000154,2.0305529999999976,0.12575149999997848,565411840
fold_1,evaluation,2020-09-08,14054,13382,G4,False,0.009762522700490751,2.1981640839997,2.0773229999999927,2.051503708999917,2.041035000000008,0.9767259999998714,534134784
fold_1,evaluation,2020-09-09,14078,13406,G1,False,0.015712997198176856,2.1765862900001594,2.0614460000000037,2.053821959000061,2.0446360000000112,0.1258616659999916,571670528
fold_1,evaluation,2020-09-10,14102,13430,G4,False,0.0502738268495872,2.1658544569997957,2.045496,2.051837125999782,2.044434999999993,0.9929850419998729,584024064
fold_1,evaluation,2020-09-11,14126,13454,G3,False,0.0013975067881943485,2.1556940840000607,2.124576999999988,2.2585708760000216,2.1321390000000235,0.6632431250000081,565411840
fold_1,evaluation,2020-09-12,14150,13478,G4,False,0.0031219428414704675,2.1409840849996726,2.109429999999989,2.258674458000314,2.133685,1.1122955830001047,534134784
fold_1,evaluation,2020-09-13,14174,13502,G3,False,0.01027520978649653,2.1636079590000463,2.128239999999991,2.283023666999952,2.167129000000017,0.6487115830000221,571670528
fold_1,evaluation,2020-09-14,14198,13526,G2,False,0.009726888813530917,2.183324874000391,2.1477489999999904,2.2825881249998474,2.154574999999994,0.35672170799989544,584024064
fold_1,evaluation,2020-09-15,14222,13550,G4,False,0.025359147194374463,2.0795248330000504,2.0597250000000145,2.2121022080002604,2.186758999999995,1.0304585840001437,565411840
fold_1,evaluation,2020-09-16,14246,13574,G3,False,0.005347832400300944,2.0779917490003754,2.05979099999999,2.2166960409999774,2.1895680000000084,0.6745300000000043,534134784
fold_1,evaluation,2020-09-17,14270,13598,G2,False,0.002316739938199566,2.0823088750000807,2.0629109999999855,2.2356927910000195,2.2066770000000133,0.36300116600000365,571670528
fold_1,evaluation,2020-09-18,14294,13622,G4,False,0.009846257012795425,2.079098291000264,2.061510999999996,2.2460031680000156,2.2163790000000176,1.0656289999999444,584024064
fold_1,evaluation,2020-09-19,14318,13646,G4,False,0.023923398439061657,2.109296249000181,2.0837009999999907,2.1674064579999595,2.0692539999999866,1.0527224160000515,565411840
fold_1,evaluation,2020-09-20,14342,13670,G2,False,0.005769811677858944,2.0863873749999584,2.0634060000000005,2.1771515840000575,2.071756000000036,0.35917416699999194,534134784
fold_1,evaluation,2020-09-21,14366,13694,G4,False,0.015462685905995139,2.093460126000082,2.07141,2.1798200410000845,2.0809670000000153,0.9621490829999857,571670528
fold_1,evaluation,2020-09-22,14390,13718,G4,False,0.013736458424120633,2.0797715000001062,2.059125999999992,2.1670065409998642,2.0742619999999903,0.9550652499999615,584024064
fold_1,evaluation,2020-09-23,14414,13742,G4,False,0.0015076051092622507,2.2391994579998027,2.1695179999999823,2.130629873999851,2.1116370000000018,0.9765512499998295,565411840
fold_1,evaluation,2020-09-24,14438,13766,G4,False,0.036222006142012264,2.303009582999948,2.229555000000005,2.151764250000042,2.1352979999999775,0.9923890830000346,534134784
fold_1,evaluation,2020-09-25,14462,13790,G3,False,0.007083306455642586,2.310318874000359,2.2426269999999846,2.120992415000046,2.1047639999999888,0.6587738329999411,571670528
fold_1,evaluation,2020-09-26,14486,13814,G4,False,0.004908349106201057,2.2958052499998303,2.2247680000000116,2.1133140829999775,2.098944000000003,0.9764193329999671,584024064
fold_1,evaluation,2020-09-27,14510,13838,G4,False,0.024496440127315028,2.0338154169999143,2.0218809999999934,2.147241208000196,2.1259509999999864,1.018043875000103,565411840
fold_1,evaluation,2020-09-28,14534,13862,G4,False,0.010303027414944349,2.0467996670001867,2.0338740000000115,2.1461051669998596,2.1256000000000057,1.0237430419999782,534134784
fold_2,warmup,2021-02-23,17460,16788,G1,False,0.01763610449994282,2.2757337499642745,2.270451999999999,2.321858873940073,2.315394000000005,0.1554159999359399,444153856
fold_2,warmup,2021-02-24,17460,16788,G1,False,0.043722021188490806,2.3048365011345595,2.2961680000000015,2.350442084018141,2.335760999999991,0.15468279202468693,446169088
fold_2,warmup,2021-02-25,17460,16788,G1,False,0.012744450981896097,2.288559040869586,2.281583999999995,2.360689250170253,2.351490999999996,0.1560669169994071,452034560
fold_2,warmup,2021-02-26,17460,16788,G1,False,0.08976526188530795,2.339602540829219,2.3261170000000106,2.3542378759011626,2.3465069999999955,0.15480770892463624,437829632
fold_2,warmup,2021-02-27,17460,16788,G1,False,0.054601208330524606,2.3038578761043027,2.2938649999999967,2.345676832133904,2.339233,0.1533676660619676,444153856
fold_2,warmup,2021-02-28,17460,16788,G1,False,0.09759513422828464,2.29187966696918,2.284745000000001,2.3303822091547772,2.3241489999999985,0.15386037505231798,446169088
fold_2,warmup,2021-03-01,17460,16788,G1,False,0.04827193970678048,2.2902804149780422,2.2832750000000033,2.3489117509452626,2.340792999999998,0.15474566700868309,452034560
fold_2,warmup,2021-03-02,17460,16788,G1,False,0.012870767718835491,2.3141968740383163,2.3077319999999943,2.3565062909619883,2.348908999999992,0.16061650007031858,437829632
fold_2,warmup,2021-03-03,17460,16788,G3,False,0.01342932841672191,2.2985417500603944,2.2909700000000015,2.347798165981658,2.3402480000000025,0.7472122500184923,444153856
fold_2,warmup,2021-03-04,17460,16788,G4,False,0.011046673627949687,2.327471583033912,2.3195850000000036,2.339216541033238,2.331994999999999,1.0678026659879833,446169088
fold_2,warmup,2021-03-05,17460,16788,G1,False,0.0011084448000145974,2.285276042879559,2.2795819999999978,2.363076791050844,2.3541549999999916,0.15487708302680403,452034560
fold_2,warmup,2021-03-06,17460,16788,G1,False,0.015784937189928017,2.3087044580606744,2.301504999999999,2.350602500839159,2.3424480000000045,0.1598432919709012,437829632
fold_2,warmup,2021-03-07,17460,16788,G4,False,0.017749798621201702,2.3194248321233317,2.3114209999999886,2.4602972918655723,2.440679000000003,1.1746234169695526,444153856
fold_2,warmup,2021-03-08,17460,16788,G2,False,0.0004704669286665351,2.30799245799426,2.300057999999993,2.4551520420936868,2.436159999999994,0.39035904209595174,446169088
fold_2,warmup,2021-03-09,17460,16788,G1,False,0.014081469838737546,2.2861146262148395,2.279896000000001,2.4532279160339385,2.4329679999999954,0.15666695800609887,452034560
fold_2,warmup,2021-03-10,17460,16788,G1,False,0.00046878191494199677,2.565518582938239,2.523247000000005,2.3469259589910507,2.3398830000000004,0.1565102090826258,437829632
fold_2,warmup,2021-03-11,17460,16788,G4,False,0.0007076091064153117,2.4609941249946132,2.4307569999999927,2.35881445906125,2.350988000000001,1.0907802080037072,444153856
fold_2,warmup,2021-03-12,17460,16788,G1,False,0.03679571153419971,2.447394000017084,2.415518000000013,2.3437690009595826,2.337141999999986,0.15609658393077552,446169088
fold_2,warmup,2021-03-13,17460,16788,G4,False,0.01034849444499246,2.457910209079273,2.4260229999999865,2.337976999930106,2.331670000000017,1.069271916989237,452034560
fold_2,warmup,2021-03-14,17460,16788,G2,False,0.0121122889182343,2.3055769170168787,2.2987990000000025,2.3588639170629904,2.350920000000002,0.3957667499780655,437829632
fold_2,warmup,2021-03-15,17460,16788,G3,False,0.005687251861786239,2.2994866240769625,2.2929249999999968,2.352444249787368,2.3456259999999958,0.709875916945748,444153856
fold_2,warmup,2021-03-16,17460,16788,G2,False,0.0055943307365247654,2.3151126260636374,2.304846999999981,2.379869583877735,2.3706049999999976,0.3923200420103967,446169088
fold_2,warmup,2021-03-17,17460,16788,G4,False,0.00788837294073353,2.3030553329735994,2.2970129999999926,2.3633235428715125,2.3536710000000056,1.0932527090189978,452034560
fold_2,warmup,2021-03-18,17460,16788,G4,False,0.004417162228690703,2.3151934180641547,2.3066220000000044,2.3515451659914106,2.342565999999991,1.0677771660266444,437829632
fold_2,warmup,2021-03-19,17460,16788,G1,False,0.025197555055070636,2.3203962079714984,2.3129010000000108,2.354103291989304,2.346939000000006,0.1538266249699518,444153856
fold_2,warmup,2021-03-20,17460,16788,G1,False,0.003532392326383243,2.2914244161220267,2.2827769999999816,2.354122666991316,2.3469110000000057,0.15607845806516707,452034560
fold_2,warmup,2021-03-21,17460,16788,G1,False,0.0006104905515844113,2.2936034579761326,2.2865850000000023,2.349387582973577,2.341639000000015,0.15276133292354643,446169088
fold_2,warmup,2021-03-22,17460,16788,G3,False,0.014674020125642341,2.3017206251388416,2.2940130000000067,2.3615457909181714,2.352694000000014,0.7102454159175977,437829632
fold_2,warmup,2021-03-23,17460,16788,G4,False,0.031092728329622784,2.293590333079919,2.285724999999985,2.347855958971195,2.341744999999989,1.084067124989815,444153856
fold_2,admission,2021-03-24,17460,16788,G1,False,0.01571517564147313,2.305945540079847,2.297664999999995,2.3496962080243975,2.3426630000000017,0.15080404106993228,452034560
fold_2,admission,2021-03-25,17460,16788,G2,False,0.0020653240327223464,2.322651833994314,2.3145310000000023,2.3475485421949998,2.3391709999999932,0.3850410000886768,446169088
fold_2,admission,2021-03-26,17460,16788,G1,False,0.021831441586583133,2.306236334028654,2.2970570000000237,2.3379834569059312,2.331322,0.15713604097254574,437829632
fold_2,admission,2021-03-27,17460,16788,G1,False,0.014841762014178951,2.3083597080549225,2.3014500000000027,2.3666647489881143,2.3582959999999957,0.1541785409208387,444153856
fold_2,admission,2021-03-28,17460,16788,G1,False,0.03275261116318341,2.3156861669849604,2.303791000000004,2.3694690839620307,2.3611370000000136,0.15921449998859316,452034560
fold_2,admission,2021-03-29,17460,16789,G3,False,0.00217588932289624,2.3148062501568347,2.3053779999999904,2.359312792075798,2.351218999999986,0.7220526250312105,446169088
fold_2,admission,2021-03-30,17460,16790,G1,False,0.012185703468283253,2.2933782500913367,2.285735999999986,2.3578471259679645,2.3471390000000127,0.1574333340395242,437829632
fold_2,warmup,2021-03-31,17460,16791,G1,False,0.00034395957467036687,2.3081911659101024,2.300124999999994,2.344810707960278,2.3342679999999945,0.15119854197837412,444153856
fold_2,evaluation,2021-04-01,17460,16791,G3,False,0.027008138967572683,2.2919546249997893,2.275082000000012,2.348665957000094,2.33050200000001,0.735995666000008,571670528
fold_2,evaluation,2021-04-02,17460,16791,G2,False,0.004932786761617728,2.2902095420001842,2.2730179999999933,2.3373028749999776,2.319627000000011,0.39142450000008466,584024064
fold_2,evaluation,2021-04-03,17460,16791,G1,False,0.0025351194364729894,2.2456324170000244,2.2343500000000063,2.312916542000039,2.2973619999999926,0.15540041700000984,565411840
fold_2,evaluation,2021-04-04,17460,16791,G1,False,0.008196690869691372,2.2583520829998633,2.246584000000013,2.3139568340000096,2.298414000000008,0.15941670800020802,534134784
fold_2,evaluation,2021-04-05,17460,16792,G2,False,0.015081025090725711,2.281347126000128,2.2641849999999977,2.3128972909998993,2.2983899999999977,0.3799752500001432,584024064
fold_2,evaluation,2021-04-06,17460,16792,G2,False,0.0010056782460641993,2.278645251000171,2.262180999999984,2.309914334000041,2.2960500000000224,0.3791887919999226,571670528
fold_2,evaluation,2021-04-07,17460,16792,G2,False,0.00909454380507922,2.8385613740001645,2.537633999999997,2.371624082999915,2.3459490000000187,0.4062575419998211,565411840
fold_2,evaluation,2021-04-08,17460,16792,G2,False,0.003609500350168647,2.9058700829998543,2.5880070000000046,2.3931254999999965,2.366048999999947,0.3895865409999715,534134784
fold_2,evaluation,2021-04-09,17460,16792,G3,False,0.012178491389418584,2.877523916999735,2.5566519999999855,2.3897471249999853,2.3606990000000394,0.7336369170000125,571670528
fold_2,evaluation,2021-04-10,17460,16792,G2,False,0.01452765624801549,2.9135142089999135,2.601867000000013,2.410194749000084,2.3790850000000034,0.40033070799995585,584024064
fold_2,evaluation,2021-04-11,17460,16792,G4,False,0.00025333505863489657,2.403225374000158,2.361625000000032,2.420874000999902,2.3765849999999773,1.1834657920001064,565411840
fold_2,evaluation,2021-04-12,17460,16792,G2,False,0.02005389591601435,2.40097008299972,2.364861999999988,2.4383229170000504,2.395784999999961,0.38535270900001706,534134784
fold_2,evaluation,2021-04-13,17460,16792,G2,False,0.01290576156649692,2.338198832999751,2.3083150000000217,2.4189187500001026,2.3793459999999698,0.4393427499999234,571670528
fold_2,evaluation,2021-04-14,17460,16792,G2,False,0.00121359442689808,2.370872126000222,2.3368409999999926,2.4235792089996266,2.379276000000033,0.4435107499998594,584024064
fold_2,evaluation,2021-04-15,17460,16792,G2,False,0.001110798877061705,2.30011791600009,2.28692099999995,2.4591636249999738,2.4245249999999885,0.45275583300008293,565411840
fold_2,evaluation,2021-04-16,17460,16792,G2,False,0.0021595715179250556,2.3455507930000294,2.324489,2.409346416999824,2.3836959999999863,0.424733083999854,534134784
fold_2,evaluation,2021-04-17,17460,16792,G2,False,0.017604781534940817,2.4333120830001462,2.399881999999991,2.328101125999865,2.314464000000015,0.40006741699994564,571670528
fold_2,evaluation,2021-04-18,17460,16792,G2,False,0.009067466713088125,2.413651331999972,2.3828069999999855,2.347763334000092,2.332390999999973,0.4025176659999943,584024064
fold_2,evaluation,2021-04-19,17460,16792,G2,False,0.011631043932636888,2.4024239170000783,2.386301999999972,2.3057519179999417,2.2999609999999677,0.4191912919998231,565411840
fold_2,evaluation,2021-04-20,17460,16792,G2,False,0.01938265487278385,2.3877519590002976,2.368360999999993,2.261485667000443,2.2610229999999945,0.3873713330001465,534134784
fold_2,evaluation,2021-04-21,17460,16792,G3,False,0.0001103803864191415,2.43173341600027,2.4173559999999554,2.241512751000073,2.2366989999999873,0.689335667000023,571670528
fold_2,evaluation,2021-04-22,17460,16792,G4,False,0.012221366348849707,2.39373491599963,2.384207000000032,2.242513458000303,2.2417209999999557,1.0269530830000804,584024064
fold_2,evaluation,2021-04-23,17460,16792,G2,False,0.003690663672933666,2.502377041000045,2.369195000000019,2.3412609169997722,2.2913059999999916,0.38063612499990995,565411840
fold_2,evaluation,2021-04-24,17460,16792,G4,False,0.032783884107725376,2.5412632489999396,2.400303000000008,2.2764891259996602,2.2692989999999895,1.0278554579999764,534134784
fold_2,evaluation,2021-04-25,17460,16792,G2,False,0.008849563972585356,2.52028962400027,2.388409000000024,2.248140210000429,2.2443439999999555,0.38419645900012256,571670528
fold_2,evaluation,2021-04-26,17460,16791,G2,False,0.005953287144938898,2.5311700409999958,2.3819810000000246,2.252115208000532,2.2489800000000173,0.3826410000001488,584024064
fold_2,evaluation,2021-04-27,17460,16790,G2,False,0.0018403201321623725,2.2342798749998565,2.220542999999992,2.2496498329999213,2.2395360000000153,0.3781053330001214,565411840
fold_2,evaluation,2021-04-28,17460,16789,G2,False,0.014851057115917825,2.214795957999968,2.198282000000006,2.239653250999936,2.231297000000012,0.37573775000009846,534134784
fold_2,evaluation,2021-04-29,17460,16789,G3,False,7.010091580846865e-05,2.2376989159999994,2.221588999999966,2.2385731659996964,2.2324100000000158,0.6900595409999823,571670528
fold_2,evaluation,2021-04-30,17460,16789,G4,False,0.011113153628978568,2.2493896669996047,2.230380999999994,2.2454147920000196,2.2375660000000153,1.0350404170001184,584024064
fold_2,evaluation,2021-05-01,17460,16789,G2,False,0.00934014493996062,2.2126668340001743,2.1901390000000163,2.5243620420001207,2.470250999999962,0.4036870420000014,565411840
fold_2,evaluation,2021-05-02,17460,16789,G2,False,0.007939788503741335,2.2188914159996784,2.195945000000023,2.5177753329999177,2.4688899999999876,0.4240593339998213,534134784
fold_2,evaluation,2021-05-03,17460,16788,G3,False,0.000816219342798657,2.291444583000157,2.2576549999999997,2.492245124999954,2.4502219999999966,0.7657582919998731,571670528
fold_2,evaluation,2021-05-04,17460,16788,G2,False,0.0006660490074405575,2.300199166999846,2.2628579999999943,2.4474489579999954,2.4144119999999702,0.4810823340001207,584024064
fold_2,evaluation,2021-05-05,17460,16788,G4,False,0.013663288298579051,2.258409583999992,2.245747000000023,2.6953297079999174,2.6275890000000004,1.2936746249999942,565411840
fold_2,evaluation,2021-05-06,17460,16788,G4,False,0.03404199656717542,2.265535,2.255222000000032,2.80558570900007,2.7252759999999796,1.3340634160001628,534134784
fold_2,evaluation,2021-05-07,17460,16788,G3,False,0.012046956354413866,2.314845414999809,2.2948819999999728,2.7929616249996343,2.724349999999987,0.8886829999999009,571670528
fold_2,evaluation,2021-05-08,17460,16788,G4,False,0.011114011636439027,2.3077573750001648,2.28771100000003,2.8134942910003247,2.747167999999988,1.2801117080000495,584024064
fold_2,evaluation,2021-05-09,17460,16788,G4,False,0.007877143991486297,2.4434674590002032,2.418596999999977,2.3403071260004253,2.32224599999995,1.074368417000187,565411840
fold_2,evaluation,2021-05-10,17460,16788,G4,False,0.0055929353230571716,2.3751957070001026,2.3521840000000225,2.371310416999904,2.342070000000035,1.105659457999991,534134784
fold_2,evaluation,2021-05-11,17460,16788,G4,False,0.022279587442843776,2.282813457000202,2.264903000000004,2.487936292000086,2.4447879999999884,1.2076344580000296,571670528
fold_2,evaluation,2021-05-12,17460,16788,G4,False,0.021863511206739402,2.2906717070000013,2.271310999999997,2.4490506250001545,2.4125270000000114,1.1866349580000133,584024064
fold_2,evaluation,2021-05-13,17460,16788,G4,False,0.03683980584853905,2.6224218319998727,2.536530999999968,2.7201135820000673,2.6746780000000285,1.1848884579999321,565411840
fold_2,evaluation,2021-05-14,17460,16788,G3,False,0.011194335137701137,2.667532125000207,2.586513000000025,2.652435249000291,2.6045349999999985,0.8592301250000673,534134784
fold_2,evaluation,2021-05-15,17460,16788,G4,False,0.03812586670646022,2.700531749999982,2.6153889999999933,2.8513641239997014,2.61281699999995,1.4176748329998645,571670528
fold_2,evaluation,2021-05-16,17460,16788,G4,False,0.032173352088054816,2.718361041999742,2.6262859999999932,2.8139027089998763,2.5753490000000454,1.3989504589999342,584024064
fold_2,evaluation,2021-05-17,17460,16788,G3,False,0.005929585307441303,3.0035505000003013,2.6829639999999984,2.6208731239998997,2.5783480000000054,0.8105257079998864,565411840
fold_2,evaluation,2021-05-18,17460,16788,G3,False,0.01867687033574262,3.027444207000144,2.707775000000055,2.6561442919996807,2.61006900000001,0.8216190419998384,534134784
fold_2,evaluation,2021-05-19,17460,16788,G4,False,0.014231462392823966,2.7919151669998428,2.6657260000000065,2.6707978330000515,2.626745999999997,1.2514083329999721,584024064
fold_2,evaluation,2021-05-20,17460,16788,G4,False,0.042332825675646994,2.760256541000217,2.6468490000000315,2.678724000000102,2.6298119999999585,1.2511985000001005,571670528
fold_2,evaluation,2021-05-21,17460,16788,G4,False,0.01614488713430816,2.6909053329998187,2.640184000000005,2.9072349580001173,2.7937210000000334,1.271306167000148,565411840
fold_2,evaluation,2021-05-22,17460,16788,G4,False,0.027663326824516797,2.696533958999453,2.628920000000022,2.8440237499996783,2.7586040000000196,1.213837999999896,534134784
fold_2,evaluation,2021-05-23,17460,16788,G4,False,0.03318039056940942,2.8294771670002774,2.741829999999993,2.787588291999782,2.7166469999999947,1.2425848339998993,571670528
fold_2,evaluation,2021-05-24,17460,16788,G3,False,0.006194947904362942,2.734442917000024,2.6540270000000135,2.7758284589999676,2.694237999999956,0.8594149170000946,584024064
fold_2,evaluation,2021-05-25,17460,16788,G3,False,0.00294316013314417,2.6053429179999057,2.567785000000015,2.6747763320001923,2.638436999999982,0.8225598330000139,565411840
fold_2,evaluation,2021-05-26,17460,16788,G4,False,0.04860196452959839,2.6258547920001547,2.5768989999999974,2.648112665000099,2.6080229999999744,1.2218645830000696,534134784
fold_2,evaluation,2021-05-27,17460,16788,G4,False,0.028222383864055667,2.5951946669997596,2.5559459999999774,2.706236498999715,2.6549240000000225,1.2840045829998417,584024064
fold_2,evaluation,2021-05-28,17460,16788,G4,False,0.01894282661423669,2.595390834999762,2.5513280000000407,2.7093204579998655,2.654225999999966,1.2877655830000094,571670528
fold_2,evaluation,2021-05-29,17460,16788,G4,False,0.0398511317625184,2.59747399999992,2.5564350000000218,2.617900167000016,2.578561000000036,1.1915800829999625,565411840
fold_2,evaluation,2021-05-30,17460,16788,G4,False,0.009990900322786763,2.603616208999938,2.568121000000019,2.573474165000107,2.5415370000000337,1.1931975410000177,534134784
fold_2,evaluation,2021-05-31,17460,16788,G4,False,0.04801602714669415,2.5199514590003673,2.4903389999999774,2.707647541999904,2.6559669999999755,1.2987971669999752,584024064
fold_2,evaluation,2021-06-01,17460,16788,G3,False,0.006816302798399151,2.5392648329998337,2.5124370000000056,2.6445090009999603,2.596273999999994,0.7725820420000673,571670528
fold_2,evaluation,2021-06-02,17460,16788,G4,False,0.002852617498399892,2.6918013749996135,2.604512999999997,2.491033582,2.466249000000033,1.1532806249999794,565411840
fold_2,evaluation,2021-06-03,17460,16788,G4,False,0.006434737235500529,2.6673751670005004,2.5580200000000275,2.4398974150001322,2.409163000000035,1.1047631250000904,534134784
fold_2,evaluation,2021-06-04,17460,16788,G3,False,0.005181550770155216,2.5839248750000934,2.488890999999967,2.444719791999887,2.4134619999999813,0.7664447079998808,584024064
fold_2,evaluation,2021-06-05,17460,16788,G3,False,0.02089264208810487,2.546525458000133,2.447848000000022,2.4050790000001143,2.379991000000018,0.7684883750000608,571670528
fold_2,evaluation,2021-06-06,17460,16788,G4,False,0.021759032958452662,2.4030229160000545,2.373576999999983,2.6179225830001087,2.5638959999999713,1.2431153330001052,565411840
fold_2,evaluation,2021-06-07,17460,16788,G3,False,0.0022025807620753013,2.4178566669997963,2.392764999999997,2.649895334000121,2.579931999999957,0.7713054999999258,534134784
fold_2,evaluation,2021-06-08,17460,16788,G3,False,0.023573851636979868,2.441480416999866,2.4113009999999804,2.643036458000097,2.580980000000011,0.7639683750001041,571670528
fold_2,evaluation,2021-06-09,17460,16788,G3,False,0.00460546726267989,2.4229488749999746,2.3831289999999683,2.6339669989999948,2.5679130000000043,0.7681046250002055,584024064
fold_2,evaluation,2021-06-10,17460,16788,G3,False,0.008350291407666141,2.5869410400002835,2.530761999999953,2.5371902079998563,2.497205000000008,0.7586214579998796,565411840
fold_2,evaluation,2021-06-11,17460,16788,G3,False,0.009012126927899579,2.5965493329999845,2.531042000000042,2.4755984999999328,2.448188999999985,0.7537707079998199,534134784
fold_2,evaluation,2021-06-12,17460,16788,G4,False,0.004657055468705084,2.5278107499996167,2.4720370000000003,2.5401965429998654,2.5078439999999773,1.191468666999981,571670528
fold_2,evaluation,2021-06-13,17460,16788,G3,False,0.016540805993984803,2.476210458999958,2.4309080000000165,2.5501612080001905,2.517631999999992,0.7933199999999943,584024064
fold_2,evaluation,2021-06-14,17460,16788,G4,False,0.009202590796681774,2.773113833999787,2.679257000000007,2.8620527090001815,2.765422000000001,1.223535333999962,565411840
fold_2,evaluation,2021-06-15,17460,16788,G3,False,0.03930461654607039,2.911469585000077,2.7563340000000096,2.794551332999845,2.702826000000016,0.8531885410000086,534134784
fold_2,evaluation,2021-06-16,17460,16788,G3,False,0.024265449997354603,3.0416484159998163,2.8405099999999948,2.6806640009999683,2.6340690000000393,0.8364886249999017,584024064
fold_2,evaluation,2021-06-17,17460,16788,G4,False,0.011641027269106052,3.012214499000038,2.812375000000003,2.7081500420001703,2.663252000000057,1.2126466250001613,571670528
fold_2,evaluation,2021-06-18,17460,16788,G4,False,0.0022270428253304483,2.4793780430002244,2.462188000000026,2.5727927909999835,2.5372219999999857,1.1642044999998689,565411840
fold_2,evaluation,2021-06-19,17460,16788,G4,False,0.0031055149033195626,2.486847123999951,2.4684819999999945,2.623832957000104,2.592692999999997,1.1893272910001542,534134784
fold_2,evaluation,2021-06-20,17460,16788,G3,False,0.009323406393861793,2.5193844180002998,2.4961470000000077,2.5736327089996394,2.5450770000000205,0.7874382499999228,584024064
fold_2,evaluation,2021-06-21,17460,16788,G3,False,0.01797930775731699,2.4960695419999865,2.4731749999999693,2.530056666999826,2.5061659999999506,0.7568324999999732,571670528
fold_2,evaluation,2021-06-22,17460,16788,G2,False,0.008957671766755273,2.519914792000236,2.493432999999982,2.6578481669998837,2.6266160000000127,0.4511965409999448,565411840
fold_2,evaluation,2021-06-23,17460,16788,G3,False,0.011126660752526562,2.544892667000113,2.514555999999999,2.593376125000077,2.5624930000000177,0.7814826660001017,534134784
fold_2,evaluation,2021-06-24,17460,16788,G2,False,0.0018838615767280624,2.58301620799989,2.5478499999999826,2.614588208999976,2.5862689999999873,0.4366397920000509,571670528
fold_2,evaluation,2021-06-25,17460,16788,G3,False,0.0004330485916151106,2.614040376000048,2.5807049999999947,2.6302235840000776,2.6029910000000314,0.823553875000016,584024064
fold_2,evaluation,2021-06-26,17460,16788,G4,False,0.008476165955417652,2.591543998999896,2.549424000000016,2.5911290010001267,2.556020999999987,1.2044028750001416,565411840
fold_2,evaluation,2021-06-27,17460,16788,G2,False,0.005254287647739652,2.6162377089997335,2.5736820000000193,2.6201618740001322,2.585060999999996,0.43630575000020144,534134784
fold_2,evaluation,2021-06-28,17460,16788,G4,False,0.04298816409393147,2.5999939580003684,2.56554399999996,2.6397957929998483,2.606702999999982,1.212787457999866,571670528
fold_2,evaluation,2021-06-29,17460,16788,G3,False,0.015097175196295715,2.6246983739999905,2.584409999999991,2.636386249000225,2.6021039999999687,0.8118716250000944,584024064
fold_3,warmup,2022-05-25,17412,16740,G4,False,0.0030262361296717792,2.3424476250074804,2.3342730000000103,2.4367621659766883,2.427256999999983,1.1375097909476608,529989632
fold_3,warmup,2022-05-26,17412,16740,G3,False,0.014827890511900881,2.3326748330146074,2.3249500000000154,2.4180173760978505,2.4094770000000096,0.7359374590450898,480444416
fold_3,warmup,2022-05-27,17412,16740,G3,False,0.006015976934459308,2.3690948749426752,2.3621450000000124,2.3886935841292143,2.380699000000007,0.7349099580897018,501645312
fold_3,warmup,2022-05-28,17412,16740,G4,False,0.007055857887353315,2.3985525829484686,2.3894930000000016,2.34416229208,2.334569000000002,1.0864058750448748,476839936
fold_3,warmup,2022-05-29,17412,16740,G4,False,0.0018289383324028316,2.364160874974914,2.3575639999999964,2.34075366682373,2.331146000000004,1.0746860000072047,529989632
fold_3,warmup,2022-05-30,17412,16740,G3,False,0.00938006935260799,2.369945124955848,2.362498000000002,2.355375124840066,2.3455220000000025,0.7236715420149267,480444416
fold_3,warmup,2022-05-31,17412,16740,G3,False,0.008592635727440472,2.2720587929943576,2.264039000000011,2.3342733329627663,2.32535399999999,0.7044951670104638,501645312
fold_3,warmup,2022-06-01,17412,16740,G3,False,0.0036132238739113426,2.2694192910566926,2.2622980000000013,2.4096758739324287,2.397939000000008,0.7092932499945164,476839936
fold_3,warmup,2022-06-02,17412,16740,G4,False,0.04974005123006578,2.276466331910342,2.268581999999981,2.421550793107599,2.406679000000011,1.1699877090286463,529989632
fold_3,warmup,2022-06-03,17412,16740,G3,False,0.010317570604515621,2.2834488328080624,2.2747639999999905,2.3975159999681637,2.384888999999987,0.7134699589805678,480444416
fold_3,warmup,2022-06-04,17412,16740,G3,False,0.010241341701618188,2.3390578739345074,2.3265049999999974,2.3727699160808697,2.3612760000000037,0.7056225830456242,501645312
fold_3,warmup,2022-06-05,17412,16740,G4,False,0.031165729656667904,2.2857014989713207,2.275831000000025,2.390227959025651,2.37415,1.1070695000234991,476839936
fold_3,warmup,2022-06-06,17412,16740,G3,False,0.0011412496373269451,2.2834989581024274,2.274977000000007,2.403935248963535,2.387940999999998,0.7426669159904122,529989632
fold_3,warmup,2022-06-07,17412,16740,G4,False,0.02089264219031311,2.2993780829710886,2.2892229999999927,2.4040105420863256,2.386528999999996,1.119284583022818,480444416
fold_3,warmup,2022-06-08,17412,16740,G3,False,0.014314260869551574,2.460396916954778,2.417845999999983,2.3894307101145387,2.370003000000011,0.7299615000374615,501645312
fold_3,warmup,2022-06-09,17412,16740,G4,False,0.05336437213750915,2.4724806238664314,2.42611500000001,2.4152125000255182,2.401134000000013,1.1241881670430303,476839936
fold_3,warmup,2022-06-10,17412,16740,G4,False,0.034943836545207545,2.447042374056764,2.4000989999999973,2.3887984179891646,2.3762140000000045,1.1189522090135142,529989632
fold_3,warmup,2022-06-11,17412,16740,G3,False,0.010256853503256908,2.454644081997685,2.408791000000008,2.4019858330721036,2.388512999999989,0.7434536250075325,480444416
fold_3,warmup,2022-06-12,17412,16740,G3,False,0.0019152285546596979,2.3528564169537276,2.3332149999999956,2.325803750893101,2.319497999999996,0.7151386250043288,501645312
fold_3,warmup,2022-06-13,17412,16740,G4,False,0.022189268103141833,2.3270392508711666,2.3091880000000202,2.359048416954465,2.3519580000000104,1.0947477499721572,476839936
fold_3,warmup,2022-06-14,17412,16740,G3,False,0.008518599130275837,2.324518751120195,2.3056749999999937,2.3246637930860743,2.3177419999999955,0.718184084049426,529989632
fold_3,warmup,2022-06-15,17412,16740,G4,False,0.03487445632583808,2.308447293122299,2.2913310000000138,2.3590371251339093,2.3510310000000203,1.086499083088711,480444416
fold_3,warmup,2022-06-16,17412,16740,G4,False,0.00013119255855496086,2.281481125042774,2.274433000000002,2.3478892081184313,2.339935000000011,1.0822032500291243,501645312
fold_3,warmup,2022-06-17,17412,16740,G3,False,0.0015055200222697685,2.3067779160337523,2.3000000000000114,2.3376021250151098,2.3293469999999843,0.722074958961457,476839936
fold_3,warmup,2022-06-18,17412,16740,G3,False,0.014391198359228457,2.27666124899406,2.269572000000011,2.323421375011094,2.317360000000008,0.7077286669518799,529989632
fold_3,warmup,2022-06-19,17412,16740,G3,False,0.0019408239057160117,2.2794145410880446,2.2723739999999992,2.3308070419589058,2.324920999999989,0.7149825840024278,480444416
fold_3,warmup,2022-06-20,17412,16740,G4,False,0.005816364117822187,2.2775497501716018,2.270774000000017,2.3278583330102265,2.3210450000000264,1.0672013750299811,501645312
fold_3,warmup,2022-06-21,17412,16740,G4,False,0.028176918500188313,2.274830291979015,2.2683569999999946,2.3710064159240574,2.3637520000000336,1.1017600420163944,476839936
fold_3,warmup,2022-06-22,17412,16740,G4,False,0.009410072784110095,2.2986929998733103,2.2915240000000097,2.323390833917074,2.3173610000000053,1.07003545796033,529989632
fold_3,admission,2022-06-23,17412,16740,G2,False,0.010244423949251626,2.2705151250120252,2.2650369999999924,2.3211859579896554,2.3144840000000215,0.38767287496011704,480444416
fold_3,admission,2022-06-24,17412,16740,G4,False,0.003954908040034116,2.3104057101299986,2.301727999999997,2.3328125008847564,2.3247160000000235,1.0775667079724371,501645312
fold_3,admission,2022-06-25,17412,16740,G3,False,0.007845765208557157,2.271253957063891,2.2658759999999916,2.3561066249385476,2.3471329999999853,0.7204072080785409,529989632
fold_3,admission,2022-06-26,17412,16740,G4,False,0.0192529359179507,2.3118551251245663,2.3045600000000093,2.3580846250988543,2.348536999999993,1.0830643750960007,476839936
fold_3,admission,2022-06-27,17412,16740,G4,False,0.015742616267535127,2.284664041129872,2.2786850000000243,2.3123753760010004,2.3069449999999847,1.0766857920680195,480444416
fold_3,admission,2022-06-28,17412,16740,G3,False,0.0001520845607803509,2.335187833989039,2.295609999999982,2.4629770419560373,2.4311710000000346,0.7569319589529186,501645312
fold_3,admission,2022-06-29,17412,16740,G2,False,0.003392214361087627,2.432285875082016,2.377685000000014,2.3900059999432415,2.3707100000000025,0.4001197499455884,529989632
fold_3,warmup,2022-06-30,17412,16740,G3,False,0.005205718452978002,2.4275029589189216,2.376412000000016,2.3705864989897236,2.352253000000019,0.7363585829734802,476839936
fold_3,evaluation,2022-07-01,17412,16740,G3,False,0.0014890161500126576,2.519885043000386,2.498561999999964,2.5664012070001263,2.549718999999982,0.7901579159999983,565411840
fold_3,evaluation,2022-07-02,17412,16740,G4,False,0.016056286630307445,2.4791285419998985,2.459413999999981,2.5593941250001535,2.5426520000000323,1.2027466250001453,534134784
fold_3,evaluation,2022-07-03,17412,16740,G3,False,0.0064109306947105395,2.491653208000116,2.4714600000000075,2.569508749999841,2.5522990000000334,0.790607958999999,571670528
fold_3,evaluation,2022-07-04,17412,16740,G3,False,0.005011959026947218,2.478100917000347,2.457840000000033,2.574064958000008,2.555430000000001,0.8001774580000074,584024064
fold_3,evaluation,2022-07-05,17412,16740,G2,False,0.001027985793223714,2.493158999999878,2.476487999999989,2.5196992500000306,2.507648000000046,0.4246929999999338,565411840
fold_3,evaluation,2022-07-06,17412,16740,G2,False,0.011414740918784768,2.5037679160000152,2.490201000000013,2.552553749000026,2.5378119999999456,0.4214098750001085,534134784
fold_3,evaluation,2022-07-07,17412,16740,G1,False,0.022225409334681305,2.4790743750002093,2.464556000000016,2.564708666000115,2.533555999999976,0.1676265839998905,571670528
fold_3,evaluation,2022-07-08,17412,16740,G4,False,0.004116268866509691,2.458057542000006,2.4435670000000016,2.5171838349997415,2.489062999999959,1.1821904169999016,584024064
fold_3,evaluation,2022-07-09,17412,16740,G2,False,0.017932035857468564,2.5102768749998177,2.485809999999958,2.451264999999694,2.442629000000011,0.4077917909999087,565411840
fold_3,evaluation,2022-07-10,17412,16740,G4,False,0.00758837037270614,2.484852624000041,2.4539259999999956,2.489660418000085,2.480052999999998,1.1349930419999055,534134784
fold_3,evaluation,2022-07-11,17412,16740,G1,False,0.012754962319777966,2.4240830009998717,2.4108679999999936,2.5425088760000563,2.5220790000000193,0.1586697920001825,571670528
fold_3,evaluation,2022-07-12,17412,16740,G1,False,0.02783088552285436,2.440128998999853,2.428922,2.5039972500001113,2.486403999999993,0.16021970800011331,584024064
fold_3,evaluation,2022-07-13,17412,16740,G1,False,0.0016329388232782839,2.5359061239998937,2.466458999999986,2.6501495409997915,2.62317699999997,0.16656470800012357,565411840
fold_3,evaluation,2022-07-14,17412,16740,G1,False,0.01575692558043465,2.549258708999787,2.481195000000014,2.6732875000002423,2.643182999999965,0.1769342500001585,534134784
fold_3,evaluation,2022-07-15,17412,16740,G1,False,0.008244670179543504,2.5796419179998793,2.5085099999999727,2.6410643760002586,2.613860999999986,0.18478216700009398,584024064
fold_3,evaluation,2022-07-16,17412,16740,G1,False,0.017208991321857013,2.647134167000104,2.5768629999999746,2.616922666000164,2.58296900000002,0.1855679580000924,571670528
fold_3,evaluation,2022-07-17,17412,16740,G1,False,0.005350291418654646,2.4872497930002737,2.452793999999983,2.622795042000007,2.5763110000000324,0.15731866700002684,565411840
fold_3,evaluation,2022-07-18,17412,16740,G3,False,0.0028705776339972232,2.484136916000125,2.456140000000005,2.6763571670001056,2.630032999999969,0.8369892499999878,534134784
fold_3,evaluation,2022-07-19,17412,16740,G4,False,0.018843683614453374,2.5208920010002203,2.493058000000019,2.718027291999988,2.647581999999886,1.293514499999901,584024064
fold_3,evaluation,2022-07-22,17364,16740,G2,False,0.0024862394712881503,2.4807820410001113,2.4595379999999523,2.7696093749998454,2.7027779999999666,0.43018624999990607,571670528
fold_3,evaluation,2022-07-23,17364,16740,G3,False,0.0047337724390887305,2.653174040000067,2.6150519999999915,2.621983207999847,2.5885889999999563,0.8489180409999335,565411840
fold_3,evaluation,2022-07-24,17364,16740,G1,False,0.0033710163264364396,2.6318034589999115,2.601212000000089,2.6442588749998777,2.6068630000000894,0.16585916600001838,534134784
fold_3,evaluation,2022-07-25,17364,16740,G3,False,0.0027104329729007366,2.570862082999838,2.554788999999971,2.639599332999751,2.60114800000008,0.7953728329998739,584024064
fold_3,evaluation,2022-07-26,17364,16740,G1,False,0.0023347816897035527,2.5853824169998916,2.5716900000001033,2.584409249999908,2.547747999999956,0.21177862499985167,571670528
fold_3,evaluation,2022-07-27,17364,16740,G1,False,0.025223948917993698,2.6297006659999624,2.5153609999999844,3.126950833000137,2.8816519999999173,0.22939399999995658,565411840
fold_3,evaluation,2022-07-28,17364,16740,G4,False,8.934031586912755e-05,2.7714967909998904,2.573477000000082,2.902933791999885,2.7972050000000195,1.2328612920000523,534134784
fold_3,evaluation,2022-07-29,17364,16740,G2,False,0.005468001649392967,3.0507094589997905,2.7879730000000222,2.8232615400002032,2.655887999999891,0.4785975409999992,584024064
fold_3,evaluation,2022-07-30,17364,16740,G4,False,0.02153047045872418,3.0322117079997497,2.780975999999896,2.83804254100005,2.6723989999999844,1.2315537080000922,571670528
fold_3,evaluation,2022-07-31,17364,16740,G4,False,0.029871569121737728,2.660857667000073,2.60533300000003,2.628420374999905,2.595758000000046,1.193013374999964,565411840
fold_3,evaluation,2022-08-01,17364,16740,G1,False,0.011262117807905038,2.6500351250001586,2.5957080000000587,2.615354916999877,2.5833919999999466,0.16665212499992776,534134784
fold_3,evaluation,2022-08-02,17364,16740,G1,False,0.008521870112050717,2.673927373999959,2.6308159999999816,2.625968458999978,2.589409000000046,0.17046062500003245,584024064
fold_3,evaluation,2022-08-03,17364,16740,G1,False,0.009707826987887285,2.5882050000000163,2.5462590000000205,2.657023416000129,2.6210259999999153,0.17024045800008025,571670528
fold_3,evaluation,2022-08-04,17364,16740,G2,False,0.0033301131680629047,2.557809166999732,2.538462999999979,2.6541504169999826,2.6274159999999824,0.4332217500000297,565411840
fold_3,evaluation,2022-08-05,17364,16740,G1,False,0.010143366483799855,2.579333250000218,2.5524990000000116,2.657495666999921,2.625842999999918,0.1828271249999034,534134784
fold_3,evaluation,2022-08-06,17364,16740,G1,False,0.0019194209195172573,2.5113322919999064,2.4959149999999113,2.7216347909995875,2.6811799999999835,0.17556583299983686,571670528
fold_3,evaluation,2022-08-07,17364,16740,G4,False,0.011265486262098121,2.5231521239998074,2.508111999999983,2.713862584000026,2.66929499999992,1.295760583999936,584024064
fold_3,evaluation,2022-08-08,17364,16740,G2,False,0.00037610986719297743,2.6408849580002425,2.595022999999969,2.9501316240000506,2.7731160000000727,0.5660162500000752,565411840
fold_3,evaluation,2022-08-09,17364,16740,G1,False,0.015054755893547211,2.6639116250000825,2.6244500000000244,2.8980341249998673,2.7557030000000395,0.25190570799986745,534134784
fold_3,evaluation,2022-08-10,17364,16740,G1,False,0.0157284810198398,2.8000187909999568,2.66861700000004,2.8845697079998445,2.799759999999992,0.17953554099995017,571670528
fold_3,evaluation,2022-08-11,17364,16740,G1,False,0.005312671075330938,2.762546460000067,2.624939999999981,2.868626081999764,2.7764249999999606,0.17755549999992581,584024064
fold_3,evaluation,2022-08-12,17364,16740,G1,False,0.0413167451352882,2.684763001000192,2.6386720000000423,2.624368540999967,2.553920000000005,0.16799270799992883,565411840
fold_3,evaluation,2022-08-13,17364,16740,G1,False,0.020480094347785728,2.6104873749998205,2.569445999999971,2.714588625000033,2.6304759999999874,0.17230570800006717,534134784
fold_3,evaluation,2022-08-14,17364,16740,G1,False,0.01574936874959829,2.476084500999832,2.4545610000000693,2.898219334000032,2.776882999999941,0.17584758299994974,584024064
fold_3,evaluation,2022-08-15,17364,16740,G1,False,0.0019090885916055438,2.4900269589995787,2.467852999999991,2.95518008199997,2.8286999999999694,0.1618400830000155,571670528
fold_3,evaluation,2022-08-16,17364,16740,G1,False,0.0034214807299073322,2.7820131250000486,2.710141999999962,2.956451834000063,2.6810870000000477,0.18318699999986165,565411840
fold_3,evaluation,2022-08-17,17364,16740,G1,False,0.01929102551059486,2.7723228750001,2.712816000000032,2.965465498999947,2.70396599999998,0.23543708300007893,534134784
fold_3,evaluation,2022-08-18,17364,16716,G1,False,0.016050046099990316,2.7285342910001873,2.602149000000054,2.8501752070001203,2.662332000000049,0.18005658300012328,584024064
fold_3,evaluation,2022-08-19,17364,16692,G1,False,0.01925880887099407,2.742412707999847,2.6159949999999412,2.822656333000168,2.632976000000099,0.20506312499992418,571670528
fold_3,evaluation,2022-08-20,17364,16692,G1,False,0.024654926313327306,2.4354843340001935,2.421158999999932,2.512929376000102,2.4963069999999448,0.15874320900002203,565411840
fold_3,evaluation,2022-08-21,17364,16692,G1,False,0.012742036746580913,2.434442001000207,2.4093300000000113,2.5378356650001024,2.523420999999985,0.1695933750002041,534134784
fold_3,evaluation,2022-08-22,17364,16692,G4,False,0.0007131128094630158,2.4946211250000943,2.477700000000027,2.542343874999915,2.526845000000037,1.1675787080000646,584024064
fold_3,evaluation,2022-08-23,17364,16692,G4,False,0.020419711230486345,2.4471248330003164,2.431182999999976,2.534633708000001,2.518848999999932,1.17128737500002,571670528
fold_3,evaluation,2022-08-24,17364,16692,G4,False,0.008425731818967191,2.715648373999784,2.5091229999999314,2.576465207999945,2.55042700000007,1.1649297920000663,565411840
fold_3,evaluation,2022-08-25,17364,16692,G4,False,0.01617457659200612,2.6412849989997085,2.5215310000000386,2.644804208000096,2.6105669999999463,1.2076453750000837,534134784
fold_3,evaluation,2022-08-26,17364,16692,G4,False,0.014954223721271045,2.697639291000087,2.548979000000031,2.6858730000001287,2.6476209999999583,1.2826506660001087,584024064
fold_3,evaluation,2022-08-27,17364,16692,G4,False,0.010605525827700664,2.675449958000172,2.554588000000024,2.700719041999946,2.66241100000002,1.3092741250000017,571670528
fold_3,evaluation,2022-08-28,17364,16692,G3,False,0.0007838253821206201,2.6774492499998814,2.6297269999999457,2.6003718340000432,2.566088000000093,0.7834522919999927,565411840
fold_3,evaluation,2022-08-29,17364,16692,G3,False,0.0007865153202666952,2.66523158300015,2.6191029999999387,2.5890142499997637,2.55738800000006,0.7910477079999509,534134784
fold_3,evaluation,2022-08-30,17364,16692,G4,False,0.03542767004722345,2.6065672520001044,2.5651320000000624,2.6543050829998265,2.619122999999945,1.2230837919998976,584024064
fold_3,evaluation,2022-08-31,17364,16692,G4,False,0.017559749186252267,2.5939631659998668,2.554396000000054,2.6287600840000778,2.596285000000023,1.2031886249999388,571670528
fold_3,evaluation,2022-09-01,17364,16692,G4,False,0.00018732979479500286,2.5930111249999754,2.4855739999999855,2.539980375000141,2.5236770000000774,1.1808618750001187,565411840
fold_3,evaluation,2022-09-02,17364,16692,G2,False,0.003280158955870194,2.6122628749997148,2.5084909999999923,2.5041735830000107,2.4881600000000503,0.41225937499984866,534134784
fold_3,evaluation,2022-09-03,17364,16692,G4,False,0.006387199223033463,2.4817015410001204,2.4046020000000112,2.5060488740000437,2.4905499999999847,1.1601705410000704,584024064
fold_3,evaluation,2022-09-04,17364,16692,G4,False,0.0255298033454021,2.580632958000251,2.478794999999991,2.504709626000249,2.4891190000000165,1.1518281250000655,571670528
fold_3,evaluation,2022-09-05,17364,16692,G3,False,0.012891282636079844,2.610980457999858,2.512696999999946,2.5373234999999568,2.5218620000000556,0.7792896670000573,565411840
fold_3,evaluation,2022-09-06,17364,16692,G4,False,0.03565663704991452,2.4501125419999426,2.4325360000000273,2.518867126000032,2.502839999999992,1.1610670420000133,534134784
fold_3,evaluation,2022-09-07,17364,16692,G4,False,0.014833655141093059,2.535305916000425,2.442151000000024,2.527572333999615,2.5120059999999285,1.1555188749998706,584024064
fold_3,evaluation,2022-09-08,17364,16692,G4,False,0.0026863092382504966,2.4823594580002464,2.4530659999999784,2.5455684579999343,2.5305570000000444,1.1419544580001002,571670528
fold_3,evaluation,2022-09-09,17364,16692,G4,False,0.005822969453614372,2.432680333000235,2.416409000000044,2.5393663740001102,2.5224810000000844,1.184524791000058,565411840
fold_3,evaluation,2022-09-10,17364,16692,G4,False,0.024877779362810583,2.4616067510000903,2.443651999999929,2.553053874999705,2.5306490000000395,1.1768402079999305,534134784
fold_3,evaluation,2022-09-11,17364,16692,G3,False,0.00018054043093806375,2.4657575009996435,2.451184000000012,2.624409000000014,2.523736999999983,0.766223957999955,584024064
fold_3,evaluation,2022-09-12,17364,16692,G3,False,0.009675971105034478,2.4649485409995577,2.448485000000005,2.6331822920001287,2.5332109999999943,0.7858901249999235,571670528
fold_3,evaluation,2022-09-13,17364,16692,G3,False,0.0006357615560114483,2.6760893730001953,2.5616960000000404,2.6300021669997022,2.6029760000000124,0.8194919170000503,565411840
fold_3,evaluation,2022-09-14,17364,16692,G3,False,0.002425408070150572,2.7094572080000034,2.591705999999988,2.5451908340000955,2.5200140000000033,0.7673539170000367,534134784
fold_3,evaluation,2022-09-15,17364,16692,G2,False,0.00048787231658555224,2.6493893329998173,2.6100130000000377,2.5494562919998316,2.532003999999972,0.42838254200000847,584024064
fold_3,evaluation,2022-09-16,17364,16692,G4,False,0.010111964930360751,2.6410319169997365,2.600011000000052,2.5334754169998632,2.514883999999995,1.17437420799979,571670528
fold_3,evaluation,2022-09-17,17364,16692,G2,False,9.3057474262224e-05,2.5487046249998,2.5175859999999943,2.588417959000026,2.570085000000006,0.4152950420000252,565411840
fold_3,evaluation,2022-09-18,17364,16692,G4,False,0.013917906805586092,2.5484334569998737,2.5183430000000158,2.5324505849996513,2.511893999999984,1.1906386250000196,534134784
fold_3,evaluation,2022-09-19,17364,16692,G4,False,0.045183696003452976,2.59586404200013,2.566895999999929,2.590361166999628,2.5676899999999705,1.1984140839999782,584024064
fold_3,evaluation,2022-09-20,17364,16692,G3,False,0.007220271668043206,2.5434178329999213,2.514488999999969,2.6083486250001897,2.5874509999999873,0.7998581670001386,571670528
fold_3,evaluation,2022-09-21,17364,16692,G4,False,0.01832547224874273,2.537660916999812,2.521548999999993,2.6115740420002567,2.513401999999985,1.275636792000114,565411840
fold_3,evaluation,2022-09-22,17364,16692,G1,False,0.011941187862689192,2.4790968749998683,2.4626949999999965,2.621704416000057,2.523879000000022,0.16764800000009927,534134784
fold_3,evaluation,2022-09-23,17364,16692,G4,False,0.02722485134430186,2.481677958000091,2.464958000000024,2.6327746680001383,2.531127999999967,1.1830117089998566,584024064
fold_3,evaluation,2022-09-24,17364,16692,G2,False,0.018099128188270173,2.496247416999722,2.4796969999999874,2.6306927079999696,2.54316399999999,0.4978951660000348,571670528
fold_3,evaluation,2022-09-25,17364,16692,G1,False,0.015394678928049126,2.481897875999948,2.466645000000028,2.530440000000226,2.5122160000000235,0.17089708399998926,565411840
fold_3,evaluation,2022-09-26,17364,16692,G1,False,0.01728638759460259,2.5240598760001376,2.5061959999999317,2.635600832999671,2.536100000000033,0.16724312500014094,534134784
fold_3,evaluation,2022-09-27,17364,16692,G1,False,0.03525102103613385,2.5002268320001804,2.483040000000017,2.6198866669997187,2.5233329999999796,0.1639445840000917,584024064
fold_3,evaluation,2022-09-28,17364,16692,G4,False,0.009034166603687362,2.4886911680000594,2.469026000000042,2.597857750000003,2.4932789999999727,1.2447558750000098,571670528
fold_4,warmup,2025-03-22,17386,16714,G4,False,0.007387271943403038,2.444004124030471,2.4198920000000044,2.4437840420287102,2.4230029999999942,1.1347130419453606,628424704
fold_4,warmup,2025-03-23,17386,16714,G2,False,0.0034704712318239296,2.3842057500733063,2.3572740000000465,2.467793832998723,2.448690000000056,0.39634216693229973,559742976
fold_4,warmup,2025-03-24,17387,16715,G2,False,0.005437291355628068,2.3496747510507703,2.328817999999984,2.449537542066537,2.427469999999971,0.38569537503644824,610254848
fold_4,warmup,2025-03-25,17388,16716,G1,False,0.016993998802562763,2.3260700000682846,2.305615999999958,2.4443133340682834,2.42192,0.15116579202003777,586563584
fold_4,warmup,2025-03-26,17389,16717,G2,False,0.021342551616174293,2.342623208882287,2.324317999999977,2.4394073340808973,2.4176439999999673,0.3842609169660136,628424704
fold_4,warmup,2025-03-27,17389,16717,G1,False,0.018011415726175182,2.3445554999634624,2.330358999999987,2.3696560410317034,2.355885000000029,0.16228020808193833,559742976
fold_4,warmup,2025-03-28,17389,16717,G1,False,0.020655625339957635,2.3536525000818074,2.339127000000019,2.4128548339940608,2.3916309999999896,0.14993708406109363,610254848
fold_4,warmup,2025-03-29,17389,16717,G1,False,0.009199729816734399,2.35148312500678,2.3378660000000195,2.419311417150311,2.39925199999999,0.15520891698542982,586563584
fold_4,warmup,2025-03-30,17389,16717,G1,False,0.04031658166270348,2.3043333352543414,2.292193999999995,2.414558082818985,2.393027000000018,0.15348124993033707,628424704
fold_4,warmup,2025-03-31,17389,16718,G1,False,0.020338577731942666,2.3139823341043666,2.3017790000000105,2.405839459039271,2.3874560000000145,0.16165400005411357,559742976
fold_4,warmup,2025-04-01,17388,16718,G2,False,0.004537933969966436,2.340370291029103,2.3234179999999753,2.4267647489905357,2.4105200000000195,0.3947917919140309,610254848
fold_4,warmup,2025-04-02,17387,16718,G4,False,0.022742355673191335,2.3525607091141865,2.3363219999999956,2.394496542052366,2.380531000000019,1.10765550006181,586563584
fold_4,warmup,2025-04-03,17387,16718,G4,False,0.01727983050827653,2.3346280010882765,2.319247999999959,2.430299793020822,2.41461799999999,1.1376031669788063,628424704
fold_4,warmup,2025-04-04,17387,16718,G4,False,0.024661962383396744,2.3814729161094874,2.3606080000000134,2.3453624579124153,2.332544000000013,1.0642632499802858,559742976
fold_4,warmup,2025-04-05,17387,16718,G4,False,0.035710377489521716,2.401548499939963,2.375673000000006,2.458664373960346,2.438438000000019,1.170696165994741,610254848
fold_4,warmup,2025-04-06,17387,16718,G3,False,0.005941741407938611,2.398245708900504,2.3725200000000086,2.435386333032511,2.415021999999965,0.7365557909943163,586563584
fold_4,warmup,2025-04-07,17386,16718,G3,False,0.005618140682042821,2.377092123962939,2.3527970000000096,2.41538020898588,2.395204999999976,0.7107959169661626,628424704
fold_4,warmup,2025-04-08,17386,16718,G4,False,0.0011467957560180033,2.4218984990147874,2.3921639999999798,2.5867917499272153,2.568384000000009,1.1629551659571007,559742976
fold_4,warmup,2025-04-09,17386,16718,G4,False,0.04427061860916664,2.3962300000712276,2.3762979999999914,2.5065475000301376,2.4935560000000123,1.0919231669977307,610254848
fold_4,warmup,2025-04-10,17386,16718,G4,False,0.01792888538323317,2.4643790000118315,2.4417809999999918,2.465485834167339,2.454511000000025,1.0855091670528054,628424704
fold_4,warmup,2025-04-11,17386,16718,G4,False,0.016987465895312637,2.4644722500815988,2.441011999999944,2.4324792510597035,2.4223139999999717,1.080995584023185,586563584
fold_4,warmup,2025-04-12,17386,16718,G4,False,0.027968111537316823,2.254001957946457,2.2482200000000034,2.3629675830015913,2.355210000000028,1.0920601249672472,559742976
fold_4,warmup,2025-04-13,17386,16718,G2,False,0.026354742659181824,2.300069499993697,2.2939460000000054,2.3559390829177573,2.348930999999993,0.3983928329544142,610254848
fold_4,warmup,2025-04-14,17386,16718,G4,False,0.00641141516910738,2.294769792119041,2.2878109999999765,2.3476842909585685,2.340989000000036,1.0794879159657285,586563584
fold_4,warmup,2025-04-15,17386,16718,G4,False,0.021336453643821925,2.269492585095577,2.2635210000000257,2.318936084047891,2.3144649999999842,1.0832080841064453,628424704
fold_4,warmup,2025-04-16,17386,16718,G4,False,0.030937949077758636,2.355699124163948,2.34015500000001,2.5370912920916453,2.5084759999999733,1.141328459023498,559742976
fold_4,warmup,2025-04-17,17386,16718,G1,False,0.03356338137934901,2.451414374052547,2.424813999999998,2.4930294598452747,2.460577000000029,0.1665543339913711,610254848
fold_4,warmup,2025-04-18,17386,16718,G1,False,0.024111678163586007,2.448381001013331,2.421208000000007,2.499681708868593,2.4745439999999803,0.17347012495156378,628424704
fold_4,warmup,2025-04-19,17386,16718,G1,False,0.006968376135387928,2.4586088749347255,2.4305920000000185,2.480834834044799,2.451543000000015,0.16642562509514391,586563584
fold_4,warmup,2025-04-20,17386,16718,G1,False,0.046670235585726444,2.4583331659669057,2.4247430000000065,2.4131700419820845,2.3971400000000074,0.1604973329231143,559742976
fold_4,warmup,2025-04-21,17386,16718,G1,False,0.02631155929672309,2.3959828339284286,2.365703999999994,2.392812417121604,2.3807779999999923,0.15675320802256465,610254848
fold_4,warmup,2025-04-22,17386,16718,G1,False,0.019531558611864067,2.3927544589387253,2.360315000000014,2.401054249959998,2.387892999999991,0.16593679098878056,628424704
fold_4,admission,2025-04-23,17386,16718,G1,False,0.046868366127876294,2.3952444170136005,2.365123000000011,2.378065998898819,2.366661000000022,0.1706004999577999,586563584
fold_4,admission,2025-04-24,17386,16718,G1,False,0.02244605073571215,2.3659863320644945,2.3493889999999737,2.520347999059595,2.4836010000000215,0.1726591249462217,559742976
fold_4,admission,2025-04-25,17386,16718,G2,False,0.011145950596600116,2.4333035009913146,2.4005719999999826,2.5069969998439774,2.470109000000008,0.4025228749960661,610254848
fold_4,admission,2025-04-26,17386,16718,G1,False,0.02888283419984688,2.4330947931157425,2.4019850000000247,2.5201290829572827,2.484890999999976,0.1555335830198601,628424704
fold_4,admission,2025-04-27,17386,16718,G1,False,0.008865055045615473,2.4219649170991033,2.3913479999999936,2.507467418210581,2.4710210000000075,0.15244641702156514,586563584
fold_4,admission,2025-04-28,17386,16717,G1,False,0.04025562982721375,2.399713583989069,2.372219000000001,2.4424341252306476,2.4157820000000356,0.16137566708493978,559742976
fold_4,admission,2025-04-29,17386,16716,G1,False,0.01634170369808139,2.3818685829173774,2.357849999999985,2.4564802912063897,2.431701000000004,0.15412925009150058,610254848
fold_4,warmup,2025-04-30,17386,16715,G1,False,0.014033443300334356,2.3729286671150476,2.3482869999999707,2.4582974158693105,2.432912999999985,0.16523287491872907,628424704
fold_4,evaluation,2025-05-01,17386,16715,G4,False,0.012133682844309933,2.4372345410006346,2.425019999999961,2.5465730010005245,2.5326050000000464,1.1713939589999427,565411840
fold_4,evaluation,2025-05-02,17386,16715,G4,False,0.00498804062644468,2.5224688749999586,2.506657999999959,2.598725958000614,2.5786970000000338,1.2026650829998289,534134784
fold_4,evaluation,2025-05-03,17386,16715,G1,False,0.012087097706349179,2.4710158739999315,2.455066000000045,2.563678749999326,2.5448330000000396,0.1670386249998046,584024064
fold_4,evaluation,2025-05-04,17386,16715,G4,False,0.007721322808329813,2.471811624000111,2.456051999999943,2.6731897909999134,2.5959179999999833,1.3018611249999594,571670528
fold_4,evaluation,2025-05-05,17386,16714,G1,False,0.03806644739574397,2.7013973329999317,2.5278639999999655,2.5709683750001204,2.554764000000091,0.16966649999994843,565411840
fold_4,evaluation,2025-05-06,17386,16714,G4,False,0.025472402008484298,2.6989894160001313,2.532553999999948,2.525154958999792,2.5096019999999726,1.1571143750002193,534134784
fold_4,evaluation,2025-05-07,17386,16714,G4,False,0.03318809222545021,2.6005864589997145,2.4861419999999157,2.5886635420001767,2.5722069999999917,1.1999265419999574,584024064
fold_4,evaluation,2025-05-08,17386,16714,G4,False,0.0350280886855025,2.5666275840003436,2.4663509999999746,2.595259375999831,2.5756729999999948,1.222952417000215,571670528
fold_4,evaluation,2025-05-09,17386,16714,G4,False,0.002067240946781601,2.523668957999689,2.507343999999989,2.8231994570001007,2.7200900000000274,1.292758166999647,565411840
fold_4,evaluation,2025-05-10,17386,16714,G2,False,0.002249462511264927,2.569991833000131,2.549698000000035,2.7942151670004023,2.6823589999999626,0.46670241699985127,534134784
fold_4,evaluation,2025-05-11,17386,16714,G4,False,0.0009446672450357877,2.628893251000136,2.6071909999999434,2.759694417000901,2.6533259999999927,1.2146665000000212,584024064
fold_4,evaluation,2025-05-12,17386,16714,G4,False,0.011885438062623016,2.6933596270000635,2.6689850000000774,2.7372546660003536,2.6259390000000167,1.1955438750001122,571670528
fold_4,evaluation,2025-05-13,17386,16714,G3,False,0.01234604418026695,2.571655625999938,2.5474679999999807,2.803709873999651,2.6718229999999608,0.8271804589999192,565411840
fold_4,evaluation,2025-05-14,17386,16714,G3,False,0.013215684831187572,2.615170166999633,2.5867109999999798,2.7721488759998465,2.647236000000021,0.8226843329998701,534134784
fold_4,evaluation,2025-05-15,17386,16714,G3,False,0.0046182119425352995,2.6056182910001553,2.570362999999986,2.703948625000521,2.5959569999999985,0.8877406660003544,584024064
fold_4,evaluation,2025-05-16,17386,16714,G4,False,0.021906844858756623,2.6016855009997926,2.5646189999999933,2.738220876000014,2.622552999999982,1.2245295839998107,571670528
fold_4,evaluation,2025-05-17,17386,16714,G3,False,0.019849248134696466,2.5619735849995777,2.5398139999999216,2.6099285829996006,2.588952000000006,0.7849591659996804,565411840
fold_4,evaluation,2025-05-18,17386,16714,G3,False,0.02305576053424977,2.5910142069997164,2.568677999999977,2.6725462909998896,2.647976000000085,0.8143617919999997,534134784
fold_4,evaluation,2025-05-19,17386,16714,G3,False,0.0013019915287396913,2.630937207999523,2.606413000000032,2.643606376000662,2.6227930000000015,0.8072343339999861,584024064
fold_4,evaluation,2025-05-20,17386,16714,G3,False,0.017456875012039956,2.557042874999752,2.537621999999999,2.667555122999147,2.6469299999999976,0.8172161659999801,571670528
fold_4,evaluation,2025-05-21,17386,16714,G4,False,0.020985187074749702,2.5490120829999796,2.534300999999971,2.6293302489998496,2.532840999999962,1.1901565829998617,565411840
fold_4,evaluation,2025-05-22,17386,16714,G3,False,0.012756223717794718,2.5513372510004046,2.535161999999957,2.6582028760003595,2.5736459999999965,0.7758719170001314,534134784
fold_4,evaluation,2025-05-23,17386,16714,G3,False,0.006734152275935045,2.5794471249996604,2.4833019999999806,2.577021417000651,2.5625660000000607,0.8116099580001901,584024064
fold_4,evaluation,2025-05-24,17386,16714,G3,False,0.005080642173144812,2.587904709000213,2.5043869999999515,2.574808501000007,2.557976999999994,0.7958699159999014,571670528
fold_4,evaluation,2025-05-25,17386,16714,G3,False,0.01923859808935415,2.5273112900008528,2.5073220000000447,2.599367750000056,2.575377000000003,0.799515041000177,565411840
fold_4,evaluation,2025-05-26,17386,16714,G4,False,0.011918907996188973,2.5291431240002566,2.5078099999998926,2.5768309989994123,2.556169999999952,1.191119415999765,534134784
fold_4,evaluation,2025-05-27,17386,16714,G3,False,0.02393088708083442,2.5025810839997575,2.476378000000011,2.572648416999982,2.5511200000000827,0.7948452079999697,584024064
fold_4,evaluation,2025-05-28,17386,16714,G3,False,0.025417470959728156,2.5064665429999877,2.482281999999998,2.585256959000617,2.561979000000008,0.7984106670000983,571670528
fold_4,evaluation,2025-05-29,17386,16714,G4,False,0.011297980793892265,2.6461042910000288,2.5406750000000216,2.537046707999707,2.5183640000000764,1.1716919159998724,565411840
fold_4,evaluation,2025-05-30,17386,16714,G3,False,0.031670422776577764,2.608831833000295,2.5123459999999795,2.5593512079999527,2.5425520000000574,0.7849946249998538,534134784
fold_4,evaluation,2025-05-31,17386,16714,G3,False,0.013518461831387617,2.6371894990002147,2.538588999999945,2.591117791000215,2.5705559999999537,0.8320068329999231,584024064
fold_4,evaluation,2025-06-01,17386,16714,G3,False,0.025732951078830685,2.547092750000502,2.520298999999966,2.5814475840006708,2.562574999999981,0.7954637500001809,571670528
fold_4,evaluation,2025-06-02,17386,16714,G2,False,0.013001377489341725,2.476946875000067,2.462436000000025,2.6803412080003,2.563579999999945,0.4197675830000662,565411840
fold_4,evaluation,2025-06-03,17386,16714,G4,False,0.023215890539466686,2.4986279579998154,2.4856599999999958,2.7149020410006415,2.60519000000005,1.286678375000065,534134784
fold_4,evaluation,2025-06-04,17386,16714,G4,False,0.0029094768023535294,2.503146332000142,2.4891139999999723,2.7937196249995395,2.6720889999999713,1.2526693329996306,584024064
fold_4,evaluation,2025-06-05,17386,16714,G4,False,0.024168323401872527,2.472922084000402,2.459884999999929,2.7569192519999888,2.62537999999995,1.225881500000014,571670528
fold_4,evaluation,2025-06-06,17386,16714,G4,False,0.0021959428891178048,2.6184469999998328,2.5840030000000525,2.5264324990002933,2.509879000000012,1.1682575830000133,565411840
fold_4,evaluation,2025-06-07,17386,16714,G3,False,0.0010715576673129034,2.5925447909999093,2.558794999999975,2.553784084000654,2.535131999999976,0.7644880420002664,534134784
fold_4,evaluation,2025-06-08,17386,16714,G4,False,0.0005583194985148189,2.572666960000788,2.5475119999999833,2.5576792490005573,2.542115000000024,1.164695875000234,571670528
fold_4,evaluation,2025-06-09,17386,16714,G4,False,0.004452786619460936,2.5527037500005463,2.5287779999999316,2.5565228739992563,2.541926999999987,1.1634349579999252,584024064
fold_4,evaluation,2025-06-10,17386,16714,G4,False,0.0006122122631943505,2.6135069160000057,2.5811749999999734,2.6230557069998213,2.5980579999999804,1.2178325830000176,565411840
fold_4,evaluation,2025-06-11,17386,16714,G3,False,0.0010904657607114486,2.6303117080001357,2.5934050000000184,2.6216449990006367,2.596712000000025,0.8283375000000888,534134784
fold_4,evaluation,2025-06-12,17386,16714,G3,False,0.006771521495953357,2.5576886250005373,2.5212110000000507,2.608174539999254,2.579804000000024,0.7935679580000397,584024064
fold_4,evaluation,2025-06-13,17386,16714,G3,False,0.01235686708540011,2.6033080010006415,2.56851800000004,2.6162944589996187,2.5882100000000605,0.7965898339998603,571670528
fold_4,evaluation,2025-06-14,17386,16714,G3,False,0.010484074301549327,2.593998334000389,2.497286000000088,2.586493915999654,2.5649609999999825,0.7686002079999525,565411840
fold_4,evaluation,2025-06-15,17386,16714,G3,False,0.004093982503466879,2.63768620799965,2.5231919999999946,2.621965249999903,2.6010679999998843,0.7972137500000827,534134784
fold_4,evaluation,2025-06-16,17386,16714,G4,False,0.007873414345520687,2.680498584000361,2.572136999999941,2.624572750000425,2.5936320000000705,1.2482902080000713,584024064
fold_4,evaluation,2025-06-17,17386,16714,G3,False,0.00528586571518455,2.61211212399985,2.512433999999928,2.6464898760000324,2.6170419999999694,0.8027719170004275,571670528
fold_4,evaluation,2025-06-18,17386,16714,G3,False,0.011630171299952485,2.5887536250006633,2.5542259999999715,2.7709882090002793,2.7130039999999553,0.8532850420001523,565411840
fold_4,evaluation,2025-06-19,17386,16714,G3,False,0.004803864557127573,2.5840104169997176,2.5562940000000367,2.7985720410001704,2.740211000000045,0.8529218329999821,534134784
fold_4,evaluation,2025-06-20,17386,16714,G3,False,0.00038274823041419936,2.6641430830004538,2.623914999999954,2.771493664999525,2.7177709999999706,0.8736367080000491,584024064
fold_4,evaluation,2025-06-21,17386,16714,G3,False,0.005308276866769617,2.6240719170000375,2.5849400000000173,2.7595161660005942,2.708659999999952,0.8446059160000914,571670528
fold_4,evaluation,2025-06-22,17386,16714,G3,False,0.0041049273139350815,2.553418624000642,2.5260619999999676,2.638306292999914,2.5385649999999487,0.7919952090001061,565411840
fold_4,evaluation,2025-06-23,17386,16714,G2,False,0.006243383026432176,2.549800376999883,2.5292799999999716,2.661684207000235,2.558591999999976,0.43029370800013567,534134784
fold_4,evaluation,2025-06-24,17386,16714,G2,False,0.004097223661610821,2.4476185830003487,2.43453199999999,2.6391485839994857,2.5381569999999556,0.4154507919997741,571670528
fold_4,evaluation,2025-06-25,17386,16714,G2,False,0.0009871059448864176,2.4991476670002157,2.4828489999999306,2.6807385420001992,2.578538999999978,0.4346256250000806,584024064
fold_4,evaluation,2025-06-26,17386,16714,G1,False,0.026735979606829857,2.451466791000257,2.4387190000000487,2.5506448339997405,2.5372129999999515,0.17015429200000654,565411840
fold_4,evaluation,2025-06-27,17386,16714,G2,False,0.0021841146752040633,2.5314573759997074,2.516633000000013,2.558927041000061,2.5457930000000033,0.41595920800000385,534134784
fold_4,evaluation,2025-06-28,17386,16714,G2,False,0.007809071185467462,2.5297653340003308,2.5160880000000247,2.5444826259995352,2.5317340000000286,0.4269779999999628,571670528
fold_4,evaluation,2025-06-29,17386,16714,G2,False,0.012594913727804464,2.4921293339998556,2.4786339999999427,2.575640041999577,2.5617409999999836,0.41162779199976285,584024064
fold_4,evaluation,2025-06-30,17386,16714,G1,False,0.04023546256229518,2.5248576240005605,2.503620000000126,2.6172495420000814,2.581222000000025,0.16887866700017184,565411840
fold_4,evaluation,2025-07-01,17386,16714,G1,False,0.05568342558296414,2.6022076660001403,2.559223000000088,2.601774960000057,2.5818539999999643,0.1767040839999936,534134784
fold_4,evaluation,2025-07-02,17386,16714,G1,False,0.01985557131386485,2.6145882510004412,2.5676369999999338,2.572466498000267,2.5518030000000067,0.16746845800025767,571670528
fold_4,evaluation,2025-07-03,17386,16714,G1,False,0.041360362999264946,2.625445667000804,2.571077999999943,2.570738832999723,2.5503449999998793,0.17349949999970704,584024064
fold_4,evaluation,2025-07-04,17386,16714,G1,False,0.01707679087961338,2.5055107909997787,2.486966999999993,2.826332958000421,2.7721070000000054,0.16391441699988718,565411840
fold_4,evaluation,2025-07-05,17386,16714,G1,False,0.002168111938192995,2.5163462499999696,2.5005259999999794,2.984551416999693,2.8911599999999567,0.18826474999968923,534134784
fold_4,evaluation,2025-07-06,17386,16714,G1,False,0.01096896181608996,2.6253264170004513,2.592734000000007,2.91679512599967,2.8301519999999982,0.18596116700018683,571670528
fold_4,evaluation,2025-07-07,17386,16714,G2,False,0.013232270659149885,2.6587973750001765,2.624204999999961,2.9076201670004593,2.8262019999999666,0.46719512500021665,584024064
fold_4,evaluation,2025-07-08,17386,16714,G1,False,0.01606720898480043,2.664069875999303,2.6120109999999954,3.3306985009994605,2.7463300000000004,0.2539564580001752,565411840
fold_4,evaluation,2025-07-09,17386,16714,G1,False,0.02913233760493118,2.7353167499995834,2.66662000000008,3.3369503330000043,2.612292000000025,0.24967854199985595,534134784
fold_4,evaluation,2025-07-10,17386,16714,G1,False,0.012591664544910773,3.000474457999644,2.6728519999999776,3.0667563739998513,2.580287999999996,0.2499324999998862,571670528
fold_4,evaluation,2025-07-11,17386,16714,G1,False,0.02560609601103536,2.9784820849995413,2.6544829999999706,3.034167084999808,2.5758730000000014,0.223374917000001,584024064
fold_4,evaluation,2025-07-12,17386,16714,G2,False,0.010039777798602375,2.754862833000061,2.463427999999965,2.556896083999618,2.513388999999961,0.4244735419997596,565411840
fold_4,evaluation,2025-07-13,17386,16714,G2,False,0.008412161585372956,2.6487936240005183,2.5448880000000713,2.5627194579997195,2.539850999999942,0.4181939169998259,534134784
fold_4,evaluation,2025-07-14,17386,16714,G2,False,0.011611551564674794,2.5928329169996687,2.501412999999957,2.5784225839997816,2.563433000000032,0.42516841699989527,571670528
fold_4,evaluation,2025-07-15,17386,16714,G1,False,0.003637531678401095,2.5667489160000514,2.4660519999999906,2.523243916999945,2.508060999999941,0.17319433400007256,584024064
fold_4,evaluation,2025-07-16,17386,16714,G2,False,0.014066407789468056,2.5419807489997766,2.4525239999999826,2.555391833000158,2.5360189999999534,0.427203291999831,565411840
fold_4,evaluation,2025-07-17,17386,16714,G1,False,0.0023534202682394603,2.5533245010001338,2.457896000000005,2.5612307090000286,2.5449689999999805,0.1621700000000601,534134784
fold_4,evaluation,2025-07-18,17386,16714,G1,False,0.018534644310528793,2.567585207999855,2.4675359999999387,2.567374125999777,2.5493580000000975,0.16514795800003412,584024064
fold_4,evaluation,2025-07-19,17386,16714,G4,False,0.00031199165116908465,2.540843459000371,2.4411159999999654,2.595046583999647,2.5709929999999304,1.2277983750000203,571670528
fold_4,evaluation,2025-07-20,17386,16714,G2,False,0.009099626096919227,2.546669749999637,2.5242000000000075,2.6349972920002074,2.5450440000000185,0.43124979100002747,565411840
fold_4,evaluation,2025-07-21,17386,16714,G2,False,0.01867160352195528,2.5972936250000203,2.4952430000000163,2.5292684589999226,2.514959000000033,0.41447741699994367,534134784
fold_4,evaluation,2025-07-22,17386,16714,G1,False,0.005769775705754318,2.6097015420004936,2.5011989999999287,2.5606013760002497,2.543852999999956,0.16283079200002248,584024064
fold_4,evaluation,2025-07-23,17386,16714,G2,False,0.01089697951450626,2.590154210000037,2.4896029999999882,2.548938542000087,2.5341980000000035,0.42574787500007005,571670528
fold_4,evaluation,2025-07-24,17386,16714,G3,False,0.012303544992879011,2.535452040999644,2.5190670000000637,2.5563594999998713,2.5395640000000412,0.7827335829997537,565411840
fold_4,evaluation,2025-07-25,17386,16714,G2,False,2.9668487808723e-05,2.5362909159998708,2.5186899999999923,2.6240207910004756,2.6084900000000744,0.4349139579999246,534134784
fold_4,evaluation,2025-07-26,17386,16714,G2,False,0.026332039741370737,2.5473634159998255,2.5269800000000373,2.70284995899965,2.6440289999999322,0.4351393749998351,571670528
fold_4,evaluation,2025-07-27,17386,16714,G1,False,0.037633523621191434,2.523279666000235,2.503591999999969,2.675860709000517,2.6171200000000567,0.17817275000015798,584024064
fold_4,evaluation,2025-07-28,17386,16714,G4,False,0.0015583766474586383,2.5930997090003984,2.5378430000000094,2.6999544180002886,2.6000099999999975,1.2805321250002635,565411840
fold_4,evaluation,2025-07-29,17386,16714,G4,False,0.02235826871932019,2.599713042000076,2.542002000000025,2.7695166660000723,2.657448000000045,1.2012290000002395,534134784
fold_5,warmup,2025-12-02,17435,16763,G4,False,0.005898879193077104,2.3549998329253867,2.3404850000000295,2.488720625056885,2.4376489999999933,1.120805750018917,744194048
fold_5,warmup,2025-12-03,17435,16763,G3,False,0.005322542338227145,2.3517432920634747,2.3237819999999942,2.445628957939334,2.41966199999996,0.7549287079600617,758349824
fold_5,warmup,2025-12-04,17435,16763,G4,False,0.0331828189867124,2.4064068760490045,2.3693589999999745,2.4304646241944283,2.40211800000003,1.135285166092217,704970752
fold_5,warmup,2025-12-05,17435,16763,G4,False,0.0009421981609846321,2.379212582949549,2.3577599999999848,2.4660950420657173,2.4354690000000403,1.1339002919849008,742129664
fold_5,warmup,2025-12-06,17435,16763,G4,False,0.002106406534316409,2.358859874890186,2.340040999999985,2.4586085829650983,2.426807000000025,1.1394157080212608,744194048
fold_5,warmup,2025-12-07,17435,16763,G2,False,0.006620745423420188,2.368501832941547,2.34630199999998,2.3861161660170183,2.370907999999986,0.3963952080812305,758349824
fold_5,warmup,2025-12-08,17435,16763,G4,False,0.04115173143682825,2.321980374865234,2.3140949999999805,2.5006898331921548,2.472126000000003,1.1579172080382705,704970752
fold_5,warmup,2025-12-09,17435,16763,G2,False,0.004758661696457141,2.3135108748683706,2.306024000000008,2.4880514580290765,2.457952000000006,0.39567724999506027,744194048
fold_5,warmup,2025-12-10,17435,16763,G4,False,0.07170690675976009,2.370096624130383,2.3597589999999684,2.5073201659834012,2.474884000000003,1.1540180830052122,742129664
fold_5,warmup,2025-12-11,17435,16763,G4,False,0.04398745518627743,2.4000031260075048,2.371936000000005,2.471574667026289,2.445839000000035,1.1360057919519022,758349824
fold_5,warmup,2025-12-12,17435,16763,G4,False,0.014815272952849217,2.4210067479871213,2.3964920000000234,2.4655871249269694,2.4413770000000454,1.1270872500026599,704970752
fold_5,warmup,2025-12-13,17435,16763,G2,False,0.030599862663026698,2.4012709580129012,2.378278000000023,2.4470152930589393,2.4220109999999977,0.3929430840071291,744194048
fold_5,warmup,2025-12-14,17435,16763,G2,False,0.0021163779701648356,2.3900734579656273,2.3690629999999544,2.473390708095394,2.447211999999979,0.4168190830387175,742129664
fold_5,warmup,2025-12-15,17435,16763,G4,False,0.0015422195504573959,2.3886651661014184,2.367878999999988,2.6547868760535493,2.6112439999999992,1.133189000072889,758349824
fold_5,warmup,2025-12-16,17435,16763,G2,False,0.011702620151449648,2.609802208142355,2.573139999999995,2.47649179212749,2.45096700000002,0.41522254096344113,704970752
fold_5,warmup,2025-12-17,17435,16763,G2,False,0.022136779596889443,2.5756821259856224,2.5388989999999865,2.484979499131441,2.46120700000003,0.4205645000329241,744194048
fold_5,warmup,2025-12-18,17435,16763,G2,False,0.009948719210960784,2.567235916852951,2.5321089999999913,2.4562212079763412,2.4359179999999867,0.39760812500026077,742129664
fold_5,warmup,2025-12-19,17435,16763,G2,False,0.023038981385964025,2.3697739170165733,2.3456800000000158,2.526630667038262,2.3986880000000212,0.5394255419960245,758349824
fold_5,warmup,2025-12-20,17435,16763,G4,False,0.024474327219293837,2.5246666269376874,2.387108000000012,2.457432581926696,2.438654000000014,1.173426832887344,704970752
fold_5,warmup,2025-12-21,17435,16763,G1,False,0.00522042191908575,2.5056596659123898,2.3703129999999817,2.4641333350446075,2.444759000000005,0.15533087495714426,744194048
fold_5,warmup,2025-12-22,17435,16763,G1,False,0.0035336914961436464,2.521612501004711,2.38579500000003,2.4453268750803545,2.4251020000000096,0.15119679097551852,742129664
fold_5,warmup,2025-12-23,17435,16763,G1,False,0.06234064472758662,2.3792054989608005,2.3634230000000116,2.357394707854837,2.3482020000000148,0.15338483289815485,758349824
fold_5,warmup,2025-12-24,17435,16763,G1,False,0.16124399272949932,2.3101029159734026,2.304052000000013,2.4426635411800817,2.4226530000000253,0.15279812505468726,704970752
fold_5,warmup,2025-12-25,17435,16763,G1,False,0.02854848245706168,2.3221232930663973,2.315312999999975,2.450931000057608,2.4307660000000055,0.1555898750666529,744194048
fold_5,warmup,2025-12-26,17435,16763,G1,False,0.029071703468451126,2.297615792020224,2.291358000000031,2.4629274590406567,2.43484399999997,0.15604324999731034,742129664
fold_5,warmup,2025-12-27,17435,16763,G1,False,0.051773929921321064,2.4568354591028765,2.425441000000035,2.4396982910111547,2.4169009999999673,0.15354054199997336,758349824
fold_5,warmup,2025-12-28,17435,16763,G1,False,0.08476430068854422,2.4089626239147037,2.381167000000005,2.5259292090777308,2.4870670000000246,0.17490208405070007,704970752
fold_5,warmup,2025-12-29,17435,16763,G2,False,0.008991802029501053,2.4387451241491362,2.410876000000002,2.540885124937631,2.4996289999999988,0.40268320799805224,744194048
fold_5,warmup,2025-12-30,17435,16763,G1,False,0.029397824240110414,2.4303104169666767,2.399151999999958,2.53445608203765,2.4920270000000073,0.1573632500367239,742129664
fold_5,admission,2025-12-31,17435,16763,G1,False,0.08702381627123082,2.5796811669133604,2.5195720000000392,2.421418583020568,2.396580999999969,0.1684055000077933,758349824
fold_5,admission,2026-01-01,17435,16763,G1,False,0.09234634285705533,2.53492304100655,2.4827609999999822,2.3860838330583647,2.3768680000000018,0.15896112495101988,704970752
fold_5,admission,2026-01-02,17435,16763,G1,False,0.06315497639973616,2.4999109170166776,2.4505289999999036,2.3459032911341637,2.3388099999999667,0.15799466602038592,744194048
fold_5,admission,2026-01-03,17435,16763,G1,False,0.01016419893046088,2.530781209934503,2.4830440000000635,2.371435625012964,2.3629490000000146,0.16045537497848272,742129664
fold_5,admission,2026-01-04,17435,16763,G1,False,0.04986745259744375,2.3279045410454273,2.313308000000063,2.4630126249976456,2.4321620000000053,0.16625854198355228,758349824
fold_5,admission,2026-01-05,17435,16763,G1,False,0.003043654939421108,2.39910979103297,2.3703129999999533,2.3888364587910473,2.3617080000000215,0.1485803748946637,744194048
fold_5,admission,2026-01-06,17435,16763,G2,False,0.022060329677639115,2.4288474990753457,2.3989859999999794,2.3998157079331577,2.373070999999925,0.39511904097162187,704970752
fold_5,warmup,2026-01-07,17435,16763,G1,False,0.002081992731673702,2.4448037509573624,2.4132129999999847,2.3737920420244336,2.3481969999999706,0.1508852089755237,742129664
fold_5,evaluation,2026-01-08,17435,16763,G1,False,0.014963258541986182,2.576886540999567,2.555211999999983,2.686149873999966,2.593221000000028,0.2542671250002968,584024064
fold_5,evaluation,2026-01-09,17435,16763,G3,False,0.005422502679923232,2.6166074999996454,2.592102999999952,2.706786125000235,2.60988100000003,0.8005852500000401,571670528
fold_5,evaluation,2026-01-10,17435,16763,G4,False,0.01791728545725876,2.5423286659997757,2.531402000000014,2.649589750999894,2.637076000000036,1.2142861249999441,565411840
fold_5,evaluation,2026-01-11,17435,16763,G3,False,0.013765346823010944,2.563028750000285,2.5454179999999837,2.651792498999839,2.6303069999999593,0.7918806669999867,534134784
fold_5,evaluation,2026-01-12,17435,16763,G2,False,0.003849971105616733,2.555197582999881,2.542833000000087,2.650337875000332,2.623839999999916,0.42938425000011193,584024064
fold_5,evaluation,2026-01-13,17435,16763,G3,False,0.007339539178741167,2.576653250000163,2.562791999999945,2.7029181249999965,2.66660399999995,0.8345617499999207,571670528
fold_5,evaluation,2026-01-14,17435,16763,G4,False,0.006389869249989704,2.6273507920004704,2.5800669999999286,2.7178282079999008,2.671491999999887,1.2532559999999648,565411840
fold_5,evaluation,2026-01-15,17435,16763,G2,False,0.00110313658633712,2.6801161649996175,2.6195090000000505,2.789710957000352,2.7365090000000123,0.44520029099976455,534134784
fold_5,evaluation,2026-01-16,17435,16763,G4,False,0.02153991403468521,2.653118374999849,2.5975420000000327,2.758002999999462,2.7055950000000166,1.3166209169999092,584024064
fold_5,evaluation,2026-01-17,17435,16763,G4,False,0.025024498758713175,2.644383373999972,2.5943790000000604,2.82321412400006,2.7658440000000155,1.3446706249997078,571670528
fold_5,evaluation,2026-01-18,17435,16763,G1,False,0.0010512907877147147,2.683266457999707,2.6329530000001,2.7520101670006625,2.645715999999993,0.1746388750002552,565411840
fold_5,evaluation,2026-01-19,17435,16763,G2,False,0.005704352545176903,2.728315541000029,2.6145850000000337,2.7668130420001944,2.7130840000000376,0.45169150000037916,534134784
fold_5,evaluation,2026-01-20,17435,16763,G3,False,0.0018798695447387254,2.6905100399999355,2.581444999999974,2.6928584579995913,2.6427509999999756,0.8187675829999534,584024064
fold_5,evaluation,2026-01-21,17435,16763,G3,False,0.004574365014195242,2.666913999999906,2.56633800000003,2.7123298340002293,2.658613999999943,0.8907064999998511,571670528
fold_5,evaluation,2026-01-22,17435,16763,G3,False,0.010638209959183872,2.6640980010006388,2.625396999999964,2.8625113749994853,2.8009349999999813,0.819951625000158,565411840
fold_5,evaluation,2026-01-23,17435,16763,G1,False,0.01312022875823466,2.5396607080006106,2.5219229999999015,3.0721206670004904,2.8811589999999683,0.17857379200040668,534134784
fold_5,evaluation,2026-01-24,17435,16763,G1,False,0.010051306112878237,2.6427807919999395,2.6184879999999566,2.989193625000098,2.8094130000000064,0.20360054200000377,584024064
fold_5,evaluation,2026-01-25,17435,16763,G1,False,0.03142755700124133,2.6353374999998778,2.6073640000000182,3.0288177090001227,2.860001000000011,0.20948041600013312,571670528
fold_5,evaluation,2026-01-26,17435,16763,G3,False,0.008112311364027023,2.9377819159994942,2.707644999999957,3.7954308749999655,3.0353489999999965,1.0040604579999126,565411840
fold_5,evaluation,2026-01-27,17435,16763,G1,False,0.020909676159045522,3.7036553749999257,2.8440579999999613,3.1827816259997235,2.940213999999969,0.19982375000017782,534134784
fold_5,evaluation,2026-01-28,17435,16763,G1,False,0.030587032963737586,3.708031874999506,2.883497000000034,3.1416820839999673,2.889778999999976,0.18396566599994912,584024064
fold_5,evaluation,2026-01-29,17435,16763,G4,False,0.018014080310467594,3.806436667000071,2.914039999999943,3.125466707999749,2.902747999999974,1.4038317919998917,571670528
fold_5,evaluation,2026-01-30,17435,16763,G2,False,0.0009307475724757516,2.970182958999885,2.8328330000000506,2.991740877000211,2.8103409999997666,0.49598908400002983,565411840
fold_5,evaluation,2026-01-31,17435,16763,G3,False,0.003553111024414817,2.985276500999589,2.782123000000013,2.8423673759998564,2.7787450000001854,0.8297788340000807,534134784
fold_5,evaluation,2026-02-01,17435,16763,G4,False,7.477896083515736e-05,3.0014622919998146,2.7832609999999818,2.773645333999866,2.7280259999997725,1.2731733750001695,584024064
fold_5,evaluation,2026-02-02,17435,16763,G2,False,0.0006099515369745772,3.0337808750000477,2.820496000000105,2.720372416000373,2.6829810000000407,0.4496300830001019,571670528
fold_5,evaluation,2026-02-03,17435,16763,G4,False,0.009572857984342651,2.7448101260006297,2.7013529999999264,2.8975897090003855,2.818351000000007,1.3833827920002477,565411840
fold_5,evaluation,2026-02-04,17435,16763,G1,False,0.05069361202916143,2.6542573750002703,2.6167939999999135,2.9530270830005065,2.787036999999941,0.1935716670000147,534134784
fold_5,evaluation,2026-02-05,17435,16763,G2,False,0.014223583409204757,2.6671320000004926,2.6259390000000167,2.9738977080005498,2.8092599999999948,0.49840208300020095,584024064
fold_5,evaluation,2026-02-06,17435,16763,G2,False,0.0025561887516699763,2.723829541000214,2.6777420000000802,2.9441765430001396,2.782587000000035,0.5039210840000123,571670528
fold_5,evaluation,2026-02-07,17435,16763,G4,False,0.024096235272070155,2.85214145899954,2.704840999999874,3.165868876999866,2.8389499999999543,1.5570234169999821,565411840
fold_5,evaluation,2026-02-08,17435,16763,G1,False,0.05189602360456169,2.861394623999786,2.774236000000087,2.97265600000037,2.7374449999997523,0.19431675000032556,534134784
fold_5,evaluation,2026-02-09,17435,16763,G4,False,0.13109236696130544,2.8636593340006584,2.768938999999932,2.9955335420004303,2.732430000000136,1.2234425420001571,584024064
fold_5,evaluation,2026-02-10,17435,16763,G4,False,0.04054828818974484,2.8363413750007567,2.7373969999998735,3.0113596650003274,2.745959999999968,1.2711611660001836,571670528
fold_5,evaluation,2026-02-11,17435,16763,G4,False,0.05891402287018872,2.7873052909999387,2.7187569999999823,3.4221944589994564,3.0084330000001955,1.5397653339996396,565411840
fold_5,evaluation,2026-02-12,17435,16763,G3,False,0.006462490000773728,2.7674952089996623,2.684048999999959,3.5253939169997466,3.0573490000000447,0.978104916999655,534134784
fold_5,evaluation,2026-02-13,17435,16763,G4,False,0.04009868733482266,2.985998209999707,2.7606140000000323,3.23104154199973,2.9145449999999755,1.3849288749997868,584024064
fold_5,evaluation,2026-02-14,17435,16763,G4,False,0.05092592719741056,3.088421459000074,2.801926000000094,3.281119290999868,2.9517170000000306,1.3057494159997987,571670528
fold_5,evaluation,2026-02-15,17435,16763,G4,False,0.007810379220900889,2.913516999999956,2.7310709999998153,3.112628584000049,2.8351579999999785,1.387869916999989,565411840
fold_5,evaluation,2026-02-16,17435,16763,G2,False,0.012923122592842052,2.928007293000519,2.7368079999999964,2.9712495839999065,2.7395839999999225,0.4969099999998434,534134784
fold_5,evaluation,2026-02-17,17435,16763,G4,False,0.004508636856336953,3.116161375000047,2.8769049999998515,2.834543998999834,2.6914039999999204,1.2158056660000511,584024064
fold_5,evaluation,2026-02-18,17435,16763,G2,False,0.0011558989296984957,3.0384318749997874,2.802728000000002,2.849804873999801,2.688194000000067,0.5442705830000705,571670528
fold_5,evaluation,2026-02-19,17435,16763,G4,False,0.07693036194826174,2.707191249999596,2.619672000000037,2.7795480830000088,2.7084780000001274,1.3162979170001563,565411840
fold_5,evaluation,2026-02-20,17435,16763,G4,False,0.018442613721941715,2.6978760829993007,2.622867999999926,2.790972375000365,2.7114910000000236,1.2453571250002824,534134784
fold_5,evaluation,2026-02-21,17435,16763,G3,False,0.003918859182630846,2.7019607490001363,2.612086999999974,2.8479349580002236,2.775662999999895,0.8711233330000141,584024064
fold_5,evaluation,2026-02-22,17435,16763,G3,False,0.0017798398856285582,2.7369548740002756,2.6465839999999616,2.8409816670005057,2.760958999999957,0.8578817920001711,571670528
fold_5,evaluation,2026-02-23,17435,16763,G4,False,0.02636922996560145,2.672626290000153,2.62357499999996,3.0664249580004252,2.947246999999834,1.4290401670000392,565411840
fold_5,evaluation,2026-02-24,17435,16763,G4,False,0.012811785159287008,2.78374087300017,2.724275000000034,2.98905116800006,2.8839609999998856,1.2829505419999805,534134784
fold_5,evaluation,2026-02-25,17435,16763,G4,False,0.07218292106180435,2.9105550010003753,2.8441289999999526,3.000206749999961,2.882718000000068,1.3190203330000259,584024064
fold_5,evaluation,2026-02-26,17435,16763,G2,False,0.02306987703568081,2.8443867930000124,2.7875999999999976,3.001912667000397,2.8738180000000284,0.5155510839999806,571670528
fold_5,evaluation,2026-02-27,17435,16763,G3,False,0.008326154923128248,2.9373659990001215,2.8465430000001106,2.6554091649995826,2.624301000000173,0.815668457999891,565411840
fold_5,evaluation,2026-02-28,17435,16763,G1,False,0.011960519618850623,2.8732271260000743,2.7942199999999957,2.701062749000357,2.668391999999926,0.17188095800020164,534134784
fold_5,evaluation,2026-03-01,17435,16763,G2,False,0.011569923323689281,2.845688665000125,2.7743259999999736,2.665468917000453,2.6328640000000405,0.45022724999989805,584024064
fold_5,evaluation,2026-03-02,17435,16763,G4,False,0.03547246700114223,2.7901231669998197,2.728979000000095,2.628014042000359,2.5969330000000355,1.1930175000002237,571670528
fold_5,evaluation,2026-03-03,17435,16763,G2,False,0.005288271735263272,2.6245989980002378,2.5879090000000815,2.7971472499998526,2.7008079999998245,0.46046562499986976,565411840
fold_5,evaluation,2026-03-04,17435,16763,G2,False,0.004157348859449534,2.706690375999642,2.6439119999998866,2.8055225829998562,2.7186249999999745,0.4710671249999905,534134784
fold_5,evaluation,2026-03-05,17435,16763,G3,False,0.004358190949051649,2.7373775840001144,2.669571000000019,3.122207501000048,2.8311710000000403,0.8503796250001869,584024064
fold_5,evaluation,2026-03-06,17435,16763,G3,False,0.000999580138821834,2.7222749170009592,2.654367999999863,3.1895276270006434,2.833024999999907,0.8387087090000023,571670528
fold_5,evaluation,2026-03-07,17435,16763,G1,False,0.012379111370323881,3.4692336660000365,2.9240459999999757,2.759949875000075,2.682166999999936,0.2173590420002256,565411840
fold_5,evaluation,2026-03-08,17435,16763,G1,False,0.01501805951894364,3.5903190010003527,2.9415809999999283,2.6685033750000002,2.6183350000001155,0.1855279999999766,534134784
fold_5,evaluation,2026-03-09,17435,16763,G3,False,0.008047465727630881,3.2338814579998143,2.7942469999999275,2.751094416999422,2.682890000000043,0.8342486249998728,584024064
fold_5,evaluation,2026-03-10,17435,16763,G1,False,0.018743947863323167,3.11146512599953,2.7975400000000263,2.8350419160001366,2.7198159999999234,0.16197720799982562,571670528
fold_5,evaluation,2026-03-11,17435,16763,G1,False,0.009128451672345037,2.718061623999347,2.628857999999809,2.9108924170000137,2.73419100000001,0.16767004100029226,565411840
fold_5,evaluation,2026-03-12,17435,16763,G1,False,0.013051206467159633,2.719049874000575,2.599853000000053,2.766178666999622,2.662081000000171,0.20092241700012892,534134784
fold_5,evaluation,2026-03-13,17435,16763,G1,False,0.017131949944281473,2.8081499170002644,2.6766059999999925,2.6880210419999457,2.6060460000001058,0.16810858300004838,584024064
fold_5,evaluation,2026-03-14,17435,16763,G3,False,0.0021089460081010957,2.703667332999885,2.587863999999854,2.7162608750004438,2.6320499999999356,0.9206304170002113,571670528
fold_5,evaluation,2026-03-15,17435,16763,G4,False,0.03855239579074247,2.5136538329993527,2.495467000000076,2.6528564569998707,2.6182940000001054,1.2105304579999938,565411840
fold_5,evaluation,2026-03-16,17435,16763,G3,False,5.320508683795298e-05,2.5966101669991986,2.5651419999999234,2.9059974580000016,2.7176299999999856,0.8325013749999925,534134784
fold_5,evaluation,2026-03-17,17435,16763,G1,False,0.014821691874101333,2.5460977909992835,2.524454999999989,2.7884326259991212,2.746471999999926,0.18064854199974434,584024064
fold_5,evaluation,2026-03-18,17435,16763,G2,False,0.012057681249060148,2.570946499999991,2.545720000000074,3.0083914160004497,2.8114669999998796,0.4354996250003751,571670528
fold_5,evaluation,2026-03-19,17435,16763,G4,False,0.008574223378390478,3.1714430429997265,2.8641699999999446,3.149774124000487,2.8984819999999445,1.3956650410000293,565411840
fold_5,evaluation,2026-03-20,17435,16763,G4,False,0.02500214483691711,3.189555749000192,2.9278999999999087,2.9076632100000097,2.7484170000001313,1.2925753340000483,534134784
fold_5,evaluation,2026-03-21,17435,16763,G3,False,0.0016661033868116007,3.1678582489998917,2.889067000000068,2.8987257490002776,2.747851999999966,0.9198936660000072,584024064
fold_5,evaluation,2026-03-22,17435,16763,G3,False,0.000761004319977551,3.2105840830004126,2.9035900000000083,2.901427751000483,2.7762790000001587,0.8990521670002636,571670528
fold_5,evaluation,2026-03-23,17435,16763,G3,False,0.013636189766723428,2.6510205840004346,2.5974870000001147,2.99146250099966,2.8675929999999425,0.8938840420000815,565411840
fold_5,evaluation,2026-03-24,17435,16763,G3,False,0.006072474844675098,2.637204001000555,2.601339999999823,3.0428154589999394,2.912352999999939,1.0037970000003043,534134784
fold_5,evaluation,2026-03-25,17435,16763,G3,False,0.008044659195998219,2.6921800000000076,2.647506000000135,3.0339500419991055,2.9193270000000666,0.9403682499996648,584024064
fold_5,evaluation,2026-03-26,17435,16763,G4,False,0.000776245776855325,2.744415582000329,2.6443109999999024,2.9974996250002732,2.92569600000013,1.3494517919998543,571670528
fold_5,evaluation,2026-03-27,17435,16763,G4,False,0.0329433263601897,2.8222313759997633,2.7582679999998163,2.8774168340005417,2.7998580000000857,1.335436583000046,565411840
fold_5,evaluation,2026-03-28,17435,16763,G3,False,0.011086300337651225,2.836345041000186,2.7646680000000288,2.9115614180000193,2.838130000000092,0.8832890000003317,534134784
fold_5,evaluation,2026-03-29,17435,16763,G3,False,0.009535163415880425,2.879838290999942,2.7988430000000335,2.9076933339993047,2.833193999999935,0.9435969579999437,584024064
fold_5,evaluation,2026-03-30,17435,16764,G4,False,0.021076699722487022,2.761145958999805,2.695780999999897,2.941923874999702,2.862709000000109,1.3110341249998783,571670528
fold_5,evaluation,2026-03-31,17435,16765,G4,False,0.03154036747020377,2.842866624999715,2.7702629999998862,2.923105749000115,2.810211000000095,1.3626105000003008,565411840
fold_5,evaluation,2026-04-01,17435,16766,G4,False,0.02032629465842992,2.8544182919995365,2.793247000000065,2.875192706999769,2.772650999999996,1.2335833749998528,534134784
fold_5,evaluation,2026-04-02,17435,16766,G4,False,0.0026273654077304406,2.9028833320003287,2.834970999999996,2.8704518330005158,2.7854089999999587,1.2997577080000156,584024064
fold_5,evaluation,2026-04-03,17435,16766,G3,False,0.002940834043260553,2.9221218339994266,2.8028920000001563,2.812658332999945,2.7729380000000674,0.850164124999992,571670528
fold_5,evaluation,2026-04-04,17435,16766,G4,False,0.037058419422862865,2.7270176249999167,2.6935699999999088,3.008069417000115,2.8826210000000856,1.4346474170001784,565411840
fold_5,evaluation,2026-04-05,17435,16766,G3,False,0.0024339662130598455,2.7626192490001813,2.7109179999999924,2.8572593750000124,2.7441409999998996,1.0299502920001942,534134784
fold_5,evaluation,2026-04-06,17435,16767,G4,False,0.016542079485514692,2.8113732919996437,2.753899999999817,2.7114617080001153,2.612483999999995,1.0868977909999558,584024064
fold_5,evaluation,2026-04-07,17435,16767,G4,False,0.009876359575330153,2.9281403340000907,2.816069000000084,2.5337839600001644,2.4922629999997525,1.0590369589999682,571670528
