run_00z,delivery_day,version,status,primary_endpoint,endpoints_used,messages,failed_attempts,nonfinite_box_values,elapsed_s,npz_sha256,record_sha256,raw_retained
2019-01-01,2019-01-02,v14,complete,ncar,"{""ncar"": 50}",50,0,0,185.41,2bde068709ce1f9cf74452b100b40c33f0054667d676eb800f77d954fd2a94db,0dc0465d0adff3c979334baf28b65a94abf1de116e6f954e7424a3fb6ee60a5f,True
2019-01-02,2019-01-03,v14,complete,ncar,"{""ncar"": 50}",50,0,0,214.03,f22cf884b6acfc8bc83d2e51a63a84f926dde7d5b14381ee26b8bfc910010ace,6f1e7a54e00815c481502060243570e66271ffc1dafa858c26d111d973a4528a,False
2019-01-03,2019-01-04,v14,complete,ncar,"{""ncar"": 50}",50,0,0,166.91,a0c718fcd5d10a1f46043e26f706e6c1b30df0b477554365a3f68b97f8b27841,7fb24feaa75b62d38ea2ac4d2c292c78a6836e66bcd4a925670b9b3adefab314,False
2019-01-04,2019-01-05,v14,complete,ncar,"{""ncar"": 50}",50,0,0,149.09,d7099c985d909313123c6bd7478c76da12da411923dd942700e1edd7aa2971e7,ac6b80ff21b35a0aac12d8e71a58cef99f804bdfe43f32a1011f0918840bee2f,False
2019-01-05,2019-01-06,v14,complete,ncar,"{""ncar"": 50}",50,0,0,163.26,20ee7fe9e0eb1a56adfa80548517eabd1426743cd999e63b094cb6bfee65131e,4d4ea704bf47eeecdf3026419a1498cb3f3f0e0b45995aa20487082c280958a3,False
2019-01-06,2019-01-07,v14,complete,ncar,"{""ncar"": 50}",50,0,0,122.24,5325ab523f6e440f4fc18ea9d2b2cf7b1d130fbcb292060c3c2dab2b24cecd5f,f82a597fe11f3b5859286670b5deb4abbbe39d988de9ba5cfdd9468d4171531d,False
2019-01-07,2019-01-08,v14,complete,ncar,"{""ncar"": 50}",50,0,0,108.22,699067fc8d227a102bbb674e621edc946d5c9c2b963439b63295ef9ed743e807,399a48f439c0df9648de89ba9bdd8f81209e138c017a7b9a4933736c2efa27c6,False
2019-01-08,2019-01-09,v14,complete,ncar,"{""ncar"": 50}",50,0,0,130.02,dde3c4f80c0837f98ad73327be2f64c59696c1397dda273f4630b54de356878c,ab6afed8a615ee932500dc2572855628e9f45999e5905a53acfae0e24c9d5642,False
2019-01-09,2019-01-10,v14,complete,ncar,"{""ncar"": 50}",50,0,0,113.51,bb6a15d699bfe5db11bcd66404386410d6cf4ddffecfb2eb64ca82d0feef7645,14bca6291d2cedd71db039ffd18f69c9a2c98ecf7c6b9fdf5d7ddb150a024738,False
2019-01-10,2019-01-11,v14,complete,ncar,"{""ncar"": 50}",50,0,0,179.27,98670c8b47da896a185b0164f7b993ec63fbf93aed52ecfc5dc46870297d766b,9a6be0e70d67be8e3db2c4c128d263b69484614de63fc98cb2a383febd68c902,False
2019-01-11,2019-01-12,v14,complete,ncar,"{""ncar"": 50}",50,0,0,166.64,58ee46cc05136767a4483fe413f8c0be497e9165c730baf8fe767c905564dd37,9fbbca8220bf673f61e46e95c51c695cec89bb3ae3fc3998309a2c4d62943831,False
2019-01-12,2019-01-13,v14,complete,ncar,"{""ncar"": 50}",50,0,0,143.74,5b12dbdaf563ddb772d8ea9c0f446bf1369a494314ec23129ad4a4d6edfee826,888a4a0d3b1ffe343c2769d68364a113423735c2d5cd0376bbebee1f32240292,False
2019-01-13,2019-01-14,v14,complete,ncar,"{""ncar"": 50}",50,0,0,166.5,f25f793e9fddb85feb98e2fabf5357a48e15871d66101e74a263119fa6410c14,8f9b30c0743842340f512c42c9f7e81d4aaffdf1cae576d0ff364748c1726fb4,False
2019-01-14,2019-01-15,v14,complete,ncar,"{""ncar"": 50}",50,0,0,171.52,956249fb5b8ee715c3ea99d6f65b1ef2a8fe96f53733a972071b9460f6fb1c29,3d68fe4f8c3dc563f4941fbcb2ea6e040506582d8ca784b586e6eafc4fad5f22,False
2019-01-15,2019-01-16,v14,complete,ncar,"{""ncar"": 50}",50,0,0,159.06,207210c924b37b50fc98f376ef3216f3e0cbcba27baae764454e5d0ad69efbce,9b70bf27c6756b00047355428d3fc61c54926b82af7f08d7e04a7897c5620bed,False
2019-01-16,2019-01-17,v14,complete,ncar,"{""ncar"": 50}",50,0,0,153.92,eb7cd902e9fa35066ce62f22e92d1d79a353d64c2bbf98a77d3841e2c3c5e0a0,21f10c5b3668d2eb23097534df758b09798116dc33696c11c218bea11be54281,False
2019-01-17,2019-01-18,v14,complete,ncar,"{""ncar"": 50}",50,0,0,190.84,934addd1e1b9df2cb843e3e98dca8273b64bb66186baedc947fb101ce5cdc1e9,15440741e0512d9f446d21ec090d7b8c860505b5d489e9905d863340eb258db4,False
2019-01-18,2019-01-19,v14,complete,ncar,"{""ncar"": 50}",50,0,0,194.62,2b1eb0c8beb2922ba36dd41a532e18e648e8b65b9b01b63bdc0fbf1f6c36016b,1816cc5a9cb1da229539c8a7cfc399f0113653db4b3a9cb87dcc967949e4f71e,False
2019-01-19,2019-01-20,v14,complete,ncar,"{""ncar"": 50}",50,0,0,178.15,361ab4fa69fd61fa1293ff827a776b4fe4f7cecede057ce635923fc91ce712a7,4288b49520283f74a86d72ebe550cafc55055e7c1c0347dd2d20105bb5b0c221,False
2019-01-20,2019-01-21,v14,complete,ncar,"{""ncar"": 50}",50,0,0,136.09,3ab99fce2c55cf5c7260771b4dfe13233a40161fe1e99532a67f9d1ac718f3ab,0344b0c77e4b4f404391d7d84600850dbb5098a6fbedc0ad82de61725d8c2283,False
2019-01-21,2019-01-22,v14,complete,ncar,"{""ncar"": 50}",50,0,0,104.54,0b8091c5b7e46966c6c145149b7ae37b75f5d702571e4144ccd456a9ca2c30f5,e5bf9b2884b69ff0b40e2a9da5163e5713e21974ea36dd507ca236710df95332,False
2019-01-22,2019-01-23,v14,complete,ncar,"{""ncar"": 50}",50,0,0,125.28,76d8feaaccc66affdec5852a27e23cbe0a332904f8c22fc36f2f55b76ac73ac1,b290f49705f90e699a1b66ace6d070ea080608e02ff1222b0d73d8cb18df817f,False
2019-01-23,2019-01-24,v14,complete,ncar,"{""ncar"": 50}",50,0,0,114.51,f389ab42a7da9aaf541ab35163e5022e23d04b85fe877f15c872acd02a6adab5,032a2435323aa7b2cb446721cd47890fb57fb23b324dfb436ef9990fe9f7a6a8,False
2019-01-24,2019-01-25,v14,complete,ncar,"{""ncar"": 50}",50,0,0,170.09,a734435ebd9d83abaf0ff04ce26d82953dfab8db09af5f61e6e914a342743361,366726ae85ad1271996b4ad56eb2fbef9a21d49e2c7bd20aabcbefc5d4b33839,False
2019-01-25,2019-01-26,v14,complete,ncar,"{""ncar"": 50}",50,0,0,121.04,328ba011670daa69697372ec255f98d58bd760767cf11f980e8579b1c1e1874e,2f034aae39fc75f653d3ccebea247a30e6c4212cda1f0d15e548e85f6dd15de7,False
2019-01-26,2019-01-27,v14,complete,ncar,"{""ncar"": 50}",50,0,0,153.62,76f3a2f3386355fc2a11afe83ec36f0411ca9429dd1579cc31171d2bb7659cc4,04db0a205493d69a7f9a86f72f988717bbcc9f07810fffaac8219d45b86e6722,False
2019-01-27,2019-01-28,v14,complete,ncar,"{""ncar"": 50}",50,0,0,257.21,c4bda2b1365c6298f1baa7fc2dea8a59fe3829accbd4f7e00bc7c57a43c0f6a5,14c6a639811cef264c7ca83010274c97b0ea143c1f1377dfb942f43d77f00bf6,False
2019-01-28,2019-01-29,v14,complete,ncar,"{""ncar"": 50}",50,0,0,187.34,978cea33b85ff38c11bac28727d76cbc6dcb55139d15c95fccf296ed54260829,42959576363ffa99041b16d8bd2c165fba0660d10c8efc840f5f3d667c76b974,False
2019-01-29,2019-01-30,v14,complete,ncar,"{""ncar"": 50}",50,0,0,150.63,bda123b6547d001ffc42509c20c14d97aff08875254674c01305bc592be04c61,98e6fec121c97a58d79085b54498fb69bc5fe878e6cbd589bdfa3cf991f8f6b8,False
2019-01-30,2019-01-31,v14,complete,ncar,"{""ncar"": 50}",50,0,0,120.92,351df01cc081b158f1b0f5c95c139e738cc8c6d7c08e29e759ed9cc36f06a1c1,5efd77cb19e8446481ee6fc0689d743f02adc8397496cfff9bb482c993d7a248,False
2019-01-31,2019-02-01,v14,complete,ncar,"{""ncar"": 50}",50,0,0,108.54,fe2f943db7ebdd3b97e11916093265c9262d54fd9a60bea15ea46212afa155e5,1d4e0428c73543dbbe096aaf17f50a0edf85ec48bd7efaf40c33cbda74c89abf,False
2019-02-01,2019-02-02,v14,complete,ncar,"{""ncar"": 50}",50,0,0,155.72,9acf5ef5a6c90a111c03672b683525ca166ee22c3c743cadcf8022fca1fcf06b,4ae78fdbb8c501ebdcf4ff79311fef6f73f6ea137d330de1d4c1a5e4953a81c0,False
2019-02-02,2019-02-03,v14,complete,ncar,"{""ncar"": 50}",50,0,0,120.7,21ef703aa37c20e768d1b89024b6093d54e18afa1875ded5d3f388b49aa1f60c,64473d05c74b13b6e974f7efef11e45b00b4119c11e0faa12bcd7c191bd49548,False
2019-02-03,2019-02-04,v14,complete,ncar,"{""ncar"": 50}",50,0,0,122.68,becb2c15069b79d99f825f7e297d6724ae53f1c383abeca9d57a734be4890277,3f910c583d57e41104e1c0d8dd2f5d1edf4412cee5d6cbffa815bec711eb4029,False
2019-02-04,2019-02-05,v14,complete,ncar,"{""ncar"": 50}",50,0,0,201.84,a4ca2e70762006a729ac08f1be0b8c277b83ad724c78455d863092872fbe84f6,5a24319c2abcac4005921ed102744dde9c60471a966d0c1dfc9517fd2770d7ac,False
2019-02-05,2019-02-06,v14,complete,ncar,"{""ncar"": 50}",50,0,0,148.97,a4cc38983b560f06b3deb004990939c28f2c5a919a80f1ff82e58f8e4074391d,f58544ac463bd859549fd438156013b53e81a23dd99b0d320dd07460cc061dd6,False
2019-02-06,2019-02-07,v14,complete,ncar,"{""ncar"": 50}",50,0,0,109.36,5f596fca7c58687cd1682f9f237bf60fdf0e00a6c98d2eef2d8d2b2cad50343f,3db4858bd81ca0df8964f06058f353498aea0d891dc1ed1836972a81e50ecb36,False
2019-02-07,2019-02-08,v14,complete,ncar,"{""ncar"": 50}",50,0,0,126.87,5d5e15588e5575dcaca74db0f8c64bcce7c8e230ee7e6bea52f9fef757299a3c,e9b7f3576e255a2fbfcee048b86fbff5b59762c87afe08a524a3ac3d9fa6a791,False
2019-02-08,2019-02-09,v14,complete,ncar,"{""ncar"": 50}",50,0,0,50.12,dbd81a771d9b3c6929b2a6726e14b86682413f07937ff99b52705e16d10d1c49,edce2c047954ba4fcf5b0f5f0d208a01e31c597d384f272facab3cb51378af23,False
2019-02-09,2019-02-10,v14,complete,ncar,"{""ncar"": 50}",50,0,0,138.54,e12a6a93c2c8909b09e2d3a2843549f3d7cb6ef303a3f175027bd76391bb0fef,2ce2fea638b5139d51b9d0a4ac7e4a7c47b252444bca123c35b85daf178a0e5c,False
2019-02-10,2019-02-11,v14,complete,ncar,"{""ncar"": 50}",50,0,0,98.21,9bd41621f7be9ab5e600b3664cfc45012775b76d557cd1a9bbf869245c3edbc1,e55d925de4dbc7ebf2eef84df886f187c42b67cd3fe467d055521102efcb8af6,False
2019-02-11,2019-02-12,v14,complete,ncar,"{""ncar"": 50}",50,0,0,262.36,285733afb47dd6221bc9b0066e748ccee5d04666242eb3a267e6afa49925c1e3,9a0df5079e97bf74ac9305d2f90e9cc9ac7650ff410ccfe2767e5d5a64a1be40,False
2019-02-12,2019-02-13,v14,complete,ncar,"{""ncar"": 50}",50,0,0,217.61,ae9b1de1421632703b16cf2e98a9c8478c7ee157202490b96d0284cff6416b26,2cbcf9c36b9d6dbd78b0cf9adcda0e0cb7ff838937242ddd97d0195df0add30f,False
2019-02-13,2019-02-14,v14,complete,ncar,"{""ncar"": 50}",50,0,0,205.06,fe695a1fcc92b0a619464c607dd6da88d88eb75c532e5ed84e761fcf907a7d11,c691f4bd94a30466e99cbce1377fcc68178225988929c131ddb19958842c5553,False
2019-02-14,2019-02-15,v14,complete,ncar,"{""ncar"": 50}",50,0,0,136.53,ecab4c9facdaa7cc2c32ae39963eae62183fefd4fc261f8083b1d4fba511925b,f6668878d79fbd74292d11f9ee5e3287c57091069e065120a1ad34a4d85e6eef,False
2019-02-15,2019-02-16,v14,complete,ncar,"{""ncar"": 50}",50,0,0,145.41,29acaa78113c90115443d2a0aae20882e225dc029ca2b37c2d2aee77bcc67c7d,983f1046118cb4aeb30bcdf918eb3a5c3f3323996bf0712d44e1f2cb3ed562a5,False
2019-02-16,2019-02-17,v14,complete,ncar,"{""ncar"": 50}",50,0,0,135.47,696d9f10012b83017ab00ea8f9a4bccabfdf4dcc1615b922181d72b6c2ab9e3f,8f3e1f47963e701be5c17ddfb16037f17ffcaf8f79bd8c62e7fae14987bf7d19,False
2019-02-17,2019-02-18,v14,complete,ncar,"{""ncar"": 50}",50,0,0,162.21,aae4bcfeb0a58f0e17d96f026cc1a077e46e137ddd9cdbc590959393f19394ad,37c9652e2244e6c583ed3bf08c5c8ae135a3323586359dbd33d462336956eb21,False
2019-02-18,2019-02-19,v14,complete,ncar,"{""ncar"": 50}",50,0,0,165.97,2e9d7b8b4c5136c65f2fe0b2eaa5ed9330b7e0d79ebb2329bdfc8a55e7382b84,57bdd7164a7d94992556c07162e4caa40b012a410eeed5cb03a226dfac99c53e,False
2019-02-19,2019-02-20,v14,complete,ncar,"{""ncar"": 50}",50,0,0,157.82,0c00b244fad37619b523a10534c5f1c453da3c616661b0ca6c97486bf9772ece,9ec5489ca1f6bda7b6c621abb14a70b0a2969645ac2fad89aa1e6dc5c66a91b9,False
2019-02-20,2019-02-21,v14,complete,ncar,"{""ncar"": 50}",50,0,0,103.4,c084178c058e4045168f0428d1c8b04124fd9c8e2a3a217896d2334f81b62169,0a1c573d30f583b52f7e5eaf77f4608bd8476dcfd47a3e6526c2aef6522a7108,False
2019-02-21,2019-02-22,v14,complete,ncar,"{""ncar"": 50}",50,0,0,173.56,28b704fc053bcecf387be9b94ce919d28de9f86d782e65abf79709b065ccbf3e,93ce0dc15af203bdc69b5a67dee3ce11f132be4d07c195c2c6fc32b8b5fff5e2,False
2019-02-22,2019-02-23,v14,complete,ncar,"{""ncar"": 50}",50,0,0,169.39,5a44405a134580a5bcf6ed28ff0b13a02088f161c5aa31802d75df4d4424c13b,ba39fb064cbd6f60c36b07c3dac013520747d2de028780facf6d9008df8374f1,False
2019-02-23,2019-02-24,v14,complete,ncar,"{""ncar"": 50}",50,0,0,122.92,29887497f17f0412e28d58662086b2cd365818c609e2781ac60bf77d5c092f04,f5d0ee73782717aa86d5d102c8e60236f14619eea2dc2d59e8ba21bb70fed12c,False
2019-02-24,2019-02-25,v14,complete,ncar,"{""ncar"": 50}",50,0,0,216.17,80147bffeb9e3640d397e954fb668e7e319dd7c47e98bf9575e29e41b25457d1,2408375193363879850676ad15943856b14a0faa5dc4b6107fac4808806ded02,False
2019-02-25,2019-02-26,v14,complete,ncar,"{""ncar"": 50}",50,0,0,207.9,987fe6293e460c956ddc9fd250e51af0af0b62b87456587239a8d09b7f90ac75,027b33769aa636af5fd047997364eb15a9ff207166ffb2bfcd050131eedb7b95,False
2019-02-26,2019-02-27,v14,complete,ncar,"{""ncar"": 50}",50,0,0,214.39,2afc3cbe183efb852830da49d948d5569517eeb0dd1f1fb97e93e34467a17503,26aece1e21af787b867a99e09f19c10eee33af68ba73fd5e22ef177bdbf7e35f,False
2019-02-27,2019-02-28,v14,complete,ncar,"{""ncar"": 50}",50,0,0,113.24,ffc216d5a5177346a81cc1608d97e53f93e1999cbdc24164083c6708e173cf34,e035e27bebc80b7aa47baf9c03dec8895b540aa33216ceb03aa16531f68ce943,False
2019-02-28,2019-03-01,v14,complete,ncar,"{""ncar"": 50}",50,0,0,104.83,71492b0e6c96c964e64b94bca0d40f04fa62e960fcc75a9238299ed77cb228e3,91dc727caf5a6d583f57fcafe79e890944fb358e22265eb63c549a176d1a921a,False
2019-03-01,2019-03-02,v14,complete,ncar,"{""ncar"": 50}",50,0,0,63.53,d90de859af8ca6980ce53f0ca0d843bb45fc6a04fb72e6ecb7cdd2e506d64d6f,a7e26fc6ad423cfa9a7f4e6243bf68efe30bf9d189752049d5b896aef90b2e12,False
2019-03-02,2019-03-03,v14,complete,ncar,"{""ncar"": 50}",50,0,0,69.81,758b590bc15e97eda1a37b3c111d40f48c6fbeba22c8db160f40c1a5d5c00a9c,d16bf5b824043e35e5418315ee771bb46f0085c5022760d8f8d796bc540e56d1,False
2019-03-03,2019-03-04,v14,complete,ncar,"{""ncar"": 50}",50,0,0,93.17,9751640cefd914b119062d7a4dec724fa08c6a1962e00601d1ad1b30b1a6b3d6,2668453c60db36b4c419f41d4840267ec459604e8e50de61a118d07bad1f75d8,False
2019-03-04,2019-03-05,v14,complete,ncar,"{""ncar"": 50}",50,0,0,56.18,3129d4300d51f253d53a06af4656bf871c017bd2b2cfe5d3b0d6582c4cb24da4,58529d2e816f98adb406b8cf7778245582cdafe3b3b93705784d16cd0c076387,False
2019-03-05,2019-03-06,v14,complete,ncar,"{""ncar"": 50}",50,0,0,106.94,d1c987aa872662310f62a0e501021af7d5611a624b103593fdcd34e5bcf83a0c,34b64f5eb69382a25a49f947c3365f4446e54f4276e70e197ab170c595cb54af,False
2019-03-06,2019-03-07,v14,complete,ncar,"{""ncar"": 50}",50,0,0,70.89,f6404e1b5eec14e42855bf12f33a9e42f4bb7690ad5ed5511ada23e495538d01,a03a5b29a796c7f72f13f79eb3ae03c877663074f64c8fd9adce973c8b2b5e4b,False
2019-03-07,2019-03-08,v14,complete,ncar,"{""ncar"": 50}",50,0,0,91.0,054cd486f4215c2694122a408fcf832ee7906155ec89c355b9a0b6415ea4b781,62ee8876df23f9a0264b74f971037a5296ebd3e960c39f50acd7f3c3f8e9a88e,False
2019-03-08,2019-03-09,v14,complete,ncar,"{""ncar"": 50}",50,0,0,68.4,82bba3aa591743c77f2c54c5463687d1c40342c315ad13c9da99a07b8bb9818b,a305617b5fcad8be56dd12e513d4b8b4ee8b20312863e8be987bd3d8397841f5,False
2019-03-09,2019-03-10,v14,complete,ncar,"{""ncar"": 50}",50,0,0,44.0,3cdac627ea6f1bcb7dde4c064236afd01b1fe2a797b968f74dcae94d04cac8fe,014c6dca69ce9612aede0373b7acaf3c9d374d4d2d62747f091ef222c0c838bf,False
2019-03-10,2019-03-11,v14,complete,ncar,"{""ncar"": 50}",50,0,0,85.87,cae02d636ed599cf8e6a00aec224a91e1ce3f41d4d77cf8deda8119196891b5b,df4102c7b0b762362e4feb3880986420b1f6763148469edeb16174418b8b7d2b,False
2019-03-11,2019-03-12,v14,complete,ncar,"{""ncar"": 50}",50,0,0,122.38,dfd6ab60e030c4c31834b97cf2f9b689285a34d90befb4a0b95aca73331628c2,baa318d0916bf52f94c982a67941eb0280110df3556578990fd669ede407e7f5,False
2019-03-12,2019-03-13,v14,complete,ncar,"{""ncar"": 50}",50,0,0,58.68,c00069f886d7e4c7bfc6ccbd4d47d06a953720b8007cefcea006b021c137e334,917c976b42e1bde937844cc861bcd837bd3e38217f4040cb9ea362f769c7241e,False
2019-03-13,2019-03-14,v14,complete,ncar,"{""ncar"": 50}",50,0,0,154.21,e8869bcf48af4a9621d797f00d22fc2cca901e0836956bdbe7f52993fea19cd7,146d3c382be1345af83c69d9bed44e07a58158149cc4b76fbc4f21499ad62f23,False
2019-03-14,2019-03-15,v14,complete,ncar,"{""ncar"": 50}",50,0,0,114.18,cf63365e1025854e69d17149980451cc3997a01ca38f5a3c2279714b3730f4f4,1821894ac855df50157b894a3d05a22b4b906da480cd8e8579387276b63dd0ec,False
2019-03-15,2019-03-16,v14,complete,ncar,"{""ncar"": 50}",50,0,0,65.53,bcffe65786fbb244d8df7afb5eb076876febab0c0b1d920f3ed8ecd3bb3de7df,bea96d3768c5139320034b9355bfa2a7bbdab7f380e18b0af578206897586e14,False
2019-03-16,2019-03-17,v14,complete,ncar,"{""ncar"": 50}",50,0,0,209.69,d7ec0fd1b71fc6f22555a9dcbdec981fdba57a288a1a7cc80331240b17a9a448,74cd63effbdd93e9060ed2c7fb34f95c64a20ff88109ec1885a66ac72ba7c212,False
2019-03-17,2019-03-18,v14,complete,ncar,"{""ncar"": 50}",50,0,0,205.67,c1b78d9371b35c31c4e3b9e8678495c05703cb96e5c7adffa1cb2f59ed70a1dd,c8b15c1f60588e2bd3bf3a532c75a08324d5e2db92e144dce783917025adbdcd,False
2019-03-18,2019-03-19,v14,complete,ncar,"{""ncar"": 50}",50,0,0,98.83,9751e49502ce1de37cef68091b9c02c4105862716dd65122cc6ee545babede24,500b97ac8948d8df0f9fc49b369126b7c3b3463129ca2d3bdef5aa8b4ad84e6f,False
2019-03-19,2019-03-20,v14,complete,ncar,"{""ncar"": 50}",50,0,0,126.83,5f7ec57e12de535a00cca804677354c68327df68851c96391ecb4c2d185ec8ae,dc9239563e7f7463f038701d78c75dddb1ee467ce61cc71f9b8360a01ee901b0,False
2019-03-20,2019-03-21,v14,complete,ncar,"{""ncar"": 50}",50,0,0,160.14,5383c4ade5239a05efd9beca185304d3f146f85c80d525fe2e6a4ea99c78367c,86b5857e342b75935506d9ac11e1e99622abadf139add9dba8564d217d661159,False
2019-03-21,2019-03-22,v14,complete,ncar,"{""ncar"": 50}",50,0,0,166.15,0029807148841dc4e23f34801f5230a0571ba506fd6efbe7b16e1e4313842126,3b2bd34e2af31cf9104174373f40830b9b93cb2ddd29f286682e4cb45a4c2145,False
2019-03-22,2019-03-23,v14,complete,ncar,"{""ncar"": 50}",50,0,0,107.02,0549ec9cf3bf842502ccda2a95fa1e745c32037f692f6fbe4c173dcb7a0b879b,3969f17b979bffec0299c9b7f7f0b11fad1b35f9edd60f192968dea37adbc022,False
2019-03-23,2019-03-24,v14,complete,ncar,"{""ncar"": 50}",50,0,0,87.74,b1dabaeeb44b261ddc7cd17462d46d222559d939db273cadeae27038b9c32880,c59aac8adef0bd9e56d56ff9ec5c0182768c562bd8b2a03634ecc2900f0cd471,False
2019-03-24,2019-03-25,v14,complete,ncar,"{""ncar"": 50}",50,0,0,114.04,edd530daa6b7a373a4c12a895ec87cfae207e9f246badd776dc68cf7698f8bb0,9bceb3c883ae1d131ec366672d3ff8e8cfb992454347c471c87c3b09142a257f,False
2019-03-25,2019-03-26,v14,complete,ncar,"{""ncar"": 50}",50,0,0,125.34,8c9baaf0dd43dba2002f48c92a7d9191e694978126e1bbbaf891940a7502ef37,f054b378d3311ffd83f6f841f55932fb4a55d722d44789a6bc40b5e8bf99fc51,False
2019-03-26,2019-03-27,v14,complete,ncar,"{""ncar"": 50}",50,0,0,173.75,41f68c8a83a30015c7a76d9df37d80f0a20131c07bf09cad4a7e498d70236969,8f1fbb46b3e2b476d80ee8a0b9805f1552efdc2d8bfd2dad9c2cfd8e571e062d,False
2019-03-27,2019-03-28,v14,complete,ncar,"{""ncar"": 50}",50,0,0,122.19,3f8daf85e2d4d2d4ab7384ceb90637cb221f823902350f84ed9daf6984d57a6c,3853e4ed3ec3ab7c8923e72ffffe08e11b6a1aea11d77d43a32b6a2421d59378,False
2019-03-28,2019-03-29,v14,complete,ncar,"{""ncar"": 50}",50,0,0,102.84,2f0f7aa617ba8fd58cd20e3c1abd5067021d346b2d15e3d2714f8cdbd0a78ec4,d9b85180302fa54624b42846f11fab0c9314f7a6e82e706ee6cfd8a48baff7e6,False
2019-03-29,2019-03-30,v14,complete,ncar,"{""ncar"": 50}",50,0,0,250.1,2317fd097e95c7d7b11ff23b5cb82867fd488cf21eae307fe90e473a797503a9,4d6a849273102fb4cfef0ac61bf59f52a800837d9109cf36554d7be001b627bf,False
2019-03-30,2019-03-31,v14,complete,ncar,"{""ncar"": 50}",50,0,0,183.84,c353144bb892393d44fe41f06bb69ec2f9595d7afeee80b0f8ce0944a4a565d7,94b69b1ade22befe3183af4959a47700f8c63035b85943fb553df789fd5b48b5,True
2019-03-31,2019-04-01,v14,complete,ncar,"{""ncar"": 50}",50,0,0,172.28,87ec40aadc9787779375e87b23714754b0a12a0f29b03bb38d5b607df3856056,59a16055017a528623c65c3f9c629048a18844a401be996e0e0fcf458276c4f9,False
2019-04-01,2019-04-02,v14,complete,ncar,"{""ncar"": 50}",50,0,0,138.74,0beb954823df404098ea099a3636f7c01577c179a7701455f33f33450c07b8a3,b4d13a46760c12cbdb0eee49f26fdd3725f2ada7b137bf07f12c26536862aba7,False
2019-04-02,2019-04-03,v14,complete,ncar,"{""ncar"": 50}",50,0,0,94.47,429b5a97a7b8d586b3c38a8f666b1fee92565b6cec669b1b520dd2eb89e183e8,b078a8a4b5bc2a48919afd96b3d1a962565e5d32952a41ebfc35d6ad6164e733,False
2019-04-03,2019-04-04,v14,complete,ncar,"{""ncar"": 50}",50,0,0,126.86,4e6fa876fa4f870bcf8cb199db2d3ce78c024685d10b9ce232c64510b8028a80,4caf14acfa00c018e6b6e0af565c33db02e340153bf344bafa3cfd30dd629e08,False
2019-04-04,2019-04-05,v14,complete,ncar,"{""ncar"": 50}",50,0,0,121.1,2434ed509e56f2b658033e168d90e675ff9b1c09cdd3f75f6c2f9ad734bc032a,408cc743836b4db3eafc8cc22f9690183bb99ab1c5f12ba1edd23503088d83ea,False
2019-04-05,2019-04-06,v14,complete,ncar,"{""ncar"": 50}",50,0,0,121.85,613591db1c4cfd291aa40902af59d43b45ef42ed185b0c338b124b78288c1b7e,19696a80fe957c29d205d367fcaf20e0c7aa46e263b3580d058e5c208449a7b5,False
2019-04-06,2019-04-07,v14,complete,ncar,"{""ncar"": 50}",50,0,0,120.49,e8f40ff0bdbd08ca5ed42ce08aaf29b594c1b40b730d2de6c7d8560e513a2c2a,f3f83147830b5fc06fa75ecf73c340a65507b78bd0868a7ac64a336ec9af2b39,False
2019-04-07,2019-04-08,v14,complete,ncar,"{""ncar"": 50}",50,0,0,130.57,881bd08bdbdae9fe4ee5dfbd430526306f316a56669aae2cc598270aa544a2e4,c225ddeca56df1bc55b4488ef0c61aede59c96b51df1cf404fa176b000c83fef,False
2019-04-08,2019-04-09,v14,complete,ncar,"{""ncar"": 50}",50,0,0,151.1,cec110bc99a051d8044de206b65d08e91596c7ae8ea115ec6216d446c62c9be1,c5cfa9c4d63b6403b47027565b0c3ccecc3998951440faa0df08838c754949d0,False
2019-04-09,2019-04-10,v14,complete,ncar,"{""ncar"": 50}",50,0,0,119.01,40c56c03416dfb7f88c30fd0c8f12f76eddce78c411433bf1d865a37605f15d8,44e653ad5dc388f99e23e279a163cfab6f6643a2841361d38cc42cdd4658b131,False
2019-04-10,2019-04-11,v14,complete,ncar,"{""ncar"": 50}",50,0,0,127.18,4241c569db8575e0121e4732e381779d2f30bdf7e8bd17a4e7a8148a68823f04,6b59a6875846090c347f24a190f9498bead1acb8130fc9a379dc965852b65ac3,False
2019-04-11,2019-04-12,v14,complete,ncar,"{""ncar"": 50}",50,0,0,108.82,800144d45cc2ace156a5c7cf9b024ea46baac1a879a1f84588a1c56ca51ba0b7,b56f982a6d0bf0d186303b81f797451d439755d6abafeb9b5686c679d201a58e,False
2019-04-12,2019-04-13,v14,complete,ncar,"{""ncar"": 50}",50,0,0,144.27,974378118e146f9d87085a16e8ebcb8d79a097375dad2128d0d439beac442011,6b7a295199d7a30382d05a92706154f10c2fcc5eb020c69db7b67c03326b02f6,False
2019-04-13,2019-04-14,v14,complete,ncar,"{""ncar"": 50}",50,0,0,143.86,c02bb6bfb791152f8b7194d0452755dc69e16dd22544f4baf2f147d241684b4e,cd78d39ac984d13f64c50fd73342aa5bef814e1e2458552a2f2f4fe38085594c,False
2019-04-14,2019-04-15,v14,complete,ncar,"{""ncar"": 50}",50,0,0,161.6,6515d4d797dddca2fc76864503ccae69d9857316a80e02178314159e3eb495d0,db880bedc560e9ad7a134071fda7a69ce4b3d27a7de01a3b024b0d66a0f1f6f0,False
2019-04-15,2019-04-16,v14,complete,ncar,"{""ncar"": 50}",50,0,0,144.43,3acb3a0bc136d62ebaa5911ccad6c5489f522f6cae210dc6d2ea58faecc0c0a9,d2f7a01f8e79260e658235740ba6fde36a8da725c67320f6474eb5f14bb96620,False
2019-04-16,2019-04-17,v14,complete,ncar,"{""ncar"": 50}",50,0,0,170.09,97227865f674a76137b0f609f40bd12f48bd3a709fe31fff14e32852360f6c93,281cd7758aaad78e9ff3dc013373ae7e2f8686689fb911138470dc0a1be0788d,False
2019-04-17,2019-04-18,v14,complete,ncar,"{""ncar"": 50}",50,0,0,134.43,cd14ceacfbbb7b524312b1bfc166fc7617a879023e3a315f8eeb15cdcf15e8e8,b9354527c92623e03eea0c259ff5e4e24119727934276525d9ac2c44233f76be,False
2019-04-18,2019-04-19,v14,complete,ncar,"{""ncar"": 50}",50,0,0,140.81,7f1cd32363adf000a9bdf8895b0c19910f334b384a21c17ae08c5a730fcf3e70,a549170bad5b160990c5fe5c6f9b3882a83e331be84208d30da2a197dd99d50a,False
2019-04-19,2019-04-20,v14,complete,ncar,"{""ncar"": 50}",50,0,0,145.77,50462e08ddf0e811a577929ab8510b8618f324a98683ffdca70d0e65bd52660a,3bbf638a2b1a09152de899e0a10916328c0d7e8205e22d839b4aca312e1824c1,False
2019-04-20,2019-04-21,v14,complete,ncar,"{""ncar"": 50}",50,0,0,136.96,1107b0c6d4be125d0565c22ec56d6df9ac46821d0d5d98f8d5920607c476a09e,48047eb41b130f7625004f46a1a49dfaf78090a935e0a7c9e3deff524670b9c8,False
2019-04-21,2019-04-22,v14,complete,ncar,"{""ncar"": 50}",50,0,0,138.11,11b49073fea5e139f0bbbfd6c5fa3815cc611652207eb6b7789ed4da00604afe,5499d194014d70d6b618f9fe6554e084182ebdb113ac5e8e3a7b09ef4ee757fa,False
2019-04-22,2019-04-23,v14,complete,ncar,"{""ncar"": 50}",50,0,0,105.36,7943614ddab2444e9372fd9028834923140d333715d8114446e8e57fd45a48e5,6740106d1d0e95778fec248a37d2c714303bef11cfe607920ab74bcacb27a6ed,False
2019-04-23,2019-04-24,v14,complete,ncar,"{""ncar"": 50}",50,0,0,125.32,aacb9889efb8f1f27f103c844bc7b17eff5233215701c7eb6153bb18d5313db8,925824b8da0403cf9bdbc702c86170d7e6b9dd73c3f0a7f8510c412ad6197e24,False
2019-04-24,2019-04-25,v14,complete,ncar,"{""ncar"": 50}",50,0,0,238.84,a2d28f2a4ab13ba4eb38b6b500ea330067820d784fc23ba800dcf62e7bf34347,0aa42cea2c1bcc9a43fc6f620d4922846755a420ca5bc8737a57615e112110f6,False
2019-04-25,2019-04-26,v14,complete,ncar,"{""ncar"": 50}",50,0,0,181.76,9bd942b6c39241f738e48fa6be0c9912fa0f68e04b0fad7127ceac70a62bfc90,4dbcd1f35ac1dfa527f5b5d500bd6ac120e58a78fe4760362a4f3328119f0b33,False
2019-04-26,2019-04-27,v14,complete,ncar,"{""ncar"": 50}",50,0,0,147.73,3d5bac672152bc5e27e3749f7da801105d7ce6aea8772f58d826d94e26fbf2a7,92ac042887cd304065d8b05041565376b904288191ad9820b9bce421e51014dd,False
2019-04-27,2019-04-28,v14,complete,ncar,"{""ncar"": 50}",50,0,0,117.44,46e5d2de869469d6fba6099fd6ecb1c1d658fbbb3cda4dd922224cd31382b3de,f66eca8ccbaa3c407c28253e4f428a985a272516e36b7450e5209d7d08615ef5,False
2019-04-28,2019-04-29,v14,complete,ncar,"{""ncar"": 50}",50,0,0,132.43,8f23b27835c0a1908e40da260b5da450eb51362e0851818f2f5b0dcf04d3c493,8e2de7a5fcc3fcb03b00d2bdb7b54dd65e74b20b31d7105df32dc748451bfab9,False
2019-04-29,2019-04-30,v14,complete,ncar,"{""ncar"": 50}",50,0,0,86.44,1605c4c4f18a42cfd0b3f44611eb1fd6b36a110596fef9123a896ac0ef8a372d,1cf4bf8f710395e8dc16dea85fe7e47b053008845c5bcacbe50f5b2ce33b1965,False
2019-04-30,2019-05-01,v14,complete,ncar,"{""ncar"": 50}",50,0,0,137.16,f14a65113f32765dfa85bf032854466a37b709348aca8dbc58fff085cf25d66c,b7101a3efb471b6b7241052211881175670e9360c78d2858b505bb123caee1fd,False
2019-05-01,2019-05-02,v14,complete,ncar,"{""ncar"": 50}",50,0,0,104.36,f8165d6f30acf0b2c0996f9a12d2533569da18f96a946dcffb59ee4d809c9075,a3e9e57896408d20858411dcdd41769df751f63d0dba532121ce539e59b8dc52,False
2019-05-02,2019-05-03,v14,complete,ncar,"{""ncar"": 50}",50,0,0,76.01,e01fe53cc9fb92a1f56eaacfd628733c2b6c2b112781d091f8093afbc9e59a94,ae633db41cc2459578579c21e24cef0fe9f8fd162337d48ff024f57f6ee2be26,False
2019-05-03,2019-05-04,v14,complete,ncar,"{""ncar"": 50}",50,0,0,52.45,4d5fe7cbdf85c2228033ce01c68758d02b62e583bcd587cb9467a8d2caa2be1d,d207f10acd485b55f28b6203ce0d6078f365a5bdd454dc63fd85b221a708e048,False
2019-05-04,2019-05-05,v14,complete,ncar,"{""ncar"": 50}",50,0,0,60.31,3c7a755ea16aac1204acde6822d93ebf6e65bd97f2d299e6760c475e509945d0,e79ce897d920d360da677dd5ec41231cb123722ce061dd0bff05dbda6086945a,False
2019-05-05,2019-05-06,v14,complete,ncar,"{""ncar"": 50}",50,0,0,150.16,46e59f30e5423c26fe4ffbcd7dfdfece7b1825f132b17575cadc46a9cfb255e5,692014b0ab45886ec96030476a9439434bc7352eb382e35196ef9bd170bd7db3,False
2019-05-06,2019-05-07,v14,complete,ncar,"{""ncar"": 50}",50,0,0,120.68,1dd846644d6416f37d13605f39728ae8d1a3888ba3c121194f015f4094e6e988,998815b22cfa3786257710567dd753e5e78a639103ae5f8bafb16e4274321274,False
2019-05-07,2019-05-08,v14,complete,ncar,"{""ncar"": 50}",50,0,0,100.95,fa3cc74c11f2220b5c6343203f5830d793a4767be1c09323b07cbb73b7818995,9ca2f72d5618716859dba8b8007870b305e38f1ee9d78ff8f1d722475e2cb657,False
2019-05-08,2019-05-09,v14,complete,ncar,"{""ncar"": 50}",50,0,0,104.33,88891cca35dc41cac5e44f461ea2055072bd2231bc9696f9def9796ce7d637e0,7c5ebb564745e0c609b9efb5212d7cab31da72d8d6ddad088fa785453bcf4328,False
2019-05-09,2019-05-10,v14,complete,ncar,"{""ncar"": 50}",50,0,0,108.52,b01e191ef7e06d38c6de17e980807560c2a5bad821478a5e75bb75794ed1ce12,c006655d464d1d4e0130eaad3a0b1006488b9adb99b0794c7c4adcd849f821ba,False
2019-05-10,2019-05-11,v14,complete,ncar,"{""ncar"": 50}",50,0,0,120.8,9d1527767b01075d74d483df4d4f22a05881eed9d1a5b30a39959461912b85e3,3911bbd709bd468ffd798b9b6a7cf8a31860bc55dbd56bd3dcb969e840ea3f63,False
2019-05-11,2019-05-12,v14,complete,ncar,"{""ncar"": 50}",50,0,0,150.48,08d967279619c46846b9b7a28a19ac0cf3a1615aba28f08c9707a48866ccf5dc,83e577d6eabbfed0faf2be9059c26a3ccb743de15806af27bb2097963df7acf6,False
2019-05-12,2019-05-13,v14,complete,ncar,"{""ncar"": 50}",50,0,0,129.5,e11a845642678c9c33fc4f8aaa8b6fe14d523ea5f11bc0edb7f970b610488710,6a5b3336c0449c6129380e955af56ad77cb27fc1b71f788f0ba71a4b4de36bcf,False
2019-05-13,2019-05-14,v14,complete,ncar,"{""ncar"": 50}",50,0,0,146.48,4f9a44f62c6d55fcf4f1c11bca7c27b527ab62976d4a599f6eadfe4c28e1d3bd,6e0ab2d768bf9917370dbe592336c256b5473843d3abba8292a21cd85f434687,False
2019-05-14,2019-05-15,v14,complete,ncar,"{""ncar"": 50}",50,0,0,141.03,1a0a4459e31caace9a126baca48f29e1b4315ca11c338772012462640cea4677,b175033d5dd9459ca6852f3e7fe579816d83b332f7f5dd1ceb9d7713ef2e9970,False
2019-05-15,2019-05-16,v14,complete,ncar,"{""ncar"": 50}",50,0,0,140.72,3556c37f070bf4fe9aa8ceb0132c1352711c5c13dc4f990091aaa739772d7412,53106a9e577556e245e9236b072cda57c25931dc1605a04f2036e35367a1a3b0,False
2019-05-16,2019-05-17,v14,complete,ncar,"{""ncar"": 50}",50,0,0,113.76,342e5e114fb68c37c6cd649f872354181bc0980831d84eb3e77a9a718ec6842c,20ed3a06d0c91e7aaa63b644273faaabffcb73b78c302b78e029a40f11706d7b,False
2019-05-17,2019-05-18,v14,complete,ncar,"{""ncar"": 50}",50,0,0,133.99,75903bba6a13c1636144081c8bda4ae054ec554da29577515c2ad6b6b3578517,6068eb574a4c8c557953bd35b77fa51a2dd68f5e58923cbb99b8c5caf659662e,False
2019-05-18,2019-05-19,v14,complete,ncar,"{""ncar"": 50}",50,0,0,120.81,72b8522fd9f3d6b95c68b0c1863dc17defab621a5af1cfae308bc01fccc01e07,ae3a5ab5f3b4793f454efbaf8191e4577617dad248698bc900216b0c0d32a337,False
2019-05-19,2019-05-20,v14,complete,ncar,"{""ncar"": 50}",50,0,0,86.6,9959fa578b6a27d075b1fc4ec8d13aa796ddf49bd401ffe5c79e77bd721831a8,32a3df43b56d8b8dbe1e579c5005d08efeb2883f462e35a73c869f4f2cd00337,False
2019-05-20,2019-05-21,v14,complete,ncar,"{""ncar"": 50}",50,0,0,101.4,d6e6a7b84fb20b955b5a547ae7039d1e8052bfa19c9df2104ec2d8ef90c69bea,f347ed9ce6603b1d29ebcfabcb403b808266c3dbd625378be141fc86986873f9,False
2019-05-21,2019-05-22,v14,complete,ncar,"{""ncar"": 50}",50,0,0,103.61,55742bed5fb3b1c035958351dd87ce69c9ebf24ca400149d2ffc8f850622e812,9b127ec06ba44096b6b18a644f0bfefab0836a0f0d6cd010fbfcec7fd642147c,False
2019-05-22,2019-05-23,v14,complete,ncar,"{""ncar"": 50}",50,0,0,119.21,28ba9c77c1e4ec9e76a455ff6840cab27a8834f7bdf99f269cdf221c1d4f26ee,604bdf91d234b64af65542883024d6381b6bd44d9b852f660e541a2b5600aa1a,False
2019-05-23,2019-05-24,v14,complete,ncar,"{""ncar"": 50}",50,0,0,89.14,4af3f910ef44ae74257e71b32130d2f3d9eceb3df3607adb1317ce62157cb968,cacbef91b10827a27a96b933386df7ccd5c901697d97cfba748904d3910b4278,False
2019-05-24,2019-05-25,v14,complete,ncar,"{""ncar"": 50}",50,0,0,87.1,c95ec5abf981cb29bd644644c7fe10fbcb0b55b6be3710b5616377ade9d34684,fe41614bb891a89ece842409a8c9213caacac203b64a97162198d5da6713c03a,False
2019-05-25,2019-05-26,v14,complete,ncar,"{""ncar"": 50}",50,0,0,188.22,9a0e04f870ac37f72758cff382060878000100f588622b39704efa8e4968dc39,ead9c9d73d8ce38243fb198e3c63a51bd37d7ae24c4e98022ed3984a02da1ed6,False
2019-05-26,2019-05-27,v14,complete,ncar,"{""ncar"": 50}",50,0,0,89.72,efecdc47064146a9f9dc5cb951ac1bbd88b34c1ce40d4341d2296950e1eb20b0,95b444f6eb7a0215405cf775a0a794533360506bdf4b569de5b4ebc5b8cd1346,False
2019-05-27,2019-05-28,v14,complete,ncar,"{""ncar"": 50}",50,0,0,152.04,7258fdb0a08650cd85e3e0fef9b3f9b9e1a14c25db0ce067c03e311a0ed8d62c,63836859660f4824447c9ff8a76fd48047c61e44c657990c7d7188b13c7e7807,False
2019-05-28,2019-05-29,v14,complete,ncar,"{""ncar"": 50}",50,0,0,129.93,b3420d18a6354c33f452b27c2f599c24f154d704a5bdc80d772133a9df500ace,2eb103504865e876b43f025c4c69f8b294263d2dd667d75fdb962fafc97e3feb,False
2019-05-29,2019-05-30,v14,complete,ncar,"{""ncar"": 50}",50,0,0,84.43,20aa029a080a7e655d13f2e5d1d8c6578bc1a41f1dbe74cbfd75136ba33ce49f,391f3c680e300d16eb16850c2a7e3e626b2ead94571061f6420c05fbcd53432a,False
2019-05-30,2019-05-31,v14,complete,ncar,"{""ncar"": 50}",50,0,0,135.69,c79e0b70a4aa9ca5952f8f9454ebc6266efa0ce3f91b0e44802e0d3ad1b3e66a,01ee7a269a16be4eea52a3b2fe06e089a36eea4539870c6042d2ba404f42d7f0,False
2019-05-31,2019-06-01,v14,complete,ncar,"{""ncar"": 50}",50,0,0,133.16,a2bb01a8503390db1531eb4518d7ac5d51dddae4b6343a5d50a27915c107dd9c,529246b550ee951b367c76f2355ddf5af99cb098ff9f93e06b16e40e52162756,False
2019-06-01,2019-06-02,v14,complete,ncar,"{""ncar"": 50}",50,0,0,139.44,3437aa01d3732f6a87be5111cb2250d3ede0fbb29c6b31794ea7e6bde923b34e,01851020a869470e1a642aa40339c92a1ba1ba540817ef0ef560a6cb0c806ccf,False
2019-06-02,2019-06-03,v14,complete,ncar,"{""ncar"": 50}",50,0,0,95.21,39c3062b8cff5bd97bbffb0ce01d6ce7fb7d6e2de14924951906818be0952af9,116ab48abc373e0733cda0e67df51f45c020a9873278179e72da056eb1bf57ca,False
2019-06-03,2019-06-04,v14,complete,ncar,"{""ncar"": 50}",50,0,0,138.7,425df6e71125eadb427d230b5781361feee0c9343693eeb609dfb673dd980ace,cc277a926beb63785454f850a6eb4cf781d40b2539af20841e1f06256d18f2c4,False
2019-06-04,2019-06-05,v14,complete,ncar,"{""ncar"": 50}",50,0,0,132.3,103e4aec7c396a86db1c0fc95aa073f273d9d5943639011b10d48170997d3bd2,afc7796ba9a4109ebdf36fa9ae3b131a4cd04f542139004ecb0e124fd2576afd,False
2019-06-05,2019-06-06,v14,complete,ncar,"{""ncar"": 50}",50,0,0,96.95,366c02aa69cf0961bf911514563b7e13b10320d3be387c5b5079f2fe0257d7f7,cc172eb0e16082d1050c2145df3bfed1d4bb374f8a69730a54f986898d3bb7ae,False
2019-06-06,2019-06-07,v14,complete,ncar,"{""ncar"": 50}",50,0,0,135.24,09433fe74479f3227dca2129a06d760934f8761e481c76504fe90a17709a6eca,9e8928b7a2ddc75931e0d5e19154ede79166e022e8725a4ba1071d02a9a91725,False
2019-06-07,2019-06-08,v14,complete,ncar,"{""ncar"": 50}",50,0,0,171.23,a30c43ba48cd541ddca27e286a22ff2b6fe90bf14b6ab3c7aeb3a255e068dd02,56148a58094763f3e4efbd99239af09d6ddde853e2ae8b2684069e28f54b7a45,False
2019-06-08,2019-06-09,v14,complete,ncar,"{""ncar"": 50}",50,0,0,105.78,a8048785a4fdaeeb50fa4c70f25b4e98ce8f3c07d10875a9a832c8433bcee27f,1a99040223c43df9d15ffe5157e214be9c5f0722c445c114df6b168b9a7ddead,False
2019-06-09,2019-06-10,v14,complete,ncar,"{""ncar"": 50}",50,0,0,82.85,5d874b3977d3266c72ca795777ceff84382dd2885446a38b1e1e6e09c821bdfa,8864cf2426cc4f13ccb3829b5df12bb8ccf1f9901021eb20d728c5c5b11e8cce,False
2019-06-10,2019-06-11,v14,complete,ncar,"{""ncar"": 50}",50,0,0,130.54,63436cdd83a25a2c55008289fa0ce7a61942b6e0405c2fdf7c1ffdd49908c6a5,20e58915b8011f7d62a3d00838d4c5942ac58a2802558d8c24cef5bfe3df814c,False
2019-06-11,2019-06-12,v14,complete,ncar,"{""ncar"": 50}",50,0,0,106.97,6a94422329b9dcfd8ff13202a99eda5d091da36e8586e6aee865502ebb49ca46,e59c15df65edb771d902b3a6237c4ed9cf54a6f42b0518ab7d14af8fa279cbe5,False
2019-06-12,2019-06-13,v14,complete,ncar,"{""ncar"": 50}",50,0,0,78.85,c3c424f12f5018ceb684aa56ea708b44628fa56e9e5c042c2311ba14eb394ba3,1e6fcc5a9b42463dc44af5adf44fc9cb55123dbda4dfdef2bd5e1fa9fa84d6e0,False
2019-06-13,2019-06-14,v15.1,complete,ncar,"{""ncar"": 50}",50,0,0,205.86,b357cb668b16cffe4299040f3d62c74796a96756aae0f9a57008f6ea3e2c303a,6b305570a11ed60c509e3774e61c4418f33eee70249005e9a48f9221880060f7,True
2019-06-14,2019-06-15,v15.1,complete,ncar,"{""ncar"": 50}",50,0,0,142.29,dacb2eb6a4e9fce65032e0eba2ded731fd5de1515eebd08a928715bf9239d451,8c1393ec54df4af65af22c02f723f3282abf71d23130805a5825b303d8988cc4,False
2019-06-15,2019-06-16,v15.1,complete,ncar,"{""ncar"": 50}",50,0,0,118.77,32df889781f053e8841bc776d09b1eb85f9e36842b6b95b124e86f124df2fae9,c68908edd9f6d19147ba5e98a7ffb1a19f6b90aefac7e30eb4ce6980383f22ec,False
2019-06-16,2019-06-17,v15.1,complete,ncar,"{""ncar"": 50}",50,0,0,140.08,9817ef1eba496364b847456687be2206d08ddd754929d1263f7bc2a2b5707d50,9306a05a31e793e04130bc7e9f4c06bf24879ddc8fe7129eee5db716d78b3aba,False
2019-06-17,2019-06-18,v15.1,complete,ncar,"{""ncar"": 50}",50,0,0,153.92,76515b5192120f73f0048b459db574949303ef153c6e58d7f6731c1a2ef2f4d5,847994f1a47e3f33271f1bc872a304d21dda66214cf3f847927ffaacb78575ef,False
2019-06-18,2019-06-19,v15.1,complete,ncar,"{""ncar"": 50}",50,0,0,164.09,4aebce5378fae7c611b2e6fac9212b74a394c7d798a73881336c37ddf5609434,a94b89d43c9fcc287302f0f96bd6c1125a64f5e26d705eb0f61a9b0c4adacf31,False
2019-06-19,2019-06-20,v15.1,complete,ncar,"{""ncar"": 50}",50,0,0,151.07,6a5f04027d96786629c60e15e2694d0fa41de16840814bb9debfe6d4aa935abc,f84c223bf35ce3dee589ce955167490725ec97ac99a854b73f50bfd0f627ed29,False
2019-06-20,2019-06-21,v15.1,complete,ncar,"{""ncar"": 50}",50,0,0,109.57,66238a42de54a02f39ca21826af87069267a2c1ce59be18c739dc9f7264fb167,8f950ee0434c031120960205e54874e3026c7fef785e46a523ecb15507467f41,False
2019-06-21,2019-06-22,v15.1,complete,ncar,"{""ncar"": 50}",50,0,0,139.15,5e18531b62ff3daeb797cf2a097f3ebfeee61aa098ec0d2c389211a2031001a3,af0ad4e8bc1dbc923640cbbafb804168987a18857d6dc6c91487e711892e97b8,False
2019-06-22,2019-06-23,v15.1,complete,ncar,"{""ncar"": 50}",50,0,0,90.28,9e0d4324adc3f71a632e418f9fc1acf743c99c0d58bdb842325dfbebc01f6ad1,6250077927863dd65d2039d862f260a520b3f35084e7252a73b862a845a97bde,False
2019-06-23,2019-06-24,v15.1,complete,ncar,"{""ncar"": 50}",50,0,0,227.54,7d3430bb5cfb37005f213b46847f346859b6f130095b41ced10e84d125305263,b6b2343db7a1a7ddbf1c0b7f138772d14ffb3ca4d217f6091e6211c69d3fb37a,False
2019-06-24,2019-06-25,v15.1,complete,ncar,"{""ncar"": 50}",50,0,0,144.18,1b0d58ed0c586aaaa95431d1221557da6317b2edb4f6c806d60093db8a0dd000,83a51cdb269b43eb53cd90ed531f399327b884b772f231e695ff5cc49ffc6f39,False
2019-06-25,2019-06-26,v15.1,complete,ncar,"{""ncar"": 50}",50,0,0,97.62,aba6a3bd188edb43c6753544cf0a359f3ea3ede712c753a50e2e05f0eeb0221a,36b65620d3a06865345eac3a26079489911cc67c5be92ec2dc967de2ed3afa89,False
2019-06-26,2019-06-27,v15.1,complete,ncar,"{""ncar"": 50}",50,0,0,153.24,6ce18c7d569ff3bb1c924f9afa66ae35837634ec452ee071588c11ba936dea10,a8daff697ab7738edb5ff8928aea967240faff3d466c94988414d9aa951ae9c3,False
2019-06-27,2019-06-28,v15.1,complete,ncar,"{""ncar"": 50}",50,0,0,106.13,2d4d951b0383d60bc02670cd4569de1b1af3a3fdd8a5e7eca02b1447e68b0b98,ef4e8bba01487ac7f622abd285090ce0d0fb8644878d38c0c7a99486c99adec0,False
2019-06-28,2019-06-29,v15.1,complete,ncar,"{""ncar"": 50}",50,0,0,110.36,9c2173d0d138fa6c1a60a8460d972d8fd8e159386346f8d443b6ee0cff43303b,ce9f046d74f58229d0f34aebe520f7345992ae78bc847d1d4486f8cee7b83c24,False
2019-06-29,2019-06-30,v15.1,complete,ncar,"{""ncar"": 50}",50,0,0,90.39,69eb153e7a0c5382aad2f41ccf673c9abb5e2eba6ead9a6ea21747171000d585,b4cd3ce66d9ebe6acf2b92aefb4db73bc17c28e1773c69e6baa2329283215f7d,False
2019-06-30,2019-07-01,v15.1,complete,ncar,"{""ncar"": 50}",50,0,0,177.19,9fa7bb1071f8564c5f4b9b5e17aea1673031ba7978b4e6eb53bdb8c4d1f42c5b,d87347d4e84521384eaf1efc78ec9fa222123c524e665df1173bfb59ce5aa0fd,False
2019-07-01,2019-07-02,v15.1,complete,ncar,"{""ncar"": 50}",50,0,0,110.2,461fadf46b1b3732b5af39276dba108fdef072dfc34eac4b02cd5e448b80f8a3,5afa24281f31ffc1ffd77b210c709950784933d019050cfa0678cae7c1175f1e,False
2019-07-02,2019-07-03,v15.1,complete,ncar,"{""ncar"": 50}",50,0,0,88.08,d04f1eadc0ae4c4b6d940f9a6647a0a837aee8a15a28887974ceaa53c5c6aa06,ca6cb14ef4e57bd29c43b85a59e94f393d59de274d35d47d51e7137d9fc6006c,False
2019-07-03,2019-07-04,v15.1,complete,ncar,"{""ncar"": 50}",50,0,0,143.92,e66bc77542acfb44e2f434b4aa592b0fa04d579f337f3415be37dcda849faab7,9f86bd216993ca77a81126363d34c5597a53347a1dd953dbe541bea4bfcd742b,False
2019-07-04,2019-07-05,v15.1,complete,ncar,"{""ncar"": 50}",50,0,0,155.28,4c6757b08a6146b2fcb842771dbfc863fd1e93de7a0607a66b38c8037ebd21ae,d53a3a28a76acb8945be8195cbcf3eaa74294c7ad7a90d8c8d73c98e3c5e50e1,False
2019-07-05,2019-07-06,v15.1,complete,ncar,"{""ncar"": 50}",50,0,0,126.44,23e8c768b9e8515dfe843e29a0953c318e15d33a8f1a8c8a528ae398a0f2dc9a,d1565c0c1c7eb9d58306bca7d293c8649dc80133ef167d745c1019cf8481c250,False
2019-07-06,2019-07-07,v15.1,complete,ncar,"{""ncar"": 50}",50,0,0,79.85,f8657b8c5c182b4fa5112e47472dc616dac3944ae5a8d9f4f1af86b085c6ed73,094377733ffd0f5764633311c9161b92cc3f82375483ea820c920067f6bf239d,False
2019-07-07,2019-07-08,v15.1,complete,ncar,"{""ncar"": 50}",50,0,0,74.31,bcfa0aa578305cc20063716c776dae6cd97b7a1e143b6eb5aa88c808310e8c06,fca08db8b3e9498c9c08e7d6c9c1e0070f07c6a5c160872a9813882e2e14b313,False
2019-07-08,2019-07-09,v15.1,complete,ncar,"{""ncar"": 50}",50,0,0,90.07,bd245b35e930135f7380d5958f03ba66e0689b1b864d0f3e68c3e7517214b19b,15f36dcb938479409b7985e0332d794847c2aa7620b40ed0d5af72dc00c0d3aa,False
2019-07-09,2019-07-10,v15.1,complete,ncar,"{""ncar"": 50}",50,0,0,85.99,c45ff8c8fbb6d9a31d942bf430c48035b5a951fb75986dfe3670bc41a67f628f,7839aa62cd11ffd28ad678d0008af5d0fc1ec0f31f4ee233125fffa000624435,False
2019-07-10,2019-07-11,v15.1,complete,ncar,"{""ncar"": 50}",50,0,0,72.77,def456bb7fa881c82ce5db33dc4059bab952471eac86b97e31efef8deeb9c9bd,4cb33c937f8bad63b76f1da962e4225a0442da364639006178934668f0fe661f,False
2019-07-11,2019-07-12,v15.1,complete,ncar,"{""ncar"": 50}",50,0,0,82.18,020eddb5cfea8d038b685e1b014f6bb08627819feabf16e5975fa168146a28ce,f655615f3f1e6d7ca0adfd309aabc7a5479e2819f45f46a2fe310ef053c7433c,False
2019-07-12,2019-07-13,v15.1,complete,ncar,"{""ncar"": 50}",50,0,0,87.46,8dd29cf84f9d931d2c4e3acc024be6f7388a9a89d2d71ff158f61c2a2c701d14,a5bf96440d88367601add0d91663571b3779fc1bbdbce1a92dfd1398f1785181,False
2019-07-13,2019-07-14,v15.1,complete,ncar,"{""ncar"": 50}",50,0,0,50.81,8b6ccfab806c29def1332a629d0c22d34a1eeadcffd4b6033abb399a2ecb08e9,6c41b2fed051e1cbf8237de8741def2df99b42e6d95d86f09325e14108adc702,False
2019-07-14,2019-07-15,v15.1,complete,ncar,"{""ncar"": 50}",50,0,0,98.76,74a3cc42aa5ceb97886f56451b17e86aa864e189b45244a1583700a9eaa0733b,c87d8fed326ae4d125c01bd417eeb38d5f78acccd985e4bb11c74e357af7db94,False
2019-07-15,2019-07-16,v15.1,complete,ncar,"{""ncar"": 50}",50,0,0,91.02,de061e5e28e27a223463a486fe99d22d13d20be6419de0a1c0f800473ef193dc,394ea40d579b7ca420c24cd80b24552f2a3a4f157012641ce0c9c0e74729d4cd,False
2019-07-16,2019-07-17,v15.1,complete,ncar,"{""ncar"": 50}",50,0,0,63.56,3facc12eec28718fe58072251df52900bc6c50ec38ee236dbcee130b16f4f5d9,a6022dde7a84829436472eddd01ce62dd6f594a2a655c2701d0a35988b8baaa5,False
2019-07-17,2019-07-18,v15.1,complete,ncar,"{""ncar"": 50}",50,0,0,73.15,5264ebcae5d1962108279056a30f7f00fadbfce9ac2b9c2eacaaf2b8c487ffe7,892d9c225ae763b00410ce4ae2f7f0b918cc8ffc19bddf00af608f94ca79bb26,False
2019-07-18,2019-07-19,v15.1,complete,ncar,"{""ncar"": 50}",50,0,0,105.49,458d1c479f735ffc13691d7078c6c1a8c91adffdf270c13cd16ec1867c094ece,d73ffe80c0977bef890376da113a0a000a74acd03bcbf67695ae82e0f20bfcfd,False
2019-07-19,2019-07-20,v15.1,complete,ncar,"{""ncar"": 50}",50,0,0,90.59,f88eef6e234d9cd46b1f5e9f1116b7d0a2bc9cd7fe9dbccf05f9310d50a5ae57,096ec30db6ccd70e5d772eae2190c80b6c9cf7cbc4bf27a6dc1cee75ecba015b,False
2019-07-20,2019-07-21,v15.1,complete,ncar,"{""ncar"": 50}",50,0,0,152.01,5cf192a6b14169abe1f69cc37bc7506112b2d7257b5b0905b9b230da55b58837,6b4ce06f62f1da69ece4cabeb52d408926511375eff9c004d88d59ff591ed974,False
2019-07-21,2019-07-22,v15.1,complete,ncar,"{""ncar"": 50}",50,0,0,107.77,b5979a4bbf28374860e8a2990fa7ac3eb0044e3592cd1a4e1a1d5ad733041dd4,17284e39c4a83350311cf2355208ddf6f55d5f601a531c49a084f92f75209ca7,False
2019-07-22,2019-07-23,v15.1,complete,ncar,"{""ncar"": 50}",50,0,0,79.15,1ecf17e5c6b9c2914acb65fd8d0f425b33c89b350148e7185783f346083f47da,cbb3f4ee05e447724f3669b468193626e528f0de7e4f790b3198e3d076ebf81d,False
2019-07-23,2019-07-24,v15.1,complete,ncar,"{""ncar"": 50}",50,0,0,78.11,bb5cb27fe703ca96287b4107fb12199820b22410ae92d38cc005ecfb1f4bc7b8,e2d64c1e9d0ca228e23ac0137052e4246c3ad3ecf5e535b34c9f4b029aa4eda2,False
2019-07-24,2019-07-25,v15.1,complete,ncar,"{""ncar"": 50}",50,0,0,66.04,81541719d647b309c2c24b940a4cb2f0bbfbf1ee6787976e4c40467cfe51a89d,995d69942713c788dc41bd31c41e24898c50f89c972710ad245932f0f9f66a4d,False
2019-07-25,2019-07-26,v15.1,complete,ncar,"{""ncar"": 50}",50,0,0,97.83,7fabbc8a4ab8ff8d447514c32aba8054a40ca2e18f136fea06786410a138d2d8,0573b002ea78603f658fd5efdf727c6010b3ea543c812939d3e21e21c65c31c8,False
2019-07-26,2019-07-27,v15.1,complete,ncar,"{""ncar"": 50}",50,0,0,96.23,f15d4916c213849c81bdcef83adf83b1fa29fc27a476a754c8a6324dad4c1762,d805c390a64f1e38598b8fbc49b9dcf7053e0377f3333467db1f76c9a9dd1998,False
2019-07-27,2019-07-28,v15.1,complete,ncar,"{""ncar"": 50}",50,0,0,80.28,f040b5ee5e623c341e59725fa089f24c2c79cabb9994eed3edd939a4210a6638,f36e47f084d091bcd38af15125af97d3d0acb1850c8f51789b9ee48feb9521e0,False
2019-07-28,2019-07-29,v15.1,complete,ncar,"{""ncar"": 50}",50,0,0,68.56,f95892c53d321d93f22c206485c8206abfce344bdc5b51d4fefb13643dfb4b80,e186faa3bb0342857eca0c949bfd2864706d75a2cae58a99c997f6d79462712f,False
2019-07-29,2019-07-30,v15.1,complete,ncar,"{""ncar"": 50}",50,0,0,109.99,50d7dd452c792849ad58c33c31021c282a47eeaca17a723f9a97fff94e78f45c,da1a4f4db43fbe97fad5b36e3a89cc2e0c43f05683e4aa48429878b828278c0d,False
2019-07-30,2019-07-31,v15.1,complete,ncar,"{""ncar"": 50}",50,0,0,113.46,16f7d55c1d3ca93e1b1b16d44351f7042c20497613e7bf23a08231b628926141,8b0da1006288768868b7bd60e418f3d2d82eb7b5dd9136176d2b0efcc6afc046,False
2019-07-31,2019-08-01,v15.1,complete,ncar,"{""ncar"": 50}",50,0,0,99.39,288951bfdf27ada7c7e9b8da125c62adeae0f8a8dff9816675c7ee953c53e2f4,08f87e9b55d09c19bddee75384e4cb087c4a9ca047e62a62490b9b48cadfa154,False
2019-08-01,2019-08-02,v15.1,complete,ncar,"{""ncar"": 50}",50,0,0,80.62,c0d8447d7ea055812954ec6e0b2472e8a4207734976c1715d0de78d75d13f12f,93984878d8188e0c756ffa644bf179370dbfac6f6a6cf913c4f76701a408d381,False
2019-08-02,2019-08-03,v15.1,complete,ncar,"{""ncar"": 50}",50,0,0,74.12,7d72eb73d7d0e28836eba9612dee3626aa9968af06f88cc6dcce8816a2c1186e,b29bb7d03906f615bfc9a57fcba62c42ea16dd9e42a404b5e198fcd5d64cdb47,False
2019-08-03,2019-08-04,v15.1,complete,ncar,"{""ncar"": 50}",50,0,0,79.87,5d914f93d8117a648be127cfc5481c247694f8e37764e50d83762b265aee9283,ceda5a71559fd74bc0096a50a65b3277316df32bc18edd91a8b9c29853c6b3d0,False
2019-08-04,2019-08-05,v15.1,complete,ncar,"{""ncar"": 50}",50,0,0,80.96,81c7f1e40762c0cb8287e531957a7a5add12bdaeec0a34f4929c24eb7640b59b,2433220bfaee40a77a13296c6c4b1261139b28245bcfac921fc301bf81ac7710,False
2019-08-05,2019-08-06,v15.1,complete,ncar,"{""ncar"": 50}",50,0,0,60.29,ed26d3c5fc43a75e3677f6c8ab629f98f2a19b074c6ebf7e5d718c82c63a9588,15258a52ab4a5a510f86a95c4175f8edd2a1181fa5deef446c6c76e79f07199c,False
2019-08-06,2019-08-07,v15.1,complete,ncar,"{""ncar"": 50}",50,0,0,56.71,154f1d1be5fea48e9c79198d206abb8cc69d38293fbae87615c62a52d3a39e76,2f5c40c48649cc146f5c149266d1e6be2b7b766c51412879373a6e532fb16d1f,False
2019-08-07,2019-08-08,v15.1,complete,ncar,"{""ncar"": 50}",50,0,0,96.99,9c4a30abfb4d8fec8f49f4c477b5d2e24aea4112523d4637bcd6e37109644754,3486808e63f05b88e7af6db47e7e7226a6bec55c978daf05ae18b4a971043419,False
2019-08-08,2019-08-09,v15.1,complete,ncar,"{""ncar"": 50}",50,0,0,82.09,0765e2f2d2ee26c0ba5d22b065cbfe35c8e65030c70e6bfe0e157436d8435310,9411387444f9234eb9dc57cabcc6e8ceb45f2db5e77d444312b9586eec57e63a,False
2019-08-09,2019-08-10,v15.1,complete,ncar,"{""ncar"": 50}",50,0,0,224.95,b768d14e012a07172cb8a50b6f8ce03ca5921def6aaf4431fb5de74dbf356f44,4818f96919af14f7a25961092be88bfe8c46690ebc95d3326459bd7977b69e22,False
2019-08-10,2019-08-11,v15.1,complete,ncar,"{""ncar"": 50}",50,0,0,188.64,49b85dddf1d1e6f141d321ec997fbd94a273fa1675c6c0cd4d929dae1cabca58,1b4a803a4734674290643f32c405f12e6f76e98ddb7b570f97853394644f1f21,False
2019-08-11,2019-08-12,v15.1,complete,ncar,"{""ncar"": 50}",50,0,0,149.24,a6d1227ab84de74acfa7979eea9bd1b573ecb541192291794cb606fb31023246,6ae80cdef6a9c8fe47e891568fc17c7e49996f9d89797512ee125c45a49d5cc8,False
2019-08-12,2019-08-13,v15.1,complete,ncar,"{""ncar"": 50}",50,0,0,130.36,d0c75eb0e5e3017492db7acdeb4b50ef9c596a2f033281ffc18959f08113864a,f61102d0443d06c6985c01b58a1a86a19de693db8364ce0671d555892c4c1899,False
2019-08-13,2019-08-14,v15.1,complete,ncar,"{""ncar"": 50}",50,0,0,69.3,efbb6cd7f1173c6c8792f83b6f32ebccf9c26d5debf5fa4269adfcbbd90dfbe5,b77109dc3fab67901ebfb6f6b305694bf3424c06a54d2a4a0ec8c727324694b0,False
2019-08-14,2019-08-15,v15.1,complete,ncar,"{""ncar"": 50}",50,0,0,80.21,7f956592aa5e409ab874131a802ac3431e8ae92278f6d0f2905053539106fa3e,84ef6f864b18f9043088c23a0c97e855fcd992c1534edf4d7d9396f52f635b92,False
2019-08-15,2019-08-16,v15.1,complete,ncar,"{""ncar"": 50}",50,0,0,66.28,6c3ce2f4edecea6053738c1d45998133cd15643f38f907281b0febcec247050a,6edcece4bcbb454393235aa72bf171783b7b43967599380e508970b2bbbe03bc,False
2019-08-16,2019-08-17,v15.1,complete,ncar,"{""ncar"": 50}",50,0,0,67.3,202cc5f28b67f9646f3410ff7cca109a23ad303557342bad48b5db0f9b05a763,92b056f8962a5d53f6cb951e2451e3db8373313275a0d6db381f3500a45a55f1,False
2019-08-17,2019-08-18,v15.1,complete,ncar,"{""ncar"": 50}",50,0,0,76.95,2c7331d76da2e658a0dc8b8456295c0551de07e3286fe3dd0a90bc3511532b05,3279ec13e76179a1909e9b0412fa794f0ed469a2d6da4e6c87c29fb5e6a93115,False
2019-08-18,2019-08-19,v15.1,complete,ncar,"{""ncar"": 50}",50,0,0,44.35,819c810ac532a0844db3ed616c925fb80751c1338b66aad08fea5026768caf74,141551da8c08704690f55d374f46d404aaf0888efe68cd7f3a9d9604777fac13,False
2019-08-19,2019-08-20,v15.1,complete,ncar,"{""ncar"": 50}",50,0,0,71.5,90793ead0de4d77870eac26b67da3459d353b3026f51457ca837f29a499535e4,92f60495e78c4cac845d83948f06b997e8f8730deccdadcfc5056a729b9bd926,False
2019-08-20,2019-08-21,v15.1,complete,ncar,"{""ncar"": 50}",50,0,0,69.59,4314990b2d99b6355b581bcf8c99e3331cdfa6c2e62d144afdccbe171e38e3a9,5b29988111cffe81c2c5f947302008e1e4fd353a4c0532da769da3af028e67e0,False
2019-08-21,2019-08-22,v15.1,complete,ncar,"{""ncar"": 50}",50,0,0,67.4,7f3ec922bb57ec2d4be0419ffdf5c3179f95c90b6da51d06aa540c7e2c90ec23,fa7b029e05bbbb5b4375bf1600a07bee082ab35485d8633530f6cc8234a24e17,False
2019-08-22,2019-08-23,v15.1,complete,ncar,"{""ncar"": 50}",50,0,0,80.51,51da488bd8fca6bd799d64d9bc9bafaa38382576dada27e168353dc5562660f8,2987b5416fdae13485296cdc922737d52e5c7581e482688e2425a44a916f8a2f,False
2019-08-23,2019-08-24,v15.1,complete,ncar,"{""ncar"": 50}",50,0,0,67.22,2f978cc704e11e7f7f7deef9c4f730e8e6c6ed19f1c4c9824392f403652e6567,2a25283aa9dd3a2b590a32cb2821672b338304213a34ba920f9f5849864f0d0b,False
2019-08-24,2019-08-25,v15.1,complete,ncar,"{""ncar"": 50}",50,0,0,76.73,4c11544806e37224ac298914a961180a0ebf5f7bfbc6c7c6db225ecb981c8841,f370044a54f9c24556ba5989a4eb0e69bbf06817d1a70fc474da075008a24a78,False
2019-08-25,2019-08-26,v15.1,complete,ncar,"{""ncar"": 50}",50,0,0,80.61,24254c3df2219a9c37bc07ce51fb91e782e0e0f89d471d14096c9aa09e33e693,036e93d8cabf1f6f682c3ab6262cc485e5dfa476058422edc377ca021adbf5b6,False
2019-08-26,2019-08-27,v15.1,complete,ncar,"{""ncar"": 50}",50,0,0,69.69,fe71f146655e5c59dae660ab92a880c19c47ca43e3dd7af2b783a4c8edf62163,ca1f9034e39e4f9058013d8f3afd38cd6651650a5511ead6eb2152dbfcf3c8eb,False
2019-08-27,2019-08-28,v15.1,complete,ncar,"{""ncar"": 50}",50,0,0,86.92,7bcfc91ef64a883fba01da4c389d52d594637723001f09b8554c81108cfde460,8761a060b03ee2c28c949ab76070441436faed64bb0306eddc739a60016c2f98,False
2019-08-28,2019-08-29,v15.1,complete,ncar,"{""ncar"": 50}",50,0,0,82.41,9d2ffd3eb70f1c78c8999ef54646dc19ab91ac4f4c340bb81b9b32db41f0bd73,bcb6d05f88cc4ddc4af1979cf04bcb7bfb676120cd59df92b96dae85ebd5258d,False
2019-08-29,2019-08-30,v15.1,complete,ncar,"{""ncar"": 50}",50,0,0,76.44,48414f9c4ad1943f6663660255bf0fea921f77831f4a1cdffaf4b62dc24e776a,0bc34cfc30a2626ed8e918d24be55708bfcc93b8b8b88eced2f9b71ae51e1320,False
2019-08-30,2019-08-31,v15.1,complete,ncar,"{""ncar"": 50}",50,0,0,94.14,43ba906c1b1f6fccb222b5363e4fd2c53f8b4ae23ac82388f102ae361f859249,e319da47d8ca8d37757012d888a9944ba6254494e35bbc7931300b49233add72,False
2019-08-31,2019-09-01,v15.1,complete,ncar,"{""ncar"": 50}",50,0,0,211.37,11e464ee6a58de199e3039f621b0b7398952b5146dc4b0c79b9dedcceae74ef9,fb7b0c551e1deae5edcd40f7eb60be4c444b0178f40643fd9905fca2c08b60dd,False
2019-09-01,2019-09-02,v15.1,complete,ncar,"{""ncar"": 50}",50,0,0,141.76,7e117a29edc51c26c55ffd0107a796b2d91c5c30d1186115e164d84f40fb8338,04b54dd7c23aefa23d2ac4c1c7d37cd907c3b5fe1d208bca25643a9dbf6430f7,False
2019-09-02,2019-09-03,v15.1,complete,ncar,"{""ncar"": 50}",50,0,0,112.94,1ce1eb0d773d3d213deaef759ed42bcb26e012706a0ba9c1b14636bd361d1d71,362c71990702774adec2ff03f0c0a9a2a9f79abcf99dcaff9bc7612372dce894,False
2019-09-03,2019-09-04,v15.1,complete,ncar,"{""ncar"": 50}",50,0,0,128.62,0b5fffbde1af978f4e7c387fd1886a93ff9d00c8fdd8aff05c179682881b89ff,f402273e04d9586e6cde5d36a6987ab00480a9bef5413ff3b2a256c61f6eda75,False
2019-09-04,2019-09-05,v15.1,complete,ncar,"{""ncar"": 50}",50,0,0,230.06,9a18c040b982f0374b927e5b2a5c03a4a92b2806502e1d20f90a39e2249199b4,66a101825ec379d26bd4ca25db745ca13d7c3c74e6bff220772459995f41d22d,False
2019-09-05,2019-09-06,v15.1,complete,ncar,"{""ncar"": 50}",50,0,0,160.42,de3ef816b728d12e12956b4f248611b1fedf49195771a5038307105fd1db5aea,125707cddbab7c52dfa39b66932a39bbb7267a48aac31e78ff62622bdd2dceeb,False
2019-09-06,2019-09-07,v15.1,complete,ncar,"{""ncar"": 50}",50,0,0,118.49,a7fee80e4464af0c77042c71294cb2c4d2278981752c7078ea36a8a1ccd5e51d,37d1a3d032348cf9b7eda54a76ca9dce006a2b752206a5ba26986e05d133dfae,False
2019-09-07,2019-09-08,v15.1,complete,ncar,"{""ncar"": 50}",50,0,0,50.63,1f183e71d167d3d004faa16257fb86492f17e60cedafc3a33ab988595f0dc0be,0533d2b135b5da75f00272fca0fc529706601876f2476b3ad957752f4480af39,False
2019-09-08,2019-09-09,v15.1,complete,ncar,"{""ncar"": 50}",50,0,0,79.67,f5904c6f34f0b53118277830585805f196f4d96c9ea116b92f4a4fcdd9f4dba1,3888e09f92d85b4632a8172b8d051f61ae38068008a8412edc06c29232f6e52a,False
2019-09-09,2019-09-10,v15.1,complete,ncar,"{""ncar"": 50}",50,0,0,68.15,863548c617e1e6e1886c87d78f1160721cb40bb8b67a34c69289b38b9b38f5f7,eb4df2a5b3a72c634e710d660aac2ccace0768c0c4b947435885099ef6d34937,False
2019-09-10,2019-09-11,v15.1,complete,ncar,"{""ncar"": 50}",50,0,0,107.89,bcc441365240c68aa73c8981183bf02b0b65df42e02a0c5a892c7bb084cfe448,25963a4e5e5e93cd1ef1a41b05d6fb986c3652b0edd6633232f3833998bc60d0,False
2019-09-11,2019-09-12,v15.1,complete,ncar,"{""ncar"": 50}",50,0,0,85.84,eb71ba9a5abc71b52dbc626b7d5375407ecf1623efd3d4a6c5e4669ec050abde,1b88ffeb00772725a659b654c20c2d0680b7666152481885405efad0e2404adb,False
2019-09-12,2019-09-13,v15.1,complete,ncar,"{""ncar"": 50}",50,0,0,89.22,f6db200ce124552735721507d3518f97384f625f85268412e34dbadbc3bfe27b,35c633207d15b5ba2db46f686dc765efcfe2be1610179da8431329cfdc88a810,False
2019-09-13,2019-09-14,v15.1,complete,ncar,"{""ncar"": 50}",50,0,0,68.44,ed0fb308402d7d9d8ce32cdc0d1d21f9fdc61096255a0a2db67381f5be062f67,6d8c7ced588b5acecf72764556d0ac2ff430d5f19519196e4904b196d3014fc7,False
2019-09-14,2019-09-15,v15.1,complete,ncar,"{""ncar"": 50}",50,0,0,77.82,edfdcaeee0b33ba40ca6d68fef1407112087fdb2eb7f9396d8d5a006a7ef6e25,8bd379c605cc9ae507f811a7af321c2ea63e9c5d98ad8095fc14d02095dd8f75,False
2019-09-15,2019-09-16,v15.1,complete,ncar,"{""ncar"": 50}",50,0,0,82.08,28711301eec0bc4a9fdaaa768dcdf91ce71f7391e9c4db0c929d5b5c8eaf021b,9b4371b51e63eae67cc99cc1492710626c09814bc45f67cf5d08a58807eac0d2,False
2019-09-16,2019-09-17,v15.1,complete,ncar,"{""ncar"": 50}",50,0,0,75.26,3950c01caa35cf355d8c7a65d46cc13e074ff992ad66aed5b7b71eee5e54b5ec,2f228123f2ac1904a2f0de7856d2960b54ad33cd27beccbb83f474875a5956f6,False
2019-09-17,2019-09-18,v15.1,complete,ncar,"{""ncar"": 50}",50,0,0,69.72,f408255fe9f6fc4bf02651a5221e2f41caa09a921d62bf5b547c67bf998cacd0,f854d2acdec082c4a10bb3afd42fc03af4dbaf56d9f23c7e53ad6b908b0fad75,False
2019-09-18,2019-09-19,v15.1,complete,ncar,"{""ncar"": 50}",50,0,0,145.52,081744954c3c80dd0eda1674b871f9d7a70126b260316b3b73e8b256c3602d76,70eea37d0ff18a6aec5e65b9f31dd6c9202809ca3d9dc2fdf9042cd98b8025f3,False
2019-09-19,2019-09-20,v15.1,complete,ncar,"{""ncar"": 50}",50,0,0,153.2,2761d2991dfb34542358ebf44c224b8cacedf8e4b493e055b15767d009f6ae3f,1c19c486cafa06a806ddb14d27cb79fd85914047f4cebc1b1dd9c5cc88fd6781,False
2019-09-20,2019-09-21,v15.1,complete,ncar,"{""ncar"": 50}",50,0,0,144.08,cb3b66421d7964062c880f45cba59aa72f22899c30859fea9b6aa5fa45dd4008,8662f05588cb7e1b67cb732a08185fa06a7066df409eb5b5211cced5ea94a917,False
2019-09-21,2019-09-22,v15.1,complete,ncar,"{""ncar"": 50}",50,0,0,132.74,547c20d7b95ca7599617f164173dc3bfac90ca7c7a355e40390716e447281b3d,3571463c59ac36a2c87adad1746aef5093e570d95cb7a5ebf99eeb9ed883c44a,False
2019-09-22,2019-09-23,v15.1,complete,ncar,"{""ncar"": 50}",50,0,0,67.4,3f9e76433db46244552d165a565ec0b7c3c691b2b3cb987b3720ecc379f7e5ae,82f12024e4e65e0eb4c07c0b9dbaebfcc448fe6dc299567f544b4c17099d9fd7,False
2019-09-23,2019-09-24,v15.1,complete,ncar,"{""ncar"": 50}",50,0,0,95.84,eee4e0c7e0455b96ed3ade72d0dfb6644c714a668c6df35601d5f676d98dd350,d78b9f629d8c7164cac9bb0bf6e44b12c1a4d2284dbddcf71bf7f0c62f0d1bf4,False
2019-09-24,2019-09-25,v15.1,complete,ncar,"{""ncar"": 50}",50,0,0,76.31,baf72fd181eb857d7b4977f43b93252b8af85c069324f0a9399de0eb02f424c4,b685a493ffc10870436d24e9552aba7aa738b73d980e5e5af92c00a06339b27f,False
2019-09-25,2019-09-26,v15.1,complete,ncar,"{""ncar"": 50}",50,0,0,104.74,4753734327724a3aa2f14d4269f9a590d4c672e5f32fda078c26f07c84df1c96,4412a1e7a18fdf14433769efd5caf163c3774a4f1d39661bfd9f858a1f40e89f,False
2019-09-26,2019-09-27,v15.1,complete,ncar,"{""ncar"": 50}",50,0,0,82.71,04d6681d78f7f7065e05ea119065ab093bf0b12ba0f06a26d000d253903dce4f,39929459db3c7d8d2792d40d7bcfc650495f993ed030b9d0f5e0eb38a7b13d83,False
2019-09-27,2019-09-28,v15.1,complete,ncar,"{""ncar"": 50}",50,0,0,74.45,579cb0919292fd296508bf6e75930b1f6b9e2ab4f841238c9e3c72ae6c03ad33,82b82375795e22c815f6be6409e8bf98d6e39680f82ba3d3ecb7a84a7094e502,False
2019-09-28,2019-09-29,v15.1,complete,ncar,"{""ncar"": 50}",50,0,0,112.81,8e90125d733d0cf21c14eeea8e91b6c6521f0ec878a6f89a98c88b07f948d707,8be241d62d427b22bd8503521e7841427834817b3e69ddcdc9a725ab4e549901,False
2019-09-29,2019-09-30,v15.1,complete,ncar,"{""ncar"": 50}",50,0,0,77.99,4282e0e739dacb76681735dae99da3f6435b7a7d57f32ce2b3cabb70e63b02a0,8a4f7e0b0ef0f52ed9c45e4f7a4ea04c2075017092068ad6d2d596dcf169446f,False
2019-09-30,2019-10-01,v15.1,complete,ncar,"{""ncar"": 50}",50,0,0,181.18,a4a1ecba60a052f896b66ec769e49e94b5cbd5085917827830eda3f55f144cf4,28ca6b1104f81e7b9f518cfb85cded1294740c23df7cb92a165e8a25a810bbc4,False
2019-10-01,2019-10-02,v15.1,complete,ncar,"{""ncar"": 50}",50,0,0,122.49,38fafec12325477040f7642428ae4eced27c9568be29ef85180ae8122c721171,bb2d56064be73859c9b012e633ccbfd1e6fbbfde36ecd12a0d8643887472219a,False
2019-10-02,2019-10-03,v15.1,complete,ncar,"{""ncar"": 50}",50,0,0,81.27,42b260b4e359d938c1518aca2e5eb6e67e2be8d980806d4ae4960b0f39954600,4571c1e15c7a089aa9bfdfc3111fb4701e4a2368f334ebf1e0e8bc0d05c8caeb,False
2019-10-03,2019-10-04,v15.1,complete,ncar,"{""ncar"": 50}",50,0,0,51.58,32258f17a2e95d9f1555d4795491783421b71d399e93c6488a4b87855b49914d,83aa85c89d32ba9c7a10544135089598093ed3854082566caa673a836a3c4113,False
2019-10-04,2019-10-05,v15.1,complete,ncar,"{""ncar"": 50}",50,0,0,260.37,df7c407fec2263ed01d6f86035c733e7591a6e9a657d8f1681f9abed521cadf3,aa9cf6faf851ba949e9a0229295fdf75d00cc8f3f7d30ba2e576059a76ef306b,False
2019-10-05,2019-10-06,v15.1,complete,ncar,"{""ncar"": 50}",50,0,0,64.47,e737d98447f8a835232ef9b8eed734d7e04a141e0d115d1e6ab264a2685b5e96,71218518831904ee8f4c7430f3855c7b441c998c5526bf11a41b49c8bdc89053,False
2019-10-06,2019-10-07,v15.1,complete,ncar,"{""ncar"": 50}",50,0,0,231.78,eb4df57ff02b7f69e7705935418207f49a8c3b4793f466edb881148814682aa8,31e6379a191d2c65bba6e84cc4a088e0e8819ef3cf332a772e9d16847725dd9f,False
2019-10-07,2019-10-08,v15.1,complete,ncar,"{""ncar"": 50}",50,0,0,136.59,1286e1802cdb209ffc77e19f76b532c6b6df84c392ee4bd34fdda54eb59d4170,1ebd05903b254a5b1b484535c12f79ef1aba69d135cffe2e7338e3d19ac9734c,False
2019-10-08,2019-10-09,v15.1,complete,ncar,"{""ncar"": 50}",50,0,0,116.66,4f13b106de9fd5c69561fca05f0ea7375a4060dc90e4532ccd31febc51dfabd7,24b6ea3070f56d1de1d121146d2a0376110021790d92daa5eb7c330b3114f8d4,False
2019-10-09,2019-10-10,v15.1,complete,ncar,"{""ncar"": 50}",50,0,0,86.21,18600d8062b1343af7b1c7ae74109e56567b6bc74a4174ca48c7f1d8ae00b6e1,20021ccbf32f931bf3907e578fad33972d1fd3ae6420cc6106335e8cfd090a85,False
2019-10-10,2019-10-11,v15.1,complete,ncar,"{""ncar"": 50}",50,0,0,138.07,2cfb36279ec81d741d791ddf43fddb0652da5b3572711feac5d62ec0d108559d,a515868b765fdbb3fa309c6c4766ff88d973159fbf0b555fc9816550c68bfca6,False
2019-10-11,2019-10-12,v15.1,complete,ncar,"{""ncar"": 50}",50,0,0,205.7,49f996979a4888778a261472b2f0445e94291e138d06011f2801b01ce5322d02,ddfa29fe98c54755a45fcc747e7d78a3220b695bbc40060ba23f384227145da9,False
2019-10-12,2019-10-13,v15.1,complete,ncar,"{""ncar"": 50}",50,0,0,191.85,6dc3e5dfd03e400e1d9cfe1ab29279cc8fb92f04ff683a5abaf397e67c5b0cef,445ed24156f554eb425b3b614f6f4e0a7777481a87e6ec1e9a7f528a75510ab7,False
2019-10-13,2019-10-14,v15.1,complete,ncar,"{""ncar"": 50}",50,0,0,103.76,f6bfaddcdb3154f6d1d32813df9847675e2322dad439967f7d247f1ae7538a94,57276e72b54bcb7a1da19025a2af44d3b7802a9689a98a79cfe85340be18bf6f,False
2019-10-14,2019-10-15,v15.1,complete,ncar,"{""ncar"": 50}",50,0,0,87.48,c1ab1daf9175cf6dd544781efb49e644e065a2589e57623a0da63602ba32cfb7,f91874de37432fbacdb653cdf7be7d623cd785b51b97c32b4c43cfcadbb995f6,False
2019-10-15,2019-10-16,v15.1,complete,ncar,"{""ncar"": 50}",50,0,0,79.46,24debf93a78f5be6648e0fbeed49f371e4f22d0c6ffc8e5a36e302a45b07e0b3,f2a2c93d0528656413e0ab528669aa0a369966d43ed975ae53493937abead68d,False
2019-10-16,2019-10-17,v15.1,complete,ncar,"{""ncar"": 50}",50,0,0,67.33,d45e707bb00ff5538a0fef4791d1d93a6c7cafb24f4a72aac9149aca6ce2482b,1d9e13da66f282ef4f20af687a0a44d39702e83ea83204cfd793ad8fd8ff09cf,False
2019-10-17,2019-10-18,v15.1,complete,ncar,"{""ncar"": 50}",50,0,0,78.74,2b48bc802b20db18b196cb6df71f1d5295e103e92a83888312533ed05e8e7db3,09d1b399dfc00c06bd1c944303031a0ef905588f88c6102efc04be3ac2f72ba5,False
2019-10-18,2019-10-19,v15.1,complete,ncar,"{""ncar"": 50}",50,0,0,180.46,de6d8974a9ab3434af341ae0a8adeca8dcc9de3ebff945f6a2e9acda58aa1878,ff37d1b57d2e8cabb3da4b61ce393273742a02f0c93184eb74453f25f6f34d7d,False
2019-10-19,2019-10-20,v15.1,complete,ncar,"{""ncar"": 50}",50,0,0,163.05,5c721e29284c88e749b44bd0b401c29a6025797bda79cca85c9dbb0e7ad64631,d3adf54ca7124c20e9261975219a0d4c916dcf7f8091d679cf1ff38bbe15bc3e,False
2019-10-20,2019-10-21,v15.1,complete,ncar,"{""ncar"": 50}",50,0,0,131.33,feaf9dbae66acba4c17c428c865cf31f0757603f9e1a36ec8875917b8137eec4,681894d9556ff371c901414b6d3c52a12aef99b17b5120afd8d0825fa661159a,False
2019-10-21,2019-10-22,v15.1,complete,ncar,"{""ncar"": 50}",50,0,0,86.28,32c02330e141d31e88cf42870d0b0daa178679b57bf618ae60703ad00a25ba44,c5e0ec3fcd3fdcd494cac237386176041e4216a292cfb4ccfbe2c3f09ea3fbfc,False
2019-10-22,2019-10-23,v15.1,complete,ncar,"{""ncar"": 50}",50,0,0,102.32,e281a71c56f09dea07153c28dd8a13b383ee926b1c9fb826a9653953406e457a,856bfa3013dfa65475e0944d9d536c6587796e3d5e6faa5bc46022bd9d6c2fe0,False
2019-10-23,2019-10-24,v15.1,complete,ncar,"{""ncar"": 50}",50,0,0,107.16,d629976dbce2fa9170e846cdbcf0f597f57e39c2bee84a80b2a97a4a4edc9a92,eeccf03bfb6d78db60a80dcde70f03ccdbdc2d3b4e018a9a4be509169525ae12,False
2019-10-24,2019-10-25,v15.1,complete,ncar,"{""ncar"": 50}",50,0,0,179.81,f09a94256eae3f5dea5dde5069c92afb5c22cce31532a6f62bbcbde4e7f4c0d3,31e1e5427163c066db85be32154f2a02be345c4dc03f442aac653f840c1dfe74,False
2019-10-25,2019-10-26,v15.1,complete,ncar,"{""ncar"": 50}",50,0,0,186.01,8e42f754b367709dade96f97e4997471107040d5f3bf1941a051a684565b8146,56d1bfa8ef9ae1dd38216b94098a46300c607d8af154fc1b2d6f8f6a56fbc4c5,False
2019-10-26,2019-10-27,v15.1,complete,ncar,"{""ncar"": 50}",50,0,0,200.3,2cb6389dfcfa0c186460e18c2b088d260e60159bcd40b1766f124d197f2137c4,95e430371a71f6a0b0d9b2d9c834096295e7c282346537f5a019770b776d28b1,True
2019-10-27,2019-10-28,v15.1,complete,ncar,"{""ncar"": 50}",50,0,0,119.83,1bf62efe1d5867d706c5ebd70d2eaea9e05199490f72147e9e20a30f2eb81bf8,38ade1cd1367f6208181843bd2c531b8d72fc3c9225e168a4fd7a9573d26e504,False
2019-10-28,2019-10-29,v15.1,complete,ncar,"{""ncar"": 50}",50,0,0,259.17,7f456b7b63a6497f36d2ff2e6bd56e60d870e2da95120c71fc2fd2353a542cfc,1a9249146346a46d2759bc681a1343f733418537990d18047279d8ffe6687ab5,False
2019-10-29,2019-10-30,v15.1,complete,ncar,"{""ncar"": 50}",50,0,0,263.38,9059156064c6eab948a3a2e07b0cbdcc4e77ce6948d4c430dee0ba74467120da,578df8179ff871c142459cc76cf1e659cf0eb8858a8381ec144b526507366bcf,False
2019-10-30,2019-10-31,v15.1,complete,ncar,"{""ncar"": 50}",50,0,0,255.22,d886ffe6fe37625ea9d757f1bf3ca3ef4e84398a577dccd4586c7d5c26a0e895,87b5bf8c1acdd1b17692cd9ce84de1890c6b8cbd55079857406ec90faf8161ab,False
2019-10-31,2019-11-01,v15.1,complete,ncar,"{""ncar"": 50}",50,0,0,239.26,f83f003d8a768180e955558bfcb874dac1327bb36926bb176b6c34c32a418f3f,7782b4a1fa3fa16c179b349af588cc0bde452a593ec975d193711e082477b495,False
2019-11-01,2019-11-02,v15.1,complete,ncar,"{""ncar"": 50}",50,0,0,65.42,2e68b26c86a796c972e560370deeb837ca2770e729a0d0993cc1458b4dbf9b7d,39c842eb0f7a4751ec1b9a749d721bf9b11e8df33cccea79e7748925486ef624,False
2019-11-02,2019-11-03,v15.1,complete,ncar,"{""ncar"": 50}",50,0,0,89.75,bc5aac374ce562ff5d172709522dd96155f0a0c5a05d0c7bff078f8d5a54c3ee,c43b1bcc4380979d408f376331a1023da466fbd0816fbb2e0429c6b83e28c822,False
2019-11-03,2019-11-04,v15.1,complete,ncar,"{""ncar"": 50}",50,0,0,75.28,92abcb985920a503996c164075222b8eae531e0751396f2c8b5aa04e31e2f86d,a9465663c86e390e34c549bfdeeefec1b49984249fda7e7717aaeaa197eea2ab,False
2019-11-04,2019-11-05,v15.1,complete,ncar,"{""ncar"": 50}",50,0,0,107.89,a8d3d97c0ce6b65249c461e07026378c4ef3e890789ae5b399b47ca22009825f,fc10b9c1d5886d7bdf25508e0da104cb5cde75587dfc2924e308a6b90f32e2d3,False
2019-11-05,2019-11-06,v15.1,complete,ncar,"{""ncar"": 50}",50,0,0,75.67,da56dd410485ef6fa008e77e583203dc17e6d49c2671faac7a8b4b2879ca9c0c,b89c8972aa481e5e35b688271fb89e87de5e47cb2fa8196c4974e2d8195466cf,False
2019-11-06,2019-11-07,v15.1,complete,ncar,"{""ncar"": 50}",50,0,0,98.42,a82b303c1fe2897a16ba33fcaad6190803d43ddf7d03127eb280d3eb725f4e08,26a3b4655950ba76b860546fec00947cea1d404774c0149a745ceac68aa9a988,False
2019-11-07,2019-11-08,v15.1,complete,ncar,"{""ncar"": 50}",50,0,0,99.16,a50b33ccf2a389031c4eaebc502cc0737835d7a65e95a6fa34803f4521948989,fa6202e4fc3cf48aa808468a3e821a3b01f89979f9d08666925a0beed07d60b4,False
2019-11-08,2019-11-09,v15.1,complete,ncar,"{""ncar"": 50}",50,0,0,112.04,adea51da7f74da2da27d5dd36de11436f3a0fbb8035c97f56496c4c41ca56426,70df131f8de086bcb7fc45465f6fa41a296b21bd6d3ea3764121d7d3a15d7362,False
2019-11-09,2019-11-10,v15.1,complete,ncar,"{""ncar"": 50}",50,0,0,75.27,f3fa3bd3216b5a1070c536dd308ad7eaae45372b0ccce904678b4b42e191bd5b,8b2b9584b10425f312fc96c6064a155db856878a0e1b2ea11db8ac7ef8ec9918,False
2019-11-10,2019-11-11,v15.1,complete,ncar,"{""ncar"": 50}",50,0,0,90.89,d39ca53feb5f27a871f519fdfd1df8511eac6d1f27172eb9321665358d4e2260,6783b20491b57623b32b6bb9a790ad00a9d8d64dbc94398f70595f791a99f164,False
2019-11-11,2019-11-12,v15.1,complete,ncar,"{""ncar"": 50}",50,0,0,78.39,9b66c0e7ece06d97aab93e2422b6ee8066c747eb18be3f1b03a278a73005313b,3f0d025e73d2b7a6f8d2f081af5606bc40f29f8e743e4b2eaee8225392b6456f,False
2019-11-12,2019-11-13,v15.1,complete,ncar,"{""ncar"": 50}",50,0,0,82.02,2bc2674dba41a660bc4af7bf16ff4f6effafb8fba32ca6fe3fc5dfa751789654,f9417f1561ffc8bd8ecdaa5581eab3d4826696318de7463d9cd1be2043cb8569,False
2019-11-13,2019-11-14,v15.1,complete,ncar,"{""ncar"": 50}",50,0,0,82.21,607c3ceb8f36f452f9c425810e54249358a0d27a96c88445321f0798e0c8eb12,83a64e5092aec0841c7deb71248ddf2e6f3743b11a42599da1cfbf8740549faf,False
2019-11-14,2019-11-15,v15.1,complete,ncar,"{""ncar"": 50}",50,0,0,81.04,54865e07d9d8da745ad7c6c6053c9c23193e3ab824ea34f93055f10efd78158e,32bb19154ee8ba5833d2d659f01657aafe90c4e982045f46f20c7ddea898dbd2,False
2019-11-15,2019-11-16,v15.1,complete,ncar,"{""ncar"": 50}",50,0,0,100.77,42178f1201ce6cbed97aa9b61eb3f04460ca2f32cdd7dfbacc5b1a909e4310b7,7775fff5643b4ddb285eb9da6f4b57642723cb31f4cbfa3392ef94cfad52bf62,False
2019-11-16,2019-11-17,v15.1,complete,ncar,"{""ncar"": 50}",50,0,0,74.61,033a27631caee968fc8c548186f6d5ef36867c1b6d27928cb86168bd2c3fe5c9,be72d4f04e4d7d758cbaa42243315208342e68e7295431175d408712e0d188f4,False
2019-11-17,2019-11-18,v15.1,complete,ncar,"{""ncar"": 50}",50,0,0,78.21,8310d17f59bcd080eb3f19666f9191894d7807f476aa16b85fa04b4fbb3dca95,b108310baba047f17df64a3291a2bf00c35e8b5b0b3fec37e7d24de1ae371d73,False
2019-11-18,2019-11-19,v15.1,complete,ncar,"{""ncar"": 50}",50,0,0,113.76,c3ca7eff8a29f3787234cfb2da2d043eebc31508be3bb8ba9919ac2fabbb641a,032d39769b83d751bfd100726228e05fa8f6cca429ed76c5f454fbb3745d5992,False
2019-11-19,2019-11-20,v15.1,complete,ncar,"{""ncar"": 50}",50,0,0,93.17,9a443d514b66426fece1f5fdee8193a42233f2e4ac399d04effa253edd6c403a,ca81ed29c01e48e04209288a61920ed9846f52e2f39b5d526a49b3c5bef23e0f,False
2019-11-20,2019-11-21,v15.1,complete,ncar,"{""ncar"": 50}",50,0,0,99.28,83682893f9f4c0e5c87ff3cf21832a753806ee46a8ca407e51568d2eed6b0eaf,b49bc884ab2db4a3ec0c0417a77411fa822efd8d2d7663b62b3aaae4ca93cc02,False
2019-11-21,2019-11-22,v15.1,complete,ncar,"{""ncar"": 50}",50,0,0,58.16,89ba7607f04e6640166cc9052771857137bf9e4cd9f5c864216185f02fb730c8,1298bf13bd75e083ea7dbdc828caf5d5f63b6843e454b85b8e6665856e999017,False
2019-11-22,2019-11-23,v15.1,complete,ncar,"{""ncar"": 50}",50,0,0,67.93,746f03d485cdac24c7aa8f7f8a71081ae995cc1bba6494d8f2373dc1ee08a19d,c801f7844bf080e505504b61f36944487ab6f00ab0119331eb61cb42b0e33f06,False
2019-11-23,2019-11-24,v15.1,complete,ncar,"{""ncar"": 50}",50,0,0,72.96,2cbd2af1a7d27eac2abc70d18f829c5dfcfde62cbd2639d938569cee5e09a537,6da71e2433321ad2b229fe5cae9d13805f882e0590ccc14954273096ff9600ec,False
2019-11-24,2019-11-25,v15.1,complete,ncar,"{""ncar"": 50}",50,0,0,65.15,e4b5416dc70c934af1e469fcf7306aea16e4ad159f763dfec8f5b4b27fd92083,ad44e5e0b7632c0407d8c66eb35ce2c41930e6fb207327419e7efee3a507abb5,False
2019-11-25,2019-11-26,v15.1,complete,ncar,"{""ncar"": 50}",50,0,0,88.39,dd970d59e80728bceab88ea9147634fcda88772d1f5de742e57fe5abb69866b2,9eb10a3bb83661ca98514e592003214ebfe7e2c833b2fa3243c9e22cc0746969,False
2019-11-26,2019-11-27,v15.1,complete,ncar,"{""ncar"": 50}",50,0,0,67.95,a25f3d5aaec11f2f4c30a921e8a90df82b457323fbe8d4e9a9c4cf099a0d4877,4ea599139d0e44b17a45f21b935589b925f880e8673e4cfd88fce61e2f0dbb2e,False
2019-11-27,2019-11-28,v15.1,complete,ncar,"{""ncar"": 50}",50,0,0,71.99,cfd9e2f2706ca8715490f775d4983ff68ec84645ff56aaa09fad38e80de6c4c4,00f6259674cd215f745b2c81965f63d898a745aa02f2b2ff6472fece4e9b1d4c,False
2019-11-28,2019-11-29,v15.1,complete,ncar,"{""ncar"": 50}",50,0,0,81.13,69858242ef645f485dfee96e8ded2ff94fe4eef99b327a91fcbc4588c13d4b94,37ec481928dcd037a12320c74dd02aad2e6b277be2c6039227eac888fe5dbba6,False
2019-11-29,2019-11-30,v15.1,complete,ncar,"{""ncar"": 50}",50,0,0,76.1,db8108058927609352da1e011b1f1927973778ae9844af5cb946e057a099596c,c65215f3a9a549c64ced6993068a53dcb33dd7b807142065ddd6303b90779304,False
2019-11-30,2019-12-01,v15.1,complete,ncar,"{""ncar"": 50}",50,0,0,77.77,cfecdd31fdf920d3bf12cd7a7c0e955d535b266d6b7fc3e75f3c87988bc5351d,a08fcde75e968ab003dec830bd1b5cd02d4cea1fce7727f0207a2926855bb1fd,False
2019-12-01,2019-12-02,v15.1,complete,ncar,"{""ncar"": 50}",50,0,0,117.31,b9d65685f36ea52da3d4140466e5b59425e1ff469b3db81148a16351eca95cb0,88075c6d67e59bc4398f2acadf170a0a8db7a3ece497d990aab2dcca721e0d3a,False
2019-12-02,2019-12-03,v15.1,complete,ncar,"{""ncar"": 50}",50,0,0,236.74,42440f763855a8ee454404174a6d63634041add98e238bf5f934a296189ea7e9,504d1112485bfba450b189b081cdccc2b777b8f8d6072379579eed560d8ae9ce,False
2019-12-03,2019-12-04,v15.1,complete,ncar,"{""ncar"": 50}",50,0,0,189.57,dfe6a456434632a96db5f6220b5224f660a3155d06eb2ccfee11d86eeb0373ef,851359dc4428d2aecc39f19eed42c81f5ccc668e2185919b0194691a9110a78a,False
2019-12-04,2019-12-05,v15.1,complete,ncar,"{""ncar"": 50}",50,0,0,155.26,3695a1fd5c1a3591a346570fe7bdb8112f731546f639c112d438606dbaf5dc15,4bf84310f8584c0016727762c4107eae9971b145928faa22816bc61bcbf92828,False
2019-12-05,2019-12-06,v15.1,complete,ncar,"{""ncar"": 50}",50,0,0,113.23,b78915067ddca4308f1984fd25316aab5365ca999604c8f06945d72d5a946b45,e587b557756a9e1f6024d58054466e56832621d77e8280958e8b2d43e7ae5b5e,False
2019-12-06,2019-12-07,v15.1,complete,ncar,"{""ncar"": 50}",50,0,0,79.89,3d6f8ed201aa7b442242037988683b2794f6d24835dfb06460c56dec4cff9751,0bc98736c726740227f0820b584ec031cf480491de52437cdac4e7b8c50ad95d,False
2019-12-07,2019-12-08,v15.1,complete,ncar,"{""ncar"": 50}",50,0,0,77.65,40ba234b7a824f15c2f0e7280f64c96d3551a69dbeb6623d19ba01c59adb2e0c,5637b555e4f601710c290310601a7acb54903e93fa300060657bfc8e9a45710c,False
2019-12-08,2019-12-09,v15.1,complete,ncar,"{""ncar"": 50}",50,0,0,133.46,0b9217a0460e7ad081ceffba6e6adf92c8ccfd655d3129edaf1b6d2fcfd9587e,b63d4c8dba0e86cf05369fac053b1f5aeaf853a391bf8777b84a93d364c84fc7,False
2019-12-09,2019-12-10,v15.1,complete,ncar,"{""ncar"": 50}",50,0,0,188.54,23015d6a795b20c2fe30e3a78184789854d8a0943575558b130d8ac1be68e4e4,1d97d95665b2842f5316aad2f0495d1f03ac0c09501fd809d0ba2159e8a33a04,False
2019-12-10,2019-12-11,v15.1,complete,ncar,"{""ncar"": 50}",50,0,0,125.89,018c7a5b1181c5e72b1666f7e59893e7fd04818f4c44dba642d3067deee314c4,a40eb0790754d435d6a4199a58bfbc942b70480b94ffabb34be48cb0ca36906c,False
2019-12-11,2019-12-12,v15.1,complete,ncar,"{""ncar"": 50}",50,0,0,100.95,7d95161960c3a4ac38ed56bb0a443662007f09b1e2297bbe653c74f78e700480,9fb5ba49d3a80ba00abcfa0fd9ad6ea39bd5ec9cfb0a013a4b5fc3c6cc651a2f,False
2019-12-12,2019-12-13,v15.1,complete,ncar,"{""ncar"": 50}",50,0,0,83.35,23383e767807110a7a043d5bbe37302d3459bb9aa25b70cdea4d4068fae5e437,426939925bbabb5f6f0bc2bbea19ee40e23c3311c40978281b1c4821c719311f,False
2019-12-13,2019-12-14,v15.1,complete,ncar,"{""ncar"": 50}",50,0,0,52.41,056cd5542c1b17040a4c4c646d6f3be32eb65de2c7f4c7869432c8c7c92d18e6,cc8dfe7d636b631c30558da6e6d3310abd73099f22deddb5bebd7101cd78dfb6,False
2019-12-14,2019-12-15,v15.1,complete,ncar,"{""ncar"": 50}",50,0,0,62.53,865cdb430d42ba99ac8d851dcaa058b5aae47d903fad2489e43092716e3bd7fa,dbfe58a78a2c31060fac85382199c1cb1a82ac466b6381c56d055d52618d4316,False
2019-12-15,2019-12-16,v15.1,complete,ncar,"{""ncar"": 50}",50,0,0,95.61,9f603327e6a1d9ba7d1f5707b2615142fa538893e7ba878824fadea2951d0b81,92249f74e57f9c3cba6e0487a4e48a82fd4e0f58bd6d25edd874783f3dc3e8cc,False
2019-12-16,2019-12-17,v15.1,complete,ncar,"{""ncar"": 50}",50,0,0,80.92,4b36a6641b18cf1475cd48d6fbc5915655f2ed3e311e97ea6c949afdd0edaf5e,42fdb62aac0a0c4fc3a80d8d34ae38d68e9df62aa2b77358912ed04502e80942,False
2019-12-17,2019-12-18,v15.1,complete,ncar,"{""ncar"": 50}",50,0,0,62.39,d5d4b19a44c70767680ee831ee92bf33daebd8b3926c408861b0b0a051d874c5,67fbc0e2864b4316d8a610fe3f6297558f2c8aa1e0d3d2be225323af33301cb1,False
2019-12-18,2019-12-19,v15.1,complete,ncar,"{""ncar"": 50}",50,0,0,77.45,7b7401ad9376f94a57020c15302507e12c6da9005e209b4058cbec001a0a4cf0,9e0fadb5f4da75da494c6c37b44a7e6f0b38abc9275f33f0b41961f8d03ac654,False
2019-12-19,2019-12-20,v15.1,complete,ncar,"{""ncar"": 50}",50,0,0,49.27,aa70e097e180baaadc385e3056e662036238d8d061da5093b85c14c9093db0ea,cf14d87b67923c7bdabd1773bf171a59182ad1faf23f6ef6263d8eb325564498,False
2019-12-20,2019-12-21,v15.1,complete,ncar,"{""ncar"": 50}",50,0,0,78.96,c404e225051afa8b084e7ebb3dddef540bfacb4855cb9aae28aadb86898a292b,d39d5622b2357ffcbd698237b0f43bb7a932bfc907baeb9829687784000a8117,False
2019-12-21,2019-12-22,v15.1,complete,ncar,"{""ncar"": 50}",50,0,0,81.24,0cefe05d1df08dc38f663b0c56b5bc8768dfcc17fbfa2da514032156abcf5931,0ee5d1aafa304c0ba95131d84dd3f1b67659e8c4c8890964924bb8d9b12d8525,False
2019-12-22,2019-12-23,v15.1,complete,ncar,"{""ncar"": 50}",50,0,0,75.69,74788a2d81f670c3c4be235620bd32959398950fac5709ed379ffa2c68ecbddf,059d4df2658ccec21fce1734b8fff791137b578b2ec5286330e739f4ce5838c4,False
2019-12-23,2019-12-24,v15.1,complete,ncar,"{""ncar"": 50}",50,0,0,52.18,cf202a65ba1003aa4a94e325b505220718f0e5ad93863077421a3951d4590d2c,d496733addb5fcaaac335537ed233037dd9d3a5aa71e9c463b7a58b51db848e5,False
2019-12-24,2019-12-25,v15.1,complete,ncar,"{""ncar"": 50}",50,0,0,93.3,b9a02f9107e7b5e85c9b1d44d1666c11a52d5525b6b783605ef07f4f70b7985e,3a73d756bcc51997d6533c9a496446caf3661d2f659b08123b69ac8e72b0a47b,False
2019-12-25,2019-12-26,v15.1,complete,ncar,"{""ncar"": 50}",50,0,0,63.63,49e6bd80decca853ed5820b657561fd819da4f44f4df28d10fe5347ae20f40ba,c9fe7a4fbe3b56ec0e669ad5c1c698bc6b83da7dba3b1e2c0cc50734058b249b,False
2019-12-26,2019-12-27,v15.1,complete,ncar,"{""ncar"": 50}",50,0,0,75.72,ab1ee8339a6aa0e4db177154ad6047a26a2cf73cef228c4436eabed4ff7c2d9d,f20a725720c2cf237fd5b6c5ce2c826482dba761bf6b18ae4817ce211492eb1c,False
2019-12-27,2019-12-28,v15.1,complete,ncar,"{""ncar"": 50}",50,0,0,86.42,5394507ef3b3a8218d2de0afecabc1f068b38eb25d17444bbf7c92680aae000b,799ef1a39bec58b841fb63454e3d225a9b2608f2b241bb534f0c96054f43639e,False
2019-12-28,2019-12-29,v15.1,complete,ncar,"{""ncar"": 50}",50,0,0,80.34,e210323a219c528eb798667249624d2d31c76a3c12a109fbc687865244d2b111,e07b5484b6746fe809cbc920db4af38cf9739c9a6cd91b62cbf6ca22e419198c,False
2019-12-29,2019-12-30,v15.1,complete,ncar,"{""ncar"": 50}",50,0,0,61.11,f5fcaee2ebc19a9e67a58109d09ee3a5195b30a9fb772c96407530bb468ec7c3,fef5413349eb642654c966d68fbf82902badd67870c7d8080beba0a44e7d8826,False
2019-12-30,2019-12-31,v15.1,complete,ncar,"{""ncar"": 50}",50,0,0,90.67,2ff29d1e320631b87cdec83589a4072e5761a2fb4ba793920bedc8566d7b23b0,47df074280bc9e00d15076d011475ef643c6376da6433c3961c462fb9ef7fd06,False
2019-12-31,2020-01-01,v15.1,complete,ncar,"{""ncar"": 50}",50,0,0,60.46,efab7eb47f922b3e921b5e043edfae82eb84918e53f0532caa071ce3faefd46d,4762004c884773196c5ebe0e296a4f2cef30ee4aa6f8f21e908af7f909295aa1,False
2020-01-01,2020-01-02,v15.1,complete,ncar,"{""ncar"": 50}",50,0,0,54.95,a403aebb734edd8631760e7db3ac2f4d6366d2960ec346e987c39c14ffd8cd1f,6709f7dde256f0afc8e4c49a930166d1d47c02647e71d204d17414075cb9b319,False
2020-01-02,2020-01-03,v15.1,complete,ncar,"{""ncar"": 50}",50,0,0,86.69,e6fafe36a8f5e9b728206baef0d6d6b5a47074f989ad4fbdfb6c9817c7da3d77,47ad9796cf370f6d244be6717c4e0c9d079de9e0dacdce77c8cdc8d062bb2297,False
2020-01-03,2020-01-04,v15.1,complete,ncar,"{""ncar"": 50}",50,0,0,53.27,1060e2082120256a50dcc32dc2c439dc89c9213816f874eaec71a66b9b69733e,a8698f20e7e0971e1dd8854c530761cf354c1c30b51cc339e972b412b67024a7,False
2020-01-04,2020-01-05,v15.1,complete,ncar,"{""ncar"": 50}",50,0,0,52.94,5a6e1ea677930effba7d354ac96322320dd4a37cf939f25e30ce55f3a7dd32cc,c7015ff190de015617af56d891a4e0a0ab5e9ebb970afe22bcf677b555192e00,False
2020-01-05,2020-01-06,v15.1,complete,ncar,"{""ncar"": 50}",50,0,0,69.48,d42a84d5aa37a296f32feed5a4892f50e589290f60eae9c588b05c669fd1dbf1,d6d9b3761f1f1c7e8a388766c7a06c62d5384a538f7ee8ac72a6aca68a6a2202,False
2020-01-06,2020-01-07,v15.1,complete,ncar,"{""ncar"": 50}",50,0,0,79.8,1861df215eb9505708cd07179fee4ffa4fe06e1cc330a3fa9f2bf49bd2693980,045020c525070d2a7d8fd84be0fe3c96121ab082b9f9d1fb6f80497c05903c06,False
2020-01-07,2020-01-08,v15.1,complete,ncar,"{""ncar"": 50}",50,0,0,57.54,3989bc83c47665723405c3b91086bacab7c95410cb6ce44cdb98d1000ae0e7d0,d4740e0cb1cf9dc6577810679fc97fe0b31d9a6db3c90c6755297f1b899a2db7,False
2020-01-08,2020-01-09,v15.1,complete,ncar,"{""ncar"": 50}",50,0,0,86.17,6ab7aa05290b81a346dafbee2de56939537bbcd95eca54ade6d3bf48bbc51030,53566aee9c4b2ebf6e0bb9b3661e287eb54f3cf77eda4a55487f81b2c017425d,False
2020-01-09,2020-01-10,v15.1,complete,ncar,"{""ncar"": 50}",50,0,0,64.79,e386ebe3e9d6640d501430b65ad49c596bc1010801f893ff8a93b2777cdabdeb,43ddbb5c3c1ea65e8f121c47c557051e737f9d8b0fb4ba81a03a56af4e7b77e7,False
2020-01-10,2020-01-11,v15.1,complete,ncar,"{""ncar"": 50}",50,0,0,75.91,cc421ac398731963b461264905249a35ac5d40d83ed30d7b0c506cecb84a394a,be533eb477efa1deb179ce995dcb7240a3f431209d5cec9f108184f0dbfba834,False
2020-01-11,2020-01-12,v15.1,complete,ncar,"{""ncar"": 50}",50,0,0,84.47,8f9eb22712159e72204ae22a76b252918319cc9daa1a1e9e57a91e3b0196599f,94512efc3f922b9eb58988a4806123faa0d47151fa62892f60639d1aae7179e0,False
2020-01-12,2020-01-13,v15.1,complete,ncar,"{""ncar"": 50}",50,0,0,72.47,e6c948a0c2305b7c2e62cefcd2c1e0577708ed5876bd22a22e8978fd787d8271,f5e8500a88ed75f26e3d91b556cd3a0c4aaa9a944650a9e9e56f2fc818e29b3f,False
2020-01-13,2020-01-14,v15.1,complete,ncar,"{""ncar"": 50}",50,0,0,68.78,ee50f966006a20530d249eb10bea53047a34edf8c924afe15423a5d156d16384,b68827a979877956cff9939012e6c40269587cf72e3f2204fc2dce6607b95f24,False
2020-01-14,2020-01-15,v15.1,complete,ncar,"{""ncar"": 50}",50,0,0,72.55,624a563476bff11a6d94c5933c41c7b30668344b68c2a5e391afdc73709f8984,88578f3a6df2503a38135fbdc10c9db258c693e988e324de9f10203a87365247,False
2020-01-15,2020-01-16,v15.1,complete,ncar,"{""ncar"": 50}",50,0,0,61.85,40d1c549a0131c4e6828200403a60f27b12430259931a330ab2310dc01e1f560,6f2009834e3048e49ed4b1c979342857645fc236f38f840b9084082029bdd6e1,False
2020-01-16,2020-01-17,v15.1,complete,ncar,"{""ncar"": 50}",50,0,0,147.79,5b2a9be72aaccc40c7d18fdc050fcc1162ce368dc948c1166e98437523ab1f53,185cf4e4946bec67d39fe9f2d171f7247fe4f507299cb1f2bbc18492ad3f1eab,False
2020-01-17,2020-01-18,v15.1,complete,ncar,"{""ncar"": 50}",50,0,0,85.74,cd8addf1d8a30bb221f4417890d926120226cabf10479c403b204ed24cd1cbf8,eccb54c27f5cf937bd208a6e0bc53b129d6200aa3550912351a849159e1ab442,False
2020-01-18,2020-01-19,v15.1,complete,ncar,"{""ncar"": 50}",50,0,0,75.38,9ca035eac57c7c1224da717e7c44a08f4787901564f19e6b3fe1d12a0468b63c,02e3d79efabf94179e438ad89cd939264d0d14d761462bf48960c76689867c92,False
2020-01-19,2020-01-20,v15.1,complete,ncar,"{""ncar"": 50}",50,0,0,82.19,0fac34d33c58762ccd5d98c4fd83e3356294f153a6015cecc0e1005aad79173a,403fdfa988efea6bf9515ea153357bc63e8683902141f3c14a43d9ef81fe76d3,False
2020-01-20,2020-01-21,v15.1,complete,ncar,"{""ncar"": 50}",50,0,0,66.04,34c9e2c5b0e009a17f221872239a2d48b64b676d43dddd8d31a9fe0cc99d40d2,a68d8a77680f0ecd78a99ce2384b604f484e0ad698f82fc2c7f3d7f2d30fadf0,False
2020-01-21,2020-01-22,v15.1,complete,ncar,"{""ncar"": 50}",50,0,0,73.27,4688b16655366dc5fa7eeecdc9512fe07ba6d3f5376f54b46c009ecf351aefe0,878010619cdd88479cd08b7fef75d2a8ac32322dd8128cb1e8ee49e66d5ddb1c,False
2020-01-22,2020-01-23,v15.1,complete,ncar,"{""ncar"": 50}",50,0,0,61.53,11ea251251a867531ffccc8ece350fdfdcc92d7d348677240ffd9a439d6c8f1c,2189882ce4fb3e745d6c379a32368fe6b8ddb8169419d52111d4a05405933198,False
2020-01-23,2020-01-24,v15.1,complete,ncar,"{""ncar"": 50}",50,0,0,77.57,cfb9e6ec8c1efd971d5a1c3daa6d58895275325c2bbf9dc8a17b908af0652ae5,d76ca9ca70b14c48cb9e0b264c9d96e5ece22f2c2fe0d687a4f0a9e965369b99,False
2020-01-24,2020-01-25,v15.1,complete,ncar,"{""ncar"": 50}",50,0,0,47.88,e0e74b37146d7a49c66ed3846da16c4fb125a08632c2d31d87add36487f6563e,38c19afe7dfe00ff384277cf6389a6bea5529aff93e24c439d442e8f0eb93a73,False
2020-01-25,2020-01-26,v15.1,complete,ncar,"{""ncar"": 50}",50,0,0,71.04,aaa26767769297c896079489629e4440781c02c79628aa452d66183d1decd42c,c035cd49b08b97e4f2111eac2dc159a8c02485f0d69cf3f5c4edc6f56b8986ba,False
2020-01-26,2020-01-27,v15.1,complete,ncar,"{""ncar"": 50}",50,0,0,77.47,e8504a4ad1cd13fe29441e600196257cc43d2e7d12e60b8cf02bf097f5a9942d,c8bf792b126a71c9e357a0e3de08c50f99f2bc09499341dbd27034814d32a210,False
2020-01-27,2020-01-28,v15.1,complete,ncar,"{""ncar"": 50}",50,0,0,58.18,7d81e6f20faca108ed133c7cbc3af17a3a3cdb92eb8b9ce5bebe952e10ddd3e1,e1dc4258391b7b1f3096c60176107a896e18358b61f3fd27d0eee3e7f2b05c26,False
2020-01-28,2020-01-29,v15.1,complete,ncar,"{""ncar"": 50}",50,0,0,85.44,9af76c67fcf394f4308f0726ee7855ba4891a90958271c3f67a476177d9cbc96,620870fdcdf38905b73feee05a970d0c0d0f0f73314b0290cb4de65b83752f44,False
2020-01-29,2020-01-30,v15.1,complete,ncar,"{""ncar"": 50}",50,0,0,72.05,12b42d20182abbffccd676c4fd4aeb059000fb388b849f5466013e0fde0c80af,b2adeab576f01ace8775a3394fbe09f271c84ad1f06082c8d61c8a31b345d95c,False
2020-01-30,2020-01-31,v15.1,complete,ncar,"{""ncar"": 50}",50,0,0,58.81,a9f841837e2612816a37a95c0e8e185eb723cfc3d83b74f200df09d4b9ba6986,146e5e8e33469457de9440d0b7a9e51d1589e703d1aeb69ac9b786d9d7e297de,False
2020-01-31,2020-02-01,v15.1,complete,ncar,"{""ncar"": 50}",50,0,0,55.0,90e53ffa5cd32bf86049664f4aa64b26421789b5dbfaea848ce70d79bbe04435,313e54dbcd4b36fd63863fe684e2bb67f53aaef18dde6f65594426d4c1361fbe,False
2020-02-01,2020-02-02,v15.1,complete,ncar,"{""ncar"": 50}",50,0,0,63.19,00f01e655056aa85113878dd2cf81ff0c64bfc769a199543699bb1456f06ba09,49732337b2f1858590d365e704662992e21cd839ac53d557db194469eabec9a9,False
2020-02-02,2020-02-03,v15.1,complete,ncar,"{""ncar"": 50}",50,0,0,92.05,e95f20f1d42d57d04df3c8d917860eac6a6e2a176bca4b180d150e649ff8ecee,ae5e9658876869dd529baa9c9b19777046c69908e78e4b238462d64fa2e33d86,False
2020-02-03,2020-02-04,v15.1,complete,ncar,"{""ncar"": 50}",50,0,0,65.59,b169122fa752cc31dfab5489881fd5451cf8e30f56eaae7ee5058a378d2f84d3,81460d6ddafa85213dfbf7a2e514475d18a8ebac1883af1670fd59f9162463d8,False
2020-02-04,2020-02-05,v15.1,complete,ncar,"{""ncar"": 50}",50,0,0,88.7,2ced69e84450db922624b4f25a1dd302f4fa9eb797d26a2b5106d71cca230898,a3aa7a438596695b0fbd66aed6395fe5d4b046f6f4d0d31d11df638cdc83d38f,False
2020-02-05,2020-02-06,v15.1,complete,ncar,"{""ncar"": 50}",50,0,0,64.35,a1b13cf33b2beb92389032b9333c0348fc1dd9da48cfbd0dcc68875dbb26937b,393a693e56c7afa282e4be9afd1005167ca022823e3b88df27b7ee74689b5a2a,False
2020-02-06,2020-02-07,v15.1,complete,ncar,"{""ncar"": 50}",50,0,0,83.64,e79cf7146b86f427b114b297a151ce6aec2d0ab92692b658c616f27ea161c825,605c65d0d72ab43a57fecd4125e7cfc31a203b39e0fa3d50c8aff17fb391b69b,False
2020-02-07,2020-02-08,v15.1,complete,ncar,"{""ncar"": 50}",50,0,0,94.63,e6d1702654d099ff3c46296fd5d75503ddcd3107ffddfb55388fb8f14076e47e,78fdaa88c1e072bafb7e3dda2dcd20f7195d47f4806a052d824b2875b8889723,False
2020-02-08,2020-02-09,v15.1,complete,ncar,"{""ncar"": 50}",50,0,0,89.92,3903c16ff88bd170925e8cff1f05bda26eab381a5eb6f4157201695eb5ec376b,ba9433ca0ec1558559c4bec995b8e185cef5ace69b980648091ecf371dd4b163,False
2020-02-09,2020-02-10,v15.1,complete,ncar,"{""ncar"": 50}",50,0,0,86.48,30ecd1d1b41cf58458296f80aacf5e442a6a886a213b0b35325bae2e5c7a6b40,169dc557a4bcfd4d98aaecbe0d05a7fa17b703706e9460df3f820a278614ddc3,False
2020-02-10,2020-02-11,v15.1,complete,ncar,"{""ncar"": 50}",50,0,0,81.63,2e1a9457f401924aabc41aa0ecf9ab0ba033afd43f4bb0f8142d05d1bbe76724,a6f9b98e273554c437e3517e475dc8cb143124444da351b19459857efef9882a,False
2020-02-11,2020-02-12,v15.1,complete,ncar,"{""ncar"": 50}",50,0,0,66.97,7449f44b2492b436f34e59d75619f2cb99055b27b6938a112bbc7cf4bcc9ca4f,f4efe61bde77d1f6a4832f41d253d85018fc29abe8c862dd21c8a1a25eca0e17,False
2020-02-12,2020-02-13,v15.1,complete,ncar,"{""ncar"": 50}",50,0,0,70.01,bef69e3c68e699debb24e1210e80d3ee0b3e8f521693ce6e8113ec735ca7349a,5117e89de90969e311d703a77236191155c398db1e7f49b9b704ec4980d9b838,False
2020-02-13,2020-02-14,v15.1,complete,ncar,"{""ncar"": 50}",50,0,0,254.58,cbbfcfc5ca1a572484b369b181d4fd3eddbfdc89556286c8c4b99408b5a74ac1,0c6f343e99431c8caee8bb6be163eefd87a75868e0e9f315119a2c5ea287c5b8,False
2020-02-14,2020-02-15,v15.1,complete,ncar,"{""ncar"": 50}",50,0,0,79.7,684ccd74a93b39de95a646258dd6dac3f93f23042f267a468fffeca37afea425,77e36cca752dc971693a7ece2e430b5198113908ffd69604d69d4c807720076a,False
2020-02-15,2020-02-16,v15.1,complete,ncar,"{""ncar"": 50}",50,0,0,68.37,2cd6e096a7eb3557c1716db4af8b4c9764a9e9adab5cfbb7c7aa68ee873df4b9,2b172ba123f7940cd59b0b50617e602b87972600358095358c560a9ba26f538c,False
2020-02-16,2020-02-17,v15.1,complete,ncar,"{""ncar"": 50}",50,0,0,78.43,730d3e36687b7e252c8aa319a6bcc5bdd8c1488a029579e4048056f8a077bde4,a369c8480d1a6c63ba27521a11b3dafa07708d13aeb13ea7c20bc4bd44b3364f,False
2020-02-17,2020-02-18,v15.1,complete,ncar,"{""ncar"": 50}",50,0,0,51.04,0218fb467e6e3ad19d6f7e0f2b072cf46d769056d4c6b776b4f49c8efcd7f910,1a4317437a138d173226907c21045fc7aa08b36da4174b7d869b9e3eb7e82844,False
2020-02-18,2020-02-19,v15.1,complete,ncar,"{""ncar"": 50}",50,0,0,62.47,0a3502055321efeec3bc39fcc2e24a9513918a6d044e244ade3745ac197f7821,d9de590a0bbcf6c38f0539911667f66761781cfaff284842d8c24ec55353272b,False
2020-02-19,2020-02-20,v15.1,complete,ncar,"{""ncar"": 50}",50,0,0,84.27,dcc4c54ce609a47e973abcacefafb5f492b4fd35be98a7059a2f7ac806ee9ab5,a7c041fdfbce3498484858112d0b713d387e342d05dc298fa4180295c3191272,False
2020-02-20,2020-02-21,v15.1,complete,ncar,"{""ncar"": 50}",50,0,0,91.23,8dc5e0c69d6a17bb7aff930873197c9897139e517c765c706b7e51b546dcf44d,fa5ddf193e0312e8e5e6c54c8f37f0096a076286faf906ae47b533cc4dca9be3,False
2020-02-21,2020-02-22,v15.1,complete,ncar,"{""ncar"": 50}",50,0,0,97.69,e7eb2b19b043b91acf71f1ec203ecd6bc4cb695b8b8897ca1fd9e7d1b7ebcd22,dfd5504b6860bd0b9f3cb95f4a3fb41e5627e0dc4f24bc86ac9ff3a2c4fb1c4e,False
2020-02-22,2020-02-23,v15.1,complete,ncar,"{""ncar"": 50}",50,0,0,103.46,455ee6afbd1dc51e050ebc4ddf2763e23258f561bad4bba50d827a79926475c4,730da422e9ed00d3bc0d3161543b8e8a9b40cd9f7f622e616f31c5040eb556d5,False
2020-02-23,2020-02-24,v15.1,complete,ncar,"{""ncar"": 50}",50,0,0,72.33,f9c9875bf810ed707ed14be5a07e983b1caecf9aa939aa379f481fb50a41e329,d3c94e20780a243e5ac9fded6b8e885c1f4c99df8ceae1505b7e18c586b8d258,False
2020-02-24,2020-02-25,v15.1,complete,ncar,"{""ncar"": 50}",50,0,0,79.65,893df4fb6b7f97166b8faf09e0d72c03fc8dc1b73d8aa084833010cd986d06a1,e1535a631b703880cdfdae480c4b524791aaff48c7d257b9e9caed8f9e1ead71,False
2020-02-25,2020-02-26,v15.1,complete,ncar,"{""ncar"": 50}",50,0,0,82.8,5461d17b965adb712a0d32402cc5bbf21712ba31c87756c33228f6597657b4a5,8db700be6a771fdff3129ed1d860a776d3435f2c19ac6df7ceb5e0bf92e50af5,False
2020-02-26,2020-02-27,v15.1,complete,ncar,"{""ncar"": 50}",50,0,0,93.95,24ef1c4d9a62068c8793de74a1016b8b6f6cd0f47683b2246a5a8691e96250f8,92f2a4b3d91789169aa2ba24074f18f5c07201e73ef6c86bcdda784b1c83b118,False
2020-02-27,2020-02-28,v15.1,complete,ncar,"{""ncar"": 50}",50,0,0,83.89,4e28d8e026216dd843b60563e111f35b1d277834539fc069a3bdbfd09cfd9725,e85b2dd67c21c06a97d27e2fa86016801fe4c613a944f84434e7a91ba85cb65b,False
2020-02-28,2020-02-29,v15.1,complete,ncar,"{""ncar"": 50}",50,0,0,80.52,2ba085f19b09b8f320ae76c371a6644be16f777fdc213f6171c2934f634c318e,076c0582a3de0dda42a86682dbe5243cbe51229f7cfab880023c77760be15063,False
2020-02-29,2020-03-01,v15.1,complete,ncar,"{""ncar"": 50}",50,0,0,76.02,bfec86719abbfceb773f9cf7ee07e3df2e7571aeaa92badb5dd2cdb193ab8196,a366ef11ee83224b2e23912bc090666b3f684dd52335b177a8529d790cf74a42,False
2020-03-01,2020-03-02,v15.1,complete,ncar,"{""ncar"": 50}",50,0,0,80.93,b222fa060fb4b4dbc1b05c835faeabc0ec15b1677a6c34443801a42fa49dfd2c,f33ac23c839e19d2efa998944de167afafb83d8dc3b0327e4ab514bfef7494f7,False
2020-03-02,2020-03-03,v15.1,complete,ncar,"{""ncar"": 50}",50,0,0,73.25,5b1d72d9ff19c755ce7803bef86112ec97894ff8db5c1f5ed9dcaf4d9604c17e,e17b3680d2c2d23fba534d6905d213c050a6660be635531871479ed3c7cce9e2,False
2020-03-03,2020-03-04,v15.1,complete,ncar,"{""ncar"": 50}",50,0,0,78.61,8d1efb8955c5f853f92a034a6590babca6ca32e8ffef1c868eacb77a53d82d2f,2bc22eedd0b469a238206621408005722d4e5191cbba6c3297d53f3844dd8d5a,False
2020-03-04,2020-03-05,v15.1,complete,ncar,"{""ncar"": 50}",50,0,0,57.84,a422c297dde52357c671f7d2d8e3e26aa1a88db211576f86898456035a838c30,1a5d9d1dd1705bda65c56541ebb432c03eb19cd13468340b25c6d1ed4f18ad48,False
2020-03-05,2020-03-06,v15.1,complete,ncar,"{""ncar"": 50}",50,0,0,91.08,8c38878c26256829287ec92f0d6c67af6a2dba6a1c0b7f9551b6498ab9f80795,a570873d06b191282d500f02b0fab22118e6406937f87c7295fa3a86a9720de7,False
2020-03-06,2020-03-07,v15.1,complete,ncar,"{""ncar"": 50}",50,0,0,79.05,7f5157c715f31b6c13cb587c4317941fcc78d38a3b2574999a26d3f8af00d4fd,6359e053cf19de87a60dcdc50682d507d5ff3b9b2c3dd935e8819d33fe072909,False
2020-03-07,2020-03-08,v15.1,complete,ncar,"{""ncar"": 50}",50,0,0,81.9,ea97b0e4ed388a4ab6dba89b13a17e9f6258940247b1af38745fe09874e1f734,0eee3010b578518003bd53088083ae7c07cc0d183458e7f63a0c66c385a5f47c,False
2020-03-08,2020-03-09,v15.1,complete,ncar,"{""ncar"": 50}",50,0,0,98.13,eeee39f71a08d780cb4f3d5bb8dea777b4423198c65206dfdacd6124d45a0521,4d0fe0ac024659a203b71a22ead3256435316591fbb8e490d5b88eb49aed72fa,False
2020-03-09,2020-03-10,v15.1,complete,ncar,"{""ncar"": 50}",50,0,0,87.41,f8f2ffa87dd4b5dca6cee6422214b61c7fe041eab79f611385b396032fb6c98b,8e864bffabbe9809661387b9c4878108e844d0065aad39ab1c16697167767829,False
2020-03-10,2020-03-11,v15.1,complete,ncar,"{""ncar"": 50}",50,0,0,66.25,0ba5ef2f1a68fa84b10ccd0dafd74cfc4ef5e79527974c8793f50c695b87e167,01960f8e58be12488f8ed2ab427407fa05cdacea551dde1b5eed9e1649b1dafd,False
2020-03-11,2020-03-12,v15.1,complete,ncar,"{""ncar"": 50}",50,0,0,95.49,f9a210756657ce1cf48ed23899256861ec1746d3a50d6ad44290cb2633164b7a,f3dea5c11b5a87938a7b5a6a168d600c844c2bb0c603c1e7aadb075e0ec658e9,False
2020-03-12,2020-03-13,v15.1,complete,ncar,"{""ncar"": 50}",50,0,0,80.91,7e3c884c1f15940045b06ad7b0f1f07fd26aa28a5b32f9cc15e22892f248c18e,c01e7ae69ab313ad117bdfeac36fca40a8d2176b477f671281ae30f9233ebd93,False
2020-03-13,2020-03-14,v15.1,complete,ncar,"{""ncar"": 50}",50,0,0,72.68,ea9ec588555213871bdc5700374448d4cb6d59500d1fd285eca7ae095a285c15,ecb012539a485aea3c30f64d879a81e1cfc05423fd4a543fe4bfa45be664cd63,False
2020-03-14,2020-03-15,v15.1,complete,ncar,"{""ncar"": 50}",50,0,0,93.21,f525b7bb7332b346a0e97b5d32864aaa5b24d36af7407f4fafb92c7814188edb,6b4a4d0c8a57caaa91d90e1e10d61eec3967e981ee9c2a4b23e3529bcb70cd20,False
2020-03-15,2020-03-16,v15.1,complete,ncar,"{""ncar"": 50}",50,0,0,96.78,10a3cb3729bba87eced62388d35f25cf0faee422def87cf6b34ef6b9323c8e81,738887ba8da4f9819139ccaf66b9e69ab0d766be90b1de4aae4e80b003832c58,False
2020-03-16,2020-03-17,v15.1,complete,ncar,"{""ncar"": 50}",50,0,0,102.24,403d3de9afc923230392e35cd924e0b112b9756d97c6763f4d0955faaab5a53d,ae0cc927d40fe8dd681155f8311ef3353c6cda482a7ef4205fd136cfce847041,False
2020-03-17,2020-03-18,v15.1,complete,ncar,"{""ncar"": 50}",50,0,0,76.27,eef21a01ff1f7b1b645e3472e9f92bbb0e09fd7f0f420f29b6e6e2aa94d017dc,5d483319d0f9bbedb15ec8b56aee807112767b677ccfdc403f54e1a57a92d602,False
2020-03-18,2020-03-19,v15.1,complete,ncar,"{""ncar"": 50}",50,0,0,73.59,1d22b68a718e6c319121fbd908e2cea50470b03c937c7458d18b23035e1aa095,b59bea90f1780cd989a133e2d254cf23fef37cf5a5582682a2a9321576490e33,False
2020-03-19,2020-03-20,v15.1,complete,ncar,"{""ncar"": 50}",50,0,0,82.92,6095e6d5a92ac4efe5dff7b60fa9cf3a0136523e00cc70e0255d7e7e9070fc63,85e9db77685aa6011bcb0b0381ab27d10115acb2377b44b75c4f074ff683a177,False
2020-03-20,2020-03-21,v15.1,complete,ncar,"{""ncar"": 50}",50,0,0,80.67,317b00e2bca4e71dec4506e105c65b670b50cbaf93923c1640b989e734356cc6,38d5c4f9b91437426e4487fe68961c3e2017d400d03cdaf58046cff4a07f0f5c,False
2020-03-21,2020-03-22,v15.1,complete,ncar,"{""ncar"": 50}",50,0,0,91.72,ef058f9f9ad6c64ab99dedcbb36aa943f07a3fb53176731d13586bb5feffd155,a1f080a35330a8d369203c05e9e1046f1ef392979a90b4becb978a5f96607a33,False
2020-03-22,2020-03-23,v15.1,complete,ncar,"{""ncar"": 50}",50,0,0,77.16,ac3850edc5cf2bf385c8a6bc5e6e684a7a153e76b86ae6bff2ee261ec25fb47c,629d1fc885f825af3bc5ba4d8af1b026f25b2d5d329f64eac5013f3bf94627a3,False
2020-03-23,2020-03-24,v15.1,complete,ncar,"{""ncar"": 50}",50,0,0,81.98,6ed17861d4e4ab495aa499b47ca0eac7ee9638d3e3e44425c740519df0fe1125,7ac835c94d9833e403871140fa94012d114eec807ab11d63b7a88cc69c95c751,False
2020-03-24,2020-03-25,v15.1,complete,ncar,"{""ncar"": 50}",50,0,0,71.93,d7412af62de84576eb0a4e938786b1725c64931b3f57b594ba166a676a7712fe,e993ee210e83964c7bf6ccae60df1458008cce31d2390ca6ac0a33a33e8ffb40,False
2020-03-25,2020-03-26,v15.1,complete,ncar,"{""ncar"": 50}",50,0,0,78.25,d079dd13339dff124b83a130a8e30f5762f140244f2bb482ac7fe6ef7d482bf4,c45acf36fbcd8d116bfe7e0fedf401c760d73c5c69e6967f6cee9dbaf1fb1bcb,False
2020-03-26,2020-03-27,v15.1,complete,ncar,"{""ncar"": 50}",50,0,0,77.48,6a2e487d65552668a4ccc965a992dd740b82917547bb208a0a282bbe060451f2,5c557af557195beb2ad633e68b3895071145ebd88d88cfaddfec48ec0a455b75,False
2020-03-27,2020-03-28,v15.1,complete,ncar,"{""ncar"": 50}",50,0,0,75.72,2c0c28002d753730ff5b4c67cc44261ca67c55a0c324c4dd9ea1043400e57c56,cf1750bf431fcf61739c8aa3f6cf9f3e706a28ec8162d5bdeab3241d230af7de,False
2020-03-28,2020-03-29,v15.1,complete,ncar,"{""ncar"": 50}",50,0,0,61.86,b40d44d6c3ce32931db124094963905bebbfc3ffadd8cb0d3a5295947521b746,5d73300a80c7d36f4fd21dc09bb718b53adaa7717b40fb7423d8dd3b20279afe,False
2020-03-29,2020-03-30,v15.1,complete,ncar,"{""ncar"": 50}",50,0,0,47.37,08d3ba5602cc47819f713895dde0a668b3aa7d3a8c70aeb252498480d0f1a02c,7afaf634ea427ec18294a9c36109f1d167980795da7b85907e724cdd3c815ee8,False
2020-03-30,2020-03-31,v15.1,complete,ncar,"{""ncar"": 50}",50,0,0,64.04,247bd80363215b7d57b94e31112f30b64f533c54dea03741d6d49b52736287af,b8d0f4ab1506ad41ed2161f6536c6ffe279cdeadd867acd4407cb982bf65cfbf,False
2020-03-31,2020-04-01,v15.1,complete,ncar,"{""ncar"": 50}",50,0,0,80.73,a29b3060db4dccd89d82bbef2eaf57b4e04560194e58235c32055a1e60dc28c6,c6fe441c1924457491122bfb0505f38b2b2de01285676d04a99ddd2193a8d9c5,False
2020-04-01,2020-04-02,v15.1,complete,ncar,"{""ncar"": 50}",50,0,0,100.08,a21fae9d6592f94d15aebd364680ca2647892eaf506ead10606ac0a9a90d17c4,b58f7103326cf36fa8d586524a7c2f92e3a36917ffe8b0032225ab8335b52825,False
2020-04-02,2020-04-03,v15.1,complete,ncar,"{""ncar"": 50}",50,0,0,90.34,bc3b58491b4d18fde0049f21118ff4f580d3b40995809f4b9395df837b4f9eff,bb6b9d136367bb21f0ff8b64f89af50b90940f8c64d9dce1c2b5453f5715278b,False
2020-04-03,2020-04-04,v15.1,complete,ncar,"{""ncar"": 50}",50,0,0,71.48,f1fac811a99cb2753865b9067b5cdf70599bf138387e07aaed0f64d39e70814f,cb8df752dd5b01e2cad8be193a279726823c83595fee65ca7fc94b31651dfe77,False
2020-04-04,2020-04-05,v15.1,complete,ncar,"{""ncar"": 50}",50,0,0,46.08,a9bf7416793aaa0a221ff307e447bc247d126ae4f3ba901dcf99fe5e1a316ce4,a39d767d22d1ffeb6fb01bdc0ea65b2fdd30fbc267f86914de7082252e56d667,False
2020-04-05,2020-04-06,v15.1,complete,ncar,"{""ncar"": 50}",50,0,0,167.96,c806b719cbba9c6d98a6cc0a72e318ac827566d141562489a40246b65752f232,9052354a2e94582621453c3951fdc3e91c755bc0f01a989674cfa8afc6a64095,False
2020-04-06,2020-04-07,v15.1,complete,ncar,"{""ncar"": 50}",50,0,0,63.12,e22cfe7d9ce5cb188f33713f6b6bec3ec6bfe3b0771e36f78281d68db3c90569,1d452cc697014a9b23144714a5e4ae8fa2f6c136b6158f69b8b41d1a8506c125,False
2020-04-07,2020-04-08,v15.1,complete,ncar,"{""ncar"": 50}",50,0,0,65.93,f4b106d65c18c331e620c8cbf8bda13bd5e75df68a3dea55d8da5afdd346e5d3,a1e1a1920f088e60f2e329a2e6cb03e8d0d152d4c8dd7c632361804683a66ae3,False
2020-04-08,2020-04-09,v15.1,complete,ncar,"{""ncar"": 50}",50,0,0,262.66,d193b7e11fe1b8fc97be35ff22a888747182bf6450c89614116b79f705a7f84f,95bed397e9579e1685499c4140faccbf386aa270d9bf540d68b0d60954ead449,False
2020-04-09,2020-04-10,v15.1,complete,ncar,"{""ncar"": 50}",50,0,0,240.82,ab862a535eeef6c324d3ac0e60ea6487fdef87e3a02436042552bfb83252b8df,1f4da1f57fefa5e2d18005e9a7fd235f2cff1ae9f4a3720ff1924c53f8709ae7,False
2020-04-10,2020-04-11,v15.1,complete,ncar,"{""ncar"": 50}",50,0,0,210.76,b2d03bdd2a6c2cb6321dc1a3f4288bc230e99da02613af6af2dd6e7733a110f8,f6247ca19d73793d10341d74214c457a4424c637b13e44481caffa6947eab1f4,False
2020-04-11,2020-04-12,v15.1,complete,ncar,"{""ncar"": 50}",50,0,0,114.79,c17c579050a0dea0288bf2c35bb0ecaabd69dd3cc2409c7a6e5a89c49f8c26d6,b4089bff7fcd941ef5af2d417dd6c5572e7ce0a1c9ffd3615db781956b8780bd,False
2020-04-12,2020-04-13,v15.1,complete,ncar,"{""ncar"": 50}",50,0,0,104.01,e71e8ae27853f5d91edbc18468de2807e2cd876c9dae35cbaddc45c90b896cde,f232edb43d15927ea896bc6dfb471f0a5736b58c551d33ecb6c214628df6d381,False
2020-04-13,2020-04-14,v15.1,complete,ncar,"{""ncar"": 50}",50,0,0,45.92,e0fbbb094a31efd2ab249767248a8ec118b6e37b6227a0cd2cd6d4c16503eb1e,a979c0a0f33475a0d252fbaf158a6b6c0f7ef1cc66e3119da659f7fa6d564c69,False
2020-04-14,2020-04-15,v15.1,complete,ncar,"{""ncar"": 50}",50,0,0,71.05,173485cfa7f37e59e8f4858d9a186a944130653771fc92137540cc3eccbd013b,a47cb1d2f89665bbe81bf5b1b3ce702d480faa9191c6fda92a75bef45d07f013,False
2020-04-15,2020-04-16,v15.1,complete,ncar,"{""ncar"": 50}",50,0,0,74.01,97d2469f6005b5fd09a94b550e8e42bd27feb3bb914de88fc2729801be0000a7,80cd9d9772d3b0ac7d19f759c5bb6e42bf4ef813bd36eefd0797c2383c9c8174,False
2020-04-16,2020-04-17,v15.1,complete,ncar,"{""ncar"": 50}",50,0,0,57.75,b281ecbac2489b3755a87992455ad323cac0e0d7aa659839db1810268c15ff4c,9e9130f4fb70510dd16b51c2ce8c0005e67eb057a6864ddfb54ea1553eb7cf3b,False
2020-04-17,2020-04-18,v15.1,complete,ncar,"{""ncar"": 50}",50,0,0,77.79,a6fb5550722b9a1bc142a3a22ed251c0b25916ee69a9cb8043fae4b9f642b5ba,d21dbcd22b4c5e98e4a6b6ba318e2a0ab68a601b5a25e53419b00a47f64b9c73,False
2020-04-18,2020-04-19,v15.1,complete,ncar,"{""ncar"": 50}",50,0,0,65.3,f2ecde5849a12e32882d2cf6e1c8f1ae589b8285c58f330c23758a3e57313504,2fb79cf28551edb63f3b4baca40f4cdbf5e8f8d067e1f3bbd735a3ba4b1bd9a3,False
2020-04-19,2020-04-20,v15.1,complete,ncar,"{""ncar"": 50}",50,0,0,88.14,27430f2ae1db4ba73945441efb06edb7b52ff3132d23fdfa2df0db860a83c9b5,101c48957004fceefb5f7a6ca037c851097c17aabc3dff2bc5523ab5dc319196,False
2020-04-20,2020-04-21,v15.1,complete,ncar,"{""ncar"": 50}",50,0,0,69.81,f5ede39409d579b34336a97449385dcfda1420cfc17c87654c885a7c295ffa74,c27e95e1fc1b40c5b608ca6fbd516ba19127828d1d22853aacfa94c03d818ccc,False
2020-04-21,2020-04-22,v15.1,complete,ncar,"{""ncar"": 50}",50,0,0,74.2,23da086685d0c22fefec17db8934faba70ed03efd3b077450e4c1dbcb99c93e7,a41ffcdd16a438b94338aa674b96b09b8b51dc8136c61dce1792a006e853494a,False
2020-04-22,2020-04-23,v15.1,complete,ncar,"{""ncar"": 50}",50,0,0,90.04,e2f53602dee1b6c64d6ba071d061d578f9c18622cccd32f6d4f25bd72acc65e1,dda1258e98e56a468ada87f3959b00ded982e10e770231d356de586eb0b8d2a8,False
2020-04-23,2020-04-24,v15.1,complete,ncar,"{""ncar"": 50}",50,0,0,71.39,97dd396b91071fa2af9b0f08323af70b898dab8261a0b72ae46ae6e3b0f55765,bee2bfa15cec380a50402d98b8f618a0564498e2f8e24159b3ce97ec58c2c55b,False
2020-04-24,2020-04-25,v15.1,complete,ncar,"{""ncar"": 50}",50,0,0,71.56,d36a0cd9f4ce76011bdd5b4bd1f247d63f44cd7a9b7420b38fca59e8197f0c0b,eae86b37891bd0c0f71203867593826e2f1475c63e3616d43f9a24d26027e081,False
2020-04-25,2020-04-26,v15.1,complete,ncar,"{""ncar"": 50}",50,0,0,65.4,ab225e6ccd04f137963549619ed6dedaa893a11be01e5089b881cb2aaf3074ec,246fbd055287b08f0acb8f42e4630cd8fde2aa6c6e197304f0127e5717a1a3bd,False
2020-04-26,2020-04-27,v15.1,complete,ncar,"{""ncar"": 50}",50,0,0,64.78,8e289ae68e17a1b2bc1203440ba32a54d4108a8b4e6a7e71edcd7293e4dc7400,a5cd2d927812dd3cd30b61f27a079c6d4dada0f378fee5e2692af20d813e1b41,False
2020-04-27,2020-04-28,v15.1,complete,ncar,"{""ncar"": 50}",50,0,0,60.32,746d1be150af8ad25a28867ea54d0fd7a9306275ee0e39d086649d9257127cae,eda5f18133d0245d4cba01b003b2b67f6107850df2631293bc2b8a177b96abb1,False
2020-04-28,2020-04-29,v15.1,complete,ncar,"{""ncar"": 50}",50,0,0,65.22,fc2bdef55eb8a0aa1cc210ae82220d5d2fbb0db75a78ef62504a79f3874db0cc,74d04f29bbc3446e1e3fd0199865cf7bb3364e7d8ced7c39f24ddf9fc484c91f,False
2020-04-29,2020-04-30,v15.1,complete,ncar,"{""ncar"": 50}",50,0,0,96.03,bad846b13b2f766ab7c5cbabe28a82274d5721e1b6170af07dcbc98aa2aa2a4f,8824af3c3eec5ee337673e2698c05a2d6cf9dfb830106d6745ddb5063f77ab34,False
2020-04-30,2020-05-01,v15.1,complete,ncar,"{""ncar"": 50}",50,0,0,57.24,7918b872a46c4bebd34f285abdc57d71a495c62dcf19233b12f1c7c53f2a0e81,11e389c4f289c5f5bbf276aa846466c59dd096dc4deb484a71ed58d22ad3269d,False
2020-05-01,2020-05-02,v15.1,complete,ncar,"{""ncar"": 50}",50,0,0,64.52,16671b7ee29b2b69bdeb0c0a29348348907a3b839856630c2dc0b7fee835ed6b,74771f4edef93e613887f0fcb6b61a3f18ec6162981d4a4bc1a5b6323d20b941,False
2020-05-02,2020-05-03,v15.1,complete,ncar,"{""ncar"": 50}",50,0,0,70.56,8a124ccbd01c4abe831289b11b871736142faef44aceaf53a50d024c224c3f03,02ede06840e32a7e449ad679c7e4927326ed73e0e7663a33bc874e433d20c32f,False
2020-05-03,2020-05-04,v15.1,complete,ncar,"{""ncar"": 50}",50,0,0,58.17,88914af019bde575c1380ef2351abebc452bbcf15d08befbd064c76b4498f555,04f51f804e8ec8e61de3ff03a1661cc140f23e7c89508fcf868de3b3a82530fc,False
2020-05-04,2020-05-05,v15.1,complete,ncar,"{""ncar"": 50}",50,0,0,73.28,8cfb36d67eb7acc3e410c676038df1da8c09a361006e02ae3f51efef147cde7b,13d0f03b78b1d071e7feffce4c33dfb853441ca3acccb0990f3b238466d021fd,False
2020-05-05,2020-05-06,v15.1,complete,ncar,"{""ncar"": 50}",50,0,0,69.81,75ceb12fb22e54fbc746b25e4c2ad8116ef17ce9e47c8be60ab8491d0116b1c2,b3573fdd1faf7465893a09e87f0c46eec4fb7cd35bc08e992793de3fa19dce4d,False
2020-05-06,2020-05-07,v15.1,complete,ncar,"{""ncar"": 50}",50,0,0,90.25,5cef609076535fa8f161173d6c780e11516081107521ee13e8d44fddb5ac04e0,e450e2255a1999d5c30cff8b113c0c7c26ba0368e270517b035a872bf3465294,False
2020-05-07,2020-05-08,v15.1,complete,ncar,"{""ncar"": 50}",50,0,0,72.12,ccee9961c57365d7f66ca03b1aa5b049233fdd2a8f875d5753f4b83a10f18b74,3edc153656b01194e1ef96389acc81cab55e4068c5cb1b4154c3166f90d6d848,False
2020-05-08,2020-05-09,v15.1,complete,ncar,"{""ncar"": 50}",50,0,0,80.61,c62b7936db15598b657dad6cb338568ce0ae0d9bfc2537c06a3122322c5e8801,913e29512fcb134ec0d25f0f56e26696452d5bb2d145de61995921ec3b698b47,False
2020-05-09,2020-05-10,v15.1,complete,ncar,"{""ncar"": 50}",50,0,0,91.73,e59509f44e262a22cdb3ff5b9926dd503bad311a764f2858a03fa7019f648dac,33861e9a62fb4679d7b8bbd0bbf880b4baab1038dd5de193a9ceeb3585c82213,False
2020-05-10,2020-05-11,v15.1,complete,ncar,"{""ncar"": 50}",50,0,0,71.9,8d9221740741f62e9b93311a1559265a9dbf99da472eead63648e465b0faf1fe,8f13a8415476423d5bf1cff03e68c3fc9c1740497486ae7846d9b35c29e924e4,False
2020-05-11,2020-05-12,v15.1,complete,ncar,"{""ncar"": 50}",50,0,0,120.66,5dec2c16846082c8e9978715fc33393d6a180ebbdafb2e260e0b41b50a55d7ad,7f7b80fe6d1cfe25a805834ecb5f6aa523c8e4f9c7b49299e1c13dfcb7e3fde8,False
2020-05-12,2020-05-13,v15.1,complete,ncar,"{""ncar"": 50}",50,0,0,66.35,3c0e28ac918e30786aa541d89bcade09f731e26878f172c9db47d0325e93515d,1c538eb90a4bd0adcdd3b8b53fc2cba0115aa8d50026b4e84b6a327302cf1b39,False
2020-05-13,2020-05-14,v15.1,complete,ncar,"{""ncar"": 50}",50,0,0,66.56,a6d306972fc84fb4d3a015c9ef2625e74809e1dcd65b0a63446dd64acda3abe7,e0e50f1b0e5b02adc00448d836e2edfd97f58eef085713efee441f7f43357f0e,False
2020-05-14,2020-05-15,v15.1,complete,ncar,"{""ncar"": 50}",50,0,0,49.81,8422f4ab17d568ab4d61ded16204b925fa804fa8a95665fc55a2f0cf6b9300d6,33b48da31ae61e4a38ea8343b75fcd4864255724ce67160ee24336eb94047a9c,False
2020-05-15,2020-05-16,v15.1,complete,ncar,"{""ncar"": 50}",50,0,0,87.74,87e2081aae749ec93720e8d84734855a48b6b5200f90234ca7a3557ba44671bd,951f61c525d8f9e44c3a0e023742d507fe757f1c7bc89ce5415ed136047c341c,False
2020-05-16,2020-05-17,v15.1,complete,ncar,"{""ncar"": 50}",50,0,0,90.98,c2c473336df839dc9f03a8cd0ee76b75f0257b1e583ede526a10c29db469e3f8,2a282a9d9941dfb3862d7876049f613edd640f8d4ccec143945a81b569b2728c,False
2020-05-17,2020-05-18,v15.1,complete,ncar,"{""ncar"": 50}",50,0,0,280.89,6d8c66b730e3081be273a934e22070652da9c3b8de7b227c70129c4f6271d5ee,544b879d4f3ab36276368c3787fe7eb0b6e84d1e24db8864abfcd0c96166030c,False
2020-05-18,2020-05-19,v15.1,complete,ncar,"{""ncar"": 50}",50,0,0,128.08,315add1d78b82c08982ef27c1842092176097cddf68ab3771dfcd4dcd50379d2,d5292aa294fc999f07c736792a890dec9d32a53dbb412f78d7d834fdd424243c,False
2020-05-19,2020-05-20,v15.1,complete,ncar,"{""ncar"": 50}",50,0,0,306.7,9926ab086b90ac9782b84fa2131d4c0cc151ea2f4d74630a133956ad94b3e05a,b9b74ac8781757dbb68135e91f712cc8571e286c459d7421ec81283d26ee6deb,False
2020-05-20,2020-05-21,v15.1,complete,ncar,"{""ncar"": 50}",50,0,0,241.57,a5d7786eb6edd634a3d715bb91f99c7de9d0b5a55f4f1fe934e7062caf3173cd,2fe8dff5b6beac80cac96a929f3330ede2b12da8a08f6b684f06d62b2af28d61,False
2020-05-21,2020-05-22,v15.1,complete,ncar,"{""ncar"": 50}",50,0,0,228.35,089263f0e6d7afc7e503cbf4d0b138231f13799d64b5fbb4a5142e91c7c0e831,90f35a32f1314dac592feb357cd389ae94131b29802c267e7d91cceb7cee10f6,False
2020-05-22,2020-05-23,v15.1,complete,ncar,"{""ncar"": 50}",50,0,0,56.4,b424c8cade521137384281f093a7e9fd052b2522b96fd083d0b534bbc6d35858,14cb1baac5ee8dbf7796d1cfe464f8bd49748fdf2709a0c46643379acab73ff9,False
2020-05-23,2020-05-24,v15.1,complete,ncar,"{""ncar"": 50}",50,0,0,73.18,56a6d1796e9faa8f4d941d82cede5cbd826d2ba22358efca75f6313bc9f05a03,24572a2abf0ee80162c3727af0cfb37dad48a22e5f07039e4eb9f63ad2898361,False
2020-05-24,2020-05-25,v15.1,complete,ncar,"{""ncar"": 50}",50,0,0,69.17,fd3af4d0f5d2fa1cfb21f25994765b7656fbc9c7ae1924b7856c212b21f77c76,edbda2d5c19a852e13bcf361e85b110a1f46dd2f161fe37876ed490fdf846fc2,False
2020-05-25,2020-05-26,v15.1,complete,ncar,"{""ncar"": 50}",50,0,0,62.15,f36f3d6b90d800cf4d7c68381eb5c6931dafd8a3b98af4acace1adc2b9b8c57f,4f7659fee558bebbb9fc0cc31a4ee6838a2bf874e8ce5517f66c7ba4656e27cf,False
2020-05-26,2020-05-27,v15.1,complete,ncar,"{""ncar"": 50}",50,0,0,57.76,725a1895cd00a917e6b79e56897a4ebc83199548bda47051834b7f6d9be17361,241594ce31395dfcfa6cbccee76f0fa7344fc0b0b4d9e4679d8a362dc54d5a12,False
2020-05-27,2020-05-28,v15.1,complete,ncar,"{""ncar"": 50}",50,0,0,50.23,5df4521556d198bca7dc939de57370db0f874fa8df1a634540e4090e46bd4029,98c502fbcae7c1a0dea9af35a75a131ab15ba3b4140a333a6c4cb03b0a02968a,False
2020-05-28,2020-05-29,v15.1,complete,ncar,"{""ncar"": 50}",50,0,0,51.15,515dbab42eee72563df9467d173068c593d3b9b832709cc2dae81532836840bb,0d528e687392eac40d47ab6407bc30fc7974fc27f90151cf40446beb7a2ddc2c,False
2020-05-29,2020-05-30,v15.1,complete,ncar,"{""ncar"": 50}",50,0,0,61.51,251d44a67e6fcf228c71f36f98577c8674e4bd9e06e866d8ba4eb894e261b3be,dc4ef50be400847b15f91491294a57aacaf05843085b9ad6754122f541d43c2d,False
2020-05-30,2020-05-31,v15.1,complete,ncar,"{""ncar"": 50}",50,0,0,45.89,e92a7313611dd97ca56c7aecd09490d0fcec1ff5e006c2153a47750fe2726380,539b380b0577ead9a460116072a1778b2ee8e4c823c2ff581b2e94f187fb521b,False
2020-05-31,2020-06-01,v15.1,complete,ncar,"{""ncar"": 50}",50,0,0,45.99,2e38614128dd9212cd17a3b6859e334d130f7dfe893a51893033b57c37c23a52,4b08f5ac7865b1dfe1351265d54879f809b8a543613eab2c3a0c982992ad4439,False
2020-06-01,2020-06-02,v15.1,complete,ncar,"{""ncar"": 50}",50,0,0,62.68,76662e8e980aa240b83676594322b9ec529fed3a98c47e76c8565ab64c7fa09d,eed8fe4fd264b9d739261a9db3c07a1925928a3860999a31e21484f33cb4e6c8,False
2020-06-02,2020-06-03,v15.1,complete,ncar,"{""ncar"": 50}",50,0,0,82.82,28d7a94ed604a849a7de9f9bfd8b100aac148aa2458951962091ef622a57089f,c0dc5e0e20cb89756fa293725470447de1ee6eed11d184985b06fa8f3d5f634b,False
2020-06-03,2020-06-04,v15.1,complete,ncar,"{""ncar"": 50}",50,0,0,75.48,68d504896e1732264e3fd7dd491ced8efa75862e498126002093833fc757bc34,601f0419f8f59cc908c08a69dc379af52b3f302cf74a3759e4617fdfea5e5f9e,False
2020-06-04,2020-06-05,v15.1,complete,ncar,"{""ncar"": 50}",50,0,0,56.37,aadb778bf7a109355fed4e32466127a3fb72b97f013cbea9c7eba75b25707b74,1650030dd023915ea1a239ef46c00db89ca25f99bceeada52aa67bff52cca474,False
2020-06-05,2020-06-06,v15.1,complete,ncar,"{""ncar"": 50}",50,0,0,51.55,171634626ecb2c8227577c3d435e4a582c9c2d97e12113173812dd709dd55acd,fdac0848cc89419e89196bdbbc73f4757362a583c7b95bdef3f9371fa5f9129c,False
2020-06-06,2020-06-07,v15.1,complete,ncar,"{""ncar"": 50}",50,0,0,72.95,e648b712c643b77e38441d4796e386d8da6a9eae43f5279dc5d7ce1c7a6fc8aa,db6f1cd976a7f1af315b967fecf1fd9a0d6df57e9086dbcad424fce01afc69bb,False
2020-06-07,2020-06-08,v15.1,complete,ncar,"{""ncar"": 50}",50,0,0,64.34,3a0c5898bbe22929aa9f000577fd46301e5db0a4423ccb55c1ce3421014ccd94,a8251e407c025495998194145229d92d7f4d5b5ffad6b483229a9d1b6b05aa20,False
2020-06-08,2020-06-09,v15.1,complete,ncar,"{""ncar"": 50}",50,0,0,95.72,54c6c51e2d44b41a1fbeff36116e9b6c074fe810b8b8afb036e4e45faa9acb27,d9c04860f756a6a00283f980e24759247eeb993c807d4377047f737a708c8c6e,False
2020-06-09,2020-06-10,v15.1,complete,ncar,"{""ncar"": 50}",50,0,0,73.07,368d3ef79d39dc5e5f76d651c176320581f7b8be3100251f3ad118536e35a5f2,fdc81abebe79c887697bf996700cbfbabf8d045cd49f4a13019638a686677538,False
2020-06-10,2020-06-11,v15.1,complete,ncar,"{""ncar"": 50}",50,0,0,63.31,5edcb097e42108ec5675dcef69c7284ea21e434d279d624c7b91c8f55186506a,0e24a23b5de9869b0b00171865ae6605203fbc2f5c9c6249ab3f15344828da1a,False
2020-06-11,2020-06-12,v15.1,complete,ncar,"{""ncar"": 50}",50,0,0,62.37,0ba83ce09f3c0a8f42af2eed60d608d4a6de837815b78e42a7babaa9ccfa8a9c,72de9da0bbdb6933ccb8e09fdcdbf8a15ed73c4cae255e6672217b270c21eaf6,False
2020-06-12,2020-06-13,v15.1,complete,ncar,"{""ncar"": 50}",50,0,0,267.99,3ff7fa32e97fe22cd3f68afda4a17cd916de40febb17c76294ba68f819fdb091,413aa60e4301794e429171e7bc50a19b6746a88259252d38bd4cfebcc8f97b7d,False
2020-06-13,2020-06-14,v15.1,complete,ncar,"{""ncar"": 50}",50,0,0,76.63,980ec6343df481bc3df37d4e892880a74ae55ca37978678d9ed734b4de913011,8152794a4c3f34d98f4285a9a23775363419ea8661dfde67ef843e8e04bd1387,False
2020-06-14,2020-06-15,v15.1,complete,ncar,"{""ncar"": 50}",50,0,0,56.29,123d39da05daeab58b82a36935e3e843076dfdd6953f5042f88e0fdd129b118a,c0acedaa75bde7be825601c2b80e35b1ac3a5ce2578a57da4d7bf3b7ad1e05cd,False
2020-06-15,2020-06-16,v15.1,complete,ncar,"{""ncar"": 50}",50,0,0,59.12,8a7854dba7f125c155c33d53cbeb9a285c0b4e9ae39867df6d8c7f4b9a0fde99,595ac693146186471fad243114ba5c1a1b7d3b5568b536c40e81b8004a471dfe,False
2020-06-16,2020-06-17,v15.1,complete,ncar,"{""ncar"": 50}",50,0,0,95.72,3f02fe7c4f0e426f6aba138adece499c98d6e0bb7c1984d730ce0647daa67ca5,9f5a17f552156e1b35d2d02a9e3923a0dcdaf108a268c1ba111fcdd528f54e27,False
2020-06-17,2020-06-18,v15.1,complete,ncar,"{""ncar"": 50}",50,0,0,74.02,c37268f0befadd9451e162ce5dbebab0a0c1d4cedb373197512676ff5f7fdd85,274fd144236a7c7db5467d05ab84f223665a766d3e607f3eda44b9125810066e,False
2020-06-18,2020-06-19,v15.1,complete,ncar,"{""ncar"": 50}",50,0,0,70.03,41474a9408a6f9708611a063b4a52507cc00c59447822f9141c2efdaa41e2c8d,da1611add59de226da381ab4c423d81961894d1033eedbab2a3848ef5f97dd29,False
2020-06-19,2020-06-20,v15.1,complete,ncar,"{""ncar"": 50}",50,0,0,57.64,0991c766f5ab5a7e817980f2401b2ebf6e8ffa9a5f7c372bacc89dadc93f8540,8c553292151bb4f4c5e1ba6e7df22358561b7844d04e9835e8a45b4992400f9a,False
2020-06-20,2020-06-21,v15.1,complete,ncar,"{""ncar"": 50}",50,0,0,73.37,c251c727992aa620eba0c9de6d7c1febb0b418dcb92a894c510cf41e0c3f3950,ae89239175b86308b94e593858fb566f58f0966d5786d66dfa1ce8cd8ccd6765,False
2020-06-21,2020-06-22,v15.1,complete,ncar,"{""ncar"": 50}",50,0,0,76.47,48d6a46b9e67ed96fde8318b24778f28e72b7e8cebcfe32c06f8492d057f3ead,78b6d822d902b9ef3f43cc85fb437fd719ba207d357d4b3dccd408e1960934b4,False
2020-06-22,2020-06-23,v15.1,complete,ncar,"{""ncar"": 50}",50,0,0,63.71,f939d951a8c17c561c26f7cb3864fee90d65031b331e7d09c60a84f2f94e7370,4eb30e05fadf48b40f15f208935a7747afb8b90ecd81a715ec7398f133acc6d2,False
2020-06-23,2020-06-24,v15.1,complete,ncar,"{""ncar"": 50}",50,0,0,51.16,82c671b4a4e685b34bba9d6f67233fc79a96556af7ebdc3373758c738cca937a,3b65bd64b861889ca49b380387431b6fe56ab202d80dbab3c1e3c43126e37bdc,False
2020-06-24,2020-06-25,v15.1,complete,ncar,"{""ncar"": 50}",50,0,0,46.73,e9ade59f32c6d6dda75811d04b7d9a4048b95069b2efaa7954e0308c333db333,aac13470d451aa87d1b1ee4012734aca2079da49e9b1a1eb55206664c34cb9c5,False
2020-06-25,2020-06-26,v15.1,complete,ncar,"{""ncar"": 50}",50,0,0,62.14,a83227a90ca8ba4631f37e48d52d5b6db7f3c2e9b7350dfd382e0884c5c57e9c,58edf81f3ee505118ea485179bd2cff1e0465677119a79244b6d12c521e4a4a3,False
2020-06-26,2020-06-27,v15.1,complete,ncar,"{""ncar"": 50}",50,0,0,50.21,1133934b513c8e2fc53e6eb4b706d1579399361dd6ca642d64ba384d18a661e4,d239874fd5b923b5b9c02b2425a5270c5a58b7489756ad00cc1abff5d0c99150,False
2020-06-27,2020-06-28,v15.1,complete,ncar,"{""ncar"": 50}",50,0,0,79.07,feb66a235899c33b769f0b435fd90659e296a29ab688a6b8c9dbd0e67b5d2924,afee691b02a3de681396ed2065c392daa004d39fb97882cd2a0cabf27b3519c9,False
2020-06-28,2020-06-29,v15.1,complete,ncar,"{""ncar"": 50}",50,0,0,42.13,7baa8909114937aea43f533f36609e46bf857ff7ad54a5675b434ba26c340aaa,79a88f4b2ab8be507eba958f8114edc599ec621cb042fde020276bb1ddbd9c2f,False
2020-06-29,2020-06-30,v15.1,complete,ncar,"{""ncar"": 50}",50,0,0,63.73,a4a3581e82aafb6ee9b410b3ad13f881e8586e286eaf498213df9a88e9651e7a,9f93b040bef2a4ad9746269730878b4d2ab9c04c550ab11031ad29f88e6274b8,False
2020-06-30,2020-07-01,v15.1,complete,ncar,"{""ncar"": 50}",50,0,0,58.18,10826b6a4dcb12f6356df6494010cb3809a846ddf54f757436bd99ad7a1ed46d,901979d15e04e86c1d11f048416b4c35e04b8f51e268f76a52ffb19d5476be20,False
2020-07-01,2020-07-02,v15.1,complete,ncar,"{""ncar"": 50}",50,0,0,73.35,910ebcead21cd8408c182d4e48958be2837c7d123f4cb97a98e64ba09106b30a,562bb55e0605f6b7e2f0cd115a46d47a0f87d15f162652a4feba6c691ec091bc,False
2020-07-02,2020-07-03,v15.1,complete,ncar,"{""ncar"": 50}",50,0,0,66.04,597f614c682179de9f2c6bdd4be36c81613573df04b1b05030f5bc4185bb5dd4,65036e8dbf64e8c26ae61e408265cc451a17eebb9361ddddff95631cc6ef4c13,False
2020-07-03,2020-07-04,v15.1,complete,ncar,"{""ncar"": 50}",50,0,0,75.77,4e1196a278536dd952358eaa5152e6d4b3d23405c9f42e48730c15ebb0520491,8f23a3e681cd5527e4f8efc9a05475f53fd86a6a06a82729fdd41d97678ca643,False
2020-07-04,2020-07-05,v15.1,complete,ncar,"{""ncar"": 50}",50,0,0,56.83,e1d79be9eef59001aaf7db23200c7c8b8d158b2a471f996ac24eba5a4aa8786b,1586594e55a269d72d85bb4274a9fd0cb66c2012072617378c9452a945be45aa,False
2020-07-05,2020-07-06,v15.1,complete,ncar,"{""ncar"": 50}",50,0,0,65.79,db97d703ec64b1b8be3b5411427f78f4851bf8025c187ebdd5f974051a656a45,f5184dafb424a0220e112f4c363a30f8812d28b5fd54f34d510f3e2dcff2277e,False
2020-07-06,2020-07-07,v15.1,complete,ncar,"{""ncar"": 50}",50,0,0,64.32,248dcd2398c9bf5d936fb464da85c23feaaa4f585992e0ee34628a859f4f268e,665c6f6ad94ccf06db8676edf440a84c7c226f424b600aa12a7683e6f6e998e1,False
2020-07-07,2020-07-08,v15.1,complete,ncar,"{""ncar"": 50}",50,0,0,76.4,58f39cfd961d41c37262bfa635845a2da1305e24e62e95f1c06ac476c8a54834,51e1ed2eb16a855e319927ad7677f21d2a4b6c16d95ca0beb333b560ffd8d00c,False
2020-07-08,2020-07-09,v15.1,complete,ncar,"{""ncar"": 50}",50,0,0,63.94,a9132a314cbc062429198bb22a020caab2d0a4c41508a6d6775029e9ef46b4fb,ecc4e5d15ca81e063b5572764d5f369835365b614359eabcf32ce4349f6cda23,False
2020-07-09,2020-07-10,v15.1,complete,ncar,"{""ncar"": 50}",50,0,0,67.31,118405d05fb8b92c273dfc773f2bb66083010339ab9431110f785df915f3c0c3,64c30815e54bc8fd13125980e610c52001b9daf8382fffcd5e67d9fc07074375,False
2020-07-10,2020-07-11,v15.1,complete,ncar,"{""ncar"": 50}",50,0,0,84.97,b96b4b539e599170d8aec4ec6eb150583487be38f9d12114a05708df3878cd29,3a308e4d953820c96716ae0d90fe586bbe1ca416ae49744053787f184428f9a1,False
2020-07-11,2020-07-12,v15.1,complete,ncar,"{""ncar"": 50}",50,0,0,113.96,65c727ef79fd51a2479f308e0253dc74d5f7d1db4cbcce9096553f67261fd99f,af81a66c188c935bd87ec4306a0a306bbd0fc87bf5d452ba4ba82d20df14e748,False
2020-07-12,2020-07-13,v15.1,complete,ncar,"{""ncar"": 50}",50,0,0,112.89,d3813d8320a3b7bef8099b1135df28485f0db3e7216e4b4e16c836379f734c98,26f328dfb2c2e0500756029f8e4715ce740026382a07efb8b1d271b29eb89006,False
2020-07-13,2020-07-14,v15.1,complete,ncar,"{""ncar"": 50}",50,0,0,80.29,bbedb3ddd4901183045665006d3c7b8f9124548d585d6f7e9526207c3b38ca20,852b8449b82664b2a21b6a80436a4ccea3aa7e731fa36c09e201c1973b1fe263,False
2020-07-14,2020-07-15,v15.1,complete,ncar,"{""ncar"": 50}",50,0,0,78.26,527d76ea4414986c743bba3da5d64082ee3d4311f0af35fa1ae0485b348ec61c,46fd7c80bfe0f32e1d08d24adba00bc1c3434a5e17af754e705c20fa18c5b5dc,False
2020-07-15,2020-07-16,v15.1,complete,ncar,"{""ncar"": 50}",50,0,0,71.91,fb16f6d017cd76b26006bdcd513491a0a4b91ba48cf6a9b925f33332af244956,76b523b38b16fb29c5d2eadb74b9452f43ebe13e53b58980227e1460d2d807da,False
2020-07-16,2020-07-17,v15.1,complete,ncar,"{""ncar"": 50}",50,0,0,55.99,dd540033e63ce052198fafb35a11618730d183dac9162cc74104cc8cea7562da,af8b6a10be95a256fa84dda422cd557a1190c757d9459ad93d3f445ed7884192,False
2020-07-17,2020-07-18,v15.1,complete,ncar,"{""ncar"": 50}",50,0,0,87.22,4b233f7abd9930299c7f6147d951d5af7355096ddbee989bdc81402b6fd827d0,3a3c5e23237ac4453db4cbc5902d6904924093f1f7b19e3ea8d121f2dbf5277f,False
2020-07-18,2020-07-19,v15.1,complete,ncar,"{""ncar"": 50}",50,0,0,64.18,15281b01d0aca2c93270217926d24c4542a9079d2d84895e3d4fca4df3a6942c,55e24786d281d8279f4cb2a284d0d1bb582977770b29b1f9847ffb7bea0fdc59,False
2020-07-19,2020-07-20,v15.1,complete,ncar,"{""ncar"": 50}",50,0,0,48.91,2550cb738b43f34ddc36778bc20a660e184fd7cdd7be3a6221e26e60df304b59,7c29c9209a0c19bd7d2b1d3048b5420928839b6fe481cb0d2d5b9bd751a09a24,False
2020-07-20,2020-07-21,v15.1,complete,ncar,"{""ncar"": 50}",50,0,0,53.99,9cf511d68a739e84b1d4dbfae961d190f411503b8e219bb3a096a28a9bf7f3f1,6b44ebae7bbad04cf9a3177f443d3f25416e249414ebf96e29ca4957dd6c7477,False
2020-07-21,2020-07-22,v15.1,complete,ncar,"{""ncar"": 50}",50,0,0,57.78,af9186a872f0c60ceb7c12d43e0cfbc9b2281acd686c5a4a7f6ab99ee2d51a7e,b6c54ea5334e47f96673bdcc53f9a5d59219b4597e2fbe85dd16741ed7f53c43,False
2020-07-22,2020-07-23,v15.1,complete,ncar,"{""ncar"": 50}",50,0,0,51.57,5faa893c10f94977716b465d8040c8c53bf9df25da8a6dfdee5be757f0c34989,b8e3faf7df056936ca5c9d6e81b6a4773889ada05875f4442313bc8cdc5d5acd,False
2020-07-23,2020-07-24,v15.1,complete,ncar,"{""ncar"": 50}",50,0,0,91.51,af35f86d16fa83610181cb705611fcac953499c902a3354a3981f656dab57eaf,65d0c1a88c1cb5924b4d0f2a25386f6c14ae46fb426559d13590000ccd8b896e,False
2020-07-24,2020-07-25,v15.1,complete,ncar,"{""ncar"": 50}",50,0,0,101.18,f04173989c4fc25b098245ba8ad57df050e4a51213c1ecca2d2e4947d16eacd2,a5f742b0a1fa9b651f661ffed47caa42849859b9fdee2b2e6c415c0ce3099af2,False
2020-07-25,2020-07-26,v15.1,complete,ncar,"{""ncar"": 50}",50,0,0,72.71,60a5de4cc627ce844801a15f5827d9d3a0cade9c604c1904d21405bff0899cd6,19cb419aa46406c9fe7cb76cc5e7f1f50c1e325ca21202585555ff9c98b0e613,False
2020-07-26,2020-07-27,v15.1,complete,ncar,"{""ncar"": 50}",50,0,0,64.94,19ad43029eb7ec46426113532c2baecf73968aef4759a3c90758cbd5e25e2f6c,eeebda31f380e190b7678019b8b38c8326c3ce45169c98bfa87cf0ffe7b168ba,False
2020-07-27,2020-07-28,v15.1,complete,ncar,"{""ncar"": 50}",50,0,0,61.1,776d603763fca5bcdc6dc72cb0c29875b870f04779c8f15d7b39795dd171499a,2442a4addb6453e38e27ec18092176a64c759a8b5818aa566b86bc101cc7f354,False
2020-07-28,2020-07-29,v15.1,complete,ncar,"{""ncar"": 50}",50,0,0,71.4,5d24c6a0836c2703f65226f63faa21fa75e5396c8146e77bcf1cca35b41f6ba5,8940535b2611dc71a1086ae433993ff1e29a0bf55e1e51fbd3938f79fa8fb393,False
2020-07-29,2020-07-30,v15.1,complete,ncar,"{""ncar"": 50}",50,0,0,62.58,a82b94c13db7413aafc2004d9529d0c6527d167a98824b83c9a71bdd5bfbb16c,ded509a42feb3cfd4842670740c4109b8573bddc7e3cba06466e64b4d3ea498c,False
2020-07-30,2020-07-31,v15.1,complete,ncar,"{""ncar"": 50}",50,0,0,62.86,9206596c36d47ef2dd1b7429e6638937e5c66f36a2b46fc8badffd3bfdb81e2c,d794556ab147f24dbfbb5aae2c8e8c00848ec7f988977b89b36dce3eed237616,False
2020-07-31,2020-08-01,v15.1,complete,ncar,"{""ncar"": 50}",50,0,0,72.05,5bb4a221f05f306b552a661b940e0fee6bf9dc0c15c46c07b5f4c185eaac2dbe,a05b490056f025c6b3611b61e7f18f288a56fb2a28034072a4cefb7c4d903769,False
2020-08-01,2020-08-02,v15.1,complete,ncar,"{""ncar"": 50}",50,0,0,46.12,6b89cbc6ee52a190a28d47c0dd53e1e1bc909d41859e38efe8f169a211b53cc4,7e6a14046ddb5a41ef3300263a67ca7b143ea7a9c3d040e949e873d1cf9a575e,False
2020-08-02,2020-08-03,v15.1,complete,ncar,"{""ncar"": 50}",50,0,0,79.34,438ddca960a079564fff71911c106544e64f7323da31b9d306a00720ed091c41,fb390f8ea5320db861760a9ee3c57422bfa031759245aec2f17a664f09bd4ae8,False
2020-08-03,2020-08-04,v15.1,complete,ncar,"{""ncar"": 50}",50,0,0,80.69,89b8f7358aa4b4838a328f6b12fd031c00d26b79d81573cbbcf4af7e6f2a4d9b,80cd7329e9374918401b95ceaae54ef0eacc0a711eb864da77a8849244548a4f,False
2020-08-04,2020-08-05,v15.1,complete,ncar,"{""ncar"": 50}",50,0,0,62.13,965ee32ebf05cbdd1eff5c9aee7adfef0a6bc0321850e6f0114837e548e54b1a,a7f9dfcc6f4bf7438440980ceb0a062475f0a7559b58e920a72f08cfc17d1024,False
2020-08-05,2020-08-06,v15.1,complete,ncar,"{""ncar"": 50}",50,0,0,64.95,8e3f38c902d74e6e974552066fb240214ec7fb11e41cc1534d1e0e39dc2c488d,4ac80d5a9de3964609aea89a9f173d0d7177c689c211f6336e4922a1dd1ed1f7,False
2020-08-06,2020-08-07,v15.1,complete,ncar,"{""ncar"": 50}",50,0,0,114.97,09ff4869af59bc0fcf5c025c63d502d9bf3aab17683dbbb16f4d0059b5363c1d,d9934264158bc5159bba8a4797a5a619a0c1c1580b7cdc6d8c211553804b13c2,False
2020-08-07,2020-08-08,v15.1,complete,ncar,"{""ncar"": 50}",50,0,0,127.4,be79378b62ee2f2b40bbc88a9e73bdc6b8cdd4c1aeb7f41c56894b03d62f805e,f3c70e835c6d0dc53449d7491143f1bc0efc367383f8c2d7e25a23a13d51edc2,False
2020-08-08,2020-08-09,v15.1,complete,ncar,"{""ncar"": 50}",50,0,0,103.96,90fa02e373cbee2612fe750595c1263cbeb3bb8f90fbe438a3a7f48f7edd8e2a,4a584c87187b4726efa3f2ca802b64103ff4041140e37b135067c86679bde32f,False
2020-08-09,2020-08-10,v15.1,complete,ncar,"{""ncar"": 50}",50,0,0,141.33,b07060216d013ba8168ad80869c4317406f519cb67c7b5e182076522e32dc8ba,92beffcde5f0bf9a14cc77495619a3a1e25aa8297b4ce693cd8312076b18a870,False
2020-08-10,2020-08-11,v15.1,complete,ncar,"{""ncar"": 50}",50,0,0,131.29,9270c26305f89fc1b323a80eeb31ecebed16c2baec0ee0c27da2d58d9467237b,c36e31d3a7bee55c167d501d5fc5251b93ca008b567143ee7939d67dad0faaf1,False
2020-08-11,2020-08-12,v15.1,complete,ncar,"{""ncar"": 50}",50,0,0,144.26,257509ad58915471eee1360ee729abb572a479b94dd9664442c930f960928006,6ca6b4c4a6fd884abd56617f4dd2253e2f420ff739e9f4e9b2a54f769bcbacdf,False
2020-08-12,2020-08-13,v15.1,complete,ncar,"{""ncar"": 50}",50,0,0,89.64,1a39961ca962cf92b55a1d74901e0d9deb2a1d91a770bb2ce44eec3cefe45831,1016ed2dd5929c9e5b703ccccf9dcdb4ab13b182e07abf5c94581e1523e88333,False
2020-08-13,2020-08-14,v15.1,complete,ncar,"{""ncar"": 50}",50,0,0,115.34,7e283a004ffdd5c5a9c43d197f00c7ff4770ee42bb98e5517612690b7f7ddebe,044f278301a68883ba1db37f6189ffe24e6bd963b8d29d71d619ba7df676b387,False
2020-08-14,2020-08-15,v15.1,complete,ncar,"{""ncar"": 50}",50,0,0,117.96,4076c643cc9b0222b51d4a71175079126a87c2498fad69d991d9704f80fc19ae,aa90399982d034c3fc8b42e8c632696444f7a92eab70484f3a7c1e8bf61a2349,False
2020-08-15,2020-08-16,v15.1,complete,ncar,"{""ncar"": 50}",50,0,0,170.47,a5ea51c2689ff5bf8b4217807069bb9f3444718ade4380d43948311cec026d29,42786e0324b967f377ccb1ec6f9f8419fda9a35f725c549abd635fc2ae164c59,False
2020-08-16,2020-08-17,v15.1,complete,ncar,"{""ncar"": 50}",50,0,0,111.35,73353d030a5b16933d00e463e1b8d43ba74b9e77a8a2282f9fd2b6c487887fa1,7ae0eae139b28d320141fef5b1a302d7244ce2ff9e26a4fc3107b8d53f4421fa,False
2020-08-17,2020-08-18,v15.1,complete,ncar,"{""ncar"": 50}",50,0,0,93.62,50f194cf673cddec079047c33cf33364c10f2c96db180f68b6201a6637fed440,57cfc587c0fbadbd433b7089b199a4359fd8fb5c7f5a3aa9f3d11b0e25826430,False
2020-08-18,2020-08-19,v15.1,complete,ncar,"{""ncar"": 50}",50,0,0,143.64,266bd90a5254ce96466badb50575507d944a3c6653a668bc6d7c965d3cda1f89,8fb16ad810a7905551a295b68ee42371f898876e5d92f424d15b51b2b68ff5e0,False
2020-08-19,2020-08-20,v15.1,complete,ncar,"{""ncar"": 50}",50,0,0,228.97,aed109ce2d2a0b1e18363edd3a25acd0ee8a9200ad3c28eea1319761e7399dd2,21159b0b2ea58abba005d1dbda17d82c6e123feb5665309a7770092803e55924,False
2020-08-20,2020-08-21,v15.1,complete,ncar,"{""ncar"": 50}",50,0,0,192.21,8e3f11b26b6e4ee05e154fec694e40ecdcfc6481903c9b743bc5bac86eb9d950,8eb44a48b1083a817a40e44a8781f623f051c1f16b7bf0e4f7ad93b49d795fee,False
2020-08-21,2020-08-22,v15.1,complete,ncar,"{""ncar"": 50}",50,0,0,125.08,50620fd921a1823333ef1064aae62bb8f8da17113ddcd86c3080eae642d9542a,e58ccc87ab2eeefef99a918f006053ae5cc2a9bc1383402f69ba848fa35c4839,False
2020-08-22,2020-08-23,v15.1,complete,ncar,"{""ncar"": 50}",50,0,0,144.13,66b3c273ba52d73714f658f4bcfdd4a36578bd91e869f66a9c670c8c5624c8f0,6f277e6c66e0f7bcfa12f1382625595291f09a9503898ec71a350b0773fcf475,False
2020-08-23,2020-08-24,v15.1,complete,ncar,"{""ncar"": 50}",50,0,0,64.59,33c96053342ecaa753a3ee0f5563c1c1ed0840733f59e48373bcac50b4335ee6,084034283e12c4ca3f8a583d97a6a6ecaf7955e4c056b971610ab452911721e3,False
2020-08-24,2020-08-25,v15.1,complete,ncar,"{""ncar"": 50}",50,0,0,78.23,59e5d546c17723e0cfdbc61a1d3cb4720db46ba0b0622ca8a30962e354897635,13819d3fdb211d0811d0ad1a7f73d904fdcef350decadf2b9c53a57460703d52,False
2020-08-25,2020-08-26,v15.1,complete,ncar,"{""ncar"": 50}",50,0,0,125.46,f4a0545af1361fbe85b9aba1919e548359062c368836a8a15dcc2ace54bce7ae,1a7d22a27c1fef54e8e51f1da4d6d2beeb0f2a742ea47ed8acd4f58f9a837722,False
2020-08-26,2020-08-27,v15.1,complete,ncar,"{""ncar"": 50}",50,0,0,157.99,2290bf53539871ab26a903cd90f8de1d9c068b6d37e416f67deaf7c8cdcf01ae,b381e2ee6e6d18c6de0304f1435657f7d6c39f4ea598c91bf0eb38b0fe1c7775,False
2020-08-27,2020-08-28,v15.1,complete,ncar,"{""ncar"": 50}",50,0,0,144.88,c352f967be05085803845c716310916f11b7ce0fb16fd40c17b93a0f03f55757,9e2f4e6ce266be1e2953fa2739eead9fa1a3a40e41ebf7dcc94cea062e6bf1a4,False
2020-08-28,2020-08-29,v15.1,complete,ncar,"{""ncar"": 50}",50,0,0,112.68,7d9bd63e46c084746907170c30d22fa81be097db833bccc6edb7fd436bf2816d,9bc57348ebfb8bc2cd40b2d0b50d68286d9ed3b1ffc44ecfff2fb6c9d32c0f1e,False
2020-08-29,2020-08-30,v15.1,complete,ncar,"{""ncar"": 50}",50,0,0,83.89,d0e7bb0b29198eb0003e8f3ab98afff9fc8855b99901f3366c6701abdab4839d,bb0fd7ae0a9e163a622179e3074deff4f55459d46b38bb461a87c4738430f9a1,False
2020-08-30,2020-08-31,v15.1,complete,ncar,"{""ncar"": 50}",50,0,0,126.47,f4c0da013e45e3153acc550595afdaed5ea439f6b40c8153882bf3d15563015c,5e2c92e437aef182cd9c5fa4eb3a032a2ec56eccd43e56040f17100f08cfee23,False
2020-08-31,2020-09-01,v15.1,complete,ncar,"{""ncar"": 50}",50,0,0,134.15,cc13f5aa945c6cb4229141c270805a04d6071f7673f6cb8bea6379afa2e5055f,37186b6574b2784b447b44c60dc4dbc3a61bc613ed6f15694be09b337b6f0f46,False
2020-09-01,2020-09-02,v15.1,complete,ncar,"{""ncar"": 50}",50,0,0,171.26,ae2db583dbec348e29bd875d758c6e04b797153fabefe33df2046bc4f8cd6dfd,a49b6ba4eb8ea4ca7aa8335ee7e482298dcde6ec17459d5d469f26ac1716d779,False
2020-09-02,2020-09-03,v15.1,complete,ncar,"{""ncar"": 50}",50,0,0,195.44,930bd58b38f51747e143d68309e2100e33d1c4844e651e722183e9639db4bffd,2f6d0731e493c4143b60452af2f54e1811fe65e3c91365f7c249a14840b1a016,False
2020-09-03,2020-09-04,v15.1,complete,ncar,"{""ncar"": 50}",50,0,0,66.55,1eff4e93aacbd1813e30429773ba2cbaaa13932c70d4670e51559988c98f0ef8,dd3f700a00037df990ad0181cf2f851168bf93023313c2a1d0a0679655323fde,False
2020-09-04,2020-09-05,v15.1,complete,ncar,"{""ncar"": 50}",50,0,0,115.82,0ff07a2672a687a3d34ad2da62564e3a7b088955aed9d7911e91d2ae1e394bd7,0c6915409b9961d1e79dd0bceee5a56ac67d82bd428447fd07a4ee2fb0817b18,False
2020-09-05,2020-09-06,v15.1,complete,ncar,"{""ncar"": 50}",50,0,0,143.72,b1e912f961a09edc34a15f969febdb2a774bf506b86a2943c50cf7c20c5ffce9,c6de72b0e2c4097225f0e772a16e059cfcf4b38f3009a275f21aad9a285fb2d1,False
2020-09-06,2020-09-07,v15.1,complete,ncar,"{""ncar"": 50}",50,0,0,219.12,8ec5b32fcaf432a7e26cf7be2902d810c5c9714b88bf8c00082cea74c08fef55,c5bdc25ad2946b02aedcee853abee5eafec00583930d9395ee50eda6ab9b158c,False
2020-09-07,2020-09-08,v15.1,complete,ncar,"{""ncar"": 50}",50,0,0,214.2,08627e812c11ed8a3af272d67ae5426c24e64f9676e5f9c1294a9a75df9bde41,b5e4cab31d9d05a44092c5dbae3a09f98830a66f15d7cbb4916dab7f6a543b1e,False
2020-09-08,2020-09-09,v15.1,complete,ncar,"{""ncar"": 50}",50,0,0,159.51,c0a924cd6dd67a3ee4f9c10fdc76c35c222f3cf463b81aac800058ee8ba35690,89275b14ceaf463fc75628b0c545087b3791b590c8c7956b2a18e7eb4034330b,False
2020-09-09,2020-09-10,v15.1,complete,ncar,"{""ncar"": 50}",50,0,0,123.1,0b186e6f35880347a6991b9603c5d16e7c613b161e193b253b5282731ec4f736,f94fd37a17bfb9051ea942546400a8d343e0686d5b77464956768aee999ee1ac,False
2020-09-10,2020-09-11,v15.1,complete,ncar,"{""ncar"": 50}",50,0,0,72.12,9b09deff682be9707ade83b45732f42aa6db39aa8003ed62af796b1f0d98ea71,b024701b8ed5051ea02a03e7acd2c7a73f2e52806e48593ed98f4b10bb129e8d,False
2020-09-11,2020-09-12,v15.1,complete,ncar,"{""ncar"": 50}",50,0,0,103.98,2310e62d311ddf8cd61b026684cb95681dc470298fe38dafcf0ec05dc202482a,d599bee804e9784200c1196e88e5fecaeff7f71505b8e0978475cb8d555e83bb,False
2020-09-12,2020-09-13,v15.1,complete,ncar,"{""ncar"": 50}",50,0,0,128.44,2dfb7b88bd0a7a28bed01c827e11f6cb136c38e0b1df112d57c0b39ac7a3a4ec,58f62f55b2d750ef405a51a91fe69a189c68fd17643f8b5fb5f8f059a592728a,False
2020-09-13,2020-09-14,v15.1,complete,ncar,"{""ncar"": 50}",50,0,0,115.63,98bdd8ba86f3fc6fc58fa78ecfe294e7fc3a81064f25a0cca7467829b5cea5c1,3c64cd8a553bd8a5a82768d2db44dc1a19d17e2478e483bf2e1cff3abf7ab743,False
2020-09-14,2020-09-15,v15.1,complete,ncar,"{""ncar"": 50}",50,0,0,92.98,997a0594a6b5a2059dd42d21e02f1d73a900aec88e309ff255b1a53191c0ea3d,6b191d5c216dda07ba91ab241de7dfcaa4231d9c1daf7c664f7de104f8d391d4,False
2020-09-15,2020-09-16,v15.1,complete,ncar,"{""ncar"": 50}",50,0,0,125.07,2032b51f228b150c1b210846bf535fd04e2cf79dca25903cb9f196f58f6aec8e,31d66b736642b60c87f9e84ec4f4edd6d35f4fa49f79e8643aabf0241a1779ca,False
2020-09-16,2020-09-17,v15.1,complete,ncar,"{""ncar"": 50}",50,0,0,120.35,32c398622f2d2470292ebbb6fcfcac57370899f37c9ae5dacba9162a5ceade34,71df51915ab357dd3712b7bce9eb2e7ba22fbc2a3e7f380ba63fcfddd19acf61,False
2020-09-17,2020-09-18,v15.1,complete,ncar,"{""ncar"": 50}",50,0,0,116.03,de2e71b9fb760d8f2773b997b72bd2b37dd2b7de36baf703909099e4f7a38cc5,8f43212042f91fe68c83f993415e8ccd08c470092ed2f17b75c685cd12cf6e8d,False
2020-09-18,2020-09-19,v15.1,complete,ncar,"{""ncar"": 50}",50,0,0,129.78,44a9f506e45c72edbd6dae5dcf6493af5b1c240189418e9928b66fc8ef748814,dce2a1beab0a7112333b58e2cf3016896c1c75b922fc57a832f0945b1ee83ad5,False
2020-09-19,2020-09-20,v15.1,complete,ncar,"{""ncar"": 50}",50,0,0,83.33,d6858e1b8c901f32a67a56e4f08d4147b062f49076cebc0f9cd5bd10cc65f996,6276e7b13ff33878b1ba8a02e43f7e3e6a3f04b1be7dcbeedcbfe61343d5cc41,False
2020-09-20,2020-09-21,v15.1,complete,ncar,"{""ncar"": 50}",50,0,0,123.07,eec576540bdc5b411a583e9859db79fba60c3425c8c779ef2415562b7322f1c1,bc2806e14143e9a6e300e57f357253701b34a932beb953ebc6face93d5973462,False
2020-09-21,2020-09-22,v15.1,complete,ncar,"{""ncar"": 50}",50,0,0,108.29,64cddd0bb2c6b41b330a3056d6c5f43ecd808bee39b700e304f1a494f28ff447,03e4aacdd10d8855ada362a271047e371e758ff9043ac03981ecc17744ddda36,False
2020-09-22,2020-09-23,v15.1,complete,ncar,"{""ncar"": 50}",50,0,0,85.97,f3ed751875468aecfbd3267e17e4f710d16ba6d1bd02f4fa05f5b4cf366210df,820c2e5ae5937f00f7235731588e26eda02d0d4e00f18dc66acf98e0fbc9e09c,False
2020-09-23,2020-09-24,v15.1,complete,ncar,"{""ncar"": 50}",50,0,0,107.88,1dd665f7b53fcf2b69cef4590b872c1f30ff9e877f0746baf3bb65448369fa59,3a54c771254ee1eedb07dd8291064e0dedff7c8fa5b91f943c49c82fee7ef867,False
2020-09-24,2020-09-25,v15.1,complete,ncar,"{""ncar"": 50}",50,0,0,83.89,f362821a227174e4cb6b14ff6a8fe84954636f2fd5184521908f4bbda09dfd3d,4ade42f00266b6752b4c60deaaa29aa58c0620c0a8c0ccd220669db8f88b6fc8,False
2020-09-25,2020-09-26,v15.1,complete,ncar,"{""ncar"": 50}",50,0,0,68.24,b98755e28d32cd4cc7ff0317cd60e87f4cabdbbb686001d3dec19f592b227edb,f51b1542c49acbc35ee64bd87b7a64191efa67f931a918bd7cfc44d52cddd042,False
2020-09-26,2020-09-27,v15.1,complete,ncar,"{""ncar"": 50}",50,0,0,86.19,df15f1e2af9642e8a785b5edf535c7a7a42cf601c705356c3b253ae910e17b8f,79c575428b524571966fdc201a13db2b4e1a6f6c7fd87f5a8c173360b95899a7,False
2020-09-27,2020-09-28,v15.1,complete,ncar,"{""ncar"": 50}",50,0,0,70.02,cc39ce687cb4724fe122605a4a8cb5ea9ac5ecbdf4c0b33fa95f91decf35a8f0,0d6e9db8de66cdc72c89976f73c39333a752f9b1e4f7e51f047122f2b8cf3482,False
2020-09-28,2020-09-29,v15.1,complete,ncar,"{""ncar"": 50}",50,0,0,79.13,a2b9b725cef391175db8321f0fc150210c93a9944acce5f9f36e6187ec0b3a35,53130a17d8cac26bbfad1d4e194e4ae7dfa4a6647bf7927c757cb2312e6f4bef,False
2020-09-29,2020-09-30,v15.1,complete,ncar,"{""ncar"": 50}",50,0,0,85.93,3c3652e8d747aa5b1759c1b01d571fc9c2e52db4e5c57794828faa5e976df0f6,2174b6bd6fa18a3d742e996309164e083de1800a91ce9a709ef4156b54776120,False
2020-09-30,2020-10-01,v15.1,complete,ncar,"{""ncar"": 50}",50,0,0,64.95,a93726bdfc7488ed95ec623cb919d0570d01ddb29830ef341e02ac1233e34b30,bcdbafabcfcd003cd4bd1848859a70f3b7f5f898045ea9f305ef99870b86a5be,False
2020-10-01,2020-10-02,v15.1,complete,ncar,"{""ncar"": 50}",50,0,0,84.49,25bdf578bb8cb56db94c5279614cf500ce22da225419dec8c7eeaaf2b38ed6ec,3be86860fdd003af865b23ff200ef06e673fcbf645a73777fe8f598ec7c1346d,False
2020-10-02,2020-10-03,v15.1,complete,ncar,"{""ncar"": 50}",50,0,0,60.79,1fda63bb91e5d67ae188731c5d9a747fbbeb0cd4225985679a800134e17313ca,fffbfc99d5e7db58e306332baf4162fd583a4f5c7c112e50d4e7ef20d5e839c5,False
2020-10-03,2020-10-04,v15.1,complete,ncar,"{""ncar"": 50}",50,0,0,70.54,2a226ed1a07dfdc79b121e2dad25a3bd7c1039cb224166a9c7b4eaa6b5011ae6,890e09f59eea43ff4dac3f056f98b94a073e5c72d53013ba213c18e54a25bd88,False
2020-10-04,2020-10-05,v15.1,complete,ncar,"{""ncar"": 50}",50,1,0,180.53,2f657d95826f02257238099298b6cdcfdb4184242d70b25b51bbfda46cbada24,86e7b335f4b02a2a04d03b7fd4320904e4270cbf332f0f0b0ebd47032cc4c8b7,False
2020-10-05,2020-10-06,v15.1,complete,ncar,"{""ncar"": 50}",50,0,0,155.41,37aeab4afddd1f6b1aeee05a255f0d103b4f359e5854edf9cd7ea6e7121c47be,57c2d8f970c12c0bdafd57105d24e146be00ec8270fdc0f8d93c8947ebe1056b,False
2020-10-06,2020-10-07,v15.1,complete,ncar,"{""ncar"": 50}",50,0,0,126.62,09bc89a407217634822d580ed30c8ab86611c7e8239311d8654b2edb9727fb82,18a208a29b66113fc3244fce0b9952aea6666ac4f509506b37e8b75adaf74b09,False
2020-10-07,2020-10-08,v15.1,complete,ncar,"{""ncar"": 50}",50,0,0,92.59,0ab8601df2baa03ffd4208595bf64cd7b5b567cd9c361f59e538388df41f21d9,69336cc5c5ace9687b28c7cccda4b7562589ad6eb99d4ec5643b509e1621da02,False
2020-10-08,2020-10-09,v15.1,complete,ncar,"{""ncar"": 50}",50,0,0,88.91,eb1b5f950d66828874516025517e1c73d049b821e244761ccf6526cb6ddb61d5,432e17f530be85962417fe853bb0f8b91973a3f55ed413b4b91cb0b3c79a94f3,False
2020-10-09,2020-10-10,v15.1,complete,ncar,"{""ncar"": 50}",50,0,0,115.4,f542e115d491de888d6eeef92ce61a0de082b9052568354b6383f46f04c94e94,e3972af97d54fc47e10f8e1a7d021b0175c6903eec7779976ce4ffb3d179da04,False
2020-10-10,2020-10-11,v15.1,complete,ncar,"{""ncar"": 50}",50,0,0,91.4,12480901515555a737cff914bc808b32d1124062219ddf03c986867d1479056c,889452e8c8979109e8e2a91f2f88412efb6db5a1c377869ac3bf2874c55940e3,False
2020-10-11,2020-10-12,v15.1,complete,ncar,"{""ncar"": 50}",50,0,0,114.79,5649e8e071855abe63e31e8cd06735f3fafdbc33e7a49d0c567a2e1e1e1392a7,4d5fff53274a4add55614071e05b7796dde815704e46ab1bc53aecb0f600a8ac,False
2020-10-12,2020-10-13,v15.1,complete,ncar,"{""ncar"": 50}",50,0,0,103.9,0b4e8535448097de275c28071a46d8dd77a7e34348f34627f4d05fb6be92483c,240f4d447d1c06c8be7fa6dd538edca6f9e9f8c98fd7c329e29d4a7941637d52,False
2020-10-13,2020-10-14,v15.1,complete,ncar,"{""ncar"": 50}",50,0,0,133.47,aa4c4567bfb190ac31f7389f649014f84e91ada79992797c1d012ee51663e904,96b84d5a07dcc6dfbd80840a7513dd7d83dbe83f820398934ab5a964e1b68a43,False
2020-10-14,2020-10-15,v15.1,complete,ncar,"{""ncar"": 50}",50,0,0,109.04,2a04e94fa0d407132eacd385185b1bb21520e4bec56ade0046bfd055bff9da1b,a297bf117e37a961c6748f631fcc83798630161cb8c4b8b8199074fa42e8342f,False
2020-10-15,2020-10-16,v15.1,complete,ncar,"{""ncar"": 50}",50,0,0,94.39,5a227b00abcb32a8c9400a19279b351017a2bce4914bd8e88fc3735e097aa7e2,8843506ea1e1d74edfc6b90b95d6df862e38e765099fc92bd66eababf92080ef,False
2020-10-16,2020-10-17,v15.1,complete,ncar,"{""ncar"": 50}",50,0,0,95.73,96437d03c1394d6aafd9dde93ab972a52257646944e011d3cac076dd0d3b4017,dd70d1d3a564c20e2ece25154c4e77b30d9781d2ba520d376b58695b00490a6f,False
2020-10-17,2020-10-18,v15.1,complete,ncar,"{""ncar"": 50}",50,0,0,98.86,d84110b2e2f155b73151835787152c8cb4f0027f122c16c98f50249e32ef76cf,d9ec99e10647709a32d8b2df09ac80bff4b806b6b759b7c2eb24096102161aa4,False
2020-10-18,2020-10-19,v15.1,complete,ncar,"{""ncar"": 50}",50,0,0,143.02,f3e5d718238dba5948a93d19fdeb6ff1627e6728f71ed03f91f85c4dc86878c4,76c388096394478f8541b6bba4ec87e8b78c37cdb6861c236ebafd878791afc4,False
2020-10-19,2020-10-20,v15.1,complete,ncar,"{""ncar"": 50}",50,0,0,119.84,dd6e498f301e59a343077c0bc18d2517a8ae985d5b1dcb838c82e29d969ae2e8,9482c84399292a66af313bdb203bfbc4bb318d2243c286aa9785621632db29e9,False
2020-10-20,2020-10-21,v15.1,complete,ncar,"{""ncar"": 50}",50,0,0,69.21,bee3e0365870340cd695c12d0701c119182c6e682343dd7a3fa234dedd84443a,a0724fe204f218ec140077af59370bdd1c6295629c7b9c9b39030e4c73ff099f,False
2020-10-21,2020-10-22,v15.1,complete,ncar,"{""ncar"": 50}",50,0,0,87.95,7a6c104ce55af7651fa60676f310f8f8717950c70d63ac97910679f0bd5b5a33,111727242d041570cd431ba150cdc9bc9cc202d54216f5a1e4171f3035c74349,False
2020-10-22,2020-10-23,v15.1,complete,ncar,"{""ncar"": 50}",50,0,0,106.62,3fd225d2a5dd5d140033e2a69b4473770b47781d7041aa88998080136fa9e301,74d2f7dc86e1cf9b5dcbb721f41bdc3be26c03c7c77c6c998cee229553688292,False
2020-10-23,2020-10-24,v15.1,complete,ncar,"{""ncar"": 50}",50,0,0,146.48,7be58fedb7b14b4d6e711252fc4deb2c8816a061886cb54a662e5653470cf11c,5f59bc0830e6e19e626678ccc88350506046c369f5dee4646909844594297dae,False
2020-10-24,2020-10-25,v15.1,complete,ncar,"{""ncar"": 50}",50,0,0,237.29,4a2eef85811081e65c8de2019fb2d93b1530f69183df777c0aaaae654029f576,cf35e55c52bedbdd75fe1a333ca3dd43653a1107bd8c3b818683759057980ce8,True
2020-10-25,2020-10-26,v15.1,complete,ncar,"{""ncar"": 50}",50,0,0,89.96,d046f741b712f2c203e8d31c3621039a3b0c0751d93531005d8bd916d9678df6,7c8733eb2bca9d4daa60787db9d34b2b2f11c6fb9b8c2b10c9c252db0c839d5a,False
2020-10-26,2020-10-27,v15.1,complete,ncar,"{""ncar"": 50}",50,0,0,111.67,26bd977cf260bef8489473ba0e51b81b9cd43742d982946d091c262093472c13,91e95c8282203eeb2740dca6e75bfc53bbcc2d65cf88fd6f1651ad1430b8cf0a,False
2020-10-27,2020-10-28,v15.1,complete,ncar,"{""ncar"": 50}",50,0,0,199.2,5ea8cdac90752c15ce18ba8604d5e4c59d3747f54371d45132817f9a7f08fce7,71a256dbc3906f6bdac7f19f0e12e2a3e86810547b730db08f151143c6330ef3,False
2020-10-28,2020-10-29,v15.1,complete,ncar,"{""ncar"": 50}",50,0,0,80.26,8fd5a3c4cc2ef714787553f833894f51673b41232bae07292fb5cb8563a52319,43aca44435bee34516a378e1bca354fc227215e4ea013f9a755f42d860248591,False
2020-10-29,2020-10-30,v15.1,complete,ncar,"{""ncar"": 50}",50,0,0,119.62,d21e7de8434ae0b8bf73741e77573e37c0135060323e4ddb217bf578fbeba4bb,eacc199c7e99bc7e7506d37a79dde182f6c81bf14f77d7b18ca876d5b8f563ea,False
2020-10-30,2020-10-31,v15.1,complete,ncar,"{""ncar"": 50}",50,0,0,158.84,03a498d62e8d57ad1c920521e2a5244e99889cb2031880a317d8ba2df597f53f,9a5c3aa7c492f15d7d4d77585a50a16e11128453cedfe3cec729d484649cde56,False
2020-10-31,2020-11-01,v15.1,complete,ncar,"{""ncar"": 50}",50,0,0,106.8,3e3d12d18c595ad38529675e39a3b705fb50fc6243580a48054561d40e12bf40,f6423dc8864af2aff462cae699857c12c1f2d133afe5459114d1fe1f308f9e85,False
2020-11-01,2020-11-02,v15.1,complete,ncar,"{""ncar"": 50}",50,0,0,74.95,a4740b6f2f7c5fbea2c04ac7bd3278eecf0e3d85d3ee8b222412918bfb5145bd,1218cb2c3dde43914c6e2b4da42baa138641539dd45a7f747b17f30fc11ce3b6,False
2020-11-02,2020-11-03,v15.1,complete,ncar,"{""ncar"": 50}",50,0,0,106.41,983eedbd46f3c1d5a6125a6553e88f6b4ef9c562b20273ac3aad6135d99e58d0,c12eee49879e158864dd498faf98e5685a6e62e9f556e5d1fb7e09f22f7ed02f,False
2020-11-03,2020-11-04,v15.1,complete,ncar,"{""ncar"": 50}",50,0,0,147.23,d8999a25224911dccfb86b0457209c95498d7305d7d2b2120f51e745d8f85684,0973a68c53f7966e989b2a4857d29a58da215ab5fad43b14d37cdce63fe9ea64,False
2020-11-04,2020-11-05,v15.1,complete,ncar,"{""ncar"": 50}",50,0,0,112.77,ccf8abd084826e0198fb31177fda9666315fd325ab174ffabc4303f8a5501dd2,4c66473e1b200c0ab7b2c7618e9ac544757080bb9c4cdb4f0065dd42da74143e,False
2020-11-05,2020-11-06,v15.1,complete,ncar,"{""ncar"": 50}",50,0,0,109.29,889a41a632952890a5e69c7ea4bb82d5f8b933e60a848e4fda283b7d9ef6f210,326f19e412e1735aac43bc44b66c7412c8c9521f1d15d152bfefe35459241252,False
2020-11-06,2020-11-07,v15.1,complete,ncar,"{""ncar"": 50}",50,0,0,109.79,b5efa05f3a808bfedd8eaf2614fd24e0ff3e2a0b9f7cdcd053ecf9f22e477fa2,ea51ffd42979546f967b10d177800646beebb22191e51ce5e0f39e3219d46f37,False
2020-11-07,2020-11-08,v15.1,complete,ncar,"{""ncar"": 50}",50,0,0,138.04,4b1ed5b7ab87074c9de6be7e97e8c219420cef69e34bff8d3ad81b03869b0d93,5f28ab2e907e3d9e4f3425012ffbfc164076b8861e1a990d998d2e3dae7fbdc6,False
2020-11-08,2020-11-09,v15.1,complete,ncar,"{""ncar"": 50}",50,0,0,159.8,a5b26179fb61c6e580c299cc76029d5d10e32bc6195e594b9d07b203629fe640,4b5b3acb8cd87252d802f048b92d910c6b1e36f7f915ec694c037d43a57e1c19,False
2020-11-09,2020-11-10,v15.1,complete,ncar,"{""ncar"": 50}",50,0,0,120.79,9b6cc5e21704e0ddb8d8cd80298d699303061283726cb205e400b9af8026dc7e,05f23ee4023aef82551c0c36f6cfca4cb668bead7c5054c67830479ee4e1a286,False
2020-11-10,2020-11-11,v15.1,complete,ncar,"{""ncar"": 50}",50,0,0,103.76,c2057a936bec1e6db7e1fd363a3dff2d41992f6468d5d045a26aa2c07ebb457c,9906547286fbc0b00bb023f48b1d0a3d3e358fec0dd5bf7da670ac273121fdd1,False
2020-11-11,2020-11-12,v15.1,complete,ncar,"{""ncar"": 50}",50,0,0,86.07,fd1fe944e88b73afdfda88640eff3699ff15fe37fb5b512deccca7cc85fc8513,e405183d6918ca6e3f1fd3f61e36371f1e0c49198b31dd17035448f337756e50,False
2020-11-12,2020-11-13,v15.1,complete,ncar,"{""ncar"": 50}",50,0,0,108.09,23a5d25e0ece9b89e70a5366b9833172cd7b95cbbcaedd5ad53956a17f210442,6c1fe2f2c34fb4325661e2bcdb695d3c4bdc6cc7dba411198e8d44505ac27f53,False
2020-11-13,2020-11-14,v15.1,complete,ncar,"{""ncar"": 50}",50,0,0,128.2,1e88a828b4643dcfbd859762b8949de1612933f62c6549df91ca1aac8ad1d033,fd8b2b9daeaffb1205c832948d421d08ad4f7fa1f4084d1010d487ecc5736d12,False
2020-11-14,2020-11-15,v15.1,complete,ncar,"{""ncar"": 50}",50,0,0,122.47,fdb53124c41322717154ee253b3827c05908e8373198e4565b950e2009d9a589,d92fa85a98ca13901e7571abf590ae6eecbb9602b24b3740d2b5c4fe16565331,False
2020-11-15,2020-11-16,v15.1,complete,ncar,"{""ncar"": 50}",50,0,0,132.73,3739296c3678776f526379a62657ac1c99c5543aa96ab731eaf45538a14b873f,a7b72aeada62c7b844d73bd4844f544de9a32913e1fde744a4660325a5d94800,False
2020-11-16,2020-11-17,v15.1,complete,ncar,"{""ncar"": 50}",50,0,0,128.52,e30e80bfaa9a43af9b2b994b857bd91cc2f37bada254610d25c5f25c21102ef8,d89394a37be64328c36316638fdbc83edb7afd7ba16b6be607bdf348044ac4c2,False
2020-11-17,2020-11-18,v15.1,complete,ncar,"{""ncar"": 50}",50,0,0,74.64,8072c3245ee47cd5b23d80b508cff51978040b8312a1e22429cc85fd18b91e04,2e37f4fdaa45c60f2da80d2e22ffdbc496d148c28caa3bb0e5832e515c67f499,False
2020-11-18,2020-11-19,v15.1,complete,ncar,"{""ncar"": 50}",50,0,0,70.36,83e2c2728221e3aeab1e3d098ab13a451a84fc953b7859f4621206795dfdf1b0,f401ed50ba658bbcbc192457d0d5303c629cafbecd196a531765c6bc952aeaf6,False
2020-11-19,2020-11-20,v15.1,complete,ncar,"{""ncar"": 50}",50,0,0,69.47,887ddda194f7edaac54c4266cae637245ffc5a1b67c2af09583f39620bc7061b,99faaa6b305cdc44a56b0baa5133640507bbe9006d740959048f3223775fdd83,False
2020-11-20,2020-11-21,v15.1,complete,ncar,"{""ncar"": 50}",50,0,0,143.6,e6f75c2299c1c9b9644ef5c6f588b71f6ef950c3d739297180aaa9dfa6ed9bd0,2654539bbe239956dd46c4b4040dc5e6d58508cf8ca2c9924a29a44772b934d5,False
2020-11-21,2020-11-22,v15.1,complete,ncar,"{""ncar"": 50}",50,0,0,141.82,e331a4e0ba0507ddaf1b4dd133d0ad4d223405aa99f965e8e17440d4f16bdc76,022e03375b59fb1b7ec05a499d15a91cf2970ced9b0dcca07d51a2460e0e0099,False
2020-11-22,2020-11-23,v15.1,complete,ncar,"{""ncar"": 50}",50,0,0,97.51,a6e963eb12e23972b151765cb579ad7126a316c97015aef4d6287b6503e78114,8065e6142020b1e424139ecd867a55d9ec2a8e67f62a9a16b7f81e6df7ede97e,False
2020-11-23,2020-11-24,v15.1,complete,ncar,"{""ncar"": 50}",50,0,0,111.57,38b680fe3b6dc6f394b7639404174695d1b3f94a2c1daee11d3985dc1f1b5a83,1a0c86626ce1491cb5bf665a970000a50caebe6dba52378544bd20d618ff3809,False
2020-11-24,2020-11-25,v15.1,complete,ncar,"{""ncar"": 50}",50,0,0,159.27,5eced82f7edad060faf78b87e06b7346fd1047bee4e6d353fc8e65379a68c51e,c304664cf72b5405f6dd0e34bd759c4ad94f8e8354910e74e9cf359bb5a9ef94,False
2020-11-25,2020-11-26,v15.1,complete,ncar,"{""ncar"": 50}",50,0,0,77.35,4b379ab388ae34b36cfcc4bcee38d11e5c57f27735ec3574f2632054226010e2,0a07560de1f97cc1ebe66945bd4bd4aa7fa0cd0f5c32eaaa660f8658adc24ad5,False
2020-11-26,2020-11-27,v15.1,complete,ncar,"{""ncar"": 50}",50,0,0,146.98,df1be25727d262a1b53c9669c57084e7b26f5e68a5f904718286ac643828fe98,72aa69c86c09f2073135514f6839037bf915f60b46f414a09d340c395af361c8,False
2020-11-27,2020-11-28,v15.1,complete,ncar,"{""ncar"": 50}",50,0,0,95.4,869694a362aca5ea9fd4457dac9b98715bac95d7848cc62a6232275a976d6870,4afc9dcaa7112c7652a16fa14709c0d7dddb50ef35db8d46e63467c69bbeb541,False
2020-11-28,2020-11-29,v15.1,complete,ncar,"{""ncar"": 50}",50,0,0,79.69,9bf9707ad63542757ba1a0b6f1e61826999249a80e8deed0cbd879225ad56096,74297cf95b61e247ad83a89bb6a1365bb6d777130ad0716571764a7b8e0b8878,False
2020-11-29,2020-11-30,v15.1,complete,ncar,"{""ncar"": 50}",50,0,0,120.84,6c535586a36e4d24e14f4b0d981a1d89649be9786ea762e59f630347fed41b33,6066f40ad9f066b690405a9f9049bfc2ec84b2b7a5d9d61bf122ab1c4e8782d2,False
2020-11-30,2020-12-01,v15.1,complete,ncar,"{""ncar"": 50}",50,0,0,186.72,30b4a06b8242bbe2ecc825d51e30a9df3d49bda53c07a11f1c4f5fc0b2863f3a,4911731180cb0c82d586bf39c20a7773793603bca71178cde0683368f48f0c71,False
2020-12-01,2020-12-02,v15.1,complete,ncar,"{""ncar"": 50}",50,0,0,166.94,c7381e4237605a6a36966380c5c679171c9fd07c7679b95b8288d1aa5dcc5286,bdc7517a567563059248fa1da166833403b136909125ae1cd3fc6a1159e1790f,False
2020-12-02,2020-12-03,v15.1,complete,ncar,"{""ncar"": 50}",50,0,0,115.44,42a34c1771f5e42db6983b5153eb83c69bbf79efdce6085ff1f9d46e8e747960,5af1df1d7f9ee0f220916d6096cf1c400426a73bea3029c5e91941736177f53f,False
2020-12-03,2020-12-04,v15.1,complete,ncar,"{""ncar"": 50}",50,0,0,100.97,2adfe6e18bf2c9720719f4cf92413bb016202c3e874eda124657220062c97f63,ae908e24b5c2f91de3e36e337b07949e7736b04abc0c416b403c92fb2e45a3fc,False
2020-12-04,2020-12-05,v15.1,complete,ncar,"{""ncar"": 50}",50,0,0,120.46,39559b298635ac68865b7580553fbae3ff8cc96d60ab2469a18a7e1d5381645f,3a75b8921f0c209a79f27e8ee13994d280522be5716c81675691c5f42a8cdf63,False
2020-12-05,2020-12-06,v15.1,complete,ncar,"{""ncar"": 50}",50,0,0,104.41,751274754922d9702ac6cad44188f19cf3a9008885a911659e7913268e47652c,a744c566bb64ee9449c7fd9c0cdf84450807b1065c5dd822d3b33d866b1c1a38,False
2020-12-06,2020-12-07,v15.1,complete,ncar,"{""ncar"": 50}",50,0,0,121.63,ca8709200b33d8a8e44008d48d6a4f706b6cd90ab2cf4e2177b79462d31498c6,30b13b1b99d71ce0483c0041be9c81cc27c8c3a0dce99e96227871b4aad4bca4,False
2020-12-07,2020-12-08,v15.1,complete,ncar,"{""ncar"": 50}",50,0,0,126.77,78f3c753427ecc5aeb4e6c47dcf2c66e2e2801b4354eeac5a0edf4f6cb2dfb64,375f8d066e6a9b91d72e999836dbc849e0ca5f0c57506b7f421a688f0bc8c602,False
2020-12-08,2020-12-09,v15.1,complete,ncar,"{""ncar"": 50}",50,0,0,104.13,82475ff069e1da3d359e1a2e2788312ac6e2a29a4773ca7f5498ce9f00eb697b,0f38c7c5ff31752b1ffa1ae7218f512617920593365e621d24628cc18fbe136f,False
2020-12-09,2020-12-10,v15.1,complete,ncar,"{""ncar"": 50}",50,0,0,87.86,b9d6c8b999a52b93ac4aaff98b3dd1c08643f234418fcc12df19adc07d267547,f383e1b67282d461a8302e5ced0caccacdfd5ecb094ba2cb185b6cf64a810c21,False
2020-12-10,2020-12-11,v15.1,complete,ncar,"{""ncar"": 50}",50,0,0,96.34,5b475baac881d670d683ea37b27c2ce8dd9c6eeaa592228e9bcbaaa3731945d4,696442cf443035a530f2076e6b61bd6a942523e9ed5c46aa369db8976a2c1bb6,False
2020-12-11,2020-12-12,v15.1,complete,ncar,"{""ncar"": 50}",50,0,0,213.41,6feff84c09b31bad2a53e618b31ae467ce00b17cca5ecf41fc11f6cf572344a4,c980af235d83fbef202fe3e872bd520431982c9307b796399e3730cc14ace982,False
2020-12-12,2020-12-13,v15.1,complete,ncar,"{""ncar"": 50}",50,0,0,104.61,003e3a0c47ec951855f96b7bbf622989e95a3ccc6a76fd6f4c4d0fa58ccbc688,b1a96475a395f67ea982029e0387e2e769d82884f65107ecc5761b6e1f5838c4,False
2020-12-13,2020-12-14,v15.1,complete,ncar,"{""ncar"": 50}",50,0,0,117.54,43db5593317f98018b0633440a34b778a4a5d3b415c5d862c2d348513d24d062,0a52ca84533658e8ba13574809cdcd3953ece04763409da6ad5cbce3b7512a82,False
2020-12-14,2020-12-15,v15.1,complete,ncar,"{""ncar"": 50}",50,0,0,93.76,1d22620a5b8be4236f1da45ffad711d77c29ae5044b8de2e46d2993471ddad12,a95d4d639560f62d1a4cc51d062f08d98d0f5df95451fd77e9ab9895ca59231a,False
2020-12-15,2020-12-16,v15.1,complete,ncar,"{""ncar"": 50}",50,0,0,138.69,18c8665c773e4a2358d91a2dac8b476df94727073a1b4ea116096bb74e9d7d9f,7ebeebe8e545ab4f99f1e559e15e1939a2d33431c104da6dd0aa26df084444b1,False
2020-12-16,2020-12-17,v15.1,complete,ncar,"{""ncar"": 50}",50,0,0,105.87,ce5977e959202bc586cfd03084499e8b2fc50d09ce24d9569af92fda9ead3d74,20d1cdb7ff5024a79394a6fbf78df5a09fb4107be4e00cad2aa1e8d88277eb6d,False
2020-12-17,2020-12-18,v15.1,complete,ncar,"{""ncar"": 50}",50,0,0,184.5,1fe6338d128046f92cd2000ed1f417b77dd6eb9a79436f96f096fac5bab153ec,b86dd906e1b129f2ccaf6d979c79af7cae36ef10588df5b49dd94e21ea1677a3,False
2020-12-18,2020-12-19,v15.1,complete,ncar,"{""ncar"": 50}",50,0,0,198.03,15e296812d6408d45256c31c1928b831112ebb81ec37c17a2520848ca387852f,1fb30decb3e018645b8ed0696440b2394b6399b323b8b76a098fd940b6c1aceb,False
2020-12-19,2020-12-20,v15.1,complete,ncar,"{""ncar"": 50}",50,0,0,151.74,585e262877d47ab81e68b8415d80778a8f821c5c014916a06d56789b4ce6142c,7944d21556bcb27913598898c9af6ee95914ed12c7d5f0d11b5cbcda741c87eb,False
2020-12-20,2020-12-21,v15.1,complete,ncar,"{""ncar"": 50}",50,0,0,88.18,4d0fa07736fd6c57628900ec4465483cc8f994c66412b202b8512cc1851e345e,9020e0d95e14bed5cd322e7984e127d621bf0d5fa462309b9cc19af9246292cf,False
2020-12-21,2020-12-22,v15.1,complete,ncar,"{""ncar"": 50}",50,0,0,84.07,b1b85ee3d8aa537031fe9af1788f1ea8d8eeeec8b8a50a468e1cac7cc8da29a4,c37dd9f6ac583fe91577ce192e8112b2f5c2acc482895f618745e29484d2f5d9,False
2020-12-22,2020-12-23,v15.1,complete,ncar,"{""ncar"": 50}",50,0,0,92.67,13e497e3348031608859bc1828b961bd654a3769aef466fccd2ddb398109890f,0f4efa90d3065c93d421f620a0e793525709f46cc44e83cb25a1929d768ef35a,False
2020-12-23,2020-12-24,v15.1,complete,ncar,"{""ncar"": 50}",50,0,0,65.87,522002bd7a208d601b271edb9621c8ef37939662e3885a594927063bd47c1b52,474b51f3b9bdae56c9ee221c16eb11b86ca70a68767dfffd37f747ed04e8810d,False
2020-12-24,2020-12-25,v15.1,complete,ncar,"{""ncar"": 50}",50,0,0,107.27,b05b8cab2aba225752d54c3e74fd971a5caabf22a863b2bd6771efbdb0e13891,9e772b298dfcb5847f317e3880445cd84fe4b7796d73bf48424a48599cf3bcf5,False
2020-12-25,2020-12-26,v15.1,complete,ncar,"{""ncar"": 50}",50,0,0,106.55,d8bbfb5b34b39e46230c62b7494094761604a45b198f3f2669306a87711d916d,9334ac1faeeede024fbd272b168ca71316820023cc96da2384eda7f9b38fa7c3,False
2020-12-26,2020-12-27,v15.1,complete,ncar,"{""ncar"": 50}",50,0,0,76.41,f8abbccea8e0e22c48e713e080e84468bdb4385ca644299fb097338b0be50e70,f956fbd390fd9d79e555f94cd474b5a9d97b455f29f551dbac2a1500da43e04d,False
2020-12-27,2020-12-28,v15.1,complete,ncar,"{""ncar"": 50}",50,0,0,91.31,25619c8f79d54b20dfaf85c28fd19c37bf55dcadc7f68d52b440cdd3b206a3ae,255d3a17cc4084b09215136fb32875742f80f2ac6fa0747ce8cae2779b5557cc,False
2020-12-28,2020-12-29,v15.1,complete,ncar,"{""ncar"": 50}",50,0,0,82.79,27590cddcbba85f1ce2e6d896da7892aef4e0a68c65433e10a7fe5934043a67f,81362328c53b1354e5f14078d72269cd0daa2076f0f92f98fb9d8c8c72cd43cd,False
2020-12-29,2020-12-30,v15.1,complete,ncar,"{""ncar"": 50}",50,0,0,81.01,2bb5b436905c0f67fa37112579b04a73aef8bf45cad00df18352f5ec7c601e0d,b686d826cd772f72ebd877e2df3acd4067f218c9beead2f20300f9787d94491a,False
2020-12-30,2020-12-31,v15.1,complete,ncar,"{""ncar"": 50}",50,0,0,68.22,009656b981fd75e830bdcefb185736bb2638eba337f3a7d834e883dd5e150f59,1de47191fba7cbdfbe11d009eafa8e044a1c568be7957f22b2255cffab7066c9,False
2020-12-31,2021-01-01,v15.1,complete,ncar,"{""ncar"": 50}",50,0,0,212.44,6730fae461cd314aabcfb36f372fa4b3f279e379f1084f6a4b74a8837dfd82d0,4c8f2777129b57dda241884b34b7284fd34c93323156f8133cbc1698c5161091,False
2021-01-01,2021-01-02,v15.1,complete,aws,"{""aws"": 50}",50,0,0,25.61,a927254c834abc405c7ad7d29faa4c51a47e78be37567acf2ae58646148dbfe9,9c290a5b6a72d7b9088b99294ca69e87e27bfed7ef19d583639dd5693e24207b,False
2021-01-02,2021-01-03,v15.1,complete,aws,"{""aws"": 50}",50,0,0,30.64,34b79c13d5f9fcbe88f9e13a96825d9ead675f1337dd7ea64156fb7a1573b28e,f80ae1ceb0718aef3a08464560e7c3a0f367208630c7b6f7d3f995f050ffa0fb,False
2021-01-03,2021-01-04,v15.1,complete,aws,"{""aws"": 50}",50,0,0,13.47,fae9af267c9ab04a196b01d56adf0e1b275644eb5763002f2226250c7bc1714a,671e3979cd320dd1aa357c3e8d78a68fea33c52d8963baff7c6ae035b3ea2929,False
2021-01-04,2021-01-05,v15.1,complete,aws,"{""aws"": 50}",50,0,0,985.75,003c928eb78eecd000b79391b21f0896c0020384c1d38725eed38b74508dc872,4deea96b96b318042ec7a0632d486f531ef2b4bec87118125cc283a5b33b6c3b,False
2021-01-05,2021-01-06,v15.1,complete,aws,"{""aws"": 50}",50,0,0,15.33,bb887c70056043568d3b40d9d810ec20fe192288ca29d2f6c7f993e8e897f79a,3467aa6d7a4c5f32bc1c1927512f3aaf5571c5a3ea3036e1e816c1965603e25d,False
2021-01-06,2021-01-07,v15.1,complete,aws,"{""aws"": 50}",50,0,0,14.04,b43e6d64ef2ec56e24e774fd32fc5fc43f9449945c896893cbb5195f07551a8c,56cf9a16e880048eb6a59f2ef4793094b43b75ddbd558617fc75802652ac27a3,False
2021-01-07,2021-01-08,v15.1,complete,aws,"{""aws"": 50}",50,0,0,13.23,a0eee80507a841ea7828145b59802e38a1854372871dbfab39735d600f762f56,7498c5e82872f5b75363a6fc12060137daecfaaef0915cac55e5120a6c6d0986,False
2021-01-08,2021-01-09,v15.1,complete,aws,"{""aws"": 50}",50,0,0,34.61,88014dfca559815f3f0816b4eb2a2fc8fea2f1db32da31e8432e187998b0e033,2ff1d06070a56f513cb8278e63f7b33c8ea1550551a15e4c4d8ef65a80aaea94,False
2021-01-09,2021-01-10,v15.1,complete,aws,"{""aws"": 50}",50,0,0,105.36,f3e979a9e08d901ea38fe8c6c689443193cfb3f5c2ee337d6bafb729dd118fb3,f5f81cb49e54bdb72520fe18a42dc768b2b3db84fcff6c6c7d4ba83508763470,False
2021-01-10,2021-01-11,v15.1,complete,aws,"{""aws"": 50}",50,0,0,127.64,37a308c11d506d43e26f5af5a38689d1369856f61d817ad6839ac25afdf0cc1e,24787ad9e6f89f13832e10a1b5cdb48dc47239b22eeca6d2c35643fd49cca3b8,False
2021-01-11,2021-01-12,v15.1,complete,aws,"{""aws"": 50}",50,0,0,71.98,8ace8007adcc6b7bcda6fe81d1d390dcd9a4071c89b04fadf6af5e567d10aa2b,0ad67de5fac748234f9f6626a0d0111a3aa6ef85d880f2e0510959126f9443b0,False
2021-01-12,2021-01-13,v15.1,complete,aws,"{""aws"": 50}",50,0,0,68.91,79ba38275a336549290a29267cb9398f864085214d0aa81ed33efac34c94fe6a,16693527a01cfc66f81529ca8857325983d8dc50da34abed84943d15ac1c4eb0,False
2021-01-13,2021-01-14,v15.1,complete,aws,"{""aws"": 50}",50,0,0,15.52,9e18ffed199c109487de2bdd86518fb9d9ba938687a4d70136feadd60721d86e,ce3359e50f0e654ca8010b2023d21b74ecc7d21ec4496e02c09ab4f9928fea46,False
2021-01-14,2021-01-15,v15.1,complete,aws,"{""aws"": 50}",50,0,0,13.37,b0288259aedd0ca53726204a77414b15c936e13c7d620ada165a0589adb152e4,b29d86a5aee9b155b587fe7e5990267e930dc2ad641b4217c13ae35cc1dc501a,False
2021-01-15,2021-01-16,v15.1,complete,aws,"{""aws"": 50}",50,1,0,232.35,e4ad30e59954855250dade56a424b649b68d689057974d1ba8cf61cee713d342,3650ab234afaae1182a656c5a4322053647e765def38eabf12d7015f8d9da09a,False
2021-01-16,2021-01-17,v15.1,complete,aws,"{""aws"": 50}",50,0,0,32.42,247e5bc9c0176c63f91d7ad60ec5662984f589700b368d5b69ef890e2395e08e,c45bc379e5d982f148d2607a55e14c1f9474672fd3bb9c45ba07fc64a4808e9a,False
2021-01-17,2021-01-18,v15.1,complete,aws,"{""aws"": 50}",50,0,0,12.85,c589e77343ef852bdd880fa2a5b5fbf5214551dac65acf7c9ffa67e6a83807ae,f0097cb51bb992f446209893aeae8f6916c37b5ba211d6eeb6cbdf02e5d0b7e7,False
2021-01-18,2021-01-19,v15.1,complete,aws,"{""aws"": 50}",50,0,0,229.29,584eb318d829d9c523a4b4bbfc40eef79b4638db182c1db1d747b14c866abf1b,d1ac1a580796853d0a9305f2c41027028193e2737075595cb5fa291ff13570c6,False
2021-01-19,2021-01-20,v15.1,complete,aws,"{""aws"": 50}",50,0,0,97.76,b04ea489d86e188042b35e68f68081b762a2c922f5772f409b7c6848c2f2a937,db8694ea6ecbffd259b38004621200448f0d2f5b15b1484f371f3e3da5d8eea9,False
2021-01-20,2021-01-21,v15.1,complete,aws,"{""aws"": 50}",50,0,0,13.39,90e2d61a2663d8f0c89f8274bb885ce29fe8a6feb9b384067e79f27d03fca53e,ca20c1b4f2d45da105b4d9c4dd5824664c94084e438d2fcfc3db35100529b37c,False
2021-01-21,2021-01-22,v15.1,complete,aws,"{""aws"": 50}",50,0,0,129.77,74bc50134b270d6728affa090e2af0d7f3dd0f2fcb85137ede3881447a60f7e3,d8cc8f6f81a6318a80687f96ac458521324d7539fffa8f8b2580cb212ba7ef05,False
2021-01-22,2021-01-23,v15.1,complete,aws,"{""aws"": 50}",50,0,0,12.5,90461f644449abbf5c88ab2f508c796bdbe8f89e01294855a0c92ce47093cb8f,2000132872c73c3891ed4557a877bdc4d3e651fc6679d4f673bcc9bcc8b54f35,False
2021-01-23,2021-01-24,v15.1,complete,aws,"{""aws"": 50}",50,0,0,12.82,4425cc880acb2db56d3ec4b0e4c55af636fea5e5990064995ed381caf0c74f40,3b59fa9dbcbc8d0581111c8ebe22f0884577dbb90e310382cd18a61d63d2c2a8,False
2021-01-24,2021-01-25,v15.1,complete,aws,"{""aws"": 50}",50,0,0,401.88,79507ddf2299f38d0e7b8179443aecb792a1480273ce202f3b436097f77a040f,d649c6d2ef0336b81e930e45a76502fcf27fa735d2a7dd5ef002dca77b47afa4,False
2021-01-25,2021-01-26,v15.1,complete,aws,"{""aws"": 50}",50,0,0,256.68,84e37676bc1151e671853b2a4f395070006df38e751e5d6fc4e0871301a94325,01583ab38cbe6170227a7570c798207e056e473ff92af9505ddbe9c18f660d27,False
2021-01-26,2021-01-27,v15.1,complete,aws,"{""aws"": 50}",50,0,0,12.63,67369606a9477147bbde7dcfdee090a86b2601b76a34477f170e9d2f6725bb97,ea33c4ac8b4ccfa4a96896e7ad9af78ebc6e44e35b1a688ee412d0e12002684a,False
2021-01-27,2021-01-28,v15.1,complete,aws,"{""aws"": 50}",50,0,0,13.31,0ec1f0a75d129216fe9d7a15348e721fb04e01403758bf43a99e6a7d56fd0951,7c208cf1e9b608b5be6c8fccc7a13fc01e926b6ab3be1300071d2ac761711ef8,False
2021-01-28,2021-01-29,v15.1,complete,aws,"{""aws"": 50}",50,0,0,241.62,0234c83aa640cea9f8be0c1bc5ee312db8ee970da9950a4c71e28bd6061a5ea8,b0c6e9a06e63883ddd3014a6946937b1e75003f106edf81b471502d5d76b8b74,False
2021-01-29,2021-01-30,v15.1,complete,aws,"{""aws"": 50}",50,0,0,13.11,1eb8ad08db59c4ff0e9acb47a7ddd0c0ccc7a801cd00b64416c2fbcda80d6997,8955d44a58b6f200a8340c030f0ed69e78d8ff4acab2a44349fd44261aba8eac,False
2021-01-30,2021-01-31,v15.1,complete,aws,"{""aws"": 50}",50,0,0,12.71,a1ba42a2f84b65191d5106cf39f3e042cc36d613ef9553d23de5300057de6fdd,db687190f512f4a2b053af4c2401ccdd6f293ebaaa33840619811cb67c98b242,False
2021-01-31,2021-02-01,v15.1,complete,aws,"{""aws"": 50}",50,0,0,14.72,b97a91e2831e1a5f59d1d79f952a69d5d99d813d6566c899907285ade544b107,9fe94021916e60fefc7a5b8a78586cda947e5fe1ece93dcdf85b1dafda8f96bf,False
2021-02-01,2021-02-02,v15.1,complete,aws,"{""aws"": 50}",50,0,0,12.51,d821740595f435437a06000ee8c104e841df44a28e641768eae84392f824636d,7fdea19a052ed326938b305e5daff86f13f0bf580998ee3408828f6f6cc9c3a9,False
2021-02-02,2021-02-03,v15.1,complete,ncar,"{""ncar"": 50}",50,0,0,138.44,3eca198bec0fdc2e72df11af9f44d6210a68f3684e6c8b3ced8f2aba36ed94c6,d70edfc64d2ac9e52e8b1e720cfdcd26ea26336412a7d0371b3963c13c92fc9f,True
2021-02-03,2021-02-04,v15.1,complete,aws,"{""aws"": 50}",50,0,0,131.47,644e0e1e91739b787de834a0486c55b1e01b041b625374ce3713b8ca150d1724,4244991dc51b61a1be2f7027d809602a4dc7e2aadbdd4b48a0bd5c2e63fc5f78,False
2021-02-04,2021-02-05,v15.1,complete,aws,"{""aws"": 50}",50,0,0,13.42,5d10a4997109e2e3c180beadcfc83f3be8a03527dc6fd116c43c2554f93a58ec,56ac4b09c9ebb2f9104ca339fe170ae66974ef12f89b433ba3b4917861967c20,False
2021-02-05,2021-02-06,v15.1,complete,aws,"{""aws"": 50}",50,0,0,13.18,adba59a52e8cf9dc54f3937d1b4e5810f61975151c6ee0ab5f5003fd078ad5b5,1da70025c4473c2649e4cd4bdc301d93f8104fa9044381d12111402c05a4532a,False
2021-02-06,2021-02-07,v15.1,complete,aws,"{""aws"": 50}",50,0,0,17.38,0bc812eb82d467c17ab7bbaf6b6274c66864faaa3bb364044c41bfbf4f071385,e1582bc549ea3425aa9476a64d06d0b36938022b69cb00322f0eb776f44c4363,False
2021-02-07,2021-02-08,v15.1,complete,aws,"{""aws"": 50}",50,0,0,15.94,4ec9b800421128f020c641a078d145ace7f926bf042bf13444bfe4f798bf419b,deaf74e01246a871714fd9f326f6bacbd281ac5b440d4c58bf264c87f85c115e,False
2021-02-08,2021-02-09,v15.1,complete,aws,"{""aws"": 50}",50,0,0,137.56,0efc82d05ca3224907320ed5592c3e82bdbaf4c383045eb8d59ececabab0d858,df7dbb27f706c7cca048399acf025ab5d0aa8c6263b8b6bca1d2f6e6ca8285a8,False
2021-02-09,2021-02-10,v15.1,complete,aws,"{""aws"": 50}",50,0,0,14.24,d8d16f1aeac4d6c6a3c1683cf7b462b8cefd1c180e90ee11d4a38d9b7dee99ee,e4b13ee8fe005e6e1af1ea31df5864c903897efad049276850b59206bc651c89,False
2021-02-10,2021-02-11,v15.1,complete,aws,"{""aws"": 50}",50,0,0,13.72,46ec985388c1da7819718cf7c4aa243f43b8f4693436a5d7064dd35d3e51aa9e,60c14a932ee6dc3846899af8324af881887c167827cf0f49c4acb8674d67d0c8,False
2021-02-11,2021-02-12,v15.1,complete,aws,"{""aws"": 50}",50,0,0,14.66,a1feeb13fe420c627b139daa51e7375bc9cb71964541723417d822ecf22f7092,b06cf9a02db93e067a1cfbf13271c70a71a8969502ff1393274bd177a78cf135,False
2021-02-12,2021-02-13,v15.1,complete,aws,"{""aws"": 50}",50,0,0,13.51,79b1b6d82713e9ffcc1f254f872297fc4859a600de03b4812350565b140cb784,1f868aaace7d286de0aac4b70c979ab05532d4a3d1d10f8fd3a3ca677eb7f68d,False
2021-02-13,2021-02-14,v15.1,complete,aws,"{""aws"": 50}",50,0,0,68.7,3258ef5d6394aebd174c778d0e27ba967a66ce1639ad3de2fc94896c0cd8d56a,68c798582008942824e98b73edd5e00789f0a7453917964d4f58750a1a9e1125,False
2021-02-14,2021-02-15,v15.1,complete,aws,"{""aws"": 50}",50,0,0,13.64,fca2e35a79c691c0661bee4181c1f894712be014cd7c4270a87bdbd01ceb5acd,2b7ab89475cc8da22bf0d90ef90e1dfe2f878c87c15f0dd752562a4af11c9d5b,False
2021-02-15,2021-02-16,v15.1,complete,aws,"{""aws"": 50}",50,0,0,12.34,291262737c8d40eb2c888cb61ee54973e19af315b790841e6357cd0d3ccd40a1,e7b95bd573bdca2f5fbf1e9cc5b80e965fcf31857f8e8a569d6336b095bc3824,False
2021-02-16,2021-02-17,v15.1,complete,aws,"{""aws"": 50}",50,0,0,15.13,a7de9d2f3f956e80bb72cd00caa87a599bacff2128a6c93f4b87fa8fddf1a3ec,16e0948ec49a6894032093a4e9af0b35d2a36634e5c8e3e9caf9161c24fdcf00,False
2021-02-17,2021-02-18,v15.1,complete,aws,"{""aws"": 50}",50,0,0,13.18,de51b00cb3e35a8cea580cee01f35393ae375643d5569351242d842925e8db36,9732e12b6ec5c413e2173a270de25d695fd8801a78d44cee77a237e31b85d3b8,False
2021-02-18,2021-02-19,v15.1,complete,aws,"{""aws"": 50}",50,0,0,14.81,bc4a90e67c6b34739c51701eb3c22c9c318e03b142d011bd1ac2e54ef183ce0d,aabe0fd170d5f4767f88ca6971d71ecaf5f85298e88c8609c52f07161b966604,False
2021-02-19,2021-02-20,v15.1,complete,aws,"{""aws"": 50}",50,0,0,13.93,f75f3cb65a09d25b5966d6c3c278ecb9f9c708d1f402cf1669ae41ec86099c66,37ae671ad27657c4911a5a855723da6d4a8e5845c55cdf1f1825e3ee9d3da32f,False
2021-02-20,2021-02-21,v15.1,complete,aws,"{""aws"": 50}",50,0,0,13.41,785126c70ab09cfc1f1f9cbf30338e15719d6b9d2aea32d08eabf1c23666c3d7,86a2a5a97454a3bc670a51ba66e394a33154262f760d1f9cb56a375bff864461,False
2021-02-21,2021-02-22,v15.1,complete,aws,"{""aws"": 50}",50,0,0,70.82,aad2692df3f6dc0ac9d1770094de9ff751ea5387a36b6189437df7fb0390cad0,867baef03e526123e24da32c04c14276f0431a86e244aebe3578b17bcc2b4ace,False
2021-02-22,2021-02-23,v15.1,complete,aws,"{""aws"": 50}",50,0,0,14.03,c89eb699da41ea23289bb6349f1e656e163629df1a95ba7d71f06d296703b166,3099810a5bfe17235d4b1499433d15389160cff838968847c00b053469e5ae3b,False
2021-02-23,2021-02-24,v15.1,complete,aws,"{""aws"": 50}",50,0,0,70.27,153cccf6d51c572e7a1c51bcfab9f3f86e35b76030a382e261fae07bd1602812,3b2fef2757ddbe19ea812a27f7e168b6d3c3fd2484c68d9a4a21cc16c400091b,False
2021-02-24,2021-02-25,v15.1,complete,aws,"{""aws"": 50}",50,0,0,51.14,67fcd7d0cf70110d7c732e1e1f61dbefb6e204264acbfee9b5d953011b528f22,d63f22b13251a68ff4b938786eac10099fe606db6c723ba31183cc9809f09cd1,False
2021-02-25,2021-02-26,v15.1,complete,aws,"{""aws"": 50}",50,0,0,44.92,91ea380f15ce3ff3b00297d0ed572df287db1e54bf3cf11bc3125c0b1d8a8ab9,5802244e2eced7fd4b0bc15a1e81abca62da2a6b7cef1232727c1790826163ce,False
2021-02-26,2021-02-27,v15.1,complete,aws,"{""aws"": 50}",50,0,0,120.55,e76f2d95bc2e3f56a1c693ee20bc5bb70c7c38050bb56fb360ffeb8e0b85b234,9b9b13150f75741ed5b63f4b4753c18007d4baadd8ab72bd12c37550d2b052fd,False
2021-02-27,2021-02-28,v15.1,complete,aws,"{""aws"": 50}",50,0,0,16.45,60d4622fb516a5ac9f3527d828df239baac80e4d76f94e2c47e7c9c95ef40284,50e5fe7b7b81e78c22019d7889efcd92b99af699a318c8ae4108959ff0010de3,False
2021-02-28,2021-03-01,v15.1,complete,aws,"{""aws"": 50}",50,0,0,12.99,b000854cddc75b7b8a08ad9c4425e4c3d5c42e9804b57a739987b7dccc5a4439,9ef8bd73f1389f68cef9eeca7be08379903c49d64922618c71f25499db35e001,False
2021-03-01,2021-03-02,v15.1,complete,aws,"{""aws"": 50}",50,0,0,15.45,237c3040ae42b57688b3193880978ff0a02116a778ce7ae6ac4c4fd891073868,4b68cd335da979b4bf60ad4cb259ae539cb6d793be2f4f9026a149788eb6fddb,False
2021-03-02,2021-03-03,v15.1,complete,aws,"{""aws"": 50}",50,0,0,12.79,c1ce40a0b2ae4991c32cf25d6341cb98dcd52471453a8160eebb767548d23847,6e71e2a539f6f3a04411b9a23657cd795f6715b1e5c41a80c0bed6c142dd9def,False
2021-03-03,2021-03-04,v15.1,complete,aws,"{""aws"": 50}",50,0,0,11.98,32b7c5fd7df96b61893ce053aaedf167e6f8345fbe2b2df79c436d2d23032023,8bf1e3e731855a58fcb3d2b78531ad859c6313f0aba0e0b059201bf11770391f,False
2021-03-04,2021-03-05,v15.1,complete,aws,"{""aws"": 50}",50,0,0,15.95,14f6a1b3ceec7aea9d93288f63d15832113f0f5bd69ccdbfe2380db1434e9cf3,a46c5c29b090ab103746fa8230882ec363d3cd1f152e7b2e3dac762f6108d185,False
2021-03-05,2021-03-06,v15.1,complete,aws,"{""aws"": 50}",50,0,0,172.73,51dfc5aa70e535cd0cf65453a93fb50e2b8f78f28d81550850c8c56bfecd0c95,0451f53799d4ab7abad57066c7f5fa2f45fdb924875a3eddefbfa51feec14ea9,False
2021-03-06,2021-03-07,v15.1,complete,aws,"{""aws"": 50}",50,0,0,12.84,3102b7cc0cbcb53126b37fe7924ff4cdc3c68561fce1e7c4dd1d5b3291d9e860,89dfa964e6a2382725e48efcb7fca690816b7c174183c1cd8d92f8881c4f8db8,False
2021-03-07,2021-03-08,v15.1,complete,aws,"{""aws"": 50}",50,0,0,204.77,d28315a2c42d5dd3d628ac244eab47b1ad7b28395a0dcf6da3654b0da3e8043a,fb4f51270b64bdb7fe9d0bdbc618f2cb658b977b737c69ca74c990c8dc5492ff,False
2021-03-08,2021-03-09,v15.1,complete,aws,"{""aws"": 50}",50,0,0,14.04,f83c7c765e37837cb5d838450cca85250810801263addf5b735e536cf14341fa,a621ed2f638627e9a8c0e370bcc590278396be570185571cfa16ce49a3932a45,False
2021-03-09,2021-03-10,v15.1,complete,aws,"{""aws"": 50}",50,0,0,12.12,59450d750aa2a91700b7cc2d59f330108762fd5513d42e45f0173a8679520c92,6e4f6116e6c4c55deedd7754fad1887874ee5636014128a8e54a5098d9b23c95,False
2021-03-10,2021-03-11,v15.1,complete,aws,"{""aws"": 50}",50,0,0,14.18,357610aaccef432c769e493a40d60bfbeeb637546f4fd5d6a1168cfadf4dba89,1338691085ce595338def7b699c8f00b2a175fc06b2fde3ef25a842c98d7a8a0,False
2021-03-11,2021-03-12,v15.1,complete,aws,"{""aws"": 50}",50,0,0,11.54,77a95ebee8e6bc481cf116d80aef50871b3f33da9173ca85717409ecd3778149,b1adcf0511e1d57518db41564a42c0333a923565f42e8279edbbb80205da91bf,False
2021-03-12,2021-03-13,v15.1,complete,aws,"{""aws"": 50}",50,0,0,11.76,2a861b8e9ebab3a24d5baabf963b7a8d1f5ab5829e64f65fa13ed73ca7dee738,210026628c5c748142f945bf3e3ff918b921ad26252597a34529cf052bc062ad,False
2021-03-13,2021-03-14,v15.1,complete,aws,"{""aws"": 50}",50,0,0,12.09,484c0c25d94bef3d229f7ab6706da77b30adc2e7cc68e960f5f2b9dbc8dd2988,a574dbf40302eab817d30bd3fcf4972d5a4c55e3447dae36a367129aab94073d,False
2021-03-14,2021-03-15,v15.1,complete,aws,"{""aws"": 50}",50,0,0,46.25,572c31210590a579b888554826a5563523dd6f53e308286d5357f87549e5bfb1,b8c2b3f7e5d8e811fd006f3a58566534d2db3671ab75218c5390c4682fd35b5e,False
2021-03-15,2021-03-16,v15.1,complete,aws,"{""aws"": 50}",50,0,0,13.03,eed080fec4dcd6d7bef86cc1b25ddb83b662da83dbd266f214992202b70253ba,1a18ca72a8c9bd7fb629c3044f87c6894a5911d233b83f6a36d4118cffeaa9c8,False
2021-03-16,2021-03-17,v15.1,complete,aws,"{""aws"": 50}",50,0,0,12.03,4d0271ff8d0fe22356157073941647ab02218142f9cef66352a4acb15b1a8440,55803a35eb71677fb7edffeb0aca47048b59632a9c80d6d95cc9fff6280f9c86,False
2021-03-17,2021-03-18,v15.1,complete,aws,"{""aws"": 50}",50,0,0,36.6,963fa149be93eb1158ff46ea234a4669dd42e9458763e8362b4ba2bc6c6acc66,964cc7143cdd5a7c4eeb0c0693bf9d796aa04a532c7458132a783eedd9db59b7,False
2021-03-18,2021-03-19,v15.1,complete,aws,"{""aws"": 50}",50,0,0,327.03,f4467c7d1ad0f7a0b562048891b6f8b156881468cc9174797a2818d2ae04b584,549abd305d9134da192216690ee1aa23afc2dfaa0a10bbe24793e67b4e6910b8,False
2021-03-19,2021-03-20,v15.1,complete,aws,"{""aws"": 50}",50,0,0,35.91,d102c1dc1016b9dcebc774ac909c51f6ef99114d00bbb31351abfc55a6c0dff7,a3a61d878e44688a60fbaf624bd8bb8bc76e997a2ae39d236ef35015a3197a65,False
2021-03-20,2021-03-21,v15.1,complete,aws,"{""aws"": 50}",50,0,0,68.56,06b41a1411698104788b368c17f07dc9c76043b7a22a716d3e8b47a2b7d9e45d,eb21a7cc3e45c8e10711b616cccebc72dd1cb91976429b240e164ff539698a67,False
2021-03-21,2021-03-22,v15.1,complete,aws,"{""aws"": 50}",50,0,0,35.8,80b0e89a34bedd8c3c8ab13633765b05a00bd7387428f9058b92b37387fd21a3,f5ae21cd4495069029240b8aabb12fe0a2ee983994d783681470dc0698fcc775,False
2021-03-22,2021-03-23,v15.1,complete,aws,"{""aws"": 50}",50,0,0,211.12,034366d535a38e92379f2872fd18c74835c32c7311d2d085b989d9dd23b9e843,2cc6d00f5c783e583cc7ab384f5a80b91c1e31e7dd8902dd852b78de032e4cc5,True
2021-03-23,2021-03-24,v16,complete,aws,"{""aws"": 50}",50,0,0,197.16,fd1572df74d64d546f9eea074581a2a98b5f1ce69873f0434cfe61ca4eedfdae,a60154e1da2911051f4732e0960546db984d762c750c8e0e378cd7fce1bbf59d,True
2021-03-24,2021-03-25,v16,complete,aws,"{""aws"": 50}",50,0,0,4.55,413302569724f2e66bd9607a2fd7a3f9297947881f6519aaa8180329413a210b,59464ff691dd6bf38459757196743b9ce9160712e2bf784d5b409525bdc3f91e,False
2021-03-25,2021-03-26,v16,complete,aws,"{""aws"": 50}",50,0,0,7.54,b1d2a37d0e422da8f4c6d9b6d8c869c2eaa477881208b99f26b25e0fa65cdd07,934fe9f4be53ceaf10aa67197642a8af6149ded5ffaf3e8e4d37f1e19866f77c,False
2021-03-26,2021-03-27,v16,complete,aws,"{""aws"": 50}",50,0,0,5.3,8b6c8d14e770a668cd2613d4ef5ba95623d6e558d88429130feea6f70088be77,f24c43081289299caf95a46c931449b2048ed254d944a7f48f408861704c77d3,False
2021-03-27,2021-03-28,v16,complete,aws,"{""aws"": 50}",50,0,0,3.63,2626238129e50e01f6402f23112c1e4fbc096c0aff68802891852da540a06f24,735f72d5ad137488d9589951f56e08e816655fab1e256fa3a39ed176987d41c4,False
2021-03-28,2021-03-29,v16,complete,aws,"{""aws"": 50}",50,0,0,3.78,7dd1e756130f5148c577a096ef1836b9c8fec415b4989e47c3f4156d954d0ecc,06443b3c2d701951e16197f5e1c1c440fe4ecb589ab8072f3a1ef6fae535fbe2,False
2021-03-29,2021-03-30,v16,complete,aws,"{""aws"": 50}",50,0,0,4.03,988144ecb4447f1358447b5a5b4e721de3d9798bee04467adf657e50694b59b1,2b356ccdaa66779d9590b96255ef2a129801fb366567310997306c90de36cec9,False
2021-03-30,2021-03-31,v16,complete,aws,"{""aws"": 50}",50,0,0,3.55,2a4053e7796bf53aa29d98f879908e68475e9860dbbe92e9635e6c4a1ffda1c0,77494553dcd084e5fc3ce0f9494fa4d631829dc3a055faa9cbc8c7039d9346e4,False
2021-03-31,2021-04-01,v16,complete,aws,"{""aws"": 50}",50,0,0,4.75,ed31bb3aa345970fc7c9843f40d26961627ae2a83921a1bd22b6cfc4739a1a6c,4e84325bf7b692cf96cf228930df630fb9e363c5f2f043e577cebaabf76206b2,False
2021-04-01,2021-04-02,v16,complete,aws,"{""aws"": 50}",50,0,0,4.11,fbfac74b6488a0ccd5cd27709e1140398667fb1031f603868df9e15e0f9f23c4,51f47fce99fa8f608b028724fa503cf2e527ad9b94fb6fee61f37e9cc577599e,False
2021-04-02,2021-04-03,v16,complete,aws,"{""aws"": 50}",50,0,0,72.34,1cbc29520de2aaa45da180713ab09afeb0989a9aac73868b5adf5745ac088992,c9c2a1f2f43a49a16a748cec08f9a57bb4232a00ce73357104c76c54ebe9147d,False
2021-04-03,2021-04-04,v16,complete,aws,"{""aws"": 50}",50,0,0,32.45,88201510e9a2d0e906c893a3b7ae0ddb1aee5d22b45eb29c404e167c546cc063,cd76aa459e575564a5c5184d59484509fe06b41d608846576808a071b3985c1f,False
2021-04-04,2021-04-05,v16,complete,aws,"{""aws"": 50}",50,0,0,4.34,486f8e270e6ca41c46d73133471e464e19f81d9c29ee23f52263fa7c189273e7,31e6ab092522ed372824f505cf25f9098c3efa6ee53a4d7af3c907aad5922edb,False
2021-04-05,2021-04-06,v16,complete,aws,"{""aws"": 50}",50,0,0,3.83,7bed45ce66b79033a687e20667e5e738642cb8b0fe0dc79e7e4131b56b920a6e,272f82f43db58f72d526ba804804748002350d6670d0e9603453fc6481381ea0,False
2021-04-06,2021-04-07,v16,complete,aws,"{""aws"": 50}",50,0,0,3.68,b55fc317e11317ec927c79f1c52f418ceb0ee970aceb301121509f4531264b63,db4c3ba09cf07ea5333f9eb8069efdd8e53365f305659657d1ff3c0556aa27fd,False
2021-04-07,2021-04-08,v16,complete,aws,"{""aws"": 50}",50,0,0,3.76,2b6094d6dc91f11fae40ad8e1ec57fd7ceb25aca20174043938ef70659f305cf,ad347c3bbf36bdc32076c7c7c83baa3e905011fb8e528402af8f89c107bb287a,False
2021-04-08,2021-04-09,v16,complete,aws,"{""aws"": 50}",50,0,0,3.78,f0584aa81c3d117f164806732c05adaa983acf06df3e7a3503dc92519500400b,0c3bf9f6d3686a5975453ba63081f3b5ce2a3ddf5aa137355c322848d6586a78,False
2021-04-09,2021-04-10,v16,complete,aws,"{""aws"": 50}",50,0,0,3.61,f012fd04721bcbaa1cc6d3a47edfa376d6b1f7faa677e338068aaf6e1a8b61d3,c616312799c9035dfbdc23ebf494dd90ee5f966f8b0b763b9ce1bf7232b810c7,False
2021-04-10,2021-04-11,v16,complete,aws,"{""aws"": 50}",50,0,0,3.87,859b0ba501956b25098cc6cfe59b9680f2d63d510c0fbd5dd93534787b41c4f6,ef486aa1bd732a0bbf5ad1936fe62d9327c19c07a3c19ce8dc65e06b427b875d,False
2021-04-11,2021-04-12,v16,complete,aws,"{""aws"": 50}",50,0,0,3.77,2c18199b929aca014f679cf09fa046ad2b185b0b1e8dcbe08abc51c8d999eeda,1f0db236c8757f32301bd1abd40f89abde4697c54dd8eb484453a32a8559bdb2,False
2021-04-12,2021-04-13,v16,complete,aws,"{""aws"": 50}",50,0,0,37.55,3173e0002dc33f7411ec8b66973a8faa664d4f6aedbafa70d71b801b909a90e2,5f856d92368529ff8f8b23a285cffcb1553f4503a56c3f0ecc375602b52a9475,False
2021-04-13,2021-04-14,v16,complete,aws,"{""aws"": 50}",50,0,0,5.11,bcbcb129c82af3a28d3b869d1e35d088b90d627f4cefe6a1b487f35afd386ed7,8cb8c8783a69f35ab5c856790b7231e2ae0db3d611ec59921f797b79716d9fe3,False
2021-04-14,2021-04-15,v16,complete,aws,"{""aws"": 50}",50,0,0,4.05,6ed3830ab90d7e67b9261f359405ee8a15940c1412c9fa62b49b651e6f14696c,45ceb35043ec21fbbace63160774681832f1d0f8572fc163f4d4ab9eee238201,False
2021-04-15,2021-04-16,v16,complete,aws,"{""aws"": 50}",50,0,0,3.89,dc1ce66fb224b9196ac2144f04bfce4db14a50fc0b9ae83b8c26a5beb572978c,2b93c9bb988b3b4d423c0b3f6e42774a89c33d19abb166b709d42bc8b360d21d,False
2021-04-16,2021-04-17,v16,complete,aws,"{""aws"": 50}",50,0,0,3.49,de85d2bf50c6ce5b2737d7c9dafe89820a7aad8361c75c377bc012b4d26cb2bf,8dfdb278e4e9f251bc2bb78ee1775f5e597606425f4d0af0bbb3e9035a2968ac,False
2021-04-17,2021-04-18,v16,complete,aws,"{""aws"": 50}",50,0,0,3.83,379c21f042dfb3c0ec0df74e94faaf9bdf82c0429e89385dcaf2790beb62fd71,95a4762d819153b2a5ecb76914b6fa39e1587d9e5b413002dc9ba3b6acb6cedc,False
2021-04-18,2021-04-19,v16,complete,aws,"{""aws"": 50}",50,0,0,3.65,a7f133c6e2810bbecdd7f01aacd955eff446bf2e1169f14caf330da1ea3e7ece,cd7f148002c7e1dfa02cc402e84d8dae9a22a4ac84b5cea084b81a0ac2c84bb0,False
2021-04-19,2021-04-20,v16,complete,aws,"{""aws"": 50}",50,0,0,3.72,4f7376f02906ef38cd99402248250cfbd4d99101cf325e105c825afc5d607a1b,f581450185694c1d880c576badfe80f1244ec7d84c189174b8dc49062e5a9c03,False
2021-04-20,2021-04-21,v16,complete,aws,"{""aws"": 50}",50,0,0,3.68,d03a1edbc18916c3e2e255bbef30be725f04c52fba8029a44e1b5dd468c6ace6,e651e781c8789ead6dc54c470e98f0660abbe8f8f2c13187f20597d6c6b51a67,False
2021-04-21,2021-04-22,v16,complete,aws,"{""aws"": 50}",50,0,0,3.84,a755b56a16da9d1e2457520c86f1021cecdb6f487c4088cd068fe73a2ebb692b,11aa91dcb9c75ac629f18ade7797f2cdf5a187fea9d312aa4afb21f9f9290e5a,False
2021-04-22,2021-04-23,v16,complete,aws,"{""aws"": 50}",50,0,0,37.23,08d27f180900f36748e0d76f29f08c611d498ec73f3941f5299841ff426785cd,ab5988485493a1c0a54fe41201a9aa1c6c43831eb6b415fabb07749437e2a4c9,False
2021-04-23,2021-04-24,v16,complete,aws,"{""aws"": 50}",50,0,0,5.15,2015d1f0267c9abdfa1515f75c6ff1f4ff2252d53f30d67a9cdf0d4c284392ef,df663f85604c8230390f5878d3f34e3288179e1fc6eaa6dd84471ab98bdb7f53,False
2021-04-24,2021-04-25,v16,complete,aws,"{""aws"": 50}",50,0,0,66.09,355b1d3a904b27a145acf80cedb7e76a159cb5cddb6bd55aa82bb5fd8598df58,8a6a0109209472ac3186d3232cb9387f7aea73e2280402c3566658b99008ab62,False
2021-04-25,2021-04-26,v16,complete,aws,"{""aws"": 50}",50,0,0,3.95,0fb4beb0a974d700d5825259f4bd39df7b2ed0c49ef5f7903c39c2fdb88a9f41,64ceb58def47f5f36801ebdb76f20d7f3a568a532952129161415ef70af1cfba,False
2021-04-26,2021-04-27,v16,complete,aws,"{""aws"": 50}",50,0,0,3.89,edf8d35e87d40b17da825994137663a7fabc030ea782536c7ccc1a30bf767610,c3a88ed45af60f974026eb9db63443cccd78a452a9e7c466d5c0cd5499691553,False
2021-04-27,2021-04-28,v16,complete,aws,"{""aws"": 50}",50,0,0,3.75,6c4fb6f7ee4d15c4df15bf8e4b31446dcb3e8c6fbd6f8c3c13efc34c5b54c30d,20eb1c904bd723a99bbca815497faa20912e129d2ffe93a9ec1c8024578107ec,False
2021-04-28,2021-04-29,v16,complete,aws,"{""aws"": 50}",50,0,0,4.38,bc9308f3ada754a7f5b54d469e97d9e30728e0380eb259d6860ef1fe60a9bbb1,a8f4806b270b47d1af941cdd0c4d550b90ff246069d37e522a9798fb73981e02,False
2021-04-29,2021-04-30,v16,complete,aws,"{""aws"": 50}",50,0,0,3.7,daf059405a0fd446ce45ff617ae318205de3e36a1c1aef22725a1cc7c63c9665,86f0e750668c451b242454c4f974fee3d82269d560a6c0229f6ed28a99582b86,False
2021-04-30,2021-05-01,v16,complete,aws,"{""aws"": 50}",50,0,0,4.14,4743376b4bd947e9ca222b8581266ec851d85eb2ab976578d3f373f634892077,41e7565b8f063b458c3a1c08538a8d7f2f780ed879ba9361d6b49526502517b8,False
2021-05-01,2021-05-02,v16,complete,aws,"{""aws"": 50}",50,0,0,3.94,3ba2e9f7e3370201ce8ab46570b4753ebe9ace224726e81c50ce9f78583a0fd7,c25c430d7be94c274ec637731feb9def0a0e79342e8bf8c7e472508d75e2a974,False
2021-05-02,2021-05-03,v16,complete,aws,"{""aws"": 50}",50,0,0,42.32,bb5c9b316220819a89c5bca7c865e09b9c80e49ba3a73737851eb445ef741513,6250352674755fb17c890c03879497478290ed67cde89070992aaa6145f7bf62,False
2021-05-03,2021-05-04,v16,complete,aws,"{""aws"": 50}",50,0,0,33.39,5558d71b109afde83bce8be4641600dd89c8d9af55f59aa90464a9df230a30cb,da3205c1607739fb345bca15203abee3379674c37089607e8b25b0db218beca0,False
2021-05-04,2021-05-05,v16,complete,aws,"{""aws"": 50}",50,0,0,67.16,9e6de929188b9a3af9c6abfca2bef7348b7c19d1079a7ffac994fafd6abd50f7,e5b390b2d69a844e56280f6c87733b9d78f59e18d27222bc1e4611f10c26cc52,False
2021-05-05,2021-05-06,v16,complete,aws,"{""aws"": 50}",50,0,0,4.29,9019cbbc79a876fd92f831b226d1dbd31f607a4d85f05ff04f522b9cfa7c5e59,86923d86fab32ecafc68120913d24eb3e5ca9f4346cb1805289faf0a053a4a0b,False
2021-05-06,2021-05-07,v16,complete,aws,"{""aws"": 50}",50,0,0,3.8,bf7ea1b5cf5c308536bfe6e9af821abda659fa00871c1f3db16a3c087ff7a795,02dccf08f325d3cafe47e244dc8f1f721b831bf62c02e0a19f6904ba46e91ac1,False
2021-05-07,2021-05-08,v16,complete,aws,"{""aws"": 50}",50,0,0,35.48,ddd07cfc7ef9f57bf7031769bc29e36bcc991a16a9223367958bd3c26109741a,593134e1ac31d2ea4ccce8e9c18b5e86f3ce82ed44628947a061f7a4f3c97c1a,False
2021-05-08,2021-05-09,v16,complete,aws,"{""aws"": 50}",50,0,0,3.68,c84c2003999deb5b16896802466dac668153b818016002d75d982a5a17d5900f,96de2f03914e3306933d112bda8a8d79e3e0adbc439b28a7a3d08321ac913838,False
2021-05-09,2021-05-10,v16,complete,aws,"{""aws"": 50}",50,0,0,3.8,6ea42874181ff701f1d59247f300bb77c08eebf5199f33c649ce671ecd94919b,69bc5bade1bc5273264538def284296f1644659c156ce99f5494046391e98c1b,False
2021-05-10,2021-05-11,v16,complete,aws,"{""aws"": 50}",50,0,0,3.48,6229b260a5464eae0bb3efcc7573248be9c0abdbe363212705fdb1e6968f2565,752f238f64b4dfcf5455b1ff1a37548fe1dc32d4198908f2ed2fec8436974e03,False
2021-05-11,2021-05-12,v16,complete,aws,"{""aws"": 50}",50,0,0,3.92,f763ae817d62da1feae411f7a72900c4433fa46c4b989d0cd6c408aba991a5c6,fa70a6641caf3dfa0f88ceafca41628e20b49c3b906d895f8828b4302d1d1ac2,False
2021-05-12,2021-05-13,v16,complete,aws,"{""aws"": 50}",50,0,0,3.88,27ba3677e8f0c777dad572ab8fac4f740c3eb32f2202b85ae94645b798146f5d,50d22c4142fa917b30769325d6d4b6767940c8fbfe80671180958d41eb9cba66,False
2021-05-13,2021-05-14,v16,complete,aws,"{""aws"": 50}",50,0,0,3.72,65c4ee6cc16a5e4a3751cf4ff9766ba90d1bfe5815c448a75dd7b54792c4b185,0498a85d52e5bd6757a074ccbcd1b165d3d4de2566ad3f8de8d7255f90325c7b,False
2021-05-14,2021-05-15,v16,complete,aws,"{""aws"": 50}",50,0,0,3.82,a032c63b03bc97297453e05749679455755b0f81280767c09375acb2bc65681e,01da51382d6578d8afdd1ef2e4d721b0011a4aa91a3103474539d0a2d34c4e1f,False
2021-05-15,2021-05-16,v16,complete,aws,"{""aws"": 50}",50,0,0,125.81,c61f869d8c78c1b7d4cc3cc24b58f2a3d3fb7bca04f58e7c026a4f0bdfdad60a,e3709d55bd51e9df954ac13cb6474c16e082c722a1efeb168d82f05c89f139ff,False
2021-05-16,2021-05-17,v16,complete,aws,"{""aws"": 50}",50,0,0,5.24,4d61370c7432b2962fd510d463cbd81f764eb7e2bbffb9ef2ecb726b371d6cb5,307aec454ce277ad007035788811b5b156e51f2eabd703ea1e5075aa4920fe75,False
2021-05-17,2021-05-18,v16,complete,aws,"{""aws"": 50}",50,0,0,4.99,5583248fa58472ce1869b3545fd678b999fb0737153b1dcc346ecf95ce4052b2,8e2dd177aa338bd562fbf7cda07d77faeefb153942f2ee053494b74f7cf4abc3,False
2021-05-18,2021-05-19,v16,complete,aws,"{""aws"": 50}",50,0,0,5.48,8fe185292e7df0fac6373adc8d45ce187448ff80d110656276bcd13ed3d9feb9,e5e378008970a32e91fdd0ff9d0c81d690a2967d8c5bc39d82b696ea7991d34c,False
2021-05-19,2021-05-20,v16,complete,aws,"{""aws"": 50}",50,0,0,6.03,2a67be3cd3dbc65f24aeaef1e82d3cf21c2fb2517c9c5a174b8d5cb1fb5545fc,1a44d365876035f630a0c188935f40b3ea1bfd42e892a385b6d2ef1a65a748ea,False
2021-05-20,2021-05-21,v16,complete,aws,"{""aws"": 50}",50,0,0,6.32,5446e211bebc4224eab23b3e7876e12ce8e228fd2176298febda4bd8e8aa0837,a690c1116fe9b496f350f6f9ca276c50a0fef4fbdeb93e728c558f16d10a7eef,False
2021-05-21,2021-05-22,v16,complete,aws,"{""aws"": 50}",50,0,0,35.56,27df44d9e61e177543584ff9a94cbbd6a3ced882bfbc6867503273bfd667a2e4,5a634e0cb75a1cb32d1271b1983a1949789495016836eb249c5bce3033a89d18,False
2021-05-22,2021-05-23,v16,complete,aws,"{""aws"": 50}",50,0,0,6.8,f7430baed117ddb29bc2d48941d7437d4996724fef47fb98c762f0513c188737,3f1cce1ed602a43ae3ca685d1d3a26575892725f75ddd64463e576061500640c,False
2021-05-23,2021-05-24,v16,complete,aws,"{""aws"": 50}",50,0,0,9.25,8c10ea4e2d74cc8f4e06045c525b7148421c4f244cabd811a4c3f24b07cfcf12,5be44a141d3b7e226c74fdbce75ee132f806057ea257104fa98215b9e036c4ab,False
2021-05-24,2021-05-25,v16,complete,aws,"{""aws"": 50}",50,0,0,7.31,ae4527ce7fc51011ce92fe88caadca8fce812e47e42643dd52c461d620329de3,5a7928de3f3c9cb3ef0b4c617fad594921468495ecf34cb0e937371a84a34978,False
2021-05-25,2021-05-26,v16,complete,aws,"{""aws"": 50}",50,0,0,117.64,76cf97662752b2c4590710d343ac2787b17bbc92ce6a2ee5e8d6409ea76def06,410ad9bab45db3d8df1041db68cac1d1a7adb90f02778550aecdd6adab9c7464,False
2021-05-26,2021-05-27,v16,complete,aws,"{""aws"": 50}",50,0,0,4.84,949481a5e5d8b3d6f2b87367cf86b12474e329df1145336528abd684f9996524,09578d52eb67792b997dd46f7837b276890b16e16cd6a0c6a7b107e29cc0e7e8,False
2021-05-27,2021-05-28,v16,complete,aws,"{""aws"": 50}",50,0,0,3.89,15a044f205be019d422a8a7f849f7f0f3b948982cd64f9ea8834f5f3f03672f6,0a6dcf2d2efeef85201c3da85c07c14bf3ab6f1cd46dc88e0b446a3aec6c2617,False
2021-05-28,2021-05-29,v16,complete,aws,"{""aws"": 50}",50,0,0,3.94,961a04fad8972ad720adf23d2d1b6c4298393dc0009e947e8858d71ba8953279,7c6574fc65bb946f5970dc58c0d1e5581adb378503afc7542619e81382e9dc3e,False
2021-05-29,2021-05-30,v16,complete,aws,"{""aws"": 50}",50,0,0,4.58,7647e16b523ca8075e99482e75b97b91911ee889a992e123b39af3a18dab5162,af85b4b701dcd83b60cf008164da534c0dceae8ead7c20ca0c464e34011585e1,False
2021-05-30,2021-05-31,v16,complete,aws,"{""aws"": 50}",50,0,0,67.14,57fae7ea1109a3a09f5f014041bbf10f200dcf84259268a995a0a21825c74791,158308b111773449aa0ffa0230a5557dee9e9366dbad8e92cdf672a28ba0f3e6,False
2021-05-31,2021-06-01,v16,complete,aws,"{""aws"": 50}",50,0,0,3.84,d70d11ed57ad4f7e92c54b41576e878e0cac02dc07d737e68013e01daa825d19,8927077bf95fb0394587bb2b52fa2ff828c05d8ca20ddf2a8a87dfcdcd878ad0,False
2021-06-01,2021-06-02,v16,complete,aws,"{""aws"": 50}",50,0,0,4.23,1519d752dbcb269763f81be5057709f5138f2ca8c5325df9dc6e8f58d028e614,bbf05949b5dec355b73df8eaf5135bdde074d2c0aac6cc93c906fcd35ac9758f,False
2021-06-02,2021-06-03,v16,complete,aws,"{""aws"": 50}",50,0,0,4.05,8a73a5c987774f8d16bdfa37ddb81933a65db993b57fd61a3cf3157a57db8e3e,25a8fb711d499696c1d885f0caa4541b09f5ecdc6e0a462f39af3c411d6e37dd,False
2021-06-03,2021-06-04,v16,complete,aws,"{""aws"": 50}",50,0,0,71.37,d8e2d6f7e03389882f4617a712e15ca6756b659709015e1d78628b9b6ffa182e,e69aa6ccd17432a9fdcb4303fb109f0bad689beb3c7b1c7a302237ffa0012d97,False
2021-06-04,2021-06-05,v16,complete,aws,"{""aws"": 50}",50,0,0,5.07,219b656b85cbd436e2333e5ff351071604a429108a8ce19bba29627b9c44bd03,e6bcd0047b2359b5c11a2d6b8c108a396e3450fbe04ae52265a7008e279d4bd6,False
2021-06-05,2021-06-06,v16,complete,aws,"{""aws"": 50}",50,0,0,4.09,b4e26719298fa5432bc499c9fbe618c05d79b2da7841c70dae449c425fb9a8b9,ea7e8daa8a08b87a97863410ee97cf48a542068acfdf943127408241dc3ad539,False
2021-06-06,2021-06-07,v16,complete,aws,"{""aws"": 50}",50,0,0,3.91,1f3f2475666a385fa832f77906dd661ed583498c61b943ec95d5a8492a87a00d,320dde1323a33f328bc351edf5f8d198bd5086a714352b6546910e8502e117ad,False
2021-06-07,2021-06-08,v16,complete,aws,"{""aws"": 50}",50,0,0,3.75,b34c8582047345d39a6e9d11d9eb295a0ae626712c873beff73de83eadf9a585,cfdb8d173caccc474f2b446bfe5685f9d62cf723f4cc489e088d6860bb22d55f,False
2021-06-08,2021-06-09,v16,complete,aws,"{""aws"": 50}",50,0,0,3.94,d27c642da8c4797b5f493203d9993e9933039d0595613700bd5524df05778c34,0687249ec835beb8aa5983f69d55537f68dbbe0e0334cdcbbe3c7d9347236a1e,False
2021-06-09,2021-06-10,v16,complete,aws,"{""aws"": 50}",50,0,0,3.82,5b50cbab808d683b0c8975bab7be232b8680c98178f49290b41db429affa0cb7,efb3fcc15cbbc5776f671e38c27389bc29ae37afaed98e6bc29cfeccb0e7fc88,False
2021-06-10,2021-06-11,v16,complete,aws,"{""aws"": 50}",50,0,0,148.71,97918cc4582725ad5d7dfe174463ecf157597015f5d8495bb6f20a2c92a6a482,e61670ea4add5f508aa19100ce256f0cb46a570def660f2de82263434b0b1bd9,False
2021-06-11,2021-06-12,v16,complete,aws,"{""aws"": 50}",50,0,0,3.72,bfd0cece5271c630cc7cd5325b98b3b019d6d0a47006ba12498bd05d70fc998c,f2ade8ec0cd0253be2583221fc5bf8a08a290f6ac2d00675c63311058f56bef4,False
2021-06-12,2021-06-13,v16,complete,aws,"{""aws"": 50}",50,0,0,4.09,3816a2618deef03126cacde4d8ecaecb3c4dba792f099668a973059860ab6b0c,a38a8fb709d94f5ac930d5f2b01a8e8d256509010b2fa775302a4fea88a24a1d,False
2021-06-13,2021-06-14,v16,complete,aws,"{""aws"": 50}",50,0,0,3.99,17d46eb0a767ca55f7f28bb283c288d33ef91464ea71d963807c0f82c0ad106b,cccc423d8f774d12aa1a37b1ac19ac9d7d3101526ec4ff78f999c6925aef833d,False
2021-06-14,2021-06-15,v16,complete,aws,"{""aws"": 50}",50,0,0,286.18,2705e2d93ad08910ff112d4984d20926c4068585b5f01e5d9433232cd80135c8,256e4eacde01553d420bc0ef1d3043d8e6f0720c9490c0b2b016a7ac2b95796b,False
2021-06-15,2021-06-16,v16,complete,aws,"{""aws"": 50}",50,0,0,37.91,d309898b4d409ecbcbf4159aa51ed0073617f76c2948244e905b00e25fd0e67a,63b6821f3766421c08bc517236d356515f7e959842be39cc00f14beab3e57dc6,False
2021-06-16,2021-06-17,v16,complete,aws,"{""aws"": 50}",50,0,0,71.78,65d1d36b7a54c3a5b1eaef4f1c130231f206c71d6334861e5152246c4c773cf8,16bb098e6efa203c6094f92af33db0e012af68e541370593f8b654af8e22dd51,False
2021-06-17,2021-06-18,v16,complete,aws,"{""aws"": 50}",50,0,0,36.12,b618759d9c20c82e39e5a4cb643c7d19ab74278b14d0c0281d9bf25cc4e80b01,2c508161cbd16ebadb6f6b9e679c139c02c1df719962f1f0ceb8b5d3d2471ff1,False
2021-06-18,2021-06-19,v16,complete,aws,"{""aws"": 50}",50,0,0,4.94,b44d83078a66e8d51f7cfc8d4dc02e357a2e8ed16120af046ac81a0027930640,afecdbb5945b026cce8bb2f83b873ea6de9d17841298d790f3fdabbd66ce27e9,False
2021-06-19,2021-06-20,v16,complete,aws,"{""aws"": 50}",50,0,0,3.95,59ab17d6608e516c143830651de05dd6cb5fefed13f2c01e385061f6c8b5e7ff,e2c79fcd763d9f5ee390749966ee33819b1aebc65ba69a582d5ae9be8740630d,False
2021-06-20,2021-06-21,v16,complete,aws,"{""aws"": 50}",50,0,0,63.31,9d0686cc250fdb8327f47d9442986c5b5bbde556d203bf98b586aa9c1e7b0a8e,09c4aa472630dccce7dae7cc291c7ed1f8599f405a8bf39d706e57d3aacc6938,False
2021-06-21,2021-06-22,v16,complete,aws,"{""aws"": 50}",50,0,0,4.53,f386701aee058cbffdf33445032c7275e216f41ed4a31ae150ac3e518399020d,6524bf1efe1c1ed1fdaf55127214d1961c04799df32b84352352be8be8fe96ab,False
2021-06-22,2021-06-23,v16,complete,aws,"{""aws"": 50}",50,0,0,4.17,1f5e4786f087f945d99f75bc75ec155864b1ca3e3519fa725798114d5a2f86e5,9a0a03d6276543a010f4997af89bafbe37a0023d7fd31721f8cc25402dcb1ded,False
2021-06-23,2021-06-24,v16,complete,aws,"{""aws"": 50}",50,0,0,4.08,ca307fb2f29dbba1c0a12b4089643dc8b711e7e2623dd72889835ad2b28dd9ed,196491d28f0017865ae15fc796d713b24731dac3f7be943b3befc0699baad124,False
2021-06-24,2021-06-25,v16,complete,aws,"{""aws"": 50}",50,0,0,3.81,bf87516eb34eed89ae8868935db1664e0553efdfeb65dab17d96c4a18e078eff,23a70165f124e4843544f9ef847b5aee8b615770a3eafd58f0d10b87aab4e48a,False
2021-06-25,2021-06-26,v16,complete,aws,"{""aws"": 50}",50,0,0,4.09,a28d0cae7e7ec992d9d9650f108acbe9ceea5c34d6413687be8fcd244f855238,ab9f0eaaeafb6d211c15febfd18927ee07a590f521fdd8f5cc7e60b47ff172bd,False
2021-06-26,2021-06-27,v16,complete,aws,"{""aws"": 50}",50,0,0,3.89,8bd22f583cfa9c883a1da5f5eef34701cb965c853e49de4b54ae608015e240dc,898d6aafd96fd509e36d9685ee04dc37b993a4dad23b541c749a22cace91d506,False
2021-06-27,2021-06-28,v16,complete,aws,"{""aws"": 50}",50,0,0,4.48,2e822d14a8f436f44c492047725b10b22061c8d3b559c624abe70713f82cea5c,862a5477e95775567075ae544d03d4b1a9186de3cfa1d4427dc79da285de8fea,False
2021-06-28,2021-06-29,v16,complete,aws,"{""aws"": 50}",50,0,0,31.03,eadc5358468007c76ddb932d618f68b6ec9ec1872cfea7bb7100df18f121d4a5,4202206cf45e856c045d2d1ecbb82ee0c1b12ff67ad98ffa07ad2b4862546a5e,False
2021-06-29,2021-06-30,v16,complete,aws,"{""aws"": 50}",50,0,0,37.38,026b8287bbde1f7dcb07e9b0fb58028ac304a76b66ad38738d09036e168cac46,b6f80e5951c51433b0f280500f5bff3bfd078d77e5f19b30fa10ace7f11a2b71,False
2021-06-30,2021-07-01,v16,complete,aws,"{""aws"": 50}",50,0,0,74.48,8cbb3d83db7564808c4062170bb8b60877334892cedb4a7b18eb720d3aea4643,85674b5ff13f9760fbfddadbde948c9f19869f6c4619e948a657ddce53f81710,False
2021-07-01,2021-07-02,v16,complete,aws,"{""aws"": 50}",50,0,0,68.49,f7f5b1bd5afb55e8c22e712bcb7e845bed2615fb1faef203ef57decd48a21df1,fe06e4cb6411615ee6dfbef273a57ed71261d53f6a1ccdca18626c56383c3b9a,False
2021-07-02,2021-07-03,v16,complete,aws,"{""aws"": 50}",50,0,0,34.17,b9a4dda0c0996a183479eb477c480e41ed8e738f96c823ccd30a692bb9c45562,3724e590d0068d07266829225d590a12e55c164ab231c5ffeb86c484a25cf6a7,False
2021-07-03,2021-07-04,v16,complete,aws,"{""aws"": 50}",50,0,0,37.65,49dd16f7fd4254c9621c386e5a3cf32cd6540b167d0973bb3f3c4fd0ffeaa08d,f23d1bac69bf33b85804d8a7df9915b0355884de50905732599c719f5764be83,False
2021-07-04,2021-07-05,v16,complete,aws,"{""aws"": 50}",50,0,0,119.1,433b620dc23e1a32dd5a36e3f082cefd543a107629d29d0b5a777b0e75f90346,60273d25e71c1437fbdaf4c1be6f3179c0bd4053e988ec45b93d15e3cc011612,False
2021-07-05,2021-07-06,v16,complete,aws,"{""aws"": 50}",50,0,0,171.08,bf6c2805b1fff3a1c3b3e2bb087553f539b002afd4c7e1f5abc9df5b25cd0c87,5c77966124c9ecd623a9fdd48f1f6195dc0a99dbbe755cdd754b56fc895102d4,False
2021-07-06,2021-07-07,v16,complete,aws,"{""aws"": 50}",50,0,0,4.83,7919e6834179caefa83c4c0ca8ad6ef8e71dcfb430f05f3d8eaaf3e62a53d097,141886eed1eae9e974c50d634403b78cd8d39a298cb78825f27c3a5446b5b5e2,False
2021-07-07,2021-07-08,v16,complete,aws,"{""aws"": 50}",50,0,0,3.65,57bc10e1795672da713af330a25f2e460b524ddc378d55f6ecd3c894c6af0d5a,da6fa373c4fc76d5cb38774e8af1b814a81f90e7c2fed341133a3ff6fa0545c3,False
2021-07-08,2021-07-09,v16,complete,aws,"{""aws"": 50}",50,0,0,3.89,a14a06580c8c6b00c54cabf29b26445a790490264affad510d462a7ec19a95de,6e7f6f53a14927d85404b0ac78d89614051ac06ff4a49e7e43c5e975d1a0b917,False
2021-07-09,2021-07-10,v16,complete,aws,"{""aws"": 50}",50,0,0,3.9,dc312064bbece4e426e95d3faca415defeeaa6f29bed34a196e36bc349404164,aba016e582308e2af96fdecf18de05ec4b3515f75bad5ced36488cfcff99b2a0,False
2021-07-10,2021-07-11,v16,complete,aws,"{""aws"": 50}",50,0,0,3.93,f73b1833e83813d59db70533b6c6a05053c21a349ca4cc32eec361ff48b11a32,bb6c01ebd81cd7f9c2f27b9864e2ff790c01a658ee1a71c42c26848436d48a33,False
2021-07-11,2021-07-12,v16,complete,aws,"{""aws"": 50}",50,0,0,3.83,c41a68a8fa8fd1e3956e3a4e7ada6b0eed06834cd9dde4c5ef9d211c1cf41190,62f5ef5400a5cd252706823914d133c9929571ef48ae9c47a69f38e4507c0faf,False
2021-07-12,2021-07-13,v16,complete,aws,"{""aws"": 50}",50,0,0,4.16,f4acaa6016fb24623b69341d0cd8b63bbeed3eaa8422edaa301f64da3b18c05d,afdf9ed35a5f912387326ffa822bb19606a9ebd4a0aef0050a41a7df4fb29c76,False
2021-07-13,2021-07-14,v16,complete,aws,"{""aws"": 50}",50,0,0,3.79,b76b51277439161c7b5dba4bb23a592facdddad73f87c2ab54fe098f9a4623cb,d260e2bec85c638242cb50325207603315f7291e1f10dc0e9be67b2f75991fd4,False
2021-07-14,2021-07-15,v16,complete,aws,"{""aws"": 50}",50,0,0,35.75,69aa0651bcbe9ab91a7ebb48d3fd582ef11c93e5a595565a5b8cb78a0204744a,ad74d4fe9b6bbd2d0b514fb60f4f705b8ce9d6edced43d5e4be4e8ada3d8d252,False
2021-07-15,2021-07-16,v16,complete,aws,"{""aws"": 50}",50,0,0,66.71,09c9f8890386f8f254c8b23ef5f2375abc431ccc7edccf272d426e1f17008986,f1976bfddb7e1b711f040b564d64d280a437414246b29d26da75bab584b03f19,False
2021-07-16,2021-07-17,v16,complete,aws,"{""aws"": 50}",50,0,0,34.43,7e3872d7b9e4c8ed664063541888afa1ab6f1c8e28c2d0651a56cd5b2d1cf31a,3886a6c56c8ff1f7d101640a350257e0264a20269be169bcc0733a173ed48a59,False
2021-07-17,2021-07-18,v16,complete,aws,"{""aws"": 50}",50,0,0,4.57,9fc64c86f230bb44489a58f487b7e5189346142377662bdf2dd3b23fa2420162,ee5cf63cdc358856430e4be8f7c5c16c647456e62e80b2e7b4ab37436950d23a,False
2021-07-18,2021-07-19,v16,complete,aws,"{""aws"": 50}",50,0,0,3.99,3d0a44bdd587444e5192cdc3df4abc7f72a8c7cd3d1e77fe520cfcf0ba554ace,b28db50d1b3cff0a32722370d911115fe3631081ac8df293a495238e471faaf5,False
2021-07-19,2021-07-20,v16,complete,aws,"{""aws"": 50}",50,0,0,3.78,7f1a8ee2a9760e917f688b657143a1b6136b632c0c2fc7b78be485f40bea2c26,7271145a70065a0753df902eab50f1368dd2343de83e0de6e88b0dba793b022c,False
2021-07-20,2021-07-21,v16,complete,aws,"{""aws"": 50}",50,0,0,68.07,28b9ca4fc333f6bd4ec4dc475d7614791108697e0b643b9b10932fc5599e6aea,f1224c12aa2ba1da66cd33c1b84b5fec499b1c827d6b534b87cfd098a0980fbc,False
2021-07-21,2021-07-22,v16,complete,aws,"{""aws"": 50}",50,0,0,3.62,12c424d9d3f04a025faef325d0078e0be7a9da83295833eb9c0d8e0fe70dbfde,2187b162e06b9f931986f0881c1842a487cfeb2348a6528a5624cc8e5436b946,False
2021-07-22,2021-07-23,v16,complete,aws,"{""aws"": 50}",50,0,0,4.1,503b9316435e62563045a41d23a9ed1c870a861487d2a3084b15688ce690e4e2,8585efa755f91b99dd6cec20bf8528eaef4efd8aa8981e339945d00c43756c42,False
2021-07-23,2021-07-24,v16,complete,aws,"{""aws"": 50}",50,0,0,103.38,0a172f83f79c886941e1c2ff2e81658a908e37e844f2f7e31ff5c31fbeceece5,b8464d56686d6f3bd164857fd33938d75370955738d328bab2a862a92e533e0f,False
2021-07-24,2021-07-25,v16,complete,aws,"{""aws"": 50}",50,0,0,3.81,9f4d46a3846c1be92d2c282454929bcce07843dcd9f6d94a10c92cd8a2b9867e,f88896e3e948f841fb47b28b796c697d17272cc2a17cf20267226380a40c113c,False
2021-07-25,2021-07-26,v16,complete,aws,"{""aws"": 50}",50,0,0,3.76,e67c3881eaa784bee00365f24b30ed6dd24f20d0793b67f7ce5761f01a61fba1,8c12c4a72c8d70064b2c7790dd2c98e8e963227f2a48857ecf377acb7b404ea7,False
2021-07-26,2021-07-27,v16,complete,aws,"{""aws"": 50}",50,0,0,3.57,609731147cc15e08ea8850444447d3092f9d3acb027172b979d22ce23e94ca2b,316f111ed1adfc4a6e22fb5b7791fda994008ee60b89bc9e112b00fbacfc76d4,False
2021-07-27,2021-07-28,v16,complete,aws,"{""aws"": 50}",50,0,0,69.4,200e01abbe8b379f41190cc1382e5a57c325347c6c76353df053745ee3201904,7ecb448ad3326359d636773f169421e88e6eee9d81f538a5bf187ca37a7f98fb,False
2021-07-28,2021-07-29,v16,complete,aws,"{""aws"": 50}",50,0,0,34.2,2b126b99d17b5511229747ed176bc5d0d62a68ddaef48a5f802b0dcf303239dd,db2e8246e90a8d589a47109737c3c19d64673984e8e26c2db1e0dcce1ac033e0,False
2021-07-29,2021-07-30,v16,complete,aws,"{""aws"": 50}",50,0,0,34.62,6963ad2af2a6ef2dbdad3ab86d556f4a845c3fb825ca3a41e377fa57a06981a3,9bd6bd34923573818000e9ace1c722572c2c4b0d492932ba9447f8cfca0ad860,False
2021-07-30,2021-07-31,v16,complete,aws,"{""aws"": 50}",50,0,0,187.3,0d0f66c780a3ff4b4d8eb35859806e322708c73592eaf19aa1e4c838309bc960,3095c9c5385c6aefda29391dc2c2aa77cb3fdb618b3d919efb6235498aa7408f,False
2021-07-31,2021-08-01,v16,complete,aws,"{""aws"": 50}",50,0,0,5.04,bf53b3053ea7620959167f7362815a66be40b776dfc4eea237ced4b440c7a828,3fbb1a5e1046ac2517e5298d7b0afa2155782c7769fdcc6f0a24a105cdb9ee92,False
2021-08-01,2021-08-02,v16,complete,aws,"{""aws"": 50}",50,0,0,3.76,32e4c4bd28c80084e774c99836a63be57886dac132bfc78141a491de1ce3cb03,d26cadd3deb2821d784f25abe32d6885c8c5e0cbe4460c9d90921b8991ab0f57,False
2021-08-02,2021-08-03,v16,complete,aws,"{""aws"": 50}",50,0,0,3.64,1dcb0c91eee0a34d38cad35c255174e786219c276f6cd8115e4a9bb873dfbc2f,a38fc2da6fa385ac8c5873dbec785e4b2d9ff4e4700a79c6002e08d8fa201d10,False
2021-08-03,2021-08-04,v16,complete,aws,"{""aws"": 50}",50,0,0,35.72,6c6331d48289deccbbb689fd110e6e2fdc9209fbbfee82db940bde0c6428d8d6,a23477fe6adbc4b72487aaea88fd1b87f4cc340ef147db2f04ea2974728b7aaf,False
2021-08-04,2021-08-05,v16,complete,aws,"{""aws"": 50}",50,0,0,3.52,9af0906b65f41844dd3b597c8da4e5e850bf3d44ab20d103b0215fb6485d8d23,9ad62296e2582752709881cfea3a21312499543ccea5d59a88cbcc8c7eb5a1d4,False
2021-08-05,2021-08-06,v16,complete,aws,"{""aws"": 50}",50,0,0,3.63,25fb14c043ee5330a3190531021a6e416cf063f2eb5070b9b49238c67cc65715,b9dbc205ed569395ca175fc7f4fd108107f6db74de60a876311dfe4109af6729,False
2021-08-06,2021-08-07,v16,complete,aws,"{""aws"": 50}",50,0,0,32.31,4e9c327c0bebeff14d70e2ca5d5325797fe9c7ecd7ac09b8b8a4ae8fb0eaf6c3,008d710332da3dd184ccd9cdffa90747d6b4ec082068267adba59b8704fbf0fb,False
2021-08-07,2021-08-08,v16,complete,aws,"{""aws"": 50}",50,0,0,3.92,7dfff7b3d6e1238c30cc646e395f8c57670a6985d11d5d1fabff9818f3b70d07,c4c08cc053ff800048db82d6c298313081a5e324b568e776a187094cda238014,False
2021-08-08,2021-08-09,v16,complete,aws,"{""aws"": 50}",50,0,0,3.8,2e0a09a09a646f3849ff7761404ff1cc36fcf24e3310db38713df25f515af46e,7d40f857f1d1f3521b02b9d2ec7bcf87426156143ee10c0d107b83f4d7a1974d,False
2021-08-09,2021-08-10,v16,complete,aws,"{""aws"": 50}",50,0,0,3.54,f9fb2a02729f32ee83f1fd8b94a6e04cb1af4bb4816eeb9c89a66217840b67e6,22616585ca70a66af894972566278cdb195a9dba447ca3d9a946623cdcd69b5a,False
2021-08-10,2021-08-11,v16,complete,aws,"{""aws"": 50}",50,0,0,4.01,01579237f873a55cb8f7de3e40b26ba41a4798641ec09fb4f4dd9524f1eafaa7,1bba1ce06d392a6001ca6458b7f577b4af1bd29b7fab8e7765696702b4d0e79c,False
2021-08-11,2021-08-12,v16,complete,aws,"{""aws"": 50}",50,0,0,3.57,8aadf661c0c5666183116212896872b75648e572a5f2835d351efc2da976d902,3d3aca39db6604a2bc7040e6a309d93566c09cc33fbe0a948f747b3dd4c4a419,False
2021-08-12,2021-08-13,v16,complete,aws,"{""aws"": 50}",50,0,0,72.21,56df3ea3d79200133d4107d4dd320a704a50da76d2916125185316b7af10df6a,91f75982fac9edf5fc547728e000271a1b983018b6a09ab5b089df8d1011970a,False
2021-08-13,2021-08-14,v16,complete,aws,"{""aws"": 50}",50,0,0,35.71,5f9a67127817090211510da7b467f86a661ba956543b99fc1d145dd593c36022,e6a2e13b1e4e40e1e1c32d90c82d892fe50920203bbfdab803582ad281c4912f,False
2021-08-14,2021-08-15,v16,complete,aws,"{""aws"": 50}",50,0,0,34.97,135c7bec2fc052e0c90011a118b7436ba54faf982471fa460e3fbd54b5ae96ae,5e7efed94bceca364957bdf17883bad695e1fe5cbcb0f0cca64410c488fed6c1,False
2021-08-15,2021-08-16,v16,complete,aws,"{""aws"": 50}",50,0,0,34.81,21b5ab500d78df5d91e8f4c737b9195796b52b5e7cc16fdde210eb4c5bffc094,61be651f576447a16039b2412d5fc4ea0d035af7a3010cc759ab2d36a44bcd9e,False
2021-08-16,2021-08-17,v16,complete,aws,"{""aws"": 50}",50,0,0,5.39,a65d1d46be226880f8e385c653b9287298ec41dfb7e062835750740efdbb2e96,425aee57df127161e90518ee644d6fabf13119843bfa351f60636c861ec2afac,False
2021-08-17,2021-08-18,v16,complete,aws,"{""aws"": 50}",50,0,0,4.11,4311967d1aacba14d6d54790e60400b6c92e7b39e5e585b5c7c04b331b350182,36b3341823f42d10646b9d60d314d1a386cffe83cb133ce627d798108a0f4525,False
2021-08-18,2021-08-19,v16,complete,aws,"{""aws"": 50}",50,0,0,3.72,fb816de5f31f373d7ab927ede44578008ea36fe73f074ad8716d23e438dc2358,cb597512bd5a7267914d6f368acf7f36e70ff66edfb74cedfeb95c6e0f65c1da,False
2021-08-19,2021-08-20,v16,complete,aws,"{""aws"": 50}",50,0,0,3.67,695f70dc1f29985f7956a38be932917d99a1dce7a6f892445ef09d6a90d8876a,08deb39b3d929331cc82c82ba7e23b9e67cfbc533af16850b58c7a28f3719ca4,False
2021-08-20,2021-08-21,v16,complete,aws,"{""aws"": 50}",50,0,0,3.73,021b211cc632592e42d49c81ef704830c6c123d59a78401c2499077ff01a99a4,ef8aec833c59550c02a9ded73d4999ef318334c7269e3c8f0ddadc650941ff5d,False
2021-08-21,2021-08-22,v16,complete,aws,"{""aws"": 50}",50,0,0,3.8,f7781dc23c06b04d4dbaeb9474d98d91d3cb957eb7a545e1efb5011d8b4cced6,812530cf59f77326f5696e447c505f3c124c8d8f6d9fcbff47327bd5ad3b037c,False
2021-08-22,2021-08-23,v16,complete,aws,"{""aws"": 50}",50,0,0,7.36,7873593022ef184c2afe332af2bd6ee1985f4bbc8133c0191ba3dc0d32182a27,46e557c06e87364048035475c825ae15cd3425da1b4ad9f90d0f3fbf372ebe2f,False
2021-08-23,2021-08-24,v16,complete,aws,"{""aws"": 50}",50,0,0,3.65,231d2a34b32ae0bc28b55030cef28219c07d7bc58f77be72cd1ae118b34e4984,79481629c68d72b39c2e14f3da53ff0c44b165301f3f67f429a04a2151a8ef67,False
2021-08-24,2021-08-25,v16,complete,aws,"{""aws"": 50}",50,0,0,3.54,d49a4f13f32298bc2dfc9662f45aa2a8a6c48e67a7e4c4ae22af5b12b8f4e52d,5b7a7ac573f5e40348fbc9fbb87a58b268742eb47286aa3062a3f0d9c4a6d727,False
2021-08-25,2021-08-26,v16,complete,aws,"{""aws"": 50}",50,0,0,4.88,28bdc9f6ba938cc2c0d04ed940fcd3723b094cc2862ffc0299a77e0da158ec3c,383ab278f76bc26bbaf95168a6a0ea8472d7167f5fe91960f6192783d576f11f,False
2021-08-26,2021-08-27,v16,complete,aws,"{""aws"": 50}",50,0,0,35.2,67fa6935aa183b0eadcb599f60fc1ae24c5c1bd36e15afd027e7e31697dfe8c2,2a272df25f707c00e19e1be14b762ed5c5fb0d55c0d17b0d4fe5c9712eb2b340,False
2021-08-27,2021-08-28,v16,complete,aws,"{""aws"": 50}",50,0,0,68.08,d79c5b886834e444fb6a3dd2628f6ce34bdbd60055cb0d7db7819e3cd1d64928,5e5f3f991d71a7758e31589440763b403db386c8e0a5e589a1b329f41f833a5c,False
2021-08-28,2021-08-29,v16,complete,aws,"{""aws"": 50}",50,0,0,3.59,b4ce5097b99142da734b37ea4fee792cbdac0ce956047d38db199ce5997c7916,3834c6eec585fd49117c049f6e2f10c7872c4b20129fcec858c4b93c621a1ecf,False
2021-08-29,2021-08-30,v16,complete,aws,"{""aws"": 50}",50,0,0,3.64,dcbea92a35fe552177177cd42654f559d956fd7df962f3f21ae96f72c855f08f,ec9d1f4829f93411d9256f7cfde847e6c53c3a16d4ab1c449966c58c39eac7fb,False
2021-08-30,2021-08-31,v16,complete,aws,"{""aws"": 50}",50,0,0,3.57,8f1e64ccda4d6b083406bc785c308936cae9838506225dc8e47ce897089ba7b0,f0dea8968d76674e050a003add2803f811d51d259dfe0784b2cdd3da8cec975b,False
2021-08-31,2021-09-01,v16,complete,aws,"{""aws"": 50}",50,0,0,3.88,924ce42c044b864ab626fe3c2784ab18d9a616cd90f3e3a98c4c499304c2a568,c4a627245de84a9b87b5331c13567a385b3076bb479b4ffd3c4a83d934582f54,False
2021-09-01,2021-09-02,v16,complete,aws,"{""aws"": 50}",50,0,0,4.02,25b02a0d67c279773c588ff091892bf42892dd33ecb992f5b70574e863b88b09,4ff68189ba7916bdb5b5fef7de9206fd5ad5646d5ff66294ce04815a831cad97,False
2021-09-02,2021-09-03,v16,complete,aws,"{""aws"": 50}",50,0,0,3.89,8fadb2149eaf5859a0a6c6ce37c64467abd00a40557b8b169bbe4170c188a43c,1a38bdac3a27f8450591417ef87baeaccb9caa2b80a4b1270b4b3394b6484bdb,False
2021-09-03,2021-09-04,v16,complete,aws,"{""aws"": 50}",50,0,0,3.68,80d962383bb09ab44f295cbb03f475b1e599b88c9bd4d1d671dd3b2dc2b6ffc0,5506d8d59424570c58e5f2f4be34a93ab16e7ec113bc617bcbe042dbed0ae009,False
2021-09-04,2021-09-05,v16,complete,aws,"{""aws"": 50}",50,0,0,34.77,5cfd2342dbf08d75766b231a1450458bfe31585498c5eb8dba0ef06afabd57e1,6f7331ac2cc4aba8d53063763ff654b3e90b17930464b9c164f9affc6db304d2,False
2021-09-05,2021-09-06,v16,complete,aws,"{""aws"": 50}",50,0,0,4.97,bd2c75b89c0d7097b97b33519e5fead11e4cd29fe4638dbebf02f2bbbec9cc25,2b286e319a6779d4d6223988ac80f726928e96b3bb68a84d92d630e4c8c31cb7,False
2021-09-06,2021-09-07,v16,complete,aws,"{""aws"": 50}",50,0,0,3.81,abf2987a060788579f4b8ef5c88611d5a18d7538518010ea177b39f7378efb80,ca5551ab9a1b322b5b16bf7e025b177d2b8c76fb1bfffda6dfbf64ddebc40da1,False
2021-09-07,2021-09-08,v16,complete,aws,"{""aws"": 50}",50,0,0,3.68,043fc10954a14478f9e3e1cf46124ce21939d8c9854dc0f65e1ec1e592e4ca18,e7f90d278898809604a0eaf6ed670c9fb3ad0d01830bf3e743e63d839f59ef82,False
2021-09-08,2021-09-09,v16,complete,aws,"{""aws"": 50}",50,0,0,4.14,3c8326f5d975ca664cf7488c6568820accd4a21194c5cc12d9fb8169061f8ed7,0beaaa3b9876966e4966b4070ffdb4aae7b7fc877c91aead1de63c7d384c44e4,False
2021-09-09,2021-09-10,v16,complete,aws,"{""aws"": 50}",50,0,0,3.82,fe525b3940bb8d6b9e21b7dbbf7ac571d2f89bd72628b5ed021f7dea87a40860,d264a40a32a16d4d191cc9aa56d0431004e8de6d8c8bfb3f2754e11470cd2cf1,False
2021-09-10,2021-09-11,v16,complete,aws,"{""aws"": 50}",50,0,0,3.53,5792cb8591c01f93c8ca798d1985561a6799892ee328c36ad6665a429e685074,8c7d9fc54af75b3ab83a48f82c45afaddc0e3a65698d89da0e86e9df3f1dcad0,False
2021-09-11,2021-09-12,v16,complete,aws,"{""aws"": 50}",50,0,0,3.88,63d7d220e8f02664461ccb119075f249b6c23ad14676c70fe77b540641514852,14969232f7d7704276dd22920c7464cf64c4c2fe4227949838de2e28ca74f3ef,False
2021-09-12,2021-09-13,v16,complete,aws,"{""aws"": 50}",50,0,0,107.49,902d0fe277cf00ff03fae70bd503f7da95be160b6f9a1bfdb24d675e02ac7657,5245a546dfc74ac19e08ac82ed814d5e634b70074424e1857c76a2975a53a82b,False
2021-09-13,2021-09-14,v16,complete,aws,"{""aws"": 50}",50,0,0,3.72,adfba9bc25f687b144de1e14cd3821c480bdc95f8ac43e3afe9c3fa7256e3198,1a74a8c327a3507e11ccfc738b785e0ec536f87b0ba54f2f84bdb51346ed0bc2,False
2021-09-14,2021-09-15,v16,complete,aws,"{""aws"": 50}",50,0,0,5.05,0df471ed409251bcf78e9ba6229b49d951fdf99230f4b066096d3fd617e74b91,8c593f55deeb6cd0f6c4560b3886c431932b4258e7db34b13598301ca86360c1,False
2021-09-15,2021-09-16,v16,complete,aws,"{""aws"": 50}",50,0,0,5.5,6d4f741a161aa815292db8b7c771a395f7f3cd252fc636a224ec8215f709cd2c,19b2f798a10e614cd0db292965039bcf190a0e9bafe645b1fe5fbd374f587afa,False
2021-09-16,2021-09-17,v16,complete,aws,"{""aws"": 50}",50,0,0,36.03,daec2c54d52de0debe779ca6be6e174850f3f2f390f48b272da0bd8098fbaee2,32687f55c857ae70fafc3095daf6dfbdf01dac0ccf83b39455d13880f5c3a45e,False
2021-09-17,2021-09-18,v16,complete,aws,"{""aws"": 50}",50,0,0,8.35,25ed3ec98fb478afcdecb5555deebd308c422390d2a846513815cd247224e524,ef3c5acb1ecb75b16ffecfd35a275ba515dc060f70a266ad1606011baed54363,False
2021-09-18,2021-09-19,v16,complete,aws,"{""aws"": 50}",50,0,0,5.41,02312f9e75a73c31c6772a606a0144306a47827d7f66235022afcf1f5010662a,b7c22eab1a6db305f65288ea48da080c29c32718936c1119070e240a463cbd07,False
2021-09-19,2021-09-20,v16,complete,aws,"{""aws"": 50}",50,0,0,4.5,b5cee234aad32faabec4dacdb44c2f4e27bda1f5c21ad942cdef10f800b1b675,3463f06f7aaad3f689d767fa8596c6f097f90c2499c308d716e76105d6a0b4f1,False
2021-09-20,2021-09-21,v16,complete,aws,"{""aws"": 50}",50,0,0,4.45,dcab12afdc67629ae896c19b5914fe08258984e7fd9888f7ae5f8e3c5ae90ac8,78bf9c79c44e377d05335976897d02c76b15f093f903a77fee01ff2a722839dc,False
2021-09-21,2021-09-22,v16,complete,aws,"{""aws"": 50}",50,0,0,73.03,03ec11abfe19d68e81bd51b085f75d9bec6a5e903e4a8df4a86a7adb8d2c046f,553c8b0bc7724d95974df9295ad14c0aa0e44cfcfaf4491eaa6cfbdfcf8f9b16,False
2021-09-22,2021-09-23,v16,complete,aws,"{""aws"": 50}",50,0,0,3.76,52e0090c62f8fbaae94b23b538c51a092db7aac8981d54b51effbf34fa16d3c2,1d89180d0d9d87e43cf8c0613b0311dd47eee132ec6c38322cae9f367d65bfae,False
2021-09-23,2021-09-24,v16,complete,aws,"{""aws"": 50}",50,0,0,4.05,d7a12aa3f06ca0abbdd58b14ebd28021b6416e587be1aa0cc645509dfda554a6,a1e88104ab9d3d9b8024b7b096ee283a66b4fafcbc2442f74eedeaa2e6c1d8c8,False
2021-09-24,2021-09-25,v16,complete,aws,"{""aws"": 50}",50,0,0,4.26,b664b1532abba85ac2713ef6d380334b568901f720f6d7cf3c10f8e9607ccd65,16fa4f4238c789b3b9930abdf3d8b92484db26d7a3f116e2b21525436d4327ae,False
2021-09-25,2021-09-26,v16,complete,aws,"{""aws"": 50}",50,0,0,3.82,68c1ad6ba8479024086defeeb1e779fcaa94a8846f3d82d4e161b0341ef87cfe,8c7f88b18079403834b561e3b140c78a5fc041f40230b385d6f21615eddacbe3,False
2021-09-26,2021-09-27,v16,complete,aws,"{""aws"": 50}",50,0,0,3.76,de02c2d8fc35e3928d29321afa978fb353753981cff3012723f81d4fd4669ba7,9a596fa47c1c33782853514c4b90f39f1a2b118a951c2702e0f3d16a66a6fa2f,False
2021-09-27,2021-09-28,v16,complete,aws,"{""aws"": 50}",50,0,0,5.37,ef3b3bde8747896dff2a8d27590bfe562d079e832876c89cfbde1e43cbb9451e,a468761b970288e2e652607a5dda07838ca47332578f5b0d6f0f75e3e7e0f39f,False
2021-09-28,2021-09-29,v16,complete,aws,"{""aws"": 50}",50,0,0,33.14,4edf831aa8009b42f81813e5dac1d399ffe63cb6974a1a90c6dc994bf4cbf200,1a64a2df0ad82867a34af61a682f37f2cc76d1b80209cd62e1250e797e56f153,False
2021-09-29,2021-09-30,v16,complete,aws,"{""aws"": 50}",50,0,0,4.76,01290122302c37f772dee38bbe678923bbf91859c51696640357bf97998fb7eb,bdbe62a82b8b3b162e398242eca341f4164c85e03f1a25bef554a32a9aa9817c,False
2021-09-30,2021-10-01,v16,complete,aws,"{""aws"": 50}",50,0,0,4.25,300df34bcdb845570d2ed4febde2ee636654a57ea73f28a37a83ffb6a6c04854,8e08c4da88f49b0515268bbd90a45fc146d1816f7ccaa22e4a836bcce930f7a5,False
2021-10-01,2021-10-02,v16,complete,aws,"{""aws"": 50}",50,0,0,65.93,63fe65ee2c231845d916a686055c3cd2a29b6d0a513d8e5c35afe0638ff32776,44f1ca627ac80e729e4f36b37caf6ee2a4729cfbc4995bdd2909a7c5b737ff15,False
2021-10-02,2021-10-03,v16,complete,aws,"{""aws"": 50}",50,0,0,6.14,9a531339b9323f1ef8897345772b118b2c11e1ee366c1c5a55650b22604e7865,92e26b387c5d796b57ed0c88d5e5ee787c30ce907f9bd011890a3adec3833414,False
2021-10-03,2021-10-04,v16,complete,aws,"{""aws"": 50}",50,0,0,5.19,c2cf760b7e88ed26fa72a2f2ec212d97f4a0e77c78358e28e7e7fed7228103fc,fc8e3e592c70d9f4d4a9a54bfb60700955943803bd3289add40b23967b3e3385,False
2021-10-04,2021-10-05,v16,complete,aws,"{""aws"": 50}",50,0,0,6.12,1d54c68ffcb97f33a5a689cceb00975e81c1ef4b8a5c97370114208ff6b7e9d9,c5caa97c79edb60e58c16136496924e4d21184622120e5f1ed106e36c368187f,False
2021-10-05,2021-10-06,v16,complete,aws,"{""aws"": 50}",50,0,0,5.41,ea285ac89c16ccdae3c43659a5a4bd32222d94c1726e836578d132039a7f95f0,52e6eb339f608ddc4c1211805d572960e9d4d6e1831040d1271217e753228f3f,False
2021-10-06,2021-10-07,v16,complete,aws,"{""aws"": 50}",50,0,0,35.97,3a0197479d364d5d9fff952811dc38475d0882c90203f7ec6c79a39270cf2e80,f724e3754e80c4abee9518c9bd5dbe22f906b1605906246c260710a5cbf898fb,False
2021-10-07,2021-10-08,v16,complete,aws,"{""aws"": 50}",50,0,0,5.58,1ffd5930774a088b69c621737400c402b0cb4a78a2527fa0d444a21fc25efd7c,48766dc6c85ac0a5939a31a43f3e9006779c245cf8c40de230f6cff0119a4ed9,False
2021-10-08,2021-10-09,v16,complete,aws,"{""aws"": 50}",50,0,0,5.06,de1fdaa2886590ab33b35edc1751f634ad8abee8fd021cfa3ab3db92baffde0d,1d9403d0104b6b339401f131f883f7e13096e4398e1b95644c560502e33f79df,False
2021-10-09,2021-10-10,v16,complete,aws,"{""aws"": 50}",50,0,0,103.61,5e2c6e2b78cdb79a06cffa2315bc7a0f93752f4b264e1e92645eb98b0a606f56,94fde219942bb45cba71b32e64cecd47227b3d3d314629818fd4b5b7f8226147,False
2021-10-10,2021-10-11,v16,complete,aws,"{""aws"": 50}",50,0,0,5.19,dfa79a4ea9921ebe595429b03e7b9ac4c0da34cd6d9cb5773903bf8c6ec7b651,62e0ebb49593dcaf994e93dbb07e90a977a9ae8f49f8340b7cc9375b11dac8aa,False
2021-10-11,2021-10-12,v16,complete,aws,"{""aws"": 50}",50,0,0,4.62,e767989808c686d1150cd69414d4eafe3feb7a1671fd47a5d90867c2d943b2d7,b4a6e2d0a35accf1b3416ed5fb96511766170c16970c9390cf463c412c9d0565,False
2021-10-12,2021-10-13,v16,complete,aws,"{""aws"": 50}",50,0,0,162.56,26b0859a1fd3e4660f4404eb20adf524e315e4f820dd677fd989548d937b9796,dd49716c36c6822eaeb37bfed5ba5f55d3c01bdc7d590ada0a0136f32dd89e76,False
2021-10-13,2021-10-14,v16,complete,aws,"{""aws"": 50}",50,0,0,38.96,f917b8ecaf587c86f8a4337246a31f52312eb5b56d2e28f3124ad5789c46e62f,eb09186f08f16820b92658edcd7d218f41858033ba348917d48ca41ceb0e338b,False
2021-10-14,2021-10-15,v16,complete,aws,"{""aws"": 50}",50,0,0,73.17,f0cb1b8351d7509fd2ca1804e4f93549c4a238251cbb31769ea6738cf35481e3,b4f053325d06a4da2118f8b36703eb11634e8e70f84105dcfac1db7485947012,False
2021-10-15,2021-10-16,v16,complete,aws,"{""aws"": 50}",50,0,0,74.8,44dd997b37d0a28216a3e64782e6cbdd2765a32acdeecb6bcc124b54d3f030f7,2d9530bcc2a35abad52f6d7f105d71ed7f70c914dd481f2eb2faffa36acf27bc,False
2021-10-16,2021-10-17,v16,complete,aws,"{""aws"": 50}",50,0,0,33.27,9d53393219ed69b87eb9958c992aabeb51177737e4c470208d0133c1d33be9ea,8def3fdb4b8745ed2aa06de9a38daadaee82384db4224abc520351438102f8ef,False
2021-10-17,2021-10-18,v16,complete,aws,"{""aws"": 50}",50,0,0,32.91,9f142c6b489b63161f0046f0c5ed487e706b6852d2ee89380a699027be4d5a80,515bb720d51851414295aaa33f0b2b863ed62abdbd928d72d1c59ab33d254da1,False
2021-10-18,2021-10-19,v16,complete,aws,"{""aws"": 50}",50,0,0,38.15,4bec4a02efef5f8677bceca8405c72090ff9b15646b879141002814379f17988,51ed2c06edf520b9b700442c8022cc673d03fc4cecaca0e7bcf9fea2b1b90506,False
2021-10-19,2021-10-20,v16,complete,aws,"{""aws"": 50}",50,0,0,1286.68,441d2689511f54e02380c87988cf8eae45ee633a17c00701022c717feb4846a9,8a6a503a7b685005ed6978c1d51adec6e3c2ce8bd924ef6e6f53f8ea7a4881da,False
2021-10-20,2021-10-21,v16,complete,aws,"{""aws"": 50}",50,0,0,34.9,59b6ee453d9e9dd6ffc7c1c63cadf2e0f4bfffe1cec4e0a2d242d5c3bbdae654,4b8e736926dfae05ca3307e07a47707c1f16cd2e07728d5b1f96483d37ebd870,False
2021-10-21,2021-10-22,v16,complete,aws,"{""aws"": 50}",50,0,0,5.37,bcfaf5eda6571589a65ebfbf9f7f4c6220da62ec6d9a56e6472a60e2da3273ce,9c919424d9eb3219c1b49ff9a66f0d6e6ec581cacd3d7a68995dc4df833616fe,False
2021-10-22,2021-10-23,v16,complete,aws,"{""aws"": 50}",50,0,0,34.17,f58db788a062da479c59dbf510cba2fcfbcc627a1e27e1d565f0c1442018a085,ce74fb70e685dd463c2cc754899d0402b2a2501751e802b88aa18047a04c452b,False
2021-10-23,2021-10-24,v16,complete,aws,"{""aws"": 50}",50,0,0,3.88,ecda15d0811b0fc1c420d4aa754673038ec51110d17151edd15c14540824448d,4b45b979a341cfb3cd3a3bb5dfb53010fe3963d5d782b91242e9e49b7fed1bb3,False
2021-10-24,2021-10-25,v16,complete,aws,"{""aws"": 50}",50,0,0,37.29,386a613bfe47feed34587cdc66a38fd4fb4b8526eb93bc5b8301ea7798ea9009,faca7a94575412c579087914a0453638faf6c172233d545083235c380719b465,False
2021-10-25,2021-10-26,v16,complete,aws,"{""aws"": 50}",50,0,0,3.74,521db488a57a6cb66df00fbc01369e3ccd26987333d2bfb00886c8373e474303,28b1f4be8055939fcdef7413a5cf199f1cc72c8d82b51ebe814a5c05de89dd4e,False
2021-10-26,2021-10-27,v16,complete,aws,"{""aws"": 50}",50,0,0,3.9,eba799d4cb7320c0076fa07e0549671648ed1505da7ca40e3a742b7dcfa43cc8,5db20915a690a9290fe31ce9acb43e8dd54572752f9f0976aab5a60838d3e309,False
2021-10-27,2021-10-28,v16,complete,aws,"{""aws"": 50}",50,0,0,3.71,878e1d94865af754b5c144590faf6ba705e57285a0fc83a85dd695f732a090a3,a3670ffd5f7750dfe04a1dde5f9a56305904823ca160f61c819b783e53ad1e35,False
2021-10-28,2021-10-29,v16,complete,aws,"{""aws"": 50}",50,0,0,3.86,95f2c6218257928bd35761cd1536d5dcb96fd9c53535632fc3f21838b74b6bcf,b217966fe6e5e7ec532e6bed19facee80f5c407bcbd35a4708f2f4c474e70800,False
2021-10-29,2021-10-30,v16,complete,aws,"{""aws"": 50}",50,0,0,3.58,9fb730a1ad07a6d8fdd8cf78116b1567df5aca96bc069f74f6f4f1d28d57e9bd,6bf804d6fe285781fd9d24a3dc545e5fd8f22132be85e692010c93b4d6b0d1f0,False
2021-10-30,2021-10-31,v16,complete,aws,"{""aws"": 50}",50,0,0,3.73,71b3ac5208b14538c10a82e310adf6b60956e04f9aaa5b98df8ee36d0c3d7ea8,d0e103c8269c82ca0b5e8198dcb8dbf4eddf1449ea606c6f1500bdd13dbff9d9,False
2021-10-31,2021-11-01,v16,complete,aws,"{""aws"": 50}",50,0,0,3.64,535729cbc589dde9e2fd70bbb2bd9645c198b3e960bfea517fad530ef30d5574,1f11ef2cc673c2037952a6f5c105e2c247b8f801d930a45e4554c67a3f9f4ab8,False
2021-11-01,2021-11-02,v16,complete,aws,"{""aws"": 50}",50,0,0,4.23,e6ff1b3abbd61ec7711e28e5d88878654897362a3d793ca6c4ebd36af313bd4d,bcd23efc3f59784d4ab55bc239c1aaeced3f0c706a324b144dd0b09e471ac190,False
2021-11-02,2021-11-03,v16,complete,aws,"{""aws"": 50}",50,0,0,34.47,f58874ae2bde1a9fdbc1201a1b9281881501ad1e7a911bdb66045ad1a0f20b3e,4a5b0da2d2f035b761b4e438647f4dadf591538545ea33be33027594cbfbdc40,False
2021-11-03,2021-11-04,v16,complete,aws,"{""aws"": 50}",50,0,0,67.28,c92b92c9c889060917504962dc9b6895923c0d9245b193a69f8f318bd9ec0f91,be53cbe703c86cc12837db617a8087118bfe3314328b359d008d91d66e58fe2f,False
2021-11-04,2021-11-05,v16,complete,aws,"{""aws"": 50}",50,0,0,4.54,e98c231e9594d58bd49132311842091550503493ad4e311f2e9b7324ed1a2128,866ea908d30b60d9b5997d30c927b63c8aed0c5e1b2227776b53cb7edfbdfdec,False
2021-11-05,2021-11-06,v16,complete,aws,"{""aws"": 50}",50,0,0,3.87,f3ffbd99244d01da78a2f63671be97ba10714e0d3b60e4091f35fd4327dbd4f9,8d4fdcd30c7265c54292e041cf444071ca6a85a9005194867297205a8f374abe,False
2021-11-06,2021-11-07,v16,complete,aws,"{""aws"": 50}",50,0,0,3.81,4dc285aa96bf7b28b88ae6b43dc8b40160f1553722b1c8fde334eb553cd4872c,f1a06fae1e0116f785daabd7ed9f36f26e392cc157e5b5435e0bd65d57f3bfe9,False
2021-11-07,2021-11-08,v16,complete,aws,"{""aws"": 50}",50,0,0,3.76,f6352e6c093a14585690986e9428568efcaf01aebfa20e8a37f17e6d3e0ea24e,1fa1b7e3c74593494a338f7b38f688d31285e0166ca11451e2ae4bf728bf3a28,False
2021-11-08,2021-11-09,v16,complete,aws,"{""aws"": 50}",50,0,0,3.69,d09e0b1753aceaf0609caf9b3ca3c413ab666d477ec232017135b0c6612b643d,19c54f60242170234e92877a762ad3a50b588dbf03bba723acda350dce56556c,False
2021-11-09,2021-11-10,v16,complete,aws,"{""aws"": 50}",50,0,0,3.7,f9eda44115766d9d5a44743c9917ec0ae787aa4e54fb90fd7fe180ad009e37da,98b2d27ff1828ec2e09de0e5b570e95f5dd09458b327993238536f98a65c9919,False
2021-11-10,2021-11-11,v16,complete,aws,"{""aws"": 50}",50,0,0,3.79,b633c5db268c3e52ea4aedbfed98ad03b0a6909461ee8e563e0e7f190e6a6c99,8b5deffaf51711f786da56a6120fc64ceb5a63fd9dd2c0271a29962c3662c667,False
2021-11-11,2021-11-12,v16,complete,aws,"{""aws"": 50}",50,0,0,67.49,49693b6961fae1f2df1f680956d54f8b3528d93ba61d89f9d98a02be86dc2ca0,15c34f7f14b3097d71b86cb031bffb95bf70bc277148077f133ece6e497e9ce9,False
2021-11-12,2021-11-13,v16,complete,aws,"{""aws"": 50}",50,0,0,4.07,6ba70ba5d3f63ffc4bb7771fa4856aeb869757ce6df22b5e232e686ee848be75,089d8a2349401198a58c767d37b9cc4042781e3c9146e5ab91f3b1cc84e03d88,False
2021-11-13,2021-11-14,v16,complete,aws,"{""aws"": 50}",50,0,0,5.24,69f5829bcdb653892e76a7572566b41f81572236714d6e010995c5b45fb671aa,bc8e4542ee8a5da3c885dd4d8df553731bfeb3962cd3525862e9ba6a67afff09,False
2021-11-14,2021-11-15,v16,complete,aws,"{""aws"": 50}",50,0,0,3.7,f90f25cec89f9cab13409ebf2f16edc881ebe6196e28a4c9e464910186b6f8ea,9587c3c6b9a6c521d719969dcc7e377ea276857854332a8c4339b1545fd129ca,False
2021-11-15,2021-11-16,v16,complete,aws,"{""aws"": 50}",50,0,0,4.48,b03ef04ab3b5a8648b554efd4fa4e6ca0d05dc2b929bcd8b5b4835426dd38ae5,c729b8240bb632311a39a914828f833953a4a428f8c6257717544650bfc6cb64,False
2021-11-16,2021-11-17,v16,complete,aws,"{""aws"": 50}",50,0,0,3.8,00efcb399325141b8f76d1adb567ff87078225453d79cee8a52b58d39c359f48,e855c67f3612378a33303d9102ea49fa05a189ddd8bf811fa5e8a33892264415,False
2021-11-17,2021-11-18,v16,complete,aws,"{""aws"": 50}",50,0,0,33.82,4269b561a318dc4ba96e0350e961366569033da5d77ce2c0c39ab48807aa1f6c,b4fc7a28d702622eccbf56d2767c17e75316a2c55d2c0ef8fd5e3e4a13100f9f,False
2021-11-18,2021-11-19,v16,complete,aws,"{""aws"": 50}",50,0,0,33.54,2fa69f9e666b1b9a409990e069f17bb1d11eec633724fddd03c82ca6cb0740e0,fbdb931261245854c4f4d4c41b441eb146e5a82d19f3b40d1b9b7a8734856f5c,False
2021-11-19,2021-11-20,v16,complete,aws,"{""aws"": 50}",50,0,0,4.9,5b6657dade3652dab9166576a0ef979985c04cb8e20b466a06204d3304177fe7,7d374c3a842f51baec0c19f6bf4229206227fce9ceb92e341542d6e98d767430,False
2021-11-20,2021-11-21,v16,complete,aws,"{""aws"": 50}",50,0,0,4.13,9b6003136f56dd28610a4e3ffe45b694674785b66cd0b204ae9a0246a8afdb00,27eda169b3ae6f4a4ed289eb4f170c902acae48541b3148c0c5c34452bc2cf1a,False
2021-11-21,2021-11-22,v16,complete,aws,"{""aws"": 50}",50,0,0,3.47,babdc92edc5c6bed2da95b4422dff95c90d57ce86360bcc1b820de552e5ae31e,02bcb3aefaaed813f1a1189e77f669cee03b88a361e2e0c9262e0aa17ad2a9a4,False
2021-11-22,2021-11-23,v16,complete,aws,"{""aws"": 50}",50,0,0,70.46,37d7a03281f5045412edec91096ad47162f68ffd1abf2ee8986226941d32fe76,5528af12ee09fed705e9d6336be0bd1e47216cbfa59cd9b80e7fca05077ad82f,False
2021-11-23,2021-11-24,v16,complete,aws,"{""aws"": 50}",50,0,0,3.95,32c873d410902f3a215851c04e4ea08557b1fa6940e6ca0e5553793ed14b29f3,cad88674f2b618f7f374a1da4e8ff5f45cdf1f7fc1ba610b5360731a750c5645,False
2021-11-24,2021-11-25,v16,complete,aws,"{""aws"": 50}",50,0,0,34.05,7dc0591e5677fcc87b1315e08a3609ba9bae95db9b5fb8f0ab6819618d37b3f3,60d6032d048238ea75aa771744abbe9121f66b36caa3362c5074cc59f47aff7e,False
2021-11-25,2021-11-26,v16,complete,aws,"{""aws"": 50}",50,0,0,3.85,cfc5a1643298e41b23842e38453fb2d5c1fe260aa19c2acfd6393217c485d3fb,d4df71b4311fb84aa54516780d2649170137336ee6fe88da90a866fade5a80b3,False
2021-11-26,2021-11-27,v16,complete,aws,"{""aws"": 50}",50,0,0,3.7,e2dce7006595a48cb615cbb99837edc3d5a0c5ef30489f44f117eb9f166f4b8c,2319be58602642168f4f408c21a69de858bdbb53f8dfeb1bd49a17d036baa238,False
2021-11-27,2021-11-28,v16,complete,aws,"{""aws"": 50}",50,0,0,4.13,26c012cb736886030f34e54da54710e9fcb6781b9701ba43b211caca8d2d0f6e,ecd13a125014ab843329c7a527fc6fe15791916b51b9f25a53be4bec4871509e,False
2021-11-28,2021-11-29,v16,complete,aws,"{""aws"": 50}",50,0,0,3.69,b35c2d2bd4d430cd072ccfe9f005c1b9d9c6cef933a642fa4b1c28d35a9ebd4f,e9807fcc81b8f67eb55d9a24d85fc7788abb4aa9937f0f500cc24b907b4ef27c,False
2021-11-29,2021-11-30,v16,complete,aws,"{""aws"": 50}",50,0,0,4.68,d39d50e5bab907475a28c0569acff7d1ebf4dc7da66c3cbc505f259e705b166e,0a9c53dc4be7b49d3cc15581831b083edff44316e57dc1a920fdb30a4894b3c9,False
2021-11-30,2021-12-01,v16,complete,aws,"{""aws"": 50}",50,0,0,4.13,b167e601da5a2db333a480770115b3a2c3ada03020770cb3467eea4bfdafe92f,89dd401e89939912d4faf32ca2659381ddc27341ac9a1fa19474a7babdf079aa,False
2021-12-01,2021-12-02,v16,complete,aws,"{""aws"": 50}",50,0,0,4.0,27b048b1f2b2cafddda0d67bea80576c8389204559616dbd94268cfa053c8bf0,9e2bea80c2878a41d3dc878e00443565ba0854d76b8195b1540a6f3f21b7c562,False
2021-12-02,2021-12-03,v16,complete,aws,"{""aws"": 50}",50,0,0,3.66,57f1a1de3c64e7948708c09e9d074d104da5d4833512a30ce86e451c14e3392f,0360cc8607cfb9240ea82c1e1f5fc695f218cff84b666e513accd0870e1f20e1,False
2021-12-03,2021-12-04,v16,complete,aws,"{""aws"": 50}",50,0,0,63.45,497bf1df2b699bf1cf37a3a3751e2475d167b26201a8e1f937cecf56abf6f95a,abaf99c5e3ebe67d7880bac60f0be6174226da23db3a31c34e02e2ee035b6fb4,False
2021-12-04,2021-12-05,v16,complete,aws,"{""aws"": 50}",50,0,0,34.88,b4b8cdcc653265662b2f5bd199536708f4304d6de6e9d420fafe2b779564ff6d,97605a64a093a116016005aa6716589e84690d070a22768f4679a9cbd5d7d509,False
2021-12-05,2021-12-06,v16,complete,aws,"{""aws"": 50}",50,0,0,63.16,10c6ede20ab9bb092daa335ef26f11a64eb087e1e6fee951dc4cc786f433460d,80581464feb56c2456fc50677a99536a9ade9d2b39d7e3a8380fb86c74593044,False
2021-12-06,2021-12-07,v16,complete,aws,"{""aws"": 50}",50,0,0,62.1,e7e4c61f06d73c03ba8f908dc6ca88e70a6638d7eb681e9018d111ab4fc350be,21a1b5d17abdec7af7aecdbdc9900e755fe9a4424a84c05ef700283a3f141b7f,False
2021-12-07,2021-12-08,v16,complete,aws,"{""aws"": 50}",50,0,0,30.76,0cc8da04432a568cad2e8fce17554fd7677e50d176d243f52ef0b2d8b7b61208,7a6fbb94d97da992b07edfc5fb359a2d284163746b35689dd2dc47f0419a9eb5,False
2021-12-08,2021-12-09,v16,complete,aws,"{""aws"": 50}",50,0,0,110.91,1850aa4efa1fb8a0db5e8d69c8d88ffd96b4d3c8d3969331dcc1a31ce3fdbb9e,323ec73b01e1d524898b95b8228a3c02b32c8e7fb7843a32e9041a7a108be15b,False
2021-12-09,2021-12-10,v16,complete,aws,"{""aws"": 50}",50,0,0,34.77,e16c3ed3b13f027d6803c74bdfd3cf543cc6ae11675dc737ea0930c2d5dfabe3,dad91ff8bc84d542a7e4c37572522b6e3593ce556ae7332ccec9c6442d305526,False
2021-12-10,2021-12-11,v16,complete,aws,"{""aws"": 50}",50,0,0,70.76,c715fe3a23a591787105b63556263b312e4325f0c5287781baa2aa4f401f3471,9483ee3b77daaa3f8b5abd27fe15bc47fcfda897804470530388dceddde731b4,False
2021-12-11,2021-12-12,v16,complete,aws,"{""aws"": 50}",50,0,0,33.9,cd46e675bd17b13c4b7d19b047e2e1f77fcdc72231e8517f70993eed60670abb,fa06c046a3d5f23663f7e6cb4aee84abd09be20d159fcd31eb0a6994196f12d2,False
2021-12-12,2021-12-13,v16,complete,aws,"{""aws"": 50}",50,0,0,36.26,153195b5589058efa092e4ce7186597b500561d4c917c854cd235ed1dd3591b2,b1abf83d6fe2b2be0e4cbf0d7b43e6073bb78e675abb655bc450f821d7c8e7c7,False
2021-12-13,2021-12-14,v16,complete,aws,"{""aws"": 50}",50,0,0,66.04,bc36168e5ea5490eb1e8c52c3bf0687376a39a7ad139837aae5923005301d2b2,07022e24b1cd91fded6932e81e809109b60962fc18e0d9019cf27ceb4b4b7771,False
2021-12-14,2021-12-15,v16,complete,aws,"{""aws"": 50}",50,0,0,109.96,fec9d0c0ae4732e196b213495bb50a37ced8248a8ef847cef5720ac673008a85,91940193441afc5441d6b280ad835839304daca104302a157e5740f6ed63d079,False
2021-12-15,2021-12-16,v16,complete,aws,"{""aws"": 50}",50,0,0,119.86,e1ea9d81b0b4a53e74f0813062eac8604792f781438a969f94cbbbd172aeb134,a2d39176a290fa5ed7ebc2d1e6f459436d7e823f2bab56427c32472e3c2a8ccf,False
2021-12-16,2021-12-17,v16,complete,aws,"{""aws"": 50}",50,0,0,120.75,181e90677062079d9f0e26488bcdd8bf98088ff52514585d410c2c39aa425ac7,a96b767461035b296f53f07c21dacf1d5eccf0617e9147626a11af0b3ce85f34,False
2021-12-17,2021-12-18,v16,complete,aws,"{""aws"": 50}",50,0,0,35.11,fa40a72ed51c37b3e67ade7d65fa937d427021af249bb23e81c134e3c27d6909,200929d48294ba9b82e274bdcd16f22cdd7d30935127c9361d8038b47bd67820,False
2021-12-18,2021-12-19,v16,complete,aws,"{""aws"": 50}",50,0,0,36.9,2b085841956b46c97eb79fa089a73b9a4fc164b3203da1fff1d9c61f6bf4fbd6,8057e629084e8b14224ee090e6f6b748d0648510c155d76fe2daea94f48b4943,False
2021-12-19,2021-12-20,v16,complete,aws,"{""aws"": 50}",50,0,0,176.73,57ba59f486a9aedb429fa42acae49ded04b390485ea515d5d69e16aab1de9330,9c4e13f6e3b11bf8e309ca42b0076943899b0927d1faa20124ec059bf3c205df,False
2021-12-20,2021-12-21,v16,complete,aws,"{""aws"": 50}",50,0,0,6.09,da7504f7bdc69dcea2160d63eae4d2bb815fe269fa1f88c28f3ef613e9a0e370,e1ae058c6c667b40036c5a117b0715bb2755ab44e29933d150f23ded5dde4e21,False
2021-12-21,2021-12-22,v16,complete,aws,"{""aws"": 50}",50,0,0,32.96,4721eb4ca9fd0fc667c4622f7ffb2cd728c7f1a20bea26a7095b28134a52b4c1,51d90ae743e3c1277ec13755a06c0bd47fdcf8830c684a14d6ebfd732370f558,False
2021-12-22,2021-12-23,v16,complete,aws,"{""aws"": 50}",50,0,0,4.52,33e8eb3dc0ef51a1eb170122fe4c6d55bade7236b65bd6a097682a423ab9755e,32c29a6a180a771e9353c546b40ec71319ba2dd37695ec432c911bc6983d1780,False
2021-12-23,2021-12-24,v16,complete,aws,"{""aws"": 50}",50,0,0,4.06,12a952513edd587b90c73c59b3ba9b20c02a559cb67bbc323f07d93017115568,961be79167921172afcd9dca8eb4e992364312e3649dd64497e23e955fff9f73,False
2021-12-24,2021-12-25,v16,complete,aws,"{""aws"": 50}",50,0,0,3.54,189f9bd108987f052a6f93084f03db5d12458f786fd0f57175dcc3bfa120a43f,f0a7a302917daaa61a2af842186ab67b9c0294626738afd0bea5752bc0d0b1f2,False
2021-12-25,2021-12-26,v16,complete,aws,"{""aws"": 50}",50,0,0,3.87,364a7bd1358e0bd848923c61443e4e4f220b0d9866076bd7c3c2d8188fdf3939,8f1db690894ec3de00e7ea2ccc1d9125104dcc739d1dad5898f4f6c4bfa41b6e,False
2021-12-26,2021-12-27,v16,complete,aws,"{""aws"": 50}",50,0,0,3.69,a530dcd316b328eb795cef2409a9fcb9c1c2b486ae9763618eb270b0b001a0d8,40160773befb393edef890def2e97f4bd47bd9112a8a7602e11be82f78b977ea,False
2021-12-27,2021-12-28,v16,complete,aws,"{""aws"": 50}",50,0,0,3.7,c65eded798cb8e6ea4b303fab862b752a56e8b0edd028a9b5d91e1a3c38bcc7b,d6071827c0ccdf5a8ebc507abe77ff4bef5861474da4596aa81e30ed8becef19,False
2021-12-28,2021-12-29,v16,complete,aws,"{""aws"": 50}",50,0,0,3.82,46515aa1c3101c58c473edc4bba759dbe803f62e57b6d9ca48263844d1c2e4bc,c62ef269ffa634c74616b24782bcfff4be36840afb86bd0cb4eb8ee44a13a27e,False
2021-12-29,2021-12-30,v16,complete,aws,"{""aws"": 50}",50,0,0,104.85,9cd920b12bfac41d2c3f0984a0e5b0cf7b07e8f156132113de9d9ebd5ef56e53,afba17f190c461c63c485e0a54b5d86a8ce14c3ca7a98a539840e86d69c278d1,False
2021-12-30,2021-12-31,v16,complete,aws,"{""aws"": 50}",50,0,0,4.73,5f900f65fe7858092ea18f44a58291e2087f65fdc6098711f14c31a4574880d3,1f6b02bff64144c258b49b5be0a368f9c5237b3bab20236e8d2971f0b77a254a,False
2021-12-31,2022-01-01,v16,complete,aws,"{""aws"": 50}",50,0,0,3.57,8320e7df11ac06cdec08b4ae0ae6c2237211f2c46cf4b4e4e78d50f517d98f14,ae73f19bc56b65e9f9bf3c554ccd56eb59a91fd14389a83fd99a1f0af22306cc,False
2022-01-01,2022-01-02,v16,complete,aws,"{""aws"": 50}",50,0,0,3.77,40983f14cc1c3dfbf57d7af024746ec85998d610d93784f3717047cae53a0301,3c0cd83122871d4363fedd8204ca5fc60963c36df1279c17b78690f6667deb9e,False
2022-01-02,2022-01-03,v16,complete,aws,"{""aws"": 50}",50,0,0,3.85,9ec9979a45e520d15c58f3765843e85947bbfd1a0ffed861c222fcc7409d38bc,f65df106b292d39eac97c6f5244a200f9767107e71a5bb7cf605b4947b6b207d,False
2022-01-03,2022-01-04,v16,complete,aws,"{""aws"": 50}",50,0,0,3.64,bab6ccf4232208727938f727ec07ea891b86d74289a7fea911aafcee7027e50a,03fd86d3b05cf2408f519c3f3136515fe292230caff980b8b97ad2741a5bc97a,False
2022-01-04,2022-01-05,v16,complete,aws,"{""aws"": 50}",50,0,0,3.82,4251184c596b26405413c3d456ec5ff68d8ee9ab4ad09d0c436e31db2f931caf,f10b27b7b74c73332d3b5ef59793a1e6fbba1b0f1fb00e2b8b6f7c78e6efc338,False
2022-01-05,2022-01-06,v16,complete,aws,"{""aws"": 50}",50,0,0,3.75,e9ecad5e0c4915ceac8932358ef2155e6592448666d98b19af94659f407fa4d3,dece622cc1c4f1103263a0a251438252b2f31a5fe8fc021e04592cd053d00d31,False
2022-01-06,2022-01-07,v16,complete,aws,"{""aws"": 50}",50,0,0,3.91,38ce6cd92c53d71ddbb16865d74ddaf86dd75a660285660b483791b4e219c413,65249bcfd614088366169224d7a5ed6d71ac38f677523d5455194b51aec01653,False
2022-01-07,2022-01-08,v16,complete,aws,"{""aws"": 50}",50,0,0,110.43,72c4a2c8b2e477d01979fb5673c605d9c4823974c9e317c359b6bb979953b380,71ad382fbd5d87765cb9fa34541d6fb21a3f0b1c85a075b2d4f09f5ea2b1ea93,False
2022-01-08,2022-01-09,v16,complete,aws,"{""aws"": 50}",50,0,0,34.26,3556a9b72f03070a805dabca7b741f07ad24aa62e83b4e13f4eebe80fef0ccd2,ac6a519eff99395a34c8179a7ed7625e7cfa276750c44916a5b9f8eff4fe167c,False
2022-01-09,2022-01-10,v16,complete,aws,"{""aws"": 50}",50,0,0,37.03,d5f0988fc073b02512d5f729d6f9c772ce8ff688ffbeaf6027d6efc9e4d80551,8483f3b102025614a2fc876a7315dacfdf706586a862b1fd5705d86bd1512f2a,False
2022-01-10,2022-01-11,v16,complete,aws,"{""aws"": 50}",50,0,0,4.5,e08021ba271c9c12d417a0b01a3299f5b69dad0bf5f610e150ba3418bb456895,d316fee452cdf615de54df988838f76b03b60e12d9fd1fc136ad6c1a7369fc3b,False
2022-01-11,2022-01-12,v16,complete,aws,"{""aws"": 50}",50,0,0,3.68,5e971ce3a5c864617472060fca5a80e387f3ee693e329a25ceda3ac3b161baad,b4d81ae1044ef1e03158a4af5c2de13f9bc1bd9e608e28218702c1620932f64e,False
2022-01-12,2022-01-13,v16,complete,aws,"{""aws"": 50}",50,0,0,36.66,ea751d90870088fef6c3bb4174c3e112ff64ba808b13ae63cf0444eeed34de96,f777dcfca6b962d7d1d9fa76a9df119a5e50f6b01c56d840054ce4d307a423c1,False
2022-01-13,2022-01-14,v16,complete,aws,"{""aws"": 50}",50,0,0,3.65,765da2ad04166e8645b53b4109a3bf2b72719b8c5b32c504cff220351e15b852,c011aff034f15aeeffbfe3ccb7ae3af54283c45e0a9648c5bb13455c910757a5,False
2022-01-14,2022-01-15,v16,complete,aws,"{""aws"": 50}",50,0,0,3.75,29436b2e641a79946aa0188f7c0e0cc44e753c3c937532db1b23d8817cf13e7b,fcef3e9884beee6b2d92f23dfc9c3ba802be30d3348eaaac343349355135142b,False
2022-01-15,2022-01-16,v16,complete,aws,"{""aws"": 50}",50,0,0,3.64,4773f9e576fa7df83a181e6b1661f2ecdd078c564027ef77332b8d47534a0cfd,ecb81108517b4494040260865f5a269afb2a17ee4e786bf2ff4ad1c76f14116e,False
2022-01-16,2022-01-17,v16,complete,aws,"{""aws"": 50}",50,0,0,3.7,bd9a00bd01828d1ee14043e52447d70596615da24fb48bd6fc13c22f8247ac88,3c6c25aa7ad9fe4ffa94a3bef891bc5117374c7d2bfc6727b8ce79abf6fcb528,False
2022-01-17,2022-01-18,v16,complete,aws,"{""aws"": 50}",50,0,0,3.82,87792c2e88e8a428f4fd3f3e44851d7d13d1a3d90ae4894fe9fbf1f539b3b237,fce7c23ee37a1aeaf979ed168954415d31e0b2be33fe87363068032ebc314cdf,False
2022-01-18,2022-01-19,v16,complete,aws,"{""aws"": 50}",50,0,0,3.71,b1d80a90b4c6fdcca0b88d8e203813903a19b074d106a5b2bbe5911ee10b6683,4911d2aab973ff9e65e28dfb678b2d0ec0a64931354eadf5cdf07516fbe406c6,False
2022-01-19,2022-01-20,v16,complete,aws,"{""aws"": 50}",50,0,0,3.83,e2c9b114b6d15f311f6cbe3ae0d98fefacb081734783a2bcc2f420cb35583bb3,8456c9c568d53c9c70ddc1ebc51d9da36106632d845e4dca1ef4d21efd54c566,False
2022-01-20,2022-01-21,v16,complete,aws,"{""aws"": 50}",50,0,0,32.1,7a5e57e1e2973d4bb9f26358847646df940a9466ab064290b84f56eef11dc0e6,034e78f416aa0f453623fbec87f037bdd39f5586b96ab9b46bf147a0cac9435a,False
2022-01-21,2022-01-22,v16,complete,aws,"{""aws"": 50}",50,0,0,73.29,d45213d354d017a684d9192d84986f4316384de7be8674b3132fe7051b33440d,f56602b1c019bfb6c205ea8506187357dd19b91ea21a62266374a197fdf295f7,False
2022-01-22,2022-01-23,v16,complete,aws,"{""aws"": 50}",50,0,0,4.8,ef32e647bfa5d5fbe55738400fce1abffbe28946bbafb25f4b41864f40d27e59,871590120a9ce5512a8c351345f0dd22cf14af23a758ec40b2cdb2a1edbd8a99,False
2022-01-23,2022-01-24,v16,complete,aws,"{""aws"": 50}",50,0,0,3.52,a6e4610116146bb8d3cd6c9d44e974becbf5e9217b9a7695c8b2f8cc77e6e4ac,eefe72218c585be425637e079f8076cf97d1de2cdac1b6d2d724ae5929ee20ab,False
2022-01-24,2022-01-25,v16,complete,aws,"{""aws"": 50}",50,0,0,3.73,8977c342e0e8131f5d3b7f34e85de9b511b4ed06d2157569b6907c6fe8e1225e,e50fb23cfcbb7b8afb17f4cf447973f6c3cc47f5ecf195ead8d42d8d529acc76,False
2022-01-25,2022-01-26,v16,complete,aws,"{""aws"": 50}",50,0,0,3.62,3fd935954121c6d2424723ba8bdf95e1a286ec6b855d01623ff8b0b94899ed5d,0f9c80be48f0322fbcfb58c8c91e9979172ed520e6d4fb99202057af64285101,False
2022-01-26,2022-01-27,v16,complete,aws,"{""aws"": 50}",50,0,0,3.58,b0e1e00067d846db33d06bcaaa5dc83761865de35cd16033894ae010a0c9717a,9eaaf610151f97588680861c929f067029afc9d46ba6845814c8c2a07c2e3144,False
2022-01-27,2022-01-28,v16,complete,aws,"{""aws"": 50}",50,0,0,3.64,814d7fe9b56945c64b12871d777d499786cb565f0d35f7496df63fca9cedce32,be20e93e480c5815903bc881e6793558781fafb34b856bce37bbb4417b43ec99,False
2022-01-28,2022-01-29,v16,complete,aws,"{""aws"": 50}",50,0,0,71.45,0c7edc7c434a5945df3e547173ef1552c8bed0854b41c48a7f6170cedaba3cfb,725ba5d26ffc15bad30516ed95c42af10af4f036a5ac9aeb870d282dc02286d0,False
2022-01-29,2022-01-30,v16,complete,aws,"{""aws"": 50}",50,0,0,3.68,8d26e374397dc36c8f28a0b63d4f7ef650d4b5842617f95e5f42a5aebbc43100,a225344d6ea7828ddfd4cc12c567e3ac0954255b3f10a6e2fa7c518c26edf64b,False
2022-01-30,2022-01-31,v16,complete,aws,"{""aws"": 50}",50,0,0,3.5,73a09eb607dca2950a2eb61f1ee497a7b60ca450545829cb6e2c31aeb6959e4a,bd3c21c31011be62c5df6e8f63e946d247c7bb161fb6dd7b803ba1befda8c74d,False
2022-01-31,2022-02-01,v16,complete,aws,"{""aws"": 50}",50,0,0,38.89,9e582cb03721efaefe6a1e695da22ac18ed312d748d2a9ba0bb9bbb50224c6b7,46a9093d0a0b2fa5862d306ee77e1e982a2e69ddf26c634ea0604e7b16852ada,False
2022-02-01,2022-02-02,v16,complete,aws,"{""aws"": 50}",50,0,0,73.02,96071e9ca922314beed7c045237acafd738c6493a8dc11dfa29772a905d4c164,f291a2a2b6fd1f544b35d05706805ae681ef0111cebdaab560310178c08a83f2,False
2022-02-02,2022-02-03,v16,complete,aws,"{""aws"": 50}",50,0,0,36.44,5f20ffa34c4be5a75dc20192c5de69a667b021bcd54391360d8ea4c98efb24d5,a9d02378134e1b63b983be1c9971ced17440c0aebe4f2493ce59be7392d2dbc1,False
2022-02-03,2022-02-04,v16,complete,aws,"{""aws"": 50}",50,0,0,30.7,8e1694c35c336c80d1bbc5082fd1fce77258e41bdcb19584dc6c5bd1f8ab6400,ea06818d7f3f65fb5cbc1ce67ef1de8763f9d1370ec97e1f477f2e20aa8c5a8e,False
2022-02-04,2022-02-05,v16,complete,aws,"{""aws"": 50}",50,0,0,3.97,bd78ca480eb823ba36f99bdfc0fdb20c6143a3dd69eb2a887ff0b90cb3a86a35,d67d644eca755971cdb69a647b6abc8fa6059d3dcc1076f324ca8f8145448d8e,False
2022-02-05,2022-02-06,v16,complete,aws,"{""aws"": 50}",50,0,0,3.66,f7dc43e7de882cc7d6aa5f5f5101caf38f296e2a98ff40e88380c57533eccb8a,35118894d61aa434673676aad7f0003b0494e2c8d74dc6b0a89f1f9e3eea1a14,False
2022-02-06,2022-02-07,v16,complete,aws,"{""aws"": 50}",50,0,0,3.82,9c4e5b22c1a450bbdfb56d347f7199c20198d857a9bf3a7dda3685e54074e6fa,aa2ca21c519250d1abdf2a34d3fcfd65cc21559b13c9976f3abbf2e44c06c209,False
2022-02-07,2022-02-08,v16,complete,aws,"{""aws"": 50}",50,0,0,3.7,15c6a10562fce907564a269c5db5e373c1103a9ceeabea382baef74d856fc323,23ce8fec1e2e08ffe65580c0761038853a20d7efdd8235bc5ef6fa858f5f0a54,False
2022-02-08,2022-02-09,v16,complete,aws,"{""aws"": 50}",50,0,0,3.77,dc7e45406a57b5208f2f28454f7ef1b07daa6c6d830761b4400dd79e02dc88e9,1ab2c2d973bf35a624fd8dde53aa915e401b26b45fca62d27e06a43b973eab0c,False
2022-02-09,2022-02-10,v16,complete,aws,"{""aws"": 50}",50,0,0,65.96,2f4dda7b2080febf5799d86bc04b282a5f87ba41e72c3f41f39959c6dd83130e,ea0eaf51e160c73f4fbaae951d9ff97feaa84dd35c76e951cf93e566b510f801,False
2022-02-10,2022-02-11,v16,complete,aws,"{""aws"": 50}",50,0,0,3.82,bec74fa9b5e83e5d32e0f9a545b3aa0f26ed4f6438dd102858e8a6a754e398cc,f120c5f6f52edebc0cb87e5ff4c1009b5b7e062c9143649562bdf546e6b8b374,False
2022-02-11,2022-02-12,v16,complete,aws,"{""aws"": 50}",50,0,0,3.82,78906e25f76cb128dc2b8bca260204485d50d5a1f3922559e4f05b7a0333c3ae,5accaa7dd566f6318ae26cb598453582a50665da9c781b50186f6522a711f851,False
2022-02-12,2022-02-13,v16,complete,aws,"{""aws"": 50}",50,0,0,3.66,98c70baa027994f43ccad27e2daad7215ee35c013153e1d2b2afa3b717912c0e,bdb4da3573c16a7716c2172bef66d99afb3e086920ed582a15c60f063e84468a,False
2022-02-13,2022-02-14,v16,complete,aws,"{""aws"": 50}",50,0,0,34.55,1b30900b0c4b07f8e0e977b804ccdc7b66ba6879873c85cf40d7ccf108e73e1e,5ae2cdc738df2c1d266ccdb52cf75d913de1acd5307db081004147d4479e4506,False
2022-02-14,2022-02-15,v16,complete,aws,"{""aws"": 50}",50,0,0,66.33,104c43658391436d1ff5c1c0f52badd97fe38e12ad6633b185cede40f0e62c37,4c9b4d5e2a3cb30e1cbb667221e8d759a8a2fbfb76ce5a5d63c22c5190cfd026,False
2022-02-15,2022-02-16,v16,complete,aws,"{""aws"": 50}",50,0,0,34.95,620187c00faf98e3842a81e159095208ff9af65969dcdaf49a0c45233d138de4,b63fe394624b746954011de592d891ac7bc0e3b3cdc98ac82b15f94957f57311,False
2022-02-16,2022-02-17,v16,complete,aws,"{""aws"": 50}",50,0,0,116.69,8f366716683295327f34cdcdc53290cf6b6aff92a92950ca2e6e0d3e30c3c981,89b40b14a76aed6a1df2a917c2fefdc71bcded6710f4a69a8c40d7851c9975d6,False
2022-02-17,2022-02-18,v16,complete,aws,"{""aws"": 50}",50,0,0,70.62,82da4b77d58a00bbca5d0af2871832b8be91b35bffe1b1fad87b061cf79321c4,6eec28171a17804ee28e604386c3d0156cdc062cbb8e6c2adaa06af69446906e,False
2022-02-18,2022-02-19,v16,complete,aws,"{""aws"": 50}",50,0,0,4.53,d359ced46be3d770a7a8fb70da9d644a6d765970f5c2fe946336e441ca8088f9,6c3083c97651b292c31f828acd3322d450ca21b4708ca2de2ca70f73e64d1aad,False
2022-02-19,2022-02-20,v16,complete,aws,"{""aws"": 50}",50,0,0,3.61,24bc5fa4fbabb3f54cdbd4af02443382c618eed079c1ead3a35c47d7b644b996,ec79c6e07d3f31157c74675c5d077bd90bbb52866526746d6ded1b4179e58117,False
2022-02-20,2022-02-21,v16,complete,aws,"{""aws"": 50}",50,0,0,3.9,ce80e23b4e9ac4d93d40b87650e4d367475029f15a505eaa5f99be83baf43707,41a58e409930f26f170f2e9bc429ca2ddb770240f4602a61cb875dfa30d0929b,False
2022-02-21,2022-02-22,v16,complete,aws,"{""aws"": 50}",50,0,0,3.7,897a48a97549cb5e5852e0cfead5502e641038d45d2bc9c561e10c29b8755e06,442f98edbdb9bda3d0180855526b20a36b4179f72dd2e0dace92a8c2f7ac1b9a,False
2022-02-22,2022-02-23,v16,complete,aws,"{""aws"": 50}",50,0,0,3.68,38be96bf92e5cb90838207de8281d739c41a25409c7650a523d3df8c15a75a3e,7cc4d450eb7ddf5d7001117c327fd09c27eb46c30186d2ad6a9ed835e220c4a5,False
2022-02-23,2022-02-24,v16,complete,aws,"{""aws"": 50}",50,0,0,3.66,40fd4e16a549608f32e7e9cd64732f75772ea1aa590cc5e14ac9aabdba4ce0c3,e8dccd4252db18b0659af3beadaff0606ab6263d9dbd7a7d77bf55e9a69baf81,False
2022-02-24,2022-02-25,v16,complete,aws,"{""aws"": 50}",50,0,0,3.65,a8a5d234ee0afe1b8d03fb08f2cf8be9ba84f18a21f864907f8fc85e51c9fcb5,a2dafb6bd1615e6f628dd72a72b86e93a49ab8ae466d621b3fabf5d32d5e8b36,False
2022-02-25,2022-02-26,v16,complete,aws,"{""aws"": 50}",50,0,0,3.66,1d1c5e2012b5c18b71f713f92c6102dc2b9ad05936561608f10d829f65c97a76,0bdd5d3efa36e45dc84013d5f94efbad2aa7148c2f2043074f6a757e69d29e91,False
2022-02-26,2022-02-27,v16,complete,aws,"{""aws"": 50}",50,0,0,3.77,0895672aa4e49d32cc647e22bb1fdfa76df79d52dbf49d8f242f08f6a63344a7,5211928cc0c4b56ba157ecf1561259916e118abfa395206976c16ea893fcf828,False
2022-02-27,2022-02-28,v16,complete,aws,"{""aws"": 50}",50,0,0,40.14,d090ed64f6017ad2620cf6d8e8e8df1ccfd6f08fe6a7ee37e5ed8232b7c8be9e,d7c52ed81e50e0b8cd12f81c552076a657cfe8a43eccb2548fc3b77f5ecd08ba,False
2022-02-28,2022-03-01,v16,complete,aws,"{""aws"": 50}",50,0,0,6.46,dbe8fbaaa525db74a33122f8d2f2923ce78d98e393c2d9ffca57c3d2a04c5dcd,3919c76636f5326a7187167a4e0fbbd26fdfb360f7a138bbd146d4eda66d3acf,False
2022-03-01,2022-03-02,v16,complete,aws,"{""aws"": 50}",50,0,0,3.93,b2070495792a517804a505395f39389587bcb6cb91fdaef871fba1b65fa7bf75,f6da44403f9fe005b4c4e612554989fa733ebf371628a97fd368f07c2b211bd8,False
2022-03-02,2022-03-03,v16,complete,aws,"{""aws"": 50}",50,0,0,4.75,8074df09ab7b7311c2e0749c172f7ff38cc51a58dc1edb44dc898f35a76eebe3,6588efb7e014dd615b4cb189008ab22aaf9b57c4351f09c7c7e6ac050b803bba,False
2022-03-03,2022-03-04,v16,complete,aws,"{""aws"": 50}",50,0,0,3.99,99a3c6ac383e70ae46ed20bc5975869e5e26c5dbae531a6a763700142c3dacb1,6a04d0d45735c7f40312f20eb91d0395810979154e2ca0eeafcf187f39903bdc,False
2022-03-04,2022-03-05,v16,complete,aws,"{""aws"": 50}",50,0,0,3.83,05335cf0bc69aec400675ca884db99bd6d3512ccc21c5d9da95a50e874f26565,6d940802b121b1ba0bcc4ab4699ec1e0774ca06c177b3b69eaf6f1099089add5,False
2022-03-05,2022-03-06,v16,complete,aws,"{""aws"": 50}",50,0,0,4.14,58029acb33c2740fd516030eba52d78ed575874f813538740298345f52102ac3,448a16477e97e284ddc07a21c457e5044a44fa5b311008dab4cf0ee4166749d7,False
2022-03-06,2022-03-07,v16,complete,aws,"{""aws"": 50}",50,0,0,4.08,1f02c60f0b2d33399319ff1a3b93485c7034b9b988f936e60787247296c8880a,1953afbb761c906f5860fd1646601c79a98a8719ba70bb33eb19050a9f69ea8f,False
2022-03-07,2022-03-08,v16,complete,aws,"{""aws"": 50}",50,0,0,4.12,2dc8e1adcc7bd2ef27f3975c64f9597b4502bfb47fe30afab7654e489b00758d,e5263f436290aa25194c7d97c528731b5f605e852db85a86c8569e672691efa3,False
2022-03-08,2022-03-09,v16,complete,aws,"{""aws"": 50}",50,0,0,3.65,e2d4be9e28e2fc3107465eeb1fbbd96f33657d103bc2f115cae63b087ed14a63,1b0c17849c25b5bf66b8149ab97bac235b56fe3ab3f4366370a981c5ba6c4dbd,False
2022-03-09,2022-03-10,v16,complete,aws,"{""aws"": 50}",50,0,0,3.59,9bac0c9a92e9729ab88fa2de94c9900c3f3948790f1b2d2fd6f9101f20f8b36c,fbe7513761e8c668fd3fc6a8c1feaae1d55f32cc8848390186a44df8c31e8ec0,False
2022-03-10,2022-03-11,v16,complete,aws,"{""aws"": 50}",50,0,0,4.1,c4b2a0fafc9ebdfa11005b7f989151ff1abfb1b5de14c594585ef628ca6637a3,26aa2aeaf7cf7afcf24647fb282c693ec88b4cea8287e01b0d4ae92aedf6fcf2,False
2022-03-11,2022-03-12,v16,complete,aws,"{""aws"": 50}",50,0,0,4.27,3f71eaf4abee9f102ba07ea7af0c512b93099d0bd0fd13e2f7237bbf8215a83f,ff37296038af1152e28477a58abcb640b110d2dda491f43ec23aa724d8c29752,False
2022-03-12,2022-03-13,v16,complete,aws,"{""aws"": 50}",50,0,0,3.75,0e63fb15a9f0f95b8176c49030264fdc2c24b55c6c947cc071cfa8c0f120ea3b,047df18c6c0ec03f507442faad26741aedbac62a231652a45c7a5079fc17888b,False
2022-03-13,2022-03-14,v16,complete,aws,"{""aws"": 50}",50,0,0,3.67,f7aebce4bfa4b5cf3ac756f92e0f20e44236a90d4ed2657bf063e37b5c3788a9,a9e08905fb8f415a50cc816f054afa92f092fe4afec9eab30a684f8ce2d51a64,False
2022-03-14,2022-03-15,v16,complete,aws,"{""aws"": 50}",50,0,0,3.75,c54906ae4e4accc6f19efa248ed34864c7a431a4fe4ad1886a10f737ae266913,26af58dba9d4a432916e39e5dbaac45c8db3533de4f5a9e0e35406972f9d5b49,False
2022-03-15,2022-03-16,v16,complete,aws,"{""aws"": 50}",50,0,0,34.98,33377ab52d4344e8be4151ad246f752a8658fefa0c090d279ed7562d1b3343b3,c7b5ec63829c32973e080580441a9c3e4415105290e9898515c0f7a0099bd8da,False
2022-03-16,2022-03-17,v16,complete,aws,"{""aws"": 50}",50,0,0,4.92,a74fd3c1875244ca92fcc70cf2036841d8c880e3b6ecae61d2d5b0f424b244f6,c62064bab9208f6f91d01edc3be3fae815128a322df731e1acd5571b8b586aea,False
2022-03-17,2022-03-18,v16,complete,aws,"{""aws"": 50}",50,0,0,4.05,9600a80ee92e0d7d0353ca7379e568cde3a93991ce65c6aa3bdfade59d2e544d,040cdad6688f893a9f8c32fc0ba0141407ac50f7dc8b3b730b77f480f4ef3a24,False
2022-03-18,2022-03-19,v16,complete,aws,"{""aws"": 50}",50,0,0,4.27,49e2f74f431564dba84a135a0b4dcd4d39eb1c0247ef92039021f4051c36054b,78870f25d7df8727ef18c5bd898e1f10cf3ee52c5cc8b6fb8e14c707181e8f1c,False
2022-03-19,2022-03-20,v16,complete,aws,"{""aws"": 50}",50,0,0,3.68,5265804210e21a1488ff090ca3bbcb48dd0ccb00c790a08f7b884c7cfaa307aa,90cde2d291a5a29554bdc66a995715a19994800c6b36da679244196bd8a0a0ae,False
2022-03-20,2022-03-21,v16,complete,aws,"{""aws"": 50}",50,0,0,5.36,d6b207e36e651a959535d364bd7dc5731f1601f637b789ef408fff0fd1d223ed,da6fb5a79203b29e7c82fefcc3cf273f55eec58e0268dc44f30868fb1cb7315f,False
2022-03-21,2022-03-22,v16,complete,aws,"{""aws"": 50}",50,0,0,5.79,6555cc5adc3417388562d1d7605d468b359bdfb446846ae90b1e1fbe37f81e7c,25f1492c9f91ee45aae2c7aadd5c6616cb3976fee8d6ed22f4626f71a2cb3eca,False
2022-03-22,2022-03-23,v16,complete,aws,"{""aws"": 50}",50,0,0,3.76,27f737c52e35795bd601c805a322cffe268a9614feb0d7e5617b4d64e86f5929,0d573a65b6bde398da6f18d40f72a9bd5b8c3ee18fe046af2411f507faf98c6b,False
2022-03-23,2022-03-24,v16,complete,aws,"{""aws"": 50}",50,0,0,4.64,c8a36888b92faa1bad225ba837575a03dad27af3ba3f4b2b0741119be721f72c,16934bee320bd6baa01d161df75919d18e5ecefdf1875130f7c6107666b99b07,False
2022-03-24,2022-03-25,v16,complete,aws,"{""aws"": 50}",50,0,0,3.64,75919294fe18f63d3334a02bbeba3b991eeedea0ab359c321a9a2caee122367a,bd2071d27093bb2a05a04d169cc79b26f72e72291e4b5a7907ab69356c55b208,False
2022-03-25,2022-03-26,v16,complete,aws,"{""aws"": 50}",50,0,0,3.92,d37e057b8861539ae9b8f9f2fe85d9175b2bad23667baed84a9ca65ee73d3e21,4965510538356e3a4c6580efb66cce7905637dbe1a861c5ada6bfecbf489a7f0,False
2022-03-26,2022-03-27,v16,complete,aws,"{""aws"": 50}",50,0,0,3.73,38ca893514c5334a250b3607a7a7de2eff7dabdaa9aeec48063ecafe2fc7052a,d66f7b5679b13f35f993e0d9e4bb587ef4dc84f712e66436400b70484195cf21,True
2022-03-27,2022-03-28,v16,complete,aws,"{""aws"": 50}",50,0,0,3.95,23a822aa05b1e925730b2cf6b015596b2a752a3b87dbd9244199c74ca2d74090,3baf5f0214f962be7c77c9a7ca86d05331e7114a87be288220afadea68f5623d,False
2022-03-28,2022-03-29,v16,complete,aws,"{""aws"": 50}",50,0,0,3.85,a347be46ad556b1e5f96ef6194d43a8c1f76f6816a1efd3a75e7237ba342a75e,075c3671b63b3e6cf3e553180ce0dc6ca489f29d286976b919f14cfcd6c693e1,False
2022-03-29,2022-03-30,v16,complete,aws,"{""aws"": 50}",50,0,0,3.88,aafb7f1f1e89a972fdc612ba9f8be6019f80c392988f5600e28e45522ab48da6,d919f217add1540a403ba2b3dcd2b84859cfc42e82889e566c41fb42259d0743,False
2022-03-30,2022-03-31,v16,complete,aws,"{""aws"": 50}",50,0,0,3.79,8d7cad777bfcfad61ee68bc7cb5781e615dde05484347f85ae43d7823c0ad735,4e0cc07d31007a58954ace24b1aca8a0d4620e2e723fa3ddd12294cf917c4c4c,False
2022-03-31,2022-04-01,v16,complete,aws,"{""aws"": 50}",50,0,0,5.46,de1dd05ec51a30d68e70777d09e7f5b6b666dc2f1fdf79ec82a6fb589daf9cf8,4a19b60858195790a10370b06d331334a6c60d5d53595ba90fc8b3cb35bedb58,False
2022-04-01,2022-04-02,v16,complete,aws,"{""aws"": 50}",50,0,0,4.29,20147dfb8d280db4c766706d41b74a1832de126c3231150513ca8d7e3ccaa16b,a81288924924da8991341fb978e61ce02d7db5dadcfeb05d59915c4a4d90e33a,False
2022-04-02,2022-04-03,v16,complete,aws,"{""aws"": 50}",50,0,0,73.28,3c424dbbf35d79069c92eba0af334d234c06e37be53ed43912924ea5d4d13d90,031e42bfa855081d0d2eab83ff6a9ab037dbe660e4488ddc0f26533af6c05f97,False
2022-04-03,2022-04-04,v16,complete,aws,"{""aws"": 50}",50,0,0,4.39,a92f4f8ef950b67209e3e85c0745757ce44ef4b60aed7d47a846e54bf136f12d,64ec023b2954566078aec883f74ed0556738a926a5dffca11f42d9d9ed0ffe94,False
2022-04-04,2022-04-05,v16,complete,aws,"{""aws"": 50}",50,0,0,35.28,b48460e91ef9128a4bb1fedab6a5c6eadad7274cac7a4121976c9b08d3a6c264,300085cd861eb72fab10d07fd0a68087fdbc4a3a08d45f805c7ca67a227df150,False
2022-04-05,2022-04-06,v16,complete,aws,"{""aws"": 50}",50,0,0,4.35,404d2e7f63c1bab39e2bcd265698b3c713438d30efbee56b901cee9221a6b131,ac17f80938e835d309c88bdea94972cfc31ac14792613fd3c993ba96cba8db30,False
2022-04-06,2022-04-07,v16,complete,aws,"{""aws"": 50}",50,0,0,66.34,0e276a89e8ecbd92329ca33b0d0c6c36a7661f5202ffd3b3273d77790dcb186c,614184f733a22aa7f1912202c423593f1ee419e6e54e47051077ad1976496cc4,False
2022-04-07,2022-04-08,v16,complete,aws,"{""aws"": 50}",50,0,0,33.93,3d4026b4aa6c20de073177c671453d0107f0803177b30bbe925bc2533f240e84,d1d01d0e37b97defcce77c69a56683b9950cae57160344156160472625ec5be9,False
2022-04-08,2022-04-09,v16,complete,aws,"{""aws"": 50}",50,0,0,6.55,8a7bd48565cb0828bade9e844eec0ef5c087f6be06929fd18ec762ecf514c164,fffebff58c5000b3ba5fcf46fbab172e3cda327d592be01ea260ae19a6c6adaa,False
2022-04-09,2022-04-10,v16,complete,aws,"{""aws"": 50}",50,0,0,5.28,f6d06f48ad959e5982f4ae0be980be2a09bcd7ae77d3136e18bfcda15ae65310,407466d3e6012f1f343c49009a0182c4a1f1577dac31c0be85bbfa370f477ab6,False
2022-04-10,2022-04-11,v16,complete,aws,"{""aws"": 50}",50,0,0,37.2,7b1c093176076146bbc789ab89be3b40c4a6ee1fa7c6f5e7bb45928f388b575a,83ab8a299745660a5bebc1e010f2e826926afdb1da0a5642ff850d0f0934de99,False
2022-04-11,2022-04-12,v16,complete,aws,"{""aws"": 50}",50,0,0,4.2,0abb0c14b5fb9db3227fcb1ed003c48552b7da9b4818c11ec83fd55aa2b75977,0154ed2725e11563b910ceb3d37e3b04ecd897742cd9cbfa9a5f6e3318f84378,False
2022-04-12,2022-04-13,v16,complete,aws,"{""aws"": 50}",50,0,0,3.92,77eb78e6421449365a6535b5b20e82922fcb2e89b50a7e94fa17756a2558b97e,0a64cde3a47ea46e8d55af40c0693151d5bb738a9340b63a1b0f0df5868e5e6f,False
2022-04-13,2022-04-14,v16,complete,aws,"{""aws"": 50}",50,0,0,4.04,57e18dd173c1c2de8437a39d6f17554cd69611fd62b833feba46c1104b60ef15,99a455cd96f5c25ab44bc3cc0154fb49559e02c05009fd8c406952ea192da98c,False
2022-04-14,2022-04-15,v16,complete,aws,"{""aws"": 50}",50,0,0,4.47,86ada4c7f3e39a6678e1edeb2d9d4a12dc11c8a29d68fd5d8664ded92c630652,cf2c4ca05884df33a5ee8978ca6002218826294a112e1e765649981835647dbb,False
2022-04-15,2022-04-16,v16,complete,aws,"{""aws"": 50}",50,0,0,3.81,3726e052aae339a3bc4652adafdbdfa092819a5e9bf646a324f063c7737cd53b,784e8a6542607e009c57b8dabe8ae3c70aa227d5e2168a0bce552955ca91419e,False
2022-04-16,2022-04-17,v16,complete,aws,"{""aws"": 50}",50,0,0,3.91,9af6c808955ba77f43932be29f749d77c2294c98f1edc0b99e7c00fccf3654ad,a6b50fab58bcd0d41eac9f0a7f57f055cb9aadc9c7fa9d5c36e63c56f0056210,False
2022-04-17,2022-04-18,v16,complete,aws,"{""aws"": 50}",50,0,0,3.82,01d4657126424d7578d20cf673d52dd7f829fe1643de6180f58b14d9b9151c48,94731ef636d96d6748c15c66ad981addb4b00919f7048e8379a27ced4df87887,False
2022-04-18,2022-04-19,v16,complete,aws,"{""aws"": 50}",50,0,0,4.4,750a9146f142eca8427f547cb1431fcad5f5fc66a38c81b4888c732cfd4626c5,abbd437b3e4b3e4d47137d02845d36dd861549ffe255126b40621d6004263067,False
2022-04-19,2022-04-20,v16,complete,aws,"{""aws"": 50}",50,0,0,3.89,0c53e4cf599b733e8eb1fc0aeeb7ec8b937dd77aef6030c62d3b321f072097f1,6e9971cda7003ed3f6951427614f5c5c75d365cec43ad4a91c1bebadfdba7188,False
2022-04-20,2022-04-21,v16,complete,aws,"{""aws"": 50}",50,0,0,4.29,76ae29b90946ee45e36a766775a58925d06a0b3336f7fdc397b52b6a78907fa6,0557424a51b26c23eaa73c964767b3ac5499fff2fa0b86396a8e559759d7c436,False
2022-04-21,2022-04-22,v16,complete,aws,"{""aws"": 50}",50,0,0,3.76,96b43ed597c92effc3a7a644e778fac8c429168d64c00778aed562df55e68989,0faf9f20280ca97a7bc172cc516393daddeb6b61e6e558047f61af4f92459afc,False
2022-04-22,2022-04-23,v16,complete,aws,"{""aws"": 50}",50,0,0,3.99,238fb3772e887433a83bd9affb0e0a7c33fe571d21e2b1e2c2abf98642f2bc91,a27d62457396a9d9131c07605492ca817c87ac8144c1986610c38e331c71e127,False
2022-04-23,2022-04-24,v16,complete,aws,"{""aws"": 50}",50,0,0,3.87,a84c1d887558405233187c70d8de7ccf0b567c9d417f16b4efb7dcaf9328a38c,706e2a3a50350f5d65c972dcf3038efc0fd11b39816641fa579b250394e104d8,False
2022-04-24,2022-04-25,v16,complete,aws,"{""aws"": 50}",50,0,0,3.89,660489547453a9fde96f591373289a814b2a2babc5e8e333fb980f9451ee267c,8e153033626955f553a8c86421537d15f2f5d782f37a1781fab90576495cc118,False
2022-04-25,2022-04-26,v16,complete,aws,"{""aws"": 50}",50,0,0,4.01,375d1e1222429532d5d3392d12542e5ab3ec3a90559e22ce3c30fee190e2be4a,8c5465f7589b336d4cec2a5b1f0c9062068fcdab3af205b9eba28fa3b2bdc18b,False
2022-04-26,2022-04-27,v16,complete,aws,"{""aws"": 50}",50,0,0,5.12,6c5aec56eae38447bf77c98cb24eef07ab7c125576672b8343454be3d8bdc1db,f869b3383504288c0e68b0e3f18aea6bf76949c6773921aacfcf330c65b39bbd,False
2022-04-27,2022-04-28,v16,complete,aws,"{""aws"": 50}",50,0,0,5.27,eca17812e6a6cc5980c050fbbc800db476fcf31083771faa7642706d6fa85ea3,bca75f718ea6e56ddaee17438c66cf8de0cdd1141691c42fb7a09d7c7c7b6964,False
2022-04-28,2022-04-29,v16,complete,aws,"{""aws"": 50}",50,0,0,3.88,5205fd2dc2be6c24603956376dd740e6b5987e19ad70f0665fbc397aed8117c1,d888650eaa9a58b6115ea202391ea6fc6c55fe59587fcad6e7ccd7d4b0b6e838,False
2022-04-29,2022-04-30,v16,complete,aws,"{""aws"": 50}",50,0,0,6.09,89d95ddb4179d93e16d6e41f12c6a6ffa4c13588af72abcb606f9227e270cc9e,7968d2164d7115350519fe21a7aec4463e07c84a59c5efb7d5794c746abe218c,False
2022-04-30,2022-05-01,v16,complete,aws,"{""aws"": 50}",50,0,0,5.69,e85aee2e943f798d8ffdd42aee2512bd7d69a3e01016bb552167933b8a150c3b,1878088292f87414cb76b78397bcf5d6083ae02a5eb91436e6448fdbdaddb1aa,False
2022-05-01,2022-05-02,v16,complete,aws,"{""aws"": 50}",50,0,0,8.83,f1a476b8b491b4bccc845490b4a91e594b1c076ea2c3e7973ac9c2fda7bc4e36,9e48d74f4fad29df66051f538286bab3b76e58bef5c3c6dda4bc913ea8b7b5da,False
2022-05-02,2022-05-03,v16,complete,aws,"{""aws"": 50}",50,0,0,4.06,0a9a3a61b8de015f8fd7da187d4c371d878eef811b7645de5a3354a9248eedc9,3d34f3dfb32e4dcbaf79ceff79a2998e7f4e853ab776e72be179db0f692306e5,False
2022-05-03,2022-05-04,v16,complete,aws,"{""aws"": 50}",50,0,0,4.72,a1ae1d710dbcaf16803bbb70a684efb789a2fbe0f8acbfa0c65ab2ddb36d5c1e,d1196d503a678e53f0c11e61a99512305ff8669f2bf8a1d84b3c9c3f1b46376c,False
2022-05-04,2022-05-05,v16,complete,aws,"{""aws"": 50}",50,0,0,4.2,c97740ace4cce18be7eb834bf970b526914b34335a4d0f4077c644c333b7d9ed,19ba4f48611e5bf6449d1e6afe118db2fd7cd752cd85dbeb78866ef0946e3f39,False
2022-05-05,2022-05-06,v16,complete,aws,"{""aws"": 50}",50,0,0,4.86,08a49064646a9ee49ca715b9de3ac1b376d45835d7be789e80292c5068b6b076,3eff4ad91698803f8b668a7b96ac84c9f0cde810960d50deb4f7ed7b69a6d399,False
2022-05-06,2022-05-07,v16,complete,aws,"{""aws"": 50}",50,0,0,288.21,f2ac7cc1c97a4ac74d5eedf19cc856702cedbf4951f540ba48e965301811a8c2,6fd009524d0acb7601fdc9225b4c6c2e28485cd9c9428975a30bcc9ad12105fa,False
2022-05-07,2022-05-08,v16,complete,aws,"{""aws"": 50}",50,0,0,3.89,5c8fc18552fdaaf215714cb3468c7c0a01bfab702dc95563b8b5e4371742fddf,4b8acd49814db3599b9b48bc73020c4dfa57290988e7b0f375acb9ef46a1a1b7,False
2022-05-08,2022-05-09,v16,complete,aws,"{""aws"": 50}",50,0,0,4.89,26fe0c80e0687905f1dff8dcc4fe8991f168ff3ecc89ebc614e49eb6154b9f06,e826b9edea039f6314c6c5aa6788e07e039e3effc4f78d9b18bb2947e3031ca8,False
2022-05-09,2022-05-10,v16,complete,aws,"{""aws"": 50}",50,0,0,3.9,ece72af2b11215e912d46ff148cf27f7c2327a407290fd315909a1eebd219742,84ce4bf1559135ef5ca9c34ebcc368e5ddf59b3fae6350c1018b7c239131b356,False
2022-05-10,2022-05-11,v16,complete,aws,"{""aws"": 50}",50,0,0,4.89,2e1c5aa2d4d3453db443deba0528cd40b49835a1e082a0a9257eabee347b98f5,b849e8d8f4681384a316a82d11227a6887e23a150126cb5d17e545167696f8a1,False
2022-05-11,2022-05-12,v16,complete,aws,"{""aws"": 50}",50,0,0,3.83,15f7f5935375192fa7c74e2eee593645b49a3c9df0baaf4c1ce6f1813c2e5405,348e97c31ae46ed182586d9b4439e531448e33e763a0d3b0d7e645b7bf3eb270,False
2022-05-12,2022-05-13,v16,complete,aws,"{""aws"": 50}",50,0,0,4.6,77d897f49152e732d8686fc78ba5dce6a4ec2b151d2a814be0f38110416551ae,e5b29fd7dd35d4d05371100f747fd5af2bc270f1e303a360c390427e06c7e4e2,False
2022-05-13,2022-05-14,v16,complete,aws,"{""aws"": 50}",50,0,0,3.84,54b7a8111b819dc27ee3425c557adb75bebdc6d551add0f533315b3988f4e60e,266b84404418bfbe77da71c282663f7039031384e52814a473bb45c37b1c4b53,False
2022-05-14,2022-05-15,v16,complete,aws,"{""aws"": 50}",50,0,0,3.93,e6176c7d08b553a0f40430646a1c4a490c5a18dd6a5547a8df05de4c3c1f0737,37b0afc0b13b7d83907ccbd0d3759ac2f602e8b948372d9514aa2e8400f57bcc,False
2022-05-15,2022-05-16,v16,complete,aws,"{""aws"": 50}",50,0,0,4.84,56c4567ed94ce257d93caf838cc38b7eb6045e0cc704c846ffad78a6863676f2,0b4e475ef3e802b1b738b5115a9e9e4a2987f7e6fb956cc4df31ec215c4fc4f0,False
2022-05-16,2022-05-17,v16,complete,aws,"{""aws"": 50}",50,0,0,4.42,b6b988c120b4b89bc98219da757019d1312715dbe4e8b2a45fd905aaf52b2780,2514115e4d371c19f813e26c917431af8acc75f4bd59e9cb1f7b172d7bdd3f52,False
2022-05-17,2022-05-18,v16,complete,aws,"{""aws"": 50}",50,0,0,4.38,17cae05a7c5e791e91b95fb6ba9b967e7397d7eb338cf93965a9db44d11b86ec,012b7fe6c29b5f6cb51fad540a68281c13a3838b5e08e07e591de57b17167eda,False
2022-05-18,2022-05-19,v16,complete,aws,"{""aws"": 50}",50,0,0,5.19,4b43d60fa2688aca01fa89ce52b3216003907f498e6452a93b9814d4b55c152b,674cfc6d3fe86d5f1cd422e66c8be366500b70400a30f9ab8588cc1afc050797,False
2022-05-19,2022-05-20,v16,complete,aws,"{""aws"": 50}",50,0,0,4.92,6ea7a58baa7cee6410f1c8e1418abf9ef8790e3c56b072753e3297a6518cb894,3bca5e812637ed9589da7e5c12f37fc8b8fbd97a9d2f242982c0901857c74c99,False
2022-05-20,2022-05-21,v16,complete,aws,"{""aws"": 50}",50,0,0,4.28,dc0aa82f36467208626248c546f135ec167c08743d2368a0c912b649e202b7ea,1f0a3efdd3c999069bbfa5560eb2c71787f6b8c9ea806f30302eaad454420b39,False
2022-05-21,2022-05-22,v16,complete,aws,"{""aws"": 50}",50,0,0,4.86,c1a643e517c267cdd1707837937ac270a83dbf6274946d1e096e28f0af587362,b64a0f5a5d4bdf86ffd43e0bad8b8ca3248d60d48b42bb92c590707e9b6ccefd,False
2022-05-22,2022-05-23,v16,complete,aws,"{""aws"": 50}",50,0,0,67.47,cd14bbf8eac400738c703967d980e0a98d1352887d427a1f3847fcab3e10925a,63db49bc9070b84a4054a19ae6d194ec0932212117ecc61a6f8de2014e337fa9,False
2022-05-23,2022-05-24,v16,complete,aws,"{""aws"": 50}",50,0,0,6.22,b6aaacc86bfbc10fc5c0debf499a5440df77f2718ba83759005c69e607c4374e,f3d8e496e01a3a3226f1bc41602140650164a17ae50959bf8201bd9bcb7d9922,False
2022-05-24,2022-05-25,v16,complete,aws,"{""aws"": 50}",50,0,0,4.65,1e631177ed0c9a5741200b26d618dd4e08a45e3457bd382068b7b80837c7cfd7,bb9a666e1173e2da80a4acc285bb56da4e47e3db2284ecec7d50a27b28104891,False
2022-05-25,2022-05-26,v16,complete,aws,"{""aws"": 50}",50,0,0,4.86,34719d1bc81e9f8b432df6e2a0494a565621b2f4dc5594b68e45a85eeaba13e2,a295813ac1a6467a879dc07041ef43871f8777e12ba25c7de2d79a369813741c,False
2022-05-26,2022-05-27,v16,complete,aws,"{""aws"": 50}",50,0,0,4.58,15fb9d0e205fc648c0ce9c2b5b17592b69120c43082209754482450638a6802a,20edbaf08ca225fc7e4eae08068934ae9517f6debed464bf223b8f034fc097ec,False
2022-05-27,2022-05-28,v16,complete,aws,"{""aws"": 50}",50,0,0,4.83,aebfeab0bbd959324242d9527f0d641d4f30a1c7a1f8521ff3ce0751c8320a12,e75c080df66270e96ca905c634ccbab0212721ad792e292d7e9a8ef73bd8f23f,False
2022-05-28,2022-05-29,v16,complete,aws,"{""aws"": 50}",50,0,0,4.4,298f13733b0c27e655b26817b64f339bb59a51f3df9f32e43721cb14d2c4e881,5eb372a93d0c60a2e0d271cdcc5bacb0dcd6539c7dbb6484962e236a4b72a874,False
2022-05-29,2022-05-30,v16,complete,aws,"{""aws"": 50}",50,0,0,4.31,3994d1634de5753cf251e30cd2a25ddf0c31540848294170f5c5dafc5836f910,e6b143743cfd58daa4b412443f62ea61d7e1d6648c0f43e631d545e83a4508d5,False
2022-05-30,2022-05-31,v16,complete,aws,"{""aws"": 50}",50,0,0,3.82,85b3c77f7d774035079b0d2024bd284875db9d4ae34b1c9deaa281546bd24161,54ce8b58f9d437af9a1b99cd47a664ac038645b61439d0bf5dc16cad8ab36fe8,False
2022-05-31,2022-06-01,v16,complete,aws,"{""aws"": 50}",50,0,0,3.78,84ed767fb9c15a36fedaaeeb0e8bf24acc46e21016a91c7f833efb1521ca4f0c,c27e213064ab65c0b736982ca505861200e03bc97223b0963bafa1c6b1983262,False
2022-06-01,2022-06-02,v16,complete,aws,"{""aws"": 50}",50,0,0,4.25,5b3460c9f95deda8cded66af694da8d77b1fbdf03f16f48f58caee2eb8c3cc02,71b20dbfb450f96644df42b0fb83e8c4252f2a1453c0f692d1c808e75a7e6838,False
2022-06-02,2022-06-03,v16,complete,aws,"{""aws"": 50}",50,0,0,4.09,6b8bba11d0d902a22544c57a5f9cb8e48aa8a2c8833008e227b94937cb2184ae,62b2ab5c2d52dfd2c98be6a0d9a53da43b7afd50f5fe2edb558380589bf4df1e,False
2022-06-03,2022-06-04,v16,complete,aws,"{""aws"": 50}",50,0,0,3.91,484ea8e2e4b55a66c9ff9fd9246cf8e5f873ffb9c5af01a7fb69b5829e7de587,079710a9cdc347e0c4d2cb3f7b18091e84a488d546e1109b6ec08f00193c395c,False
2022-06-04,2022-06-05,v16,complete,aws,"{""aws"": 50}",50,0,0,3.73,6f2ed076ab5623c6e5b3b7b8e61f354ae761d75476e9e6b154734c7b00ce4647,d12d08195442da34853fb601918ce3b7d9765d31ebfa535e2718af6eff772781,False
2022-06-05,2022-06-06,v16,complete,aws,"{""aws"": 50}",50,0,0,118.08,04d8b791cbd773029baeba5d4b9a6811f4f13f9ce91d22a9fbb51e912117d67b,ffc172da3b6ffbf331a2464215a01f1e4c814c83650a8db92a645cb6ec749c48,False
2022-06-06,2022-06-07,v16,complete,aws,"{""aws"": 50}",50,0,0,3.65,4a1bc35c9ae7aeca8752a9d72001d6e143ffb6ee3a7843a3f986de76b56da6cf,85cd4f550b502c42a5578c7cd0c54f20b5664795e4fc28cdd166c5d7a0537892,False
2022-06-07,2022-06-08,v16,complete,aws,"{""aws"": 50}",50,0,0,4.14,30530e38d02471964a5c78b76b6cce0d04553af7a3b129054ca06c4f2906aa3c,773933909ee1d2e6f4c8fa994451b3672d634ba72ea8b3c9fe8b54e2f14e8615,False
2022-06-08,2022-06-09,v16,complete,aws,"{""aws"": 50}",50,0,0,3.95,73bccf93cfdf54ce63f320921e6047a318a176cf9b5d41d8c7b2befd0797f0e4,30d164f3f72f7ffa97fc53756058c1ec554c53622e04b3011c74173299cb2bbc,False
2022-06-09,2022-06-10,v16,complete,aws,"{""aws"": 50}",50,0,0,3.89,07b226918e413c4e12bf7fef3e12ae72c62603235fa9769ba35b26bfe2a9c2f4,93ed18ad6454ea07f1e6dea2cf484c7684861ed8bc0793bbf72a1be75bf9eca4,False
2022-06-10,2022-06-11,v16,complete,aws,"{""aws"": 50}",50,0,0,3.74,72d65c116b91b1295e289eccd94ed05b70efdc08d890fb87017c1cca9806e1cc,c903e093e81699276638595a900a4e479cce402af30e66ab8634f9dddc4eb8cb,False
2022-06-11,2022-06-12,v16,complete,aws,"{""aws"": 50}",50,0,0,3.7,005122f4913346e8ffed574db9e373c52a30c0db7086f14fb92c5a1786d28e7e,533abc1cb08e1a90349eb7c77648c0351901e8fac7164102939c72ef53ff6469,False
2022-06-12,2022-06-13,v16,complete,aws,"{""aws"": 50}",50,0,0,4.42,7ab124048b3fe5b105319d38c4cd9e8743ce21920b814ba47a917f6ea0985d12,fa76672d78a0ed815bc94e9b94dc0a3a7a8570920d70e3c6a3943fda5b0c802d,False
2022-06-13,2022-06-14,v16,complete,aws,"{""aws"": 50}",50,0,0,4.15,9e94c55b7f9174ba9be20efbca400d716294cdad37df73b6fc600f7af7b89219,c49426fa5c678126cae71046c33f2b6febbe5e97c81cdf610882e706fa3962b5,False
2022-06-14,2022-06-15,v16,complete,aws,"{""aws"": 50}",50,0,0,3.72,3a202d560aaa59870017c2ef22af376467db9ee7c7471777d4211a1e2f891885,bfdaec57402f533ebb288ea97f4882eace143834c2b315bdf93666f34f2ea931,False
2022-06-15,2022-06-16,v16,complete,aws,"{""aws"": 50}",50,0,0,5.5,62cc398e47cbc23704835a93ca55f477685134981027aad9c7bdd245ca69bf16,e80b50d3b04a8c84ca86b0532900fc4c163b54e896a13ea31de18e80ffbdd5b2,False
2022-06-16,2022-06-17,v16,complete,aws,"{""aws"": 50}",50,0,0,3.63,2b3a1c486b73b56d45015b095f29b605a20b6c8ad09d8e918a51c22f361839e7,e4d3228d7f751d8cbbc33c1286b02a9936b810734f746e9a88937522ba074548,False
2022-06-17,2022-06-18,v16,complete,aws,"{""aws"": 50}",50,0,0,4.77,cc1dec042112d2675b3258868fdf5ff14288782d27ad8c0e1ab5275676892cf3,3db4a597cb397161bc81fdae86a81c4b1409b54d207da3d0650f9a3972be4e98,False
2022-06-18,2022-06-19,v16,complete,aws,"{""aws"": 50}",50,0,0,3.78,98aeb0cd83ef28bef018dd7d7991be2f140090428342298b1278c15b82dfdea0,fb93454daefaf848958f82b22e6d32aec41b2a1da250a096fb292937c3395d6b,False
2022-06-19,2022-06-20,v16,complete,aws,"{""aws"": 50}",50,0,0,128.28,7fed355daeb03d296940137d177f96bc8c4aa9c99a17398709ceed4773a58d82,e0b6e3717231596c9237e4f57e048f1040b091492a97526ad02625212b97d20a,False
2022-06-20,2022-06-21,v16,complete,aws,"{""aws"": 50}",50,0,0,3.93,16070ac2441b992a79dc8fbffebfb90fae7807e1301967fe8747b8044b0e582e,a317d20690033cba594c12bddad06d2ef6aeccf48f085ab486bba3a7071d47fb,False
2022-06-21,2022-06-22,v16,complete,aws,"{""aws"": 50}",50,0,0,3.74,3469845806b6396512b09aabae50874daf019fcf440b6e628b96a4d2a577886f,af82c88b619ff0178699b0faf1ad12a6ac515f56b144892d9c3ac91c1e733e64,False
2022-06-22,2022-06-23,v16,complete,aws,"{""aws"": 50}",50,0,0,4.09,683893861a76e6a80137ca4e0fbcfd8420e78269d58693d8280ef553af022ecb,0576bd45907c3d78e29bcf5feeb7c688545e79d1d9a2bc90996564a159e2d904,False
2022-06-23,2022-06-24,v16,complete,aws,"{""aws"": 50}",50,0,0,3.95,cdbdd390eb30b61b4d36404b8879d8525697684660db6e54c7d02745525ebfe8,d683ac5778a3c8043e412f331e1d4588bcec76b1b5598f8f08ed80b6d4890ba8,False
2022-06-24,2022-06-25,v16,complete,aws,"{""aws"": 50}",50,0,0,3.8,faf7cd570d60b15ef76faa9af76ea64a046c086691af864a2e7339c6bd5de026,9ab712d621cae25db04af7c48ea79089e14614baedfb8b46f985cd002ea72dd4,False
2022-06-25,2022-06-26,v16,complete,aws,"{""aws"": 50}",50,0,0,3.84,d26854a565ec74e03450f3c24b4915462f53a05c9f2cb80f83a0f1fb14102969,839c9f9bcab939e554f0329ccee7a0a88f9092abf154c21c6c882a8e82c4e363,False
2022-06-26,2022-06-27,v16,complete,aws,"{""aws"": 50}",50,0,0,3.82,2ac65af5fc64728d84eb9060a26aa68d5ba48a3f0c2bb3632a3d0c115da20489,3b9742d45559f466cfb3c37262efe140840efe7122939bd611b8fede8fedd98c,False
2022-06-27,2022-06-28,v16,complete,aws,"{""aws"": 50}",50,0,0,332.2,b3eec743f44831c7602107877ecf4e12d3b1b22b4ae419568b0860a3e0647cc9,98f8651edbbd7d066b65d49b5851a3bfba159abc41ba5cb1ae14926e383ace2b,False
2022-06-28,2022-06-29,v16,complete,aws,"{""aws"": 50}",50,0,0,35.92,2e5088de98926c8ae98b43b73264f4fe6ad62a2e2810ada706e15cfe9226f37f,a08ae1774651f516816fa89dc1f2d1953454f29d7e3f5955b68fe187762389fe,False
2022-06-29,2022-06-30,v16,complete,aws,"{""aws"": 50}",50,0,0,31.44,75828da7b8c8df9a7e40d7911d5de73169862160a9baa2ee5b531f6be9a3f805,ca739f6569522f4ed8bf3e14b08229ebf4d5555f3229b2f97fedee322806c180,False
2022-06-30,2022-07-01,v16,complete,aws,"{""aws"": 50}",50,0,0,35.31,cc9eb26c18430be349e031cc796b695148e25718fea5c3f05f4a67a56bd97fb1,501705c85d7e441be648706e5b52b07f8ce136f43d915ca0241c8866b63684cc,False
2022-07-01,2022-07-02,v16,complete,aws,"{""aws"": 50}",50,0,0,71.98,8b55a23706b0918df1b327ad352efef681309254c37212307d943bf8eb2ddd02,713fbe3176fc94d7e3e35b2725f81757f87be29a06a4b4783b7b4e5d69332717,False
2022-07-02,2022-07-03,v16,complete,aws,"{""aws"": 50}",50,0,0,116.73,7a26d97abe47ef3e6396d76eede7f0b9bf5300038c661fd39caa185519299a4c,de91e876899bdbb25c6e0daa09af242d7f415a772d753269bec06077089445b0,False
2022-07-03,2022-07-04,v16,complete,aws,"{""aws"": 50}",50,0,0,67.21,4a12e6400ee62a2a0290b216928a94e57050e60ceddd2047ded099f904933827,2458defd22ae584b07759c2c937106b1ce835171f378ce7f390f99b099be2a5e,False
2022-07-04,2022-07-05,v16,complete,aws,"{""aws"": 50}",50,0,0,66.93,e9f9b643c5129c7308f48a12f09035fe18d7862d7e2045689310cce4fc26deaf,ec8407c2a6df1b3880b2e5f0a9fbb0829d41a9313cd0c855f557cb8d775a95c3,False
2022-07-05,2022-07-06,v16,complete,aws,"{""aws"": 50}",50,0,0,32.16,f0bda5497d0fd5ea1239df6a90a1428084df9c123899684f9cbb824cc1bc954f,dd71759e8405a42457b71cf10290561ceda366eb33e069071c10176d2626b33f,False
2022-07-06,2022-07-07,v16,complete,aws,"{""aws"": 50}",50,0,0,32.84,8c95359187c0cbba44abbd083231896dac14d3ad4ca2aa090c883852fc9f9680,228f182924c7fb3b9481ceb6c27e922754ccd628baad18913882b935b241cc3c,False
2022-07-07,2022-07-08,v16,complete,aws,"{""aws"": 50}",50,0,0,272.26,5f0ea86268106e02efd401bf05e9ff1ed4497c3ed1503b080bd809f5613af431,274680ce91814cffd9576dfb5da06093217ea56717f1e49933ba8302b3679498,False
2022-07-08,2022-07-09,v16,complete,aws,"{""aws"": 50}",50,0,0,37.36,31eba524e4e208143c60351255a68011424a949b81ba90aba5deca5b6d749311,4dd18592d2bdc6e28426ff3c63fadac4c9005f5d71d6c1cad30fec777f86c357,False
2022-07-09,2022-07-10,v16,complete,aws,"{""aws"": 50}",50,0,0,36.2,6f49f38bda2fa8f0c0a0526ab7703f819dde4baf0af83706e26dceffe76705cd,d65489ccb190b3395c0f2b090bedd114939608772e7550179e3d7fb1414d59cc,False
2022-07-10,2022-07-11,v16,complete,aws,"{""aws"": 50}",50,0,0,62.46,77bdf8f6227f7a2c706e63d22b98799f12070a99e7be381da470b67cf7ed2a5e,89190a699572c9ee3275f9cde4bedd94b9f567ff38d7edb3559e451c4746942f,False
2022-07-11,2022-07-12,v16,complete,aws,"{""aws"": 50}",50,0,0,31.96,ac279e25fe60ed61f47a929712e063064dc4bd10330f0d44de43de28e14dd91b,58fb01aa8dbfd301ae505a49a562ab1b197bbb67e4f03304c0a36869681ed6ae,False
2022-07-12,2022-07-13,v16,complete,aws,"{""aws"": 50}",50,0,0,4.91,70e955b229346feffd6511df83f965a5ae11a5ab8c80fc9064cdb5ed440ed4f8,67efe88b6802ccd510e8f5d2811eaec10eb146b782adfc84a16f227e2803465f,False
2022-07-13,2022-07-14,v16,complete,aws,"{""aws"": 50}",50,0,0,3.71,460f036abef821ef67eb0902fae0de857fefd89f8baf658029a5de5ee54b7d83,cf9b70b956f738878d47039801d018539271aaebaefd66b5c1a962ff12d7528b,False
2022-07-14,2022-07-15,v16,complete,aws,"{""aws"": 50}",50,0,0,3.85,1895f31b935ff8608a7f7f03b9b1d4696399559d4d4b56b742e919d1316cbb31,7e5b61f78180c5883d55ee2a5783473d1a9dcf68697ef35c088803617b059a0c,False
2022-07-15,2022-07-16,v16,complete,aws,"{""aws"": 50}",50,0,0,3.69,38c1da88e8fa6de3519e04edd95251abeb4f792a33d601f292da57d170fcce1a,509d3eef886bf4e9f27b7aa3f4b8afa25497158977d86f63e855d2a02dd5bd47,False
2022-07-16,2022-07-17,v16,complete,aws,"{""aws"": 50}",50,0,0,3.88,750e23fd8f18eca10792e7efa2f27be29407ba8e17a06dd8fe958a7c12283c06,0e73ccb205b2119e3d305bf92edbb7067656ff743599623aa545c122efb5ccad,False
2022-07-17,2022-07-18,v16,complete,aws,"{""aws"": 50}",50,0,0,72.15,fed3355909c86f9c82a16604e737a6fbb397baa1b7ebaa9537149b2ed7572c9c,86dfd74d06489d67f1f3cb3b5808b83c1606aded219df863610a5db06f45931c,False
2022-07-18,2022-07-19,v16,complete,aws,"{""aws"": 50}",50,0,0,66.83,4be285933fc58ee093544c5c1ae465c8794a3380bbcfb06717acc3d2c77cca1d,b4d17e62fe0afe5dacd3dd9e2f58ca950371c2447eea598fe1d15c7a46b29443,False
2022-07-19,2022-07-20,v16,complete,aws,"{""aws"": 50}",50,0,0,3.88,98f6170ce9fb1dab59bd473723a06da520b3565325413460ac04d9074d1b95e2,17a6c083f94ddecaafa2375129f09c15c8f25d0176bb96f4fddcc59910f21b3e,False
2022-07-20,2022-07-21,v16,complete,aws,"{""aws"": 50}",50,0,0,3.99,19427029ec08976f613b593a35af1e7f1e9b6b4e421b709e5e652dfae33aeda9,c2bf57490b8cd5a4708e1f01b0579c35edf6e02ed67a2791dfea2081eddf5397,False
2022-07-21,2022-07-22,v16,complete,aws,"{""aws"": 50}",50,0,0,5.41,eacdeb6da3a2662adeef8e77aee0bd82d68e24041048efd8fe89e356b61d7eb8,df2f51d282c82f12ad82186479176a940bc8df3d9e402836dc860736774f709c,False
2022-07-22,2022-07-23,v16,complete,aws,"{""aws"": 50}",50,0,0,4.18,a8989d7f2b2ceac9e2e9511f60d408e44e34e78846e4a253e0e022ea24bfbf0d,1fd47c50ff716c6c00493d5944cd2370196b09ffe1132c34be4bd765f3262ddf,False
2022-07-23,2022-07-24,v16,complete,aws,"{""aws"": 50}",50,0,0,3.87,af78c790efdb389a38a9fae64f08fb67217989d8187992c085786c3984f8827f,81140732fc2cf29c264a98c5deca94de52609f9ce7e15738fd24245919d9ef18,False
2022-07-24,2022-07-25,v16,complete,aws,"{""aws"": 50}",50,0,0,37.24,caa2a427bcf07cd3298775d0ee0783e1890361a6904553c7f2bec4fb596696e6,d7c084239e492bff87a6d754046057d80391c4cabcc90b50d649a38462b058fe,False
2022-07-25,2022-07-26,v16,complete,aws,"{""aws"": 50}",50,0,0,5.1,7498aeb12174ae5f4431363b7578b2d6168f45b528313797db1a2b1c48327601,d10a52630f9e4714deed3c31d967ae21bc71eb10237d2eab6ce97df3871b061d,False
2022-07-26,2022-07-27,v16,complete,aws,"{""aws"": 50}",50,0,0,4.35,f9bca6fc06cca61f5101e17c84acc58cce3b64f4009b67fd4cddc5044175c7a4,203359b440e0b68b97c0a1e92034c4aeaa769088b9f4c39994c68306829c416e,False
2022-07-27,2022-07-28,v16,complete,aws,"{""aws"": 50}",50,0,0,69.88,bd98f9e1a7fc65425affda0f8b0646d8e976d2bfb33274aa2ba60c4976f80fdf,841db9cd2623eb8503afaa704a02f7fbd8b0d412200a1abd65d4396a653d9a0e,False
2022-07-28,2022-07-29,v16,complete,aws,"{""aws"": 50}",50,0,0,3.95,2f071fb0fe542714ce7418d6ca22d270f574cc3f12c7351b6f078f1b83e3a3fb,76ea98fe0a89d74f136f097acb1464333d0ebfc8cce6d6dde5cd25d8dd28a911,False
2022-07-29,2022-07-30,v16,complete,aws,"{""aws"": 50}",50,0,0,35.35,ff2bc807dbb275cd7b5636c73afbe5e24ae1e61357ce64269894e47a53493396,05c80504d77eede10d0b37a3c29a2cd3f36dd90f870746480e010fcc70a70122,False
2022-07-30,2022-07-31,v16,complete,aws,"{""aws"": 50}",50,0,0,3.86,3a94c21652c68fa64a088521049571fa208f0412d574cafa576cc86202f452f5,87ddd0d298916f8229c39af8b40ec46e35ffb51a536496d0a9d61ae194af7634,False
2022-07-31,2022-08-01,v16,complete,aws,"{""aws"": 50}",50,0,0,3.96,1e2c6ca9b8dfb15828e47b2029590b9154c20fcf5db3390e00b909672d87b36d,639c5309ac0967ee8dabaf139b381dc2e807d9a301dcb77474d1493603ca66ba,False
2022-08-01,2022-08-02,v16,complete,aws,"{""aws"": 50}",50,0,0,4.17,8b6a74cb05c6fde1224358fcaf61ae81746dcb15108fdc0d2f716b402ea50f70,8f4b69858577aab2f89b8a3d9ec07e3840b576ddb99f83f4a2792c62db1b5a3c,False
2022-08-02,2022-08-03,v16,complete,aws,"{""aws"": 50}",50,0,0,3.76,df3583a57fdc63fbaa19b9ae1090acba57a597a5129c1b2dda6ac3ae100bd748,0c59f4b691f623573ce6c46cec16ebd38330f67ee14ceada327c6b9e288c2abd,False
2022-08-03,2022-08-04,v16,complete,aws,"{""aws"": 50}",50,0,0,5.36,e4b8aed972a28b838f25491b7008725682ccb93977caba5dc1337fac9e17913b,d25ad306203f2147ad5f2cc4b91bcc3834292d7374e541076e22efe7e09edf08,False
2022-08-04,2022-08-05,v16,complete,aws,"{""aws"": 50}",50,0,0,3.96,9fbc331eca6ac57e9981c37c72897a2db5da8c32e27df65e3901f9039903bacf,1f4926821e0c9050400023a191065f29f188b7a1e9f2cd0852543cff351fd506,False
2022-08-05,2022-08-06,v16,complete,aws,"{""aws"": 50}",50,0,0,4.91,e10cea778d9358449d523cde60404c159a9c2c37295a0f55161f22104743214e,0d6308e2006a5131cb824ae2f42f0b9b5fe1b3f6747473947a3fd1043f45fa2d,False
2022-08-06,2022-08-07,v16,complete,aws,"{""aws"": 50}",50,0,0,4.39,48f6c31c31aab62eebcdc3e34ecf3ab8e560e92d66633de41f6e705f1fc5e430,f6a941aee626170998ef302ce327797b08e0faaa9df9369ab1f81d3f1e594843,False
2022-08-07,2022-08-08,v16,complete,aws,"{""aws"": 50}",50,0,0,108.61,c1f75d5ffc61f4cb35a4055a12a38890b4e81f47d854627c0cf802134523fe8e,bab25deba98e3dc39ae2b7dce4789b9d2d171e0829d1191a0f621d9a75bc8bcd,False
2022-08-08,2022-08-09,v16,complete,aws,"{""aws"": 50}",50,0,0,37.84,19a7b0c3b5cf17622747f734513c8fca748c561951baaf59d09d38db1e8a1d1a,e48ce201d05d188196cb2e0fcb53d20e43efa1abb4e1d466f4f615275cafc7c1,False
2022-08-09,2022-08-10,v16,complete,aws,"{""aws"": 50}",50,0,0,169.88,26cfccce958b01956969a98e092ea25f78aa3c6b42b8c6c2296a30ac3f013881,05b7e31c7d3327d908a5516e1038d8ebfe08daef1a0dfe40fed9092ce7425803,False
2022-08-10,2022-08-11,v16,complete,aws,"{""aws"": 50}",50,0,0,5.22,6cf4b6e394f10e0f1d13762fce60bab69b2fa321d314db6404193a5ee71b4f7a,c6d80775817df181129a5b6313f03e9043ca1c2846ca790dc985fbe2cd6ef62e,False
2022-08-11,2022-08-12,v16,complete,aws,"{""aws"": 50}",50,0,0,3.7,2f01d5bf4d01a1f2ac4d40894596ec784f528f95c5aa678a193e00ae8f2b6fdc,6c36fcbc937aede1cb165f7eb44971c6ca012d84aa75b921b753708f5a08e686,False
2022-08-12,2022-08-13,v16,complete,aws,"{""aws"": 50}",50,0,0,4.01,e5ecc8387ae182322d4d41918ee2d88d938d9adc65c79992ba40c6c98435565d,397b390709ba472a076d3d885636d520cd9550990253065d100f4183817f320f,False
2022-08-13,2022-08-14,v16,complete,aws,"{""aws"": 50}",50,0,0,4.18,a79c0b998772e8003fc769865f75401fd30f8dedf1ea6149576fb24995d7b78d,7694ac8066b96e89db6b8a96f51e141cf4724448110d3d087ffa3c18e713f4fb,False
2022-08-14,2022-08-15,v16,complete,aws,"{""aws"": 50}",50,0,0,3.92,b81be74f896e8c0c9c0228e106d1bc843902b7ac9cb627bf13ef98662cacb24b,9e7535f7e2199c7aed7ad8c1064098bec6035938df5d45b2b861d4c6a3d1facd,False
2022-08-15,2022-08-16,v16,complete,aws,"{""aws"": 50}",50,0,0,4.08,14ca5513dfc1674caf2749cedaae834768bb34b08e1e447a76ecab5e956e103e,ce3e057a655f19887ec106d79a99ded674d75b4b340747c415c8eab858c98fd0,False
2022-08-16,2022-08-17,v16,complete,aws,"{""aws"": 50}",50,0,0,3.9,6caec4e8bca90b97873822ea8ec469f413b35fdbaff4190a0417614067586d0e,fdf7c7ebc63ae59abc51583c7c4b2c0dec463364a584553a8b2a51226ad59d73,False
2022-08-17,2022-08-18,v16,complete,aws,"{""aws"": 50}",50,0,0,127.44,73206ad7398542511bffb0a79aad903385b6b4d8c338e0177fbe60ffc47cd66d,a553f9aecae359c42cef891ac15edecfed752b1d6a824386638ede9e1a29a197,False
2022-08-18,2022-08-19,v16,complete,aws,"{""aws"": 50}",50,0,0,3.78,2c28e469ef221930e1b086063ebd1732a34ce3cee09fd042ebb1d901a1d57d4f,5a4db375d80c68c2444aae827bdf80ed22dd7dab4abe5b3a6d05f213bad8199d,False
2022-08-19,2022-08-20,v16,complete,aws,"{""aws"": 50}",50,0,0,4.31,bf1f24975dbfe8035e0785681e7a290cb9ffb61cddf6a951409e908b8be07521,03cc06786044473f39046eec68dc063b711636d39aea8c0169791f04dec93912,False
2022-08-20,2022-08-21,v16,complete,aws,"{""aws"": 50}",50,0,0,4.25,1b2eab3af1a105841b829e56f2353318f1cf909232800047ebedc612583139a2,296d8babb2673d5a554ce28e1e99d602446571c138c35bd0f005f29909a8e64b,False
2022-08-21,2022-08-22,v16,complete,aws,"{""aws"": 50}",50,0,0,35.57,4bd8edcfeb213066a84b52b5bdd8c96be40628e2b9a7cf3f54c39c1a0eb4601c,d3d27b4d5ee7db19b2389a19d1da71f62df5fca88ddb7c30ae74b43962e2e7eb,False
2022-08-22,2022-08-23,v16,complete,aws,"{""aws"": 50}",50,0,0,35.87,35f2929c0bbfd06cf052597813ceb2ad1c8b024c960b9d94b04d02bcbbe3cd36,ea0a930db6a601fc91aeaa3b3c6bf548aecc5034ecedc86c2e093b2249e1be45,False
2022-08-23,2022-08-24,v16,complete,aws,"{""aws"": 50}",50,0,0,4.96,706885854a777bf4960f570c967da9e58e043a1d90d768aa713f38b3f7c53368,f90159dcc01d7a836d72ba58b4294225ec74e2306b31bda721bf5b2c0290d04d,False
2022-08-24,2022-08-25,v16,complete,aws,"{""aws"": 50}",50,0,0,3.98,f05fde1c5843ef4b939bc80077c489a53a236d26d3afee2e98db4767be5caa21,b2e64cc1936a192fba033889bcc20de36065ba85f2589f85f8b7c1f317b3aefc,False
2022-08-25,2022-08-26,v16,complete,aws,"{""aws"": 50}",50,0,0,4.16,3bcd0d2f44801204fbd071e02a8ea09faf874d6a72f3e67952b1c99f4f534d13,868bb79ff888cda80dbc69d324dfb6607e0dcbc4b0d1f28a2b163c8de5e99797,True
2022-08-26,2022-08-27,v16,complete,aws,"{""aws"": 50}",50,0,0,4.18,5380092b0c625d2f2310a7e40ff1f83367df10b7da3cd8eb752b8582b6ca8409,9bb043b0d3312fe0678dc118d2abf77876161e63aadff706fb63538da4679fea,False
2022-08-27,2022-08-28,v16,complete,aws,"{""aws"": 50}",50,0,0,4.32,a2e33807921bc73fe864c4847f272330b2aa3c7aa326d1e8ac684a0622d829f7,20427e013f5699d6a7f81ca96ba1e04da147b83ff2a30813a2a929d1ea2858e0,False
2022-08-28,2022-08-29,v16,complete,aws,"{""aws"": 50}",50,0,0,4.05,a5b50187318d4039feee75d4eb3fe7cbb804c686dc96aebb69812cf75d3e0908,34849ca153dc00e46b927a3af6a5805bb62417f3549af6d08d67370fea00992f,False
2022-08-29,2022-08-30,v16,complete,aws,"{""aws"": 50}",50,0,0,4.7,d31e70dcfa896f1f0f80a1ec1bfea1ba0496cf5ad29be348a27832fb133397b5,ae122d80c0b6aad0729ee2bd4802b41f3ed41e656024a4658fbd2d51b622ee3e,False
2022-08-30,2022-08-31,v16,complete,aws,"{""aws"": 50}",50,0,0,114.25,372e3985d1fb69f0beeb9ff85e4e40e7620b47bf81b6ed8ff287103e9a06d6d2,a8428507449134cb1aa17ac632922444561af97829dc6a77468708e9ec2045e6,False
2022-08-31,2022-09-01,v16,complete,aws,"{""aws"": 50}",50,0,0,6.09,df108707c180787ce37a0138bbd91c1acecac358d594da09752f355ae2e6ee2c,0f2f2cdd9b93b8fe22fb0caabad523b0e00bb664b2145c9b906122af539108d5,False
2022-09-01,2022-09-02,v16,complete,aws,"{""aws"": 50}",50,0,0,38.61,e4f91b6776309b933ff8f5777214a9525cc701644567b04913e6d793af7eb275,e253d82a158909ffd6c536eefe9cd892a361743e63ba8e867673b9863f3caba6,False
2022-09-02,2022-09-03,v16,complete,aws,"{""aws"": 50}",50,0,0,32.85,b1e3725ec9859a3f7a9d61ad627ce05b73e1221060ac7000110ce4352052b0fe,2ee4258667202085663d7c78fc9f25817c677fdd9eaf759b04a6024b5299282a,False
2022-09-03,2022-09-04,v16,complete,aws,"{""aws"": 50}",50,0,0,5.66,1d6e379e861da5b4ea7e20c9a219180d8db56024474775ef7b3f82761f89dd94,cca822d59b4440b92c1cd12ff635d265c44075cc9b7fcada1a6955311bac8505,False
2022-09-04,2022-09-05,v16,complete,aws,"{""aws"": 50}",50,0,0,4.08,112a567b64e04c3ee6495ee1207adb81d74c1b7d3a69ffac09fd6c8708a1f5c5,89806cd0d5f5b092a8b2e0eb01b332a74a7995037d7f990c0165d62a1489c11e,False
2022-09-05,2022-09-06,v16,complete,aws,"{""aws"": 50}",50,0,0,69.52,242fce4ff6a96cad8a230f4661964e71a76ae9f15185c8ff56339f20d5245171,379d03328e6a6d2a0b3eb9330c6c7e589fe087479654e82de421590d6e0ed6a8,False
2022-09-06,2022-09-07,v16,complete,aws,"{""aws"": 50}",50,0,0,4.2,46afc08f9440f3e9646d7866ba40235fd581bf426d3d6d1a90e4d99d86e99db1,68debb7e836a1e809d21d06316b7b38c8e7725c2a378459b073cc5fe59863db3,False
2022-09-07,2022-09-08,v16,complete,aws,"{""aws"": 50}",50,0,0,3.94,f436d4688a52df02e48e8568991e543546785abb3449d7e6b8957fcd8de7714f,825c2a1a9513c61fbd25b3c4bf8e021a3beecea9f137534c086e24e2a8df8028,False
2022-09-08,2022-09-09,v16,complete,aws,"{""aws"": 50}",50,0,0,4.38,2a6fbcb33b43ea72f547a073eda338508b196fd8dab9e2c71e070d85bd3cb417,11fd631f5e340b51dac6607b6dba27427b8bbcfc3d09cfcc4862eac982c7bb0e,False
2022-09-09,2022-09-10,v16,complete,aws,"{""aws"": 50}",50,0,0,4.02,9579d95c4d8f9890ecf392c3d5768ae87624c04828b0ba7e396fca49eb17a38c,60c49dcb899b28f9139fd3bbea08aed4486a360a8de6440ad3c791f66ef0654c,False
2022-09-10,2022-09-11,v16,complete,aws,"{""aws"": 50}",50,0,0,4.14,823e3209b5ed145b281c84103d831a2d1af3d354c0fa3ac8f299b06597030c7d,89b74916405eeed71245e43bf2ff22c955dfb0525d1b78cd5f225595d0a4a53e,False
2022-09-11,2022-09-12,v16,complete,aws,"{""aws"": 50}",50,0,0,4.19,77a8051c56e24358d61b2b5e39faa8b3ec5e0f5ff34fca9611f94446c13d8e83,75cb1177a73a714be6ef4b84e0d6471a4523cc21d0b7a34362cdc94538129a46,False
2022-09-12,2022-09-13,v16,complete,aws,"{""aws"": 50}",50,0,0,109.77,679a9334c9890abbc4ebbefb4d6138da3f25f8174a054e89ddbf577bcadad847,004ab4d1fbbeb53304d1a6d4a91b6ec0846affdd1462eaf5fd2a2fc8ccad00a0,False
2022-09-13,2022-09-14,v16,complete,aws,"{""aws"": 50}",50,0,0,4.08,c64860d0746ccd87177703fb564bd433fe00108876fbd29604cc097c26c70391,f3e8f8646f52d08b350e0531335ccb7d7ee1b7cef5939db95c7638fa203f5074,False
2022-09-14,2022-09-15,v16,complete,aws,"{""aws"": 50}",50,0,0,5.71,18663ad3e7e6b0ad8396a0d037029091292abf271de4b0f8eebc574fe05c9c5e,ebad5cfd2336f206e1a4fdd6961ce578d57a6720c6172fb586bd511479a23a68,False
2022-09-15,2022-09-16,v16,complete,aws,"{""aws"": 50}",50,0,0,31.95,31e721745e116109958025601e21660bc8c28aae637840703e623b3164b6b3b8,b133b5c30fdba3e6997c3bf9f59e0338d3acac6a63f1fe4ba85215af8cf0688b,False
2022-09-16,2022-09-17,v16,complete,aws,"{""aws"": 50}",50,0,0,118.49,71ae82042699d41e7ecf98e28f543b22ed761b4a0f5fc22d964eb6087ce727f7,9a76949ba2a0d80e6e82d4f23240e19c62e2e0f981d1f06cdb27085f4fc99716,False
2022-09-17,2022-09-18,v16,complete,aws,"{""aws"": 50}",50,0,0,5.41,1eb393ae096f63df1a3700896730ed1c01d3a0d133d53affd3c0db8812ac89bc,c78e90306e8fec8d7e9e73dd78c51467fe708b4a4029e9cc8c58bd0999a5cbfb,False
2022-09-18,2022-09-19,v16,complete,aws,"{""aws"": 50}",50,0,0,35.12,af410520b2f6e007362f8d99be77ddf86ef10d58b938a4a953eae24dca50d746,0c4281fd2e7bdd1a21f09abd2cf1de53993297981782f363f07320c694b15b2b,False
2022-09-19,2022-09-20,v16,complete,aws,"{""aws"": 50}",50,0,0,4.22,2117947908b1287c449b809aca8bed440cd15d20f9808d709a6fcd6365a0d622,0c81777c8127c810fff80709ef996556ba4e0d54ec34abdac69c9c3458bb2ce9,False
2022-09-20,2022-09-21,v16,complete,aws,"{""aws"": 50}",50,0,0,4.12,0cfc47e6c827fb88cc7390f1ecb6ccdf7ad5786c74824c2bb8157f94bab95256,70e9938eae361f8a01c553e2f8aba2a7824134943e6eff598502415a9e831a68,False
2022-09-21,2022-09-22,v16,complete,aws,"{""aws"": 50}",50,0,0,3.98,4a6ee771e50ac4dee1961135174518fc59cbbb0b70d7108aec6e48c72c0da755,785681e0f4e412c896ae88202dc57f5913615f8da1f8ce9edb76a89d44507e16,False
2022-09-22,2022-09-23,v16,complete,aws,"{""aws"": 50}",50,0,0,3.84,4c305214b9c7b377105a28136367bea7d91c2dd90a146bb13687f52163a7b7b4,a40bf9ed8ead34a41e1833cfa356b0fb42171389a1c9677e61a2773a043b7789,False
2022-09-23,2022-09-24,v16,complete,aws,"{""aws"": 50}",50,0,0,3.95,bdbaa64c926cb3ed9faf24c3af0abe3dea5467c72b6911360728cdccf038a7ce,c861df46883526028d39da70d4723aebf4878dcfeb04cfeb99603273b5a2add4,False
2022-09-24,2022-09-25,v16,complete,aws,"{""aws"": 50}",50,0,0,3.94,178a16c7bfb919b40b4eaa6e56123e157faf81c99bccfa35026bb128f9a1b590,3813566ffb02cf6df25167e85f23e99fab0ea0d05a427dd3d5416cb059e8d5a2,False
2022-09-25,2022-09-26,v16,complete,aws,"{""aws"": 50}",50,0,0,4.11,7638cea1f379c27fee1db9cf841cbed33aaf7463f0f40563363813a653712ed7,352bca909f22acdeaee98ccefdc9dc2e7cb471411e986ccc2edfd59d60773b63,False
2022-09-26,2022-09-27,v16,complete,aws,"{""aws"": 50}",50,0,0,4.25,4cdb25cd36bba67d90fe77fe4ff78cdd8b91db8e2216b7ac3cf12da544caac41,0d6fabbf59cf473a738f20739e1dd9e3acaf3e2f7123337bafe199e69ad063b1,False
2022-09-27,2022-09-28,v16,complete,aws,"{""aws"": 50}",50,0,0,76.17,b746c1420699088c4511eb51ee44322d09565e896afbb461d936d0064be01c42,bc1bc0c03b523f81625a5dda20db1599e06471fb9a28ef5c8fa989bfc6e541a1,False
2023-03-24,2023-03-25,v16,complete,aws,"{""aws"": 50}",50,0,0,5.46,1439b67c383e04b3a3d38c84aff19143e7509e15330bd284cae174184d951eb2,effcd106434d3251a8f41e5e249485078152fc56a0573233ea4cf43d365c6f02,True
2023-03-25,2023-03-26,v16,complete,aws,"{""aws"": 50}",50,0,0,5.75,bfe10b7e68662b0a587105a7797d92542a540be67546a5566bcd5babb08893ce,7a7dbb9bda2ef79b93eea6ef4dffea2b1bbc39f796cc43dca637e8b737b32018,True
2023-03-26,2023-03-27,v16,complete,aws,"{""aws"": 50}",50,0,0,4.38,0b2a18db6ea246666ee2c160af9d9111e5109bf531a90eeefcf94879f61f41f0,7761d6fe7092cccc99912db590627a15fcce723a1f8b7e58a2f5bfae86bb7235,True
2023-03-27,2023-03-28,v16,complete,aws,"{""aws"": 50}",50,0,0,4.07,5bc7971275d4040bbdb928d5384790aa34d0e0df512fc3bb82acf5e2ed17c229,804497345cb3d7a0a9998ba83ebbe7350e27129dcf57b8377f792fe6f90e092d,True
2023-03-28,2023-03-29,v16,complete,aws,"{""aws"": 50}",50,0,0,4.11,8bce240f67ded1697d941e94ceb6d0bfe742f62b77dbede0c8a8864fe2e5a8af,5881ddf1ada8d2976f3c891407a35532c306dbc9c5a49e53d5d42ec8181267ab,True
2023-03-29,2023-03-30,v16,complete,aws,"{""aws"": 50}",50,0,0,4.01,e78043c863788e89fb02d8627471cb531bf20a37f296e79988b51ab6def723a8,920f06a72cf5cd55002b7fe005fdc3390ebc0d541abb41b22a6385634304c0ec,True
2023-03-30,2023-03-31,v16,complete,aws,"{""aws"": 50}",50,0,0,115.47,59835cdcfd57ee528d87582e5ee9a0b86ee70422f09bb330247433cdb4350f22,87c28c5ce54ca572cc3ce51a8f09379f79ee64ab5a6688274ebb74dfebdffe18,True
2023-03-31,2023-04-01,v16,complete,aws,"{""aws"": 50}",50,0,0,4.11,d9d290966eb2d8d04b411bc10af3f8937bd7eb9f4f1c1491d1b0d82ac0a3ea4f,ea78fa41dcd0c3fa83090a5a540652470627b3ce99124469a0fc901cf12284ed,True
2023-04-01,2023-04-02,v16,complete,aws,"{""aws"": 50}",50,0,0,4.82,9c4e45770e0286df251b9c2896b6dc515f4d8e24510687ed6b1823b6ed32699f,cb35a525df2db43233305cdc883ec08e2fd271d73ecfb1612f9fca36cb1c923c,False
2023-04-02,2023-04-03,v16,complete,aws,"{""aws"": 50}",50,0,0,4.11,03e4f01b2a2c9bbdc2508b9533e34463bae380617b9b27784ed831e1f0f86ada,bab946470c6809f295c9c719f4324978f0399c01a3a56b8f4ff79d1988393f62,False
2023-04-03,2023-04-04,v16,complete,aws,"{""aws"": 50}",50,0,0,5.41,35203d7a195dd989f955103e2d82b2442efc5b4bed113ddba63d02a8e8f6aa8d,9c7484197ded3b6f221d6bac84b00e0ce31461b6ede0c9dfbbed80de0b752fb7,False
2023-04-04,2023-04-05,v16,complete,aws,"{""aws"": 50}",50,0,0,169.34,402db9c99080f8aff2cbb7b26e0890f652647ede60a8d1c6b4f0fceba7ca5be9,876c052548804b4e43b86f48c57fbc54b03a5c6caa822c2c4e571cb0c6dfd730,False
2023-04-05,2023-04-06,v16,complete,aws,"{""aws"": 50}",50,0,0,5.77,a19417bdce54d60f7a26b4f108800f879c1e5375eafd9b0249939dc6397ddf04,4b7d5b5d2bf5b6fdf34421abf731dd83b0e1c384f0c720d9a613b7d52a199f4d,False
2023-04-06,2023-04-07,v16,complete,aws,"{""aws"": 50}",50,0,0,34.44,de84024a9542df3b76ea98f9d7992f9473a1df540d6299ed0d3ae3cb1fabee59,a43a21800296d42d9dbc2712fccae240ef570ac092f5a7f66c39ce4b7dda5a13,False
2023-04-07,2023-04-08,v16,complete,aws,"{""aws"": 50}",50,0,0,4.19,484837e1f008e9c06268fdac02923f3f2daee77177d02ab7fb3ca8e134cf7a6f,46adcfc04bc57b2d142856fc07c419e0916b507e3a27c5f096037facb259db5c,False
2023-04-08,2023-04-09,v16,complete,aws,"{""aws"": 50}",50,0,0,4.02,eed9b85e47ab6752be78a3b6a3867d10ec7956df007bcba77fd817fb33ca2f08,6cf91c858586850576d008c284dd3dfa44e75d16e52042b08a5d1c05d22b7cfe,False
2023-04-09,2023-04-10,v16,complete,aws,"{""aws"": 50}",50,0,0,4.1,7aee7d4491fb64b4cb3db2a9ba69880a85e4f93a7f9ad315162c9548485d6a90,14939f36f10cb13d718847c80320ada528ed1c17ca8fdccf7fc38057bf2bda8a,False
2023-04-10,2023-04-11,v16,complete,aws,"{""aws"": 50}",50,0,0,4.94,b4060ef1c98b39b82db48b0c8cd996440173403b2e85ff072fa157cb8f2d0618,d59a4325e11b57643662c1965cb3e15f02a963be64fc560f4d6f0841f393fd66,False
2023-04-11,2023-04-12,v16,complete,aws,"{""aws"": 50}",50,0,0,4.32,20cac310dba26d6b49d27cd6dea0be2f7e35959732d86caf19d14e7ae492988c,e721cc5fc299865b82a9459e606d596459b77f9f39647152579d6e09910cfc58,False
2023-04-12,2023-04-13,v16,complete,aws,"{""aws"": 50}",50,0,0,4.45,0f30c67659a9c7b602f740df7cf805a5563a88e3da4d5e8fe038a41fb4a43709,78b3d26f21af8fa65175838c5030153705451e6f2f26ee483e3259ced6e18ba2,False
2023-04-13,2023-04-14,v16,complete,aws,"{""aws"": 50}",50,0,0,8.65,06120d9f0d942e5eafe9fd2a7fb6d9fff86ac175030180ebd92ed7f57d3b0080,d2f4dbd71af98734f9ca478fb5be743dc4e8122ba503e64606f187ea8d7832c2,False
2023-04-14,2023-04-15,v16,complete,aws,"{""aws"": 50}",50,0,0,36.4,85bd4ffd7903a66f2af3922f5158cad82b62ae370d490a5d3a9ed0c7263382d6,aad5e97a8a9774df505970310fc9b69f6a2f141949f8d26d03077c73af7e3318,False
2023-04-15,2023-04-16,v16,complete,aws,"{""aws"": 50}",50,0,0,37.86,70b8f1c5e62289d3612cbf94cc07551354defc56884af643ad39279de743b6fc,86cb0d14000f853e112af9df9a8536d9676a310fa2a1b2957b4fed95618927cd,False
2023-04-16,2023-04-17,v16,complete,aws,"{""aws"": 50}",50,0,0,63.63,905fbe6fe7cf689673ccca4736445d7fd3bf5b3fb1a24a0fb5a1093e7325fc34,d7908b39fb3c77935eee5dc003a69016f3503d6514744559ef42bdcf2fb67a65,False
2023-04-17,2023-04-18,v16,complete,aws,"{""aws"": 50}",50,0,0,66.58,2b77b360e1c5e3e98042a4299883028730bf5cd05cbfb22eb39a4fe91e043aa1,772d28e15d2be1ecc40680d664d61845014661618f8a5f1edd333d7c59970602,False
2023-04-18,2023-04-19,v16,complete,aws,"{""aws"": 50}",50,0,0,70.7,81f7fe58f799e78694c952d63b591008ab82954c387316748ced0ec889ca280d,7625af11f63198c5ba489935f1f81b04d3e39d080981980bcf62c2e558dd06b7,False
2023-04-19,2023-04-20,v16,complete,aws,"{""aws"": 50}",50,0,0,5.07,fe6a8067b1721e5efbf07e6d05c7b71d94a364c43176892436be660b2f1c9c48,46245edcf2527baf0383457f45352210b434eb9ab97d8485367777a0a4f86beb,False
2023-04-20,2023-04-21,v16,complete,aws,"{""aws"": 50}",50,0,0,4.18,bd9a0157efa5f3908e8ccfc48b5a01a307242b75ca3bc94628d58aeb1b86bac1,e73edb24044fe0001cbcee7f118c8429e8484f59f029acc6d3f3cf306a3c5b42,False
2023-04-21,2023-04-22,v16,complete,aws,"{""aws"": 50}",50,0,0,64.97,7c37061369796c252952be7a585da97cf812da0a4518f6f3b1c549f2cfdaa9e6,0fcdcfd758c457efac6465207c716812bea0cf654f8cad5c4993cc9b429c3ac6,False
2023-04-22,2023-04-23,v16,complete,aws,"{""aws"": 50}",50,0,0,4.03,bc48f39ea44a0707309f938cb65057b0de55a8d18d712b51d36ed812d3cd1d11,998751508f58fc7d6126676c75d76254fd5c631b11de2914096837fdbb7de6cc,False
2023-04-23,2023-04-24,v16,complete,aws,"{""aws"": 50}",50,0,0,34.65,089acf17ca04d5c3a82ff894fa167a6e048ad6055a7a53c6218dfa0b1cc2d830,f9c4eb1f60625926da92bee609a2354c8263a7a89c6e1cb22084f77c34e7b7b9,False
2023-04-24,2023-04-25,v16,complete,aws,"{""aws"": 50}",50,0,0,4.19,720cb01aa0c247246e4e8a3ce2a9fb3afb373bac05fd77655999b3dc889bb45a,a57fe01e2a54008c5b9dfe2fd41858f2382ed67f23fe650b7ab4f3b966a5f232,False
2023-04-25,2023-04-26,v16,complete,aws,"{""aws"": 50}",50,0,0,6.29,27205d33b1b9a532c98d41e630b8eb4a7f5deb467ec9b1ec6d899439182a8e12,3082b83df4bbc8f44cd5b4eab1b4bb435c6f486980544b0039fd04164dee9d1f,False
2023-04-26,2023-04-27,v16,complete,aws,"{""aws"": 50}",50,0,0,3.86,d3e8a60313edb6a9e9215133ee9136c5c7a31d881fccdf4a0cb07ce0d4aabfc0,244f2aba185073e16cb9ce35fc4952d750d695b9792f304e583a465f3bfd59c0,False
2023-04-27,2023-04-28,v16,complete,aws,"{""aws"": 50}",50,0,0,4.77,c4bd2b868265bc5b989aced3e33a6ca8708aba350e80161243e90dae11f37813,cdb96507904b97014a21bb7adaa756fdd2acd0610a7ad74b6792da199652ccd9,False
2023-04-28,2023-04-29,v16,complete,aws,"{""aws"": 50}",50,0,0,4.14,12a5ae21265bad402e9da43db0d1240cf1bbff29c239a76cb01fee389d232610,5dee6d87cb9169f640189f06a8d2732467fbe70f3056c37fa9fde41fb60d57cd,False
2023-04-29,2023-04-30,v16,complete,aws,"{""aws"": 50}",50,0,0,4.26,9d210df9fec9110b742bb66ebd8b722c900e012872604cee876cda6ccacaf877,173954f0f2603593146cfac2c556fcd54160a667c5c570d7d629120fb515c3d7,False
2023-04-30,2023-05-01,v16,complete,aws,"{""aws"": 50}",50,0,0,4.6,c474fb45dd41924b836a70482eb5f6b0939ed1ca4217f9ad4cf0ffbe48eb0c9a,039c2a05403b1a92117a914594d3547c6c1383b290cfb723d7ba54cb762235c3,False
2023-05-01,2023-05-02,v16,complete,aws,"{""aws"": 50}",50,0,0,4.88,1a09c1dd69d6823bfb83b61434b9d1f7baeb8406e791107d7a5554d4a4dcf255,4866c80d641df1492dc9a1c9932c8b22654c3b7d9efa179da131e7b330a34d2e,False
2023-05-02,2023-05-03,v16,complete,aws,"{""aws"": 50}",50,0,0,3.98,18bdfe2bb543b1b0c69ad51a2264bab1e4c607f5bf98f8d4a4cdc40ccd51fdae,4dacabeed72b0ff722b78ebf81857a8db9b0256497d8aa71ba7a8e169f18d37c,False
2023-05-03,2023-05-04,v16,complete,aws,"{""aws"": 50}",50,0,0,5.38,bc81500613863fdd022a4f6ee8a372c90fc9116f942907ad2418f7e39313c0a0,3c4862174184b0af7a67d39c7f1d4737f87bf9e64e4fb62c5cbcf98ad35b943b,False
2023-05-04,2023-05-05,v16,complete,aws,"{""aws"": 50}",50,0,0,5.71,a213fa7ac3b22dc768426f9227570780e21cd4ff032cbdfedbefab4ec2414329,00ea8b8175b7674cf189870ab6b5ca0cc5764188ae7ff77bde60a148cee92746,False
2023-05-05,2023-05-06,v16,complete,aws,"{""aws"": 50}",50,0,0,5.13,0f76c8445e653847540b843ef584b7294b70da47afe636c8118c2674110c66ec,ae9fe61faa8cf624ec0a6c0511cfede98116338d1761f5424a3daaeadf65eaef,False
2023-05-06,2023-05-07,v16,complete,aws,"{""aws"": 50}",50,0,0,35.27,75118d219ae24f9b5b88731b3bc4c9082fb6b1ac642e991eb2ad5de67435872d,6c1c1ce9382e2a2f5b258a9141620a4e0b25b7f3b009c9532ba568a5c3bef52c,False
2023-05-07,2023-05-08,v16,complete,aws,"{""aws"": 50}",50,0,0,7.05,a608b43458beaf8f2665b474a4ef06d07c70f64c78003a05c457f110cbd0b1f8,2964762e65fc2e9884ee2067f509a3d2a5c65e170880f468c9196114f51d9353,False
2023-05-08,2023-05-09,v16,complete,aws,"{""aws"": 50}",50,0,0,5.82,cd7e55ee6d4b1ed54865cc9731f46c11adb7dc1735ea29c7226eac6fc230df70,5fa923b5632a875451aaf480ae4bc5679be300901ede1313324f2f5579908410,False
2023-05-09,2023-05-10,v16,complete,aws,"{""aws"": 50}",50,0,0,5.95,9f950f024b5f246b45c9b9d2e4ed747a1ccb12f1a1a434aa4e503637c08ed9b1,77c47b5598a9c534011ccfda019a90fb2035cdd8afc5b7dfc8c5834bcfb4a101,False
2023-05-10,2023-05-11,v16,complete,aws,"{""aws"": 50}",50,0,0,5.11,d603fb27f84fbbe9e0600fcc61af9210544d76693950d401b5bbf24c7cfc7abf,90667075e1d37d3928f6c0c6f1693746e79efdce5bfe81a93fc4d18a5a7215ef,False
2023-05-11,2023-05-12,v16,complete,aws,"{""aws"": 50}",50,0,0,7.14,df3889f68a13909ae8457d39eb26dd6d619706f772a33d9d255865a54f626e3a,b4107ad33ae96e15f9de4a39879649dedf28bbabece2f1dd9798f4003db2eb76,False
2023-05-12,2023-05-13,v16,complete,aws,"{""aws"": 50}",50,0,0,4.86,095824af7b746ac77d693c7caf1638240499042a8650783012794485e415f1f1,1fc03a840d8bdccbe54aa48e615a0d7be513aae35a2eb8ee3e3ee24431ed905a,False
2023-05-13,2023-05-14,v16,complete,aws,"{""aws"": 50}",50,0,0,5.09,e9706c7a5dac4cc0c4be8ef18c52341153cdc9e487cb02d73b26ed187b254bac,1c306d4f28e97dd9a62fc448bd259a37a99dffd535f6bc1f7f6a2b578c5b11a4,False
2023-05-14,2023-05-15,v16,complete,aws,"{""aws"": 50}",50,0,0,6.65,2ae157947bdacf8f160d20ef47aede0671800adfb2998b6310084adb0f5c6be4,68d8f949d590264f467eee3ffac1b4d7ad8eccd4781cda551356b3ed6b688dbe,False
2023-05-15,2023-05-16,v16,complete,aws,"{""aws"": 50}",50,0,0,5.72,bcdc2f087fd5617f267c3a07cc87470fd2a51ecd899ee7a7798e96ba0947c4d3,2c143e14ecccaa27f450bc28e5e3ca255d52971c0386fd6a4d50f83dc38797c2,False
2023-05-16,2023-05-17,v16,complete,aws,"{""aws"": 50}",50,0,0,6.64,3519d47698fa5a980ec4e9b80d48875a6e677e985f63498f96e70a71aa297493,505f77eabc5db1359d00c87bd26dd17adf1c80b8174e30a89b3dcfee1083a3b7,False
2023-05-17,2023-05-18,v16,complete,aws,"{""aws"": 50}",50,0,0,6.21,19c8af23113f8131958e3425421e7a5697b3f798bc0655f17451e5c0d903fde9,f791b7dc9a73fe58cb1d23b03081ed79cebf36d776fce4a7e41c9a38fbb9603a,False
2023-05-18,2023-05-19,v16,complete,aws,"{""aws"": 50}",50,0,0,6.28,c3e0eaefd109d2a754d87322f334e6825980861c809808861c9e9d1d3ba16757,68b8b2bf04f88b357316c4b6c3a87f449d5fcf6bc9a443b7f323d9804ec70353,False
2023-05-19,2023-05-20,v16,complete,aws,"{""aws"": 50}",50,0,0,71.13,e103b1145a3b77668d77e6bef299220bdb9d8d4fae1cc28aaaa8f4774cc8caa1,70abb6257fd16ff6dfe501c0ba054dfa88031bee850f708b9ba9d7b258011bf4,False
2023-05-20,2023-05-21,v16,complete,aws,"{""aws"": 50}",50,0,0,8.58,2adb1ac582ec402f4668f12cadca8c46b8c01ee66b0b4916b4a0978a3f075365,170a68c18224d3f421499c3a71019803adad2c8a321e25c5566e8c98bd66255c,False
2023-05-21,2023-05-22,v16,complete,aws,"{""aws"": 50}",50,0,0,4.93,32589d4c7a6f305df5620e990eef68983189f2b355e83feb365f1c3d13336c1e,6614ed91e280f3da9025bfdd98156a32b22e23a5999e7dd7ae8022cb06250e8d,False
2023-05-22,2023-05-23,v16,complete,aws,"{""aws"": 50}",50,0,0,5.92,eec53be97ec2de97b072edd0b9637180f8c060c240200d4413398ac4e299bbd5,1bbf5c8cb84a0fb446bba7bb19848c16c51f3045081c6cb55b038d62c9830516,False
2023-05-23,2023-05-24,v16,complete,aws,"{""aws"": 50}",50,0,0,6.41,bee0411d32f88dbe34134876456fb0afdf04094f789cc131b339b098ed677a57,cb345ff2f4415d56e1a7a7cf5ff1b4b36fd943da99fb635341038b3d6dbeea7f,False
2023-05-24,2023-05-25,v16,complete,aws,"{""aws"": 50}",50,0,0,5.45,eff6301d18da22e672ebf8d6fa1bedf2d7c0edf5399bd1ffd478b1794abc8847,6e9b6cd848f3fb659ab633f8dbce0a67894374fdefa5bc5a3ab2a199c4c717c8,False
2023-05-25,2023-05-26,v16,complete,aws,"{""aws"": 50}",50,0,0,5.86,36f07a5a25101e13d6de8f68bfd93a904b67b5747b8ab3f8f4221225100713c5,0421f756111dad62e34f29b8fec3e4099f722af4fe282c5d1f7cfe719dfab035,False
2023-05-26,2023-05-27,v16,complete,aws,"{""aws"": 50}",50,0,0,5.01,f0f3533de4568510fc467adb11bdb8b0854eab90feb1e98162fa3fa7f330ddea,950e8108c101ada11ebe76ee8855fa656d4425b52062007eb12fd4c3b68bf274,False
2023-05-27,2023-05-28,v16,complete,aws,"{""aws"": 50}",50,0,0,5.89,6cb3bbf3e56f658cc49a935010d22ae1d4faa2164f1cc6fa0a539ca32903f097,d5a7d6e0fe04b18359c57e7d79f0a240c53bacc305d783900f5e47a782cba645,False
2023-05-28,2023-05-29,v16,complete,aws,"{""aws"": 50}",50,0,0,6.12,603de6ad939ef3b03b4bee576ce507ec7cf0c88b9be50a3c89d1fbb95a4d656e,1a03301809dd1af6fb821ea34bb45f5973014a78dc7ef10a32d739eea127e071,False
2023-05-29,2023-05-30,v16,complete,aws,"{""aws"": 50}",50,0,0,6.16,78f8b3c601f733c0082921bdeac1e9e7f7b3519b13decaa551d546f68b7a3758,6865a87c08a95adaa1a94bc39968fe8cc48802e51d24de8d21a2f322e18943a7,False
2023-05-30,2023-05-31,v16,complete,aws,"{""aws"": 50}",50,0,0,6.81,f7756bd840c965078834f42df22450454ffec241639dd5360620f7002d9e8daf,6d3975c2e673e07f593641c5842549c74fe1c0b2ad8f37a517c38f27b9db58aa,False
2023-05-31,2023-06-01,v16,complete,aws,"{""aws"": 50}",50,0,0,7.86,441762a7f4a3ca52e229ac54bac7c9f3f40e3e1337dfaaaab7e555143770f6f8,1a2f31e52636de6dff1bbbdd5fd1111709068563cb82fcceeb15a1bdda19b307,False
2023-06-01,2023-06-02,v16,complete,aws,"{""aws"": 50}",50,0,0,5.62,6e02accfcc3f5e1c6e29a332209baaec3810f9be16fd80c6fad6d4d53fd5be3e,16d85228525016c4b529bfdfb665bf1b8b3f292547cea7cf94c0277167f4fe1f,False
2023-06-02,2023-06-03,v16,complete,aws,"{""aws"": 50}",50,0,0,6.69,92496dcd579ca9545a230e77590bb4a70fbbc82262a406be260fad91d63f04d7,6317bcb2c667c5268e2470a84e23915126a5e286e4cf6859e183787bbe01d4ee,False
2023-06-03,2023-06-04,v16,complete,aws,"{""aws"": 50}",50,0,0,10.76,0e9996d6fa285c5ba90b66843e38d7c931fea84f0f24299390442fac2e7614b9,246f0e81262ac39497258356ad7c406abda136b7bb0a88aa2a31597a61630187,False
2023-06-04,2023-06-05,v16,complete,aws,"{""aws"": 50}",50,0,0,6.61,79ad257e8bc17fc2a3f41c23640a9a4376f188f791d4b231bb121cfbac8d5226,013fb5738b72f0646b9c1f4c853b6efdd9e36bf4e1d870a1d4971cc8d942b2a6,False
2023-06-05,2023-06-06,v16,complete,aws,"{""aws"": 50}",50,0,0,6.27,6d94cd6686508f8d1f092f2991cd5b0f7c532f7176ed7000dc24282bf585edb8,7c5a97bba033eec7ee303cd4eb12594c8a88ac30a44203117b7868e2352e8320,False
2023-06-06,2023-06-07,v16,complete,aws,"{""aws"": 50}",50,0,0,6.5,72e417c627c603bf5f67c9789f7321157b2f3ff8922f1901f5ffab13bc320276,1d7a2f65e98a314d25207475dc66544ee89c6021c1cade55cffb733c52ac3f91,False
2023-06-07,2023-06-08,v16,complete,aws,"{""aws"": 50}",50,0,0,6.39,6583771c005ef086db8c75a034249e5a0e4d47621361dd4b0edcfe8bf5b3d313,4d478ef68981db57688f1aecc830467f5638dee0bec68f753597411f945398e0,False
2023-06-08,2023-06-09,v16,complete,aws,"{""aws"": 50}",50,0,0,10.98,602b4539712e26a920540abba4fe2749cfd2134488722524da283ec877f50193,300c8a66168d533bb0bc42134d27f4d91eeeadb5ee417319115bfe6fb7713ecf,False
2023-06-09,2023-06-10,v16,complete,aws,"{""aws"": 50}",50,0,0,6.0,1130f840e6c3370c0aa9c45abb702dce12b28f62c398c8f281f4b5891a9110bb,805fcceae1abfe6abd65a049af52c95f1c924507d5165da29a7ec667685fb256,False
2023-06-10,2023-06-11,v16,complete,aws,"{""aws"": 50}",50,0,0,4.77,e9ab4cb7b0f82cf3eecdaefedcc44fcd2720e439eab73c51ed9d5e926fdb43f0,6903008c04a6baf5b1bb6afa35d04ae4733e32ddebea38249263b89dfeba4cc6,False
2023-06-11,2023-06-12,v16,complete,aws,"{""aws"": 50}",50,0,0,7.58,36afc5b57c3dc06e2cf865a8aab34d727f2b1fdd6fa865ad1bbd2e7a94a3f1af,15f8390cc4c6af01b10cefb655d2530dfbfe6a16c60a6dcf17785184000f93e2,False
2023-06-12,2023-06-13,v16,complete,aws,"{""aws"": 50}",50,0,0,4.37,e73a8602a6f74ec6621f443d822aebbe566ed07c618e5d8f499f59b18041b16e,a99a88ad728b5520ba618f641a4ee2deb76408a167e00e72817ce0a64a3ca67b,False
2023-06-13,2023-06-14,v16,complete,aws,"{""aws"": 50}",50,0,0,9.28,c22da90a376f4bbc2332c4271a569f68fde3c0c52644192344912188ddb3236e,097d1fd2542f277846b0a9be8f2af940435cbbef6f5fecb2bf4371ccee2a307c,False
2023-06-14,2023-06-15,v16,complete,aws,"{""aws"": 50}",50,0,0,4.85,8e005c202902c5d20973946be0d8e9a6f9ce8e2e3da41e7d87b486109d3cc41a,29afc5dc0cf8cd61247893e0ca90d57a5846c563042699775d5af6195eb47750,False
2023-06-15,2023-06-16,v16,complete,aws,"{""aws"": 50}",50,0,0,9.56,55a3e93ce229476cd3eb6dcbb2298781a6ca21a460886fc822af59ba9e5e6e9d,35de59cb36fbf12b189abf0b8ac7cf216f18af52be4f733c7d7d9407a99a888c,False
2023-06-16,2023-06-17,v16,complete,aws,"{""aws"": 50}",50,0,0,37.94,d938414e06ee86e3d72c3901a22689c1be8ec8bdbc0703ede38feb8f924b0cfd,0b256f34c783f3b44b80240584f98c6363f9ad4623ac9985b172ea9bdf3a8390,False
2023-06-17,2023-06-18,v16,complete,aws,"{""aws"": 50}",50,0,0,9.86,798f954b656455121157bc855843906717384e33965c7a5c57196385cf03e6ce,d4313a89f5a0d1f446fe2b2402294eebf349d001b4f966595cf5539fe4f59e2c,False
2023-06-18,2023-06-19,v16,complete,aws,"{""aws"": 50}",50,0,0,5.39,0667fd77304d846c7cd24678f396f808a775185346af1a8b9bbc448b944b5710,83a0ae2b3d2186a479391857d1ae2694c8311de0af25be1a3687c70f96246dc8,False
2023-06-19,2023-06-20,v16,complete,aws,"{""aws"": 50}",50,0,0,7.46,2a9107b4d3fa50fbf601e84631d2df9597b84029f8d23ef8c99da6c0240a5e33,158082a8e9baa2c837f1863d5be69066794b319c69fb331ab66299c90a2a35d1,False
2023-06-20,2023-06-21,v16,complete,aws,"{""aws"": 50}",50,0,0,6.07,2c58a1fe46e34a0eb577805a4cd41596c00af448bb2229d2ae637cbff9b203c0,9397d70c29b4a65c1e997509605d59c444c8f81850f031af5e498f198d323a90,False
2023-06-21,2023-06-22,v16,complete,aws,"{""aws"": 50}",50,0,0,62.86,3c795bd29eb96064783cb7c25e5f7ea893f1b1839717380a260f62956482c70b,be5f8886f7fc8773e0da54882148683adc1726fbb4beb761bce644d303631965,False
2023-06-22,2023-06-23,v16,complete,aws,"{""aws"": 50}",50,0,0,4.92,ff5f459b411cd76f23bafb6654324527f323473278cd49645d9aefaa8d420074,72d0aff6faeb8128e5305b0cda355e68bdb7a98a71b76f009f0350f5bb07ea42,False
2023-06-23,2023-06-24,v16,complete,aws,"{""aws"": 50}",50,0,0,7.87,e8ee918a47c76f7767892049d36fd79488fb7b0b1cf01d2285ed88002de09eba,b57f56f66b694b75652e4b891d18297babd37590981d6823bacba678b887dbb9,False
2023-06-24,2023-06-25,v16,complete,aws,"{""aws"": 50}",50,0,0,4.72,b2127234c690cf5cde73490ddc533f3f7452d23d1a3c65e34f7c5b32c1d261b6,75735e725c573fbbc075a942a4f4b25bdb74b401c82c64d6502c39a0c6876a59,False
2023-06-25,2023-06-26,v16,complete,aws,"{""aws"": 50}",50,0,0,7.45,08c0d6938eaf67ed20b3fa19ced75d0269a4834b860b95ffbb25fef0195f8d4e,abd1681ec6302a62396ef30470f3bb4a4e8390d4a72300012daa616b55f3964e,False
2023-06-26,2023-06-27,v16,complete,aws,"{""aws"": 50}",50,0,0,5.02,31e90f728cc732f6f2af378de4eb8810cd1ee9c3f62366160d88eb8244ce3ea3,1da0f87f3fdb27eaad6a4fbc0aec21b1e4f2e1f523b67cf11480a423f0f18b08,False
2023-06-27,2023-06-28,v16,complete,aws,"{""aws"": 50}",50,0,0,5.61,1a67a9c49ab4750cc18f8cfb30aa7a0b4da1fab344c539fb950f110b1e424c09,c3a34e3cd020acbbdde7f1eb47fb3190996a3a6256d342d28530b3fffba1e220,False
2023-06-28,2023-06-29,v16,complete,aws,"{""aws"": 50}",50,0,0,8.09,7b2bbebc5c0d12124dac6e322574f2a44fa214e3535dc57242c5397b94a12b04,54178a537e43541614bced9e7f10673290af4893b476da73891478e84c1193ad,False
2023-06-29,2023-06-30,v16,complete,aws,"{""aws"": 50}",50,0,0,5.99,debab8ff142be50443b3378a9cd2ed77836b244fb6b10af4f327e59ccc0f4485,49bb1dd8edfbfa200caa3a1df6a4b989e8e616ca35b332abf17e80e702097739,False
2023-06-30,2023-07-01,v16,complete,aws,"{""aws"": 50}",50,0,0,122.75,549909ec820a723c7b70d47bc414dbdbf0dcad0e01e309595ae7efb1be234040,e2f18649a38b112c748d48fc24dc2b48f721fa416aa5712734e9692b508bb57e,False
2023-07-01,2023-07-02,v16,complete,aws,"{""aws"": 50}",50,0,0,8.11,f42bde29c9d1e9c389c3a5f1ab3de5f0a01ffb7d47eadfc29ad9bdf4606aad17,022bbc443e876ee8eebc5149314b6996e1c365c1c118000d17679598266632b9,False
2023-07-02,2023-07-03,v16,complete,aws,"{""aws"": 50}",50,0,0,5.35,924f24ca994a927ed06b449661870bd941b19436935039a101cdd377f34abe66,5a343e9d7833e48391ae18b84756602f0c9bcddb377612c22f70ac900ee7c084,False
2023-07-03,2023-07-04,v16,complete,aws,"{""aws"": 50}",50,0,0,5.94,758c8acfcf98a9a035273978526f5ee56bee422b4fd7ebbb41e3f96315c56408,cd964577ea7f6dafe8051e42a4f5e5197f8a9b0ede9a1bba0f436c9371c702dd,False
2023-07-04,2023-07-05,v16,complete,aws,"{""aws"": 50}",50,0,0,14.93,017f864deff6f678b17d60e3f9fc98e8d89f5baa99b52d11abcdcd9e096160de,f4a1e2e4ec43e87f95df011543e236e5d92d0aca88bb9d00db71db105a496b68,False
2023-07-05,2023-07-06,v16,complete,aws,"{""aws"": 50}",50,0,0,6.92,e7894e10b60fd36e9fec68d1363cdd1dd5b29b36cc500f65e7bafb20d8548c33,4c74feada13d1d47c4c8a638f23d2fa384874afa4f0e67ba8d6743286865e8a2,False
2023-07-06,2023-07-07,v16,complete,aws,"{""aws"": 50}",50,0,0,5.8,d40f77cfbb8a313fa62ea5e388383cf81f16d2943488b499a45f63c16d5272c7,b5000ddb58398d1c169b781d2732519a4b28a798354cac0996b5cbab0210d47e,False
2023-07-07,2023-07-08,v16,complete,aws,"{""aws"": 50}",50,0,0,6.58,54e07395ad6488d3e2531adb5a91ddc00a64031d05328733d2efb50f3cdf21c8,5d0b847b24b1fcbd7f49a37420910e3614ef927be0fc5199f6ed08d5a8f2241a,False
2023-07-08,2023-07-09,v16,complete,aws,"{""aws"": 50}",50,0,0,5.93,456edf8320701e49333fdb9ac3bf24150da32e1c6bd21f79dd21bd39def448b3,8e673ca6a31c7e433041c6b3f55f3a4a6233fbea3f0435cb444ccb67cd0e5b54,False
2023-07-09,2023-07-10,v16,complete,aws,"{""aws"": 50}",50,0,0,5.75,65e1bdc5dabd5777b953e672d12389869dced5bb6bfe88f7a403d20aeb34d297,ebb35c781a8b11a47781dec4fdc5d6f2de56ff63b83194ed903d6e27e4c23187,False
2023-07-10,2023-07-11,v16,complete,aws,"{""aws"": 50}",50,0,0,6.34,4a567dc16a977139abb0b1c3f7d91bb4cbccf194f5bd1d1a5a1da1f17bf9dfd3,2f3c1842fba128c6e3d7067324708c9f26b6bc088da4e6de10c2f6f54ceb8373,False
2023-07-11,2023-07-12,v16,complete,aws,"{""aws"": 50}",50,0,0,5.63,f58d4d1d6393556b596a45d30675a0bcfc266ad60589184ce0c7487405ea10cd,ffc2c346f61a91e06c60216927a433be9828bcbb193a48aa0f3fb19bd5ee1afc,False
2023-07-12,2023-07-13,v16,complete,aws,"{""aws"": 50}",50,0,0,5.63,f9bb6c4dff5f09dace2b4c42302daae70564c5be4ea19ce23fba3a6b8cca261c,c1c5b8704361bbf8254096bcfdd689f1a4284a5b5101f19d7461113fbab15d9e,False
2023-07-13,2023-07-14,v16,complete,aws,"{""aws"": 50}",50,0,0,4.87,3682d0393c397fde27be4ad8367af04ae580c28a66b41263b5fd56953d5b2d33,c1198721fb884f574ac2fdb0beb7af36234a30f23bc9f759e175f9be54c7ae3a,False
2023-07-14,2023-07-15,v16,complete,aws,"{""aws"": 50}",50,0,0,4.45,7995734bb1898061d2ffaa12de3795958d2c673ea2e4efc816df56233c8a4533,f69a111a4ac9e2c08575eb83fe597de6c6a04d981f878edf1dbb25c821233b8c,False
2023-07-15,2023-07-16,v16,complete,aws,"{""aws"": 50}",50,0,0,34.39,c12fe276f3f8a5402992eff5987f6fe1a182e81b884d79e6e7c4fad8bbb73566,082669761cb2d623564593f592995785f22569220e2abb94896b3a09b7051af5,False
2023-07-16,2023-07-17,v16,complete,aws,"{""aws"": 50}",50,0,0,4.49,5ac0918964ff4bbbfea5dc8c5192f05806a034472a802c7b48687ecd4eda473e,dbc86b4596b50f8d4733d26ad976a7b435dc989381e95a5490dd075fc525172b,False
2023-07-17,2023-07-18,v16,complete,aws,"{""aws"": 50}",50,0,0,4.61,436f0307143a890287325e82bc7fb4036aa54d7c8b285fa0da16eba3f4ce3531,37a53899fb0b102ec9b0998ef7d610f879db56c851284e2f9247dc5f9575df34,False
2023-07-18,2023-07-19,v16,complete,aws,"{""aws"": 50}",50,0,0,4.71,01d721c35615b8f1779077b8ebeecb7a216f4123ba7231d691cd1dc8320de2fe,d499781e51dd84430c56ebdfb35f4b4d440d977f8fe62fe95d301f91e0d9de46,False
2023-07-19,2023-07-20,v16,complete,aws,"{""aws"": 50}",50,0,0,4.39,ba031336293837ef496f9852103592c63ab3926625657d0e3f8e60b88551f6ef,82a0f5e08a933e097905ab8054ebfe876ada43bf354a458771a2d5e274d9c94e,False
2023-07-20,2023-07-21,v16,complete,aws,"{""aws"": 50}",50,0,0,4.72,e94e3d936ca1d63768abd6beb4e72aa4286bfcac9aa1c74b68f14a516475a24f,935f7e4a204c716a9c2ac39fce54c7daf4cb796c06d388d50208637951243aaa,False
2023-07-21,2023-07-22,v16,complete,aws,"{""aws"": 50}",50,0,0,4.27,b134095b4aaafaff7148a9235c7fd5f675ca94c87bf3434af4240b88dc695510,934816584c22fef149bd4b8dc4835d1f7f459380ecea9997e8e657786b45dea0,False
2023-07-22,2023-07-23,v16,complete,aws,"{""aws"": 50}",50,0,0,4.72,fe9eb0192de7db3b60bf745a6976a197bdc22515fed539e23b70d369f7a7960a,463a3c5544e118438172bceeededb36875cf6cec70c5cc247f9d75f1ec22fb77,False
2023-07-23,2023-07-24,v16,complete,aws,"{""aws"": 50}",50,0,0,4.79,0e67c887f419a6c03a0df60bdd9a9ae61828d20653d0b36624a159be62efdcb4,f4a43e2a0ec4e88cc965610b098ee877335cc7a62e09666c25008964bb61af7d,False
2023-07-24,2023-07-25,v16,complete,aws,"{""aws"": 50}",50,0,0,4.81,380f1305d84e565dd877e9160fe4ed71b7ff316425540a504c6ea6171b4794ad,401ead77c361e903f584a15e9beef4da8489907efb44184052b873bd721e099e,False
2023-07-25,2023-07-26,v16,complete,aws,"{""aws"": 50}",50,0,0,4.56,6dd7982a94aa0e9f1d22e65c40666897af62cb959b19709a0ca45e1e1ba70a02,df34b4b70cc540ab59f62d2b51bbcf5e6535e74d4b163ac13693cdd6fdf8be8e,False
2023-07-26,2023-07-27,v16,complete,aws,"{""aws"": 50}",50,0,0,4.43,b95df3058bfe3cdf30e7a9e2024c94a9797592330c9c22fc8428bce09ba61300,0eb83049a4a20fa200d47de2224923bfef3974eb0a4b6a0b605699bec58dda38,False
2023-07-27,2023-07-28,v16,complete,aws,"{""aws"": 50}",50,0,0,6.19,ec131e9cd5392f58200fe9e795861ec1b01a73eba37d024a691101dbca7e6b5f,a1c8540f5f7008913b0741dda403ff8d1e3731d1b266a612cd67777c584eb1d8,False
2023-07-28,2023-07-29,v16,complete,aws,"{""aws"": 50}",50,0,0,165.43,5c3c8991606a5bdacdbb39d2f297f5f996998b13b767ffbaed2b17305d43d63d,8a0d5af402e40176798da35df6cd6b9f092c4cc26db7bd12b62b77dda6e0e611,False
2023-07-29,2023-07-30,v16,complete,aws,"{""aws"": 50}",50,0,0,4.99,2a0a4fba67e172b83725218916bd4b54b2a541b3a1faaeb7ea747736513a8cc6,840e07db9003d9e40c0e2833faa3a03f57ff1d342c38e60e928d482ba9951581,False
2023-07-30,2023-07-31,v16,complete,aws,"{""aws"": 50}",50,0,0,70.97,78217cc7cde987e77bc58247527539f313cbfa08f2b7dcc5646c5a9ec0fefa10,76e14b96a0235ebf0aa6001a962ca11dbfb4defc7bcbb4456f760c4ffee04a6c,False
2023-07-31,2023-08-01,v16,complete,aws,"{""aws"": 50}",50,0,0,5.75,79801015432870cb4be5f1df0e866a4a4e7b81949cabb980bfd159f3472fbe32,c6e93f1242ddd2568cc1c309c158c3922da7cb1ce2ba1551faf54d3e6b920f4e,False
2023-08-01,2023-08-02,v16,complete,aws,"{""aws"": 50}",50,0,0,127.42,0da69b920786358bd594d5609cfe1053ce2b30a7a887c22bec039ecaaba554f6,43fbd52c0cec37fbbd546796c7d7ab336f11a36b9d207fc2fc8eb2f37557b892,False
2023-08-02,2023-08-03,v16,complete,aws,"{""aws"": 50}",50,0,0,38.0,35f09e893c52ad3f1c4aab1118774bab098bfc81e45cc13c0d55a439a70ca0e5,e00a4af52585f8aed6c2298190214001f9c68d2d8088f007fdeb8d74d279b0a3,False
2023-08-03,2023-08-04,v16,complete,aws,"{""aws"": 50}",50,0,0,6.25,c09c268f4e89394c3b3072b3ee6cbdae2da911616d94fe864dc0e39e8f5b284f,c4a99e723ba3c0987688f7678201020e06734d289a2f9cc5c6eee83d2ab98862,False
2023-08-04,2023-08-05,v16,complete,aws,"{""aws"": 50}",50,0,0,4.9,0b07c26bfa9d16ffc1bac3e15b345b3e37bd1c6752d64f1fcc81e88f0c6e7126,42a12e16e7a20a3a17f48f8742cd9b9e004df971d7fc8752b05d229cd84d9b47,False
2023-08-05,2023-08-06,v16,complete,aws,"{""aws"": 50}",50,0,0,5.18,f50a3c671ed23851dddf6bcc266e70914e54b70642a4b6f6defecb1abf58bede,562805ee9a23cbf0c8ce1421d22db8a3bf9ef78b03bd903d90358b082db037ea,False
2023-08-06,2023-08-07,v16,complete,aws,"{""aws"": 50}",50,0,0,186.16,616968239f29bff2c32a28cb08f1a74234b07e4eb6df379d4e75b818c724e715,596b990083a79ee0030b63e8fc4882a19fd4711fbf1b6a25b7626076e5cb11e8,False
2023-08-07,2023-08-08,v16,complete,aws,"{""aws"": 50}",50,0,0,5.05,e8a1fe3da91e35355b4c364b76fc829bf140d97150c76fbb58abe46a79f091d8,1c422156347e1255eac40aed01fb9d39eb1bfa25e053969eca0876bbe8c3a235,False
2023-08-08,2023-08-09,v16,complete,aws,"{""aws"": 50}",50,0,0,4.85,5a713787d177fadb0e4bf6d64bee5b9e41fd6d0a7be67cd6067360a281a50ae7,eb82ed9da2f833db3c368678d296622cbba139204c1cecf7dce37cb55c5f99e8,False
2023-08-09,2023-08-10,v16,complete,aws,"{""aws"": 50}",50,0,0,4.31,c430b927e5e40dbdf2e6fdf4ab389f8eecf58f46647782f6fd2aa198a4bdb1c1,d0a24d11a4c1e308e59c95a389c7498aa81616d31763afd987324fe0efcd3179,False
2023-08-10,2023-08-11,v16,complete,aws,"{""aws"": 50}",50,0,0,4.08,f56960a92b99bd9354f40cc4e90445dd9c86dbde565a5454bffdddea59eebcb5,79cf90cd65a071dbb95576d45ed59890f53e812bb392cc15a71e3cf812946b54,False
2023-08-11,2023-08-12,v16,complete,aws,"{""aws"": 50}",50,0,0,114.36,2cecd9d4fd5106fee3b059806effe78b7bfcd3c55fff407c250627db26d713d0,22c7113444ea4063ed20b4cc646ca23e8bba24daaa4d658c7d1fcbba37ceaf7c,False
2023-08-12,2023-08-13,v16,complete,aws,"{""aws"": 50}",50,0,0,6.11,ac6e68e97fb22b5177044276d4c99d2eb24da3af8d8c2ba0ef1482a9c1756783,f9ce993e92f065fb58f01c23e0c7dcb709aae8656e7a1ee073f94073362ce958,False
2023-08-13,2023-08-14,v16,complete,aws,"{""aws"": 50}",50,0,0,4.8,1045185dd3f0dec36c2d631f7b139edcdd0d21a68db1db045b9693420e263fed,852cfb01268bb6cf601a88f3ae7a736b6f118b3f81ae0d8408909a11b30ce0c5,False
2023-08-14,2023-08-15,v16,complete,aws,"{""aws"": 50}",50,0,0,3.93,bb258246c8109083c07741cd2b70b63ea60be4b8cec8478bcd24bf418bf1147a,8a5913b7ab6dd565ba84a8d932da727521e415300e847c4085a139e6b7ab6fc2,False
2023-08-15,2023-08-16,v16,complete,aws,"{""aws"": 50}",50,0,0,4.18,d2bda7a6328f26e98e2fcaa3c51d8c5a3616e77cc05028f27ad5e7404f080e12,bda17d794f35580369e98fd069d8ea2a814a2b40b4d09557798ce43fe51cb7b2,False
2023-08-16,2023-08-17,v16,complete,aws,"{""aws"": 50}",50,0,0,3.85,e11c1306d76d4e0ebdfa49fd7bb1c34d4dcdadfbea2421d0e09fe7fb0b444f72,7a7960e4a938aa27d64bcc043f4f9b6765d58270aba8f6791e35c55fef9534fe,False
2023-08-17,2023-08-18,v16,complete,aws,"{""aws"": 50}",50,0,0,3.75,25c11d4ba49519e73c5edf9ea4414cc10c0c82013816dcfa5465eff22a2391bf,b4d4d3f3a02d7c01fcd7266132d3a7524665a8b8be096a7f5e18770722dc6a71,False
2023-08-18,2023-08-19,v16,complete,aws,"{""aws"": 50}",50,0,0,70.69,e4c4b2f7679da5b1785bdaa507c7f748e4c36f05acf68d0b945b772e07ea246a,b48c677722cc0b3def18ef942cf5ef378b78fb81f27a848a0fb2f9c0c27aec50,False
2023-08-19,2023-08-20,v16,complete,aws,"{""aws"": 50}",50,0,0,4.04,2db1d4a6dea7ad27febdf241db4018c02e0ea2d1ecb27ade559ba2c84e03a58d,e8b67c30698f516e59e332aab602a1ed46126ef1d111d5668ad7e82b34fa3939,False
2023-08-20,2023-08-21,v16,complete,aws,"{""aws"": 50}",50,0,0,3.91,5d23baed42c9ac2ec31c50fe14ac987e2527701895c15390c232a4f0e44aa483,9263b56bd0c095b848c2f1edbb9612c7a9bebb1cebd002a6ca0cc7216c53536a,False
2023-08-21,2023-08-22,v16,complete,aws,"{""aws"": 50}",50,0,0,3.95,be3cdaad87c9bf6cfd7d45eac2816242a9ca30a62584ed580b82274789df783b,d943fc6380adf2249d8fffc8bdb9e65ff7496d10d3e51e8f6680e66375e602f8,False
2023-08-22,2023-08-23,v16,complete,aws,"{""aws"": 50}",50,0,0,5.08,ef48c6b433e6feea6684bbfcf719325ac15cfa0e3f0babcb2ea99a8e2ee214c2,0b1cdfcb33d15fe686e6d2a6172bf433f87ba86599b42a9d2d03f1da8953f0df,False
2023-08-23,2023-08-24,v16,complete,aws,"{""aws"": 50}",50,0,0,5.23,5d41cd2b09ef78fabd5cd854dde2ad8000215e1a0f16c15ba4fefdce16bf8786,fed2f7bec0cc344b07f446cf50a555e78f4a4b81f647cf6376116b693eaa5dbf,False
2023-08-24,2023-08-25,v16,complete,aws,"{""aws"": 50}",50,0,0,3.82,7afd7b4350c1ec342583724a3d5efd616733795e5dca390b961399d64187be3c,a4f841fc1419530445b6b65de3e32c980f649ac4735f06dbb8aca99e94d87a9a,False
2023-08-25,2023-08-26,v16,complete,aws,"{""aws"": 50}",50,0,0,3.85,c56100ed95bf3d4723e5268285054c24300437f037e5680310b6db2b276423bb,55482c7b6975e4f5618dac22f66c5c871ea89ff94228f3b1e05271d5c8b3c9c9,False
2023-08-26,2023-08-27,v16,complete,aws,"{""aws"": 50}",50,0,0,4.24,e09fc864d5d77310fc4c24ae4100ece078fa6475a9686833064b1d79f71da196,50c223c99cded83059a077e9284a3a1009e8a76ba29cf9086a146c1e1389a40a,False
2023-08-27,2023-08-28,v16,complete,aws,"{""aws"": 50}",50,0,0,3.9,302ec6c3ebce444fa906a801148c09629c6fac3603790995aa6c07be2ad73766,b2db16567665faf67ce820ddc0e874d84fa8c6805d74856b024ec5f32aa1507d,False
2023-08-28,2023-08-29,v16,complete,aws,"{""aws"": 50}",50,0,0,4.04,ffce141aebbd904317332bbebfc6517817c7f35128423e6b4d192febff22f541,6fa9c49d25453c90c0c466b1773b9a10551807fda6955df18f0f69c34dd0d96a,False
2023-08-29,2023-08-30,v16,complete,aws,"{""aws"": 50}",50,0,0,4.04,85e9b700cb2170dc86ab07e18b59fdbe830f93d4823c714315f65aa334ecdf33,8976de0398a7b1da4fc5f49d34f95fdb8c80d15385edc75c58da5297286f94ad,False
2023-08-30,2023-08-31,v16,complete,aws,"{""aws"": 50}",50,0,0,3.89,5901128e4e2e054a0d5d282680b655c820996cb2628e1d9bb803bfe91d96c56c,c4caba758c933833dd0617f1dcac0659072313be75e9e5951d8c8aba5611c843,False
2023-08-31,2023-09-01,v16,complete,aws,"{""aws"": 50}",50,0,0,4.2,0491c440b41d3f073f5c15c8293b3a1b042081c3fd60389025d36a3e0acd0ad2,ac74e345d09a1e485e132bbb7a36e66b5a6167856cdfa61cb2b1853689d9c5ed,False
2023-09-01,2023-09-02,v16,complete,aws,"{""aws"": 50}",50,0,0,36.36,3aea1e95b5d5347bc3b9cd746728c07197b162a0a6ab991621cd8ee444383b70,d406287119fb5cc1c3cf12070a5b627b8dad081626b0afa18d180294ebe688be,False
2023-09-02,2023-09-03,v16,complete,aws,"{""aws"": 50}",50,0,0,4.88,155054f3c4ba1c9d47c0eb07450c490dd016edc104df6e5b01fd77c786c1beb9,6f57eb6ff44709439289ccd3580df3b96453157a0d777ef589eb0f33735b9565,False
2023-09-03,2023-09-04,v16,complete,aws,"{""aws"": 50}",50,0,0,4.12,472c8a4b40e0083d7f8f92a9b69f43cb49005bb376874bc3a816e303bbece4f2,00c24ed8e6f7650ac24aeca4f1c0f9584e9f668770e2889203e67be2850780a3,False
2023-09-04,2023-09-05,v16,complete,aws,"{""aws"": 50}",50,0,0,3.86,ce4b9c314b731dc1fca5558cf7e19db956f7025de6cdc29cae3a8139c08948d8,4b6183c214567cf6addefc797de102472793145db20a9cc8ea43ba9b254943ec,False
2023-09-05,2023-09-06,v16,complete,aws,"{""aws"": 50}",50,0,0,66.26,be174b162a616909de77df58213c2feab9c50709f802c37de502d8457eb20c01,d00c0178aef9fa4738e96adbf6ac375e6c2b44501e76f3520aae7312b2041f9c,False
2023-09-06,2023-09-07,v16,complete,aws,"{""aws"": 50}",50,0,0,4.53,98b2fb0f09dbfe787508e19e3a8aafd31becf392d5140c03cbb66f3dd617e692,02ffebf202310bd4aaf212fb900e13fce1c9507a732688cb759176b58fe3383b,False
2023-09-07,2023-09-08,v16,complete,aws,"{""aws"": 50}",50,0,0,3.78,69751e60eb809c7b1a0fd2aadc1843e6047620620bb9e0c199f15f4c40e62526,9a3d6e6c2cd8cf06260dd874d9eef67c35e521743e9357c55afe29bfa79effa9,False
2023-09-08,2023-09-09,v16,complete,aws,"{""aws"": 50}",50,0,0,3.85,49b55951b8042ec9cbf1e39d898b91e5b345a9f61588b0b8a38a3183038f433d,4b2fe823bc59ef3487c5d05b5739af0e8608812f9039e390057a1ade42fd90d9,False
2023-09-09,2023-09-10,v16,complete,aws,"{""aws"": 50}",50,0,0,3.91,adf1096ed89f9d6693b01675a7b8f06689233ac60317dffd4de26d9588c43651,9fbbef0bcd4665ed27a887c42d53b22ce5b8c0b67cb5f9c41882f8f6e6744299,False
2023-09-10,2023-09-11,v16,complete,aws,"{""aws"": 50}",50,0,0,3.93,362fcd78e48aecb8c83f5e0ea7f733dbe3a8406e5e4822cc0d0a4936c1f594d1,0d699f2504db3d22febe1166a681213967ff9b9292148658f9c3a2204b124ac4,False
2023-09-11,2023-09-12,v16,complete,aws,"{""aws"": 50}",50,0,0,5.53,9c78aa5f1c7822b4f7d83d27d802876707437aeb6f2a3c0500e198515d0efd02,966a87b57b6603616da9a63f2861b56b87f2f62a318cc87342bbc1a141938e8f,False
2023-09-12,2023-09-13,v16,complete,aws,"{""aws"": 50}",50,0,0,63.78,4a493682b7f8b39f9aec4f9581c1f6077882f5a00506219283beaf77e7e6911c,df0b65acb7d4cea1d4983ffa10b556e4866ac981d309ace1981edf5ecc634c47,False
2023-09-13,2023-09-14,v16,complete,aws,"{""aws"": 50}",50,0,0,5.21,8a3d2468d9047453b90fc5a7948b9f6b6910bd2c664a38397dcd68513e27640a,cd21ceb4db949e156a50a97270572909c80f31a8ffb03ffd07ceff0c12714cd0,False
2023-09-14,2023-09-15,v16,complete,aws,"{""aws"": 50}",50,0,0,4.16,e2c93af2bd3c63fc8803b2e18feaf76a411a17819123c2bee6013f4b86d1a174,f386933f9b27c471fa43769bcf1d10b810203e50b44c5fff0aab874595c7dfad,False
2023-09-15,2023-09-16,v16,complete,aws,"{""aws"": 50}",50,0,0,35.65,a3cbb683134c97ffbc55fce5a202c2c177f7e29dceef06bdde569ed55beb5938,54534463b4df5562687745f5c488c73ef2a7c5bf4ae8105254aa7e7316e43f5e,False
2023-09-16,2023-09-17,v16,complete,aws,"{""aws"": 50}",50,0,0,32.43,bf8a1622061be8a132da0809638acf5c13909550078cb735632acf90d6a43325,7f2940c13f0df070b116956323f3a3ce4a60f400953c900b3d6c4a6088f73a39,False
2023-09-17,2023-09-18,v16,complete,aws,"{""aws"": 50}",50,0,0,36.2,b0fb7d0b840a2189c5164be04b003c8a3f1b73ee817ae34afee4741f4f893343,5e3a4219a93e57bef1954a1ad9048aa0d6087e42b6c2d6a87d891765ef70fe9f,False
2023-09-18,2023-09-19,v16,complete,aws,"{""aws"": 50}",50,0,0,5.56,67b07fbbc38e6f36474d2fb3d29584b45a688c9ab69c77e7ae15f8f23ff017fb,77e48d736bb4a6976708789f214c6166f7e209e702d101021f6f112274d9fc7b,False
2023-09-19,2023-09-20,v16,complete,aws,"{""aws"": 50}",50,0,0,34.29,7b3ff583af63bc7086a5b97dec6e25bb88e80152889f0ad855b72afeef600bd5,b7eaa0e1160ba1fec7c3ec93cc1dd95d8c21a793046614d10e9d12b8c9a86158,False
2023-09-20,2023-09-21,v16,complete,aws,"{""aws"": 50}",50,0,0,5.1,cfc1d5b8d611250c2bd0fb5345d67d0f4848095439b0825e5d45847ed461c2e4,85a38c745de27ec81ff280806cbcf812b808f5f503ec0c5de997f1a8e387af54,False
2023-09-21,2023-09-22,v16,complete,aws,"{""aws"": 50}",50,0,0,4.71,c21aac5de3dc04b3d8607d8df34c0f6db3672dc4e13af852d78aabd46de9f6d4,368a078808f6d1d90332356825cd8e20e114ede17a62975570c39fbcd4363bae,False
2023-09-22,2023-09-23,v16,complete,aws,"{""aws"": 50}",50,0,0,4.67,3629e8d2d44545b7d3c07490cb1255fcc868db0159ab244239c5c98f5a649bce,6f97773b0c7f2d5c0c2f2d948146e13d6bac792aeb33b76dfe9c74b20b377517,False
2023-09-23,2023-09-24,v16,complete,aws,"{""aws"": 50}",50,0,0,6.18,db0d6cfb95117d801ed5b1fa5b285eb2be4240522b2eadb9d3ea6f911865101c,1010196be3cfa42e131b26e518b435f54e6349c33b3752b6e2d6489e74de31d7,False
2023-09-24,2023-09-25,v16,complete,aws,"{""aws"": 50}",50,0,0,4.79,7bc0ba3aecc3f9c90da5da70d2f877bbf73718bc3eadfdfd2134a45b1cbb03bf,f727fcf7350221287db502bc82b576fc060b2412e5e985a2b9f21e58f60943c6,False
2023-09-25,2023-09-26,v16,complete,aws,"{""aws"": 50}",50,0,0,4.44,391955995af98df66c0d7563ec1dd1f7788f6bc9dc6fe3d59a24d8d7763fb81b,24e7afa66a5b42b59863ca1ea6e43c258f2d8df8da230139df556ecdfed76172,False
2023-09-26,2023-09-27,v16,complete,aws,"{""aws"": 50}",50,0,0,5.51,615c37c78d22c90099672073d93ce78260be6c71d083345323089a24fc1a742f,7f25cf3d511dc5e267d4804ae5582c04ade51c18ad20aecd1b969c92770561a1,False
2023-09-27,2023-09-28,v16,complete,aws,"{""aws"": 50}",50,0,0,4.41,089dc719c6d10c83635d1d572defd269955804921a0fb80cf25fd029ffed423d,030227168202ad6ea5f8d3a98ecbbce39f79b8540857ac41ac6edeeb315c748f,False
2023-09-28,2023-09-29,v16,complete,aws,"{""aws"": 50}",50,0,0,5.21,5fcabe9d263d0fe75de11bc5ac63b62f56b2f5e860abc80409a674c7eda7d1c9,8dc95e3a2565568fefde1d13cea90edeed5ed2649f984cceedc647d51be79107,False
2023-09-29,2023-09-30,v16,complete,aws,"{""aws"": 50}",50,0,0,6.98,7affe7112f37f59e4a6461bf7d694cb976614b68a84052e2dcdd78e424c9d241,673ed379c7713fc958430abf20e5005d23de9c06c48a8858ccc90c6f3c04bd75,False
2023-09-30,2023-10-01,v16,complete,aws,"{""aws"": 50}",50,0,0,37.56,b7b2ac2db911c9caf55c819ae4683adb2e80b0b00e82e51c3f49fe2831a66cd3,9b3a5beca356a47cea5c634879e8abfbef48462c3abab19677ee2e2067703adc,False
2023-10-01,2023-10-02,v16,complete,aws,"{""aws"": 50}",50,0,0,5.02,2bb6216746b26009ca1060aa5872b1fc5f9f82278a26cb74ce4df0cf66e8af5b,c2885b4829bac69ebe61a036b43cfc316411a90cf753567f0b5d47b0c67645d0,False
2023-10-02,2023-10-03,v16,complete,aws,"{""aws"": 50}",50,0,0,5.61,836706e4d36d955294d468055682f8b7d93593180869b3ec45020f05cf6c4e0d,ff758b998ec93958e379e1be325514ea348b8f301cbb97322932a2f656d8809f,False
2023-10-03,2023-10-04,v16,complete,aws,"{""aws"": 50}",50,0,0,4.53,c79e2afb90341c14808990fc3f432e8a20a6e0915dc4009e55fd4565101b6ca5,a52b0a69c7a257532f3bceb4afbaedcb0c9949c8e6c49cb7cd11177e23d08552,False
2023-10-04,2023-10-05,v16,complete,aws,"{""aws"": 50}",50,0,0,6.78,d502dc0c4dc0b8dffbbe2f33032248538ac19fcfa3d797ebe363f55f0f31373b,ae755c1cdfce52903bc30096a08a8e9996ba322e015431be6aa16331a0d13af4,False
2023-10-05,2023-10-06,v16,complete,aws,"{""aws"": 50}",50,0,0,6.3,1ee3e34448770b0dae3c02080519a3a98c73f7676d4d5b099c48764abb64de94,9c2bfdc1a412c27178b8d1cb82e3dc8840ac0bf273990e6f60bf4df5d0ecb202,False
2023-10-06,2023-10-07,v16,complete,aws,"{""aws"": 50}",50,0,0,5.13,f1b75da2bf8385ae627d7b0882b279431bd05afddb4b6e38c817c2f907f5d52e,8041eaa29349e7a790f32b3c417f57f00eba19698d4c5379dfafa650d80c3982,False
2023-10-07,2023-10-08,v16,complete,aws,"{""aws"": 50}",50,0,0,7.31,6cb5853ebc3f717cb16c03296a02576c8b4aedad36be5a4fdd1b44b1becfb2c8,44f384acabbf51875ca1d50a11adad3604ae52594dc1fd04adc48d653ea4967a,False
2023-10-08,2023-10-09,v16,complete,aws,"{""aws"": 50}",50,0,0,4.52,170ea82d11ae5c17530a761e91b3512f8b92381afb6a67e08977a13c9d97589d,3a80f1b1aacb7e513ac87a2e1d55a9026d3af5982cf421111c700b969dca3707,False
2023-10-09,2023-10-10,v16,complete,aws,"{""aws"": 50}",50,0,0,4.79,d2ae528e096facbf2ff212da91d95fbeea0f2e8c512f067b7a533ea4879c506b,0559f38efa1cd47d13147ab2d0615e229d7d3e86f8f01c66682339fe6bd7badd,False
2023-10-10,2023-10-11,v16,complete,aws,"{""aws"": 50}",50,0,0,4.49,7b0c40927dce18f3423f5345f6fbd25f7263c0fc020cf069a213cc0aa44f7fbb,ff4359e2f19deb210c6579b70d563a03b14f3d77d494fa3cd7d320874915362d,False
2023-10-11,2023-10-12,v16,complete,aws,"{""aws"": 50}",50,0,0,4.46,06d30fa0bbcc81ec76c7e79883a5dcc3ea0e07410b11c7b3df95cb6e3ad8fe18,d7a2da7c6edc4afb9e07d6d36d1b28800729cb344f536c1642232810703d43f6,False
2023-10-12,2023-10-13,v16,complete,aws,"{""aws"": 50}",50,0,0,6.29,cd1045ae04335f42ad491c31b36c56e8ee84f7f5a9649782efa75d63fabc4993,faf5122315521e481c489c98f7acbf773ae1800ba9a96b8bb27361d6a3f68305,False
2023-10-13,2023-10-14,v16,complete,aws,"{""aws"": 50}",50,0,0,4.37,4d904ce20a9357685605987ce6d9644cd00117cfd3985d799281d8c011cf663b,376297b0a4a32b994dc0b3196f01ec2cc5873ec9ca4405587f4e406e3ef3c9aa,False
2023-10-14,2023-10-15,v16,complete,aws,"{""aws"": 50}",50,0,0,34.93,44d1792cd304c026b5842e3bade2be659e0c6c35fcdc7e9e4e2c2d3d3ade5ec1,2645315d0e62d15e81b04616aadabe7730af637e37c877845e1b10bc98c9fcc6,False
2023-10-15,2023-10-16,v16,complete,aws,"{""aws"": 50}",50,0,0,6.51,175bfc2c78d406c883bde2c19988184d3ad3cf6f249f62ae259815918c861d35,714dfac8e20135e6de6306e74ee7d41004f5671a3be3454f2e86300e81909243,False
2023-10-16,2023-10-17,v16,complete,aws,"{""aws"": 50}",50,0,0,4.13,d637dd3b66d4516941aa1e2e015fd22e1d0c82efb6ac7c0a08492e9172810fa6,6420e742f6f25bd763de174c37d1a1794ce8065f791feac3f652685ac78b54ad,False
2023-10-17,2023-10-18,v16,complete,aws,"{""aws"": 50}",50,0,0,3.89,858f611aad866fede47f9e8635fa8be2f6135c6b58b1e2a4a6429f1d4df5218f,b636b50aec8f499fc80e7fe81c0ed09e84f92a3d843e11bd159eb69cf0712346,False
2023-10-18,2023-10-19,v16,complete,aws,"{""aws"": 50}",50,0,0,70.91,2f6fb288b09cadd495d7118414d53c2e0e6321ee229af86c11ae3dafa456707c,8c638b2245b1db0faca6461bbb69323471361452922181f444d33e4ea1449080,False
2023-10-19,2023-10-20,v16,complete,aws,"{""aws"": 50}",50,0,0,4.46,f93196b68d2549c3de62aec40504224aa05ab13173690eac01459fb719cce15a,051ee53ecc9933c7f61f93c57ccc7d51b5889f6365e16e840ac73a3303e4c043,False
2023-10-20,2023-10-21,v16,complete,aws,"{""aws"": 50}",50,0,0,34.56,d414a104c64784914871c1916c99bb7980b4b30d178bd505364e50bf9d8a3903,de376624f3506eab90b26ec1ba24c5b60ce533a9f20cbd137b8ae944bb3f9f87,False
2023-10-21,2023-10-22,v16,complete,aws,"{""aws"": 50}",50,0,0,4.03,3dc94b9d02264138e89ede4774227beef76ffb50abb0ff83396e917a1d24b2ba,d8cf77c3057c23d7bd287a979694efd06ec0b4b23ff7e827807068342ee49163,False
2023-10-22,2023-10-23,v16,complete,aws,"{""aws"": 50}",50,0,0,189.05,b062b75ee5a314769aa80baa7f8268de49c717b002a67e385e2f6d9da49dead0,6138577f1721bf3619689afd951229c0b0471ad7c590c40b023fa1549f2093e3,False
2023-10-23,2023-10-24,v16,complete,aws,"{""aws"": 50}",50,0,0,5.18,b28184002ec299be5c17a86f82f05a78d1fee067cded139dffec5e6a2213daa6,589fbea7a07adc256ec405e53b3ac8f62ec9a8450c620e00c9984accfac1578b,False
2023-10-24,2023-10-25,v16,complete,aws,"{""aws"": 50}",50,0,0,4.09,385362ca7a3bb9c8819e04948ff307532dc890f9ecb25b712d228d397a333d5d,cd3014c6b99ff9a1eceb06797ec429134007b52ee717fa561e3e4de6048cdeed,False
2023-10-25,2023-10-26,v16,complete,aws,"{""aws"": 50}",50,0,0,3.97,977e5674ee9836dbbce8556f6d91d78bd64e1ead848c33bab2e3eaa876ac3755,a09090d004713ce3fbcd185eb9c8363e3c5dd7f708afa8f1622b64457bbaaac1,False
2023-10-26,2023-10-27,v16,complete,aws,"{""aws"": 50}",50,0,0,71.98,d827d284b35609c78112787ff8ca97d2da75b2b111712dbc46ed213aca0efb40,9e56abee1b15948f33c839c39ed3a82f0b924eacdfe2f5bd445b1a3f725d6bc0,False
2023-10-27,2023-10-28,v16,complete,aws,"{""aws"": 50}",50,0,0,3.8,4a737c46b65bfdacc9e1a00787ae1b4ddf3f88835e403ea589e7c46681e06701,457ddc7aafed69dc336195e07c06eb4656b8006d152cd7b71353b0056880233a,False
2023-10-28,2023-10-29,v16,complete,aws,"{""aws"": 50}",50,0,0,3.97,a542d59a472f9e48b7c8368effd45ad29ceee436d132983295fbab3b2d654326,bf33c46e4838fc5d692eb8dcac44e44e34713c5580392141f7ff788be302c814,False
2023-10-29,2023-10-30,v16,complete,aws,"{""aws"": 50}",50,0,0,3.92,a4c8ef29d763f3f7d9b2dfd91d057ed5614dd939797692e2d2d2e63df0f54a79,08f942c4857498a0efa385da617c39d3a20c47e28421fe60c9a20c1d481c58cf,False
2023-10-30,2023-10-31,v16,complete,aws,"{""aws"": 50}",50,0,0,4.15,5ce54a5a2708afc3b4169444bc07bade67b907cb9ffdb2e4920302aabcc3392f,2a04aaa57e284966d28be0197ee9761ce6e3e1c480740a80d5e730b43d3fa1b4,False
2023-10-31,2023-11-01,v16,complete,aws,"{""aws"": 50}",50,0,0,4.04,635af23d26a6c36befb46b1d176e670c16e15858b1c1016a659c18a1615ed47d,77fade5f94b35c2904c724a606b79c1231cd8edbb119b608978f550ff20f8a57,False
2023-11-01,2023-11-02,v16,complete,aws,"{""aws"": 50}",50,0,0,69.02,383cf1999e6b1980bb342b5482dfb43b47ed11867798cdb422da14c33de49150,eaa12ab8d712b19e26452cfe33fbc6d65e9c97b276b34806eb6f7db8fc5902e6,False
2023-11-02,2023-11-03,v16,complete,aws,"{""aws"": 50}",50,0,0,5.11,aa9a2c1cf0a1c956daa0c319f43077e6ff6e78f704332b07c8a2b3a8a3e52a5f,ee8e312197dcf8b224a798845080f26a884e5a43bb31acccdeb4f9f6fa5c5549,False
2023-11-03,2023-11-04,v16,complete,aws,"{""aws"": 50}",50,0,0,3.98,b8577a982ec7c3edf956d590157b6179d685643cdf45f862be20b60a50345b84,858c3e7081937e163541d639e160f7e366c57917eff34c374a2376dc9030cfd9,False
2023-11-04,2023-11-05,v16,complete,aws,"{""aws"": 50}",50,0,0,4.14,17f5627ddc147212f3afc9cce5c8667ab9488780cbb3496e7f48becdcec2583a,249fd4e8f7e307244698185a29bb3212945e5dfb34545233d24fd3cceb348a73,False
2023-11-05,2023-11-06,v16,complete,aws,"{""aws"": 50}",50,0,0,4.15,aa4a25d49c32198a8c49e5aec491e0e2edd9626764c3a94d3f8e05ea90968c8f,2183de4a067613db0b6a43e79f9ded0196a629fb73e6d4b26744e2e6072256a1,False
2023-11-06,2023-11-07,v16,complete,aws,"{""aws"": 50}",50,0,0,4.07,a30c40459b1633a60f7edbefd2fc8a3c1a5b7baae9c29cf28c8ed3b346be00e1,58548b7d260407df0a3fad1a0c1585283ab4eebab0d7a470cfb2443a357a91b3,False
2023-11-07,2023-11-08,v16,complete,aws,"{""aws"": 50}",50,0,0,3.79,53db493c4603150494460316231d31fdce29ee4245c8e32280dfee717082a370,db8d47d494fc521247a4f5395b4b32bd22ee0e2255fa1a5ac9e5efba106d39f7,False
2023-11-08,2023-11-09,v16,complete,aws,"{""aws"": 50}",50,0,0,4.09,094cfc2613191aeb84be608e621ab9d92d31cdc6b7dfcc3d271c5ed244073aaa,5602ed85791cff5e4cedc7b66b428e757f838e55fc4c5cc3b2e0bf0094a19efa,False
2023-11-09,2023-11-10,v16,complete,aws,"{""aws"": 50}",50,0,0,3.99,4ddb0c70ef37fc4f49a5798ad77b118900a2f6ef96cc5c7709b72b88fe7197f1,10d7cb58c16a769c2a9dab722a1a4370bd0e8f33c79c0419b2a4e53fd337a067,False
2023-11-10,2023-11-11,v16,complete,aws,"{""aws"": 50}",50,0,0,4.06,78adc22c656a7fc260c96e4be27ef3e8c450c5cd8de7af6c88e7cfd124f4ae3c,cc4fe99d4032e13a5f1e37dec7779286720ee973f0716c6cbdb24d0ffb99c05e,False
2023-11-11,2023-11-12,v16,complete,aws,"{""aws"": 50}",50,0,0,33.29,6d0b17baefdec44e426e02b428be19a0a5ae32363577d744d9f899ccddb8b3e4,b57fd58a94719f86494cd215d4ae2870fb3689af02fcd52b14ec882cdd20e9ff,False
2023-11-12,2023-11-13,v16,complete,aws,"{""aws"": 50}",50,0,0,35.54,e20a64d0891b65d796c971876bf75343481cfb815ea67f0acae3554eadb323e6,799356e439f3d246eddf03b70001a556a1ed6fbd225d0d5ab4dcce6a9f0e143a,False
2023-11-13,2023-11-14,v16,complete,aws,"{""aws"": 50}",50,0,0,36.75,ebe1697d58ef7e2915c0d76a10ca4078b0f98703b4cda1c159f2d565e7edae54,3b39f67257c1137021756e1548f29fed6f2855867dc71a92de91fe55337501ac,False
2023-11-14,2023-11-15,v16,complete,aws,"{""aws"": 50}",50,0,0,5.05,08dd491e1470fae297559d10653936d2d7e73d3171e6c5ae5de7fccd9884eaa3,df697251cb31b1d090000e9ec4167c229163afcc5b569d56a92eb728541e802b,False
2023-11-15,2023-11-16,v16,complete,aws,"{""aws"": 50}",50,0,0,69.84,982b7dca99a79b83e89e5458c51c5e81f05fd6ce0244fd0f95cc011753413896,a43100f817bdda5f57c3ba1e1e600a5c1d43ae59cebeb8532e6be50de2ebfd8f,False
2023-11-16,2023-11-17,v16,complete,aws,"{""aws"": 50}",50,0,0,4.2,ee8c53247d04e86b6c374f8ed0ef2b65c5cc7c883273085062ea541233bb5fa2,6d4e77cb7d53663dd3fc63a4e22ba1df6d34a8cf673340377360cd1cdf976edd,False
2023-11-17,2023-11-18,v16,complete,aws,"{""aws"": 50}",50,0,0,3.82,6b616c0d811cf36de984342d750a3eba45408c49daffeccc849c4a73cad87ee2,a1c8cafb06026f182a9b9e92a905fa055345969608bcb74a4003e24622ced7d4,False
2023-11-18,2023-11-19,v16,complete,aws,"{""aws"": 50}",50,0,0,4.04,13d683ed1d763d5040d6d28d0c9671dd548165b1f7cb8b32669940848eac3c32,9f09e53c04976b9baa27784f2d88e6fe87afb701a8c401328f26aeb49c9f922e,False
2023-11-19,2023-11-20,v16,complete,aws,"{""aws"": 50}",50,0,0,4.05,814038b53a4e2263c565e7c884a7cfc38cdd5100fb56410f10f20c774ed20356,2b49efca29d0db0f4e440589b4541fb557be88cfb568216c31e4ee1d61249915,False
2023-11-20,2023-11-21,v16,complete,aws,"{""aws"": 50}",50,0,0,4.71,c04969e432b7102a6e21239aac547744c30015c0f02bf390da5c74225bd89f55,12a9e70951e953298bac219e0e487e66b8ea574a785479c600bcebb7c1af2cb5,False
2023-11-21,2023-11-22,v16,complete,aws,"{""aws"": 50}",50,0,0,32.41,6e64186231bf42421a1e44304d4efeac6118bdd45a8019a89856a8a504be9e1f,eb3fb4109fa1ff73da2ae9edf7e0ec9545f027b54c2dfdd42c56cf30918828e5,False
2023-11-22,2023-11-23,v16,complete,aws,"{""aws"": 50}",50,0,0,4.45,ebd9b6f08cdbec20145b4ad14a9b18327ce35d653ee29b8fc3c27341552bd8b2,685dbbf6b8182d060d242e631826e08d4f42bf1c2fcd1cc5f4e021299e7880bb,False
2023-11-23,2023-11-24,v16,complete,aws,"{""aws"": 50}",50,0,0,4.18,76149084d2a3c9d3a55d0013a8908448912456644aa983076e60b8bb0177a61f,51fcf060ff57183cf698f438bf7270a5631f55a936b71a8c1c3a230f4805a837,False
2023-11-24,2023-11-25,v16,complete,aws,"{""aws"": 50}",50,0,0,70.1,3f7505bab14d511ecd6fac57b1c04fb8e117e3247d6feb805f0ddf2d8ef1b142,4fcaa1c4010d1384b9f618fd0b8a078e5cbd79fad27d77b0be624111b96bc44a,False
2023-11-25,2023-11-26,v16,complete,aws,"{""aws"": 50}",50,0,0,106.92,5cf0608fd8e9243eaeed05c2743e0c07c007ebb0b73c41df69f45ebbf29852d6,5279cb7c165aeb03d3f67e4e280114ddc9e03da7a050e7d6e85439800432792b,False
2023-11-26,2023-11-27,v16,complete,aws,"{""aws"": 50}",50,0,0,145.53,322d750591ac15c128656ebfb343ff68f4caa05f93d79f1e08800c069f1d6069,8384cb0f5278441a2161f6078b4f92b609967ddcdc90be8c0335a5dff608df80,False
2023-11-27,2023-11-28,v16,complete,aws,"{""aws"": 50}",50,0,0,72.41,e2056be9367c3b1927f9b5e1b7b5cb75f3a3eea2a440682625852d903802cb4f,0c7355df61ec5e65fb23457d4da6bb2d04fa506fe70cc0bc079361e1ecd1cafa,False
2023-11-28,2023-11-29,v16,complete,aws,"{""aws"": 50}",50,0,0,34.86,b576e9d60bdda95833d03cc6bce94eb176aacfa2de629c6f35df3b49676621e1,0260dfd66cb00664cc0abfe911cff2f30fd3798827821d27efb2b0bb9c8e2269,False
2023-11-29,2023-11-30,v16,complete,aws,"{""aws"": 50}",50,0,0,34.55,3e8e5518d361419146b5f0fb6c5f56c1acec412e05e2f94d6587573a03b4a6ee,92a1736036d2b7ff5712fc88972d734c816214851122fe2db37341ad3e12034a,False
2023-11-30,2023-12-01,v16,complete,aws,"{""aws"": 50}",50,0,0,31.4,289ffd6b6f51c0abe20fe4af288df045ed3a157ebc7304d679570770e57c8177,446dbe0cab12cc2eedd04960664b348238aec976c72334db8b37f04333e92e25,False
2023-12-01,2023-12-02,v16,complete,aws,"{""aws"": 50}",50,0,0,30.65,a2899b76f3a84547176b47ddc0b2a908a98fe21af543307f2fa1cf5b67bcec98,182b8ad1533a265785506bfdb941359d3e505bd71179a4a3e4de3116c2cb8e0f,False
2023-12-02,2023-12-03,v16,complete,aws,"{""aws"": 50}",50,0,0,34.91,d64ab9dc099a59040925182b014ca1994a47db6dbb07de78c57ce57b6db4a31f,39db1d919910de223303e0abcf7aa5754964b85d1236e5d31af7bc2dc0c37623,False
2023-12-03,2023-12-04,v16,complete,aws,"{""aws"": 50}",50,0,0,119.05,a9e7376f94b94c83fe21a12b1702863c5012e27554c1c3fa3de82400fff4cc2f,81e219fcc986120497fe67039cb23372173317d518dcc4535c4baebce387bb16,False
2023-12-04,2023-12-05,v16,complete,aws,"{""aws"": 50}",50,0,0,33.8,15bdd15145e99a3e06458c79b89042918cf691f1c821b9465fadb8e8406235ee,934e62ed1f73c8c87438635268eeac698addbb6018f46dbbc6e90e4d51a9f04e,False
2023-12-05,2023-12-06,v16,complete,aws,"{""aws"": 50}",50,0,0,5.03,2ce4aeecd79b23bd8900ac1f8a157c911d79e15797966fa4ff9a57978d8753a1,ec9c87f78cb302df2255cbdc499d7a5dc67d2a579a61329392813deaf005c93b,False
2023-12-06,2023-12-07,v16,complete,aws,"{""aws"": 50}",50,0,0,4.2,ce6fea377a7a7328d568b208d29b1585e8f6a585b2f704ac7375fcdc25ddc307,8a51d96c21226a968a7aca3af60a041114e6c273439d396e2f392bdf5b011e00,False
2023-12-07,2023-12-08,v16,complete,aws,"{""aws"": 50}",50,0,0,35.12,a789b5b79d0dbc157753a3bb636d14cc9981dcff48aced302a1806753c5412c6,22010c14c51846ac96ac4cbff38173e643bb7727b15438ce44169d0588b200de,False
2023-12-08,2023-12-09,v16,complete,aws,"{""aws"": 50}",50,0,0,4.24,8dfc791a1d6c31035438c242a4477d645d22e439898ebf7c564e571ed2f6cab7,545776f22af6b18b847b51ca5fb375193a3275cbdeeb63b2b8642f52bbcaf69b,False
2023-12-09,2023-12-10,v16,complete,aws,"{""aws"": 50}",50,0,0,4.32,8b6f10fd32f8036841c72db9251f0319a06a344a971178447a85c2a939f42c77,201137a0640f3622cb3e9a0db49e4b6f7caeb198424f53d1e6e3439cb62b148d,False
2023-12-10,2023-12-11,v16,complete,aws,"{""aws"": 50}",50,0,0,4.31,38712551afefbba5bff4783b51b6f5476cff668ef68e5551d3c6aff19c51a351,fb60c848747eecb8936785850821990e4da3de89762877f86eb70db326325f90,False
2023-12-11,2023-12-12,v16,complete,aws,"{""aws"": 50}",50,0,0,4.13,5a69955adcdda8b9a1c0d0dc53444861bfc59a7ba0dac66230386f3313f19ba8,6b285a4570833872c68dcaeb1c389adb5ff0767928b6100df7e28518e0860113,False
2023-12-12,2023-12-13,v16,complete,aws,"{""aws"": 50}",50,0,0,6.46,c86cb6bb1579c9c3e7ae8aec6ad75c627b1febfd61a20308ff2f70e5023614f1,03ca020d09ebfec8378f9a5c57ed2215a2778413a6f4f7b3c67ef703e2d01038,False
2023-12-13,2023-12-14,v16,complete,aws,"{""aws"": 50}",50,0,0,4.75,a44108452f27c96191601b779ed266f4bca346d052c7b4ddc483fbf69ed8f659,ed3b1a11a674d4c6edd72cbe507ea4904b33d3811484646cfbd87eb9a9bebda8,False
2023-12-14,2023-12-15,v16,complete,aws,"{""aws"": 50}",50,0,0,4.9,0819bd4a338d290ecbca32fb09881018f88f686f6a496e17f9189727a2d39ca2,4c36d931ba5b995048ef01e34f47c003584ea47802172aff2f5347c9a72c6fe9,False
2023-12-15,2023-12-16,v16,complete,aws,"{""aws"": 50}",50,0,0,4.56,5e0f9c51c431a681ef18b042917b0dd1128a4678ad64e30770a0e2ed69b78d9f,fcdca3726ef6d7c1c9fd4be30f1478f4b3a621c8bd471a066e94aac5701bb976,False
2023-12-16,2023-12-17,v16,complete,aws,"{""aws"": 50}",50,0,0,4.33,c06f818ca6691c950021cef8adef4e475fa93177c8b30f9207e9175ecd3072fe,0563ef3987be47c1168198058ed35db8a1c3d84649b98c3dd014f0edbb94b0be,False
2023-12-17,2023-12-18,v16,complete,aws,"{""aws"": 50}",50,0,0,5.05,1cce85096effdef1d3f2a34e0451c5278edcd82c4c2dc635ce5b966592977908,e25100557a28b07e0b6b3ab2037f2f2a9fd3fbedd911500ed400451bad6ae9d8,False
2023-12-18,2023-12-19,v16,complete,aws,"{""aws"": 50}",50,0,0,5.4,36e85e41bac8e200b1ffa5371193e56ac719b19f7ac6c55f15c53b5c8bd79106,997ed1e6e2f1ba224f3f7df56ca0b2b7ea43243d89ee2a17983ef40a76752de5,False
2023-12-19,2023-12-20,v16,complete,aws,"{""aws"": 50}",50,0,0,5.02,3ba00f07c9e50c142ecbbb76a7f40e5569ecfb99f64dde5c9e82c583181506b4,c35c34f2b5c445815b864bffb21e76e0e4b42df23f4447c06d1288cbe00ab13c,False
2023-12-20,2023-12-21,v16,complete,aws,"{""aws"": 50}",50,0,0,34.05,0ad9e7db276d3a9d46bf545e0f4865e66f71c2dfd25813c2605f3f5cc11f4097,845bd4258a89e6ffd0ff585f933e9a85f89e51db4a7dcc028eaee8d1ac5275d0,False
2023-12-21,2023-12-22,v16,complete,aws,"{""aws"": 50}",50,0,0,4.56,42f79004eede6b24cd16a931696efef1a911df0183eee50ee1709044f023e499,e473c8b0dae12de0b4a1b00f7b254bb40e0e5f213e49ad8ea4a764438b4f6d09,False
2023-12-22,2023-12-23,v16,complete,aws,"{""aws"": 50}",50,0,0,170.69,3fa6f64818dad1407d363911d3d2a4fb67ebd481bba12aa360db0552e2fbc8eb,178f70d6020dd7a1d2d1d89a96a111040e7b653d3a79397b7ae62da113f513b7,False
2023-12-23,2023-12-24,v16,complete,aws,"{""aws"": 50}",50,0,0,3.52,cfee9ab6d1916682e971feb35e217f2390c11d8391e14af7c8609cc0f09f7ad6,d317a019fbc1bbf0183f494ca722ce64163adeaf0c4c066f04dd45cf4f7a37f4,False
2023-12-24,2023-12-25,v16,complete,aws,"{""aws"": 50}",50,0,0,3.65,6afb9ec2da13f7b653fae5568722153aab93acf98e64788ca64f1e73ca0d95c9,3e1480a434a8664c0baf3654550519211f76719953c8c1b224d9f6e5b8e60cca,False
2023-12-25,2023-12-26,v16,complete,aws,"{""aws"": 50}",50,0,0,3.69,6fde953c54a18c4d95a1ae9377db779ff6ea7ad5bf5ad75d6422a5043612920f,5fb2e44436eb8d7791a36fb6afd2b7f9f178a56f1ad4aa75110e875ca524fc61,False
2023-12-26,2023-12-27,v16,complete,aws,"{""aws"": 50}",50,0,0,4.13,cb28593f77528fac952ab55130fdcb6715c2a7203864075952fba8ef0d51bbf4,0e507c54524a3e775dd5acaeb169275134d0f50201aae28490fefc592df00ca0,False
2023-12-27,2023-12-28,v16,complete,aws,"{""aws"": 50}",50,0,0,30.08,9302c19173141936ecc54bd6e477d03f246c1b47bb2359277a299ca6bbd46927,761fa977aa318b97f3969f87837c8109e801097839a1be1e2f2a44e589080973,False
2023-12-28,2023-12-29,v16,complete,aws,"{""aws"": 50}",50,0,0,63.22,6551e378b22ea7754844d04ee69359bb8f6d98ee0bd66301bba706f143c7b438,0493355c4c0028bf971b7d70ee61535ab48c237149066bca62dbd7cd60b4197a,False
2023-12-29,2023-12-30,v16,complete,aws,"{""aws"": 50}",50,0,0,5.37,ffafb394e77d7ea3779d4336ac66c0d1b5a3f6b07f4b2505c51f0bfcc9330c0d,85976077a7734001d1250373f420a3e0fe051f8b961633ec322145516ce6bd21,False
2023-12-30,2023-12-31,v16,complete,aws,"{""aws"": 50}",50,0,0,124.42,a95160357db3aa286bcb9bce2b4e748376cd953d6ae5d7bbbf75bc1e1d8f5e15,c8fda784296f98f956777d1479a3e3d04437f24bc60c8e2ccd8b68e3a5ba903a,False
2023-12-31,2024-01-01,v16,complete,aws,"{""aws"": 50}",50,0,0,3.84,31dd9396c10c4c990cdbdac832052adb6dd64332a6900b846985a01aff917470,5946e77da62343ae75146211b814510f677e455c4527cf5f13f86aeb0ee47bf4,False
2024-01-01,2024-01-02,v16,complete,aws,"{""aws"": 50}",50,0,0,4.13,4c58236327a3d51394e3dd0a26b587e6741578a716fe8337016a98a79aefc209,517b8c080d8cd9341ab6e35b14d106396dfee78a6e671364e870e5651bf58957,False
2024-01-02,2024-01-03,v16,complete,aws,"{""aws"": 50}",50,0,0,4.18,43dbe22a093c68f5e7cdffb5284f80fe7a79c26586d3939c9ca4bad3bdd59671,849c01a8a24ce2a1b8c5c10665e10bf98b14eeff52b2d05ffa66707a28d39089,False
2024-01-03,2024-01-04,v16,complete,aws,"{""aws"": 50}",50,0,0,4.23,d9d46606472ee9128145d2a0f5856a4aad3868d592ff927fe1a5341dd130eccf,598b230ed876e53cc73e6e1a402d4e74174ceae09c77183fbb5659d4d38cf177,False
2024-01-04,2024-01-05,v16,complete,aws,"{""aws"": 50}",50,0,0,4.17,3ef85f64eeccc3d1fd503013d96c5af259e8c622e09f729920b7c063473e034c,9c02cb4acbcaad4fa2b6a30b4d5e1e9c4d6df00b9da6b1e565faa5f2a21dc4da,False
2024-01-05,2024-01-06,v16,complete,aws,"{""aws"": 50}",50,0,0,4.13,667667e76c76c76b2817dec0f2840c78bbdddda4a6ef0455a598a7b77f4bcd6b,32f0d3ec4e81ff3ededba47113dfe2ad3e62f4c4f4ca9a9e7e18e485e8e4ca22,False
2024-01-06,2024-01-07,v16,complete,aws,"{""aws"": 50}",50,0,0,3.77,b1f4953095aa6cc8eae0278c18a59146cf33c3385c4c608fb04bc93b8f7e1404,9462df7f41de73a903d695a4048eb6084c2cc5468338c93a4aee596b957eb0b5,False
2024-01-07,2024-01-08,v16,complete,aws,"{""aws"": 50}",50,0,0,4.17,f4f7cbf9c0e3782853f6e5d4f3e5785e29e6ede19c1fd54a281f4dedbf6f3c3e,e43b7c246aa481757ab6701efe8a3df7d1fbad30b37dc48fb0938cd71a2d026b,False
2024-01-08,2024-01-09,v16,complete,aws,"{""aws"": 50}",50,0,0,5.66,f290f0b2a68e0db1794a62097d0043667e20f397b75726c2878094039726ebba,288aedf50d3ef41f13d57d86f6cbcd181d4413457eef9b16f6216fb8016798b5,False
2024-01-09,2024-01-10,v16,complete,aws,"{""aws"": 50}",50,0,0,32.49,1e636556ec868654f23baa8eed5f2dc2747c43fb6846fa6326007aa675cdb1c6,93132b883da82c83dec84f846584df2b4ae277419d5dc729b9e75b0b9afc2e58,False
2024-01-10,2024-01-11,v16,complete,aws,"{""aws"": 50}",50,0,0,103.65,450326e41d7eee0e8cac58383bcea0b2183eed03b97f399d9f390327dcb153ff,bef85a286a93a007d0bd947215285cb2754ae110bb6debe160599cec9308ac76,False
2024-01-11,2024-01-12,v16,complete,aws,"{""aws"": 50}",50,0,0,37.74,f7946ccf8c98825df6cfef36cbcb5b13c9d741d5f337360e794a872fa8f6d01d,c418d1e5215a823c5bbeb8693fd9f20ac7f0fd830be3ee803e80baa776230bbb,False
2024-01-12,2024-01-13,v16,complete,aws,"{""aws"": 50}",50,0,0,4.5,7faeb2424c4ad4d9f648edd197fbdb3ced8b973c24db5bc442d5edc35d961050,2ef112f49daed95108b1ac9529e0eb9093053c2bdc4df6045e3b723969431dd3,False
2024-01-13,2024-01-14,v16,complete,aws,"{""aws"": 50}",50,0,0,3.74,013711bdfeb2def56673aa32f4dc63b28f86ba428d1a059a687d8f3676c98519,7eaabee065ac4261a60c326952fb1935b681b0b4e574f6bb5dfabd661f9cff74,False
2024-01-14,2024-01-15,v16,complete,aws,"{""aws"": 50}",50,0,0,4.21,9f41016b4c8930d1a86ef1a250bfb3a3bcf58a4117136ecd3274d13024a2b169,a6b0417aa9b9e6331fd4955ccae8a6045696ce59699587a4de081872f41ce5f6,False
2024-01-15,2024-01-16,v16,complete,aws,"{""aws"": 50}",50,0,0,33.83,9f94e424e3b75a4915eefb48acaa8483ef8963430c0f9edcc4361710bb29e4dc,a101ca49e774206a197a231567a700dc41991ad981c565bda29aff79aec502ef,False
2024-01-16,2024-01-17,v16,complete,aws,"{""aws"": 50}",50,0,0,67.48,035fc6aa8661d8343af4649c2349b9f1c42acf54465d9ff799d076adb5cc3663,e379e7770a1529114b3fe4da771a9cab9002084f123942d5193e01505c46cccc,False
2024-01-17,2024-01-18,v16,complete,aws,"{""aws"": 50}",50,0,0,3.99,a4183fdc86ac96cdd886d7b25adcbdf934cf8f09f957c57ea0f791f40be2f151,f3f7c1a6fda31de9a4a48b70e1ba90b5ce44a1342b025e9abc036d64a69b8af1,False
2024-01-18,2024-01-19,v16,complete,aws,"{""aws"": 50}",50,0,0,3.97,02676412ff720dbab7d0a075bca36403abb1877034cb4d8fd05e2cb6fcd9173e,ed5bddf530588a385f9d9736c5cc5099bd18a2d10ddc22f36d8ee37010493aea,False
2024-01-19,2024-01-20,v16,complete,aws,"{""aws"": 50}",50,0,0,4.19,8c2ef6311725db192e11c70b8df094719c39641c7ce5e74f1a144b7e73acc949,a1e9d223f2a751ed85327f137cdb795d7427131a8ff959fc61e2d5244659fa2e,False
2024-01-20,2024-01-21,v16,complete,aws,"{""aws"": 50}",50,0,0,3.96,ae85c7517465f1356b7d2b8e34d76e5517a6e500493a2a62c5d566a198c41b71,c52ff52a5a2c1b77d8e00df2ba7ee21b9d761a277ad95f3f1f98aa3b900dddf6,False
2024-01-21,2024-01-22,v16,complete,aws,"{""aws"": 50}",50,0,0,4.25,9ab353c8ad23c5a69308bd7c333ba9524f4e41308bc679e990d1db9de0051079,e9595112021cb378fcac32fa1d2ad88a6d935d0743a1c8b1ec11a5ccad9d55ee,False
2024-01-22,2024-01-23,v16,complete,aws,"{""aws"": 50}",50,0,0,4.98,b701e0a9d71ab515b462720197b506e144c6e086461b4954f49e48e54881ebf1,ee5e9fef50679e8c9ffa3173e7ad085f7aeee4d70ceb3f25bcb97efaa7cf9183,False
2024-01-23,2024-01-24,v16,complete,aws,"{""aws"": 50}",50,0,0,6.17,7244a50cac2eb49a685a69bbdea4d856ad476b2bddc4a1cdf75d35e61afd46bb,d96c541614caa8b1fcb1177d6fe581b561967380420327a63c6129992ccdfc7b,False
2024-01-24,2024-01-25,v16,complete,aws,"{""aws"": 50}",50,0,0,4.72,2197b4a169b5ed5d6433c4e8fbfef70dd6d3c36cc4a9771c845e4dd628518441,e73c270191d836c3b1a2be984c73cd4ce9a5eeb3a8b3199edece087547471ea9,False
2024-01-25,2024-01-26,v16,complete,aws,"{""aws"": 50}",50,0,0,6.91,d7276f3d983a91878b4b8de42471584ed71f1ff91db825d9f896a0c0c4fe8937,125ce818caaec9c9cf9fb6c9dc6328964df26d0d791314906fa1b30ef04a84b7,False
2024-01-26,2024-01-27,v16,complete,aws,"{""aws"": 50}",50,0,0,65.42,58d48704a58de6850f435f0f1cfb9a5c4af52f92ecb29212d970496f0c7d6f66,5de73b229ae404e5110d8914345c4e7c2215a3ed18babea80001b717d610f02d,False
2024-01-27,2024-01-28,v16,complete,aws,"{""aws"": 50}",50,0,0,5.76,e45ae0ab23c360b997bd14690768196166dd4776e26a80367357594c1d527e36,0331d2a7985bd8a55c0554a27269b46518df8edb8f4bc25d2e81fe188554787b,False
2024-01-28,2024-01-29,v16,complete,aws,"{""aws"": 50}",50,0,0,5.46,685e1d0552c40d9b0b00ac8d7cce79d67461f40f07c55123283a32db5959d2b9,edca392691e6a4f6e3db36c8d0332544cb67a5ce739dd0ef553ef5cc1bfd92d4,False
2024-01-29,2024-01-30,v16,complete,aws,"{""aws"": 50}",50,0,0,4.81,db60c05d1c458142fd47554c53194a053d405b38e25c0ee69fb58cbe72f9e70e,6dfa3d318360cb2d39009340a3ce71848bb2f102429b7214a166f4deebd6468e,False
2024-01-30,2024-01-31,v16,complete,aws,"{""aws"": 50}",50,0,0,4.3,aa9800c955b1c879d78d6a95e90784cb0e96516a58fc0ed88d101fc361d3a84b,7cd6dbd99bc292f858f4cd14cd5693676f465877bf519d7b345c21a0f6b5a25f,False
2024-01-31,2024-02-01,v16,complete,aws,"{""aws"": 50}",50,0,0,4.12,cc97d44d4840fbb99aca1e85f3ccf5e62931697db5e4b494f55b339a88392f39,a4d0569e4c74b543eb732695dd4435d3725425074e16ae133f028ead918af042,False
2024-02-01,2024-02-02,v16,complete,aws,"{""aws"": 50}",50,0,0,3.96,347148f464713afc6b56c3ae9e3f83b777d6d0f24cec4c2f16b6010b2d07b7aa,f21b6040d3302281cbeccd8a786f91ba5bbc5a79863389e24811d7acc5531475,False
2024-02-02,2024-02-03,v16,complete,aws,"{""aws"": 50}",50,0,0,5.29,e0147c64a9dff4c613fb9aff47069dc8472f86d6d26dd706a35b2e0ecec5f9f8,fb011cb1d1628cefaecfef5c2356c750f51527c4f0faf17d3e50171e4067b42d,False
2024-02-03,2024-02-04,v16,complete,aws,"{""aws"": 50}",50,0,0,4.02,0aa7b8dd600f641b7b23fd71c78a0c744c848173f63d647e78fdfe952e9be279,8bfd54a69c4348e994ca8f48a49e5dd5f6c005bec29aed1257e72882e491fdd5,False
2024-02-04,2024-02-05,v16,complete,aws,"{""aws"": 50}",50,0,0,4.99,1f479156d6b23c32e2fc4e5d4d468c0e72c651fda352deea57857297a368af25,a43d0e7d96b449b6a5d6fcee437b804b6d22831c0e6004c86768a4c0cbaa82a5,False
2024-02-05,2024-02-06,v16,complete,aws,"{""aws"": 50}",50,0,0,4.48,ae80d57559e2148b7740014a3acc15230751e792b7579dfdb51a663337087255,a59d9fba7f065fbaffc701dff844271de24ba8d5759a171840076a3cc7d09822,False
2024-02-06,2024-02-07,v16,complete,aws,"{""aws"": 50}",50,0,0,4.89,9a92adedc1dddd4be73695c0fbe019859c3262c4b773a295bcfb3412e2fc3384,c49445e89097d910bd58b66f00cda84b411b274a83883d381820a8f5515c1026,False
2024-02-07,2024-02-08,v16,complete,aws,"{""aws"": 50}",50,0,0,4.03,533f02684ee7e93cae2edb8f1f8addeb3fc551f060358c4f1448bdef00255aa9,3a40ac2595806104e06ad683e959a4c4ea722390c6803377ddeb329ccdfa2afa,False
2024-02-08,2024-02-09,v16,complete,aws,"{""aws"": 50}",50,0,0,4.18,5517bd08b6cea78fb343d13949588962ffcfbf05f6d710d59352374825e2d5d8,dd4336f79cf8cb4b34961f81b2a378503c59fb5a43f71b91abd84eef5605740a,False
2024-02-09,2024-02-10,v16,complete,aws,"{""aws"": 50}",50,0,0,4.02,e6cdb5fd027187a860b78ac7a16cafb8f25d150654aaf4b6f63ffea6e102c1aa,3200603acf976a5bd3e34f8b0329bd520bb2d6244d5aaa7436859e0622e86c4e,False
2024-02-10,2024-02-11,v16,complete,aws,"{""aws"": 50}",50,0,0,4.38,07dd77a0c315675120d54e8efac3a6a7ffb7d4dc4a2b221f65317282c20de4c1,76deaca3c6b0963484b7fd108fc95e52705b7c30f57694c390e6e94128c14426,False
2024-02-11,2024-02-12,v16,complete,aws,"{""aws"": 50}",50,0,0,4.34,ec60c3678ff1a6b998ab1faba23853ffca5b699d9eac13ceffa3d50959988aba,762bbdf4e05496d22e02eb4f7363cc1a21db47a169f51018e07ae7a1cb2a5ae9,False
2024-02-12,2024-02-13,v16,complete,aws,"{""aws"": 50}",50,0,0,67.21,65ad7cd362aa965b0faf21c3ca421f01ac87c7e88ad5a6eaac176796df8e40d4,fc0b207377a437da91ff40ece8bc8cbe7217e455ce8e6c7e0f95d4cbf0b31d18,False
2024-02-13,2024-02-14,v16,complete,aws,"{""aws"": 50}",50,0,0,4.25,c1d83f0627d57eeb644e162d76fcf2b37e7c9a0aac251afcda9806ab9a633f57,37c12a7370553efd1778fbd8aacd4303e1f38ec8d0e7214bfd3b8d21c6c56127,False
2024-02-14,2024-02-15,v16,complete,aws,"{""aws"": 50}",50,0,0,31.96,9fa03a2d70b9c978dfa2210ebc1a84ffbfb1f31f367cb94ad3fa39434ff16e96,c4de66dd43b07407844ded733c1fdf5d1f8f5558fc89f12ab66a37f96ccac66e,False
2024-02-15,2024-02-16,v16,complete,aws,"{""aws"": 50}",50,0,0,4.03,75ffdc2d7f3b00ab68f116cf6ce7be58138dbe00fbf185cc0b70943fd873d4f2,f281f0c093774e98471f6e3fb6b1aa8ab89d068e40443cf72ff33c7979ad3d87,False
2024-02-16,2024-02-17,v16,complete,aws,"{""aws"": 50}",50,0,0,4.6,4bcdc4c89732612e2bf748b561da306175cba26fbf5ad58adc630164afa6f921,811dd23d584a621cde398824799d4d26cea445513a66f51958ecaf4948e05352,False
2024-02-17,2024-02-18,v16,complete,aws,"{""aws"": 50}",50,0,0,121.78,635730b4d7f2356eb5cb3f71f0f4e66a446ac97c16c016d40ff5cd8053eafdc8,28eeb972bd17e52a9b7e522f14eb76e382754ad688982308cf1eee7a97365109,False
2024-02-18,2024-02-19,v16,complete,aws,"{""aws"": 50}",50,0,0,118.99,0e265a5dee85ba78ea43f7a18cb647fe74dc2fab286e2c6c11c23c346101ded0,0c88c495b1564b122a073b2542550e4268c90231a91627c9d869adee40a0f913,False
2024-02-19,2024-02-20,v16,complete,aws,"{""aws"": 50}",50,0,0,5.37,25f8ea89e302a5afbeacc25f89046d8286493bf5a59a42ccf0fefab2fbe83059,c67004c9d38372e11a2875a75121ff5efc1e7c756e1ee3aec2821c7fc305b60f,False
2024-02-20,2024-02-21,v16,complete,aws,"{""aws"": 50}",50,0,0,3.98,d436db59c5f3efa34bafc64c1a47ed7fa0261557367db382574fd262c0389b53,81937ccd65900665bbd4034eed794fd060131353eb39dac2592814e4bfa412e5,False
2024-02-21,2024-02-22,v16,complete,aws,"{""aws"": 50}",50,0,0,3.84,9482d5cdea8b8c72e8644414da077e76f4ee4ab393f08283fc9291deafa82024,c373f4aeb89eed0e3b463346080a8b29155a80ce6a918e4357bbe043914f6602,False
2024-02-22,2024-02-23,v16,complete,aws,"{""aws"": 50}",50,0,0,3.91,83aec1a6bb7a7bbed8888e2c9b0051771822e9989c3a7f33681f8183182f44e8,4184ffa89de8f5c7fb5979cbd00934cc58c421a882fe041e771e510e4426da0f,False
2024-02-23,2024-02-24,v16,complete,aws,"{""aws"": 50}",50,0,0,4.02,6093b2d120968702d8bfe96de774097452253644093cda06eef28361246f4b66,70d0a16effd48f5e3802bd6fe23b58ed555ab050f9b95d6989e3244cb783f8f9,False
2024-02-24,2024-02-25,v16,complete,aws,"{""aws"": 50}",50,0,0,3.96,d2dd6de72e012f92de75098ad8fe396f1a3d872b3a60241186f1ea8e85e4e429,fdcb18af04162e44017a5a567e32e362c9d32384ad567299f2fa14e8230db124,False
2024-02-25,2024-02-26,v16,complete,aws,"{""aws"": 50}",50,0,0,4.09,597513f24adf88b859e0a9b0b631d07bfdbb54c1aa4354424431b7cbfdd3abcf,ffaed2f723204bbe0bfd0667e39ca8e342c478293eaf55e633f8b39cde865fdc,False
2024-02-26,2024-02-27,v16,complete,aws,"{""aws"": 50}",50,0,0,3.97,7317026b1c59da075df480a4e7cccc8956e6098d2e9145b2814e6baa1e47386d,61eb1bf5516b76c93b2623b9e9ea3061ee1fa5f123e316746d58441fa7519fd1,False
2024-02-27,2024-02-28,v16,complete,aws,"{""aws"": 50}",50,0,0,5.94,f440dc873a9c585f0e7d94d450372b6f30738b5a1b1107c0fe3f4164f01643ff,da8c9c818a7670d124982bc656f6040b88d27b53b27f3f345ea829b40afabac2,False
2024-02-28,2024-02-29,v16,complete,aws,"{""aws"": 50}",50,0,0,63.29,5a477eab25c2b48c6889bd31960c6b7fc5f111a2279bedf023d60aa313900c35,34b93817573cceabdd7338a99a003f94851d87b109647cb4b430ea42e7df5109,False
2024-02-29,2024-03-01,v16,complete,aws,"{""aws"": 50}",50,0,0,4.61,2ec7487adc94539ea8fd14a6acaa51409c1bae47d2692de7f81794171d9aef75,92777ab3a2ca7d946a8f0bda968fb82d0eb8273bd44767a885d6698c51d019f5,False
2024-03-01,2024-03-02,v16,complete,aws,"{""aws"": 50}",50,0,0,3.9,f4e80f26046e3a2086792b5083ded214cb0eb31c718fe2680aeeea790bac5741,22efc068c14a23793d912df8bb6fe1ed6ce20c5abe1b27f748c32656ecd065cf,False
2024-03-02,2024-03-03,v16,complete,aws,"{""aws"": 50}",50,0,0,4.11,b300db7ac815164ea7d22a58be22de83598ef6860f68c4ac25bef22c3483b4f9,14b368fc7ca90ec0dd43cec5101d4d8a061c39a3fec2e9fc6633961efaf9fd9c,False
2024-03-03,2024-03-04,v16,complete,aws,"{""aws"": 50}",50,0,0,4.13,6d19fab841039ce4889e610de13892af5003030cf7d27ed78b9c4ad91d9c41c8,eb96ea66d46b3a1a6439af702076cb18a1cb9cda6df26913be5a5d669a452eba,False
2024-03-04,2024-03-05,v16,complete,aws,"{""aws"": 50}",50,0,0,4.18,50e94108bc578c8eb712494274d14573fdeb46a8bea14af3998279e1f2b02480,7d5250854724b4a057b325aca50a8439a1d3f4ad54b0d90dba41aedcb448fb45,False
2024-03-05,2024-03-06,v16,complete,aws,"{""aws"": 50}",50,0,0,3.65,caa1c2dcc9034472c4d13135e537a7ec213a70b2fbcb1cbc507b25e3d6dc5c16,81f5fad5a1da5f15f1740edbb984ba14e83b272de18d1efacd41d1555f349d09,False
2024-03-06,2024-03-07,v16,complete,aws,"{""aws"": 50}",50,0,0,3.55,6f2331f5fd7eeffc2826872a0df4bee801a4955a6f1c74216423e09fd12df14c,8281d1c252703ce78a7e6b71a0de71480043355b7119e4cd12b72e4539eedb19,False
2024-03-07,2024-03-08,v16,complete,aws,"{""aws"": 50}",50,0,0,3.89,2cc4a25a4005e9bfff601d82d69c966f3e32ac2f43ae33ebe3ec2807e68bad9c,cc2ee7b72c5b5e4bc50e1db62e3f4139d0264e2d61b4807cc4ba6a5019469704,False
2024-03-08,2024-03-09,v16,complete,aws,"{""aws"": 50}",50,0,0,36.35,05e88c6f1240a7961e157145518bf6a07f1da9126c008350783d234070f745ea,c36ab3d1011b4976930c32fca651f3b59f2ec910a4add215f3a54e41ce1cbef0,False
2024-03-09,2024-03-10,v16,complete,aws,"{""aws"": 50}",50,0,0,5.15,d82e2df06de562af215ca30c390366f2f5daa6d8f101c611e09dd8d02c7124eb,55c358747c79efc6879d82f4682e6678e29c1ad0776a6e253541c904276c8940,False
2024-03-10,2024-03-11,v16,complete,aws,"{""aws"": 50}",50,0,0,4.39,a78a48d5d3f27a58069f908a4a25efa0d4d3e53570c3c6eb1c11964a4393c826,bdb5aadc4b6a57eaab7d87a47547d0f7adc1c4cfb1a4b7609c426b1ca46cf7e5,False
2024-03-11,2024-03-12,v16,complete,aws,"{""aws"": 50}",50,0,0,35.64,668111b96c5babceec4226f156bbed4c312fcf61ee746b5f413099c71c21b616,eb81b3aec663771e8720d541eb255cdde444eb729465a86567c23435744992bb,False
2024-03-12,2024-03-13,v16,complete,aws,"{""aws"": 50}",50,0,0,116.88,4f7f79e6bf7f54eded5ef5158bb270dfcb6a87a947ed162edd337fbedc1197c7,4c19be92b4f1b24ae183593123b4cd5d1fe4e841ed800f5948a7ff29d83e18e5,False
2024-03-13,2024-03-14,v16,complete,aws,"{""aws"": 50}",50,0,0,4.17,4edd3bbd5506bde4b0d39f11399364f3d46b2cf2e5f09cd735df0663f32816a5,2e957cec9910175483e66330c587be1dd653d6da1ab0b3ace90ed156ca4efcf5,False
2024-03-14,2024-03-15,v16,complete,aws,"{""aws"": 50}",50,0,0,4.25,1d167bee09e7a3dc16f1cee832ae011613220261bc80fbf5c1f1bb8711d9207c,48c4f9479f9053c5d920757736c922b03d5b37f66fbf882abd1076747310a187,False
2024-03-15,2024-03-16,v16,complete,aws,"{""aws"": 50}",50,0,0,35.78,4e0ab02f18c0d1e6f6b68bde351a7e25587df4d9d82f5786fe812a8031aae67c,69279884eace2a168dfe31b378bb5bbc9e32efbab4d0e098d6e42f0ce7340656,False
2024-03-16,2024-03-17,v16,complete,aws,"{""aws"": 50}",50,0,0,4.16,32ed375adb25136928bba708cab2e4cfe645067e372a9643db86e66be775e36f,bd370d84f3dd63e2a0fe33402c3b0f13e80c3285d2809e0bae8f1cdb18545b4e,False
2024-03-17,2024-03-18,v16,complete,aws,"{""aws"": 50}",50,0,0,3.84,b7dac41427225be0dad77c110a2159201b017971a9c862fb3d0a887c504becfb,e6088c59c5a0e57a912e59e5ffaa8f7bbe69578b403c6ac103cc45a94ff1ba07,False
2024-03-18,2024-03-19,v16,complete,aws,"{""aws"": 50}",50,0,0,3.8,ca2fe726521b2740b3fae4cac3b16f4957341d5a1f0fb63074a11c91971e0efc,e32e569db1590ff9052a7b475dbcfa36cb4c57a88b0fefbc48e2b11182b322bd,False
2024-03-19,2024-03-20,v16,complete,aws,"{""aws"": 50}",50,0,0,4.13,d8efcf29c112b531fd65b8c0fb134630b7501ba5e0f0f04243f1c62b8d3b7c23,a825c3cbe22403a284ff3ef34fee826cd418ca021fc55bbd18b9d92ee730dfe0,False
2024-03-20,2024-03-21,v16,complete,aws,"{""aws"": 50}",50,0,0,6.93,dcbd5878b9a6498acaa3a3b8e82ef91c385c6d1b8b87113aa21c885174cd9155,093ca246b2b8179d1aec974016413a97a3ced01c717a5bdc19934a872b1bb8d5,False
2024-03-21,2024-03-22,v16,complete,aws,"{""aws"": 50}",50,0,0,4.92,a164292de7efd293a127a09dc9ff43431105c299d4e331aae647a8c308f9cb2c,b08e53011dc5c86549c4297effb0688a95898bdd66236161a3638fa9fb5ac295,False
2024-03-22,2024-03-23,v16,complete,aws,"{""aws"": 50}",50,0,0,4.94,c971f936817720907c635f114f6b7dd3f0dc3adfb9605ef4abd1ab5ec2593cbf,662b963765242e9f3329e4fd59f5699d7c2fe9988ec840019a3609f3d7eb813a,False
2024-03-23,2024-03-24,v16,complete,aws,"{""aws"": 50}",50,0,0,4.46,7962dd016926d067e6b0ee86360cdcd09cc5e94a36b4d001d27fdeb6d49aa959,d979ee1fb4ec9f0de661d764790ad2780bb83f3552ea83b3bd78bd491408e78b,False
2024-03-24,2024-03-25,v16,complete,aws,"{""aws"": 50}",50,0,0,4.56,c7aeb11ccd212bc7bb8d72fed1cba5c7f041d31299ecfc43e83eddca83f1567b,98be4cea48f4080c016050140e8c7c57712bcf7969697e16734fb5df9a3f3102,False
2024-03-25,2024-03-26,v16,complete,aws,"{""aws"": 50}",50,0,0,4.62,a856be7f53d84fc1edc50422efc6406c77cc25af8faadc81836b729c526e8385,c2ea034e5b9e82afacdeef6a8a5a2e018ce0c336ed62fa2f3a8dc5749a15f5ad,False
2024-03-26,2024-03-27,v16,complete,aws,"{""aws"": 50}",50,0,0,32.86,9a0a538eeb6bf7971ef561179cf270a8d3b847bdd4a6f78d73a152c0804fb6b7,f23b349c5268f285368d6964bff0c6598a2405024cddf31d6cf3e6351a1caeaa,False
2024-03-27,2024-03-28,v16,complete,aws,"{""aws"": 50}",50,0,0,69.26,3e41bab13bda9286ee573de9f5daad8772926fa69c6b0d1b57764045101ca845,1ebd36e103225a26d7bf02b1bdab06cecacab409a26d8a87300d4c0789f391a3,False
2024-03-28,2024-03-29,v16,complete,aws,"{""aws"": 50}",50,0,0,4.15,dcaf4b0e38a97f31d878b53f8aae737d48a72cb9ea49b412b8de1f9aad1460f6,163c7846e158ad758460dcc85f19e60d665f11d414e48a489bf2f73efaf70347,False
2024-03-29,2024-03-30,v16,complete,aws,"{""aws"": 50}",50,0,0,3.48,f34c1c8250cab5b8b53924cd62a552279d584e698cd2d69bea1ad05f071f6922,25352334594d44706cba955d17d52729ea03573b37f7e9215e9a11701dfd83f1,False
2024-03-30,2024-03-31,v16,complete,aws,"{""aws"": 50}",50,0,0,4.16,ac366a7a04f9f3669200e3c73e18ea620e8f67e93a2a824283bedd9341d1b01c,20cff1e9264918ed21cdb61e20bec8455db6b4ffa40a9803dc942b1ab9cdde74,True
2024-03-31,2024-04-01,v16,complete,aws,"{""aws"": 50}",50,0,0,3.9,17b99a09b0114269a4c0a9e38581f4684998f11d9c89dbd03342aa2d8430adb4,83f7692d8a0c04efc268578ce34f3aafa6a3ea7b58d7f87abec2b498fdabf241,False
2024-04-01,2024-04-02,v16,complete,aws,"{""aws"": 50}",50,0,0,3.67,c3f151c93f677baaf4ed3f3993843836885808e4a9899ad1a7303c52d5961ee3,18a43ad93110ba1ac1c9111bb674d817398ee07a6a74505010b2ac39684e60d5,False
2024-04-02,2024-04-03,v16,complete,aws,"{""aws"": 50}",50,0,0,32.42,70a97452bc97c596d8eca9e51436298ab6d342142114c0137db34599c6243628,3562eb4cb1e912f2341c34b59862296fa6caa97c30af86f6a0641ec9c94b731b,False
2024-04-03,2024-04-04,v16,complete,aws,"{""aws"": 50}",50,0,0,70.98,7f7e005b7ced10f873f2e63788c84a813fe857f13954ec8a0fc74757d5b15bb8,924b6406a8e5c45df5eab22d63213ac7acfc11f3e50c135ef996ba7b54758397,False
2024-04-04,2024-04-05,v16,complete,aws,"{""aws"": 50}",50,0,0,35.63,7f9957ee41ef40d8f53048671321ebada40f3276cbe68d2df71cf35643f663ab,1169ed414e4855449f6fdf6883e5d23c3a729c0b75d5e38d4d25c5130ddcfdcd,False
2024-04-05,2024-04-06,v16,complete,aws,"{""aws"": 50}",50,0,0,118.25,81553442399db32a19f973e1950fff541fb91901cd9c2b9f47a5e9fad861c1ad,2dfcbc2808ef8ad6d6824f8d442be07e889ab0dc5d065664f4a1bab14a8d0912,False
2024-04-06,2024-04-07,v16,complete,aws,"{""aws"": 50}",50,0,0,199.12,2da7e554c41497cc919c4b1dfac228641b4e9e8bf4913bdddb1aa7d9a967d5eb,76b2f2aab7342ec7c9d58b727c4c757673fefa22908dde6e1b233e4c4bcf4f50,False
2024-04-07,2024-04-08,v16,complete,aws,"{""aws"": 50}",50,0,0,35.84,c02a2479db1ef0b543b1dc906b002841dde0a455ee27e990e36eb733414ba4a0,e6a53997348d805766d4636c0d915c4f2a8710b277c3cebe4f53cacf0eac114c,False
2024-04-08,2024-04-09,v16,complete,aws,"{""aws"": 50}",50,0,0,4.89,d1ec77fbf6a103086b19d7941057af63fe845c28036ebc807d79d9661ae207a0,5b67487ac7e3cf41195faf3b67fd0c12cd8b51c390231cabc9e837d015f37bc6,False
2024-04-09,2024-04-10,v16,complete,aws,"{""aws"": 50}",50,0,0,4.22,7d570e318f8bb23d3b0c9dde829a7cf8e11182e79ceefc5e35d81d0f8fb47a9f,a925111bdfdf943ce71dc3b2e090798197a8c67aa9bad5aaa9122cb71baee54e,False
2024-04-10,2024-04-11,v16,complete,aws,"{""aws"": 50}",50,0,0,3.92,79a689fda69329dedfbf14458ab25c239cd976daf23767865255fd4b89a835f8,3f94324df2b1ab271030be55e58dc086a3931e6385167e47a46591a580d80b5b,False
2024-04-11,2024-04-12,v16,complete,aws,"{""aws"": 50}",50,0,0,4.18,edb386dde774fb47eb6ecb48c6acdfac2244c200563d1e6817b03900c01f2705,efefd215d487d79ac4f27066c3b1e19b90a0d4dc0d16909c67e030f327c6f297,False
2024-04-12,2024-04-13,v16,complete,aws,"{""aws"": 50}",50,0,0,4.17,048e21f845ab5dd99e9491a2c6b6f33da220b75d3b06b6918efa438ccc5f480c,2fea23ed26ddb99f33f1f86fa4294c8417027de13fd383227fb08a618f360c67,False
2024-04-13,2024-04-14,v16,complete,aws,"{""aws"": 50}",50,0,0,4.24,065805b674e3fb8f8eb34e9ff28fc15c2ec559b3155e634b311e8d0d57c9a0e6,42f254deae77430d90e8e45cd61dd51f5a355618b484a1edd98ba583dce5b4ba,False
2024-04-14,2024-04-15,v16,complete,aws,"{""aws"": 50}",50,0,0,34.08,787ef08cc91f9a487dae9af7c9f256ea6fff7dfa9939e932551bbf605c5a041e,cc12ca7dc2faad6f67b9a773bcf32c03b77b85c083a18a077045a64aac020e1a,False
2024-04-15,2024-04-16,v16,complete,aws,"{""aws"": 50}",50,0,0,4.12,85f21d1b402f2c1afbf3bfb3d984a29084558e9ffb6e2851953f7a9bb9a5f7bf,dc96f70da68c274af7d2292da96c75bb55380cad9df2eae0adcd837e0283d2dd,False
2024-04-16,2024-04-17,v16,complete,aws,"{""aws"": 50}",50,0,0,3.94,2bc2dc762e72c4154f7970a6c239398ff88c0a99a75e3fd50f715376a883b720,e83aaa47bae93306f825c7724beec0d735d0255a5f0f414657066228de06024e,False
2024-04-17,2024-04-18,v16,complete,aws,"{""aws"": 50}",50,0,0,3.97,30ea1ce8a27df15e701bed4c1c2f7ae6ae4c8338859ceab41b6660903cf31de3,30e760f5a1daac1c6c3c250d43bbac828560850251fe0444f228156014611e18,False
2024-04-18,2024-04-19,v16,complete,aws,"{""aws"": 50}",50,0,0,36.04,63dee77d59f029d18720e19e6fc95a5d2fa1e3fed5f281f0b7fd4cc8a1a4a12c,5cc6ca45bb55dad8cedd85e3dc8c552067c501d5bf5ae51407d1b5742a1c3df6,False
2024-04-19,2024-04-20,v16,complete,aws,"{""aws"": 50}",50,0,0,5.11,49ed4be41e2a2e06e9fb55c515481e2d4c1605517825cb0f97631545aafc8bbb,3ff193a6ece95f6c3bed8c024cf5bee979fe8fc9f48873005f104c3ef6a6c0b3,False
2024-04-20,2024-04-21,v16,complete,aws,"{""aws"": 50}",50,0,0,4.09,3c36e478f72cce7481000a7cb84223a041f3b02687680f054dbe98fc382ed705,b44f55293d55e7c2a6de0b3a21747c0c9c2d43f5d5424d634cacbbd688d72a40,False
2024-04-21,2024-04-22,v16,complete,aws,"{""aws"": 50}",50,0,0,3.87,9bff1341f91d118b3678a549af484d030bf32305797ce164649fe082c2768627,f95de0564285e648bb61dc6a87462f3fe713597dc677a4de24861a97dc7686b9,False
2024-04-22,2024-04-23,v16,complete,aws,"{""aws"": 50}",50,0,0,4.0,8047741b2b0d5665597c29e930578028429f90f9200c41033162d73f10eff8af,76660e8e550d3616ed7c28e26179821a57f9585b20babd8a275d5238db8ec445,False
2024-04-23,2024-04-24,v16,complete,aws,"{""aws"": 50}",50,0,0,7.05,23ed8c9dceb18bb704ad69397f684c393f0969fb779c11b71776316ee2de8932,33fb142e2f5ee27ae3102a45320b5201782d0f930e0c114a288931b2a463863d,False
2024-04-24,2024-04-25,v16,complete,aws,"{""aws"": 50}",50,0,0,3.95,9b9019dac6516619f4bc79b7a489e72e00e1a714f21bf146c67305dce48d5612,2cac06bd46774d42400b772cefa71316943514826e06c22fdffabbce9777c22c,False
2024-04-25,2024-04-26,v16,complete,aws,"{""aws"": 50}",50,0,0,3.77,b42040ac96a7843d3b1d233cbb166a2bc321b8531c2b960900e62413cf73c1b9,e1b36608905c69da1c8ea471b2b4c0cb70c0e6dbbf8b3f0ec3f6073dc4531c95,False
2024-04-26,2024-04-27,v16,complete,aws,"{""aws"": 50}",50,0,0,4.55,0d92f219023ba0dec50463ce885e4bc2e166059212b6c118f8ced9a8d0bf78ad,df7390ef4af7397d792b34a25ad71a57034fec4ef433af9c7b52504fee6195e1,False
2024-04-27,2024-04-28,v16,complete,aws,"{""aws"": 50}",50,0,0,4.14,5dee4afd87e94fdbe47c12b1c2f96f48cba8240df3d93076939d77014f4f9b03,57193d0c05cd36af088768a5eed628a87c8b814a2cdba07c92e0668bae1626df,False
2024-04-28,2024-04-29,v16,complete,aws,"{""aws"": 50}",50,0,0,35.84,1259ec45417a4d13023809684f271ea4959c7d823c7d9de4e467ed8c155ae886,3e45ea0bd3e19df37f391db1012825ff32b0d2bf35fc525ab115df1be6aa17a1,False
2024-04-29,2024-04-30,v16,complete,aws,"{""aws"": 50}",50,0,0,4.23,163ead79b8f4d2e0be4ede227efa028f8559e054f63c09820657889690666468,3cd895ce307d874b55ea10ef72113692c9fbc4c4dcf93744e02ee04080852054,False
2024-04-30,2024-05-01,v16,complete,aws,"{""aws"": 50}",50,0,0,4.36,847c982d5e90c0a5563b8649aec49471c689a5b54b341aa19badf6c0a4423c27,8032293f47f4abc85e4cce06b441c0e12e94b29e3b18602e010bbd9ad25149b9,False
2024-05-01,2024-05-02,v16,complete,aws,"{""aws"": 50}",50,0,0,4.12,dc9a66be9cf692b38ce78d93b851eb9638f9c023b6e07816736f63478d01d82a,e498994a8d477decd4d8529a939fdc47eb1dad2c72bdb7018cebcd407cfa8b9a,False
2024-05-02,2024-05-03,v16,complete,aws,"{""aws"": 50}",50,0,0,3.9,94f4c0633639f89b6e4ce66828e1b5aa46d9973bb09cca593daa7d0275336140,84595573d30a34eaa83c719ddfd4e9dfb6728afa5c2c8c3df1df88d55416a6b0,False
2024-05-03,2024-05-04,v16,complete,aws,"{""aws"": 50}",50,0,0,4.03,591d190c50605c2a80bdfe55fb852b62e47c515a6097d250848f91e728a97862,43b352adfae117fc1fedf86d089e0a54d5f42c9c862aa688c25259f41d3c3b9b,False
2024-05-04,2024-05-05,v16,complete,aws,"{""aws"": 50}",50,0,0,37.47,47f2c9ced1458245bd657a8ed2fd64f2e4dd99a0f296198ee9fe3656ed68b193,26d6e26b2fb0b801ca4fbd12dde47cbab0779542fb704329114a93e56910ff95,False
2024-05-05,2024-05-06,v16,complete,aws,"{""aws"": 50}",50,0,0,4.0,af63b8d2efdd1c8a42ee56ec58400c979abb88391230481dcca345c9cd7aa9f4,dcdd6537e9cf72898a94361217d957da2a5cf51625b155ce2b1fe3e5aad74fdf,False
2024-05-06,2024-05-07,v16,complete,aws,"{""aws"": 50}",50,0,0,3.83,31e0a66f5c732781772e05c3a3562a64afb7900a6cac17f3ed645c77d115946b,3cc552d654bcb39aa564825f4cf75acc9d7671b04045d7f71c9c8d4b2d31aa96,False
2024-05-07,2024-05-08,v16,complete,aws,"{""aws"": 50}",50,0,0,3.85,7f6986fb663005bfcdc53e221111d98ac5f976eca4221d2f2f3651b5869cda0e,676c3e34c576cfaeb4a730d388921ba1e98587e6cd2a7dd7643978dfcb1926d4,False
2024-05-08,2024-05-09,v16,complete,aws,"{""aws"": 50}",50,0,0,37.39,946cca8af93e21d7dbca998da8078a6d44a3256309ac8a30402f3c5f57c2740c,bb40552414b3762e91f070cec67f5267844a1c30aad558663fa59efccd419b1c,False
2024-05-09,2024-05-10,v16,complete,aws,"{""aws"": 50}",50,0,0,4.53,a50518d45ea1981f5f466e47449e54eca407ba4b2f891e0aea4bf5590010bcd2,502394572458bbe4bf9765a9e1a4ba909e0e766c87dd2c3d16b0ca662a32afad,False
2024-05-10,2024-05-11,v16,complete,aws,"{""aws"": 50}",50,0,0,4.15,21eada5d8ffd0d9475e0d8a905a3af08b51294565dd015d25af0bc08e069fa16,d10a47f1a27048e1e05e33abf05daec507b0caeeb8b266d737fcba3526ed349e,False
2024-05-11,2024-05-12,v16,complete,aws,"{""aws"": 50}",50,0,0,4.17,fbab599d9f1f76edfaae0034f674f51605f000aef0d99c26ddb44df36b25c7e6,ba4db0cf9e54e1b29ea755219a0091b8a633492b806621d3c3b5720cdeed9b07,False
2024-05-12,2024-05-13,v16,complete,aws,"{""aws"": 50}",50,0,0,5.8,a90f5102eba8e44eea41ceeeb576e900553e66cca86ec5aca51ce70c48a9a4a1,e60e2cbd5ce1c82450b99a5c4566855e5268f6000e712c0011a0a536b1eed81d,False
2024-05-13,2024-05-14,v16,complete,aws,"{""aws"": 50}",50,0,0,3.87,0e7464e4fba5ec805fb44b5a0145bab21d9f867039dae0f8b3af9e14919b7826,2729b9213cde8a9ad94da3650dece6efc2857013df56a813d361be813f3ccc5f,False
2024-05-14,2024-05-15,v16,complete,aws,"{""aws"": 50}",50,0,0,4.21,4db8f6bae3ab97a48648e8171aee100709c4aba0a60c925fb3d2b3e55fd0ab96,186a922d3e55f3efcb32a9dd37ee9730886eafa4696dcdddf68560728561ff56,False
2024-05-15,2024-05-16,v16,complete,aws,"{""aws"": 50}",50,0,0,4.67,ba5c8f660f2dd5aff35a37092aea67cd0d23b955349245719993d7d1945f470c,bda42d5daa8a927e74bfd097f997a832b09e8cc18b7f29bce707c46ed73d85cf,False
2024-05-16,2024-05-17,v16,complete,aws,"{""aws"": 50}",50,0,0,4.15,48070dd2994ac55d4b4c58b097072d503a7f2fd410581d607b4533f5d11b7e96,7344a962d438b1c06b5841d8869f66ed70167fa306a51b8aba6cbbe5d64a0681,False
2024-05-17,2024-05-18,v16,complete,aws,"{""aws"": 50}",50,0,0,4.05,34b9c3aef1c4f3f92dc9f095cf063add279a4932d9ea179ec5a2bc1f8adb97f6,730a7cadaab9e5c89f213a0a0dd740ec9018de308779eda2142f652779c234fd,False
2024-05-18,2024-05-19,v16,complete,aws,"{""aws"": 50}",50,0,0,4.07,52d1035f81bb88694271400293f48f5c40af8ec00c72fed572263ff5a90f8d42,2f6a4d0043f17935cec44b841c4a866c4a2cc65e0ef17e07735fce0d2efe52e4,False
2024-05-19,2024-05-20,v16,complete,aws,"{""aws"": 50}",50,0,0,34.08,68958c0e4bdc8baf01a241191c7e290e19bd045a3ae48bd1be831902b7d6e423,0a13c96fb0c78774cc984d3e8f9804d50516669b134ea9305493ea056bc985b5,False
2024-05-20,2024-05-21,v16,complete,aws,"{""aws"": 50}",50,0,0,4.38,0af20187f7ecfce99c6792836977aea0eb5fd3451f89c43025b598a738307d88,73505ca8a6985806f39e6e22518fd6f3d477229fc9c037d089048a2fc7730a01,False
2024-05-21,2024-05-22,v16,complete,aws,"{""aws"": 50}",50,0,0,4.99,6b0290aba14c7e373f8dffe7e52a1b270003970ee192d60ab6bc09e4f791840a,90c510763c66f8c5ff1885556f2a35e23ca44af40d1332bbf9780235242222d9,False
2024-05-22,2024-05-23,v16,complete,aws,"{""aws"": 50}",50,0,0,4.45,79fe98649c55bcadc96ec4e8d13829435dfeabb879ffd5ba44c98a22108054da,486a35a3dace95fc54fcc9dfd27b9199d47f64e3350e77983b1112cdbb2aca4c,False
2024-05-23,2024-05-24,v16,complete,aws,"{""aws"": 50}",50,0,0,4.13,337111a4bddb5558ef3fc4239c6e03f3ae5ba36eab748814029d6b251e9f4106,9d038c424cef9bd39e37ef9171b28975933da293573997ec8fba98e09129c026,False
2024-05-24,2024-05-25,v16,complete,aws,"{""aws"": 50}",50,0,0,4.25,b9dcee5603e9d245fc24c1b7a4d9f3fce18b9ad08589db5b53031064495a9bef,2c7128aad72dc403dcbd544e5170f3f23ef471a7c13fbe0a1868713b6eb23549,False
2024-05-25,2024-05-26,v16,complete,aws,"{""aws"": 50}",50,0,0,33.36,b81abdac238616bb26795eb95b630c6f34cb618803b5ccb48b47ab51fff9d97c,fb1bd8ee05b15d0185eb6c5e0c9f5b627955674c7f4912c34b8608dc9c27fd71,False
2024-05-26,2024-05-27,v16,complete,aws,"{""aws"": 50}",50,0,0,4.13,3108a06a1ce00bcfbd5c3bb88e4dcd6512bcc029c5d277872ca74883580f033b,84e91f498b982caf7abd881b3502015324ff8d4bdf5ce84aefa7b750007fd0b5,False
2024-05-27,2024-05-28,v16,complete,aws,"{""aws"": 50}",50,0,0,3.98,12fcfa50fef01cb0814c4f361ff948bc81bd3c6c99eaf2145ef71418987b1478,563c794e9c92ef3637955e8817b27d35029b5750bf49fab0fc2523f663b33c81,False
2024-05-28,2024-05-29,v16,complete,aws,"{""aws"": 50}",50,0,0,35.26,49fe17d4fb512f114122f4eadf3e665097cb598301544b3443b9f3a925c9ad78,e7e0aa49f3e5b01cdeb21385ff3fe4197ee65e939dd0c406db17c678ca1cf307,False
2024-05-29,2024-05-30,v16,complete,aws,"{""aws"": 50}",50,0,0,33.36,c467342f0188360494280e749b55a3e3beddbabaf7c445636add5196e6556420,fa8cd3f46a2a99a586d51ecb648dd0300438af7724099c04d5aec5b51a67f7f2,False
2024-05-30,2024-05-31,v16,complete,aws,"{""aws"": 50}",50,0,0,31.45,f2155709ac8a7679d8ab0b26d6d3c99cbc864f80f561af3e73b5dd822c5c3cd1,b9852ec670222222110d8cfdc326d06d39d3634278856d6479c234d68164ec24,False
2024-05-31,2024-06-01,v16,complete,aws,"{""aws"": 50}",50,0,0,34.93,d807e9e597cc6117643d51d9b31213c58a6d009f1a1a0d4acdb669907bbd7f66,86b1da068cc27caef071911b01fb3d52e5c17a28139c10dd47db3186a21d3dec,False
2024-06-01,2024-06-02,v16,complete,aws,"{""aws"": 50}",50,0,0,63.78,ec2b3770f033e875c2c4c00c055013a7161167e95f4bb2c9a3e99ccde6bdd699,42e1597c822d8fe52bbdb4f8655296bb048c1a36398df6470e8bee1488e930ba,False
2024-06-02,2024-06-03,v16,complete,aws,"{""aws"": 50}",50,0,0,263.19,85bcec62cd0ca00da64867b2fde58952f478e009377dff0cadfca81cbe0216e3,0bcef63b1b9e6a7148d574c390a7106792571af35c3e6151f8acaa5edf91cadb,False
2024-06-03,2024-06-04,v16,complete,aws,"{""aws"": 50}",50,0,0,5.21,80c1bc10bba22d16f4ec5977d9b6e4a5ec321309c85785625607da2929df1319,5c37b21a16ef474ca511063ea8df4e3c66196735fe9a386325b8e7d5ff7c6a8d,False
2024-06-04,2024-06-05,v16,complete,aws,"{""aws"": 50}",50,0,0,4.06,02d3da8952cce041ecc66e7b5c161dc7b1b028a4252788cce284301cf0b2f5f6,a721b388f29aad0cd631ab95bab341b44f19753b9ff4f59733593659a68f08ae,False
2024-06-05,2024-06-06,v16,complete,aws,"{""aws"": 50}",50,0,0,4.27,0b71a8c5e34631e6aa5ac2f490353f749b570ae48857bf596672a46fd09fbb2a,fdf50a718aa29da6728b2cced0791b01ece071dd20556f9e3d7376d35479fbed,False
2024-06-06,2024-06-07,v16,complete,aws,"{""aws"": 50}",50,0,0,4.25,4f12c64b15b94fe556a7bbf4d6e833137f85f2b76c76dcf0fb030568b06a73a9,b41ec2aa02a79a93c7e81014bbbe08d2bb2f0cb6d82bc7c119458a02973adec7,False
2024-06-07,2024-06-08,v16,complete,aws,"{""aws"": 50}",50,0,0,5.62,23fe65e021ae866d4f7343c6faeb5b9ccd459a2528e36af1bc611afc433108e3,e183b44511c583b75328daa6e35c3392526149ddf6b7915121d9da007caf9764,False
2024-06-08,2024-06-09,v16,complete,aws,"{""aws"": 50}",50,0,0,4.27,e8ca072d6aa4e3054c2170b2deb1a99e8e4c4b7ef416b692e07dbd6b69e13fef,40cf160f8a3987db9da0ae23c8907ee157fe53aeacc5406d568ef266964df397,False
2024-06-09,2024-06-10,v16,complete,aws,"{""aws"": 50}",50,0,0,4.86,e5f573fea05ebdb549148108eeb848c7f6b4b98ee94bc1159186349c988ca465,87458d306b3115e940f24f9ddd0b0e61df097786c5e8cda5bc5b63571d1259b8,False
2024-06-10,2024-06-11,v16,complete,aws,"{""aws"": 50}",50,0,0,4.19,16ccb32c75f843ba57b0dc353b603c130e533aa3d086aefb668908e63251d22f,1158a201ae72af701dc2a34db2a9bb328ae25588f0c118ded94786dae315bddc,False
2024-06-11,2024-06-12,v16,complete,aws,"{""aws"": 50}",50,0,0,4.87,c4673add43b33dea243f1d072f2a1bcead8e668c40f5a7ed2b3cde76ae665aeb,1f94efadc18a0361eb73dc3de8309b306485050beb1e7c570c341abad9e32196,False
2024-06-12,2024-06-13,v16,complete,aws,"{""aws"": 50}",50,0,0,4.18,78b1b0c4240c94ff21ea497d9b287880cc225cec26f143d2481e2b4387d64e1b,563ba31785fd5faebdc32ae3fab850dea44ce93278bbc1580ea988495792ce12,False
2024-06-13,2024-06-14,v16,complete,aws,"{""aws"": 50}",50,0,0,4.29,29aebd4c7505c80d0ee1e3dd74defe782b79462b900fe978a981779908b2edf8,b25c2900fff03b98c51f29337b92bddd22fc0dcd3a71ec8b89d968690124dd26,False
2024-06-14,2024-06-15,v16,complete,aws,"{""aws"": 50}",50,0,0,4.51,b6493c8ba32e6e3fb126162621af5344c223bdd8d3aa4e02dbcfa3843f77f8df,e36d729460a9d85d3a2a06cf4a6aa7e289d3b0817ab3f2fc48d2a31475d80a85,False
2024-06-15,2024-06-16,v16,complete,aws,"{""aws"": 50}",50,0,0,5.66,9c3840974b4b18a6799e2ef58d55de92537c461adc0e98151c899a41e70141b2,a497025fcd44ce618fd4a31a092737f7b9ddbd5cfbc851587af2c7e241b150be,False
2024-06-16,2024-06-17,v16,complete,aws,"{""aws"": 50}",50,0,0,4.34,c068a598eedc56c651acf88cc50a7fdf8d81b9ccf295cc4a2d23addc7047233f,98951494b6af0c431a9f24a0464dd013ca2934857318a908dd181d3158df0b0d,False
2024-06-17,2024-06-18,v16,complete,aws,"{""aws"": 50}",50,0,0,4.56,a380d153087631c0c4f3b6110527aae0dc132eda1a56f67a4124b0bf489e8f40,88858a2ec7a80cab391f1abad52e4029cd693c974a0b82a34f86ccc0ba516672,False
2024-06-18,2024-06-19,v16,complete,aws,"{""aws"": 50}",50,0,0,6.21,91caa6180183d930e57732c84d7240f7581fa4e2a8592b5a2e8ed1bca799312d,5ec896b262219ce929ede06dc6c1bbf694a5a5d4b7093834ec69aece76ffc0dd,False
2024-06-19,2024-06-20,v16,complete,aws,"{""aws"": 50}",50,0,0,4.01,f088dafe24cf8aab4f499951761161d3f6c451b399e62a899e3bddf87bc00cf4,dca1899d5c28473c6d4db8c4a58a7c62bd84c6812c1db7439c5768924f6f0764,False
2024-06-20,2024-06-21,v16,complete,aws,"{""aws"": 50}",50,0,0,4.8,b4a8e97cba87abbc70fe83f9986902908ecf75fe9ee752feb4f428cefdd3dc4f,50540ead7fcfc197446919d42487cdcad7ae0ffd721750818b253191c09a205b,False
2024-06-21,2024-06-22,v16,complete,aws,"{""aws"": 50}",50,0,0,4.36,6f0946db59fe969c9412e7371698ee5160f2c580c5ba1f651ba3750725321fe2,774341c60589842ef7fcd6b60aab5c532fc880afde6ab86529f7b2179e9181a3,False
2024-06-22,2024-06-23,v16,complete,aws,"{""aws"": 50}",50,0,0,4.6,8723850fb313fb7feda86911cc14819d8ea311fc4b4121d1ad8d3f21886c1120,1563aedf3941232ffa370ac11cca5c3a33998942fc13847b90ed0216ec93d588,False
2024-06-23,2024-06-24,v16,complete,aws,"{""aws"": 50}",50,0,0,35.62,225e51e9d505e8b8c4df2086cca65238f1cc238d48a2eaa7cd6d6db3326d5067,4fae48da8d89695e1bdf2adedba424a74a56cbe7ef743f1b146ac5cb8f693d21,False
2024-06-24,2024-06-25,v16,complete,aws,"{""aws"": 50}",50,0,0,32.54,e3c2ebd8ac1e600bf6da1d32cbf23c518d16a7085516b0c016ea837e18f95ec6,299ea56472d0bfe6e06fde34a32290c898b65b0e670c459c0408926d8899b117,False
2024-06-25,2024-06-26,v16,complete,aws,"{""aws"": 50}",50,0,0,4.38,1ba32bc8ed4cf62374b9eea5dbb00d96ec1ea6501e604d2e321227266c12ab2d,e0dc4f6d0ddef5d2862894fc6d18d3a385768e97ac9e964484cebffbcc6ba40e,False
2024-06-26,2024-06-27,v16,complete,aws,"{""aws"": 50}",50,0,0,4.15,bf2f46815840e9a3a8b860c370ffdc78f91730d9bb3e14939861702f79de4440,1f9797d3eea94cbf78b05c36235aa5aaf31155f475a9967b0472e1beaaa8e017,False
2024-06-27,2024-06-28,v16,complete,aws,"{""aws"": 50}",50,0,0,4.02,17985e488c48e0e3f5b1aed4284c9a7be38a2eeaa665ba6bf516433cd3ed0880,a133760f5051de1b76df9d2b5e8d4a92127eb192abca93ba71b7718427861a8e,False
2024-06-28,2024-06-29,v16,complete,aws,"{""aws"": 50}",50,0,0,3.9,c0c451f608341c7760d3368d1508ed40b3b267f356c73d3d86b18f5f7ae2e8dd,ab036737dc7f88b0d6a8d99cd076458def7b99211fd35a66724722e5c641fa1f,False
2024-06-29,2024-06-30,v16,complete,aws,"{""aws"": 50}",50,0,0,4.19,fdde9517e885fb2b3748ca7231ade16692caf16d6617c2bf99237eb4de78bb41,a53c77077cc7f342872e1b190e581bb3397251f0c69f04877abed6e3a2576be5,False
2024-06-30,2024-07-01,v16,complete,aws,"{""aws"": 50}",50,0,0,5.4,df75455ad4ab5bda63d6d06e6da1474db2ffd098edac19dcd9da1c13e389f972,f6bef9b460af53f716d96affeb6bbcc59692c0d54cd97430f02cb5f5e493d954,False
2024-07-01,2024-07-02,v16,complete,aws,"{""aws"": 50}",50,0,0,4.17,fb890c914c691f6886d5dd3874a7ba0cd307a851730dfacc210beafd3f528dba,4398c1106739dff3b6449846e7f2bee9df51f86813956c83b4f5cdd422732e12,False
2024-07-02,2024-07-03,v16,complete,aws,"{""aws"": 50}",50,0,0,4.7,4f072e5bd76b14d9df0421a5567ed81a84f68dd42d8de3cb1dc9ab12dfe7281a,f332851b132e7be75f5ab6ed20a3aa632946f06faa77da8eaaf1248b4abfd5c6,False
2024-07-03,2024-07-04,v16,complete,aws,"{""aws"": 50}",50,0,0,33.06,7839e44b182db27512d6c9c5494fa9223991380c6e3e0188ddb03197564c4b80,42f983aae176c0ee6f3590ec9855adaaa5387da430d4e0a898fda182bac32fda,False
2024-07-04,2024-07-05,v16,complete,aws,"{""aws"": 50}",50,0,0,72.88,cb146b741c902fd5bee987637ed56c04c35e73a855d91a86cd936d618392a67e,b0a4b7ceea2a911f546950ced798751228abda68ec929f9cb8f57ef2f8232683,False
2024-07-05,2024-07-06,v16,complete,aws,"{""aws"": 50}",50,0,0,4.71,bd70e030e5318b39b37672334546db0cbc21e35b8aae13a3d428a1635a51bbd7,f3cc57ebede7fdc0559c1d019b6726dff795801fb92da8e0f314cfad6181b70f,False
2024-07-06,2024-07-07,v16,complete,aws,"{""aws"": 50}",50,0,0,4.23,3c25a1c02c2b1b2f256b0a28c6c3decd1bd10326e93192ce7a84bb78666b0917,7dd5b897aadb163d8e1e94e8b81a3c577c85ea14307ee6e400d188d02c2e223c,False
2024-07-07,2024-07-08,v16,complete,aws,"{""aws"": 50}",50,0,0,3.96,8e66f8b1e540b12dda060f9d8df2b504548297d3327c04d64922351b30ea3c1c,8236d2cfef776fcea04b79a4cad021fe90d7585c4b777bca68d071b9306335a7,False
2024-07-08,2024-07-09,v16,complete,aws,"{""aws"": 50}",50,0,0,3.94,b64b3516f226cd5cee69fcde96cac8d3a5e59491e137671bac0c8bc8dc602a8f,8f8fa4d5e627aaff2e8798287d9094dd3990b2e1496269da7777a39f7b6dbd78,False
2024-07-09,2024-07-10,v16,complete,aws,"{""aws"": 50}",50,0,0,4.09,b38b4a045f7e61054ef0c464b18a4b3e60e5e6867d6fcb38634866cb4e26830f,f8bef92da15c1185710186d335e3c0d94f0733d65998bd3dfcb02648c222fd7c,False
2024-07-10,2024-07-11,v16,complete,aws,"{""aws"": 50}",50,0,0,3.98,e7189dd67ad1b7dc8a3dc0b84961deb78b628dd67daf6e8b097858d85f0a42eb,11777c34247aef47874b53162758d063e815bd37eff36468ea702fa2f8bd79c5,False
2024-07-11,2024-07-12,v16,complete,aws,"{""aws"": 50}",50,0,0,3.97,70a5124651308ec3811ae76e1a9d9cd1645d4133358871b8acbb0bd731b5a5df,fd823036051976edf9edbfcf59bdb47c48efd44eee207b6825b8d876d6ea79e3,False
2024-07-12,2024-07-13,v16,complete,aws,"{""aws"": 50}",50,0,0,3.89,6fae1bd1b00db8a3acae02c300efd35aa970fec21151b7ff25533273998633ae,f1f8dd49e90367d2fbe02d81d6925c5fd3968ff776f9eb64c9326deef45ab4b7,False
2024-07-13,2024-07-14,v16,complete,aws,"{""aws"": 50}",50,0,0,73.43,80e3685a22702a6f26d03a2e1a8219b76225ea8b93dcefd53306d0c5cb31ae50,21b6d1ac6b844374d0e63162dbd07c522dbf55e9b5c85586b8ae1bf412c8b460,False
2024-07-14,2024-07-15,v16,complete,aws,"{""aws"": 50}",50,0,0,4.18,b3ad8f3176bc81c28732f142bcdbfe3eda05273436393416a3258606915a7845,2a4193163332301dd61219ecdcf06728aec0dda3c161a33bf806054d7474553c,False
2024-07-15,2024-07-16,v16,complete,aws,"{""aws"": 50}",50,0,0,4.33,756ed791153195f3297512e48b6423e757456918679c685ac9241d2094df03cf,1dbfa5d2298223cfc1b5efc1c746089a1f5c69ed4a352871433256bf13bb43dd,False
2024-07-16,2024-07-17,v16,complete,aws,"{""aws"": 50}",50,0,0,4.0,218e00d42732ab7e14eee96048000c1d1b6d169c351a3e6c964c2aa91ac67590,28fda567cb610edb193349b2da345696b5d1f0a57183f2c2746e5456695c48f9,False
2024-07-17,2024-07-18,v16,complete,aws,"{""aws"": 50}",50,0,0,4.27,17c2692916c03abe1e957c574d40d8d1555b9026e6720c32cca3ed945a39b43c,165c1a08d18512c873a5565a25ced639bcbe90267dad174211ad1c495e137b4e,False
2024-07-18,2024-07-19,v16,complete,aws,"{""aws"": 50}",50,0,0,4.1,856e74e987379971e06b057cefaa08b5fb213568c93a1a420705b2f7277f41d0,0f395f4b9a8f2098e130ef11b0f331aaba325dfc03a45d2876d43e63188464b2,False
2024-07-19,2024-07-20,v16,complete,aws,"{""aws"": 50}",50,0,0,3.97,a9d1823b87fabae540fd1056344f2cfd0408135c87fc58924853194e725581af,6dd1cc0876ec6d0049b1a4c1ac5dbd9cf7117ec5f3f67d60ab7ec66ebee1cacd,False
2024-07-20,2024-07-21,v16,complete,aws,"{""aws"": 50}",50,0,0,3.85,73f7268e75f5a9d37bfc443452c34eed39d1104c15cfe412ff9fbf56081321e4,dde8937cb52f48335d05f7eebac163ba308982d3f4f966a0758343fd04cbfb37,False
2024-07-21,2024-07-22,v16,complete,aws,"{""aws"": 50}",50,0,0,3.73,7b61ad018c4d8581ae9d15e561b4bb3e65f8450700f28aae88583e7cf5fdd036,a2bec86d03e5f7cfa8cee8fc5db772039fe7d2467fe10940d3ce816c8db86753,False
2024-07-22,2024-07-23,v16,complete,aws,"{""aws"": 50}",50,0,0,3.95,762296b64c99681d47c643ac3c22b938849e51c62b073fa2d6f71ab09a054709,94819d63805dbe6a004eb61ff3b94cf60fb8d00807b055ba629727e21c21e2e6,False
2024-07-23,2024-07-24,v16,complete,aws,"{""aws"": 50}",50,0,0,3.78,fcaf8d3b4f86ca5814d27695b40b3c225faab48cac16ed820e3bfa28889b1739,5c54bda071b952d75a84d0e4873ec8fcbf33f6c48000fa6305a0ff5d87cc2e6d,False
2024-07-24,2024-07-25,v16,complete,aws,"{""aws"": 50}",50,0,0,32.75,0f3221d873d2dfd852505aad7f0d823aedec7678a97793b7c8e11a97d11db42a,e013c0bac831050e3ba85b5cd6b232df83be435395c1b5f3a38f77e4e9786659,False
2024-07-25,2024-07-26,v16,complete,aws,"{""aws"": 50}",50,0,0,4.57,77f089459b1e5334797d0bdbaf7da24173d460bdd6b6b5aa075c1fe0abc05f8f,d115d7f122098b8f4b163f5dd8efeffbbf23885f182d3eed796e95567f897b52,False
2024-07-26,2024-07-27,v16,complete,aws,"{""aws"": 50}",50,0,0,5.28,0ad5d55e57d2606f02a77a8ba6758e9c11eb3a1bc1c04d6ddc4335a244584ebe,7e8b02be9107b058726d5f75b5b954ed811bfd1749e11567d87b8f3797936e8b,False
2024-07-27,2024-07-28,v16,complete,aws,"{""aws"": 50}",50,0,0,5.56,cfa0989c4afea392e063329d9437fca6865582480170200151e767db891c1bb4,6a9456d916a9574e2aa697a294f95d6637f680e41d2100d4814b722bd0b3d891,False
2024-07-28,2024-07-29,v16,complete,aws,"{""aws"": 50}",50,0,0,4.19,e326f0f569943fdc91754d46f61afb58a019ed5c72fcbe2421c55bdc8e3a5494,b6c3c2f4ebe2fc78da2da349c22699d58d3ea53df438590212b703676f8337e2,False
2024-07-29,2024-07-30,v16,complete,aws,"{""aws"": 50}",50,0,0,4.34,24da65acc72373f23ad8755be7eaf9e2a46e3f03216a4df243a37cb7764874df,074b8033bbe2a7343982d04a709a2f22869053b8a56ce27411b6b7081ec24c0a,False
2024-07-30,2024-07-31,v16,complete,aws,"{""aws"": 50}",50,0,0,4.39,dcf0916b3d9e6567c483503bf89be33048ab1b2361cc31d1b8423ee1e8fa1bac,9c245158f90363f67bfbc671e0e5485abb9307974d4764c5ea1df9610fdd3b24,False
2024-07-31,2024-08-01,v16,complete,aws,"{""aws"": 50}",50,0,0,4.53,8a0dfaf979c7ba2005b80982cef72ecfa81c4104ce54a1e3cb1778486f6efd34,0e49106c022305befc5326665f020a5bc3fb3a06d1d5864989a0ec53b6ee556c,False
2024-08-01,2024-08-02,v16,complete,aws,"{""aws"": 50}",50,0,0,7.27,15d98c1ccf48814866befafe661c5fdd502cf1999dee9a53df87f198a1f6d5ee,3bbdf2db7f3d9cfcb719c17bdab889287be329270c99fd203e868fad7b637f6d,False
2024-08-02,2024-08-03,v16,complete,aws,"{""aws"": 50}",50,0,0,68.23,0d68774059bbfb56adbf4c0d96e2da50a0c0e773f7b493b22003bb399f9f9651,acfa8f44c883083065a7e6c76d220fa42c1a063c1dfa0b3dedd5d5e5737ce749,False
2024-08-03,2024-08-04,v16,complete,aws,"{""aws"": 50}",50,0,0,5.79,a90eb13ee0f55309fb61142c8a52e88c4780ec1ca1ba4797feafd49feca5e2c8,6ad62fa253210f73eb8e02749dd7826c15c80b198cccba9ee295c46e0bb2f6a5,False
2024-08-04,2024-08-05,v16,complete,aws,"{""aws"": 50}",50,0,0,4.06,effa615ee67005260fc446f1131bbe5cf035a7ef84b727e478e264f51257802a,74a8ea0d8aea76341410e39f64b1302666579645e8b7ccafdfcbd6aff3a467c4,False
2024-08-05,2024-08-06,v16,complete,aws,"{""aws"": 50}",50,0,0,4.3,05227f2a5984af98aeb0c930c06d752242bc01940b839b96023cbc4ca4a39a88,b260d2b27266ccb00769c66a4c1084cca48bce85d8a8191c29e1927b97eda342,False
2024-08-06,2024-08-07,v16,complete,aws,"{""aws"": 50}",50,0,0,4.13,cf3aacdc05fd71cdfab248bda90364829763c95c9f82f634e91bced49657388f,14dac98f2532e03360d238c9805722e6276e36cb176c2546c99b1acc7c26eb2f,False
2024-08-07,2024-08-08,v16,complete,aws,"{""aws"": 50}",50,0,0,5.55,b537677bd04ea62ee62f603ff06b48ceb9843b35adceb4b36d39572384d82d5c,9c2d80299c20bd97c4719a2a864de36dff89b2e02318f29341b86b097b7eb7b3,False
2024-08-08,2024-08-09,v16,complete,aws,"{""aws"": 50}",50,0,0,4.69,f9083eb72e2b9c6df8997cee80ff6163a87a984e98c1b4a971d18d3b818d7396,7fad5f29c5b130da74aa65dc9d05d9322e6792e6bfe5cd1d1d81647660ac353a,False
2024-08-09,2024-08-10,v16,complete,aws,"{""aws"": 50}",50,0,0,5.12,a8ad23b8c645abdaf29fc9bcb894cb3a97c4c7fd97aead387bb19fc17312198b,bdc2ecf938caf8d6268149bc9343534ee4d29b9eeb23adc5f7bb45ba4941c053,False
2024-08-10,2024-08-11,v16,complete,aws,"{""aws"": 50}",50,0,0,4.6,8586493e7d4d6579e961bdc45194a729ebba70d27ecc6d41f3d0a20f2b332f69,b8ed0d4c6c1d1c4e83175c152969333f687f943b9adf62fc5818bcfb189e820a,False
2024-08-11,2024-08-12,v16,complete,aws,"{""aws"": 50}",50,0,0,5.59,cd3906381d5b13a1f7626cf068dcd580743a88b6929220435bab448a76251b41,5f487030f68af3a5c6a755bbf39b16582dfa41ac3bf04bd71a1bfc9256c37e47,False
2024-08-12,2024-08-13,v16,complete,aws,"{""aws"": 50}",50,0,0,4.3,13205077e02e44afc35bd45d52823e9c95c8a432cc664ef95b9e6f517d0b391e,85136e5f7508e32125260dace92beec6ce3908eb23ec6fb6d39cc6f0cf69eb71,False
2024-08-13,2024-08-14,v16,complete,aws,"{""aws"": 50}",50,0,0,4.69,8eea8c3953dffb75ab71cd0068a29e4a58f9706a189d97d81ffd02ee5bdc4f01,fadcf4fa231d751d930a9b86897ae021e93031aad5f570c4869a8241afc61fad,False
2024-08-14,2024-08-15,v16,complete,aws,"{""aws"": 50}",50,0,0,4.63,0b737e851ad94bfa40db11d51b6aca995ac00a2cbc52dbcdd6899d1141cade92,c9d7d45a2f6795f27201a8d4e460e2e208aefd95277b1f995f8ddd37cc3e1cf1,False
2024-08-15,2024-08-16,v16,complete,aws,"{""aws"": 50}",50,0,0,4.49,1f0804e59c6d05a639e42693af26d6e2fa9b87005176015582cb268781843213,2918ce813df01ca9b82ca80f18b484dd4b72843746444d5b501e1f2e1810a5bd,False
2024-08-16,2024-08-17,v16,complete,aws,"{""aws"": 50}",50,0,0,5.08,fd5e151de2aebe446bc9db0d8a9e1e089780b941d39bc098b8db71b82a1eab6b,1962db53b0385163541cc8c28e8cb1cc3fb776946a7f51f5f493f928c86adc6f,False
2024-08-17,2024-08-18,v16,complete,aws,"{""aws"": 50}",50,0,0,4.67,3be597a2e1c202b0f2cf91c58647a03eb0637f98b414983ae203eba09e136d3f,dac4ec7e13088a566c0c2e46be3ab06a50e5d28bfd584b4862085120fd5c2eb1,False
2024-08-18,2024-08-19,v16,complete,aws,"{""aws"": 50}",50,0,0,4.16,8312df1bb2c8cbbe861fcc2abca2fc46508a197b12643278f9dc709375bf20fb,6ac63ef7639cb82b89b60c91d3bbb425b773fe6e2be96a842b99af6f3d8de368,False
2024-08-19,2024-08-20,v16,complete,aws,"{""aws"": 50}",50,0,0,33.61,23d25bc8e881928247845d7ea918b22fbdcd752c542dc1ab9022194c5e0b509b,29fdaf5eef54875dae4717ad7ca19a417937de0b5a1c165fbe0d3f9c63db5f1e,False
2024-08-20,2024-08-21,v16,complete,aws,"{""aws"": 50}",50,0,0,4.59,53c58451dd71f7d4777bae27e50ad9cb0f9c674589541868af80e875d56d6a19,d7ddba0b2a9d79119d98d1ed561b552da9fe7f29bb3fe2e5b7efab315a121e76,False
2024-08-21,2024-08-22,v16,complete,aws,"{""aws"": 50}",50,0,0,4.24,cf19bb12e45200d29b2548ed51d9ff6efd75521dc4a5c3f9882ee9a8de750b66,02d8da8e1df0f1720bcfe4279f114d6f77d1b301bf815f0849186a761f3665f8,False
2024-08-22,2024-08-23,v16,complete,aws,"{""aws"": 50}",50,0,0,3.95,5e9000040553e3b66c4c40caa4bf3a3669993dea7f158fa274e3fec6ccf1331c,49452b8d6742a2c0cfb7a7433121ef7361b2ec58b6cd089798917013fe46ee94,False
2024-08-23,2024-08-24,v16,complete,aws,"{""aws"": 50}",50,0,0,3.72,1f4d2f459f37732f09bf8be1c8f4a906a8b7d0783f6a225d5a31cd4a483f7c69,c5b3497ca5503f97362e0d9fdc634d5195edf1cb86183dd3161b932eccb49977,False
2024-08-24,2024-08-25,v16,complete,aws,"{""aws"": 50}",50,0,0,4.09,46189d4b084e42a00791a07d7a5e71aa45df85900a73e56f78b5b4a238a9f036,34e979cfbf89239bd8936f88b8e4e73e2b7a0d1e6bc5bc7813ff1f5647da61c8,False
2024-08-25,2024-08-26,v16,complete,aws,"{""aws"": 50}",50,0,0,5.21,dd193e765d6a03939bc80746844cacba7198f27bf84df6cff6a42272f1be20d4,e0a4e711b2398e76e63e6c5d446ebddb171e7fcbbc50115dd8aefe3413e4c93d,False
2024-08-26,2024-08-27,v16,complete,aws,"{""aws"": 50}",50,0,0,4.9,d843a7f91f8a87b93f2946c87d46a52de37358b82b8da3af70bcea5793de009a,32cafe42d14f1deb66b6b8dc6e9f55a0a6390cac89dbfcfc804a37eba3ab0a6b,False
2024-08-27,2024-08-28,v16,complete,aws,"{""aws"": 50}",50,0,0,4.0,334d3a824f882f9975bb779963cfa1c1040d4da3f33193865cd9b067fcc723ef,3439afe501664e50dfa4acc10eaa731c5ea717c90c037a106df08ec7b98051b8,False
2024-08-28,2024-08-29,v16,complete,aws,"{""aws"": 50}",50,0,0,34.48,c564669518bdfa822324466b1f3c2802c0159cada19aa6835178737ba7841045,0c616dbe72379eb81dcfe95aaee67c5f4f211f24b6312434f3a494308d362716,False
2024-08-29,2024-08-30,v16,complete,aws,"{""aws"": 50}",50,0,0,4.02,20ef372f513622978b73188ce5c86531f90789485eb6af7cd144beb9a7fd943c,3591921deeecacbc8565799e0b4edc62ae9aef5525695d572299ba99ffc663ac,False
2024-08-30,2024-08-31,v16,complete,aws,"{""aws"": 50}",50,0,0,4.4,47eb01b9d215ec7a2c9aedd9f6428950f0504878bf76326a21c53c25a8e2ad32,b7874564720fee0a465369f8110d210ee2fe360d4ab044feb5cc45fecc019ff9,False
2024-08-31,2024-09-01,v16,complete,aws,"{""aws"": 50}",50,0,0,4.57,809e4afb5f69170d2a20879f7518e253380505c287a2694c305fd52964d7c1d1,bafcd8175879d190cd167b3280a46a34a523b6984e896fc10e836c71e4f34537,False
2024-09-01,2024-09-02,v16,complete,aws,"{""aws"": 50}",50,0,0,4.27,195f2a4b9483fbee9e61501833df8ecb3c315d95740bc33ce7e7c70ec8ce58c2,f0ea14e5f7824240db76346f2fca726a18cfab119e84dd866164890a13a96fc6,False
2024-09-02,2024-09-03,v16,complete,aws,"{""aws"": 50}",50,0,0,97.16,14fb89aa5d4313fd4493f49530caccf322bd80f9aa52b64c5c7b332362d085c8,a54958b5e6833fe99849fcb075347ce51de924fe4913301af36353624e0c7dd1,False
2024-09-03,2024-09-04,v16,complete,aws,"{""aws"": 50}",50,0,0,36.74,c9a309ef2712d7d85174ba6aee45b365a77370f59132b57917b57d03aec15c62,b987f77bf330cf65ef3a3a46de0e91da6a58b2f464ef688c5aff4155d859e3a9,False
2024-09-04,2024-09-05,v16,complete,aws,"{""aws"": 50}",50,0,0,10.12,44557738a18225463d150c776be225d9b3729554966acd557890fb5fdc624bb5,bcdaef87587b90c67637c2a2e142c98f8ba934fce54b446011f0eabf2e373d75,False
2024-09-05,2024-09-06,v16,complete,aws,"{""aws"": 50}",50,0,0,6.76,fffda311f1230cfae8fdec2c50808d818483a6c924597b6ac9a39757247994ef,33591dba8231ff062fdfd459adff618b409094358dd2ff53d9464b636aa53f8b,False
2024-09-06,2024-09-07,v16,complete,aws,"{""aws"": 50}",50,0,0,4.15,6363de93a580b45958ad0bafb5d7b22f63475a6b28fa51c127a695454f53d42c,dc0226f814fcf061923a96faa62f156f1030b4e0b6f09287d06368ac27b8634f,False
2024-09-07,2024-09-08,v16,complete,aws,"{""aws"": 50}",50,0,0,4.23,33082ed62589f5bdf87cf9f545a1948582e3ac8d797cf58369ca14c28abbdb34,a96b11755d8b4fa2bfa31e15afd7266e10fad2b7ad731465da50cfcc42d5f5d3,False
2024-09-08,2024-09-09,v16,complete,aws,"{""aws"": 50}",50,0,0,5.55,1a1d3215de2b1bbb539f02cac3a608e1b546662fe9d062579a7c00b254b849da,6fb05b0e651245e965e19468ea7a03ccd5cf777782fb9dfe4a000cd4ff62ad52,False
2024-09-09,2024-09-10,v16,complete,aws,"{""aws"": 50}",50,0,0,3.94,81fb2769c9a1215b38151fa16de429b89dd5e689738586a65d45a067b7a2803f,2d455258bdd3ad1a3207dd5267d2d5528cc1ab9918a3e4c5759285379904966f,False
2024-09-10,2024-09-11,v16,complete,aws,"{""aws"": 50}",50,0,0,6.23,4c59e1e10407aa0bd411d2e3acc765b0a129662dcd0b9e573b7d5a33ade40bc8,888c0971830963dbc0a69ff7ca8b7f88fcba3d124f738615e7f0e0d2b65487c2,False
2024-09-11,2024-09-12,v16,complete,aws,"{""aws"": 50}",50,0,0,4.18,e6aeaecf33a5a7ea73c76e4a048f6becb86a8219fca727236301625393330c1d,8d4ce780ae517763fa01595087ad3dad1d28d3dec31eb1da860b76bbf61a0de9,False
2024-09-12,2024-09-13,v16,complete,aws,"{""aws"": 50}",50,0,0,36.13,1bc4b20978b4489278443dc3a7e9f10ee1ab2486619a590f2cda19e81ff78f00,2e56ead223a2be72b4bd1c674d58aff46d3e8cea7e1f7324df3da52cb5a705d0,False
2024-09-13,2024-09-14,v16,complete,aws,"{""aws"": 50}",50,0,0,31.86,04af93728e10cce359388fa9122c2885f1b0259f17c3a9535900c355e38c11ba,8674e830de18e25cae2b12a39e3ef23ec595a8fc1be3ab638425811ff31a2f6c,False
2024-09-14,2024-09-15,v16,complete,aws,"{""aws"": 50}",50,0,0,4.01,e0383eed630df02c7a7c76d073b92ec8a4a7fd3c4bae52d2250f9248da4c8347,3d246b267dba43931cd30ba81511c40ce32bb4a534961b693adabef3bce5b760,False
2024-09-15,2024-09-16,v16,complete,aws,"{""aws"": 50}",50,0,0,3.9,15b5700bc8a5e688877898c9a703808509eed7bf4bd582eaa416e2a131f0382f,c6c726f2c170c91d9ded819bd27b7c141f2939a28f9a61a6d6b2253f00815a01,True
2024-09-16,2024-09-17,v16,complete,aws,"{""aws"": 50}",50,0,0,4.64,3eb5574576475bdbaa8f1073fee41700685ea1d3c62a59b7d37fd6b204bf3dab,f7fd9a1ab37811dc53138e35ef0a2a4ed5c920baa968acb8d01750752da7f72a,False
2024-09-17,2024-09-18,v16,complete,aws,"{""aws"": 50}",50,0,0,4.7,a380abf6fcf4ce89a2c8d8d1757bde837c7284ba87596ccf56f403f9d5eabf8d,6c80d8cd8e07729dbb7b20e9565d5846793bb714a00ef655e16616f53c6b455a,False
2024-09-18,2024-09-19,v16,complete,aws,"{""aws"": 50}",50,0,0,4.71,d1b2439ee9e484e3dab538944971ffe2a24c5446907bcdca81ead809d7d6f039,444a7456c1eeec00fd4cf447e6a69b0c600b8f63c9fd8284b72db9f097fea4b3,False
2024-09-19,2024-09-20,v16,complete,aws,"{""aws"": 50}",50,0,0,4.7,a9dbc44869df68579c107a761789c909a528cf8cbc216b4bd0f58b1f046b5281,6a4f36868ebefada2ae5a00103b7980a4fb1da1dcee129710fdfac4766b6e5fc,False
2024-09-20,2024-09-21,v16,complete,aws,"{""aws"": 50}",50,0,0,4.89,a4f5c954303e19656cc6ddf773a359117dffc9f75003c83349c7420baa4ae509,9402d19cdacbf16f18d045f7e8d0ad542a8f6d5c39ea71dff9389e2837065eff,False
2024-09-21,2024-09-22,v16,complete,aws,"{""aws"": 50}",50,0,0,32.84,5593c45b9e359c6967d7bd36012472aa34bc034bca45d39d72bd75a1ac9007f3,f237b4b48c697a79118749d52c584f3e30d264ad71bd21f5727cd382b916e18c,False
2024-09-22,2024-09-23,v16,complete,aws,"{""aws"": 50}",50,0,0,73.93,27b3b770420ffe6f03ddb2004d65e18d04012a9b5a7f85d82829f8611c63ebae,0cc1f7468fda4b62662faac00232c512039405f50e1b12878bb80931b0619a1d,False
2024-09-23,2024-09-24,v16,complete,aws,"{""aws"": 50}",50,0,0,35.41,59a72ee992f26f5aaf0a3c1de5090faa0e95fee5be9d493721a56d0b571248e7,4516506e90a815733484693436426058b8c117f4b48dec638c3bd736abcccba3,False
2024-09-24,2024-09-25,v16,complete,aws,"{""aws"": 50}",50,0,0,117.19,b438c1c2cd2e9df5b8d862a4e21ef888b7122a077c69966adcc974a2847514fb,dde1bb1ea574f7189ce3bbe5c4970f8f3d94473c918897cd2e70c203f1d2a147,False
2024-09-25,2024-09-26,v16,complete,aws,"{""aws"": 50}",50,0,0,36.35,050fd4d130f9eabd97e4304e9274fdf1f1c757f4b27ed88e85846f43a0f680aa,e570806ef4d9ee989f050be436cce0149849b757dc185dcb47ea23406a522e06,False
2024-09-26,2024-09-27,v16,complete,aws,"{""aws"": 50}",50,0,0,5.44,4f575b2b2f29a41b15c5facdfad3601149692cc0ffc8d4694fbf36aa2b17ff77,c728a3e0b878a10ab9c0a2e0279c92a9d8fbdb19c8df5b69f44179fd919719e4,False
2024-09-27,2024-09-28,v16,complete,aws,"{""aws"": 50}",50,0,0,4.19,0a9c9a09322137b1aae1442e88ffc847ad47226b5993d74329af4441c91a67fb,1df79815bf1d481ebc6ad6f626801306e303d1456614ef93f11391ec7ee5cefc,False
2024-09-28,2024-09-29,v16,complete,aws,"{""aws"": 50}",50,0,0,4.22,7b54f01d317b6f911a782ba1c462f827998983318850237eadafef16b7dde96a,2d07a1ab46ab04edc303276628aff9871b3f537670a41e2541277a6dbcdbafa9,False
2024-09-29,2024-09-30,v16,complete,aws,"{""aws"": 50}",50,0,0,3.74,4d03887216bc68c5abbddc046d36bac86f378e7954e54848fb579d8a34c70b9d,7e871eab8ba840391ffca8f68c69ae7ff0562c3d57fad29ecd0d97e5ac438951,False
2024-09-30,2024-10-01,v16,complete,aws,"{""aws"": 50}",50,0,0,4.33,5afa406274b1c5e5374f6078528ec44242d7ba5aad11d9c80cf48707b6e13075,9f34c8caa7c9c28fcbaf7c35613ea0c729ca3b008c9bb12cf5ef4a9c82b90a25,False
2024-10-01,2024-10-02,v16,complete,aws,"{""aws"": 50}",50,0,0,3.95,b10bab4dcaec157ccbb946d9abdba2fdaeac33249b368d34fd21450083192adf,b43c749826cbac73549892865348e7635226a6b2eb8a5f5f16e3b2fffdeda2bf,False
2024-10-02,2024-10-03,v16,complete,aws,"{""aws"": 50}",50,0,0,3.98,5873ec2235f2acd8ccf33bb462df3846accab4679d92a954bd0a3fe6a0a2a0aa,3d07c0f490b4c4d251bddcb6273b8b5851d9d0755b578874731a236bd241134c,False
2024-10-03,2024-10-04,v16,complete,aws,"{""aws"": 50}",50,0,0,4.35,9ce2139389235c6862481d8f3ee31286876432f064fb9e2b182248b921f06069,2319c69250bc5b6ce5698c5f9e08d705b54653ff024b3ebf69867824e1a8c6b1,False
2024-10-04,2024-10-05,v16,complete,aws,"{""aws"": 50}",50,0,0,33.21,e7143149172b7bf28813cb4c3576afb10652c0a1ddd088cf96c1b05680cb6329,14b4e4618d6acb8f528d5513840c8697734d2046f56ad7ca6e0ff46ab7c25230,False
2024-10-05,2024-10-06,v16,complete,aws,"{""aws"": 50}",50,0,0,4.72,ea7e3cbc0c320b0770083964cc3b7e50353ea6e9e86ef53d2a010a92290d3ab4,0ff7ff009b4dfe80ce90fe507d8d238821311182bfff1c83ae4527a8a9e3d957,False
2024-10-06,2024-10-07,v16,complete,aws,"{""aws"": 50}",50,0,0,35.18,decb8ffb2a730116dc2abe74e06cbd7a023cddf25dc49a46b79ab6d868a88c2b,364d0c7e16f5abeaae670445dc2920f58405cfd942fd9cc06bf83da6d134374c,False
2024-10-07,2024-10-08,v16,complete,aws,"{""aws"": 50}",50,0,0,4.18,8a48db213137f78385cf66dd60adab3e5136f3c972ee80d6668774ee166a057d,e9f1b05e4ea0b05ca5122f2e2ba7dec976418c12bc483422c254ff79b1961a90,False
2024-10-08,2024-10-09,v16,complete,aws,"{""aws"": 50}",50,0,0,4.19,724391b58b166b6bb0649190be1d33d37c4d81d81fb38aefbcb2095402c3bdcb,cc78731ba82eaa524d3374cef6d03eb78ee3e1cd17edd268f2f3c529126fe851,False
2024-10-09,2024-10-10,v16,complete,aws,"{""aws"": 50}",50,0,0,4.34,52cabce391626a3293b21e6db344c1aa8c02d5f9510f95e967fad49e7bce0318,ff2ae84164bc55e8525e83548e85cb2af4d30d2ab162b07e204e35861950b7c4,False
2024-10-10,2024-10-11,v16,complete,aws,"{""aws"": 50}",50,0,0,3.7,f5b93a0c6c60d6f55632e8b3e5d6da4a1756180b1164a66eb0c700abeeae71d2,955962118225da646db118253c10ec50c617218676eced783cf82912b2266efb,False
2024-10-11,2024-10-12,v16,complete,aws,"{""aws"": 50}",50,0,0,3.75,c86655a4ebd3a16ff32115b9d7a4582deb573e2a07b693ea7c8820ffdd7cc76f,f395d293c757d0e33aa890d74326d1a814ffad4283ca9b240156d438ccfe082b,False
2024-10-12,2024-10-13,v16,complete,aws,"{""aws"": 50}",50,0,0,3.86,67f9af7f78b6d4543f303ae3fc00093406c0a65de3c5054c6e11bc291df78240,eb4e67c76159ff869253dc800cbd74c6141f20d487dd5ffc49d514a23c67f423,False
2024-10-13,2024-10-14,v16,complete,aws,"{""aws"": 50}",50,0,0,3.97,8e09194f6dfd702064b25f8be78e27054479b57b61fe48c3a228986161ce1799,7b3468997886a7b7d9e8692d41b5c1438a4c584f9ef36a0d0eaaafe9172ea31b,False
2024-10-14,2024-10-15,v16,complete,aws,"{""aws"": 50}",50,0,0,5.21,5729158ad52a2e3f9c0fc3881a4b095e3b044e98758c818c3090ae2537f508f4,08aaaf9b9b1028ae581b25a4ead7ec1d6d45925f090e504cf3b39c40000b81cc,False
2024-10-15,2024-10-16,v16,complete,aws,"{""aws"": 50}",50,0,0,3.88,400bf2bd9cbf0a02e24e5b2ca5ea57a3d93c6db8481d3632596f57f1efb2f6dc,4fb836d2c5415ea4db78f8276cc9509d96e6a39c7c4ef356175fd4a0528adb7d,False
2024-10-16,2024-10-17,v16,complete,aws,"{""aws"": 50}",50,0,0,5.25,b2173f99fc31255a3d92f28ce706b3c988ab2454eaa741c93d8705cef0fb1444,1c79200451c4accb97f43eede9bdbbf37cc3079e31de094e530cf19213d949d1,False
2024-10-17,2024-10-18,v16,complete,aws,"{""aws"": 50}",50,0,0,4.19,68b78ff54118ce1a5da89b763291abbe998e6e5345f686570a9431285e4cb8c9,1a51540b56a66b66782bdd958957449b42586bcc35798eba46fd79e4eb96a334,False
2024-10-18,2024-10-19,v16,complete,aws,"{""aws"": 50}",50,0,0,109.96,dddc4e4e378346de6cc512572a1555860ade89d6dd3efdf73c73b7c30c82d635,1dd3a06a31fcc42e28657e58ab65185f8e4b15c668d40b5a34a9576551d5042c,False
2024-10-19,2024-10-20,v16,complete,aws,"{""aws"": 50}",50,0,0,4.15,75d4aa648ec540141dc87268e029465fa5dd37b9cb64c12f42e8e8191288ec82,6681148e3bb5baa4ccb85124ba6bff318702e951097797db58cd1b8e31562f8c,False
2024-10-20,2024-10-21,v16,complete,aws,"{""aws"": 50}",50,0,0,4.04,51125679c87063f84213eba3b4af7ac5311b5ffa3dd1328749e2b54363a56335,f5c66c7142ced960d6ddd067b44281c309c24323e15d4af90d3cd35073ce1400,False
2024-10-21,2024-10-22,v16,complete,aws,"{""aws"": 50}",50,0,0,4.03,082ff68ea1ebe7b9236f6d572cfc2f64fbb5275277094a06821d0ceb8d75185c,a744ce64cf0fa072e2d5f00838f5927279411268a4977882bb4849d533844289,False
2024-10-22,2024-10-23,v16,complete,aws,"{""aws"": 50}",50,0,0,34.46,adeebc9279c1bf106839911c8ebaeb59e85a0d16b68b985adb68dd135c843e52,5ae024934757464c3b2e09efe19ceeaa2374f11015e1278423ebd89d06626383,False
2024-10-23,2024-10-24,v16,complete,aws,"{""aws"": 50}",50,0,0,3.98,150309f890f6cb999aba534af17787ca87f68d4cdcaf388bcaf79b905eb95e66,4866d0280fbc02e42d853ada1e626a44528a1c28423955e8981090f7e8939ed2,False
2024-10-24,2024-10-25,v16,complete,aws,"{""aws"": 50}",50,0,0,4.19,111dbfce71c9c10e9b2684334d47c8b30d08a762a3ec8f68f4c4bbc4ecba26f5,456d767cb557d33ebca883865b86842070d4dd288e100ded94c52453738b296f,False
2024-10-25,2024-10-26,v16,complete,aws,"{""aws"": 50}",50,0,0,4.36,c23926721d255b807cde34a4892ca173f7abdcf0460e6c0cf2480d7ce357dcb2,282769276065607317c8532cf2e3d6f2ba3e68bc98864f220adc4849350f5211,False
2024-10-26,2024-10-27,v16,complete,aws,"{""aws"": 50}",50,0,0,4.68,2f2201fa4d4b51b03eca8853b899698ad0e5b9ab13f7ee8e21bcdf6a8fdb4244,ca7c315ef4b1e6b182f2ae5622b7f307163c82ead7efc5d37c1935baecc84c07,True
2024-10-27,2024-10-28,v16,complete,aws,"{""aws"": 50}",50,0,0,4.89,47fcda1e0c104b913a3ceaf3c2fbb1850bccc64c32f4d10c0b0d8e58ae421bd9,b7f9347ca3f0acccd81535046cb6067250ba0bd41a3ad7e16704d4a7d9501754,False
2024-10-28,2024-10-29,v16,complete,aws,"{""aws"": 50}",50,0,0,5.54,b7990eab3da5ba1f9fb8ddff80b31c9b25d06bf124126badbb1f62383679da2c,dd29d2ccaf7780316117bc350856f277a246763ba7ab2d40ba49dbed05697922,False
2024-10-29,2024-10-30,v16,complete,aws,"{""aws"": 50}",50,0,0,5.23,fef3c3bf1ffa9f69ecc3c6152e59929574af299ef1861e335ecab96a675ef921,cd19d8c9775494c9c2d4544cb0ca63db78be413a491e9eb34d5e8fd36fb7185e,False
2024-10-30,2024-10-31,v16,complete,aws,"{""aws"": 50}",50,0,0,5.12,e26db0c7eae848df53cbb14968f06452e95f7df2be29e58928fb7fad71377694,3022bbdfcd783c0da5884f0f12f78b4aaa369323a0fe0f246781195ad4992324,False
2024-10-31,2024-11-01,v16,complete,aws,"{""aws"": 50}",50,0,0,3.95,dbe7c08d22b84123528de005bcdb2951786e167d079fc2885f7ec1add95a61b9,49989792f22b448eb1440c01180b1fe98c35d99ebc6d60786e01789046da12c8,False
2024-11-01,2024-11-02,v16,complete,aws,"{""aws"": 50}",50,0,0,179.41,d41b046740fa8c1478bda455a9efd06cc4c56357845e1dae8c5926185a86dc34,f30c77388b08e5f548d0c0591326b4bfa14eada21854c45038b63c527f4d217e,False
2024-11-02,2024-11-03,v16,complete,aws,"{""aws"": 50}",50,0,0,3.81,f9c5b5d4458e0c79c536430427116865cef9e1c6dbdc18742d998cc73fc12a75,d1869b29f89891c5b90f6bcfbc1bd601fc0ea2ae43741b16226917cebef3bc7d,False
2024-11-03,2024-11-04,v16,complete,aws,"{""aws"": 50}",50,0,0,36.69,5d6c970d0dff7023da268efc35046841eacb601b2c2e1fddd1162d61c5124134,73098e4b37c0a822f3480e1f5a596fe805c9bfe4afe4cb2cca9a6ac5982f2508,False
2024-11-04,2024-11-05,v16,complete,aws,"{""aws"": 50}",50,0,0,4.07,f380969deb0d2b1c4c859348e07a65889251cd71c5152626ed262188bbcda82c,ee4b13ca3c2d688a40482e35622ac5c26079b07e6b5baae3a42e2153600a9d52,False
2024-11-05,2024-11-06,v16,complete,aws,"{""aws"": 50}",50,0,0,3.87,f0d99a8816809336d5017a909c7d9a510dbe6a4687ef0c38f614b0bafba80ffa,3ad18907f7d983d7a9ec3395275485bdf9158a806ba96c07a4c2a2289db656f6,False
2024-11-06,2024-11-07,v16,complete,aws,"{""aws"": 50}",50,0,0,3.74,57709b1075afde817c0df47c28c9e296d230d04bc1b9561adf6da90d464a4026,0227fcfdf88e5819e99cdf4bc652f973ab20eecb736e0f96706ab1e4664cbd4a,False
2024-11-07,2024-11-08,v16,complete,aws,"{""aws"": 50}",50,0,0,4.15,b9aaa740fa299288f2ddc09988950c13337b4fcf445202311890850070d94e24,96aff02ae62bc8d9c38bf33fdc5b9641531f009931066fbbe5e093e595cc1336,False
2024-11-08,2024-11-09,v16,complete,aws,"{""aws"": 50}",50,0,0,4.03,2dde4987d54f4e3e201306cb50d5e744025bd8428835dd67cff161a5d88c4f28,59a9ecae861589b093f8d7d7db09ef2a356ed07edb52535beb78be46d5cae28b,False
2024-11-09,2024-11-10,v16,complete,aws,"{""aws"": 50}",50,0,0,3.63,80182da9a9fd3948771c5cfcaee058cb737f9944897f8e934da2b592b3775ca2,62aa17225fd3560076744c3b15734ea665a140a000a81e2d7e736ddfedfcd704,False
2024-11-10,2024-11-11,v16,complete,aws,"{""aws"": 50}",50,0,0,73.9,243a7bcd6881fb94d1daffb2e8bfcc69c209884e97e04e3a75dbebd716179116,0a6bcfad843eeda85a3db49f49e84a5b67c9b7059f9890f80fd49306b2c71372,False
2024-11-11,2024-11-12,v16,complete,aws,"{""aws"": 50}",50,0,0,31.79,aecba6e73d489e78670f495b1dd22ea163e16b5e605dba47b8b41701ba48db8f,b702e3601eb6d2310fe932675a2552d80922def54699cf0a5f82144a0c9542af,False
2024-11-12,2024-11-13,v16,complete,aws,"{""aws"": 50}",50,0,0,5.76,d15c88d8d67150b127f03d0ff73e95becd2d41117db40b3496c3614bdd02a982,16c20f083eec7d74f1f74e27b54eba7fdc1f24554fdfecd2b49b1bb241470477,False
2024-11-13,2024-11-14,v16,complete,aws,"{""aws"": 50}",50,0,0,67.79,36badcfed2532cae83690076a6fc0b9fa86304f4c1a4e0bf4ca15182a52bfbac,14f4aaac4b387e80762723751b986fb64cc67911077d4aebdeb325c43f125eea,False
2024-11-14,2024-11-15,v16,complete,aws,"{""aws"": 50}",50,0,0,4.44,8e6c5421d520ce716b97471d1452d1923e1f02197168cc47240cc4f9e6d4e946,4fac5865cfbe7b249a7d19f1a21bfc078a09f0c5d86fc581fff08107d92ef1c2,False
2024-11-15,2024-11-16,v16,complete,aws,"{""aws"": 50}",50,0,0,3.9,df4619d562758ebfaf1cf306a5e795ef68ff7094a34eeb6be6c8f0de21cba8d6,647413254ad349b84d33574197145d2617fa34f5e014ba1055078d10c6cc6735,False
2024-11-16,2024-11-17,v16,complete,aws,"{""aws"": 50}",50,0,0,3.91,b029a7cc652299edecaf973804101e6367e705dd8c35849081c1e535edfe606e,082a57eee5ee7135c383125d5d23b614f228ed5cd5fbc2d9b727d7bb71296be5,False
2024-11-17,2024-11-18,v16,complete,aws,"{""aws"": 50}",50,0,0,3.91,2d63f6be88818877fd94366a7cd00f167ba6b2700fc9f3883ae5a5d37c70bced,b01405322ec05955182b32379d5b96fd7148d945c22d4c4b86516890bf91b98d,False
2024-11-18,2024-11-19,v16,complete,aws,"{""aws"": 50}",50,0,0,3.68,8066af9171ee87e8e8de2e043b011909990fdaf370e3729c21b49327528c1c1e,29e822bee6b6bb0c5ffa57ce830dc1b0a10488e755769e975064e78b6d97c8d5,False
2024-11-19,2024-11-20,v16,complete,aws,"{""aws"": 50}",50,0,0,3.93,c557a65f420d464a8a58506ab14c29b9e5e1152dfccd0461378bf2099239d2f4,884706c627fee1a287ed9ad1ad18691fdaa787721d607dde91b4e8d93ae1d81f,False
2024-11-20,2024-11-21,v16,complete,aws,"{""aws"": 50}",50,0,0,4.81,cb4e65815093810d52c289cf545f73d7922af1ac56056570fd3bd2a85bbbd558,7fc9c7670c88f0f287ea5f986b4d466315934293555ea1f71067fe7fbec36521,False
2024-11-21,2024-11-22,v16,complete,aws,"{""aws"": 50}",50,0,0,6.01,42d8d78cf76794f535b5a7e3665e240e1cf6701f0ad88632a6cf00ecc5dfd13f,88b93af52161204fb2189a0f277c43d1e8083b995152ea73bd4aafae43981029,False
2024-11-22,2024-11-23,v16,complete,aws,"{""aws"": 50}",50,0,0,33.9,cb288af107b030f8e1a3431e665aebb2ebc0523996932859dfa6a28d98711e8d,34c15f241ea4c1eefc2f3e18fdc1439a90128461252a60b3bd3068a0ca942ba2,False
2024-11-23,2024-11-24,v16,complete,aws,"{""aws"": 50}",50,0,0,4.62,31ded1648c7574ea9db8f92ed1072c8cb7585ee8a08672613c1a3e5787f98dc9,b9f652b29939af9d07b045800bcd1e611aac0a34af16231e2dd443b9850d6b7d,False
2024-11-24,2024-11-25,v16,complete,aws,"{""aws"": 50}",50,0,0,4.53,e3233dc4ec255e4d0b0a4659089bbf59c6e6e527659d9ecfeb6dfe404300a66e,8276df4ea213eca62c4e04614e35629c9d0dcaf085ee655bae33dec29df75cf6,False
2024-11-25,2024-11-26,v16,complete,aws,"{""aws"": 50}",50,0,0,4.07,ad4c01e675faff8277451bf7454df26fb5496ebc00c440731c3d2387a1d875e8,442beecc71193cd14e2cb77387fd2477919406ea84b473e1ee631beed711a096,False
2024-11-26,2024-11-27,v16,complete,aws,"{""aws"": 50}",50,0,0,34.19,c66a60d11e6a9006182d8c32cb1481d2b6e740ca71b1f8675bea16602feda2e8,9a3d9aec02b201d9b22ec5353194fc69c1cfde73b3525a1b70f91c103272638e,False
2024-11-27,2024-11-28,v16,complete,aws,"{""aws"": 50}",50,0,0,71.49,63c4bce232e158c06349216ef3eb72a78821356e11741e1f9975d7fb49b0161d,6d5752c703654e8a0c5e123f0689a92057ece6b59701e3ccc587e66f15cd6ce7,False
2024-11-28,2024-11-29,v16,complete,aws,"{""aws"": 50}",50,0,0,4.16,16fded67b0842b59084772fa6003248f17e08ae16ca191e356b58fc74615a6e3,ff35b301c54ca9fb96fbd6b598a78d29803635bf9ed0d5556eb0d7426d7c3b9e,False
2024-11-29,2024-11-30,v16,complete,aws,"{""aws"": 50}",50,0,0,4.01,b361fd11f72ddbe61f692acfba644a8967bd8b21fcf8afff81f4d86d7a5c57c8,1e6b5e8a56f246edb7778fc13e621272a023fdd498ccfbd8a3041ffda6f3da9b,False
2024-11-30,2024-12-01,v16,complete,aws,"{""aws"": 50}",50,0,0,3.87,d8e92efae06d1d47debf2b6b5955bdd521002341ca60a2370dfc0400841093c5,308b60c8dd1020814d32e6b1c206f3a1236f06a167e420aa16fd49919db9eda9,False
2024-12-01,2024-12-02,v16,complete,aws,"{""aws"": 50}",50,0,0,3.74,9e73a675b47aacba66b7903d4e95fcc3ca4ee6d8bf61e3431779f91b6b810394,2fc6084b478e21470d9f4c722bfa28f19c2c07bed8ae3a0cc54de345b3c0cd30,False
2024-12-02,2024-12-03,v16,complete,aws,"{""aws"": 50}",50,0,0,3.88,37588ab84a87c5db591c99948c02361721dda9e861db9894ab35a3f14f082da2,9374cc7c45a33ea7b96709d08df45557a3aa7ccb97acb2cdc65971752b6643c2,False
2024-12-03,2024-12-04,v16,complete,aws,"{""aws"": 50}",50,0,0,68.71,9c603968aa44296bcc912818e488c469cca09647739c9bcee3468d003011b48a,82dde5f95b8e3b47ec7b36fc063d540dba8c2986d5a4dbe37afb0f3d5cc2266c,False
2024-12-04,2024-12-05,v16,complete,aws,"{""aws"": 50}",50,0,0,4.15,6b7c3c5271b98a7a1a9cbd47e86fafda9152561ab48fe7bf573eaa2b9fdd1f6d,a07aedb5f1155dd05b51c8d0d474ac163b439d8ded2d4184582bdca67a5079be,False
2024-12-05,2024-12-06,v16,complete,aws,"{""aws"": 50}",50,0,0,3.93,6f563f784fcf717501e9c3737954046dece7af32f40ade8a2ea1696628070a81,674fef0b722ce5a59b6d9d4345e389deec9f210106f0805912c53428a30d2aac,False
2024-12-06,2024-12-07,v16,complete,aws,"{""aws"": 50}",50,0,0,4.4,e4490da1f181d58cd9c118197d3adb2814ae9693fdaaceb8c34746a5c83a4cb1,928d143e69201b0e509ddd00d8cd54520ffcd1bf33a2d8fd124436c1c51107e1,False
2024-12-07,2024-12-08,v16,complete,aws,"{""aws"": 50}",50,0,0,4.17,04671b75c19770a1df77294d894de879427364721d301221f75c9acf85f5df8b,e9efa678549f1421507fbf8ca3ee700e39f482f5b157f3e58bb271450147f9d1,False
2024-12-08,2024-12-09,v16,complete,aws,"{""aws"": 50}",50,0,0,5.74,b66fc16f2f663335b2e48987ceab7c52e10e4746607e772949c2583b0dc3ed77,7f5f320febe20b2a8fce78ef5d8b7b316dc9b96e285cf9be266a9f23d59c3aa2,False
2024-12-09,2024-12-10,v16,complete,aws,"{""aws"": 50}",50,0,0,4.33,d59def19992ac972b5526f30a5a8ad66fbc2e8019f09de1e605d8d335654d5ca,049162fcfd507e4ea1927ea2acbf7d64d8502b86e2be309fccbb2f993511badf,False
2024-12-10,2024-12-11,v16,complete,aws,"{""aws"": 50}",50,0,0,3.97,94db17c1716a6bd3914ab68b7575317f8cdef42a4f2d52b2fccaf94e6dac85a7,de15f47e2764840fdaf461d6e160556deb8bf884686ede1ef2c33124d34d11f9,False
2024-12-11,2024-12-12,v16,complete,aws,"{""aws"": 50}",50,0,0,4.25,30f01aee9d5b16fd92cafd8118ed09b3e805c47c253e2d3183fe6600c82f23b5,dfa74a89f5a389af5b3db35198fd6b53159ec993c0b9a4cb834463612cb88971,False
2024-12-12,2024-12-13,v16,complete,aws,"{""aws"": 50}",50,0,0,4.49,18900b3a05d5b453f0f232218f5cae0c5defcc8d13caa98fc7e022a6d3b8c68f,80a3567d958f10b376e8905e241e6e4c363979182fd89f8fc5b92456972ffe36,False
2024-12-13,2024-12-14,v16,complete,aws,"{""aws"": 50}",50,0,0,4.1,b76a5cef9e38bd848d1478aabe50fde4d5ad3d5927d3757dbf9341d96c3bc17f,a6324d292b9aa1ffce247cd5967b6ece25bfa6753467bf07c29b4d56d15d631d,False
2024-12-14,2024-12-15,v16,complete,aws,"{""aws"": 50}",50,0,0,4.93,8176ad54cecf65df782453af7a6dbbd18b54167bb1f397894edfcc88ac67fb81,ec0246167862c9c3100c42813b1af1ac7d2b49db8301ce8fccfe35d7a9809e4c,False
2024-12-15,2024-12-16,v16,complete,aws,"{""aws"": 50}",50,0,0,4.89,dee7bd1df784db510a75689c25c2b844234387819c475ac01f92a28d4fcab46c,8a38ab14d7a337b9f6109198f0c65f3221046a7752d23c4812ade7cc8138d9f6,False
2024-12-16,2024-12-17,v16,complete,aws,"{""aws"": 50}",50,0,0,4.29,d07e441886465e5216876c165939634cab6742a2a16885b24f474aba6c77f819,d914f654f4687f8e00eca21538de620ca845ff6096c9040fc177533b55aad9e3,False
2024-12-17,2024-12-18,v16,complete,aws,"{""aws"": 50}",50,0,0,4.29,3230aaf91bf7b8059a390e25de6dbd345df2a76ba60d1f71aed0524232793401,5662cf208509a562f483fc920adc76486d53382421756dbeb192a2782f8a1840,False
2024-12-18,2024-12-19,v16,complete,aws,"{""aws"": 50}",50,0,0,4.07,eb368c9a623150383ae85a9a09b7bf1ba17fb834d54184e9ec761526912e077f,4cd4bb6f5f7dabfa405bf3ace24d0597e04eac27f70b7f9190b863de84ecf1f4,False
2024-12-19,2024-12-20,v16,complete,aws,"{""aws"": 50}",50,0,0,3.91,a041902d408b65e9f06e981abc947c3c7e8be2654d1cc03ba1b355788f195cea,47ac6149cc988726c04106094684ba27d8ee32642e362edf222fd8b2876e16b3,False
2024-12-20,2024-12-21,v16,complete,aws,"{""aws"": 50}",50,0,0,3.94,f2e949cec1957e6c4241cb05449385f1b342ae503cb733e3df26d3af8ff5a99e,5c89aa57ffdd1ef147879310a80608d3491051ed31564eb7c501723e8725e010,False
2024-12-21,2024-12-22,v16,complete,aws,"{""aws"": 50}",50,0,0,4.52,2b58fb7652f6bb54332f80e8ea9cb91b9e259344a60d022b07fcd69f78c24a1a,05774bca5356be200c4403a5fe54804fdf2dc6eceed611621e5cc913a23990b5,False
2024-12-22,2024-12-23,v16,complete,aws,"{""aws"": 50}",50,0,0,5.63,db223e3e844b66d8b0863fb55e0f97d472cba8ba318a1551a02f47b5d3409828,0fac41794931cb01055c5c0a321a13371776979e2eb58d66b7c544dbaf18b77e,False
2024-12-23,2024-12-24,v16,complete,aws,"{""aws"": 50}",50,0,0,8.43,e044687ad1d89c2a2eb86f9f8e14c7679509992f9c718df6157462a658b48e86,1ff17b06a574e5ba7e5dce87f5e6810114dcfa6a38903852bed39519d860001a,False
2024-12-24,2024-12-25,v16,complete,aws,"{""aws"": 50}",50,0,0,4.39,414f4304246970c1a166e71b1ae2cb1cde6e03322cb827a7c4302549e734a40e,0cd453bab293a8c8c5b3e236b75c739911e723341fded55fbb34011ec10f49ea,False
2024-12-25,2024-12-26,v16,complete,aws,"{""aws"": 50}",50,0,0,5.08,18b6ee12a712d392ffa3ce92758ca2e8a3cd7783fe4a47e141a8ab1798964d48,d3e8e27fd61ad15378886a698794a549930fcbeb0e0aa5d7556a8a0bd26ce38e,False
2024-12-26,2024-12-27,v16,complete,aws,"{""aws"": 50}",50,0,0,5.55,b02544810dc9e19e5e1f36062f0b9b3744670fcb1cd8258ce666e43452ab87d3,fce418791afeafa6f1020655daf8b2f5c660977f08a94be7c6f368a4bf6f297c,False
2024-12-27,2024-12-28,v16,complete,aws,"{""aws"": 50}",50,0,0,7.65,e5795d7f213df679f9368d3d4784865aba20f46f417364679fffe1c19d1b1b25,f9b6e2ce62204e173b13305c67f30e4c8b59606da1d273f0d0cde219ea871b3a,False
2024-12-28,2024-12-29,v16,complete,aws,"{""aws"": 50}",50,0,0,6.13,4d645f233f3fcdd81f245776e77ffd6e45178ec82eb49f2171249d1ca39976cf,18b0c3dc35c590fbf70b9714467c4909d5ffd8265b04e7760fbd2920aad45d37,False
2024-12-29,2024-12-30,v16,complete,aws,"{""aws"": 50}",50,0,0,4.18,3fd5d77de84a5d17e577ab75cffd3fab17a5fdc19495c6983ce16f7989304b10,c8471a11a6210330ccb55c66de06edd885aaa52ada46e9c20a11c95de138923b,False
2024-12-30,2024-12-31,v16,complete,aws,"{""aws"": 50}",50,0,0,6.74,ee9f38c0148335f34f7e8702fd1e17a2909b6391b05879cc166f69cb30bb1382,0084870f71d43c78a4c0c5a1d4baf93715c64a4336fe13a6dbbfea03707199a9,False
2024-12-31,2025-01-01,v16,complete,aws,"{""aws"": 50}",50,0,0,108.36,34204e045948c36d132231919d517647e4b016c35b075936d8db96efb1059334,2c02b1f3b59267da1878ef9decc6657876e80a0f7253696ec3d25321184fb18c,False
2025-01-01,2025-01-02,v16,complete,aws,"{""aws"": 50}",50,0,0,6.78,6f735f533ce923b6401dcd921acdbf0b332d9c5e276c7a7aeebe4e263b56065d,3f0f35543da0c6160758c5f25708eb6fd772c9656cf74bbff65553d68fa3787c,False
2025-01-02,2025-01-03,v16,complete,aws,"{""aws"": 50}",50,0,0,8.84,a0ce2f62ee6ebd1786ec29506afc9cad9ff24d990f0b79d93ebe314d9d988bfc,912a0ebfea972204d8d74db200e9c22e254f8f4a34085b0cc27f3854766e4904,False
2025-01-03,2025-01-04,v16,complete,aws,"{""aws"": 50}",50,0,0,6.77,71712915faf7e6dad03b3e51c1e8e4d1d18c68c421c27bfff3a9c84a77114494,abb5c5a9bba9f1b8c2d3c9bcb4403f0b68c62d79a12bbe99d8a6e0b053f6aad6,False
2025-01-04,2025-01-05,v16,complete,aws,"{""aws"": 50}",50,0,0,5.21,06c251d4aa7008ae5bc04353612480ed58c52e140eb303360a23ad9f8a61101b,9a2e1787d574adca64a11c7b4d214f1bfe21245723e6d7cff7a6cb722a764f79,False
2025-01-05,2025-01-06,v16,complete,aws,"{""aws"": 50}",50,0,0,9.2,11b7e23feb67f31621fe1f6210d99cd88c6c7ebd2480d906885b558bd305fb23,eedb9e2428c656b49cff97ede1f933f2e753b492d6baa1d687af210b444ec923,False
2025-01-06,2025-01-07,v16,complete,aws,"{""aws"": 50}",50,0,0,4.7,678c5523468b7d171506611bc4dcf82095662cb55393fe032cd6a69a167890b0,bcf418d18a5a655881901b65333c46c22c941fb66617f1c664ae073f94f42a8d,False
2025-01-07,2025-01-08,v16,complete,aws,"{""aws"": 50}",50,0,0,5.25,0a0b193a92b9709e260177945d2fcfde3998cb9651a714284f88e26becb88a68,14d39e5e96695c6b9a6be484dbbbffb7835c3335baa454cd2b63b49546aa45ce,False
2025-01-08,2025-01-09,v16,complete,aws,"{""aws"": 50}",50,0,0,5.75,4602689f05ef9f2faf1895261760cc2d752baaee398b1b89ed264de2011d2881,5d6558a062588abde852eb2b3415dd8dbcf814c36fe542e3ab1239d402f0f58a,False
2025-01-09,2025-01-10,v16,complete,aws,"{""aws"": 50}",50,0,0,6.15,5564fabd6551edc3a6f42e3a26bace328661d5a635f1574d51c7289d05e81445,c438a6416253dba9e0ad4e45749845323b3acab0d80dd4348e2c3b092fb5b728,False
2025-01-10,2025-01-11,v16,complete,aws,"{""aws"": 50}",50,0,0,7.92,2d667da2c3747ec2c3fcb25cb1e65491bacb5e23af6efabfd0bbda82b10bf837,ac127e79b39a8cc16caff14e2ea7b4337eaf568505b0aa89efc0472a453c7b69,False
2025-01-11,2025-01-12,v16,complete,aws,"{""aws"": 50}",50,0,0,5.24,560e697999cc97c16526477bae9219f39ade0f8f01c6d87c843bdb60d0b8b734,4ce5ac5ffdf4129a46c6673e28c18085f27bab133ac156841e3f27d90b099173,False
2025-01-12,2025-01-13,v16,complete,aws,"{""aws"": 50}",50,0,0,6.41,f2902f20173452a310d99fe6f70d590c70d939adc41f9fa75e07bd0d88e7878a,15924e14a5d07e6572ea1d4c4b03a682f27d178c12b965910c9095c7bdabad6a,False
2025-01-13,2025-01-14,v16,complete,aws,"{""aws"": 50}",50,0,0,7.99,b98083b22b0fc87ee5857eca8b6179c8716d8500cabfd905dbc8137b3b9231f6,5e2b47c3dcd0eb80fe78dd1544fa15248246d76b3ade49006bd01970920b00d6,False
2025-01-14,2025-01-15,v16,complete,aws,"{""aws"": 50}",50,0,0,7.67,7f38d15660d9d11a397f6ee2bd418df6e863f5de8d9cf4ee02535610a7334ead,afb63f5876d3bbe0d1132faa7e399e13035588880e1a85650a49704d57897adb,False
2025-01-15,2025-01-16,v16,complete,aws,"{""aws"": 50}",50,0,0,6.4,ebdc44d6ab46610d4fca479f32114bb47a944f5e7298e566cb7cbc2b876fa98d,003153a84073115fb4f393b5ddd6f9369bb66a7bb3987bf76b1918e4ffdd7c4c,False
2025-01-16,2025-01-17,v16,complete,aws,"{""aws"": 50}",50,0,0,7.1,a94497c9bc8f61172e981643a456f5d4dce37bd9fb78b596c5e4ca7226b658ef,2283bc814e92d4345032dc531b0ec2200e0368218d56d0f3677314ef3a829614,False
2025-01-17,2025-01-18,v16,complete,aws,"{""aws"": 50}",50,0,0,5.92,219e5d198cb5054ce6252f82128f1fc386ea64bcbf1cdaf7ff5749c1a3d21eee,a773ab9973a49bebb9308584df31281585239e9e1e565191b9ad2f68d688020e,False
2025-01-18,2025-01-19,v16,complete,aws,"{""aws"": 50}",50,0,0,6.19,7fb5ad2d5a307e7d74e7dfa25cc592363e94ed06191f9754d39ce9811e6093ff,2a1efa74742279ab4e25cd1b659b1ce4952abec04ada0970e917b983336b6026,False
2025-01-19,2025-01-20,v16,complete,aws,"{""aws"": 50}",50,0,0,6.45,cb7e195dc239a0884c87ce7156d63d145291db0113db43b3fbaa8bb805f2aaa9,f8627ecd76d2222c71184578682a0b5c66aa802cdbb59f305b479ea827769549,False
2025-01-20,2025-01-21,v16,complete,aws,"{""aws"": 50}",50,0,0,35.5,e3bdf548ba4d8340c943931b62bf6fdeaa302781977168099229ae67b9b2fda5,f01f0908701318d2dbfef4435d40dae0a7c90be147669ed984d36e8386cee225,False
2025-01-21,2025-01-22,v16,complete,aws,"{""aws"": 50}",50,0,0,6.27,543a4ad7314b92842d287ea09059e52331b66f21f53588f28e9bc03cefd98650,e3770b85d12fe5a4899d75e561157e7569c90a48f8ed10abb9aae200c2311e04,False
2025-01-22,2025-01-23,v16,complete,aws,"{""aws"": 50}",50,0,0,6.44,4b0ef77bdf4dce93a3dbf45f55a825ca9987e50b7653e869c32122fbf724d03f,b31c0c79c9c82d383ef6b98ed994f7ef91fe139df69c1613b5a19551e59dc648,False
2025-01-23,2025-01-24,v16,complete,aws,"{""aws"": 50}",50,0,0,7.73,19d898985075b7bd1bbc0002cab8f42d5e21e05db6c610992d757cc9fa66cf56,5ae12bd69a77ad3237a66834b8accc76e3fbbcc309c1f96d0deeecc9f718b545,False
2025-01-24,2025-01-25,v16,complete,aws,"{""aws"": 50}",50,0,0,6.13,cf078d7c4d4d3698b49bca1eaf6fb7ecdb45dd8e043d1335d4d52599e2b234df,b59cf97c42ee7e7f33883e1f0bb0d3bb89d1d8557571ef5fb20f767cea98da31,False
2025-01-25,2025-01-26,v16,complete,aws,"{""aws"": 50}",50,0,0,32.3,7114628e6ae949a6321035da91a4852b8749e329e2279976bca267ba456a94df,df3240e1197d9cff92991e7d61c83da7b1c421f4e04948dd16e37a38ffcb794c,False
2025-01-26,2025-01-27,v16,complete,aws,"{""aws"": 50}",50,0,0,5.75,2c9f3b877a82bc3eeca4553e81a4f2249fc972014bd1b9c2ba38fcac0e365e5b,9898bc9edd9df3b422660834a9e91ccdfbb914b45ef3668d71a56dfbe8ea4ed8,False
2025-01-27,2025-01-28,v16,complete,aws,"{""aws"": 50}",50,0,0,5.23,df91a5f61608e2332419150c1e33829d36209ebdcc7d9b9cf8d9699169e257aa,1352ab8a07932c3033fa5d0f481d4b11a6a39d47cefc1dd65f67ce1e5e510643,False
2025-01-28,2025-01-29,v16,complete,aws,"{""aws"": 50}",50,0,0,4.35,fffbd05f5a8d4a962a50dbf0f4a71e8ebc1d9dcb7185a0d6528643e90857f412,5a3898f79775d0b84e3591257066e5de51409fd34b2fe9bee218084f11d85cdc,False
2025-01-29,2025-01-30,v16,complete,aws,"{""aws"": 50}",50,0,0,4.23,8f8234f14ff7713335a34b9b0f93cfe29228937b3dd14bf92b7cafa5c8f7b81a,7228cb4c57f0a35a76d35e942239530631682648d275515d379147676244e9b0,False
2025-01-30,2025-01-31,v16,complete,aws,"{""aws"": 50}",50,0,0,33.73,9f59901acabd54d8c5eb48ead00f039953bf2370369ca9516348e1f0272b2dc1,fdb50098e89127704ac04418985c88e02b236041cb36f072631b262a0c83137b,False
2025-01-31,2025-02-01,v16,complete,aws,"{""aws"": 50}",50,0,0,4.17,7eff9dc5e9782572b718e405335c4d79c7449f5a2ee9a38d44805f223cb9f219,a3990244569d4cd12494d7a44f190f70ef5ac91b9201337c99b73819bf4dbfe4,False
2025-02-01,2025-02-02,v16,complete,aws,"{""aws"": 50}",50,0,0,5.89,b85c78cb1351ab3d915d539c43ee58f287ad5395c4ac2ca3beaecce9219f9f65,809231a0d56de198085ab0f88cc7e2b4fb666cf07b640c1c96603d75bf67979c,False
2025-02-02,2025-02-03,v16,complete,aws,"{""aws"": 50}",50,0,0,6.36,40dfed74063b1e977dd410e59bff5224af73790ddd5268470534795193aad40f,2103b80ef1b834842a767307d22f97bf8ddc2b5964eb5af56324b4e74dae02ff,False
2025-02-03,2025-02-04,v16,complete,aws,"{""aws"": 50}",50,0,0,4.45,7bc3e7f76cedc09c8eb7490eb63cfe4c57112267f0fe8d51ff9115c799163cc8,285c41233c96d7d4917f1d90d2bef5c5f1b4a9a930c10a8051f55e297ca4c1c7,False
2025-02-04,2025-02-05,v16,complete,aws,"{""aws"": 50}",50,0,0,4.04,9b655e93c5e469b116a5477c697eccafc4b657d35d6e5c6902bdc5543e50b645,7d299f50c9f5cc769381122913879854a5376c9e01007b8e9775496324b67f0b,False
2025-02-05,2025-02-06,v16,complete,aws,"{""aws"": 50}",50,0,0,5.15,6fbceab54d559ab423abc9ac04cce1c2a415c2c81615484c36651462400978b4,85b67f7d5a620117439e060d270af9bf6ef11662a7d1964c25784f9ccf95c6d8,False
2025-02-06,2025-02-07,v16,complete,aws,"{""aws"": 50}",50,0,0,4.07,21d71203dae3e92a03722e13023fa002c9805029abe68b78945e75b08b1562ea,e8b6ddb2962d1b056ef8f07fcd4f40bec59fbad4e452e03cda956a157bcb6aaa,False
2025-02-07,2025-02-08,v16,complete,aws,"{""aws"": 50}",50,0,0,5.02,d5d29646cc7edf0dd9c6f950e26f633521be75cd11fd3ed35aaac8b270435067,3ecf7764de8cf537960d97abfe88002c69ad3956f274e85ed996a750d077e875,False
2025-02-08,2025-02-09,v16,complete,aws,"{""aws"": 50}",50,0,0,4.24,c69e7fe4e7844b1fd74671ed1785adce2509e4ee36dc2c2fbe1badcddbf5adf4,db52462d3115a89cd1d722c1ec45a1eac571642da0a992591930c881b6cb0fc8,False
2025-02-09,2025-02-10,v16,complete,aws,"{""aws"": 50}",50,0,0,4.13,1cb0af6edf22c2cc171a85df127bd5ffc9c609dfd23399ba649a388d6300e5f9,0d202ecf07dff2856c3a2b5f524bf5bcb482e30aa1cb12d39b1dc7c1a60d9f7d,False
2025-02-10,2025-02-11,v16,complete,aws,"{""aws"": 50}",50,0,0,4.36,0ea2d3143cf13319e1e735afcdf3f5d1425f07866419d7a854c22c212943170a,5bf304b59d621e5fa5e273f38a8ed614304600d9bf7fbe71b8c299a7a1582967,False
2025-02-11,2025-02-12,v16,complete,aws,"{""aws"": 50}",50,0,0,35.2,05d172db69d839329a44534f53df46940e2624563120e09a0c4d29b9808c7b1a,46a017827e7f9481bb9a548f44529a5ed3fe545d61c4fc5ec520d41d497ff091,False
2025-02-12,2025-02-13,v16,complete,aws,"{""aws"": 50}",50,0,0,4.42,7f424dda3813ad028832c0b4e5beca1fd74c656e63405001f8cf2ba2cdbe14ba,396356203275b7a432a5c3cbee3afb313446b2fbd10f13e6e3b4feecfc22e403,False
2025-02-13,2025-02-14,v16,complete,aws,"{""aws"": 50}",50,0,0,30.36,46654a56aac9a131eb3a40d9045a5ce2c4d33d3c6e0f6a3ec8f68fb15b0579b3,b3f6632f015a55745d17a8833a164270d94c203dff7f305b539a0b801bcbf3b6,False
2025-02-14,2025-02-15,v16,complete,aws,"{""aws"": 50}",50,0,0,4.76,882b54bc3586c587eefc250ebdde470f69c65a988bdd2842324430187a8c76ad,dccd4aafde3fc34c54fa57fb7aff059c73bbd78b658b511c013c3c11bf71bd3f,False
2025-02-15,2025-02-16,v16,complete,aws,"{""aws"": 50}",50,0,0,4.56,90b9df361873ba86eb7ca240d9cbeef408d7245de6db17b7d5355ba0a05d5445,f7c1146eb8cbbca81ce468e1f439374ffcd5139b7e8cbb1ff91c49b874760491,False
2025-02-16,2025-02-17,v16,complete,aws,"{""aws"": 50}",50,0,0,4.24,3adb49288a84cebd37e05435f7ec395c4e31769ea89f3db37a10ae8e5c07d648,e3ccdd176a88654a09c56ff2163f52dca63fc0defe9475cbb3f0be3121707f88,False
2025-02-17,2025-02-18,v16,complete,aws,"{""aws"": 50}",50,0,0,4.69,cd525a8c7dcfe24c8e9344a0ffdb0c49704b0658af2337016910a309afe09406,da7f8e99bd6dacba44a22faf46ca263fc42a09b689aae895a127115cece51537,False
2025-02-18,2025-02-19,v16,complete,aws,"{""aws"": 50}",50,0,0,37.9,6b7b63c8c770f1d61ee58e43686761524c10f8726b1f3463209baaaafb215501,5c98511ce3246964d83e6f6d921103891fa033e96dc3595acab74a985e3cc491,False
2025-02-19,2025-02-20,v16,complete,aws,"{""aws"": 50}",50,0,0,4.69,30d8312b524f0996b6b06c45fc67f864fb178bb0ad35974f2a8d906fed2d53f6,81a674b642a06f7e22727bd00b30ce61666109f42288df9b7ec284473556e1d5,False
2025-02-20,2025-02-21,v16,complete,aws,"{""aws"": 50}",50,0,0,5.12,1cb3981b336fcacc78546bd4b5c6c6098946ca77109dc1b36b8ce0d44e7f4f6a,f1562f492ca6dede9ff7706adbbf3fdcdc4c9e63f33a1714c412cd0550ba4610,False
2025-02-21,2025-02-22,v16,complete,aws,"{""aws"": 50}",50,0,0,36.7,fab2aff19180ff23076b497516fc3ed5b8a2a51a8d724ec60ffcf864d9c25a66,3cf240a8926579651f323e3a1e6baf048962f4fdefd0490d53d2ea169c414386,False
2025-02-22,2025-02-23,v16,complete,aws,"{""aws"": 50}",50,0,0,406.93,6bb3190ed88677e42176fd1006c642cfae88dc789f073f6815bc7187a5ae4fe2,633700a1dff250ed5dd59621c0f6ea1ada71b436b8e94e023899bdb2a111654a,False
2025-02-23,2025-02-24,v16,complete,aws,"{""aws"": 50}",50,0,0,33.24,29a108726bc6b130005926b2fb23f391f218c0f5772604858d7299239749dbee,41329e338e176e10ea16925f5347276813ebc0b36291bf225946ada577938e76,False
2025-02-24,2025-02-25,v16,complete,aws,"{""aws"": 50}",50,0,0,5.09,cb74a908ad49785a770066924e2757b1f70f1a810dc6a151cef12661d5b43d7e,2dafabd04d67fc48308936b0e28790947761efbe192bb541ba1ab818805da22c,False
2025-02-25,2025-02-26,v16,complete,aws,"{""aws"": 50}",50,0,0,4.03,d5b07a8e2673feb6324d3923556c8c9a841b4057357823a07605ea6841eb9013,de231745991102c462e203f7891e3290167ebcbeb0de44685c200cfb1275a5da,False
2025-02-26,2025-02-27,v16,complete,aws,"{""aws"": 50}",50,0,0,3.61,3dea4bec9cbe7becafe68b13057dcddcffb81637d5bf5556a3257313878c9f69,fa3e5402227cf83d43578597938e67ffec4f97066eebfcf3a7af18144d12e10e,False
2025-02-27,2025-02-28,v16,complete,aws,"{""aws"": 50}",50,0,0,30.75,4d9d6e19cd740bc605871388924798bb296f2da41212aaa08c0b5d60417968c9,239c8766acc8b517e15f5a6092d700c0e8b5f9fe6c2e0f172665e057f874ea64,False
2025-02-28,2025-03-01,v16,complete,aws,"{""aws"": 50}",50,0,0,4.02,633826e581862fe7a2b5669b3055b5548cb31c4b01370a4b2a17ad2c63adb915,ddd58ebca26ce47baa96fe32fcbd704f88097fc4f038c0453bd39171ca78f122,False
2025-03-01,2025-03-02,v16,complete,aws,"{""aws"": 50}",50,0,0,3.92,df6be9b2cabe71c76cfebced6992fd803d74646436490a9b51f221e67c363851,d814e9f22775d7bf96ab9832d0c3909784d850ccaaf458f9aeb82a7be14f3a32,False
2025-03-02,2025-03-03,v16,complete,aws,"{""aws"": 50}",50,0,0,30.93,6f7535a665aef635ef0b6d82dc2b557cb394ffceff2f5c5c99bb82f64d3a7e06,fac0de28948d31d49e19a150e9f92d5ba8928aeac9907323a2a54b3b21f9ab7f,False
2025-03-03,2025-03-04,v16,complete,aws,"{""aws"": 50}",50,0,0,4.01,d02abae0bdeb6a61e65fc33f62d5d2abe6e68a08ab5a925fb1de6aa01bd5e0d2,25b99698fe422211706e8f45f0a49ba866208fcfd4fdb8bad36fbed7f4d67c02,False
2025-03-04,2025-03-05,v16,complete,aws,"{""aws"": 50}",50,0,0,4.1,30e07e08c2783324b53111dd26fda0abab9c6eddb4d3be3b22b9a8bcfc841e94,c574ba7810f755748c5ab27640d4699f5c3dd5da0dff379839f8c4527a2c8cfb,False
2025-03-05,2025-03-06,v16,complete,aws,"{""aws"": 50}",50,0,0,3.99,fbe51a209e0ceb87e12f84283674a4db86abf5ff434fc595d67e42b77f0456bd,04de8afcb876ca7bf5d6105cf09c7696c2a363fb33d69da66f2b35f6b4253d98,False
2025-03-06,2025-03-07,v16,complete,aws,"{""aws"": 50}",50,0,0,3.98,8cd88663f52c6dc8c4a5d9f28177b7965c8f567de5b6d6e226a78c97117747da,271db737feff83384c6d43cbbbec736d833171eb352a6b3901add2c22d8c34e5,False
2025-03-07,2025-03-08,v16,complete,aws,"{""aws"": 50}",50,0,0,35.67,4267986b8f6aeb96c05c242bac772cd7d4a8cbc9b30973d4d4dea821657b804c,d4ca33ebc04464e016fcb75ef859cb9013a6a0a05d62c2e220ca587a3b863c53,False
2025-03-08,2025-03-09,v16,complete,aws,"{""aws"": 50}",50,0,0,69.75,e5a8d076173f2aa1fd9145f78d4f07c4a56ad748e8280236d02bb9b5a256cd29,c7ed9dc0b9d29137d762d5fbab1038a40ac5773f0a91bf657b6d805b675764ef,False
2025-03-09,2025-03-10,v16,complete,aws,"{""aws"": 50}",50,0,0,32.73,8cb9021ec5513eb55a580374ca73dba0c515ea3075a312d19c8d25e34f1feef7,43bd32ea4cd2bdc30efb1579c5a923f891a246e69e16177d246947dcaf2d4774,False
2025-03-10,2025-03-11,v16,complete,aws,"{""aws"": 50}",50,0,0,32.45,533d1979c50a2730439ae22fcf40e8acc57ee25d4eec12d5880a96517a6c855d,f23f40cf3b9bd32d9f14674d5f1ebf87423dd369e080cee4aae517b06f5db138,False
2025-03-11,2025-03-12,v16,complete,aws,"{""aws"": 50}",50,0,0,30.28,827fa674375ccf18c5972e12622ba0f1f2ed7a448be3eeb6297b3082f59e35b1,4d48186c9ec9f4fbfcebf6f4434580c27ce31a03fb6b00b3ee14214225454cff,False
2025-03-12,2025-03-13,v16,complete,aws,"{""aws"": 50}",50,0,0,4.9,138a63e0ffd9eaefba387199cada8741e9cf3e30562c31c4d58f29a104d5aa1e,8f60920249e008f901c84ec56bb66ab7447a4abf5a7986f51e8c2ce1fafb2c73,False
2025-03-13,2025-03-14,v16,complete,aws,"{""aws"": 50}",50,0,0,3.99,ee88af9672f95fee38393631b72a0dcc1e6efc9a322214457cceca1247f369ff,539dcc8fcb93e15711e1b775d9403c512b557ebb972c6fce00dc07a07f08fef6,False
2025-03-14,2025-03-15,v16,complete,aws,"{""aws"": 50}",50,0,0,32.88,81686ed976202e4c1043c8827779e9a5b185affa30d674f0e81c948ae42de719,057c276d5dbfec1198412526000895dfc6541c6328c92dcb88905e6d71a2b3fb,False
2025-03-15,2025-03-16,v16,complete,aws,"{""aws"": 50}",50,0,0,5.52,81a0e18c837e48fde28573cf576ab13c36f595654baae65824724c2484965578,c24dd0b7c4eb04e2ec86167a2bb3043a38854dbd5e97d8eea553a47ffcd9ca05,False
2025-03-16,2025-03-17,v16,complete,aws,"{""aws"": 50}",50,0,0,4.38,c8290bd52834bfd07aab9ae42f7b7c34703084d0ca515b7e359104e09cc7b757,bd456a201a020664d4ebf01b9c62b96c1578bc5eeace1657e6a8ce30df97328c,False
2025-03-17,2025-03-18,v16,complete,aws,"{""aws"": 50}",50,0,0,4.02,070d4cc44a9d9a94cf8a4d4377e2c510e32ed785e6a29408824a834cdd7b6a62,a79bfebac834231cbc26ac5a2ed054c008a6efa5a0fe12754ae31ae1e214c56c,False
2025-03-18,2025-03-19,v16,complete,aws,"{""aws"": 50}",50,0,0,4.84,45109d23fcbe6512ca59d8cbf666eb6be28e3f9726dc5cfdf44a02670413d6e8,8a683a336eb27a55478bf9abbe6d97328de6732770de1f95e42086a5487c207f,False
2025-03-19,2025-03-20,v16,complete,aws,"{""aws"": 50}",50,0,0,4.04,4d582c36aadb258d350c4af66e655fb1f27aeb832752c4cfbfc4aa0389ba90e3,0283701a1d1b445efb2b448718eb6382c7b9a4b087df88c5eb7051e922a2fa4a,False
2025-03-20,2025-03-21,v16,complete,aws,"{""aws"": 50}",50,0,0,4.54,870adeab73659b033834dc0d169d03c26a62c717fd3c26f802d8c04a951e38b0,7588fd4519efc51a8ae36b221e4fa24cf6355969edd560edbd4de63ab89ec59f,False
2025-03-21,2025-03-22,v16,complete,aws,"{""aws"": 50}",50,0,0,4.14,7148c019fd3e61f52d072c8fa962bdd83d2adff56b5817c71d9c32a154f19801,a3ad4f017009f02a190bd49da541ab38e1f8b6e77bebbc2b3b1f9632753e3fb2,False
2025-03-22,2025-03-23,v16,complete,aws,"{""aws"": 50}",50,0,0,4.19,9960cf6dca23eb729ad39d58fb43384d2070061100f876253f146330b6d52711,9c4e37a349bd981e1e2d48321f515f6f149ed4f3931fa4754c1ca905c580c47a,False
2025-03-23,2025-03-24,v16,complete,aws,"{""aws"": 50}",50,0,0,4.04,4b8751c1fb813206ca4050642e83222381e5dd154b2290aeab6beddd1f2d0230,dae94fe049df9337db76e77a3c059f4099c29a964eab922dbb2836eb44d4f7b9,False
2025-03-24,2025-03-25,v16,complete,aws,"{""aws"": 50}",50,0,0,3.95,57c3d9fd4773b137d31072fac22e6531a0943077f077b7b5ce800207aa37fa73,4f1b15a7320967bd234a9f606f9226df7a7f506d7980205b0a96fc75f491d0a1,False
2025-03-25,2025-03-26,v16,complete,aws,"{""aws"": 50}",50,0,0,4.07,a7fb03235e5639051d374dd67dde0db205158d64d922c1c821cf0b1641c1f49a,686f8371235f3bec4e26a5a961ea1e0a9fd01dbd6bbc475790417a5a96dd1024,False
2025-03-26,2025-03-27,v16,complete,aws,"{""aws"": 50}",50,0,0,4.09,afa6fcc2dfef015b44f41e243065566792e54c770fdf633adf63f28db925a08e,d411b79ac5caa8c1bde01e586e2c4e7d20681808dd1a24b319c653e633dec83c,False
2025-03-27,2025-03-28,v16,complete,aws,"{""aws"": 50}",50,0,0,4.55,059b974aae608b95c8abc8885033578160ddec9af002275cac796e0d9f73ef2f,2c2761bbc918383aef1d6d3e04350f59b96f30f9151bd56184f87d4bf50cb6dd,False
2025-03-28,2025-03-29,v16,complete,aws,"{""aws"": 50}",50,0,0,3.93,a8ec3e6aba27db62b8f379048a3aefd9fa30b9606ef2cdbd60bb0cfc71e57bef,307f4aa0ed48f4b63a194f438a5daf9ca9334c3038833f803301fe02286b1a2f,False
2025-03-29,2025-03-30,v16,complete,aws,"{""aws"": 50}",50,0,0,33.12,e93b99341517895da788f48560b8e53f763f753e2be202d356c372f207613e52,2a1f51d2cb190a7941840c9bfd6335323e259060838689d7d0e49eabb49a154a,False
2025-03-30,2025-03-31,v16,complete,aws,"{""aws"": 50}",50,0,0,3.95,e6f40744ccf2ac966b371096287895033a1fa5743a8f9c7f1526cc6e6f42e9b7,a5f9ecb5ee0a8f9c936e17ae579ae3cb87119485e5d8f5fcd9f24ea4d23ccb87,False
2025-03-31,2025-04-01,v16,complete,aws,"{""aws"": 50}",50,0,0,33.83,96b6f594a70ad045275402e7f1442cd0d9653307cf8abd24f4d32e22b91ed7d1,40fbdf77d08a06e68471ee80c67ca953a70898f84cde3ac7f8b9ccb943d61146,False
2025-04-01,2025-04-02,v16,complete,aws,"{""aws"": 50}",50,0,0,5.49,6aab4cb89ad4ab67aa862f7732c08df78061b23287d79aa36c0a0dbdd9806e02,d3e5e4681f271851b38c05a1bf0a1a2ed85f087fe88005bebf86d6b1da51a5d7,False
2025-04-02,2025-04-03,v16,complete,aws,"{""aws"": 50}",50,0,0,4.19,64c209ac713b2ccaad2ad7ae86f212f8982446b452635c24910700dc9f08af89,9bed36a3473364e49abae07ec5bd8a3d5e301fc3318ceec25d9632544f28cfa2,False
2025-04-03,2025-04-04,v16,complete,aws,"{""aws"": 50}",50,0,0,3.97,012b3fdcaf6c2f3c91b9c2e689033fa0e551ef5a968750d25185641abb221dc4,447a28411eb4beb0dda0618e367c9693550a9de5b0002ab84b950d52076a705e,False
2025-04-04,2025-04-05,v16,complete,aws,"{""aws"": 50}",50,0,0,4.15,409534a926414d051bd3651acad7ac8b160799cd12b5ec8fa9d5553db87c149e,837d01ff83710d569b700a95a59289e72ea2a4ee03b96198d76357fac0fee379,False
2025-04-05,2025-04-06,v16,complete,aws,"{""aws"": 50}",50,0,0,98.44,f51f07a6b3466a9a2e25f7f7adfa23255c66e31e867e0af7cbb0c57c48e2a095,eca560eb5f10fce5859a1defdbf75ad8d4da8d546779a307036287977cfd8f20,False
2025-04-06,2025-04-07,v16,complete,aws,"{""aws"": 50}",50,0,0,4.8,0ef0b29b8255d3af47cd8d8f662044c97d7f3eba01e02893b4320fd9b6227c49,fa5df0d0622e0df8bce9530448eb22622e1f2e7ce0fbad506e6dff9713b46579,False
2025-04-07,2025-04-08,v16,complete,aws,"{""aws"": 50}",50,0,0,33.14,343a0f062e87d2b453d449c8cf2354d0c44032581640dc55e3bd9b88cd36b430,6883a083db83d478770ff8496a7441396171dbea7688b8176619d2624e4ba06b,False
2025-04-08,2025-04-09,v16,complete,aws,"{""aws"": 50}",50,0,0,4.25,ca6b52ec4ff67d66dd96ecf42acb30b4e4eff22c61cce90de4ed28b308d480cb,f0253bc6cef040a142711704156424bd3a42ba12ef93f03c991d6d5c7dafe0e5,False
2025-04-09,2025-04-10,v16,complete,aws,"{""aws"": 50}",50,0,0,4.17,0269e27a28a97f09a556e0723723982e471f73fb718107693f5801f586bff86f,cc4f826754a5e98d4b770b1416b14494b019b784d71b71433b93aeed5f90a7e0,False
2025-04-10,2025-04-11,v16,complete,aws,"{""aws"": 50}",50,0,0,3.86,3be95b74c8b5e8127b608033b654b43bc988f402571a8a8a1d7775e2c4de7713,3629268f5ddab4619021f69bb63ffe77ed1bb01a6942ec87e58a1ba5516eec9a,False
2025-04-11,2025-04-12,v16,complete,aws,"{""aws"": 50}",50,0,0,3.65,bd2dee0053299eeff380b3427b30b25b7d3b9d7ac327431bc5e5ee409dccceb4,f163514a54a48cdabfd24dc2ae0bc2e33af9fc7abc6f281aaed7bc17b9ee5dd6,False
2025-04-12,2025-04-13,v16,complete,aws,"{""aws"": 50}",50,0,0,4.47,306ca4f53a8b3e1711f6551ec80371ea72f067773aca58e8bf5e7e5bd38d19f8,a44a679f40643280daa9c929de7a9beca67529d95d1ba2c8f51f91952167da59,False
2025-04-13,2025-04-14,v16,complete,aws,"{""aws"": 50}",50,0,0,4.21,d94b632cc2c058e4a22412b6bef520e26a0f74ec3f52bc812c6aa869d2d88e4f,be880800057f1bce95e9cc58fd2dcb1cd6cb9a2a49c6e8872eb7a6235fe400ab,False
2025-04-14,2025-04-15,v16,complete,aws,"{""aws"": 50}",50,0,0,3.88,a371ed53f3aef9a838a7c380e5567070f82ff261a2a0a976ce2bed20964b84f0,6f6b2731b56f31d58898642714b566178e3aae9f49fbe50318923468e4e07d8a,False
2025-04-15,2025-04-16,v16,complete,aws,"{""aws"": 50}",50,0,0,5.35,a45790afbf88bb103b66b13d938e1c6cc5a43fca77b2e0977491bdca32d6c14a,029fa1aecbce14bd7b6d152c8661da333454e8674fd3d6dd9d69001c14985f28,False
2025-04-16,2025-04-17,v16,complete,aws,"{""aws"": 50}",50,0,0,35.37,20f2ffb42ab4ee521a9348a70d486f789c8f8f6fefe5647c33b9d1df0efef69c,188ce94905a24a33920972e5168712a03f76f64faa9ef436f911a0fe0c08ddff,False
2025-04-17,2025-04-18,v16,complete,aws,"{""aws"": 50}",50,0,0,4.69,523d13210603d35931caa504b4357becc8cc3dbbed1f9e5ac193d917c7922f5f,4da17f26730d37ea774d01e0620c72c4e1425876d91b23f42b2d86723d2dc184,False
2025-04-18,2025-04-19,v16,complete,aws,"{""aws"": 50}",50,0,0,4.42,b284a88e4fe78aba1a58bb5933ff63f4f68af45570e63f88c2b40bfbd58acd91,7f54283ff933496a6d8992be9412a6cece15e5efdf30ec6ccec55961d6c541df,False
2025-04-19,2025-04-20,v16,complete,aws,"{""aws"": 50}",50,0,0,4.63,02ed661fbf1685c881ff681e8c3593ea78cff73124f7badad8b9852e43e9d3b8,d6c59f0ccdfcf89e480addf6e87a8a1136997bf93e308cc8d88018b4331e1a5c,False
2025-04-20,2025-04-21,v16,complete,aws,"{""aws"": 50}",50,0,0,3.93,b4fb8dc84089bf48d992b4ce72172ed72bd688b67b12a2016bf5abbd5dcb16c1,d65c3b0f691206ef2d3edc816139daab026b5f13fd672d937d03a886e24a9b4a,False
2025-04-21,2025-04-22,v16,complete,aws,"{""aws"": 50}",50,0,0,3.72,b2e1f13bdc208fbc3c4d77992bfa2e7070149ad3339066b5071823d8c3cce521,135a0274e6634e60217f5123c21223623839bc6803f8bae0a1b152bf634b0b14,False
2025-04-22,2025-04-23,v16,complete,aws,"{""aws"": 50}",50,0,0,3.89,7246cc9f908d3068efe870156f1ec50f5bcc4557888ea7f9d965bfb4d282244b,1a81819f83eb80ab98a5f3627254defb691a6143eea668208dc3381825f333ab,False
2025-04-23,2025-04-24,v16,complete,aws,"{""aws"": 50}",50,0,0,4.18,961dcdb52c243e72069ea95e5b926710b6a1a724781af102659d18c642a313ad,b0741aedbbce633f5d5e39e181714f82bb7dc4156dc21e3b01b0723731bb743f,False
2025-04-24,2025-04-25,v16,complete,aws,"{""aws"": 50}",50,0,0,3.94,8d301cfff12dc37b612daf419e77a31b73b2a712416f5caceb3acceeffbb1e2d,514d75960718af5315ff8a47ff35656d22c2c2a356964f1ec9474450410b5b3b,False
2025-04-25,2025-04-26,v16,complete,aws,"{""aws"": 50}",50,0,0,5.22,f26c67461f6a1eff41d2ba8183c5965a4580775119d2e7a976c58e9be6ce835c,03942ff833929e12890301a35890e8cbbe018a598cd09c1616618f466599fc57,False
2025-04-26,2025-04-27,v16,complete,aws,"{""aws"": 50}",50,0,0,4.35,34190aae826634ebe907e010d744c3584874de049a1ffa91e1a9f7768ae662c4,b36978a5c1b09bcc360f1d9b694c7f1a24ca905c05df5a035d61e778388354be,False
2025-04-27,2025-04-28,v16,complete,aws,"{""aws"": 50}",50,0,0,4.57,2552d3f25a9d15f9f0676aa3d69537020be6a24549d8b66247336f50bc514a58,20ac47f705283038788fb22fdc5d6ed61b081c19411f5926afebe4821ebdaa6f,False
2025-04-28,2025-04-29,v16,complete,aws,"{""aws"": 50}",50,0,0,4.16,53933f61e0fe9ef06cae741af37589453bf0f3262d08385c904730b07078528a,30beb7069170cb1df7ddd838a69310d00018e9e6e887dd3a6c74551b735dfcbd,False
2025-04-29,2025-04-30,v16,complete,aws,"{""aws"": 50}",50,0,0,34.18,0d2dee1df096c984096feebc06ca3e72ca6c003cd3582a61ba607d6c0eded47b,535753d769cd9f0c5c3c43a30974d679103abf71b1370e48168853e857a64bc7,False
2025-04-30,2025-05-01,v16,complete,aws,"{""aws"": 50}",50,0,0,4.7,1c35f4c903ff9b4cb6ceee351ae3517161f435446942e4073f090023ce369f09,7dcf2289a0ba76294045b7712c1b6053a9e884596efe654151f9128bf2d1504f,False
2025-05-01,2025-05-02,v16,complete,aws,"{""aws"": 50}",50,0,0,4.73,5c2aedcdd6f6d4c08d3952a9283b8c9ef9753f33dc9290f796255562a78bbac8,ea088baf04725bfe284a6fa258bec9bc30703c707ea91b02b5faf8f5fbbda98e,False
2025-05-02,2025-05-03,v16,complete,aws,"{""aws"": 50}",50,0,0,67.81,8686c06870daf6293e86b2f28af89bafba16ff9a65d02bf89450a2c1b76eb8f6,4d148feae9ab50518110a8b7bce53511b73829de672676faa308ff89f5d15e3e,False
2025-05-03,2025-05-04,v16,complete,aws,"{""aws"": 50}",50,0,0,4.58,01a689486027599661dab6ca0ed3003bc2c48cec32e44ae8505c07a7823e1b53,845160a47b0a305ff15da875378a57cb1411cd4edea2c4de762769edd8262b4b,False
2025-05-04,2025-05-05,v16,complete,aws,"{""aws"": 50}",50,0,0,4.52,fdd034a04c637f94b1eb7150d9d9b7031b73a913e8d164a4a9de0cf724620799,76a49c2f98167e6daeb26e4f2d1f128866639b4adb2a3b566cb013353a56b523,False
2025-05-05,2025-05-06,v16,complete,aws,"{""aws"": 50}",50,0,0,4.31,5c8be58ee292a2cae928e2ad487312ffe3f03b9b897fc2a3bb5d5f563cc5f519,bebb3519f1693ec06472575ca4d7c3ea35fc6742b7d4e4e36bff3d7caf96b896,False
2025-05-06,2025-05-07,v16,complete,aws,"{""aws"": 50}",50,0,0,4.09,3860416d7c8ad66dd798dc1ef91b2653a5d958c0439a027ae0a17b0f2a6bf6f2,56b7b624541a88fc3b8d9bf6095c72104500deae8556bfb29975155fd1fa8257,False
2025-05-07,2025-05-08,v16,complete,aws,"{""aws"": 50}",50,0,0,6.68,8098bd7de74f783203a421d300a1a89ea529188eaba041f8e3370257b11e16e7,c9946ea82ea56076702ec419364d05b9eb0116b295de42bd1c061d77a90bae9e,False
2025-05-08,2025-05-09,v16,complete,aws,"{""aws"": 50}",50,0,0,4.9,bcd4a493e540c498aae23330e1b41f71e6eced45047d17da0f29bd0da759be18,d806977fc39906d706a1b36a917d878a8c28a5b08661fb031c19b2fd9024e87c,False
2025-05-09,2025-05-10,v16,complete,aws,"{""aws"": 50}",50,0,0,70.01,56a5c82bafb3e9edc5551bdbe2b468d1c5db83e5f0f9f10f4f393b88e9b4cf8b,f739648feef653a61fc61185abc0cf770de3dffa115968255bfb1bb104cdca12,False
2025-05-10,2025-05-11,v16,complete,aws,"{""aws"": 50}",50,0,0,35.08,6d452b5dabbf12d7e506c97466f95aa1df47abd3d5299c5ad9f35f111070535e,ad80ee61ca8489a5272e83abc7583b6a965345672856dacb251dde36319a0fd1,False
2025-05-11,2025-05-12,v16,complete,aws,"{""aws"": 50}",50,0,0,31.66,1cd2125602d10f01f48ee4b8df4b0a7323b942fe86ff72bb78e50bba7ecbabcc,53813223aec9c829cb2bb377f0895ef5b8f96c549bfc2dde2053d1095d8b702a,False
2025-05-12,2025-05-13,v16,complete,aws,"{""aws"": 50}",50,0,0,34.15,abc50e3210e28969b588bc9e7cf8cdd8def4aad2c20f7fe26ab02bad4f2e5cdc,c53af371252edd71d5404452fbae2ba237acf8995cbd44d90f027fd93017255e,False
2025-05-13,2025-05-14,v16,complete,aws,"{""aws"": 50}",50,0,0,34.58,f6997e99ed4d0d5499f39a45548ebf294858ac5dc633fddffe437feae46a04e8,0a49f3be03ec9a53b480a482e923dfd5770b095cf54e16a3702535a353c009fb,False
2025-05-14,2025-05-15,v16,complete,aws,"{""aws"": 50}",50,0,0,68.17,22cd7518599c3281ee8942ee630d0942106f39c4536a0b402e7867f7741ab259,6308fea72559690b5facac7d1bf6e8804ea0c3a4be7948dc2f1657d4edd4236e,False
2025-05-15,2025-05-16,v16,complete,aws,"{""aws"": 50}",50,0,0,111.94,e7e28160c724da6c60d9c275d430ee751be8820d9713118d3e66640ebddbc47e,c6a25cf577c291d8a2e00ab94b09f6d8fa7d18e7548bfaf9cfb985aa0153e371,False
2025-05-16,2025-05-17,v16,complete,aws,"{""aws"": 50}",50,0,0,72.15,51e98b96f322dbe5530aea357c21180f9544531e0987058df4b9d5c40d9bbc0a,6be3250de75c56449701c55796e7275240d7b7ec4046da4e8adbcbd021359e1b,False
2025-05-17,2025-05-18,v16,complete,aws,"{""aws"": 50}",50,0,0,32.69,ee317d00adf4a08977bd493b50b73fc0ca0255e18fefb7c5c476304605af4b1e,e7e05c2fead069c4914cfd17c8f0141c6fb366e92ed3dbce93b170de6c4027c2,False
2025-05-18,2025-05-19,v16,complete,aws,"{""aws"": 50}",50,0,0,34.29,59d124c430723094502b5e15e31c7718031627e664df3131fd8c2cd51af16fe4,df0b76f04613f50284d36151ea3c28a172ecca1a56f7ebc9703a0b791166abbb,False
2025-05-19,2025-05-20,v16,complete,aws,"{""aws"": 50}",50,0,0,5.38,bcef930ba7e142797d25d7a74bee6b46b6b6836dd145e7035f617665bf86f252,02fdd0dfe6ea09043ea2b5300fc2d8b0bf5651496cee5356cbf8a754c044f860,False
2025-05-20,2025-05-21,v16,complete,aws,"{""aws"": 50}",50,0,0,4.53,6e7e39628fb562e71f47ccd1149f93864b9dec33547d66c7d25f1ee48dd04fca,51b2431fc989b2f7859e55f18048a1b8ec92788f428915afd5f6b121946b776a,False
2025-05-21,2025-05-22,v16,complete,aws,"{""aws"": 50}",50,0,0,3.89,912ab3f81cf52095dc88be1c23bafcdbb12f31b8f1d08be0302a174a0a20572a,7d5dac5651e91f9d5204bc0818f66e9908311e7f172c962ed0ae274345773fc7,False
2025-05-22,2025-05-23,v16,complete,aws,"{""aws"": 50}",50,0,0,3.99,e97688e1ab7e8877e0c1869a02dcc703f4f54b41d6f09329a61504efba96f39d,8b48d77ff1c839e770dfd2a5e4f5ec3fec30d2d73930d551d1de9e7dc647da3d,False
2025-05-23,2025-05-24,v16,complete,aws,"{""aws"": 50}",50,0,0,3.66,458af83f7c28472ab0e5052497d453b5952dbcab066774213b3d2ef93a226d8e,24202e5c122e81fd352c737365c78beaca135a259ea31bacf480e863bb811924,False
2025-05-24,2025-05-25,v16,complete,aws,"{""aws"": 50}",50,0,0,4.66,8f2b4bea159d3d3d3277d5535f250b832fe64ad600f3b50f0f433ba61ac106fc,70f105b75593ad263718b9a59e6fadaaea842aeeb3482623e0cf221765ee8ed1,False
2025-05-25,2025-05-26,v16,complete,aws,"{""aws"": 50}",50,0,0,4.19,4ed846d6345d1928df3996d80d26c548008632376e26526c1eea7a941827de1b,c70361dd155113a44a86b9c9e0470d6c993f58d5603ff668a83b45fbd35bcbb7,False
2025-05-26,2025-05-27,v16,complete,aws,"{""aws"": 50}",50,0,0,4.72,901265a56bad2e0f38746cc516c5ab75713affe1110fb9af739624180922c5b1,b479a57adb12026201819361533f652f0105de9150cc1ee963e20b44759e7256,False
2025-05-27,2025-05-28,v16,complete,aws,"{""aws"": 50}",50,0,0,194.14,afd1eed686a9961012efa309de2e26793326b5d48bbf085b9fe8e29cfdf8d56f,4e24e2bf4e685bea225d518641f2c6e4ab2d3171b0b0fcced734f08a7080cb2c,False
2025-05-28,2025-05-29,v16,complete,aws,"{""aws"": 50}",50,0,0,35.62,a84978e2556bb0d6d56492bcf27cca286167ec6d7e77677c48e358705e3317b8,b7d382fa841705da1a8cea0a1c039c7d1cdce590457fb7e7eb1e2938e7ed0049,False
2025-05-29,2025-05-30,v16,complete,aws,"{""aws"": 50}",50,0,0,4.69,55db45257bf91cab0550a4c431123b81c4ba17a177737914721b121a32edee02,b405d076c0f28341c672c2f0e5938e7f36bd06b5655e682035bb9cebe4769f6c,False
2025-05-30,2025-05-31,v16,complete,aws,"{""aws"": 50}",50,0,0,4.69,dba9f3ae4d0debc709fd7da57d4944a6c104a0ab0338092e5250f938bd0d374d,ffe11fedab26e9ea398bdb7cdc5b02568ffb1cd7bb6a9dadc7edb7c2b8acd1e8,False
2025-05-31,2025-06-01,v16,complete,aws,"{""aws"": 50}",50,0,0,4.53,a45796fc882f5194cdfaf8033868ce96047929a3b4b532c9522cd3c46eadf06b,b1787051f29f87c064985ec0f09aed845441c80513aeb33a1b3687f43a9235b8,False
2025-06-01,2025-06-02,v16,complete,aws,"{""aws"": 50}",50,0,0,118.44,b8178b09abeef11d37b6b6161dd27f68549f09f3bc38dfda4e7630a0978d27bb,9b7c233a243f383f7c4aa709d936b546febf75b9185db11f62093d8f2826c7a2,False
2025-06-02,2025-06-03,v16,complete,aws,"{""aws"": 50}",50,0,0,4.19,a9e00a0432358c3d71ac9fef3061ad94be97bb0670456e7a10a0b673f4f2341f,bda8e9781ab4daeab6c0f5527e0ef42aaf3f5e79d08ae8b7635209734313a5f4,False
2025-06-03,2025-06-04,v16,complete,aws,"{""aws"": 50}",50,0,0,3.88,168e2becb20766cf837ec77bac9c404ae41e74f389d556d0167895d77bff0800,ef6eb675cc414684d057c07b20246a68e9c0b77205e9bd8b36b4956a845434e2,False
2025-06-04,2025-06-05,v16,complete,aws,"{""aws"": 50}",50,0,0,4.16,8e730bb31fd5d6389fdea211b347c7ed545199c4f8b70976e431463d690e3355,a12110b71b3ef3d5851fef7816ceb8dc324a208a950ffbdfd93427a695c18a10,False
2025-06-05,2025-06-06,v16,complete,aws,"{""aws"": 50}",50,0,0,3.92,69b26a7cefb22faa8718733aaab4d151856dfb1b6e117a9906b15e87f7f3ddff,41c6c3f8ccd9567d880aafe709c9dc4fd96f1ea2e82f37b84ec86a12661e9e9a,False
2025-06-06,2025-06-07,v16,complete,aws,"{""aws"": 50}",50,0,0,3.74,ba6f0f00bd3c299db3c7f85180428d1ad10c2fc1e02ef0db114dabf71c093565,4af4c0c817d6e6c17d9d88aa5a0628428af0036c69d2769aef5518de7d994294,False
2025-06-07,2025-06-08,v16,complete,aws,"{""aws"": 50}",50,0,0,4.65,dd9e3dbe7ed623ac2777647fb817376463487455c5861a30803af687252f0c3a,c28ae1a9c9438cde6efc1701337aa46d274c6e8f8023efd9d5a5421aa282ba08,False
2025-06-08,2025-06-09,v16,complete,aws,"{""aws"": 50}",50,0,0,3.89,8d34b8677b58b304ac5c1a7a26a48a5b66b78cefe0b4e3c29b924a96a16cf04b,8e11553ebdbb585d9f1a672eb5a73a7ba64a20d5c63299db149b434bbcd93703,False
2025-06-09,2025-06-10,v16,complete,aws,"{""aws"": 50}",50,0,0,3.96,07c082063b4426c8f32226c6a66555094d641491dd618f2a92c10eab44bd7b52,7dd9067cb86779d2873fc33b70074b2444ea854eef8b4fe25824a349597f9572,False
2025-06-10,2025-06-11,v16,complete,aws,"{""aws"": 50}",50,0,0,3.97,073c5a541f94dce73d3afad1c9beaffca1f16199f7bde455edbd44a65c4fc06a,12f91c67ab035d85d34556b36cbfc1dfb8ed70071edf1b942fdd2156cb5088d0,False
2025-06-11,2025-06-12,v16,complete,aws,"{""aws"": 50}",50,0,0,3.94,cb809c1970504e6dbf25b454ef0417b52a757bba2b711af47e1efd8eecbc0f3a,5acc397093a643c7ae899177f2cbe4bf675afac8f2b6f6de939814bc68b6f121,False
2025-06-12,2025-06-13,v16,complete,aws,"{""aws"": 50}",50,0,0,4.5,bc77d88ee437960bc2e8f5c43ac17df710ad494fecc93c759ac234908dc98d39,2696b7db2432af3318807cc870631969c413ade5a20c3aafd01b556a67dba30d,False
2025-06-13,2025-06-14,v16,complete,aws,"{""aws"": 50}",50,0,0,3.74,4e9c0e611752589bb698f93df7ce9756b1cef968299e11a2a71993c7206ea242,241c4a1e138bbe3e1ea7acf1e59d483a0c43f895ba20384d023baffb09f6ed03,False
2025-06-14,2025-06-15,v16,complete,aws,"{""aws"": 50}",50,0,0,38.8,ee725febe6c6a3104e02df287f750e5f7123e0d993434d553574f88a01d4892b,f57cf78d2f04fa44786779efe5fe9243449cf22a9fe021e44aaeb7f98b34dd6a,False
2025-06-15,2025-06-16,v16,complete,aws,"{""aws"": 50}",50,0,0,3.93,3b0efd4f4848220f003a7f1abf76964ba7cda965e9b367cccb4c19f9416f8436,961a4508f177e3e1ba91ec77a855ed3ac5e5190d6d0ea4c3c235c793f19b1c20,False
2025-06-16,2025-06-17,v16,complete,aws,"{""aws"": 50}",50,0,0,3.83,77c68815d47918f3c5af77abd2e1d0bc0adc91dcbbaaf20acdc9549479c732fd,8448251b24726d25ce554bebb9403cad6756d24e2987d502d38b36749e601634,False
2025-06-17,2025-06-18,v16,complete,aws,"{""aws"": 50}",50,0,0,3.94,0e82fa72eba9c9d38e0f7d0aa5178bf3dbb30cbc1fb7e48a9d1cb7bef7ac11f0,5cc6f097e2d1a0486c839f079391477a9a44cfb06f74e99bb8518a5502593095,False
2025-06-18,2025-06-19,v16,complete,aws,"{""aws"": 50}",50,0,0,4.19,c414ff05f8a599ada1d59a2f7d0ad03b6f860673651f2bc72e80c55f5bf18596,f033ab14805d7347d80b4ca897aa7900356cb28963f98fd87cc04a018df59953,False
2025-06-19,2025-06-20,v16,complete,aws,"{""aws"": 50}",50,0,0,3.93,56e7f6a0806b79fd5d7c3ce672d3c5a529a70bd71f4eb26bcee3db87049a78ea,185b59079759609b4de1fb69ddcd97251e538934cd19a9eab8a69b6f5c570a5f,False
2025-06-20,2025-06-21,v16,complete,aws,"{""aws"": 50}",50,0,0,4.09,71142be4fce7e5083b2ed82eb7033bdcde325323e4b6ac88111895170a80d8f3,2e5b2e80dbd30b7af8236badf34f4442465891f93ad21ff1d00be6150e351c5a,False
2025-06-21,2025-06-22,v16,complete,aws,"{""aws"": 50}",50,0,0,5.25,565c672bc58d2a76dc59af86432de41bb59f849b584121f59038c98d241ad6bd,993b6c7419f44989d3d4773d2a8df04e2353b1a912132b40db34a6e181051550,False
2025-06-22,2025-06-23,v16,complete,aws,"{""aws"": 50}",50,0,0,4.6,17185a3cd0cfb85fc2480cb6be0c529e6bf3acde1d7c7ddf6b79b056300b1643,fc2f786c8318b4ee23a2390d5b1994140379e865e9a5689004e91e675108ad5c,False
2025-06-23,2025-06-24,v16,complete,aws,"{""aws"": 50}",50,0,0,3.84,f6e01401f4a8dff60bf306bf06e4753032e6111123fea89c6c098d028eea34fc,d543c6fa8e336f48c63f69af499635d3fbae6f47603ad44d2061730e2e30ecff,False
2025-06-24,2025-06-25,v16,complete,aws,"{""aws"": 50}",50,0,0,32.82,76092051731bebce7740797bfa8dea82a4552d683cfc6046b4217079141255ef,ecc851161edffd646181d07d96fcd6519a68ba90012fdcaf1d588ee31b9a722c,False
2025-06-25,2025-06-26,v16,complete,aws,"{""aws"": 50}",50,0,0,3.9,c3fe56d4ff900f6d0c17d489413148e49893c89b2709bc6f576fdb9ad4a70d8e,35a06aef0dda3b1dc80e3f0fdd4353e43319cfa01e39e79d8fc4adf957cf6f9a,False
2025-06-26,2025-06-27,v16,complete,aws,"{""aws"": 50}",50,0,0,4.27,c4aa0c77fc7bc528190ede473b58a5a8463b9996b49eb0e1911598d134a299ec,f27cf28f444ae435d6b2f6f883ba74bf65d99f74c55f54602b20af72f4dbf0a0,False
2025-06-27,2025-06-28,v16,complete,aws,"{""aws"": 50}",50,0,0,4.17,507b46c4560dc4f408c3efa8dccb85dd48499a3b66269fcef90f2392f22da93b,7d08f0b88d999745fc0d18420914fe2132d3f422fae399e2724d15b60884ddc3,False
2025-06-28,2025-06-29,v16,complete,aws,"{""aws"": 50}",50,0,0,4.13,e63717850fefab93a0085bd6864ca1c11f34957cebce3edeeb877b9b105f8892,e9cb68a609eaabffb6a2fe8e7bd2d735bf72cdd83c392d4678e101857efb348d,False
2025-06-29,2025-06-30,v16,complete,aws,"{""aws"": 50}",50,0,0,4.09,7dbd03464c693f345f7650f63501306eefccc17788bb0e6cea402f2d028cace0,309d0190461c6c6eebfc06040c6c3b1ab3d65af24eff528d2d3c630020646810,False
2025-06-30,2025-07-01,v16,complete,aws,"{""aws"": 50}",50,0,0,33.83,e7e232c6c61b9c9dad395b5f19c05cb0acae002c3ba3b12e70ac2c43f41752d3,64f24fdbdae95e161dac0f522488ab2cb5fe8b2a6da2bc9447dc9166495e31db,False
2025-07-01,2025-07-02,v16,complete,aws,"{""aws"": 50}",50,0,0,33.69,0be3043ecf7c34edc8ad25bf86b685b03a41507125ac3f6df336c5759c1f2baf,5a094add2046b1964b2691b775eb071663d4134287a571424a4de67aa7539439,False
2025-07-02,2025-07-03,v16,complete,aws,"{""aws"": 50}",50,0,0,4.92,3c55a1faa88c1928af87cb34b051a3ad410873bdc02134b5fce3d2560f289c40,52329b20e76ca8157c30cfcd6c68a374134ef3df7222b3b32a689676b6d6715e,False
2025-07-03,2025-07-04,v16,complete,aws,"{""aws"": 50}",50,0,0,4.02,6117c252f06fe6d57f53dba3191baa65260944d66a6262d82a648bf90314763c,ca282a68c4662f1d814060ed31add8f6c48881557c06d712e713049ca3600db8,False
2025-07-04,2025-07-05,v16,complete,aws,"{""aws"": 50}",50,0,0,3.96,7a30b287e20409747b1e976fe688be3432d8e0c872c04905a6c86e32544d5f5f,207d146de3edf2e3a0538a7174d33c5aa64e9d069445bb450897785e0692d181,False
2025-07-05,2025-07-06,v16,complete,aws,"{""aws"": 50}",50,0,0,35.29,4d44c8f265208974d0846b9b311bb7b914f231abdbc56a12155eafe3973882d1,1307ac9b8438a6e18c703f72077a4d175d3830694e264f7f99dbdfe38facc642,False
2025-07-06,2025-07-07,v16,complete,aws,"{""aws"": 50}",50,0,0,3.98,5fe03c88e2db77c0d08795d2866b482b2684d3c3b388a5a6ea5936e36f98ae80,fa857c102634aed424e11bd9c1dbb2ab36b3aa9442fbc68c1002e897f0b7e5b4,False
2025-07-07,2025-07-08,v16,complete,aws,"{""aws"": 50}",50,0,0,4.09,d44a4892b1ada0ffcc73ae51189457cba02a7e5d28c9e3d9ab13a3f96ef41582,9e1cecf41dca2c12ef2f6340fc01737e9b58a989fed41be9339c2443386e99b5,False
2025-07-08,2025-07-09,v16,complete,aws,"{""aws"": 50}",50,0,0,3.75,b7393b006b02fc2eb64819f79e1d6f8a552a57137a2fa17ecfd20c46c39f87bc,94879a65920aed99a4762c548ecc10e48d9a2bae6d2bcbdf726bb6d12f068a94,False
2025-07-09,2025-07-10,v16,complete,aws,"{""aws"": 50}",50,0,0,112.04,687e0cc4fed532980e995b7f7d1e05575edb2ee5d4940cf154b3dec57f1dfe88,ac535261df493d06bcb27e97a81741400baaf8d4ad231f856d7ce0c26c4175ba,False
2025-07-10,2025-07-11,v16,complete,aws,"{""aws"": 50}",50,0,0,4.06,e00ab86d103395e4be8bbb4d0ee68260c973808e571cf4df37964952a2bf67d7,b5ac1ff3e9e7481d246546a78afb3615312ce735290793dacd3e6ace84171245,False
2025-07-11,2025-07-12,v16,complete,aws,"{""aws"": 50}",50,0,0,4.7,eaaf37830ff36839d81634fb85130df92f62ca0adfafebf00cbc1d83aa12b790,61c9047268c3f690941aabffdfe5a1f13bdb35f929147b095be669ae75e1d885,False
2025-07-12,2025-07-13,v16,complete,aws,"{""aws"": 50}",50,0,0,4.7,6666c3cb1f8a614820720e02ee5c4202cfe19ea4aeef72ebe51b4384fc8bcc8d,198fb851609fe148d6af2e5f8c3d9dd17242f06b36aef0d9169d90cc386c541d,False
2025-07-13,2025-07-14,v16,complete,aws,"{""aws"": 50}",50,0,0,4.34,43a3bf71fd969b3f6cc9c0466727f515457499deefca6b07b59f3510a8ec692e,e4d43008a913eebd93bac7dc05843b9060d9a89c6532c33dcf1b1d8a0223b8e7,False
2025-07-14,2025-07-15,v16,complete,aws,"{""aws"": 50}",50,0,0,34.2,88fb69aa8667f86cdf74c160246b99290711a34f7c448081e48796da13fca1d4,d5744383119e05e6d97c2dd740f77d14600bb770d07a6169529bb185c80bf8e0,False
2025-07-15,2025-07-16,v16,complete,aws,"{""aws"": 50}",50,0,0,249.87,e5630b3f7e0da97ebce9f0ffb311f91740588920136cfce5d14fa2cdbd2cd0fa,927ae0656ce124d84713ef35e51720881d6c25804d0f52de4fa76294a706735c,False
2025-07-16,2025-07-17,v16,complete,aws,"{""aws"": 50}",50,0,0,33.93,0170c63af20ad3981305b6f2503a9b3e247c40d3ad54d6714a15b90cb715dc75,8ed814125c6593a7006e85b2b184d65571888d61f7914c4936b053737864213c,False
2025-07-17,2025-07-18,v16,complete,aws,"{""aws"": 50}",50,0,0,33.79,86d181c71254242a05ad72048aed22305eec8e7f7bcef27518f3d9e5dd833604,28e4a85097b991b78194af33c47f392f418784435af5163b42ed07080acc4ee3,False
2025-07-18,2025-07-19,v16,complete,aws,"{""aws"": 50}",50,0,0,71.17,60bc099b226e14d940f05b6b888cafc754201b890e6f1717a474aecb2192fe09,2303dfe00e3709b9a39391f5b2867c25dfa732ffdbd35d1ed01659ef3d15fdcb,False
2025-07-19,2025-07-20,v16,complete,aws,"{""aws"": 50}",50,0,0,70.39,355c4a43d366927266fe82c88ead08ee9f6994f66cea9577369130991c681a0d,c26eb5972c9c62d96e1c42df35ed6ef08defe1162c10551d6638cc64f11a7b16,False
2025-07-20,2025-07-21,v16,complete,aws,"{""aws"": 50}",50,0,0,35.33,e7b513fe05c74a3048e32a076d320d085d04d82df98ca53f21281c2e50e60283,568787ca0d9977a767df01cc1d49b6b51a0a84154599eecdc832d476ffb56d44,False
2025-07-21,2025-07-22,v16,complete,aws,"{""aws"": 50}",50,0,0,185.73,3f24e38b1d9957359ba342b9d109c27f46bb7f13e2da5fe9724bb736a64604a3,322fb6d27900ed9ecc7a3d4608e578550067ccb5a61281f8b660606c4127e1b3,False
2025-07-22,2025-07-23,v16,complete,aws,"{""aws"": 50}",50,0,0,5.37,3d62018bb3e07a22e74a15765ae59ac38f070499815f92e2d1ea0a853b8f10be,fe3239d1c5fd46b1459f11a3bacf5e5be33facf98e5faf360e01de888cec40d1,False
2025-07-23,2025-07-24,v16,complete,aws,"{""aws"": 50}",50,0,0,3.82,4df1389cbbe9f5fa68bd7755c660410404ef2c59fe12f005ae3ce3fffa04d2e5,2764cc9898f913457fe0a5a1ec007fe1cbc6ec5c6373e1e8d92ae1c9ee36b134,False
2025-07-24,2025-07-25,v16,complete,aws,"{""aws"": 50}",50,0,0,3.83,5ff278b1e94b86580cbb79875a9d9b56b9ffcc1064812d783104506c3af38b92,2e4cec8d7cb48a550f4edef494c50012f58a448096882130f2a895434884da9b,False
2025-07-25,2025-07-26,v16,complete,aws,"{""aws"": 50}",50,0,0,70.84,8d346488b9b95efdca7bcce4454b4658d1d6221668b121a175d25c38cc55644e,efec4e99e17948c47c571f88bbef114995361c56351b3b59458f4d76f805b3ca,False
2025-07-26,2025-07-27,v16,complete,aws,"{""aws"": 50}",50,0,0,3.75,872ee4ff7a6e445bb7b87e1b505c5b5e7883019d4090add5fa13c5215b190eb8,717d2577db9640d0ba18ad0ade3378187e283e57cc45043b8b98bd7df4c1c2da,False
2025-07-27,2025-07-28,v16,complete,aws,"{""aws"": 50}",50,0,0,4.42,0a8fda1af1a301ac9cf1e5c236d39b2c47c016ee6d1753fa4e1dec8b1589abfa,5edab4d37cd0df3413968f7bc2d8d12181616f50c25b856354a59d339c77deaa,False
2025-07-28,2025-07-29,v16,complete,aws,"{""aws"": 50}",50,0,0,4.73,ab7d3547ad36ed0f67262c9863c45b6483b6ebc10da17083b53673a0bae6250e,bbb82cf5eca6ba604733b3a0aa248edc4265b4ccaeafad8c95a5b3763f690926,False
2025-07-29,2025-07-30,v16,complete,aws,"{""aws"": 50}",50,0,0,4.36,6f5e12c74038ac8349e136d2a13307182a80289e16ebbc707553a4f49cde7a6e,e06f507c779958c8082a5867fed5c0d29108dc61ba0a85befc870b0c26eac928,False
2025-07-30,2025-07-31,v16,complete,aws,"{""aws"": 50}",50,0,0,3.99,0c7d2bcf2d182aac3afbea334b91fb8d74c8495a36166f23a060258c15258064,c0d79240dff68bc86bb364fe9b8b2f0b54580c3c71c6c2a8b4630f1f35bb4205,False
2025-07-31,2025-08-01,v16,complete,aws,"{""aws"": 50}",50,0,0,4.74,bd2d7f57afff87282a1107927047948f583e91c4b7ad08a9d2d9c3ffb8a6b3ce,5c37969bfc8ab8171bf1b9de4f6b6e12cde6048a665c1c710ee6c7f0994fdff8,False
2025-08-01,2025-08-02,v16,complete,aws,"{""aws"": 50}",50,0,0,3.97,29277678c20e69538c153d84dc14bba4c3b0f6338aca34338743c2625c82a1cb,280d8e89aca75efe292332fd7c5e10c50128a0ff27ff0c2c7b0598c240983b5d,False
2025-08-02,2025-08-03,v16,complete,aws,"{""aws"": 50}",50,0,0,37.71,d2bd4474895c4ba5554cfa78b4a719eea53bc7bdb4242d4e3e284c9e67560641,0ccd0b31d660251fa5f675d82ef776a3f0f059fd24c507a073da9a5265a30112,False
2025-08-03,2025-08-04,v16,complete,aws,"{""aws"": 50}",50,0,0,63.64,7b2658a1fa52edcb0cf65d922d2a88c5a24c18c82cb29ed11a62b8852297cea0,aa7ce346f8bed9609b60722d5d3b45f348c7e108928776b8f7692550c719230c,False
2025-08-04,2025-08-05,v16,complete,aws,"{""aws"": 50}",50,0,0,5.1,ea1c1699cabe38d847f5536030b326ad217cff0a3e7dc351cdf4fcaee1cf0dc7,9428c123e12f3a1a7549163ee414fcb7181a03ef72668582e2773b6113f9e13b,False
2025-08-05,2025-08-06,v16,complete,aws,"{""aws"": 50}",50,0,0,3.93,91c5e1a8287e7f6046bc13e23379025e1ed211aecc2f07e025779497f6a5e5d4,0078c069f1547615168a67bd8946bdf79bd5d6d308be6d3752dc6403e61c10fe,False
2025-08-06,2025-08-07,v16,complete,aws,"{""aws"": 50}",50,0,0,3.83,3129ea5c9296344eceed0195a5b515e5022197d485c27613fc4c664a67a19b1b,e328c4464e186987becc603c53fac02612b15fe69a9dc6c45b374b8221c1d5a0,False
2025-08-07,2025-08-08,v16,complete,aws,"{""aws"": 50}",50,0,0,3.76,6251b681fa53ad03836d2779728f6b5e34e6e5b5d9330abc1665854e55198217,be157855a04295ecd065eef1e0fa7b6ec45c2c32774b26efd6bf988f84a1ce84,False
2025-08-08,2025-08-09,v16,complete,aws,"{""aws"": 50}",50,0,0,3.83,ee40abdc3343d2fece7882e4292f9a67372e3485c6b777d8887bf9de93bb7dc9,0406f24a449f1f09d32ef777b4dcb67b1b62e946e317d720a0d98d2e164bab3c,False
2025-08-09,2025-08-10,v16,complete,aws,"{""aws"": 50}",50,0,0,3.91,8925066fc051ca8ffcc0d14c40dc4eca54232453a5e93ee1a995efc8d4b94fa8,2246d4f2cbb7469b17ccecafe9d217a7a8ef91239d6422259c0af7000fd29ef0,False
2025-08-10,2025-08-11,v16,complete,aws,"{""aws"": 50}",50,0,0,3.7,8aeb43ceb55b78a2098acc9cc3b4d175f6df5ebd27d8dbeffa94066d85db4490,24a47724a79b02ba75a135556d050ec4f72a4f1dba78c5859d380e7b727b0335,False
2025-08-11,2025-08-12,v16,complete,aws,"{""aws"": 50}",50,0,0,3.84,a0db41491bd8d33f88ca8c7c30a0552c32b65406e3480f8742284ddc351277fe,e10e91a3b2c1d54152c636aed9616fd97e63b2ab2a1aaadd870660a134b7b921,False
2025-08-12,2025-08-13,v16,complete,aws,"{""aws"": 50}",50,0,0,4.23,003e7f4fd9599f1c4a5453e1f158548fdfc2bddddc81959b8b8f6e266ab108c4,718ea1216433a271660231ad88a5427173951dae8a2f57b126b31a87feb0c26e,False
2025-08-13,2025-08-14,v16,complete,aws,"{""aws"": 50}",50,0,0,4.57,0a86fd7c43196efaa5eb40202f8cdd470adbacfa5d7b313af6633f5711d9fe07,cf2df9c912b8a23bfb000f3a0682e63b8eaa13959e89e1bd382ff29a6798bb02,False
2025-08-14,2025-08-15,v16,complete,aws,"{""aws"": 50}",50,0,0,4.11,4055f027ab3455d715da64ccd1b1acaab495919d4f4548950ff9193ac54255f5,d4c1576b3adf82ffe24eff9a04ca14c76c8de156561a8a2d5e5db2b3b35219a7,False
2025-08-15,2025-08-16,v16,complete,aws,"{""aws"": 50}",50,0,0,34.6,36dbc8481b5c93b28e523b8ac757a7abdeb313ad63adc4d9de59f37229b5462a,86937efa8e647b963c28d56c173999f653343d5aaa2afa3b1bb2c9b58a9154de,False
2025-08-16,2025-08-17,v16,complete,aws,"{""aws"": 50}",50,0,0,3.93,15c626985c0156fc84adc49bf193a2504db5618776ca45fed5fdefbb8bce2a4b,e23a0908f5a609902eda6f78beb0f448f76deddbda82e0feec7c3b49082b860e,False
2025-08-17,2025-08-18,v16,complete,aws,"{""aws"": 50}",50,0,0,3.85,1c3bb88c8cafdfe27c5c29d8b42ad17553358b933da809cd26cf4479559759eb,c18bf66e7c684e3217f7a4359ce48afc2b80fdea9675fc98b094aa9d5f6456f8,False
2025-08-18,2025-08-19,v16,complete,aws,"{""aws"": 50}",50,0,0,3.96,4657173bbbe3a7e6ef6605fde90b46c614d42202e903894b50da8fd9ca08ecb1,f3e81c1c8977c0a1c08a8fa3b02feae44eba4b1be0b4eee602c1d318bd977886,False
2025-08-19,2025-08-20,v16,complete,aws,"{""aws"": 50}",50,0,0,3.94,ca1187d80eec995eb2adda670141ebecc2d14c717fb2c262f38d74c13c382b55,6d786462a86f96127d903f7d8a7fdb8804e194360d2039dadbbfcdd93de34b8b,False
2025-08-20,2025-08-21,v16,complete,aws,"{""aws"": 50}",50,0,0,3.63,b6eb198745891dacc00c8a6e62a9f81b42b99d3aac3e606e22fb08457500829a,c2fcfecf10e70a3a0d0c717a375b48495bccdbb9fe4b4bf90345c9dc2f5d0c6b,False
2025-08-21,2025-08-22,v16,complete,aws,"{""aws"": 50}",50,0,0,70.98,7bd39b777a436a644b75d03317327175a6b3f75432e9275f025edbb745933820,b7b148dae748d428eb153f14f7deb06235d215b6a1323d015541a25bc52533ab,False
2025-08-22,2025-08-23,v16,complete,aws,"{""aws"": 50}",50,0,0,4.2,7a27d60150099d4067bf7fbeb051c414532a25e03080b20f52088ae2918abfdd,5939ceba808e53280bbdcad3343567398375a6e6c13379edf54b11e28a43a365,False
2025-08-23,2025-08-24,v16,complete,aws,"{""aws"": 50}",50,0,0,3.94,cdb1d163888d623ca0d176c742db936d76665cf594ad7bccc1b11cac4ec93ba7,e1c2bdf41afcad7fc6b45270bd40863a98ea39e23e3fe37dc57dc1ac0a2107f5,False
2025-08-24,2025-08-25,v16,complete,aws,"{""aws"": 50}",50,0,0,101.94,80bc59b6a062b691d67001c7eee265b07247a61a18fdff0186e12e1ee0a62041,11daaa65f9d2b8e74a97674c320770a0914eac6c2472f0e6555ed57be3143265,False
2025-08-25,2025-08-26,v16,complete,aws,"{""aws"": 50}",50,0,0,64.14,14780f58059592ce2eda4b8dd72ee0522fa1cbe899f505425a4e9ac3c3355d83,b3b938e1851624a96509047f6f30188a8a2ed95da8280f30672cf73a53507d4a,False
2025-08-26,2025-08-27,v16,complete,aws,"{""aws"": 50}",50,0,0,5.48,ef323e742971291d99a588600496ef3eaddc0d123c65c572d53221480d216cd2,18f31956bc7b6e10b0543ea27b6e042dc406378c40113f2dde5c5f2ce036a877,False
2025-08-27,2025-08-28,v16,complete,aws,"{""aws"": 50}",50,0,0,4.47,bee9a9bee318d7f33dda6c61cd981909ab9736f049b5793f0174b4f5bff099a0,ad8d3c82bd5419eec687de4a061cd6d744e5626ade6c22abe69e969a24d8b4a7,False
2025-08-28,2025-08-29,v16,complete,aws,"{""aws"": 50}",50,0,0,4.05,3999e914c981a1f314532ab94747439cfa6d248c60cef8a60fa7d1ada98802d8,b930d925bd5080696c58aba91266831493c6d1c55f0cb30393a7fc8df46595a9,False
2025-08-29,2025-08-30,v16,complete,aws,"{""aws"": 50}",50,0,0,4.3,aa7b856f1e9693aa904070cdb78a86a3fed3ddf35fe52cc27d150a23c263869d,02b1174f2e496079511d0855c2416cde3663b5e570f88965a072c5fbbdd50d7d,False
2025-08-30,2025-08-31,v16,complete,aws,"{""aws"": 50}",50,0,0,4.2,22cc25c27cde94f77bf4da7946cad89f2658a17d199347ac0feac2d48889cc97,8c22807106b9d5fc24ab8138508e2a35d8440bfdcee76cc3d0a3f62a9fba50b2,False
2025-08-31,2025-09-01,v16,complete,aws,"{""aws"": 50}",50,0,0,4.27,ea1fc98849682293039b720ee97eaada71c97cfa47c47fe215b020df31f85cb8,cb2dfa6530fff8ad1064bc28f754e9ccd51e74ac57ce3da203014b38116c3d54,False
2025-09-01,2025-09-02,v16,complete,aws,"{""aws"": 50}",50,0,0,4.72,3f0fc1e0eea462b15e46b031bbd8ab31faa437fdd8972b52eaa982ab302df7bf,f57d23bade7b959e9828e64b3712231d093188dee46a7149b24bb57a08a75cbe,False
2025-09-02,2025-09-03,v16,complete,aws,"{""aws"": 50}",50,0,0,5.92,95835e8d2feaec0cb81969018f989138d265f0f58d00189f68d71d124cda0262,3a5f380549d1147898f0b414e31a9c4a39e87c44b0bb0d89bc755bf0e01bca14,False
2025-09-03,2025-09-04,v16,complete,aws,"{""aws"": 50}",50,0,0,68.16,4e7494318b19e88b6625f3a43137948ed40a5da8ed155b05a11f545225d93f0f,112a8e692990cf839bae686f3f6d6fa0099a66c118b6c643b575bc60ba63076e,False
2025-09-04,2025-09-05,v16,complete,aws,"{""aws"": 50}",50,0,0,4.82,8f723b1713c2deaa371a08f061b2b31b2b92806b180fa5584d08d273751b681f,c71ff0f10c628b29d0281f70d9b97141843b22337e0f753b9a7f73f8b96886ad,False
2025-09-05,2025-09-06,v16,complete,aws,"{""aws"": 50}",50,0,0,6.12,84124e0999ae91d8c9c3c409d9b8d573ab51a524ed42d36e66933385daec4c39,1c7892beac5d806a0d7804903d82c3ce576895709d1970cd839ac1f98f9cccaf,False
2025-09-06,2025-09-07,v16,complete,aws,"{""aws"": 50}",50,0,0,6.13,04a35697ede2e574881cfbc661f128ca73e2beb37000524999bd05d55a0800e2,fe9d7c5f0ad95ab147aa61fdd3c3e21c82d5f7d9d72619fefbd3f74a13505007,False
2025-09-07,2025-09-08,v16,complete,aws,"{""aws"": 50}",50,0,0,4.72,4d45c2cc13128461d32b943d5988f625fc1467d0061e66ca8adb2d21aa5742e7,569eba658b995dd247a43200d018825499232f2e1409272f6fcce2c9f8f3d092,False
2025-09-08,2025-09-09,v16,complete,aws,"{""aws"": 50}",50,0,0,5.52,bfdc76d1928c00ca8d1771d3acb51d9b9b5084547e160e058fac8b0066d93c61,d1c55f93099a98269e333ac262122b7d9318d0165cf5540b80eb2d651047818f,False
2025-09-09,2025-09-10,v16,complete,aws,"{""aws"": 50}",50,0,0,3.83,c8fdc4cea145c4065e43cf3fd8ca381225f6f587f18c282027e12c7e0391764f,51c7d6ec5328754ce1c12322c0b34d85f8f528aa8e1893edac5c7a16759f4736,False
2025-09-10,2025-09-11,v16,complete,aws,"{""aws"": 50}",50,0,0,5.18,906ab66e8d9c72e41f8ace4340a6bac4655b343fe23b1a5e40ae519f6b2d52a5,3edc88062f3895926a041ac4ba550253646536a44a3d247f74c8a9a992f98a0d,False
2025-09-11,2025-09-12,v16,complete,aws,"{""aws"": 50}",50,0,0,5.22,0bdd930ca85d8fd2001a1ab4ff56b94922038133b989bffcec41d0a5a8f8862f,0d60a4198a5f65f33e205d9e6c84004194e1c13076373f3d28b9e2d6bf4bf710,False
2025-09-12,2025-09-13,v16,complete,aws,"{""aws"": 50}",50,0,0,5.18,aa2f95124950d66ce0a71de2148b302ec2ab1e4f06d156f939baaffb7b702300,1dd327e61f1b1a2bccd88aac756c8a78ae15dfd8ea6a9db19357d6450bcaf67e,False
2025-09-13,2025-09-14,v16,complete,aws,"{""aws"": 50}",50,0,0,4.01,f17eb898b17e8b657a6bdd4a1f613cbbd8d71d6015e8db130e75b5dabfc331fb,672ecd8d1bd52178db738433350a00a39a437dd75dfc02a384dc5eaa3eb1d45a,False
2025-09-14,2025-09-15,v16,complete,aws,"{""aws"": 50}",50,0,0,5.03,963a7769bdfdbaf644f90f71414db509d4b0ff1e17d9ee1af743a0fe38b5e857,1e8fa81a4b00ee868681f5c75391327e1620d512a779b6aa42f9499254bcaf91,False
2025-09-15,2025-09-16,v16,complete,aws,"{""aws"": 50}",50,0,0,4.01,78e30ff092f1de17dfecfa14db5d82af4f6cc4fffe858555f077ea8337b7661d,fcb354f31e38aa8475356026fceadde8fbd5b95ea044036742c2c6c978190713,False
2025-09-16,2025-09-17,v16,complete,aws,"{""aws"": 50}",50,0,0,4.36,6c1b75ee761173251ee09e82060bb9550a0760c6d04bbfe9b209cf4819cd53c2,8c7bdd6267abf7978b2e37515b943692057d47604cff86eaa1ca700b1e1e858a,False
2025-09-17,2025-09-18,v16,complete,aws,"{""aws"": 50}",50,0,0,5.37,1ef8698f56f068203ad6e38358616f0f19269d59658d97ca0e1c91d8b47a55dc,282baf995e13478ca27b0920d730460f993e2627ec5de1b789ab3a4914b115a6,False
2025-09-18,2025-09-19,v16,complete,aws,"{""aws"": 50}",50,0,0,6.09,0ab793ac85a28f022538c120f2d21c68f208891e52f25c799c86ee65077b7c83,5aefca778be91a963f6bacaac5187a7ba592eef1bbae5b1585eb284f5b92f34e,False
2025-09-19,2025-09-20,v16,complete,aws,"{""aws"": 50}",50,0,0,33.44,b23f526eeaa2cccb90cf03093bc55c9fed599d4bd082d78df863d3a4b2613e69,cacef7b4f83f0cbaf6b93ff5ca237170e11ae6dea5cf8cdd6e41bd99a08ed173,False
2025-09-20,2025-09-21,v16,complete,aws,"{""aws"": 50}",50,0,0,5.41,1337936b48585d9cd3981eb9bfd3bd95ccdc829502124092141022cfc2ba4ae1,39a2ac1da924f70d8b1502d5b896ddaa3f0998545f0627042089ba4d3ed8d4ec,False
2025-09-21,2025-09-22,v16,complete,aws,"{""aws"": 50}",50,0,0,5.05,3966dd270f4ae2a7678fafae424cd813388d5c562b16bd30e6a7f7f146b0e2b4,a04d11f8038c7cc73d63aaf15af599505c2b8a0dfc557a5e0650ac1afe65ccdf,False
2025-09-22,2025-09-23,v16,complete,aws,"{""aws"": 50}",50,0,0,5.24,8aa5a09e785a55b749396ef4b7a1ff61c2f2e1c51e56b570cfa3cdd0d859b5cd,6a48eec40fc07b643a9e3ad91b500904a3424e16f9512c2fc10bc0311f15ae31,False
2025-09-23,2025-09-24,v16,complete,aws,"{""aws"": 50}",50,0,0,4.76,1b1265eb733e897928c4891ef4ed2f413ffa473de6f80edc76faf01c51ed7ee4,602b6cbc09ffc3ea167d98edc0b14e659db1561485a3a8e30e0048d6e9ea7b03,False
2025-09-24,2025-09-25,v16,complete,aws,"{""aws"": 50}",50,0,0,6.27,c9360bb5fea882a56d0b0d72c99ad0cfed7cd768f726f789086af5b0ac9104a9,be7c888d6e5a98fdd12f9745299a1a87df02c8e561da4fd93973be1e6bb7cba1,False
2025-09-25,2025-09-26,v16,complete,aws,"{""aws"": 50}",50,0,0,4.77,5ee49054898ebe20068e99df1a2aff9e2f85a4c3caf16c60a08f2049f1692746,08b75c80631d9c1b44eed43e8d6bd07f1a81a926f999d5ac2801dacc83cef2ac,False
2025-09-26,2025-09-27,v16,complete,aws,"{""aws"": 50}",50,0,0,5.59,1a42ae897d864af962442eaf7fdfcae4f140cfa5a24cbc367816e09d20de6770,43afb5e6bdaa7014ddb568a685b4a53f68af80987c738b754e8d7fe4e3b2ce9a,False
2025-09-27,2025-09-28,v16,complete,aws,"{""aws"": 50}",50,0,0,5.18,f3262c5f5ed5f15c77645e72eb3495b1428cf9816c822deb7cff6c75cf3e7375,aba7b24d1d431c2aeff6daa4cf915e9a93be14ccab823a278aa28294dca4df29,False
2025-09-28,2025-09-29,v16,complete,aws,"{""aws"": 50}",50,0,0,5.25,a3a183d3e4072b32f26a62891501ab7e0bccace3269705cdd71ae8e25da51d33,d802b8aa99a34d356eebffdbd5d33763d2004f1609cbb1ccdd1d1e80d0ae95a4,False
2025-09-29,2025-09-30,v16,complete,aws,"{""aws"": 50}",50,0,0,4.65,49a5401603f3a0d3499c967d1f7adf3d9290a983f8c230b362b816d968ef92cc,771f4d0a2138e0e2697fffec423a8617c021d600d97796bf4df4973c34b15e10,False
2025-09-30,2025-10-01,v16,complete,aws,"{""aws"": 50}",50,0,0,34.59,437338c39fe518f962ef5988901a9503c26c304e043723374e298a8be4cba9b6,d7f31fb491f3db15acd34f757237b499afb5950ef23039ae440d20ad2a4aab9a,False
2025-10-01,2025-10-02,v16,complete,aws,"{""aws"": 50}",50,0,0,63.31,a7628883be934a5ba59e1708ea7f213d65d4888f9cf3895171f92ff59ac96ea3,1b067453ad3b9478aa354c641f6764fa0a33348c9914c6405e9add13c90758c4,False
2025-10-02,2025-10-03,v16,complete,aws,"{""aws"": 50}",50,0,0,4.35,35a297384035e07a0e2bd9060128d7135a84e0608e791201b4152e5209b04f45,4dd5ec13c398192b45eba40315cd02e7c2092da0b34852abbd478492fb8663cf,False
2025-10-03,2025-10-04,v16,complete,aws,"{""aws"": 50}",50,0,0,34.36,f551d4027811bcf70116a70eb6f5b29610c7c89615466c954da12e4db5327de5,92bcebb84399d2b30734bbd1032b148702791530de8a0c63f8ecf687e17b1de5,False
2025-10-04,2025-10-05,v16,complete,aws,"{""aws"": 50}",50,0,0,4.17,d46ada1844c35489b514206c9e6df1c8365de01eb766848c7b84d39768725d7b,59e8dd0d3c840dc519394a1be30c3ed29badba2611228da1c09c3f97f65ad79e,False
2025-10-05,2025-10-06,v16,complete,aws,"{""aws"": 50}",50,0,0,4.12,a6d0dd1565a295b0e766bd7767c35632f4dfeb8507e1c8a688de7de9e3a8c907,6b0bf0795fdd4a1945c42063a5365a3cd27749812ce42526cc6130abd8c6c7cc,False
2025-10-06,2025-10-07,v16,complete,aws,"{""aws"": 50}",50,0,0,3.96,68a5c8dfd2fd5a9e5010a77c0e6f9a21fb6cbaa8be94d34a785952c40ea68a9a,f5cadd5de3401295ee52717d27908351d5a25a596e4b854f6d018ba4b38c7119,False
2025-10-07,2025-10-08,v16,complete,aws,"{""aws"": 50}",50,0,0,3.96,ab5ad88fd8928e4303b4ad669eceb59e8cf2eda5b8b7ff6a2a505652744a3073,1e394a79357fd198d280a88a4a6e83b61ae82e9aeca4bb7291e003270baeadd9,False
2025-10-08,2025-10-09,v16,complete,aws,"{""aws"": 50}",50,0,0,4.34,19bb05fb47558a7137ef8e3cb3e5f7d53c4841e266423168136e14abbc2682e0,608e22fe22a7bc49a786453f9c75de62214d1fa7bed7a5dde585ccaec857d29f,False
2025-10-09,2025-10-10,v16,complete,aws,"{""aws"": 50}",50,0,0,3.78,130eae09b6e695cf668258a653fd6e6ae0791e0265e216f23d8a3e7db47c9f1a,c9cc365afee510777c46f18c70969afaf7dce7dee215dce610e2e533ae16abe3,False
2025-10-10,2025-10-11,v16,complete,aws,"{""aws"": 50}",50,0,0,4.07,f20228f9ca43cae9c03328de3969bce6f8f4740a48b1677a724035b8bd3f1a5c,fa7dfdd4d8dd074e5573e2ae83a527ccbe2e780f51b2be683238584fc837df57,False
2025-10-11,2025-10-12,v16,complete,aws,"{""aws"": 50}",50,0,0,4.33,cca42096cc2473550736bf94add464bf16d569b3f36a11dcefad949274b0c2d0,b920ecc400cd477aa9f9efaed88a7d7ff74d716d75310beb5deec4a87cd28ae3,False
2025-10-12,2025-10-13,v16,complete,aws,"{""aws"": 50}",50,0,0,3.89,52317e115aca7208015ff1a0699f7c45c9ec1c17ef8ebf9e20d3e02af8665b81,b3376c009d86424da5dda95ef689c0acfdfabc43b78cfab0039f2c4ad75868b2,False
2025-10-13,2025-10-14,v16,complete,aws,"{""aws"": 50}",50,0,0,3.87,92d7fa80e6a0b5301537bcf9cfca9ab11785d39344f6e182c0d5d31b5aeabfaf,4804d3a41e4ca2d171a1f238fb84a6451b0e5dd4d2528cdf011f45f0b988a0d9,False
2025-10-14,2025-10-15,v16,complete,aws,"{""aws"": 50}",50,0,0,4.46,fcc5b71b5ce40ba5d8902fdecf1dacdc616d70ad2395a88148a633c20b90290f,a68183e09a6cb56574ce34521cdfb83e5e2a55549cd2d9d3c062059a8f65877d,False
2025-10-15,2025-10-16,v16,complete,aws,"{""aws"": 50}",50,0,0,30.94,2c9432b419e8f4f7349de4f6d7dbd4b1472902df23dc8a0ee0efc4301ae1ecff,4aadeb71d3b9d346b06780307c910f4da2a6e5c9b86a69d5369bc0c9acfbaa1d,False
2025-10-16,2025-10-17,v16,complete,aws,"{""aws"": 50}",50,0,0,4.45,d536c43585da23a26880d6b9f8e62980ca8620b9e3be719d09c3eeb824b15c20,0b02e2eee1ed430d32e5b9fc38909e0b82eb2048cea1dad6a848db0e2f230b3c,False
2025-10-17,2025-10-18,v16,complete,aws,"{""aws"": 50}",50,0,0,4.24,12d43d8cb6aa3d8563be20f35f8193a6a684907262267d406f0d84319177a11c,cf7cf85b92e1688cc591c2f6cbc23a072a29418d124afe4bb44a77b3d0799850,False
2025-10-18,2025-10-19,v16,complete,aws,"{""aws"": 50}",50,0,0,4.47,15d551e5684eff17a749d8206f00e2511b14b7b830b78104f8a969d5e53fedc1,c24e961fd8fa4355f6b2e56f489b1da80d2e42aa7c212c53263fabe755317a9a,False
2025-10-19,2025-10-20,v16,complete,aws,"{""aws"": 50}",50,0,0,3.92,5a6010d3469e3fcffda2c4982c493b6fbd2ee6536c077973cac454a6fd7ea241,132cd054aa6d196d91d51cdceb46db69a4b3b3f04b193a682ecbfab3ad26b224,False
2025-10-20,2025-10-21,v16,complete,aws,"{""aws"": 50}",50,0,0,4.1,b4a1c0d15426ceee55c562bf4b6f35b47e426ac82c2f2bc56474a96bbcadf44e,0bea1453ad89dbbfc8f288f0d4b9698a571099135a12cb377e626c8e8354b264,False
2025-10-21,2025-10-22,v16,complete,aws,"{""aws"": 50}",50,0,0,4.0,3682e2d4df71bf9338c88b5cfb8aa4ea633223ae5971625f7e422cb7e1fad010,1739ba299a2d03afedf296a6f5bbd62e550de83d8eb8b5a7ede606460142e131,False
2025-10-22,2025-10-23,v16,complete,aws,"{""aws"": 50}",50,0,0,4.17,306c8c28c459a7be999673e0a8d20277871deb6e5e2bdfb17a0d89944f5807d2,2e69e386004ba9bd5cfc742bfeb79f412112dc3cfae2c4f2fa42699aafba6464,False
2025-10-23,2025-10-24,v16,complete,aws,"{""aws"": 50}",50,0,0,4.17,d602846563bd1f2b2ae8a57195fe3e826b87e28d98aec59cf53fd3dead0c5529,fcaa99b5d457198a13127e537e7a7e8be2274d81065e6b11d1e5405036a64df2,False
2025-10-24,2025-10-25,v16,complete,aws,"{""aws"": 50}",50,0,0,3.71,ade74ea710585146b9f2eabce4827eaf6092217a73cbb27d364f3538393a520a,5609c48a757dc0592cf8f281695d075f9f34b8a0fbe5c604792e1b56aed8e4c2,False
2025-10-25,2025-10-26,v16,complete,aws,"{""aws"": 50}",50,0,0,33.59,77eaa3f70d4eb9d7ae784d9c06c82ecfcc4f5cca65857921b3adc10510722005,1e481c77919c5ce0433c5394883d36a8fdefc6d393330bace5d1f5708636b1ad,False
2025-10-26,2025-10-27,v16,complete,aws,"{""aws"": 50}",50,0,0,4.16,2be34687434759408065bbb3bec77d69addd727cb87caff01dd746ce9db6ea80,5a680e6a5dcd15bcd3573b33d3272dacf40f2919b278624974a53aa9a37addb7,False
2025-10-27,2025-10-28,v16,complete,aws,"{""aws"": 50}",50,0,0,5.19,3cf461acc076f4db6add527b41eaba44192ca91324831f28cb53e4f8e57614be,c1cf7a9c89312e8ff0d3a11dcbd2868baa6f02697980d49db2db28c6f011165a,False
2025-10-28,2025-10-29,v16,complete,aws,"{""aws"": 50}",50,0,0,6.1,f3e49e61ff96ad7a4ddf459a10d76b7321f3638db49580e730f5aa10324876f8,43207b878e9808c2381108c83a068ab06af1250ed0fe3478a1c9bf46d075838f,False
2025-10-29,2025-10-30,v16,complete,aws,"{""aws"": 50}",50,0,0,3.5,ffc604efb330f7061fc33fa59b21c7b6c277244cee6481e1843702d27d60f91e,e518557ef0a21db0a6f989837e46c548dac23d829504b671864995258da4ebc1,False
2025-10-30,2025-10-31,v16,complete,aws,"{""aws"": 50}",50,0,0,194.92,aceffc50e54425b099b09fa06d2fdefc90709ca4f95f80c649d82f8d18ca27a1,d158165a502d99b7367d66830758e28751cd294fbf421a50b6215455bb5ae594,False
2025-10-31,2025-11-01,v16,complete,aws,"{""aws"": 50}",50,0,0,5.14,8cee72705eb033d498b17d296db8af4b7e21ebd94eda2691bcfd66bad64d9f46,7c7ea150cf1e0263105b1c84bd8b1ca14a0ac0dce959678bcdbb379c5438122a,False
2025-11-01,2025-11-02,v16,complete,aws,"{""aws"": 50}",50,0,0,4.15,e276f9cb49b5db89722cc83c22b153b8cccb6c21d1676791f23b4e353e2f8b29,693cc2f295c0f299ca3c46e5caf343c4e25e5de045498c171b930ba47975715b,False
2025-11-02,2025-11-03,v16,complete,aws,"{""aws"": 50}",50,0,0,4.11,63c4aaf367494d6ecea964a48ff397baac63d8772cf7356b516ade70c019300b,edce37f51d37b810ff2ca660be5e1d93b80e12ab5bb57e898a5686435fee0ca1,False
2025-11-03,2025-11-04,v16,complete,aws,"{""aws"": 50}",50,0,0,4.29,fa9161bdc6c0c8e3403b61405ea0378665dc0f8981c3ef5c6fef47c4849e75c9,907d6baf51e51be9548d1140a0ad3fa7e99204ecaced8c2e92e7f7fea2e14697,False
2025-11-04,2025-11-05,v16,complete,aws,"{""aws"": 50}",50,0,0,3.92,5fa76fabe09853cc0b809e59c3cf26a054acb2da0b90c8d1f390fad51d0d4c83,2f93a7a43badd25af1181dbe2495cf5c1f262eb9f82a42ce61921f02b2546ed3,False
2025-11-05,2025-11-06,v16,complete,aws,"{""aws"": 50}",50,0,0,62.51,4e586929ad64b313ae216e4464b8bb05279a738be3ba1fb709c156b5d3542622,4e5270c83bdba78997e831a40641de5edaf0acc9c4b9fb2fe9ddfffa3c5d0ce2,False
2025-11-06,2025-11-07,v16,complete,aws,"{""aws"": 50}",50,0,0,3.66,785d0ae74a6da6418d95cb0bc399f58f45d4a923bcb797e061628cc9429b4896,2906f7a0f1c7b14162b33f0aff98280d267c4be5d8391bec9a686868e69463e1,False
2025-11-07,2025-11-08,v16,complete,aws,"{""aws"": 50}",50,0,0,3.66,6a7369d6fb3d0a02713ba3c14f2715155f5238d1121cac0feac3b5dcdace5046,1ca22d4bb34305d024cf7a7d28b4314968f451e0e073af4539d0e7f2c5338e4b,False
2025-11-08,2025-11-09,v16,complete,aws,"{""aws"": 50}",50,0,0,3.8,5cf3589d1e7ea7721285f56f80f68307114353b43e2a5d067547761ef1a4d4dd,fa10e6dd6bc38643a24ee42afc4dceb199eb12d7c6baf5d3c000c27973a9a0ca,False
2025-11-09,2025-11-10,v16,complete,aws,"{""aws"": 50}",50,0,0,35.09,809992f411a71c1e3d32e837f6300de8f7ec6ec6f01cb0a7936620b6ca10b75e,0a70cc694c2b70aeb2781e830e3dfe4c6ad105514b6fa44bc7440e7d51a5cdf6,False
2025-11-10,2025-11-11,v16,complete,aws,"{""aws"": 50}",50,0,0,4.16,8c850610024ee606b66b382cd2944ed1b113e910d008547e2e4653493aa934f9,8cb02d0916f1790388344a1723c627f354bce5ed93caa13e313ce7cad9749c24,False
2025-11-11,2025-11-12,v16,complete,aws,"{""aws"": 50}",50,0,0,68.56,8862c18c38e487ac9fcf9f34eb1a8c2dd5999df878e50237ffa6a4245ff34034,9e02608092fb4e221d0d11de5695f071ed6a6a9bb4f06fdd160139d2c265a335,False
2025-11-12,2025-11-13,v16,complete,aws,"{""aws"": 50}",50,0,0,70.35,c34fd29c908d0e80fc473ee9c4b635738dee73e034c0c952bffed6f56849f83e,2199348a587d052ede5c74411793d0c8405ab92fbe4883a7658960013b5152cd,False
2025-11-13,2025-11-14,v16,complete,aws,"{""aws"": 50}",50,0,0,35.12,be882c0c5b2672ec3268443870f94d038b044a563fbd7660ba9a668c7d84396f,4bb61a0c0393850a623414bfd2ff9e3871e8a806cea1358a4b00f4877a9b6a56,False
2025-11-14,2025-11-15,v16,complete,aws,"{""aws"": 50}",50,0,0,35.44,ebbcf59552e3ef68dcb1b51e136ad8819acadc71e1dc145ab32a2d303fdd3488,fcc7a97a9d763615d2655ed5c81be6a69bfadb4925210b8b8eff3544889e3061,False
2025-11-15,2025-11-16,v16,complete,aws,"{""aws"": 50}",50,0,0,4.01,3c0860179911c995b7a93366991b88b5485668963d4a56bf33f77f12874cb4b1,62e7364c06ee99cd6a9510e1c0e3241ce2598586705eebbcaf0ff66e1adb5dd5,False
2025-11-16,2025-11-17,v16,complete,aws,"{""aws"": 50}",50,0,0,3.95,e6bad344509fdb372117b87a7db7ed38a51c0ce47bc4f33854a2e997e6ab01f5,e0aeb9d0f3948afcf4698a95a40e427742210030a14277ba5b428a28e26d43d3,False
2025-11-17,2025-11-18,v16,complete,aws,"{""aws"": 50}",50,0,0,4.06,3245d888be6d3d01b4756c8b3c6f791c78753013558b19df54573f1ff35aa48e,7428ce9a2ca770c32108fec780aa59cc21fe669d6cdbad10a18dfa9da5511001,False
2025-11-18,2025-11-19,v16,complete,aws,"{""aws"": 50}",50,0,0,3.68,3d13702a35cdac9b2419bc708c035275b8eae1f6519240aaf401f5ccc10ffd1f,6a71d3f2cd58390a0bc3b2d5c82362c0fe1c87851d181a5a6ea72bd05b1c9a4e,False
2025-11-19,2025-11-20,v16,complete,aws,"{""aws"": 50}",50,0,0,4.16,4dcb6b76c88abe267cded94237c5d5eaf65a622eff22a6027da2415883766d8d,09094eaf814ae3bed993a430dcba6c18a1fe776ef4ea5abaf78b39d50505b1f5,False
2025-11-20,2025-11-21,v16,complete,aws,"{""aws"": 50}",50,0,0,72.35,f32798340babc8425ffd1fa57145e41c41486e5470ac223ac9a628412009458e,1c49f2282e2529f6da3883ae571647e28073ba1bcca04c4e5255617c2d0d4d89,False
2025-11-21,2025-11-22,v16,complete,aws,"{""aws"": 50}",50,0,0,3.94,9a31a352861115d2c8e9568ea6175390aa9d0ca72550550471525fb465980227,80c0a98726e625f1fbc66539c39c8aa6818dce3654c2383066972160395ff020,False
2025-11-22,2025-11-23,v16,complete,aws,"{""aws"": 50}",50,0,0,3.91,d2369be2c829bd7a5682f504d6c4a9e9387a53b8715fff528c8cf39a320fdcd4,8ebdcbab901a8df8c08b22b28061ce0f246c01e9266d4b2c8f8a624da198c542,False
2025-11-23,2025-11-24,v16,complete,aws,"{""aws"": 50}",50,0,0,32.46,ac9bd89d24dfbbdc200810a3402d253d5ec168202f88ae39f0aa1d5c3115c934,a77a9395e009dd5d42be102036d2c405a7ecf8e09d486d870c94373bae6384d5,False
2025-11-24,2025-11-25,v16,complete,aws,"{""aws"": 50}",50,0,0,3.73,0be3a423ab0aa6bcbe8670871cb500922bfaeadba31279b12d24fea48355ece5,e22fb3ae3d51c6073b7fbbf06f093ee07ccc7e33cd1ab37918dd4146676e1cc9,False
2025-11-25,2025-11-26,v16,complete,aws,"{""aws"": 50}",50,0,0,5.38,4f9519c455c9c522ab00b6be381c922b2f10232b06cce93a1617df398d1078b9,e84bd4953ee33469b6bafa8080248009b9b45d6b72abf47afbf0fcca9dc50d20,False
2025-11-26,2025-11-27,v16,complete,aws,"{""aws"": 50}",50,0,0,34.38,0cc34a68078f9a09f39c0b46ca8efdd84dae2d48ecd9ac9bdbcd69a53ce808c8,90898f7449d80e9635c051ab08f6da0ba0132b4038c30d62d6e694078910167e,False
2025-11-27,2025-11-28,v16,complete,aws,"{""aws"": 50}",50,0,0,5.01,3fa69abf3c3dfebc7869bc2cc8c411c64a507d3425d39baeb79b622dad89d2a8,4d5155dceb6915158fff81fdb41b9ef2f057a2749a191a00894c1af2d6c775a2,False
2025-11-28,2025-11-29,v16,complete,aws,"{""aws"": 50}",50,0,0,3.93,879d10054223fa6fa2a3742da9eed97e0dace1f034ebdaf1a1a6fd696f7f353a,48b0ff5e590f777296ab44182c4bfb41d01d79256dee772f3c41a165464c8914,False
2025-11-29,2025-11-30,v16,complete,aws,"{""aws"": 50}",50,0,0,3.94,3df558fb3e9549393eb756cd4b042b0956da053f5d35ad1947819b0b65541f76,0ee5a34b96b2f59eddf5bd20602f46c6ce9838019fa4be519dd8b15c237d7226,False
2025-11-30,2025-12-01,v16,complete,aws,"{""aws"": 50}",50,0,0,4.23,8062b43f3cfdd5a15411b450965842100024e96794448ef39d05d4589b0315b3,0fc6b9e41c9fb786f3c58664fbde1745c43b916a46006b292fbd82a49c304388,False
2025-12-01,2025-12-02,v16,complete,aws,"{""aws"": 50}",50,0,0,35.13,ac31e7c9465566f3dce3246faa82fe5d577a961df509234db84d3789f79c3c52,c377559bbb141e541a0c74e77b5a9083b7c4efa0abf6c9b622f52c5500634ece,False
2025-12-02,2025-12-03,v16,complete,aws,"{""aws"": 50}",50,0,0,4.04,fdd31cc186c4f1e40a145d51dfb95bea4ddb6683b65c49d772d32e5eb890fa1f,231115b53f8c73506153a0d42e09f1fcf281b108357a3e7b6b5eb14c3830881e,False
2025-12-03,2025-12-04,v16,complete,aws,"{""aws"": 50}",50,0,0,3.75,f23768dbd84cdfa7afa8e850e0f00fc3c1824d4d07dc5ba12526c48234bb20c1,50f112484a2b92744f8f1f526293e6d9702a0307048a911ea9c2fa60b0b95209,False
2025-12-04,2025-12-05,v16,complete,aws,"{""aws"": 50}",50,0,0,4.04,e653ac7b34791bb47b6f56b4db078f972c770939b8a4a32932d14511f4c5d13f,207ef2b5ee27fdb23a7c98f752f70c2c0690cbc1cfeb2a61d6f7d64f10114bc3,False
2025-12-05,2025-12-06,v16,complete,aws,"{""aws"": 50}",50,0,0,3.79,04e917cf2f33365724146565e895779f04e6dd3d4339d163a2d396c9ef257da9,4a2083911c8e0376fd918bc6b3948cd3f93cf53a24cecb8d4d4159cd9a8bdfec,False
2025-12-06,2025-12-07,v16,complete,aws,"{""aws"": 50}",50,0,0,31.53,77af9704e84d08805ce53d01d00d0b5e89f225d7f80a843052414d1e02446a2f,7285e7bc52394c09f8bcd495d7edec870a41ece2b84ac6dac28476a3f4a1e7ef,False
2025-12-07,2025-12-08,v16,complete,aws,"{""aws"": 50}",50,0,0,252.96,aae7d70bd59081b56fa4b235a66e4632671033eae623f958ddd1c93c33eb8678,63c6837b89b2dabf08e54e3221a6494d469ce4fdea1e84a8b6a3edc657af5bac,False
2025-12-08,2025-12-09,v16,complete,aws,"{""aws"": 50}",50,0,0,5.7,58328fdd73b107eac80d5b8dd93dbdaeecb9fbd7ba288b9ae06c0f2d29b69bda,587ea5dfcc29ebf919eeeb25cc94b90d5d124580fffc3c49479c99121dfbe80d,False
2025-12-09,2025-12-10,v16,complete,aws,"{""aws"": 50}",50,0,0,3.72,9d2e6324f3efb578b6a491f4e303cd6571480c2d2caec6ddbb536754918aa2a0,37b490753d91e5c24e17fbafb291f9d1992dd82fc80cc704beffc81f729993f1,False
2025-12-10,2025-12-11,v16,complete,aws,"{""aws"": 50}",50,0,0,4.12,378f4200fb469606c7e9a5c90bc334c3f5727085b76774f2458fcf61a52f9281,75dee13f850d3851dafa7541d2b7baec22ad6c7ebdf1492e4132293dd553d843,False
2025-12-11,2025-12-12,v16,complete,aws,"{""aws"": 50}",50,0,0,4.21,eae007bfc5ffc44ed4bb771ebfb0cc14fcd81d8bf58d923d48b71e7cad21a1e5,b58d9bbe009413c405911e7d59b18c94ab5b314274bb05a77066b62b5818716f,False
2025-12-12,2025-12-13,v16,complete,aws,"{""aws"": 50}",50,0,0,5.35,688f8a5f0dd50091a2e57d66bfd4473589091b1707c31cee76eb873ac98b306d,90117c30f29c4416b06e96f86a7b9fc06807cc074a5ebd2c8bea5715ade74bb9,False
2025-12-13,2025-12-14,v16,complete,aws,"{""aws"": 50}",50,0,0,4.09,ff315c3bc9822ce5d63c603e8a99f1fc5c51a52ab69e428821219257dd8e0c3e,1b3a43484fff3a5a7e2e7695584eed84a73fcff39de5ec2016c2e2741eb3f161,False
2025-12-14,2025-12-15,v16,complete,aws,"{""aws"": 50}",50,0,0,4.06,ea9bbde57cd8be976b4214bc07ca3c91de7631287f2f8cafa18e93bc46555892,723ff120fb157faf9ba0053d26568c377323e32c006abdcd5d653adcf2436de6,False
2025-12-15,2025-12-16,v16,complete,aws,"{""aws"": 50}",50,0,0,3.68,aa0ab614554c05753af9e29f9bec657005bbbcb4044e7bcd3f9e604623dbc66e,cfa4d4e50735b497c5a229886ed682d9e0432edb4e6c1c44c4102d11255704ae,False
2025-12-16,2025-12-17,v16,complete,aws,"{""aws"": 50}",50,0,0,4.01,adc1cfa2ab36c50f5e3d199194721763acc6e815241f3be69f3c91a0457cd0f5,7a94c79877701ce6ba89a30260744ed194bc145e88edea2883afdaf08d6f07b2,False
2025-12-17,2025-12-18,v16,complete,aws,"{""aws"": 50}",50,0,0,4.02,636a1c6c8c9e9661dafa9a597e2bb6ec4e2113081d8217cb536c076a698e5803,af8409686a5ddc4d830a63af9856ca37df98392231cbe422325eae838e6c7b52,False
2025-12-18,2025-12-19,v16,complete,aws,"{""aws"": 50}",50,0,0,33.43,ac17436f756d0c5480b86f6b915cb36c089ecdb7c1069e70863f09d54598fcce,cf418c6bb48db5f1651f89596215d0598ae539c1fe5b559edb5f49dbd2642f16,False
2025-12-19,2025-12-20,v16,complete,aws,"{""aws"": 50}",50,0,0,4.42,c1c0222fb8d580d56bf7f2f7206125e12065e78e8dc35caf581dc615bc307337,d17b7cd5fd6f2ea19faad6e00cc2b01685c637011472a0b2296a9e3ef94ce564,False
2025-12-20,2025-12-21,v16,complete,aws,"{""aws"": 50}",50,0,0,4.33,b559e181abd932bfcf2b302848e5dcfcd3c1789e1e63a3fe8e5b62915b78cecc,1eaa76ce8c7c412c60fe30676bbcefc4e13481ede704fc1c11d7f1883c5e5a07,False
2025-12-21,2025-12-22,v16,complete,aws,"{""aws"": 50}",50,0,0,3.93,d8d0c6344b21e5a54866517894a4059725e6406814840a5b2a122dd95bae3d7d,da543f46f4d975c55f83623f73295f1c783ca5d955d5d4652248dcc7ebf64db5,False
2025-12-22,2025-12-23,v16,complete,aws,"{""aws"": 50}",50,0,0,4.57,ca1edce3d7fec7933ca90368597237481b8594e736641c9cece055d112947577,324f60dee3003656eabbc7d142fe1fd891484265956cfac26a8651ba97ace523,False
2025-12-23,2025-12-24,v16,complete,aws,"{""aws"": 50}",50,0,0,4.32,9bffcfb90eb8513dfc1404a83487fc6048e093a2bc6cbae480b06c1ba97f1ac0,84cc7308df6886df77db1e291b3824203e4219deb8dff5feca0920838ab6589a,False
2025-12-24,2025-12-25,v16,complete,aws,"{""aws"": 50}",50,0,0,5.78,da798fb10ba641bcec3db83009f285ebea2eec493b7b0c01c29391ec4a3259e0,14ef48f0589b0cc857e7f1d391bcddfaf041f63cf67d45d0a85eeb18bbc48b3a,False
2025-12-25,2025-12-26,v16,complete,aws,"{""aws"": 50}",50,0,0,3.97,7a999b8fc47c9f2d9b7c8ddced4ac1c3c6a57da7dd58c209d37dd687b7ba00e1,12a936bb54f7d4823b0ac240fd5ac8fcacd62469a3d3d4fda8154277fb9e9967,False
2025-12-26,2025-12-27,v16,complete,aws,"{""aws"": 50}",50,0,0,5.84,bb1015bf10b24af485a92ee75d6e0f2f1e034e323a50236f0ade8fe8d78a5a57,1e9044303fc4ff241d8f20146569c1d78738771aa58eeabe925f1f98674d2dfe,False
2025-12-27,2025-12-28,v16,complete,aws,"{""aws"": 50}",50,0,0,4.23,a50d85399fc07917d6e31c78991640549ee1e2438dad90d33149825a0667b7c3,47e2073e5c0996f9eea5291292e3cc1f4129512b62b72f6c3ee0adb724c99f51,False
2025-12-28,2025-12-29,v16,complete,aws,"{""aws"": 50}",50,0,0,4.15,31c0f8371636f4ec3ae87f1ab76e7fb06fc324019c0215ca1be217b3091d426a,ba67766165c644d56adba3627a1926f12250c92ae14daab20f25c3cc6e4b5b73,False
2025-12-29,2025-12-30,v16,complete,aws,"{""aws"": 50}",50,0,0,68.72,1bdd8fce4277a269e8b96c8ff437e028f3bb1317ebe22608844718724b03782f,c702d92b246c73da834bef29597a01ba57134d80b33e1e6709ea06c7c9eb6143,False
2025-12-30,2025-12-31,v16,complete,aws,"{""aws"": 50}",50,0,0,33.23,7970f49764435af9dc2f5619fabef360ceb9fdf79389ab63bd5b2d23bb8b54cd,5522c6d34007918e7f16ee16e9c46a8aef1602a5ca162ccb8031f8c57526608a,False
2025-12-31,2026-01-01,v16,complete,aws,"{""aws"": 50}",50,0,0,33.01,3e79a12e777b36f39160dfb0c626eb8b2c34c2b215560f55d60521fec25b74c3,582b83a029a2053273d151e8139561d1894a3d4ee3685a7e772e26bf371d6b66,False
2026-01-01,2026-01-02,v16,complete,aws,"{""aws"": 50}",50,0,0,114.36,a9ed13980b110eb2629cbdb756159b954b279042d445f25c6adf6f7bdc672331,8bf093cc8076727bd812cd8a3da1fa435242dd73174a4cf7f2fbb6b2d1c93855,False
2026-01-02,2026-01-03,v16,complete,aws,"{""aws"": 50}",50,0,0,175.99,05aef7781014c9c2d301e498b03057a0c529ab1c1de9d5a445838204e0abd688,844256de4b87e13c654f471de0ad2be4c91ff79e336cba21672db1f54260382c,False
2026-01-03,2026-01-04,v16,complete,aws,"{""aws"": 50}",50,0,0,193.45,fa30ab87db2b537dc905463af76d45565f51ff26907d510aa15bad337884ae4c,13669b8883c36b93d974065e639082ce3d3585bda5059314b36fa2c6991d9776,False
2026-01-04,2026-01-05,v16,complete,aws,"{""aws"": 50}",50,0,0,30.83,2c22c5ad0204da668d1c879ea4364d021e2ac087c0f8e40e62f8c7194136e807,5fc97ee0e0c2ab5661c43c45fb6d989f701ad8c55af328df5957e139d77ed0e1,False
2026-01-05,2026-01-06,v16,complete,aws,"{""aws"": 50}",50,0,0,5.23,bb86d91b98b002d29ecb90a0b0d8fd0122ad74f0f87dc2cc032e37c786710207,331d6ae2e18b88c84182edcef6e5c83816d948fd3b10154a0aa75650da573201,False
2026-01-06,2026-01-07,v16,complete,aws,"{""aws"": 50}",50,0,0,3.98,c4d1e6646c7f945496664cba9cc6cb0f3e5773c75e67dd8164b35b30de2b9f1a,24588f89505a35c34b9dbab382190c83c285f4bb1adce0afe5239c8130fe5f31,False
2026-01-07,2026-01-08,v16,complete,aws,"{""aws"": 50}",50,0,0,4.02,2addfb3c772d27766850bf8870cd6613532a0e4867f93c112f42f8111e67ea31,60e3bd3842e189332f4fc5385b66b53362d2797a57e3159c5d14fda138774b36,False
2026-01-08,2026-01-09,v16,complete,aws,"{""aws"": 50}",50,0,0,3.88,ec1bc3e9484de17e4ad7e5dd443cb7d0367b9bb4ee5f22d6679015abedbc0a2f,d8112df70e08396ac0a0c7fdbee68012780ac1e1152bfaa19e33d8199969223b,False
2026-01-09,2026-01-10,v16,complete,aws,"{""aws"": 50}",50,0,0,3.8,e1937378a4ec518b5e43b2cbf3bae5e2dfdb3c604d437642558e1a60511497f2,d3c4eca9baa37055c84d35193c201252f57afa90964221cb1871a8e0d5c8f536,False
2026-01-10,2026-01-11,v16,complete,aws,"{""aws"": 50}",50,0,0,5.35,26019fcd12b4ebfdb7de57d03c004004f0909e2d261c7b7d0f3bdf7e9cec6c00,62614e5b7b2cc34095609fce7d6f158f0711bb26afff83bd3ce7f5a169019157,False
2026-01-11,2026-01-12,v16,complete,aws,"{""aws"": 50}",50,0,0,3.88,a49b5a056549d4719b18b312e673707a4db9a814fee24bac8a66989f86d12c5b,b17c937f91b6f4ab15f188e352ae530ade86030cfdf90707f3f3f27b1fd57e7d,False
2026-01-12,2026-01-13,v16,complete,aws,"{""aws"": 50}",50,0,0,4.03,ef933706598c7fee092f8efb72746c8853e2c604e3489b5ca499981d090a4fec,f3db6e5d6a49e9627d7fdc2057075c7f590498c46fe88bdb91ea8c14f31e7d4c,False
2026-01-13,2026-01-14,v16,complete,aws,"{""aws"": 50}",50,0,0,3.93,57abf673e82b89bef1d90fcecb5313d0787d6ca22f34129497d71f1d9cee5632,477c874ecdb2dd0b279aaef14f806623ce4f718b26b0fce28cfa14773dfb8a5c,False
2026-01-14,2026-01-15,v16,complete,aws,"{""aws"": 50}",50,0,0,3.79,d74de0ff68dfa4f93cef7b273b5eb1d8c37d008d32fea248aa84de50b1c55333,7eaa237f11f8823f690d962ad5d61c1b456ff944207edf4b772983ed8d2438f0,False
2026-01-15,2026-01-16,v16,complete,aws,"{""aws"": 50}",50,0,0,3.74,d675f7d001cf7abfcebdc47af0d36c28f60f21dd7bbaec5dea33543bfad2f631,6622957a3c972833acf771a794081dd79c5e06cecaf289da8fa78dcc8ed14160,False
2026-01-16,2026-01-17,v16,complete,aws,"{""aws"": 50}",50,0,0,4.05,739a6d48f22f8bd56c378a9d1545ba9e5d4ea9610f08d8385956f97e578e3dfb,f0e697366e40456aa3aaabbe9f09a9ec6da22f6dc35d7f2c54e03998f52ed424,False
2026-01-17,2026-01-18,v16,complete,aws,"{""aws"": 50}",50,0,0,3.93,c80d95c7e5b39c0f78586ec1cedd54c712fd32641a9dc026e00cb42715371ea3,d017b6f86f3863eed905ff638c3e28edccee5404e603f68527e52ddf96c17222,False
2026-01-18,2026-01-19,v16,complete,aws,"{""aws"": 50}",50,0,0,34.71,4dbc3b9b43509fcbcca5e1b0f5695b2d256db413430e9470c47b64dbd5b8790e,e41bb7429b678b94578ed4235c472527ae1a151b6d2c25d77f871724e37e33fc,False
2026-01-19,2026-01-20,v16,complete,aws,"{""aws"": 50}",50,0,0,3.93,1c820c63c7bb57b92fb39f18aeee5d072d8ed6f591d0f0b88d26e0ba76718868,07f30ba632ae5ecf9a3aeb8b96d9f458f900d7b9d03547b616b7d875c318f73c,False
2026-01-20,2026-01-21,v16,complete,aws,"{""aws"": 50}",50,0,0,34.32,4c7a3b4ade81e70cf547c95b72927a8ab308a9c866ddd3b427230bea0a525069,291556ba8fa5f889c928ed83595057c51957cabaa6458d3756342208896e0214,False
2026-01-21,2026-01-22,v16,complete,aws,"{""aws"": 50}",50,0,0,3.84,3d7cb251aa37f2685430efc1807d4d71e8d58d789c2ed67d59ef23da1e2a828c,9914f67241516de6bb7dcff844299980a2cdde99defe0744965e00bc2222ecbc,False
2026-01-22,2026-01-23,v16,complete,aws,"{""aws"": 50}",50,0,0,3.79,7bfdc4cbd8309c620ea142c1c1e51a6ee6ba683f577edeb97bf71beb7ba31a04,012b163795e1ca926e76a45d2bd5a4903f71d3801437287826aa85cb104b06df,False
2026-01-23,2026-01-24,v16,complete,aws,"{""aws"": 50}",50,0,0,4.06,10000ec5892bbd7b7363cebb2109b519b8877cb3a769ece266a91782293d5063,caff67607229a198c56cc09b5b5a54d6cb3e7cda3b82119fc1364b4f85c497a9,False
2026-01-24,2026-01-25,v16,complete,aws,"{""aws"": 50}",50,0,0,5.38,b1a0779e311f37da3b23e214c18931bd7f1fb1b754a3907c1c845256b5507b8f,61806395ede620ceb810067d7d37c80909f6b28f200a359113b012d7d6988ac4,False
2026-01-25,2026-01-26,v16,complete,aws,"{""aws"": 50}",50,0,0,35.36,11f6794116251b3b58bc53bffa5b17f85454770f0535b031dcaec4d6c16c1f89,06a9da950723357746e1eac0cde4a0afcaa953f9b4bb9ffb511c7229b04d9f42,False
2026-01-26,2026-01-27,v16,complete,aws,"{""aws"": 50}",50,0,0,69.25,37f28161875f5ec64058684cb2c8c64da7929a9f4a130369d6e0d2b5523ef408,6b500102f62733dbcfffee8c04be00fd12ea945bcd544024e4ced0362bf141cf,False
2026-01-27,2026-01-28,v16,complete,aws,"{""aws"": 50}",50,0,0,34.34,92d9e61ea3c8868cc1033ca8c7c8f1b62c47f0fd39a686d277ba683c816062af,092fadfef7462976552ea3f3ea4b4f33b11400dbb8569ff8a0fe82db4cf0927d,False
2026-01-28,2026-01-29,v16,complete,aws,"{""aws"": 50}",50,0,0,62.69,e8a06f17b0b3d1736ccadc078e42097a6b1e92cb78da832b15943068f26a0b26,ec453ffde1bbbe6828168d5af803a79fe790527d8e06527bf1048b3aac9545cd,False
2026-01-29,2026-01-30,v16,complete,aws,"{""aws"": 50}",50,0,0,5.75,c865a10095df2a8c5b7b7452e0b8672a91687fe94e5f0cbecd552850e02b1d8a,ccf32b388592ab6268615aaced64d83becbaae2950b074bca8f94321f0fa38b3,False
2026-01-30,2026-01-31,v16,complete,aws,"{""aws"": 50}",50,0,0,4.15,6e0ef3e0a95db91591e195e7f045e84d53ad5ccf4d08b15889fd88dd97d6be2b,97073b14034a489960ca00026bc5f6cd994d217d71b61a6cc07ef5ee3a26c29c,False
2026-01-31,2026-02-01,v16,complete,aws,"{""aws"": 50}",50,0,0,3.87,af28c1563b5ec2df0ad769b91c987ac087841401ec6524723f2325e38ac051da,a8167c3053cd288e80375a3b51de7d553ec60a928d8a46ea8185beafa57a1a36,False
2026-02-01,2026-02-02,v16,complete,aws,"{""aws"": 50}",50,0,0,31.98,707752a034f3eca3f7c8274ee07b12cef2f4e27797cad02ce2b4f20a2e136914,56c19c115b228ed7f0f8906a27f524e7f8416216f201a919e4a23c0817a446e0,False
2026-02-02,2026-02-03,v16,complete,aws,"{""aws"": 50}",50,0,0,3.92,966bc7cf6792a65adb473f3ca374f6662d422445c66a6b67c63e17286b1b6e78,313b6f6719e0ea4f21371acbefcb45fc4b3fd3cf55860084096d43d30019c1c3,False
2026-02-03,2026-02-04,v16,complete,aws,"{""aws"": 50}",50,0,0,3.99,2df3a9b2f7d993577924f9fc0ec33581cb81f4a1e67f50251fb43c9b62825d7d,8dd41a298a7c8464bcd467246d64335a08352cd0278462fff55486a5de260db1,False
2026-02-04,2026-02-05,v16,complete,aws,"{""aws"": 50}",50,0,0,3.83,198ec7a59236b5bbbec1f1abebd71b3bb9d8a6d535c07c44b01e0084d6022dc4,b8df36602b8497e5ee0d91a4b62dc53eea63646c6300922c9de784a4e6806eaf,False
2026-02-05,2026-02-06,v16,complete,aws,"{""aws"": 50}",50,0,0,3.93,b47561717d35733c9ecae20fb8fd9c4a475a51d56d48da2c8cc4093a4401d5f6,f23f16588ad0a3ccab130ca0d7c4b5ccc8cf1e5ef308969d15a8a3230a904e9b,False
2026-02-06,2026-02-07,v16,complete,aws,"{""aws"": 50}",50,0,0,3.68,6ded953f2c0bcadad61f42f5acc45e2d35c6a0755908b29b3b22c774eb4723a7,783bc471eaf273b0570d940f9ad3e5a7acb10312242ff4a04f601e589f417fbc,False
2026-02-07,2026-02-08,v16,complete,aws,"{""aws"": 50}",50,0,0,5.25,0da4c34dcd95af438f582cd89cd9341d2530eb4c3aefb27924789e89e76205f7,fcb8ef21c351be269e341dbf757b3ba195d1de7f7e4f4c804a861128ca91d11d,False
2026-02-08,2026-02-09,v16,complete,aws,"{""aws"": 50}",50,0,0,5.36,081fbbd5827a66b189ee94414bd96260aa55327f2ecf25d595cb7d93ff6fd588,8392a4b78b9b504731750d4f544a48e25b00d051b9cfc3e7d45f6f616f658e65,False
2026-02-09,2026-02-10,v16,complete,aws,"{""aws"": 50}",50,0,0,31.72,061c2222583de89aa2a8ba39337aca7ec6d859dd84dca4911062d3d93ce8c2bd,a8dbbb578574c868248047e6d207300fe23b64da60f35d51b2c10e3d4be329e7,False
2026-02-10,2026-02-11,v16,complete,aws,"{""aws"": 50}",50,0,0,33.31,3faf37531eea92d4e087b5e31cb89d2c70f8c56c9921f0356f6811f2a55b1889,e7461003fba5478fa4a17947b3eacac35f1ffac904b572b1d6cc2c66913c09d5,False
2026-02-11,2026-02-12,v16,complete,aws,"{""aws"": 50}",50,0,0,6.06,31a099bd300336040d6ba4ebb5a9231b6e5ca997101cb8b6c86184e303d23a06,25f838440db6828d5f63ad0ca60df5b8aa74c2b6084ccc448d880093d310c78a,False
2026-02-12,2026-02-13,v16,complete,aws,"{""aws"": 50}",50,0,0,5.97,0f70c240efd96dc168cbe147fc3c2d1915f43239ca5672191bc556da50586d02,a22983064800de2fb6cb51f657d146b8488a8ecda51a0d82c71fab7625a61da1,False
2026-02-13,2026-02-14,v16,complete,aws,"{""aws"": 50}",50,0,0,4.7,6508439c4eabb1ac467570fe147af87fb6701cb6293cc80b8edac3e4b491ef10,d8118932295b24a2380786799c8e90611aa656c1dd96aff792db0ea6f3d9f8a1,False
2026-02-14,2026-02-15,v16,complete,aws,"{""aws"": 50}",50,0,0,4.8,4cbc6a750dd6467753d42655c19134b01ac293bee48084a4ca792f613a07177d,4fc6654899a8ce2ca2c408804c5ea777364fb52260ac34c6b5fad6a9ea4534b8,False
2026-02-15,2026-02-16,v16,complete,aws,"{""aws"": 50}",50,0,0,5.04,1a2e0cc358396e7db464a41d9099a219f668a6c9bd371b0c7ea4d5cb2b5bcb2e,c6aa2589c3daff39a98a2bf2873ce37314d6227b24dde1ab7eeefcf136fa5ac5,False
2026-02-16,2026-02-17,v16,complete,aws,"{""aws"": 50}",50,0,0,4.09,bfb37b80e24e7b100ff47bc48b5e304b011bc7cad2f0061a5c418debe40e63bf,e60089803baf4ba5ffc101a5879d7fe77d3abe031da1f3e76822675aa12fcf6d,False
2026-02-17,2026-02-18,v16,complete,aws,"{""aws"": 50}",50,0,0,5.57,b0021a83582196f68513fb6359b470ff6110317cd8c889c6f6696a299de7d6e7,31912cb2a3026b2bc26c7b4744ae53b9519210dcac8dc7207ef19d34963d4f95,False
2026-02-18,2026-02-19,v16,complete,aws,"{""aws"": 50}",50,0,0,4.13,3e6b2907f1a618a4d0bec4b34aa1ff968b413ebe40d8d21d49b25d1a6b903d28,0022059d00e0e02c9a53735b728894b699c6e315fd13eaba2a19f1c357b9440a,False
2026-02-19,2026-02-20,v16,complete,aws,"{""aws"": 50}",50,0,0,4.54,91297f5340f92eed16f4e043acc2dce73f1b2c4817b5301ed613ae18ffcdeff3,530fb74bac8f1e1586d9ac20ff01d7b8180421ea0f1931dc47f7924fd1596b19,False
2026-02-20,2026-02-21,v16,complete,aws,"{""aws"": 50}",50,0,0,5.37,c3b4c6bbcc64d5cc14218af605d5ef55531bcfe6e38fe9d634462b0600859159,8c7b393ec443778fa731a249f99b591e2ca8b0230fd9afdead66c100f9c7361e,False
2026-02-21,2026-02-22,v16,complete,aws,"{""aws"": 50}",50,0,0,4.2,154a7bda6ea6923083fcd801a3be0edf6c4bc77a0744c024437020d0bd63424a,46e14a58826128b7cbe1ebae57a9e19528638ef52a6ef4a4d4c40ee0b3388c41,False
2026-02-22,2026-02-23,v16,complete,aws,"{""aws"": 50}",50,0,0,5.01,d2c13c655a4602f3581d1de582ac5f2765d37fead31688aa6ea597bca2ae4921,36d1de6d0563fad5e24d93f7fd9b953918d45600e6dce4962b8022479934d6fa,False
2026-02-23,2026-02-24,v16,complete,aws,"{""aws"": 50}",50,0,0,5.6,8d84c99d208bbeb136fa435ed25e18615e53758ba22d7f313978d7df88bbcb97,ee4940414cf7c13ba036174ed35aa9dea74eb48097b47ff52d5d0155ef2a0e9a,False
2026-02-24,2026-02-25,v16,complete,aws,"{""aws"": 50}",50,0,0,4.42,2e0aa39ad3f9fe460293cbe231d128efc5a152ce88b8fa6cbf67bccdb999e285,61068a2ae2e55a839a46a070f01d7b90a8fd0469a61e37ca8f0c120a2a0f8086,False
2026-02-25,2026-02-26,v16,complete,aws,"{""aws"": 50}",50,0,0,34.28,8403e49f5d972948a24da2e8ca0951bd2546c110d98b8326a7d6d9656e56cf92,9e95503cf2682be9900928914e6e1c5d15ca004ddf74b08463a79fa18799335e,False
2026-02-26,2026-02-27,v16,complete,aws,"{""aws"": 50}",50,0,0,7.08,31ccdc163e64cba17e8674729fd3fdcb3546c2b82d0ffb2d57f263c4e6a01eaf,7d2a38d736d7f1324187a0b69ac75ef6354be9d27d3813ec229a5ca74a861e02,False
2026-02-27,2026-02-28,v16,complete,aws,"{""aws"": 50}",50,0,0,4.86,5dd6431697d2fa6b4d8e07cd230c9ef1b60ee3e2ab21bc6bed1dd4713ab79d9e,8cbdd5f6e942e3208772df1cbedfe10910820133a5240edc436e795997ed26f4,False
2026-02-28,2026-03-01,v16,complete,aws,"{""aws"": 50}",50,0,0,4.89,008dea8ffb5af18f9e7bd0d1c528cc96fde786164c6db229d1a7f78321b5c796,37e7380875b9a4d33e2767281096e000f04f0f0ff705341feb9ba4c8a9c33014,False
2026-03-01,2026-03-02,v16,complete,aws,"{""aws"": 50}",50,0,0,4.73,571f660c60d4b6c206f00053d4f5019d60622784e0bbaf6386c90dfd85cbd180,8e368c4fa5e9bda9463b10ca9848ab60a1b54e05d86855885e27e42d755a8b00,False
2026-03-02,2026-03-03,v16,complete,aws,"{""aws"": 50}",50,0,0,33.43,a880dc1d24975b698504dba3c7cf450c2b5eb3efeb4854254dbae52b8d73176a,4a23732aff358a3a2646b254feb41c9c4dc571f5e5ea1dc524b030a89b56e1d6,False
2026-03-03,2026-03-04,v16,complete,aws,"{""aws"": 50}",50,0,0,36.81,a3c7fbc458a2a0add80c7a79076726bdeb09b7a8db6fae96d1a262271c39dc7a,fc45ad57a260d28afc65786cffda860cff9f8bdeb15faa6bf0a60a6750a5a7fe,False
2026-03-04,2026-03-05,v16,complete,aws,"{""aws"": 50}",50,0,0,3.97,d2eb77058b1d7abb11999bde09b34265762bff1da941d8cce279e9fb0929e74b,8a4485fa793bc6e79b2e45c996a3324faba16981bc4a422fc99160eb924b0b9e,False
2026-03-05,2026-03-06,v16,complete,aws,"{""aws"": 50}",50,0,0,4.1,444d9991cb0e75bd0f8b5911c8d93b47b7395370c2be7d280f99e224a5808ec6,5d1a9825144307f1aaf0c4e5e203ea4ec17d2d0306e2f034206a3371345b0672,False
2026-03-06,2026-03-07,v16,complete,aws,"{""aws"": 50}",50,0,0,3.74,a95320907fae8cfbbc9df4be521bdfe3cee48eb0ba01e861a39f0e5ffce8f255,ddb09124ce1394ed86e68ba5f68736e41a9b188280030ecfe66b1395b47284e3,False
2026-03-07,2026-03-08,v16,complete,aws,"{""aws"": 50}",50,0,0,3.92,937df417532e5bd8a8bc321a0fd5b9d1cec39f6866000cc2a7c15e0110c407f2,795d43d7c6df23a6fd64b73adbee7bdd68d8064e1370c71981de4cc1ecdb80d4,False
2026-03-08,2026-03-09,v16,complete,aws,"{""aws"": 50}",50,0,0,5.31,dea1905d68bf0fc57ba348ef82af05b1e8bd8fd3c0856beb52bb22157b823900,5f3835f8070af931a0b759718fe55d4423a478e9f156ccfdced5005f31a9d281,False
2026-03-09,2026-03-10,v16,complete,aws,"{""aws"": 50}",50,0,0,4.04,e87d2a2a690fc6d821bde30b539ad375ce652fa90becd914bebc4db0852aa483,1de1d73fcb7ee641ab08105166507548361e4bfb65138f5579d3cae1e72a40b3,False
2026-03-10,2026-03-11,v16,complete,aws,"{""aws"": 50}",50,0,0,103.04,b0741175719edfc568aff4b36d6b962be712483466ffd4bfc5095ca3570f4075,9a9e9953735c11700790b61dd95cbf84a9a21abb98ff544a3e91550e74c43c7a,False
2026-03-11,2026-03-12,v16,complete,aws,"{""aws"": 50}",50,0,0,4.67,beb45374eef0c1bedcd7e7afa177add52313b9e66ecaca07d9149c53f8174caf,131d155177128235c95a279e51bb5012209e6104f0505bdcbf25eceac35b1a0b,False
2026-03-12,2026-03-13,v16,complete,aws,"{""aws"": 50}",50,0,0,35.48,357044636ed65278e900357e700ab783ded76705e2398d38d1df87d151490838,5be9adb93b24b67f79d37c1bc8c31c375b2ad213f1328a473d18bb87f84d8264,False
2026-03-13,2026-03-14,v16,complete,aws,"{""aws"": 50}",50,0,0,4.49,ed1bf18b91fa3b7b3502792d971bfe699394bbdc483b83430da8a153f235d155,72b03439ba544e11db5a08a235be2c9d7e180dedf3ac377123246bcf88a98bc4,False
2026-03-14,2026-03-15,v16,complete,aws,"{""aws"": 50}",50,0,0,5.05,1ac59c0c18e27cbf3605fbfd60880f0cb63842dbb90c54f1f764c6f8f5305541,10ac58e3f4bec801a8affd988bc83a2b963ff6bc97ce3ff37d1fe9af002abb02,False
2026-03-15,2026-03-16,v16,complete,aws,"{""aws"": 50}",50,0,0,4.99,6d1482edf46f33a5cb2c9aeb0e940e1f39a27785bdc056f0d696cb55da2bffe4,646c2a59a2936ad019b3da010abbdbd22259ebac0e2507621eaa8f4eac644abc,False
2026-03-16,2026-03-17,v16,complete,aws,"{""aws"": 50}",50,0,0,3.98,7ca7bab98a8d114ec68f5a83533d968b0391922ece4a826337880bb4993e1c77,ecf3ccce7da23f2ac771229e580bd02e107a0cff871a0ac2be6c702e8456de2c,False
2026-03-17,2026-03-18,v16,complete,aws,"{""aws"": 50}",50,0,0,4.31,591f91aaf7b9c6793098516db3de97fd90ab5d44148ac86b9443a317006818e3,ed5f293924ef830dd5b5e0fc38d09478a541be586f9c97d859fb55c3428e503b,False
2026-03-18,2026-03-19,v16,complete,aws,"{""aws"": 50}",50,0,0,4.02,1689dcf79cfab37ba7f3928a41aa03561b79e3d3335cbe412aeec8841098e0a1,f6920ebe2b7e3ae85e767d93c16d40b2b40d5d46f66b3a4c6d6f2bb45732e1c6,False
2026-03-19,2026-03-20,v16,complete,aws,"{""aws"": 50}",50,0,0,3.85,61c2da768b7ae0d9ad25374f43fa42ad5753d64a7c289201a68da12d593af003,20c89720c22702eb470d9ced79442f09ad2551242fd7acf2b0affe106916faa7,False
2026-03-20,2026-03-21,v16,complete,aws,"{""aws"": 50}",50,0,0,4.6,f54273be54ed30728ede17e257ca18e3e84d623d4806003679d1fa8c17fb7e19,e1e85883e11918a4117da558cbade52f4f53cc4e3385bdd3b7e31355860b858c,False
2026-03-21,2026-03-22,v16,complete,aws,"{""aws"": 50}",50,0,0,4.36,43de9bff1f21df3d305cbba807dd51e186f3ae3c3bc8c26479dcf7c8dc9f08a1,bb4a95c6714232cb0697773c5150a7811cabc404790761e1520ab05dfc7aa7dd,False
2026-03-22,2026-03-23,v16,complete,aws,"{""aws"": 50}",50,0,0,3.94,1ec27b1d72495dce661a79469427f6ec6ef4e9e92ea8de27951090fec2cd35b2,e74ffecbd734af30c71ebfc00e72321fb9cf37d11945f61497cd6265fe3add4b,False
2026-03-23,2026-03-24,v16,complete,aws,"{""aws"": 50}",50,0,0,4.27,607f054f0b9f0e790d82ec4f0bab21d2282ec925bff85fcd1c2a8f3fff3dce83,0815336c5edbdb2d4579ea273de79489dd767a32614d12abaa960e243dcce441,False
2026-03-24,2026-03-25,v16,complete,aws,"{""aws"": 50}",50,0,0,4.05,ffd040c9a10532a0c8c4bc372f21ff523fb41c9f9567eb5c026699403c104f30,7b9dbeb160abcde7d0f774129501dda98a0a437d2cbff64634c59dec3dc476ef,False
2026-03-25,2026-03-26,v16,complete,aws,"{""aws"": 50}",50,0,0,4.08,6d4db9a9ee066fd1ecb8e5afce2e965821c7385696f05232546f924052994545,b64b3d44540a9753d68fdcf91bf0bac3a846e5ea706a804a2f07211638488341,False
2026-03-26,2026-03-27,v16,complete,aws,"{""aws"": 50}",50,0,0,3.94,9df69a7eb4de7fea5d50de92d632f827bddbab41546b49261dfd1c198e2476a9,78d90e1f81d1d095b7a00081ca41516208d37db3fb1045aae77d7d9b182612a9,False
2026-03-27,2026-03-28,v16,complete,aws,"{""aws"": 50}",50,0,0,166.96,fc1d24e4f99560c815b4a8c94daf8a87b385827e3ef4cfb40c64901af4f000c7,ad2599549cf6dfe7e57afe0f3fc9e026e6ddf7080ccb074c0bf43f046d4e0dd1,False
2026-03-28,2026-03-29,v16,complete,aws,"{""aws"": 50}",50,0,0,4.01,19470bc97fe49eb95c79849ec75fa3304fd832f573fbcc79388edba605e90b42,704dd8de2437c6ca5aef417790c5eb5cef2f39f11a7256613c472e5ea33eccc2,True
2026-03-29,2026-03-30,v16,complete,aws,"{""aws"": 50}",50,0,0,62.49,cab09a90dfa89312f815a5751920f6ffc98cf7c037ad762c66b246ae914f859c,957a3cab92eb08dc0184dae7195e63193425d48737e47994bad69756bbc0a4aa,False
2026-03-30,2026-03-31,v16,complete,aws,"{""aws"": 50}",50,0,0,72.79,7af68cac4a4f71083765be46f9f44d2602dd904307ba86662527e1757a84fb8e,9a30b829ee12e4d57e792066126423a4d0a7140372392203b5ebf9ea31fe1b8d,False
2026-03-31,2026-04-01,v16,complete,aws,"{""aws"": 50}",50,0,0,5.14,8c5a539cd1324cb874e501aaf95fb457569c61dc5286b9bcfcb72ea273a3c418,9ccc5b516917dd5f87287fa557fd545e1415e4f1f9614b190bcd56c9fc9e0548,False
2026-04-01,2026-04-02,v16,complete,aws,"{""aws"": 50}",50,0,0,280.49,18d8a6b182fe47c254273765f8d8e3520d664ae4dbb1af9504e14ab7db23f964,4615493407d591419fb266668e67f69a5271f203f47afc30060e6f4aabb82e54,False
2026-04-02,2026-04-03,v16,complete,aws,"{""aws"": 50}",50,0,0,3.59,e18764ed1578872f7ca40b461fb914c0a23471e0a852f203889a59ffaf74bb01,520a1387c66ba3dd5a340febdfcc45f207fa56e4200c48bff0c1e8f24ba9355f,False
2026-04-03,2026-04-04,v16,complete,aws,"{""aws"": 50}",50,0,0,3.83,f876f5d6423608ea37cd8931f2e05d32920e11f053dd122823691a19a01f3b0d,3477df7636d36e9d43968a0d19089b9cb942ddf7bde194c003d8d7090cc36ee3,False
2026-04-04,2026-04-05,v16,complete,aws,"{""aws"": 50}",50,0,0,3.74,2ca3a8e1e9d97fd7c4d5ec0ca6ea0db4f4a63b8946502875d89227c53a7ccae9,b5c571fba95e84eee91747154e11a3faeac7a42712487a7585590f478f27bf22,False
2026-04-05,2026-04-06,v16,complete,aws,"{""aws"": 50}",50,0,0,66.25,e5c1572564b17e2bde3f289a78213379792626d6455e9384fc8e5f6eb9f44eeb,01d643453f746fa5a3e7445d764355c6815fd447d9506ed126a6777fa96315ad,False
2026-04-06,2026-04-07,v16,complete,aws,"{""aws"": 50}",50,0,0,3.92,800116f57c4f09608d51d68308ee21a440feaf8e29908149f81f8e449bd8b651,d25b05a8a5d2f366574692f45e15c1ee8b26a56813f88fb0b37a2dacfd37d05a,True
