candidate,fold,delivery_date,feedback_cutoff,n_feedback,coverage_state_95,coverage_state_90,coverage_state_80,coverage_state_50,rank_95,rank_90,rank_80,rank_50
c2_aci_gamma_0.000001,fold_1,2020-07-01,2020-06-29,0,0.95,0.9,0.8,0.5,1369,1297,1153,721
c2_aci_gamma_0.000001,fold_1,2020-07-02,2020-06-30,0,0.95,0.9,0.8,0.5,1369,1297,1153,721
c2_aci_gamma_0.000001,fold_1,2020-07-03,2020-07-01,24,0.9499988,0.8999976,0.8000002,0.499995,1369,1297,1153,721
c2_aci_gamma_0.000001,fold_1,2020-07-04,2020-07-02,48,0.9499976,0.8999992,0.8000084,0.500007,1369,1297,1153,721
c2_aci_gamma_0.000001,fold_1,2020-07-05,2020-07-03,72,0.9499974,0.9000008,0.8000096,0.500012,1369,1297,1153,721
c2_aci_gamma_0.000001,fold_1,2020-07-06,2020-07-04,96,0.9499962,0.9000004,0.8000098,0.500007,1369,1297,1153,721
c2_aci_gamma_0.000001,fold_1,2020-07-07,2020-07-05,120,0.950009,0.900013,0.80002,0.500016,1369,1297,1153,721
c2_aci_gamma_0.000001,fold_1,2020-07-08,2020-07-06,144,0.9500078,0.9000106,0.8000242,0.500019,1369,1297,1153,721
c2_aci_gamma_0.000001,fold_1,2020-07-09,2020-07-07,168,0.9500066,0.9000202,0.8000384,0.50003,1369,1297,1153,721
c2_aci_gamma_0.000001,fold_1,2020-07-10,2020-07-08,192,0.9500124,0.9000298,0.8000496,0.500041,1369,1297,1153,721
c2_aci_gamma_0.000001,fold_1,2020-07-11,2020-07-09,216,0.9500112,0.9000294,0.8000478,0.500048,1369,1297,1153,721
c2_aci_gamma_0.000001,fold_1,2020-07-12,2020-07-10,240,0.95001,0.900028,0.800046,0.500045,1369,1297,1153,721
c2_aci_gamma_0.000001,fold_1,2020-07-13,2020-07-11,264,0.9500088,0.9000256,0.8000412,0.500045,1369,1297,1153,721
c2_aci_gamma_0.000001,fold_1,2020-07-14,2020-07-12,288,0.9500076,0.9000232,0.8000374,0.50005,1369,1297,1153,721
c2_aci_gamma_0.000001,fold_1,2020-07-15,2020-07-13,312,0.9500064,0.9000298,0.8000456,0.500062,1369,1297,1153,721
c2_aci_gamma_0.000001,fold_1,2020-07-16,2020-07-14,336,0.9500052,0.9000274,0.8000408,0.500055,1369,1297,1153,721
c2_aci_gamma_0.000001,fold_1,2020-07-17,2020-07-15,360,0.950004,0.900025,0.800039,0.500051,1369,1297,1153,721
c2_aci_gamma_0.000001,fold_1,2020-07-18,2020-07-16,384,0.9500038,0.9000236,0.8000392,0.500048,1369,1297,1153,721
c2_aci_gamma_0.000001,fold_1,2020-07-19,2020-07-17,408,0.9500026,0.9000212,0.8000344,0.50004,1369,1297,1153,721
c2_aci_gamma_0.000001,fold_1,2020-07-20,2020-07-18,432,0.9500014,0.9000188,0.8000356,0.500037,1369,1297,1153,721
c2_aci_gamma_0.000001,fold_1,2020-07-21,2020-07-19,456,0.9500002,0.9000164,0.8000308,0.500027,1369,1297,1153,721
c2_aci_gamma_0.000001,fold_1,2020-07-22,2020-07-20,480,0.949999,0.900014,0.800031,0.500027,1369,1297,1153,721
c2_aci_gamma_0.000001,fold_1,2020-07-23,2020-07-21,504,0.9499988,0.9000146,0.8000342,0.500038,1369,1297,1153,721
c2_aci_gamma_0.000001,fold_1,2020-07-24,2020-07-22,528,0.9499976,0.9000122,0.8000374,0.500041,1369,1297,1153,721
c2_aci_gamma_0.000001,fold_1,2020-07-25,2020-07-23,552,0.9499964,0.9000138,0.8000396,0.500037,1369,1297,1153,721
c2_aci_gamma_0.000001,fold_1,2020-07-26,2020-07-24,576,0.9499992,0.9000194,0.8000448,0.500044,1369,1297,1153,721
c2_aci_gamma_0.000001,fold_1,2020-07-27,2020-07-25,600,0.949998,0.900018,0.800045,0.500045,1369,1297,1153,721
c2_aci_gamma_0.000001,fold_1,2020-07-28,2020-07-26,624,0.9499988,0.9000176,0.8000502,0.500055,1369,1297,1153,721
c2_aci_gamma_0.000001,fold_1,2020-07-29,2020-07-27,648,0.9499976,0.9000162,0.8000534,0.50006,1369,1297,1153,721
c2_aci_gamma_0.000001,fold_1,2020-07-30,2020-07-28,672,0.9500044,0.9000228,0.8000616,0.500067,1369,1297,1153,721
c2_aci_gamma_0.000001,fold_1,2020-07-31,2020-07-29,696,0.9500112,0.9000314,0.8000688,0.500069,1369,1297,1153,721
c2_aci_gamma_0.000001,fold_1,2020-08-01,2020-07-30,720,0.950012,0.900032,0.800069,0.500072,1369,1297,1153,721
c2_aci_gamma_0.000001,fold_1,2020-08-02,2020-07-31,744,0.9500108,0.9000346,0.8000802,0.500084,1369,1297,1153,721
c2_aci_gamma_0.000001,fold_1,2020-08-03,2020-08-01,768,0.9500096,0.9000322,0.8000754,0.500078,1369,1297,1153,721
c2_aci_gamma_0.000001,fold_1,2020-08-04,2020-08-02,792,0.9500084,0.9000298,0.8000796,0.500085,1369,1297,1153,721
c2_aci_gamma_0.000001,fold_1,2020-08-05,2020-08-03,816,0.9500072,0.9000274,0.8000768,0.500091,1369,1297,1153,721
c2_aci_gamma_0.000001,fold_1,2020-08-06,2020-08-04,840,0.950006,0.900025,0.800074,0.500082,1369,1297,1153,721
c2_aci_gamma_0.000001,fold_1,2020-08-07,2020-08-05,864,0.9500108,0.9000336,0.8000822,0.500087,1369,1297,1153,721
c2_aci_gamma_0.000001,fold_1,2020-08-08,2020-08-06,888,0.9500096,0.9000322,0.8000804,0.500088,1369,1297,1153,721
c2_aci_gamma_0.000001,fold_1,2020-08-09,2020-08-07,912,0.9500084,0.9000298,0.8000756,0.500078,1369,1297,1153,721
c2_aci_gamma_0.000001,fold_1,2020-08-10,2020-08-08,936,0.9500072,0.9000274,0.8000708,0.500067,1369,1297,1153,721
c2_aci_gamma_0.000001,fold_1,2020-08-11,2020-08-09,960,0.950006,0.900025,0.800067,0.500058,1369,1297,1153,721
c2_aci_gamma_0.000001,fold_1,2020-08-12,2020-08-10,984,0.9500048,0.9000226,0.8000622,0.500057,1369,1297,1153,721
c2_aci_gamma_0.000001,fold_1,2020-08-13,2020-08-11,1008,0.9500036,0.9000242,0.8000634,0.500063,1369,1297,1153,721
c2_aci_gamma_0.000001,fold_1,2020-08-14,2020-08-12,1032,0.9500044,0.9000248,0.8000616,0.500067,1369,1297,1153,721
c2_aci_gamma_0.000001,fold_1,2020-08-15,2020-08-13,1056,0.9500032,0.9000224,0.8000578,0.500061,1369,1297,1153,721
c2_aci_gamma_0.000001,fold_1,2020-08-16,2020-08-14,1080,0.950002,0.900022,0.80006,0.500065,1369,1297,1153,721
c2_aci_gamma_0.000001,fold_1,2020-08-17,2020-08-15,1104,0.9500008,0.9000196,0.8000552,0.500063,1369,1297,1153,721
c2_aci_gamma_0.000001,fold_1,2020-08-18,2020-08-16,1128,0.9499996,0.9000172,0.8000504,0.500052,1369,1297,1153,721
c2_aci_gamma_0.000001,fold_1,2020-08-19,2020-08-17,1152,0.9499984,0.9000158,0.8000486,0.500051,1369,1297,1153,721
c2_aci_gamma_0.000001,fold_1,2020-08-20,2020-08-18,1176,0.9499972,0.9000144,0.8000448,0.500053,1369,1297,1153,721
c2_aci_gamma_0.000001,fold_1,2020-08-21,2020-08-19,1200,0.949996,0.900014,0.800044,0.500061,1369,1297,1153,721
c2_aci_gamma_0.000001,fold_1,2020-08-22,2020-08-20,1224,0.9499988,0.9000186,0.8000492,0.500066,1369,1297,1153,721
c2_aci_gamma_0.000001,fold_1,2020-08-23,2020-08-21,1248,0.9500076,0.9000352,0.8000644,0.500076,1369,1297,1153,721
c2_aci_gamma_0.000001,fold_1,2020-08-24,2020-08-22,1272,0.9500064,0.9000328,0.8000596,0.500074,1369,1297,1153,721
c2_aci_gamma_0.000001,fold_1,2020-08-25,2020-08-23,1296,0.9500052,0.9000304,0.8000548,0.500066,1369,1297,1153,721
c2_aci_gamma_0.000001,fold_1,2020-08-26,2020-08-24,1320,0.950008,0.900041,0.800068,0.500073,1369,1297,1153,721
c2_aci_gamma_0.000001,fold_1,2020-08-27,2020-08-25,1344,0.9500118,0.9000446,0.8000732,0.500074,1369,1297,1153,721
c2_aci_gamma_0.000001,fold_1,2020-08-28,2020-08-26,1368,0.9500296,0.9000652,0.8000924,0.500086,1369,1297,1153,721
c2_aci_gamma_0.000001,fold_1,2020-08-29,2020-08-27,1392,0.9500384,0.9000748,0.8001036,0.500094,1370,1298,1153,721
c2_aci_gamma_0.000001,fold_1,2020-08-30,2020-08-28,1416,0.9500382,0.9000744,0.8001038,0.500093,1370,1298,1153,721
c2_aci_gamma_0.000001,fold_1,2020-08-31,2020-08-29,1440,0.950037,0.900073,0.800104,0.500103,1370,1298,1153,721
c2_aci_gamma_0.000001,fold_1,2020-09-01,2020-08-30,1464,0.9500358,0.9000736,0.8001112,0.50011,1370,1298,1153,721
c2_aci_gamma_0.000001,fold_1,2020-09-02,2020-08-31,1488,0.9500456,0.9000862,0.8001214,0.500117,1370,1298,1153,721
c2_aci_gamma_0.000001,fold_1,2020-09-03,2020-09-01,1512,0.9500464,0.9000898,0.8001276,0.50012,1370,1298,1153,721
c2_aci_gamma_0.000001,fold_1,2020-09-04,2020-09-02,1536,0.9500512,0.9000974,0.8001388,0.500128,1370,1298,1154,721
c2_aci_gamma_0.000001,fold_1,2020-09-05,2020-09-03,1560,0.950056,0.900104,0.800151,0.500137,1370,1298,1154,721
c2_aci_gamma_0.000001,fold_1,2020-09-06,2020-09-04,1584,0.9500558,0.9001086,0.8001572,0.500142,1370,1298,1154,721
c2_aci_gamma_0.000001,fold_1,2020-09-07,2020-09-05,1608,0.9500546,0.9001072,0.8001544,0.500142,1370,1298,1154,721
c2_aci_gamma_0.000001,fold_1,2020-09-08,2020-09-06,1632,0.9500534,0.9001048,0.8001516,0.500145,1370,1298,1154,721
c2_aci_gamma_0.000001,fold_1,2020-09-09,2020-09-07,1656,0.9500522,0.9001034,0.8001548,0.500146,1370,1298,1154,721
c2_aci_gamma_0.000001,fold_1,2020-09-10,2020-09-08,1680,0.950058,0.90011,0.800167,0.500155,1370,1298,1154,721
c2_aci_gamma_0.000001,fold_1,2020-09-11,2020-09-09,1704,0.9500568,0.9001146,0.8001732,0.50016,1370,1298,1154,721
c2_aci_gamma_0.000001,fold_1,2020-09-12,2020-09-10,1728,0.9500636,0.9001252,0.8001854,0.500166,1370,1298,1154,721
c2_aci_gamma_0.000001,fold_1,2020-09-13,2020-09-11,1752,0.9500704,0.9001348,0.8001966,0.500172,1370,1298,1154,721
c2_aci_gamma_0.000001,fold_1,2020-09-14,2020-09-12,1776,0.9500732,0.9001364,0.8002008,0.50018,1370,1298,1154,721
c2_aci_gamma_0.000001,fold_1,2020-09-15,2020-09-13,1800,0.950075,0.900138,0.800204,0.500185,1370,1298,1154,721
c2_aci_gamma_0.000001,fold_1,2020-09-16,2020-09-14,1824,0.9500818,0.9001506,0.8002172,0.500197,1370,1298,1154,721
c2_aci_gamma_0.000001,fold_1,2020-09-17,2020-09-15,1848,0.9500996,0.9001722,0.8002364,0.500209,1370,1298,1154,721
c2_aci_gamma_0.000001,fold_1,2020-09-18,2020-09-16,1872,0.9501094,0.9001828,0.8002466,0.500215,1370,1298,1154,721
c2_aci_gamma_0.000001,fold_1,2020-09-19,2020-09-17,1896,0.9501092,0.9001814,0.8002448,0.500216,1370,1298,1154,721
c2_aci_gamma_0.000001,fold_1,2020-09-20,2020-09-18,1920,0.950108,0.900179,0.80024,0.50021,1370,1298,1154,721
c2_aci_gamma_0.000001,fold_1,2020-09-21,2020-09-19,1944,0.9501068,0.9001766,0.8002372,0.500208,1370,1298,1154,721
c2_aci_gamma_0.000001,fold_1,2020-09-22,2020-09-20,1968,0.9501056,0.9001752,0.8002484,0.500217,1370,1298,1154,721
c2_aci_gamma_0.000001,fold_1,2020-09-23,2020-09-21,1992,0.9501114,0.9001818,0.8002586,0.500226,1370,1298,1154,721
c2_aci_gamma_0.000001,fold_1,2020-09-24,2020-09-22,2016,0.9501142,0.9001874,0.8002628,0.500231,1370,1298,1154,721
c2_aci_gamma_0.000001,fold_1,2020-09-25,2020-09-23,2040,0.950113,0.900185,0.800259,0.500228,1370,1298,1154,721
c2_aci_gamma_0.000001,fold_1,2020-09-26,2020-09-24,2064,0.9501198,0.9001936,0.8002672,0.500233,1370,1298,1154,721
c2_aci_gamma_0.000001,fold_1,2020-09-27,2020-09-25,2088,0.9501186,0.9001942,0.8002674,0.500234,1370,1298,1154,721
c2_aci_gamma_0.000001,fold_1,2020-09-28,2020-09-26,2112,0.9501174,0.9001918,0.8002636,0.500232,1370,1298,1154,721
c2_aci_gamma_0.000005,fold_1,2020-07-01,2020-06-29,0,0.95,0.9,0.8,0.5,1369,1297,1153,721
c2_aci_gamma_0.000005,fold_1,2020-07-02,2020-06-30,0,0.95,0.9,0.8,0.5,1369,1297,1153,721
c2_aci_gamma_0.000005,fold_1,2020-07-03,2020-07-01,24,0.949994,0.899988,0.800001,0.499975,1369,1297,1153,721
c2_aci_gamma_0.000005,fold_1,2020-07-04,2020-07-02,48,0.949988,0.899996,0.800042,0.500035,1369,1297,1153,721
c2_aci_gamma_0.000005,fold_1,2020-07-05,2020-07-03,72,0.949987,0.900004,0.800048,0.50006,1369,1297,1153,721
c2_aci_gamma_0.000005,fold_1,2020-07-06,2020-07-04,96,0.949981,0.900002,0.800049,0.500035,1369,1297,1153,721
c2_aci_gamma_0.000005,fold_1,2020-07-07,2020-07-05,120,0.950045,0.900065,0.8001,0.50008,1370,1297,1153,721
c2_aci_gamma_0.000005,fold_1,2020-07-08,2020-07-06,144,0.950039,0.900053,0.800121,0.500095,1370,1297,1153,721
c2_aci_gamma_0.000005,fold_1,2020-07-09,2020-07-07,168,0.950033,0.900101,0.800192,0.50015,1369,1298,1154,721
c2_aci_gamma_0.000005,fold_1,2020-07-10,2020-07-08,192,0.950057,0.900149,0.800248,0.500205,1370,1298,1154,721
c2_aci_gamma_0.000005,fold_1,2020-07-11,2020-07-09,216,0.950051,0.900142,0.800239,0.50024,1370,1298,1154,721
c2_aci_gamma_0.000005,fold_1,2020-07-12,2020-07-10,240,0.950045,0.900135,0.80023,0.500225,1370,1298,1154,721
c2_aci_gamma_0.000005,fold_1,2020-07-13,2020-07-11,264,0.950039,0.900123,0.800206,0.500225,1370,1298,1154,721
c2_aci_gamma_0.000005,fold_1,2020-07-14,2020-07-12,288,0.950033,0.900111,0.800187,0.50025,1369,1298,1154,721
c2_aci_gamma_0.000005,fold_1,2020-07-15,2020-07-13,312,0.950027,0.900144,0.800228,0.50031,1369,1298,1154,721
c2_aci_gamma_0.000005,fold_1,2020-07-16,2020-07-14,336,0.950021,0.900132,0.800204,0.500275,1369,1298,1154,721
c2_aci_gamma_0.000005,fold_1,2020-07-17,2020-07-15,360,0.950015,0.90012,0.800195,0.500255,1369,1298,1154,721
c2_aci_gamma_0.000005,fold_1,2020-07-18,2020-07-16,384,0.950014,0.900113,0.800196,0.50024,1369,1298,1154,721
c2_aci_gamma_0.000005,fold_1,2020-07-19,2020-07-17,408,0.950008,0.900101,0.800172,0.5002,1369,1298,1154,721
c2_aci_gamma_0.000005,fold_1,2020-07-20,2020-07-18,432,0.950002,0.900089,0.800178,0.500185,1369,1298,1154,721
c2_aci_gamma_0.000005,fold_1,2020-07-21,2020-07-19,456,0.949996,0.900077,0.800154,0.500135,1369,1298,1154,721
c2_aci_gamma_0.000005,fold_1,2020-07-22,2020-07-20,480,0.94999,0.900065,0.800155,0.500135,1369,1297,1154,721
c2_aci_gamma_0.000005,fold_1,2020-07-23,2020-07-21,504,0.949989,0.900068,0.800171,0.50019,1369,1297,1154,721
c2_aci_gamma_0.000005,fold_1,2020-07-24,2020-07-22,528,0.949983,0.900056,0.800187,0.500205,1369,1297,1154,721
c2_aci_gamma_0.000005,fold_1,2020-07-25,2020-07-23,552,0.949977,0.900064,0.800198,0.500185,1369,1297,1154,721
c2_aci_gamma_0.000005,fold_1,2020-07-26,2020-07-24,576,0.949991,0.900092,0.800224,0.50022,1369,1298,1154,721
c2_aci_gamma_0.000005,fold_1,2020-07-27,2020-07-25,600,0.949985,0.900085,0.800225,0.500225,1369,1298,1154,721
c2_aci_gamma_0.000005,fold_1,2020-07-28,2020-07-26,624,0.949989,0.900083,0.800251,0.500275,1369,1298,1154,721
c2_aci_gamma_0.000005,fold_1,2020-07-29,2020-07-27,648,0.949983,0.900076,0.800267,0.5003,1369,1298,1154,721
c2_aci_gamma_0.000005,fold_1,2020-07-30,2020-07-28,672,0.950017,0.900109,0.800308,0.500335,1369,1298,1154,721
c2_aci_gamma_0.000005,fold_1,2020-07-31,2020-07-29,696,0.950051,0.900152,0.800344,0.500345,1370,1298,1154,721
c2_aci_gamma_0.000005,fold_1,2020-08-01,2020-07-30,720,0.950055,0.900155,0.800345,0.50036,1370,1298,1154,722
c2_aci_gamma_0.000005,fold_1,2020-08-02,2020-07-31,744,0.950049,0.900163,0.800401,0.50042,1370,1298,1154,722
c2_aci_gamma_0.000005,fold_1,2020-08-03,2020-08-01,768,0.950043,0.900151,0.800377,0.50039,1370,1298,1154,722
c2_aci_gamma_0.000005,fold_1,2020-08-04,2020-08-02,792,0.950037,0.900139,0.800398,0.500425,1370,1298,1154,722
c2_aci_gamma_0.000005,fold_1,2020-08-05,2020-08-03,816,0.950031,0.900127,0.800384,0.500455,1369,1298,1154,722
c2_aci_gamma_0.000005,fold_1,2020-08-06,2020-08-04,840,0.950025,0.900115,0.80037,0.50041,1369,1298,1154,722
c2_aci_gamma_0.000005,fold_1,2020-08-07,2020-08-05,864,0.950049,0.900158,0.800411,0.500435,1370,1298,1154,722
c2_aci_gamma_0.000005,fold_1,2020-08-08,2020-08-06,888,0.950043,0.900151,0.800402,0.50044,1370,1298,1154,722
c2_aci_gamma_0.000005,fold_1,2020-08-09,2020-08-07,912,0.950037,0.900139,0.800378,0.50039,1370,1298,1154,722
c2_aci_gamma_0.000005,fold_1,2020-08-10,2020-08-08,936,0.950031,0.900127,0.800354,0.500335,1369,1298,1154,721
c2_aci_gamma_0.000005,fold_1,2020-08-11,2020-08-09,960,0.950025,0.900115,0.800335,0.50029,1369,1298,1154,721
c2_aci_gamma_0.000005,fold_1,2020-08-12,2020-08-10,984,0.950019,0.900103,0.800311,0.500285,1369,1298,1154,721
c2_aci_gamma_0.000005,fold_1,2020-08-13,2020-08-11,1008,0.950013,0.900111,0.800317,0.500315,1369,1298,1154,721
c2_aci_gamma_0.000005,fold_1,2020-08-14,2020-08-12,1032,0.950017,0.900114,0.800308,0.500335,1369,1298,1154,721
c2_aci_gamma_0.000005,fold_1,2020-08-15,2020-08-13,1056,0.950011,0.900102,0.800289,0.500305,1369,1298,1154,721
c2_aci_gamma_0.000005,fold_1,2020-08-16,2020-08-14,1080,0.950005,0.9001,0.8003,0.500325,1369,1298,1154,721
c2_aci_gamma_0.000005,fold_1,2020-08-17,2020-08-15,1104,0.949999,0.900088,0.800276,0.500315,1369,1298,1154,721
c2_aci_gamma_0.000005,fold_1,2020-08-18,2020-08-16,1128,0.949993,0.900076,0.800252,0.50026,1369,1298,1154,721
c2_aci_gamma_0.000005,fold_1,2020-08-19,2020-08-17,1152,0.949987,0.900069,0.800238,0.500255,1369,1297,1154,721
c2_aci_gamma_0.000005,fold_1,2020-08-20,2020-08-18,1176,0.949981,0.900062,0.800219,0.500265,1369,1297,1154,721
c2_aci_gamma_0.000005,fold_1,2020-08-21,2020-08-19,1200,0.949975,0.90006,0.800215,0.500305,1369,1297,1154,721
c2_aci_gamma_0.000005,fold_1,2020-08-22,2020-08-20,1224,0.949989,0.900083,0.800241,0.50033,1369,1298,1154,721
c2_aci_gamma_0.000005,fold_1,2020-08-23,2020-08-21,1248,0.950033,0.900166,0.800317,0.50038,1369,1298,1154,722
c2_aci_gamma_0.000005,fold_1,2020-08-24,2020-08-22,1272,0.950027,0.900154,0.800293,0.50037,1369,1298,1154,722
c2_aci_gamma_0.000005,fold_1,2020-08-25,2020-08-23,1296,0.950021,0.900142,0.800269,0.50033,1369,1298,1154,721
c2_aci_gamma_0.000005,fold_1,2020-08-26,2020-08-24,1320,0.950035,0.90019,0.80033,0.500365,1370,1298,1154,722
c2_aci_gamma_0.000005,fold_1,2020-08-27,2020-08-25,1344,0.950054,0.900208,0.800356,0.50037,1370,1298,1154,722
c2_aci_gamma_0.000005,fold_1,2020-08-28,2020-08-26,1368,0.950143,0.900311,0.800452,0.50043,1370,1298,1154,722
c2_aci_gamma_0.000005,fold_1,2020-08-29,2020-08-27,1392,0.950187,0.900359,0.800508,0.50047,1370,1298,1154,722
c2_aci_gamma_0.000005,fold_1,2020-08-30,2020-08-28,1416,0.950186,0.900357,0.800509,0.500465,1370,1298,1154,722
c2_aci_gamma_0.000005,fold_1,2020-08-31,2020-08-29,1440,0.95018,0.90035,0.800505,0.500515,1370,1298,1154,722
c2_aci_gamma_0.000005,fold_1,2020-09-01,2020-08-30,1464,0.950174,0.900353,0.800541,0.50055,1370,1298,1154,722
c2_aci_gamma_0.000005,fold_1,2020-09-02,2020-08-31,1488,0.950223,0.900416,0.800592,0.500585,1370,1298,1154,722
c2_aci_gamma_0.000005,fold_1,2020-09-03,2020-09-01,1512,0.950227,0.900434,0.800623,0.5006,1370,1298,1154,722
c2_aci_gamma_0.000005,fold_1,2020-09-04,2020-09-02,1536,0.950251,0.900472,0.800679,0.50064,1370,1298,1154,722
c2_aci_gamma_0.000005,fold_1,2020-09-05,2020-09-03,1560,0.950275,0.900505,0.80074,0.500685,1370,1298,1154,722
c2_aci_gamma_0.000005,fold_1,2020-09-06,2020-09-04,1584,0.950274,0.900528,0.800771,0.50071,1370,1298,1154,722
c2_aci_gamma_0.000005,fold_1,2020-09-07,2020-09-05,1608,0.950268,0.900521,0.800757,0.50071,1370,1298,1154,722
c2_aci_gamma_0.000005,fold_1,2020-09-08,2020-09-06,1632,0.950262,0.900509,0.800743,0.500725,1370,1298,1154,722
c2_aci_gamma_0.000005,fold_1,2020-09-09,2020-09-07,1656,0.950256,0.900502,0.800759,0.50073,1370,1298,1154,722
c2_aci_gamma_0.000005,fold_1,2020-09-10,2020-09-08,1680,0.950285,0.900535,0.800815,0.50077,1370,1298,1154,722
c2_aci_gamma_0.000005,fold_1,2020-09-11,2020-09-09,1704,0.950279,0.900558,0.800846,0.500795,1370,1298,1155,722
c2_aci_gamma_0.000005,fold_1,2020-09-12,2020-09-10,1728,0.950313,0.900611,0.800907,0.500825,1370,1298,1155,722
c2_aci_gamma_0.000005,fold_1,2020-09-13,2020-09-11,1752,0.950347,0.900659,0.800963,0.500855,1370,1298,1155,722
c2_aci_gamma_0.000005,fold_1,2020-09-14,2020-09-12,1776,0.950361,0.900667,0.800984,0.500895,1370,1298,1155,722
c2_aci_gamma_0.000005,fold_1,2020-09-15,2020-09-13,1800,0.95037,0.900675,0.801,0.50092,1370,1298,1155,722
c2_aci_gamma_0.000005,fold_1,2020-09-16,2020-09-14,1824,0.950404,0.900738,0.801066,0.50098,1370,1298,1155,722
c2_aci_gamma_0.000005,fold_1,2020-09-17,2020-09-15,1848,0.950493,0.900846,0.801162,0.50104,1370,1299,1155,722
c2_aci_gamma_0.000005,fold_1,2020-09-18,2020-09-16,1872,0.950542,0.900899,0.801213,0.50107,1370,1299,1155,723
c2_aci_gamma_0.000005,fold_1,2020-09-19,2020-09-17,1896,0.950541,0.900892,0.801204,0.501075,1370,1299,1155,723
c2_aci_gamma_0.000005,fold_1,2020-09-20,2020-09-18,1920,0.950535,0.90088,0.80118,0.501045,1370,1299,1155,723
c2_aci_gamma_0.000005,fold_1,2020-09-21,2020-09-19,1944,0.950529,0.900868,0.801166,0.501035,1370,1299,1155,722
c2_aci_gamma_0.000005,fold_1,2020-09-22,2020-09-20,1968,0.950523,0.900861,0.801217,0.50108,1370,1299,1155,723
c2_aci_gamma_0.000005,fold_1,2020-09-23,2020-09-21,1992,0.950552,0.900894,0.801268,0.501125,1370,1299,1155,723
c2_aci_gamma_0.000005,fold_1,2020-09-24,2020-09-22,2016,0.950566,0.900922,0.801289,0.50115,1370,1299,1155,723
c2_aci_gamma_0.000005,fold_1,2020-09-25,2020-09-23,2040,0.95056,0.90091,0.80127,0.501135,1370,1299,1155,723
c2_aci_gamma_0.000005,fold_1,2020-09-26,2020-09-24,2064,0.950594,0.900953,0.801311,0.50116,1370,1299,1155,723
c2_aci_gamma_0.000005,fold_1,2020-09-27,2020-09-25,2088,0.950588,0.900951,0.801312,0.50116,1370,1299,1155,723
c2_aci_gamma_0.000005,fold_1,2020-09-28,2020-09-26,2112,0.950582,0.900939,0.801293,0.50115,1370,1299,1155,723
c2_aci_gamma_0.00001,fold_1,2020-07-01,2020-06-29,0,0.95,0.9,0.8,0.5,1369,1297,1153,721
c2_aci_gamma_0.00001,fold_1,2020-07-02,2020-06-30,0,0.95,0.9,0.8,0.5,1369,1297,1153,721
c2_aci_gamma_0.00001,fold_1,2020-07-03,2020-07-01,24,0.949988,0.899976,0.800002,0.49995,1369,1297,1153,721
c2_aci_gamma_0.00001,fold_1,2020-07-04,2020-07-02,48,0.949976,0.899992,0.800084,0.50007,1369,1297,1153,721
c2_aci_gamma_0.00001,fold_1,2020-07-05,2020-07-03,72,0.949974,0.900008,0.800096,0.50012,1369,1297,1153,721
c2_aci_gamma_0.00001,fold_1,2020-07-06,2020-07-04,96,0.949962,0.900004,0.800098,0.50007,1369,1297,1153,721
c2_aci_gamma_0.00001,fold_1,2020-07-07,2020-07-05,120,0.95009,0.90013,0.8002,0.50016,1370,1298,1154,721
c2_aci_gamma_0.00001,fold_1,2020-07-08,2020-07-06,144,0.950078,0.900106,0.800242,0.50019,1370,1298,1154,721
c2_aci_gamma_0.00001,fold_1,2020-07-09,2020-07-07,168,0.950066,0.900202,0.800384,0.5003,1370,1298,1154,721
c2_aci_gamma_0.00001,fold_1,2020-07-10,2020-07-08,192,0.950114,0.900288,0.800496,0.50041,1370,1298,1154,722
c2_aci_gamma_0.00001,fold_1,2020-07-11,2020-07-09,216,0.950102,0.900274,0.800478,0.50048,1370,1298,1154,722
c2_aci_gamma_0.00001,fold_1,2020-07-12,2020-07-10,240,0.95009,0.90026,0.80046,0.50045,1370,1298,1154,722
c2_aci_gamma_0.00001,fold_1,2020-07-13,2020-07-11,264,0.950078,0.900236,0.800412,0.50045,1370,1298,1154,722
c2_aci_gamma_0.00001,fold_1,2020-07-14,2020-07-12,288,0.950066,0.900212,0.800374,0.5005,1370,1298,1154,722
c2_aci_gamma_0.00001,fold_1,2020-07-15,2020-07-13,312,0.950054,0.900278,0.800456,0.50062,1370,1298,1154,722
c2_aci_gamma_0.00001,fold_1,2020-07-16,2020-07-14,336,0.950042,0.900254,0.800408,0.50055,1370,1298,1154,722
c2_aci_gamma_0.00001,fold_1,2020-07-17,2020-07-15,360,0.95003,0.90023,0.80039,0.50051,1369,1298,1154,722
c2_aci_gamma_0.00001,fold_1,2020-07-18,2020-07-16,384,0.950028,0.900216,0.800392,0.50048,1369,1298,1154,722
c2_aci_gamma_0.00001,fold_1,2020-07-19,2020-07-17,408,0.950016,0.900192,0.800344,0.5004,1369,1298,1154,722
c2_aci_gamma_0.00001,fold_1,2020-07-20,2020-07-18,432,0.950004,0.900168,0.800356,0.50037,1369,1298,1154,722
c2_aci_gamma_0.00001,fold_1,2020-07-21,2020-07-19,456,0.949992,0.900144,0.800308,0.50027,1369,1298,1154,721
c2_aci_gamma_0.00001,fold_1,2020-07-22,2020-07-20,480,0.94998,0.90012,0.80031,0.50027,1369,1298,1154,721
c2_aci_gamma_0.00001,fold_1,2020-07-23,2020-07-21,504,0.949978,0.900126,0.800342,0.50038,1369,1298,1154,722
c2_aci_gamma_0.00001,fold_1,2020-07-24,2020-07-22,528,0.949966,0.900102,0.800374,0.50041,1369,1298,1154,722
c2_aci_gamma_0.00001,fold_1,2020-07-25,2020-07-23,552,0.949954,0.900118,0.800396,0.50037,1369,1298,1154,722
c2_aci_gamma_0.00001,fold_1,2020-07-26,2020-07-24,576,0.949982,0.900164,0.800438,0.50044,1369,1298,1154,722
c2_aci_gamma_0.00001,fold_1,2020-07-27,2020-07-25,600,0.94997,0.90015,0.80044,0.50045,1369,1298,1154,722
c2_aci_gamma_0.00001,fold_1,2020-07-28,2020-07-26,624,0.949978,0.900146,0.800492,0.50055,1369,1298,1154,722
c2_aci_gamma_0.00001,fold_1,2020-07-29,2020-07-27,648,0.949966,0.900132,0.800524,0.5006,1369,1298,1154,722
c2_aci_gamma_0.00001,fold_1,2020-07-30,2020-07-28,672,0.950034,0.900198,0.800606,0.50067,1369,1298,1154,722
c2_aci_gamma_0.00001,fold_1,2020-07-31,2020-07-29,696,0.950102,0.900284,0.800678,0.50069,1370,1298,1154,722
c2_aci_gamma_0.00001,fold_1,2020-08-01,2020-07-30,720,0.95011,0.90029,0.80068,0.50072,1370,1298,1154,722
c2_aci_gamma_0.00001,fold_1,2020-08-02,2020-07-31,744,0.950098,0.900306,0.800792,0.50084,1370,1298,1154,722
c2_aci_gamma_0.00001,fold_1,2020-08-03,2020-08-01,768,0.950086,0.900282,0.800744,0.50078,1370,1298,1154,722
c2_aci_gamma_0.00001,fold_1,2020-08-04,2020-08-02,792,0.950074,0.900258,0.800786,0.50085,1370,1298,1154,722
c2_aci_gamma_0.00001,fold_1,2020-08-05,2020-08-03,816,0.950062,0.900234,0.800758,0.50091,1370,1298,1154,722
c2_aci_gamma_0.00001,fold_1,2020-08-06,2020-08-04,840,0.95005,0.90021,0.80073,0.50082,1370,1298,1154,722
c2_aci_gamma_0.00001,fold_1,2020-08-07,2020-08-05,864,0.950098,0.900296,0.800812,0.50087,1370,1298,1154,722
c2_aci_gamma_0.00001,fold_1,2020-08-08,2020-08-06,888,0.950086,0.900282,0.800794,0.50088,1370,1298,1154,722
c2_aci_gamma_0.00001,fold_1,2020-08-09,2020-08-07,912,0.950074,0.900258,0.800746,0.50078,1370,1298,1154,722
c2_aci_gamma_0.00001,fold_1,2020-08-10,2020-08-08,936,0.950062,0.900234,0.800698,0.50067,1370,1298,1154,722
c2_aci_gamma_0.00001,fold_1,2020-08-11,2020-08-09,960,0.95005,0.90021,0.80066,0.50058,1370,1298,1154,722
c2_aci_gamma_0.00001,fold_1,2020-08-12,2020-08-10,984,0.950038,0.900186,0.800612,0.50057,1370,1298,1154,722
c2_aci_gamma_0.00001,fold_1,2020-08-13,2020-08-11,1008,0.950026,0.900202,0.800624,0.50063,1369,1298,1154,722
c2_aci_gamma_0.00001,fold_1,2020-08-14,2020-08-12,1032,0.950034,0.900208,0.800606,0.50067,1369,1298,1154,722
c2_aci_gamma_0.00001,fold_1,2020-08-15,2020-08-13,1056,0.950022,0.900184,0.800568,0.50061,1369,1298,1154,722
c2_aci_gamma_0.00001,fold_1,2020-08-16,2020-08-14,1080,0.95001,0.90018,0.80059,0.50065,1369,1298,1154,722
c2_aci_gamma_0.00001,fold_1,2020-08-17,2020-08-15,1104,0.949998,0.900156,0.800542,0.50063,1369,1298,1154,722
c2_aci_gamma_0.00001,fold_1,2020-08-18,2020-08-16,1128,0.949986,0.900132,0.800494,0.50052,1369,1298,1154,722
c2_aci_gamma_0.00001,fold_1,2020-08-19,2020-08-17,1152,0.949974,0.900118,0.800466,0.50051,1369,1298,1154,722
c2_aci_gamma_0.00001,fold_1,2020-08-20,2020-08-18,1176,0.949962,0.900104,0.800428,0.50053,1369,1298,1154,722
c2_aci_gamma_0.00001,fold_1,2020-08-21,2020-08-19,1200,0.94995,0.90009,0.80041,0.50061,1369,1298,1154,722
c2_aci_gamma_0.00001,fold_1,2020-08-22,2020-08-20,1224,0.949978,0.900136,0.800462,0.50066,1369,1298,1154,722
c2_aci_gamma_0.00001,fold_1,2020-08-23,2020-08-21,1248,0.950066,0.900302,0.800614,0.50076,1370,1298,1154,722
c2_aci_gamma_0.00001,fold_1,2020-08-24,2020-08-22,1272,0.950054,0.900278,0.800566,0.50074,1370,1298,1154,722
c2_aci_gamma_0.00001,fold_1,2020-08-25,2020-08-23,1296,0.950042,0.900254,0.800518,0.50066,1370,1298,1154,722
c2_aci_gamma_0.00001,fold_1,2020-08-26,2020-08-24,1320,0.95006,0.90035,0.80064,0.50073,1370,1298,1154,722
c2_aci_gamma_0.00001,fold_1,2020-08-27,2020-08-25,1344,0.950098,0.900386,0.800692,0.50074,1370,1298,1154,722
c2_aci_gamma_0.00001,fold_1,2020-08-28,2020-08-26,1368,0.950276,0.900592,0.800884,0.50086,1370,1298,1155,722
c2_aci_gamma_0.00001,fold_1,2020-08-29,2020-08-27,1392,0.950364,0.900688,0.800996,0.50094,1370,1298,1155,722
c2_aci_gamma_0.00001,fold_1,2020-08-30,2020-08-28,1416,0.950362,0.900684,0.800998,0.50093,1370,1298,1155,722
c2_aci_gamma_0.00001,fold_1,2020-08-31,2020-08-29,1440,0.95035,0.90067,0.80098,0.50103,1370,1298,1155,722
c2_aci_gamma_0.00001,fold_1,2020-09-01,2020-08-30,1464,0.950338,0.900676,0.801052,0.5011,1370,1298,1155,723
c2_aci_gamma_0.00001,fold_1,2020-09-02,2020-08-31,1488,0.950436,0.900802,0.801154,0.50117,1370,1299,1155,723
c2_aci_gamma_0.00001,fold_1,2020-09-03,2020-09-01,1512,0.950444,0.900838,0.801216,0.5012,1370,1299,1155,723
c2_aci_gamma_0.00001,fold_1,2020-09-04,2020-09-02,1536,0.950492,0.900914,0.801318,0.50128,1370,1299,1155,723
c2_aci_gamma_0.00001,fold_1,2020-09-05,2020-09-03,1560,0.95054,0.90098,0.80143,0.50137,1370,1299,1155,723
c2_aci_gamma_0.00001,fold_1,2020-09-06,2020-09-04,1584,0.950538,0.901026,0.801492,0.50142,1370,1299,1155,723
c2_aci_gamma_0.00001,fold_1,2020-09-07,2020-09-05,1608,0.950526,0.901012,0.801454,0.50142,1370,1299,1155,723
c2_aci_gamma_0.00001,fold_1,2020-09-08,2020-09-06,1632,0.950514,0.900988,0.801426,0.50145,1370,1299,1155,723
c2_aci_gamma_0.00001,fold_1,2020-09-09,2020-09-07,1656,0.950502,0.900974,0.801458,0.50146,1370,1299,1155,723
c2_aci_gamma_0.00001,fold_1,2020-09-10,2020-09-08,1680,0.95056,0.90104,0.80157,0.50154,1370,1299,1156,723
c2_aci_gamma_0.00001,fold_1,2020-09-11,2020-09-09,1704,0.950548,0.901086,0.801632,0.50159,1370,1299,1156,723
c2_aci_gamma_0.00001,fold_1,2020-09-12,2020-09-10,1728,0.950616,0.901192,0.801754,0.50165,1370,1299,1156,723
c2_aci_gamma_0.00001,fold_1,2020-09-13,2020-09-11,1752,0.950684,0.901288,0.801866,0.50171,1370,1299,1156,723
c2_aci_gamma_0.00001,fold_1,2020-09-14,2020-09-12,1776,0.950712,0.901304,0.801908,0.50179,1370,1299,1156,724
c2_aci_gamma_0.00001,fold_1,2020-09-15,2020-09-13,1800,0.95073,0.90132,0.80194,0.50184,1371,1299,1156,724
c2_aci_gamma_0.00001,fold_1,2020-09-16,2020-09-14,1824,0.950798,0.901446,0.802072,0.50196,1371,1299,1156,724
c2_aci_gamma_0.00001,fold_1,2020-09-17,2020-09-15,1848,0.950976,0.901652,0.802264,0.50208,1371,1300,1157,724
c2_aci_gamma_0.00001,fold_1,2020-09-18,2020-09-16,1872,0.951074,0.901758,0.802366,0.50214,1371,1300,1157,724
c2_aci_gamma_0.00001,fold_1,2020-09-19,2020-09-17,1896,0.951072,0.901744,0.802348,0.50215,1371,1300,1157,724
c2_aci_gamma_0.00001,fold_1,2020-09-20,2020-09-18,1920,0.95106,0.90172,0.8023,0.50209,1371,1300,1157,724
c2_aci_gamma_0.00001,fold_1,2020-09-21,2020-09-19,1944,0.951048,0.901696,0.802272,0.50207,1371,1300,1157,724
c2_aci_gamma_0.00001,fold_1,2020-09-22,2020-09-20,1968,0.951036,0.901672,0.802374,0.50216,1371,1300,1157,724
c2_aci_gamma_0.00001,fold_1,2020-09-23,2020-09-21,1992,0.951094,0.901738,0.802476,0.50225,1371,1300,1157,724
c2_aci_gamma_0.00001,fold_1,2020-09-24,2020-09-22,2016,0.951122,0.901794,0.802518,0.5023,1371,1300,1157,724
c2_aci_gamma_0.00001,fold_1,2020-09-25,2020-09-23,2040,0.95111,0.90177,0.80248,0.50227,1371,1300,1157,724
c2_aci_gamma_0.00001,fold_1,2020-09-26,2020-09-24,2064,0.951178,0.901856,0.802562,0.50232,1371,1300,1157,724
c2_aci_gamma_0.00001,fold_1,2020-09-27,2020-09-25,2088,0.951166,0.901852,0.802564,0.50232,1371,1300,1157,724
c2_aci_gamma_0.00001,fold_1,2020-09-28,2020-09-26,2112,0.951154,0.901828,0.802526,0.5023,1371,1300,1157,724
c2_aci_gamma_0.00002,fold_1,2020-07-01,2020-06-29,0,0.95,0.9,0.8,0.5,1369,1297,1153,721
c2_aci_gamma_0.00002,fold_1,2020-07-02,2020-06-30,0,0.95,0.9,0.8,0.5,1369,1297,1153,721
c2_aci_gamma_0.00002,fold_1,2020-07-03,2020-07-01,24,0.949976,0.899952,0.800004,0.4999,1369,1297,1153,721
c2_aci_gamma_0.00002,fold_1,2020-07-04,2020-07-02,48,0.949952,0.899984,0.800168,0.50014,1369,1297,1154,721
c2_aci_gamma_0.00002,fold_1,2020-07-05,2020-07-03,72,0.949948,0.900016,0.800192,0.50024,1369,1297,1154,721
c2_aci_gamma_0.00002,fold_1,2020-07-06,2020-07-04,96,0.949924,0.900008,0.800196,0.50014,1369,1297,1154,721
c2_aci_gamma_0.00002,fold_1,2020-07-07,2020-07-05,120,0.95018,0.90026,0.8004,0.50032,1370,1298,1154,721
c2_aci_gamma_0.00002,fold_1,2020-07-08,2020-07-06,144,0.950156,0.900212,0.800484,0.50038,1370,1298,1154,722
c2_aci_gamma_0.00002,fold_1,2020-07-09,2020-07-07,168,0.950132,0.900404,0.800768,0.5006,1370,1298,1154,722
c2_aci_gamma_0.00002,fold_1,2020-07-10,2020-07-08,192,0.950228,0.900576,0.800992,0.50082,1370,1298,1155,722
c2_aci_gamma_0.00002,fold_1,2020-07-11,2020-07-09,216,0.950204,0.900548,0.800956,0.50096,1370,1298,1155,722
c2_aci_gamma_0.00002,fold_1,2020-07-12,2020-07-10,240,0.95018,0.90052,0.80092,0.5009,1370,1298,1155,722
c2_aci_gamma_0.00002,fold_1,2020-07-13,2020-07-11,264,0.950156,0.900472,0.800824,0.5009,1370,1298,1154,722
c2_aci_gamma_0.00002,fold_1,2020-07-14,2020-07-12,288,0.950132,0.900424,0.800748,0.501,1370,1298,1154,722
c2_aci_gamma_0.00002,fold_1,2020-07-15,2020-07-13,312,0.950108,0.900556,0.800912,0.50124,1370,1298,1155,723
c2_aci_gamma_0.00002,fold_1,2020-07-16,2020-07-14,336,0.950084,0.900508,0.800816,0.5011,1370,1298,1154,723
c2_aci_gamma_0.00002,fold_1,2020-07-17,2020-07-15,360,0.95006,0.90046,0.80078,0.50102,1370,1298,1154,722
c2_aci_gamma_0.00002,fold_1,2020-07-18,2020-07-16,384,0.950056,0.900432,0.800784,0.50096,1370,1298,1154,722
c2_aci_gamma_0.00002,fold_1,2020-07-19,2020-07-17,408,0.950032,0.900384,0.800688,0.5008,1369,1298,1154,722
c2_aci_gamma_0.00002,fold_1,2020-07-20,2020-07-18,432,0.950008,0.900336,0.800712,0.50074,1369,1298,1154,722
c2_aci_gamma_0.00002,fold_1,2020-07-21,2020-07-19,456,0.949984,0.900288,0.800616,0.50054,1369,1298,1154,722
c2_aci_gamma_0.00002,fold_1,2020-07-22,2020-07-20,480,0.94996,0.90024,0.80062,0.50054,1369,1298,1154,722
c2_aci_gamma_0.00002,fold_1,2020-07-23,2020-07-21,504,0.949956,0.900252,0.800684,0.50076,1369,1298,1154,722
c2_aci_gamma_0.00002,fold_1,2020-07-24,2020-07-22,528,0.949932,0.900204,0.800748,0.50082,1369,1298,1154,722
c2_aci_gamma_0.00002,fold_1,2020-07-25,2020-07-23,552,0.949908,0.900236,0.800792,0.50074,1369,1298,1154,722
c2_aci_gamma_0.00002,fold_1,2020-07-26,2020-07-24,576,0.949964,0.900328,0.800876,0.50088,1369,1298,1155,722
c2_aci_gamma_0.00002,fold_1,2020-07-27,2020-07-25,600,0.94994,0.9003,0.80088,0.5009,1369,1298,1155,722
c2_aci_gamma_0.00002,fold_1,2020-07-28,2020-07-26,624,0.949956,0.900292,0.800984,0.5011,1369,1298,1155,723
c2_aci_gamma_0.00002,fold_1,2020-07-29,2020-07-27,648,0.949932,0.900264,0.801048,0.5012,1369,1298,1155,723
c2_aci_gamma_0.00002,fold_1,2020-07-30,2020-07-28,672,0.950068,0.900396,0.801212,0.50134,1370,1298,1155,723
c2_aci_gamma_0.00002,fold_1,2020-07-31,2020-07-29,696,0.950204,0.900568,0.801356,0.50138,1370,1298,1155,723
c2_aci_gamma_0.00002,fold_1,2020-08-01,2020-07-30,720,0.95022,0.90058,0.80134,0.50144,1370,1298,1155,723
c2_aci_gamma_0.00002,fold_1,2020-08-02,2020-07-31,744,0.950196,0.900612,0.801564,0.50168,1370,1298,1156,723
c2_aci_gamma_0.00002,fold_1,2020-08-03,2020-08-01,768,0.950172,0.900564,0.801468,0.50156,1370,1298,1155,723
c2_aci_gamma_0.00002,fold_1,2020-08-04,2020-08-02,792,0.950148,0.900516,0.801552,0.5017,1370,1298,1156,723
c2_aci_gamma_0.00002,fold_1,2020-08-05,2020-08-03,816,0.950124,0.900468,0.801496,0.50182,1370,1298,1155,724
c2_aci_gamma_0.00002,fold_1,2020-08-06,2020-08-04,840,0.9501,0.90042,0.80144,0.50164,1370,1298,1155,723
c2_aci_gamma_0.00002,fold_1,2020-08-07,2020-08-05,864,0.950196,0.900592,0.801604,0.50174,1370,1298,1156,724
c2_aci_gamma_0.00002,fold_1,2020-08-08,2020-08-06,888,0.950172,0.900564,0.801568,0.50176,1370,1298,1156,724
c2_aci_gamma_0.00002,fold_1,2020-08-09,2020-08-07,912,0.950148,0.900516,0.801472,0.50156,1370,1298,1155,723
c2_aci_gamma_0.00002,fold_1,2020-08-10,2020-08-08,936,0.950124,0.900468,0.801376,0.50134,1370,1298,1155,723
c2_aci_gamma_0.00002,fold_1,2020-08-11,2020-08-09,960,0.9501,0.90042,0.8013,0.50116,1370,1298,1155,723
c2_aci_gamma_0.00002,fold_1,2020-08-12,2020-08-10,984,0.950076,0.900372,0.801204,0.50114,1370,1298,1155,723
c2_aci_gamma_0.00002,fold_1,2020-08-13,2020-08-11,1008,0.950052,0.900404,0.801228,0.50126,1370,1298,1155,723
c2_aci_gamma_0.00002,fold_1,2020-08-14,2020-08-12,1032,0.950068,0.900416,0.801192,0.50134,1370,1298,1155,723
c2_aci_gamma_0.00002,fold_1,2020-08-15,2020-08-13,1056,0.950044,0.900368,0.801096,0.50122,1370,1298,1155,723
c2_aci_gamma_0.00002,fold_1,2020-08-16,2020-08-14,1080,0.95002,0.90036,0.80114,0.5013,1369,1298,1155,723
c2_aci_gamma_0.00002,fold_1,2020-08-17,2020-08-15,1104,0.949996,0.900312,0.801044,0.50126,1369,1298,1155,723
c2_aci_gamma_0.00002,fold_1,2020-08-18,2020-08-16,1128,0.949972,0.900264,0.800948,0.50104,1369,1298,1155,722
c2_aci_gamma_0.00002,fold_1,2020-08-19,2020-08-17,1152,0.949948,0.900236,0.800892,0.50102,1369,1298,1155,722
c2_aci_gamma_0.00002,fold_1,2020-08-20,2020-08-18,1176,0.949924,0.900208,0.800816,0.50106,1369,1298,1154,723
c2_aci_gamma_0.00002,fold_1,2020-08-21,2020-08-19,1200,0.9499,0.90018,0.80078,0.50122,1369,1298,1154,723
c2_aci_gamma_0.00002,fold_1,2020-08-22,2020-08-20,1224,0.949956,0.900272,0.800884,0.50132,1369,1298,1155,723
c2_aci_gamma_0.00002,fold_1,2020-08-23,2020-08-21,1248,0.950132,0.900604,0.801188,0.50152,1370,1298,1155,723
c2_aci_gamma_0.00002,fold_1,2020-08-24,2020-08-22,1272,0.950108,0.900556,0.801092,0.50148,1370,1298,1155,723
c2_aci_gamma_0.00002,fold_1,2020-08-25,2020-08-23,1296,0.950084,0.900508,0.800996,0.50132,1370,1298,1155,723
c2_aci_gamma_0.00002,fold_1,2020-08-26,2020-08-24,1320,0.95012,0.9007,0.80124,0.50146,1370,1298,1155,723
c2_aci_gamma_0.00002,fold_1,2020-08-27,2020-08-25,1344,0.950196,0.900772,0.801344,0.50148,1370,1299,1155,723
c2_aci_gamma_0.00002,fold_1,2020-08-28,2020-08-26,1368,0.950552,0.901184,0.801728,0.50172,1370,1299,1156,723
c2_aci_gamma_0.00002,fold_1,2020-08-29,2020-08-27,1392,0.950728,0.901376,0.801952,0.50188,1370,1299,1156,724
c2_aci_gamma_0.00002,fold_1,2020-08-30,2020-08-28,1416,0.950724,0.901368,0.801956,0.50186,1370,1299,1156,724
c2_aci_gamma_0.00002,fold_1,2020-08-31,2020-08-29,1440,0.9507,0.90134,0.80192,0.50206,1370,1299,1156,724
c2_aci_gamma_0.00002,fold_1,2020-09-01,2020-08-30,1464,0.950676,0.901332,0.802064,0.5022,1370,1299,1156,724
c2_aci_gamma_0.00002,fold_1,2020-09-02,2020-08-31,1488,0.950872,0.901584,0.802268,0.50234,1371,1300,1157,724
c2_aci_gamma_0.00002,fold_1,2020-09-03,2020-09-01,1512,0.950888,0.901656,0.802392,0.5024,1371,1300,1157,724
c2_aci_gamma_0.00002,fold_1,2020-09-04,2020-09-02,1536,0.950984,0.901788,0.802596,0.50256,1371,1300,1157,725
c2_aci_gamma_0.00002,fold_1,2020-09-05,2020-09-03,1560,0.95108,0.90192,0.80282,0.50274,1371,1300,1157,725
c2_aci_gamma_0.00002,fold_1,2020-09-06,2020-09-04,1584,0.951076,0.902012,0.802944,0.50282,1371,1300,1158,725
c2_aci_gamma_0.00002,fold_1,2020-09-07,2020-09-05,1608,0.951052,0.901964,0.802868,0.50282,1371,1300,1157,725
c2_aci_gamma_0.00002,fold_1,2020-09-08,2020-09-06,1632,0.951028,0.901916,0.802812,0.50288,1371,1300,1157,725
c2_aci_gamma_0.00002,fold_1,2020-09-09,2020-09-07,1656,0.951004,0.901888,0.802876,0.5029,1371,1300,1157,725
c2_aci_gamma_0.00002,fold_1,2020-09-10,2020-09-08,1680,0.95112,0.90202,0.8031,0.50306,1371,1300,1158,725
c2_aci_gamma_0.00002,fold_1,2020-09-11,2020-09-09,1704,0.951096,0.902112,0.803204,0.50316,1371,1300,1158,726
c2_aci_gamma_0.00002,fold_1,2020-09-12,2020-09-10,1728,0.951232,0.902324,0.803448,0.50328,1371,1301,1158,726
c2_aci_gamma_0.00002,fold_1,2020-09-13,2020-09-11,1752,0.951368,0.902516,0.803672,0.5034,1371,1301,1159,726
c2_aci_gamma_0.00002,fold_1,2020-09-14,2020-09-12,1776,0.951424,0.902548,0.803736,0.50356,1372,1301,1159,726
c2_aci_gamma_0.00002,fold_1,2020-09-15,2020-09-13,1800,0.95146,0.90258,0.8038,0.50366,1372,1301,1159,726
c2_aci_gamma_0.00002,fold_1,2020-09-16,2020-09-14,1824,0.951596,0.902812,0.804064,0.5039,1372,1301,1159,727
c2_aci_gamma_0.00002,fold_1,2020-09-17,2020-09-15,1848,0.951952,0.903204,0.804448,0.50414,1372,1302,1160,727
c2_aci_gamma_0.00002,fold_1,2020-09-18,2020-09-16,1872,0.952148,0.903416,0.804652,0.50426,1373,1302,1160,727
c2_aci_gamma_0.00002,fold_1,2020-09-19,2020-09-17,1896,0.952144,0.903388,0.804596,0.50428,1373,1302,1160,727
c2_aci_gamma_0.00002,fold_1,2020-09-20,2020-09-18,1920,0.95212,0.90334,0.8045,0.50416,1373,1302,1160,727
c2_aci_gamma_0.00002,fold_1,2020-09-21,2020-09-19,1944,0.952096,0.903292,0.804444,0.50412,1372,1302,1160,727
c2_aci_gamma_0.00002,fold_1,2020-09-22,2020-09-20,1968,0.952072,0.903244,0.804648,0.5043,1372,1302,1160,727
c2_aci_gamma_0.00002,fold_1,2020-09-23,2020-09-21,1992,0.952188,0.903376,0.804852,0.50448,1373,1302,1160,727
c2_aci_gamma_0.00002,fold_1,2020-09-24,2020-09-22,2016,0.952244,0.903488,0.804936,0.50458,1373,1302,1160,728
c2_aci_gamma_0.00002,fold_1,2020-09-25,2020-09-23,2040,0.95222,0.90344,0.80486,0.5045,1373,1302,1160,727
c2_aci_gamma_0.00002,fold_1,2020-09-26,2020-09-24,2064,0.952336,0.903612,0.805024,0.5046,1373,1303,1161,728
c2_aci_gamma_0.00002,fold_1,2020-09-27,2020-09-25,2088,0.952312,0.903604,0.805028,0.5046,1373,1303,1161,728
c2_aci_gamma_0.00002,fold_1,2020-09-28,2020-09-26,2112,0.952288,0.903556,0.804952,0.50456,1373,1303,1160,728
c2_aci_gamma_0.000001,fold_2,2021-04-01,2021-03-30,0,0.95,0.9,0.8,0.5,1367,1295,1151,719
c2_aci_gamma_0.000001,fold_2,2021-04-02,2021-03-31,0,0.95,0.9,0.8,0.5,1367,1295,1151,719
c2_aci_gamma_0.000001,fold_2,2021-04-03,2021-04-01,24,0.9499988,0.8999976,0.7999952,0.499992,1367,1295,1151,719
c2_aci_gamma_0.000001,fold_2,2021-04-04,2021-04-02,48,0.9500026,0.9000002,0.7999964,0.499989,1367,1295,1151,719
c2_aci_gamma_0.000001,fold_2,2021-04-05,2021-04-03,72,0.9500014,0.8999978,0.7999916,0.499977,1367,1295,1151,719
c2_aci_gamma_0.000001,fold_2,2021-04-06,2021-04-04,95,0.95000225,0.8999995,0.799994,0.4999815,1367,1295,1151,719
c2_aci_gamma_0.000001,fold_2,2021-04-07,2021-04-05,119,0.95001705,0.9000181,0.8000132,0.4999935,1367,1295,1151,719
c2_aci_gamma_0.000001,fold_2,2021-04-08,2021-04-06,143,0.95001585,0.9000177,0.8000124,0.4999985,1367,1295,1151,719
c2_aci_gamma_0.000001,fold_2,2021-04-09,2021-04-07,167,0.95001465,0.9000193,0.8000156,0.5000005,1367,1295,1151,720
c2_aci_gamma_0.000001,fold_2,2021-04-10,2021-04-08,191,0.95001345,0.9000189,0.8000158,0.5000045,1367,1295,1151,720
c2_aci_gamma_0.000001,fold_2,2021-04-11,2021-04-09,215,0.95001325,0.9000185,0.800019,0.5000075,1367,1295,1151,720
c2_aci_gamma_0.000001,fold_2,2021-04-12,2021-04-10,239,0.95001405,0.9000231,0.8000272,0.5000175,1367,1295,1151,720
c2_aci_gamma_0.000001,fold_2,2021-04-13,2021-04-11,263,0.95001285,0.9000207,0.8000244,0.5000105,1367,1295,1151,720
c2_aci_gamma_0.000001,fold_2,2021-04-14,2021-04-12,287,0.95001565,0.9000243,0.8000306,0.5000135,1367,1295,1151,720
c2_aci_gamma_0.000001,fold_2,2021-04-15,2021-04-13,311,0.95001445,0.9000219,0.8000268,0.5000175,1367,1295,1151,720
c2_aci_gamma_0.000001,fold_2,2021-04-16,2021-04-14,335,0.95001725,0.9000295,0.800032,0.5000285,1367,1295,1151,720
c2_aci_gamma_0.000001,fold_2,2021-04-17,2021-04-15,359,0.95001805,0.9000311,0.8000352,0.5000335,1367,1295,1151,720
c2_aci_gamma_0.000001,fold_2,2021-04-18,2021-04-16,383,0.95001685,0.9000307,0.8000354,0.5000385,1367,1295,1151,720
c2_aci_gamma_0.000001,fold_2,2021-04-19,2021-04-17,407,0.95001665,0.9000333,0.8000406,0.5000475,1367,1295,1151,720
c2_aci_gamma_0.000001,fold_2,2021-04-20,2021-04-18,431,0.95001645,0.9000409,0.8000548,0.5000595,1367,1295,1151,720
c2_aci_gamma_0.000001,fold_2,2021-04-21,2021-04-19,455,0.95002125,0.9000515,0.800064,0.5000715,1367,1295,1151,720
c2_aci_gamma_0.000001,fold_2,2021-04-22,2021-04-20,479,0.95002105,0.9000591,0.8000752,0.5000835,1367,1295,1151,720
c2_aci_gamma_0.000001,fold_2,2021-04-23,2021-04-21,503,0.95001985,0.9000587,0.8000744,0.5000825,1367,1295,1151,720
c2_aci_gamma_0.000001,fold_2,2021-04-24,2021-04-22,527,0.95002465,0.9000653,0.8000816,0.5000845,1367,1295,1151,720
c2_aci_gamma_0.000001,fold_2,2021-04-25,2021-04-23,551,0.95002545,0.9000679,0.8000898,0.5000895,1367,1295,1151,720
c2_aci_gamma_0.000001,fold_2,2021-04-26,2021-04-24,575,0.95002425,0.9000675,0.800093,0.5000895,1367,1295,1151,720
c2_aci_gamma_0.000001,fold_2,2021-04-27,2021-04-25,599,0.95002805,0.9000731,0.8000972,0.5000905,1367,1295,1151,720
c2_aci_gamma_0.000001,fold_2,2021-04-28,2021-04-26,623,0.95002685,0.9000717,0.8000954,0.5000925,1367,1295,1151,720
c2_aci_gamma_0.000001,fold_2,2021-04-29,2021-04-27,647,0.95002565,0.9000693,0.8000906,0.5000845,1367,1295,1151,720
c2_aci_gamma_0.000001,fold_2,2021-04-30,2021-04-28,671,0.95002445,0.9000669,0.8000858,0.5000845,1367,1295,1151,720
c2_aci_gamma_0.000001,fold_2,2021-05-01,2021-04-29,695,0.95002325,0.9000645,0.800082,0.5000835,1367,1295,1151,720
c2_aci_gamma_0.000001,fold_2,2021-05-02,2021-04-30,719,0.95002305,0.9000691,0.8000892,0.5000945,1367,1295,1151,720
c2_aci_gamma_0.000001,fold_2,2021-05-03,2021-05-01,743,0.95002185,0.9000687,0.8000894,0.5000985,1367,1295,1151,720
c2_aci_gamma_0.000001,fold_2,2021-05-04,2021-05-02,767,0.95002065,0.9000693,0.8000916,0.5001055,1367,1295,1151,720
c2_aci_gamma_0.000001,fold_2,2021-05-05,2021-05-03,791,0.95002145,0.9000719,0.8000928,0.5001115,1367,1295,1151,720
c2_aci_gamma_0.000001,fold_2,2021-05-06,2021-05-04,815,0.95002525,0.9000755,0.800094,0.5001135,1367,1295,1151,720
c2_aci_gamma_0.000001,fold_2,2021-05-07,2021-05-05,839,0.95002905,0.9000791,0.8000962,0.5001125,1367,1295,1151,720
c2_aci_gamma_0.000001,fold_2,2021-05-08,2021-05-06,863,0.95003585,0.9000887,0.8001074,0.5001215,1367,1295,1151,720
c2_aci_gamma_0.000001,fold_2,2021-05-09,2021-05-07,887,0.95003965,0.9000953,0.8001146,0.5001255,1367,1295,1151,720
c2_aci_gamma_0.000001,fold_2,2021-05-10,2021-05-08,911,0.95003945,0.9000959,0.8001178,0.5001265,1367,1295,1151,720
c2_aci_gamma_0.000001,fold_2,2021-05-11,2021-05-09,935,0.95005525,0.9001115,0.800131,0.5001325,1367,1295,1151,720
c2_aci_gamma_0.000001,fold_2,2021-05-12,2021-05-10,959,0.95005405,0.9001171,0.8001372,0.5001375,1367,1295,1151,720
c2_aci_gamma_0.000001,fold_2,2021-05-13,2021-05-11,983,0.95006585,0.9001287,0.8001524,0.5001495,1367,1295,1151,720
c2_aci_gamma_0.000001,fold_2,2021-05-14,2021-05-12,1007,0.95006465,0.9001263,0.8001516,0.5001585,1367,1295,1151,720
c2_aci_gamma_0.000001,fold_2,2021-05-15,2021-05-13,1031,0.95006345,0.9001249,0.8001558,0.5001625,1367,1295,1151,720
c2_aci_gamma_0.000001,fold_2,2021-05-16,2021-05-14,1055,0.95006225,0.9001265,0.800166,0.5001745,1367,1295,1151,720
c2_aci_gamma_0.000001,fold_2,2021-05-17,2021-05-15,1079,0.95006105,0.9001241,0.8001632,0.5001755,1367,1295,1151,720
c2_aci_gamma_0.000001,fold_2,2021-05-18,2021-05-16,1103,0.95006385,0.9001327,0.8001774,0.5001845,1367,1295,1151,720
c2_aci_gamma_0.000001,fold_2,2021-05-19,2021-05-17,1127,0.95007265,0.9001423,0.8001936,0.5001965,1367,1295,1151,720
c2_aci_gamma_0.000001,fold_2,2021-05-20,2021-05-18,1151,0.95007145,0.9001409,0.8001998,0.5002075,1367,1295,1151,720
c2_aci_gamma_0.000001,fold_2,2021-05-21,2021-05-19,1175,0.95007125,0.9001415,0.800212,0.5002195,1367,1295,1151,720
c2_aci_gamma_0.000001,fold_2,2021-05-22,2021-05-20,1199,0.95007005,0.9001421,0.8002172,0.5002195,1367,1295,1151,720
c2_aci_gamma_0.000001,fold_2,2021-05-23,2021-05-21,1223,0.95007685,0.9001517,0.8002254,0.5002215,1367,1295,1151,720
c2_aci_gamma_0.000001,fold_2,2021-05-24,2021-05-22,1247,0.95008865,0.9001683,0.8002406,0.5002295,1367,1295,1151,720
c2_aci_gamma_0.000001,fold_2,2021-05-25,2021-05-23,1271,0.95008745,0.9001719,0.8002448,0.5002275,1367,1295,1151,720
c2_aci_gamma_0.000001,fold_2,2021-05-26,2021-05-24,1295,0.95008625,0.9001715,0.800246,0.5002235,1367,1295,1151,720
c2_aci_gamma_0.000001,fold_2,2021-05-27,2021-05-25,1319,0.95008805,0.9001741,0.8002502,0.5002245,1367,1295,1151,720
c2_aci_gamma_0.000001,fold_2,2021-05-28,2021-05-26,1343,0.95008685,0.9001717,0.8002464,0.5002325,1367,1295,1151,720
c2_aci_gamma_0.000001,fold_2,2021-05-29,2021-05-27,1367,0.95008665,0.9001703,0.8002516,0.5002435,1367,1295,1151,720
c2_aci_gamma_0.000001,fold_2,2021-05-30,2021-05-28,1391,0.95008545,0.9001689,0.8002608,0.5002555,1367,1295,1151,720
c2_aci_gamma_0.000001,fold_2,2021-05-31,2021-05-29,1415,0.95008625,0.9001685,0.800271,0.5002645,1367,1295,1151,720
c2_aci_gamma_0.000001,fold_2,2021-06-01,2021-05-30,1439,0.95008905,0.9001751,0.8002782,0.5002735,1367,1295,1151,720
c2_aci_gamma_0.000001,fold_2,2021-06-02,2021-05-31,1463,0.95009185,0.9001837,0.8002914,0.5002855,1367,1295,1151,720
c2_aci_gamma_0.000001,fold_2,2021-06-03,2021-06-01,1487,0.95009065,0.9001813,0.8002926,0.5002945,1367,1295,1151,720
c2_aci_gamma_0.000001,fold_2,2021-06-04,2021-06-02,1511,0.95008945,0.9001789,0.8002888,0.5002945,1367,1295,1151,720
c2_aci_gamma_0.000001,fold_2,2021-06-05,2021-06-03,1535,0.95008825,0.9001765,0.800289,0.5002915,1367,1295,1151,720
c2_aci_gamma_0.000001,fold_2,2021-06-06,2021-06-04,1559,0.95008705,0.9001801,0.8002942,0.5003015,1367,1295,1151,720
c2_aci_gamma_0.000001,fold_2,2021-06-07,2021-06-05,1583,0.95008585,0.9001787,0.8002914,0.5003035,1367,1295,1151,720
c2_aci_gamma_0.000001,fold_2,2021-06-08,2021-06-06,1607,0.95008465,0.9001783,0.8003006,0.5003155,1367,1295,1151,720
c2_aci_gamma_0.000001,fold_2,2021-06-09,2021-06-07,1631,0.95009345,0.9001919,0.8003188,0.5003275,1367,1295,1151,720
c2_aci_gamma_0.000001,fold_2,2021-06-10,2021-06-08,1655,0.95009225,0.9001975,0.800327,0.5003395,1367,1295,1151,720
c2_aci_gamma_0.000001,fold_2,2021-06-11,2021-06-09,1679,0.95009105,0.9001991,0.8003372,0.5003515,1367,1295,1151,720
c2_aci_gamma_0.000001,fold_2,2021-06-12,2021-06-10,1703,0.95008985,0.9002087,0.8003514,0.5003635,1367,1295,1151,720
c2_aci_gamma_0.000001,fold_2,2021-06-13,2021-06-11,1727,0.95008865,0.9002183,0.8003636,0.5003755,1367,1295,1151,720
c2_aci_gamma_0.000001,fold_2,2021-06-14,2021-06-12,1751,0.95009245,0.9002239,0.8003698,0.5003795,1367,1295,1151,720
c2_aci_gamma_0.000001,fold_2,2021-06-15,2021-06-13,1775,0.95010525,0.9002415,0.800387,0.5003915,1367,1295,1151,720
c2_aci_gamma_0.000001,fold_2,2021-06-16,2021-06-14,1799,0.95011005,0.9002571,0.8004032,0.5004035,1367,1295,1151,720
c2_aci_gamma_0.000001,fold_2,2021-06-17,2021-06-15,1823,0.95010885,0.9002767,0.8004224,0.5004155,1367,1295,1152,720
c2_aci_gamma_0.000001,fold_2,2021-06-18,2021-06-16,1847,0.95011065,0.9002863,0.8004376,0.5004255,1367,1295,1152,720
c2_aci_gamma_0.000001,fold_2,2021-06-19,2021-06-17,1871,0.95011045,0.9002929,0.8004428,0.5004305,1367,1295,1152,720
c2_aci_gamma_0.000001,fold_2,2021-06-20,2021-06-18,1895,0.95011125,0.9003015,0.800459,0.5004405,1367,1295,1152,720
c2_aci_gamma_0.000001,fold_2,2021-06-21,2021-06-19,1919,0.95011005,0.9003071,0.8004712,0.5004505,1367,1295,1152,720
c2_aci_gamma_0.000001,fold_2,2021-06-22,2021-06-20,1943,0.95010885,0.9003117,0.8004794,0.5004605,1367,1295,1152,720
c2_aci_gamma_0.000001,fold_2,2021-06-23,2021-06-21,1967,0.95011565,0.9003263,0.8004926,0.5004725,1367,1295,1152,720
c2_aci_gamma_0.000001,fold_2,2021-06-24,2021-06-22,1991,0.95011645,0.9003409,0.8005118,0.5004845,1367,1295,1152,720
c2_aci_gamma_0.000001,fold_2,2021-06-25,2021-06-23,2015,0.95012225,0.9003585,0.800531,0.5004965,1367,1295,1152,720
c2_aci_gamma_0.000001,fold_2,2021-06-26,2021-06-24,2039,0.95012905,0.9003801,0.8005502,0.5005085,1367,1295,1152,720
c2_aci_gamma_0.000001,fold_2,2021-06-27,2021-06-25,2063,0.95013085,0.9003937,0.8005694,0.5005205,1367,1295,1152,720
c2_aci_gamma_0.000001,fold_2,2021-06-28,2021-06-26,2087,0.95012965,0.9004033,0.8005846,0.5005325,1367,1295,1152,720
c2_aci_gamma_0.000001,fold_2,2021-06-29,2021-06-27,2111,0.95012845,0.9004079,0.8005958,0.5005425,1367,1295,1152,720
c2_aci_gamma_0.000005,fold_2,2021-04-01,2021-03-30,0,0.95,0.9,0.8,0.5,1367,1295,1151,719
c2_aci_gamma_0.000005,fold_2,2021-04-02,2021-03-31,0,0.95,0.9,0.8,0.5,1367,1295,1151,719
c2_aci_gamma_0.000005,fold_2,2021-04-03,2021-04-01,24,0.949994,0.899988,0.799976,0.49996,1367,1295,1151,719
c2_aci_gamma_0.000005,fold_2,2021-04-04,2021-04-02,48,0.950013,0.900001,0.799982,0.499945,1367,1295,1151,719
c2_aci_gamma_0.000005,fold_2,2021-04-05,2021-04-03,72,0.950007,0.899989,0.799958,0.499885,1367,1295,1151,719
c2_aci_gamma_0.000005,fold_2,2021-04-06,2021-04-04,95,0.95001125,0.8999975,0.79997,0.4999075,1367,1295,1151,719
c2_aci_gamma_0.000005,fold_2,2021-04-07,2021-04-05,119,0.95008525,0.9000905,0.800066,0.4999675,1367,1295,1151,719
c2_aci_gamma_0.000005,fold_2,2021-04-08,2021-04-06,143,0.95007925,0.9000885,0.800062,0.4999925,1367,1295,1151,719
c2_aci_gamma_0.000005,fold_2,2021-04-09,2021-04-07,167,0.95007325,0.9000965,0.800078,0.5000025,1367,1295,1151,720
c2_aci_gamma_0.000005,fold_2,2021-04-10,2021-04-08,191,0.95006725,0.9000945,0.800079,0.5000225,1367,1295,1151,720
c2_aci_gamma_0.000005,fold_2,2021-04-11,2021-04-09,215,0.95006625,0.9000925,0.800095,0.5000375,1367,1295,1151,720
c2_aci_gamma_0.000005,fold_2,2021-04-12,2021-04-10,239,0.95007025,0.9001155,0.800136,0.5000875,1367,1295,1151,720
c2_aci_gamma_0.000005,fold_2,2021-04-13,2021-04-11,263,0.95006425,0.9001035,0.800122,0.5000525,1367,1295,1151,720
c2_aci_gamma_0.000005,fold_2,2021-04-14,2021-04-12,287,0.95007825,0.9001215,0.800153,0.5000675,1367,1295,1151,720
c2_aci_gamma_0.000005,fold_2,2021-04-15,2021-04-13,311,0.95007225,0.9001095,0.800134,0.5000875,1367,1295,1151,720
c2_aci_gamma_0.000005,fold_2,2021-04-16,2021-04-14,335,0.95008625,0.9001475,0.80016,0.5001425,1367,1295,1151,720
c2_aci_gamma_0.000005,fold_2,2021-04-17,2021-04-15,359,0.95009025,0.9001555,0.800176,0.5001675,1367,1295,1151,720
c2_aci_gamma_0.000005,fold_2,2021-04-18,2021-04-16,383,0.95008425,0.9001535,0.800177,0.5001925,1367,1295,1151,720
c2_aci_gamma_0.000005,fold_2,2021-04-19,2021-04-17,407,0.95008325,0.9001665,0.800203,0.5002375,1367,1295,1151,720
c2_aci_gamma_0.000005,fold_2,2021-04-20,2021-04-18,431,0.95008225,0.9002045,0.800274,0.5002975,1367,1295,1151,720
c2_aci_gamma_0.000005,fold_2,2021-04-21,2021-04-19,455,0.95010625,0.9002575,0.80032,0.5003575,1367,1295,1151,720
c2_aci_gamma_0.000005,fold_2,2021-04-22,2021-04-20,479,0.95010525,0.9002955,0.800376,0.5004175,1367,1295,1151,720
c2_aci_gamma_0.000005,fold_2,2021-04-23,2021-04-21,503,0.95009925,0.9002935,0.800372,0.5004125,1367,1295,1151,720
c2_aci_gamma_0.000005,fold_2,2021-04-24,2021-04-22,527,0.95012325,0.9003265,0.800408,0.5004225,1367,1295,1151,720
c2_aci_gamma_0.000005,fold_2,2021-04-25,2021-04-23,551,0.95012725,0.9003395,0.800449,0.5004475,1367,1295,1152,720
c2_aci_gamma_0.000005,fold_2,2021-04-26,2021-04-24,575,0.95012125,0.9003375,0.800465,0.5004475,1367,1295,1152,720
c2_aci_gamma_0.000005,fold_2,2021-04-27,2021-04-25,599,0.95014025,0.9003655,0.800486,0.5004525,1367,1295,1152,720
c2_aci_gamma_0.000005,fold_2,2021-04-28,2021-04-26,623,0.95013425,0.9003585,0.800477,0.5004625,1367,1295,1152,720
c2_aci_gamma_0.000005,fold_2,2021-04-29,2021-04-27,647,0.95012825,0.9003465,0.800453,0.5004225,1367,1295,1152,720
c2_aci_gamma_0.000005,fold_2,2021-04-30,2021-04-28,671,0.95012225,0.9003345,0.800429,0.5004225,1367,1295,1152,720
c2_aci_gamma_0.000005,fold_2,2021-05-01,2021-04-29,695,0.95011625,0.9003225,0.80041,0.5004175,1367,1295,1151,720
c2_aci_gamma_0.000005,fold_2,2021-05-02,2021-04-30,719,0.95011525,0.9003455,0.800446,0.5004725,1367,1295,1152,720
c2_aci_gamma_0.000005,fold_2,2021-05-03,2021-05-01,743,0.95010925,0.9003435,0.800447,0.5004925,1367,1295,1152,720
c2_aci_gamma_0.000005,fold_2,2021-05-04,2021-05-02,767,0.95010325,0.9003465,0.800458,0.5005275,1367,1295,1152,720
c2_aci_gamma_0.000005,fold_2,2021-05-05,2021-05-03,791,0.95010725,0.9003595,0.800459,0.5005575,1367,1295,1152,720
c2_aci_gamma_0.000005,fold_2,2021-05-06,2021-05-04,815,0.95012625,0.9003775,0.800465,0.5005675,1367,1295,1152,720
c2_aci_gamma_0.000005,fold_2,2021-05-07,2021-05-05,839,0.95014525,0.9003955,0.800476,0.5005625,1367,1295,1152,720
c2_aci_gamma_0.000005,fold_2,2021-05-08,2021-05-06,863,0.95017925,0.9004435,0.800532,0.5006075,1367,1295,1152,720
c2_aci_gamma_0.000005,fold_2,2021-05-09,2021-05-07,887,0.95019825,0.9004765,0.800568,0.5006275,1367,1295,1152,720
c2_aci_gamma_0.000005,fold_2,2021-05-10,2021-05-08,911,0.95019725,0.9004795,0.800584,0.5006325,1367,1295,1152,720
c2_aci_gamma_0.000005,fold_2,2021-05-11,2021-05-09,935,0.95027625,0.9005575,0.80065,0.5006625,1367,1296,1152,720
c2_aci_gamma_0.000005,fold_2,2021-05-12,2021-05-10,959,0.95027025,0.9005855,0.800681,0.5006875,1367,1296,1152,720
c2_aci_gamma_0.000005,fold_2,2021-05-13,2021-05-11,983,0.95032925,0.9006435,0.800757,0.5007475,1367,1296,1152,721
c2_aci_gamma_0.000005,fold_2,2021-05-14,2021-05-12,1007,0.95032325,0.9006315,0.800753,0.5007925,1367,1296,1152,721
c2_aci_gamma_0.000005,fold_2,2021-05-15,2021-05-13,1031,0.95031725,0.9006245,0.800774,0.5008125,1367,1296,1152,721
c2_aci_gamma_0.000005,fold_2,2021-05-16,2021-05-14,1055,0.95031125,0.9006325,0.800825,0.5008725,1367,1296,1152,721
c2_aci_gamma_0.000005,fold_2,2021-05-17,2021-05-15,1079,0.95030525,0.9006205,0.800811,0.5008775,1367,1296,1152,721
c2_aci_gamma_0.000005,fold_2,2021-05-18,2021-05-16,1103,0.95031925,0.9006635,0.800882,0.5009225,1367,1296,1152,721
c2_aci_gamma_0.000005,fold_2,2021-05-19,2021-05-17,1127,0.95036325,0.9007115,0.800963,0.5009825,1367,1296,1152,721
c2_aci_gamma_0.000005,fold_2,2021-05-20,2021-05-18,1151,0.95035725,0.9007045,0.800994,0.5010375,1367,1296,1152,721
c2_aci_gamma_0.000005,fold_2,2021-05-21,2021-05-19,1175,0.95035625,0.9007075,0.801055,0.5010975,1367,1296,1152,721
c2_aci_gamma_0.000005,fold_2,2021-05-22,2021-05-20,1199,0.95035025,0.9007055,0.801081,0.5010975,1367,1296,1152,721
c2_aci_gamma_0.000005,fold_2,2021-05-23,2021-05-21,1223,0.95038425,0.9007535,0.801122,0.5011075,1367,1296,1153,721
c2_aci_gamma_0.000005,fold_2,2021-05-24,2021-05-22,1247,0.95044325,0.9008365,0.801198,0.5011475,1367,1296,1153,721
c2_aci_gamma_0.000005,fold_2,2021-05-25,2021-05-23,1271,0.95043725,0.9008545,0.801214,0.5011375,1367,1296,1153,721
c2_aci_gamma_0.000005,fold_2,2021-05-26,2021-05-24,1295,0.95043125,0.9008525,0.801215,0.5011175,1367,1296,1153,721
c2_aci_gamma_0.000005,fold_2,2021-05-27,2021-05-25,1319,0.95044025,0.9008655,0.801236,0.5011225,1367,1296,1153,721
c2_aci_gamma_0.000005,fold_2,2021-05-28,2021-05-26,1343,0.95043425,0.9008535,0.801217,0.5011625,1367,1296,1153,721
c2_aci_gamma_0.000005,fold_2,2021-05-29,2021-05-27,1367,0.95043325,0.9008465,0.801243,0.5012175,1367,1296,1153,721
c2_aci_gamma_0.000005,fold_2,2021-05-30,2021-05-28,1391,0.95042725,0.9008395,0.801289,0.5012775,1367,1296,1153,721
c2_aci_gamma_0.000005,fold_2,2021-05-31,2021-05-29,1415,0.95043125,0.9008375,0.80134,0.5013225,1367,1296,1153,721
c2_aci_gamma_0.000005,fold_2,2021-06-01,2021-05-30,1439,0.95044525,0.9008705,0.801376,0.5013675,1367,1296,1153,721
c2_aci_gamma_0.000005,fold_2,2021-06-02,2021-05-31,1463,0.95045925,0.9009135,0.801442,0.5014275,1367,1296,1153,722
c2_aci_gamma_0.000005,fold_2,2021-06-03,2021-06-01,1487,0.95045325,0.9009015,0.801443,0.5014725,1367,1296,1153,722
c2_aci_gamma_0.000005,fold_2,2021-06-04,2021-06-02,1511,0.95044725,0.9008895,0.801424,0.5014725,1367,1296,1153,722
c2_aci_gamma_0.000005,fold_2,2021-06-05,2021-06-03,1535,0.95044125,0.9008775,0.801425,0.5014575,1367,1296,1153,722
c2_aci_gamma_0.000005,fold_2,2021-06-06,2021-06-04,1559,0.95043525,0.9008955,0.801451,0.5015025,1367,1296,1153,722
c2_aci_gamma_0.000005,fold_2,2021-06-07,2021-06-05,1583,0.95042925,0.9008885,0.801437,0.5015125,1367,1296,1153,722
c2_aci_gamma_0.000005,fold_2,2021-06-08,2021-06-06,1607,0.95042325,0.9008865,0.801483,0.5015725,1367,1296,1153,722
c2_aci_gamma_0.000005,fold_2,2021-06-09,2021-06-07,1631,0.95046725,0.9009545,0.801574,0.5016325,1367,1296,1153,722
c2_aci_gamma_0.000005,fold_2,2021-06-10,2021-06-08,1655,0.95046125,0.9009825,0.801615,0.5016925,1367,1296,1153,722
c2_aci_gamma_0.000005,fold_2,2021-06-11,2021-06-09,1679,0.95045525,0.9009905,0.801666,0.5017525,1367,1296,1153,722
c2_aci_gamma_0.000005,fold_2,2021-06-12,2021-06-10,1703,0.95044925,0.9010385,0.801737,0.5018125,1367,1296,1153,722
c2_aci_gamma_0.000005,fold_2,2021-06-13,2021-06-11,1727,0.95044325,0.9010865,0.801798,0.5018725,1367,1296,1153,722
c2_aci_gamma_0.000005,fold_2,2021-06-14,2021-06-12,1751,0.95046225,0.9011145,0.801829,0.5018925,1367,1296,1154,722
c2_aci_gamma_0.000005,fold_2,2021-06-15,2021-06-13,1775,0.95052625,0.9012025,0.801915,0.5019525,1367,1296,1154,722
c2_aci_gamma_0.000005,fold_2,2021-06-16,2021-06-14,1799,0.95055025,0.9012805,0.801996,0.5020125,1367,1297,1154,722
c2_aci_gamma_0.000005,fold_2,2021-06-17,2021-06-15,1823,0.95054425,0.9013785,0.802092,0.5020725,1367,1297,1154,722
c2_aci_gamma_0.000005,fold_2,2021-06-18,2021-06-16,1847,0.95055325,0.9014215,0.802163,0.5021225,1367,1297,1154,723
c2_aci_gamma_0.000005,fold_2,2021-06-19,2021-06-17,1871,0.95055225,0.9014545,0.802189,0.5021475,1367,1297,1154,723
c2_aci_gamma_0.000005,fold_2,2021-06-20,2021-06-18,1895,0.95055625,0.9014975,0.80227,0.5021975,1367,1297,1154,723
c2_aci_gamma_0.000005,fold_2,2021-06-21,2021-06-19,1919,0.95055025,0.9015255,0.802331,0.5022475,1367,1297,1154,723
c2_aci_gamma_0.000005,fold_2,2021-06-22,2021-06-20,1943,0.95054425,0.9015485,0.802372,0.5022975,1367,1297,1154,723
c2_aci_gamma_0.000005,fold_2,2021-06-23,2021-06-21,1967,0.95057825,0.9016215,0.802438,0.5023575,1367,1297,1154,723
c2_aci_gamma_0.000005,fold_2,2021-06-24,2021-06-22,1991,0.95058225,0.9016945,0.802534,0.5024175,1367,1297,1155,723
c2_aci_gamma_0.000005,fold_2,2021-06-25,2021-06-23,2015,0.95061125,0.9017775,0.80263,0.5024775,1367,1297,1155,723
c2_aci_gamma_0.000005,fold_2,2021-06-26,2021-06-24,2039,0.95064525,0.9018855,0.802726,0.5025375,1368,1297,1155,723
c2_aci_gamma_0.000005,fold_2,2021-06-27,2021-06-25,2063,0.95065425,0.9019535,0.802822,0.5025975,1368,1298,1155,723
c2_aci_gamma_0.000005,fold_2,2021-06-28,2021-06-26,2087,0.95064825,0.9020015,0.802898,0.5026575,1368,1298,1155,723
c2_aci_gamma_0.000005,fold_2,2021-06-29,2021-06-27,2111,0.95064225,0.9020245,0.802949,0.5027075,1368,1298,1155,723
c2_aci_gamma_0.00001,fold_2,2021-04-01,2021-03-30,0,0.95,0.9,0.8,0.5,1367,1295,1151,719
c2_aci_gamma_0.00001,fold_2,2021-04-02,2021-03-31,0,0.95,0.9,0.8,0.5,1367,1295,1151,719
c2_aci_gamma_0.00001,fold_2,2021-04-03,2021-04-01,24,0.949988,0.899976,0.799952,0.49992,1367,1295,1151,719
c2_aci_gamma_0.00001,fold_2,2021-04-04,2021-04-02,48,0.950026,0.900002,0.799964,0.49989,1367,1295,1151,719
c2_aci_gamma_0.00001,fold_2,2021-04-05,2021-04-03,72,0.950014,0.899978,0.799916,0.49977,1367,1295,1151,719
c2_aci_gamma_0.00001,fold_2,2021-04-06,2021-04-04,95,0.9500225,0.899995,0.79994,0.499815,1367,1295,1151,719
c2_aci_gamma_0.00001,fold_2,2021-04-07,2021-04-05,119,0.9501705,0.900181,0.800132,0.499935,1367,1295,1151,719
c2_aci_gamma_0.00001,fold_2,2021-04-08,2021-04-06,143,0.9501585,0.900177,0.800124,0.499985,1367,1295,1151,719
c2_aci_gamma_0.00001,fold_2,2021-04-09,2021-04-07,167,0.9501465,0.900193,0.800156,0.500005,1367,1295,1151,720
c2_aci_gamma_0.00001,fold_2,2021-04-10,2021-04-08,191,0.9501345,0.900189,0.800158,0.500045,1367,1295,1151,720
c2_aci_gamma_0.00001,fold_2,2021-04-11,2021-04-09,215,0.9501325,0.900185,0.80019,0.500075,1367,1295,1151,720
c2_aci_gamma_0.00001,fold_2,2021-04-12,2021-04-10,239,0.9501405,0.900231,0.800272,0.500175,1367,1295,1151,720
c2_aci_gamma_0.00001,fold_2,2021-04-13,2021-04-11,263,0.9501285,0.900207,0.800244,0.500105,1367,1295,1151,720
c2_aci_gamma_0.00001,fold_2,2021-04-14,2021-04-12,287,0.9501565,0.900243,0.800306,0.500135,1367,1295,1151,720
c2_aci_gamma_0.00001,fold_2,2021-04-15,2021-04-13,311,0.9501445,0.900219,0.800268,0.500175,1367,1295,1151,720
c2_aci_gamma_0.00001,fold_2,2021-04-16,2021-04-14,335,0.9501725,0.900295,0.80032,0.500285,1367,1295,1151,720
c2_aci_gamma_0.00001,fold_2,2021-04-17,2021-04-15,359,0.9501805,0.900311,0.800352,0.500335,1367,1295,1151,720
c2_aci_gamma_0.00001,fold_2,2021-04-18,2021-04-16,383,0.9501685,0.900307,0.800354,0.500385,1367,1295,1151,720
c2_aci_gamma_0.00001,fold_2,2021-04-19,2021-04-17,407,0.9501665,0.900333,0.800406,0.500475,1367,1295,1151,720
c2_aci_gamma_0.00001,fold_2,2021-04-20,2021-04-18,431,0.9501645,0.900409,0.800548,0.500595,1367,1295,1152,720
c2_aci_gamma_0.00001,fold_2,2021-04-21,2021-04-19,455,0.9502125,0.900515,0.80064,0.500715,1367,1295,1152,721
c2_aci_gamma_0.00001,fold_2,2021-04-22,2021-04-20,479,0.9502105,0.900591,0.800752,0.500835,1367,1296,1152,721
c2_aci_gamma_0.00001,fold_2,2021-04-23,2021-04-21,503,0.9501985,0.900587,0.800744,0.500825,1367,1296,1152,721
c2_aci_gamma_0.00001,fold_2,2021-04-24,2021-04-22,527,0.9502465,0.900653,0.800816,0.500845,1367,1296,1152,721
c2_aci_gamma_0.00001,fold_2,2021-04-25,2021-04-23,551,0.9502545,0.900679,0.800898,0.500895,1367,1296,1152,721
c2_aci_gamma_0.00001,fold_2,2021-04-26,2021-04-24,575,0.9502425,0.900675,0.80093,0.500895,1367,1296,1152,721
c2_aci_gamma_0.00001,fold_2,2021-04-27,2021-04-25,599,0.9502805,0.900731,0.800972,0.500905,1367,1296,1152,721
c2_aci_gamma_0.00001,fold_2,2021-04-28,2021-04-26,623,0.9502685,0.900717,0.800954,0.500925,1367,1296,1152,721
c2_aci_gamma_0.00001,fold_2,2021-04-29,2021-04-27,647,0.9502565,0.900693,0.800906,0.500845,1367,1296,1152,721
c2_aci_gamma_0.00001,fold_2,2021-04-30,2021-04-28,671,0.9502445,0.900669,0.800858,0.500845,1367,1296,1152,721
c2_aci_gamma_0.00001,fold_2,2021-05-01,2021-04-29,695,0.9502325,0.900645,0.80082,0.500835,1367,1296,1152,721
c2_aci_gamma_0.00001,fold_2,2021-05-02,2021-04-30,719,0.9502305,0.900691,0.800892,0.500945,1367,1296,1152,721
c2_aci_gamma_0.00001,fold_2,2021-05-03,2021-05-01,743,0.9502185,0.900687,0.800894,0.500985,1367,1296,1152,721
c2_aci_gamma_0.00001,fold_2,2021-05-04,2021-05-02,767,0.9502065,0.900693,0.800916,0.501055,1367,1296,1152,721
c2_aci_gamma_0.00001,fold_2,2021-05-05,2021-05-03,791,0.9502145,0.900719,0.800918,0.501115,1367,1296,1152,721
c2_aci_gamma_0.00001,fold_2,2021-05-06,2021-05-04,815,0.9502525,0.900755,0.80093,0.501135,1367,1296,1152,721
c2_aci_gamma_0.00001,fold_2,2021-05-07,2021-05-05,839,0.9502905,0.900791,0.800952,0.501125,1367,1296,1152,721
c2_aci_gamma_0.00001,fold_2,2021-05-08,2021-05-06,863,0.9503585,0.900887,0.801064,0.501215,1367,1296,1152,721
c2_aci_gamma_0.00001,fold_2,2021-05-09,2021-05-07,887,0.9503965,0.900953,0.801136,0.501255,1367,1296,1153,721
c2_aci_gamma_0.00001,fold_2,2021-05-10,2021-05-08,911,0.9503945,0.900959,0.801168,0.501265,1367,1296,1153,721
c2_aci_gamma_0.00001,fold_2,2021-05-11,2021-05-09,935,0.9505525,0.901115,0.8013,0.501325,1367,1296,1153,721
c2_aci_gamma_0.00001,fold_2,2021-05-12,2021-05-10,959,0.9505405,0.901171,0.801362,0.501375,1367,1296,1153,721
c2_aci_gamma_0.00001,fold_2,2021-05-13,2021-05-11,983,0.9506585,0.901287,0.801514,0.501495,1368,1297,1153,722
c2_aci_gamma_0.00001,fold_2,2021-05-14,2021-05-12,1007,0.9506465,0.901263,0.801506,0.501585,1368,1297,1153,722
c2_aci_gamma_0.00001,fold_2,2021-05-15,2021-05-13,1031,0.9506345,0.901249,0.801548,0.501625,1368,1296,1153,722
c2_aci_gamma_0.00001,fold_2,2021-05-16,2021-05-14,1055,0.9506225,0.901265,0.80165,0.501745,1367,1297,1153,722
c2_aci_gamma_0.00001,fold_2,2021-05-17,2021-05-15,1079,0.9506105,0.901241,0.801622,0.501755,1367,1296,1153,722
c2_aci_gamma_0.00001,fold_2,2021-05-18,2021-05-16,1103,0.9506385,0.901327,0.801764,0.501845,1368,1297,1153,722
c2_aci_gamma_0.00001,fold_2,2021-05-19,2021-05-17,1127,0.9507265,0.901423,0.801926,0.501965,1368,1297,1154,722
c2_aci_gamma_0.00001,fold_2,2021-05-20,2021-05-18,1151,0.9507145,0.901409,0.801988,0.502075,1368,1297,1154,722
c2_aci_gamma_0.00001,fold_2,2021-05-21,2021-05-19,1175,0.9507125,0.901415,0.8021,0.502195,1368,1297,1154,723
c2_aci_gamma_0.00001,fold_2,2021-05-22,2021-05-20,1199,0.9507005,0.901411,0.802142,0.502195,1368,1297,1154,723
c2_aci_gamma_0.00001,fold_2,2021-05-23,2021-05-21,1223,0.9507685,0.901507,0.802224,0.502215,1368,1297,1154,723
c2_aci_gamma_0.00001,fold_2,2021-05-24,2021-05-22,1247,0.9508865,0.901673,0.802376,0.502295,1368,1297,1154,723
c2_aci_gamma_0.00001,fold_2,2021-05-25,2021-05-23,1271,0.9508745,0.901709,0.802408,0.502275,1368,1297,1154,723
c2_aci_gamma_0.00001,fold_2,2021-05-26,2021-05-24,1295,0.9508625,0.901705,0.80241,0.502235,1368,1297,1154,723
c2_aci_gamma_0.00001,fold_2,2021-05-27,2021-05-25,1319,0.9508805,0.901731,0.802452,0.502245,1368,1297,1154,723
c2_aci_gamma_0.00001,fold_2,2021-05-28,2021-05-26,1343,0.9508685,0.901707,0.802414,0.502325,1368,1297,1154,723
c2_aci_gamma_0.00001,fold_2,2021-05-29,2021-05-27,1367,0.9508665,0.901693,0.802466,0.502435,1368,1297,1154,723
c2_aci_gamma_0.00001,fold_2,2021-05-30,2021-05-28,1391,0.9508545,0.901679,0.802558,0.502555,1368,1297,1155,723
c2_aci_gamma_0.00001,fold_2,2021-05-31,2021-05-29,1415,0.9508625,0.901675,0.80266,0.502645,1368,1297,1155,723
c2_aci_gamma_0.00001,fold_2,2021-06-01,2021-05-30,1439,0.9508905,0.901741,0.802732,0.502735,1368,1297,1155,723
c2_aci_gamma_0.00001,fold_2,2021-06-02,2021-05-31,1463,0.9509185,0.901827,0.802864,0.502855,1368,1297,1155,724
c2_aci_gamma_0.00001,fold_2,2021-06-03,2021-06-01,1487,0.9509065,0.901803,0.802866,0.502945,1368,1297,1155,724
c2_aci_gamma_0.00001,fold_2,2021-06-04,2021-06-02,1511,0.9508945,0.901779,0.802818,0.502945,1368,1297,1155,724
c2_aci_gamma_0.00001,fold_2,2021-06-05,2021-06-03,1535,0.9508825,0.901755,0.80282,0.502915,1368,1297,1155,724
c2_aci_gamma_0.00001,fold_2,2021-06-06,2021-06-04,1559,0.9508705,0.901791,0.802872,0.503005,1368,1297,1155,724
c2_aci_gamma_0.00001,fold_2,2021-06-07,2021-06-05,1583,0.9508585,0.901777,0.802844,0.503025,1368,1297,1155,724
c2_aci_gamma_0.00001,fold_2,2021-06-08,2021-06-06,1607,0.9508465,0.901773,0.802936,0.503145,1368,1297,1155,724
c2_aci_gamma_0.00001,fold_2,2021-06-09,2021-06-07,1631,0.9509245,0.901909,0.803118,0.503265,1368,1297,1155,724
c2_aci_gamma_0.00001,fold_2,2021-06-10,2021-06-08,1655,0.9509125,0.901965,0.8032,0.503385,1368,1298,1156,724
c2_aci_gamma_0.00001,fold_2,2021-06-11,2021-06-09,1679,0.9509005,0.901981,0.803302,0.503505,1368,1298,1156,725
c2_aci_gamma_0.00001,fold_2,2021-06-12,2021-06-10,1703,0.9508885,0.902077,0.803444,0.503625,1368,1298,1156,725
c2_aci_gamma_0.00001,fold_2,2021-06-13,2021-06-11,1727,0.9508765,0.902173,0.803566,0.503745,1368,1298,1156,725
c2_aci_gamma_0.00001,fold_2,2021-06-14,2021-06-12,1751,0.9509145,0.902229,0.803628,0.503785,1368,1298,1156,725
c2_aci_gamma_0.00001,fold_2,2021-06-15,2021-06-13,1775,0.9510425,0.902405,0.8038,0.503905,1368,1298,1156,725
c2_aci_gamma_0.00001,fold_2,2021-06-16,2021-06-14,1799,0.9510905,0.902561,0.803962,0.504025,1368,1298,1157,725
c2_aci_gamma_0.00001,fold_2,2021-06-17,2021-06-15,1823,0.9510785,0.902757,0.804154,0.504145,1368,1299,1157,725
c2_aci_gamma_0.00001,fold_2,2021-06-18,2021-06-16,1847,0.9510965,0.902843,0.804296,0.504245,1368,1299,1157,726
c2_aci_gamma_0.00001,fold_2,2021-06-19,2021-06-17,1871,0.9510945,0.902909,0.804348,0.504295,1368,1299,1157,726
c2_aci_gamma_0.00001,fold_2,2021-06-20,2021-06-18,1895,0.9511025,0.902995,0.80451,0.504395,1368,1299,1157,726
c2_aci_gamma_0.00001,fold_2,2021-06-21,2021-06-19,1919,0.9510905,0.903041,0.804632,0.504495,1368,1299,1158,726
c2_aci_gamma_0.00001,fold_2,2021-06-22,2021-06-20,1943,0.9510785,0.903077,0.804714,0.504595,1368,1299,1158,726
c2_aci_gamma_0.00001,fold_2,2021-06-23,2021-06-21,1967,0.9511465,0.903213,0.804846,0.504715,1368,1299,1158,726
c2_aci_gamma_0.00001,fold_2,2021-06-24,2021-06-22,1991,0.9511545,0.903349,0.805038,0.504835,1368,1300,1158,726
c2_aci_gamma_0.00001,fold_2,2021-06-25,2021-06-23,2015,0.9512125,0.903515,0.80523,0.504955,1368,1300,1158,727
c2_aci_gamma_0.00001,fold_2,2021-06-26,2021-06-24,2039,0.9512705,0.903721,0.805422,0.505075,1368,1300,1159,727
c2_aci_gamma_0.00001,fold_2,2021-06-27,2021-06-25,2063,0.9512885,0.903837,0.805614,0.505195,1368,1300,1159,727
c2_aci_gamma_0.00001,fold_2,2021-06-28,2021-06-26,2087,0.9512765,0.903923,0.805766,0.505315,1368,1300,1159,727
c2_aci_gamma_0.00001,fold_2,2021-06-29,2021-06-27,2111,0.9512645,0.903969,0.805858,0.505415,1368,1300,1159,727
c2_aci_gamma_0.00002,fold_2,2021-04-01,2021-03-30,0,0.95,0.9,0.8,0.5,1367,1295,1151,719
c2_aci_gamma_0.00002,fold_2,2021-04-02,2021-03-31,0,0.95,0.9,0.8,0.5,1367,1295,1151,719
c2_aci_gamma_0.00002,fold_2,2021-04-03,2021-04-01,24,0.949976,0.899952,0.799904,0.49984,1367,1295,1151,719
c2_aci_gamma_0.00002,fold_2,2021-04-04,2021-04-02,48,0.950052,0.900004,0.799928,0.49978,1367,1295,1151,719
c2_aci_gamma_0.00002,fold_2,2021-04-05,2021-04-03,72,0.950028,0.899956,0.799832,0.49954,1367,1295,1151,719
c2_aci_gamma_0.00002,fold_2,2021-04-06,2021-04-04,95,0.950045,0.89999,0.79988,0.49963,1367,1295,1151,719
c2_aci_gamma_0.00002,fold_2,2021-04-07,2021-04-05,119,0.950341,0.900362,0.800264,0.49987,1367,1295,1151,719
c2_aci_gamma_0.00002,fold_2,2021-04-08,2021-04-06,143,0.950317,0.900354,0.800248,0.49997,1367,1295,1151,719
c2_aci_gamma_0.00002,fold_2,2021-04-09,2021-04-07,167,0.950293,0.900386,0.800312,0.50001,1367,1295,1151,720
c2_aci_gamma_0.00002,fold_2,2021-04-10,2021-04-08,191,0.950269,0.900378,0.800316,0.50009,1367,1295,1151,720
c2_aci_gamma_0.00002,fold_2,2021-04-11,2021-04-09,215,0.950265,0.90037,0.80038,0.50015,1367,1295,1151,720
c2_aci_gamma_0.00002,fold_2,2021-04-12,2021-04-10,239,0.950281,0.900462,0.800544,0.50035,1367,1295,1152,720
c2_aci_gamma_0.00002,fold_2,2021-04-13,2021-04-11,263,0.950257,0.900414,0.800488,0.50021,1367,1295,1152,720
c2_aci_gamma_0.00002,fold_2,2021-04-14,2021-04-12,287,0.950313,0.900486,0.800612,0.50027,1367,1295,1152,720
c2_aci_gamma_0.00002,fold_2,2021-04-15,2021-04-13,311,0.950289,0.900438,0.800536,0.50035,1367,1295,1152,720
c2_aci_gamma_0.00002,fold_2,2021-04-16,2021-04-14,335,0.950345,0.90059,0.80064,0.50057,1367,1296,1152,720
c2_aci_gamma_0.00002,fold_2,2021-04-17,2021-04-15,359,0.950361,0.900622,0.800684,0.50067,1367,1296,1152,720
c2_aci_gamma_0.00002,fold_2,2021-04-18,2021-04-16,383,0.950337,0.900614,0.800688,0.50077,1367,1296,1152,721
c2_aci_gamma_0.00002,fold_2,2021-04-19,2021-04-17,407,0.950333,0.900666,0.800792,0.50095,1367,1296,1152,721
c2_aci_gamma_0.00002,fold_2,2021-04-20,2021-04-18,431,0.950329,0.900818,0.801076,0.50119,1367,1296,1152,721
c2_aci_gamma_0.00002,fold_2,2021-04-21,2021-04-19,455,0.950425,0.90103,0.80126,0.50143,1367,1296,1153,722
c2_aci_gamma_0.00002,fold_2,2021-04-22,2021-04-20,479,0.950421,0.901182,0.801484,0.50167,1367,1296,1153,722
c2_aci_gamma_0.00002,fold_2,2021-04-23,2021-04-21,503,0.950397,0.901174,0.801468,0.50165,1367,1296,1153,722
c2_aci_gamma_0.00002,fold_2,2021-04-24,2021-04-22,527,0.950493,0.901306,0.801612,0.50169,1367,1297,1153,722
c2_aci_gamma_0.00002,fold_2,2021-04-25,2021-04-23,551,0.950509,0.901358,0.801776,0.50179,1367,1297,1153,722
c2_aci_gamma_0.00002,fold_2,2021-04-26,2021-04-24,575,0.950485,0.90135,0.80184,0.50179,1367,1297,1154,722
c2_aci_gamma_0.00002,fold_2,2021-04-27,2021-04-25,599,0.950561,0.901462,0.801924,0.50181,1367,1297,1154,722
c2_aci_gamma_0.00002,fold_2,2021-04-28,2021-04-26,623,0.950537,0.901434,0.801888,0.50185,1367,1297,1154,722
c2_aci_gamma_0.00002,fold_2,2021-04-29,2021-04-27,647,0.950513,0.901386,0.801792,0.50169,1367,1297,1153,722
c2_aci_gamma_0.00002,fold_2,2021-04-30,2021-04-28,671,0.950489,0.901338,0.801696,0.50169,1367,1297,1153,722
c2_aci_gamma_0.00002,fold_2,2021-05-01,2021-04-29,695,0.950465,0.90129,0.80162,0.50167,1367,1297,1153,722
c2_aci_gamma_0.00002,fold_2,2021-05-02,2021-04-30,719,0.950461,0.901382,0.801764,0.50189,1367,1297,1153,722
c2_aci_gamma_0.00002,fold_2,2021-05-03,2021-05-01,743,0.950437,0.901374,0.801768,0.50197,1367,1297,1153,722
c2_aci_gamma_0.00002,fold_2,2021-05-04,2021-05-02,767,0.950413,0.901386,0.801812,0.50211,1367,1297,1154,723
c2_aci_gamma_0.00002,fold_2,2021-05-05,2021-05-03,791,0.950429,0.901438,0.801816,0.50223,1367,1297,1154,723
c2_aci_gamma_0.00002,fold_2,2021-05-06,2021-05-04,815,0.950505,0.90151,0.80184,0.50227,1367,1297,1154,723
c2_aci_gamma_0.00002,fold_2,2021-05-07,2021-05-05,839,0.950581,0.901582,0.801884,0.50225,1367,1297,1154,723
c2_aci_gamma_0.00002,fold_2,2021-05-08,2021-05-06,863,0.950717,0.901774,0.802088,0.50243,1368,1297,1154,723
c2_aci_gamma_0.00002,fold_2,2021-05-09,2021-05-07,887,0.950793,0.901906,0.802232,0.50251,1368,1297,1154,723
c2_aci_gamma_0.00002,fold_2,2021-05-10,2021-05-08,911,0.950789,0.901918,0.802296,0.50253,1368,1297,1154,723
c2_aci_gamma_0.00002,fold_2,2021-05-11,2021-05-09,935,0.951105,0.90223,0.80256,0.50265,1368,1298,1155,723
c2_aci_gamma_0.00002,fold_2,2021-05-12,2021-05-10,959,0.951081,0.902342,0.802684,0.50275,1368,1298,1155,723
c2_aci_gamma_0.00002,fold_2,2021-05-13,2021-05-11,983,0.951317,0.902574,0.802988,0.50299,1368,1298,1155,724
c2_aci_gamma_0.00002,fold_2,2021-05-14,2021-05-12,1007,0.951293,0.902526,0.802972,0.50317,1368,1298,1155,724
c2_aci_gamma_0.00002,fold_2,2021-05-15,2021-05-13,1031,0.951269,0.902478,0.803056,0.50325,1368,1298,1155,724
c2_aci_gamma_0.00002,fold_2,2021-05-16,2021-05-14,1055,0.951245,0.90251,0.80326,0.50349,1368,1298,1156,725
c2_aci_gamma_0.00002,fold_2,2021-05-17,2021-05-15,1079,0.951221,0.902462,0.803204,0.50351,1368,1298,1156,725
c2_aci_gamma_0.00002,fold_2,2021-05-18,2021-05-16,1103,0.951277,0.902634,0.803488,0.50369,1368,1298,1156,725
c2_aci_gamma_0.00002,fold_2,2021-05-19,2021-05-17,1127,0.951433,0.902826,0.803812,0.50393,1369,1299,1156,725
c2_aci_gamma_0.00002,fold_2,2021-05-20,2021-05-18,1151,0.951409,0.902798,0.803936,0.50415,1369,1299,1157,725
c2_aci_gamma_0.00002,fold_2,2021-05-21,2021-05-19,1175,0.951405,0.90281,0.80416,0.50439,1369,1299,1157,726
c2_aci_gamma_0.00002,fold_2,2021-05-22,2021-05-20,1199,0.951381,0.902802,0.804224,0.50439,1369,1299,1157,726
c2_aci_gamma_0.00002,fold_2,2021-05-23,2021-05-21,1223,0.951517,0.902974,0.804388,0.50443,1369,1299,1157,726
c2_aci_gamma_0.00002,fold_2,2021-05-24,2021-05-22,1247,0.951753,0.903306,0.804692,0.50459,1369,1299,1158,726
c2_aci_gamma_0.00002,fold_2,2021-05-25,2021-05-23,1271,0.951729,0.903378,0.804756,0.50455,1369,1300,1158,726
c2_aci_gamma_0.00002,fold_2,2021-05-26,2021-05-24,1295,0.951705,0.90337,0.80476,0.50447,1369,1300,1158,726
c2_aci_gamma_0.00002,fold_2,2021-05-27,2021-05-25,1319,0.951741,0.903422,0.804844,0.50449,1369,1300,1158,726
c2_aci_gamma_0.00002,fold_2,2021-05-28,2021-05-26,1343,0.951717,0.903374,0.804768,0.50465,1369,1300,1158,726
c2_aci_gamma_0.00002,fold_2,2021-05-29,2021-05-27,1367,0.951713,0.903346,0.804872,0.50487,1369,1300,1158,727
c2_aci_gamma_0.00002,fold_2,2021-05-30,2021-05-28,1391,0.951689,0.903298,0.805036,0.50511,1369,1299,1158,727
c2_aci_gamma_0.00002,fold_2,2021-05-31,2021-05-29,1415,0.951705,0.90329,0.80524,0.50529,1369,1299,1158,727
c2_aci_gamma_0.00002,fold_2,2021-06-01,2021-05-30,1439,0.951761,0.903422,0.805384,0.50547,1369,1300,1159,727
c2_aci_gamma_0.00002,fold_2,2021-06-02,2021-05-31,1463,0.951817,0.903594,0.805648,0.50571,1369,1300,1159,728
c2_aci_gamma_0.00002,fold_2,2021-06-03,2021-06-01,1487,0.951793,0.903546,0.805652,0.50589,1369,1300,1159,728
c2_aci_gamma_0.00002,fold_2,2021-06-04,2021-06-02,1511,0.951769,0.903498,0.805556,0.50589,1369,1300,1159,728
c2_aci_gamma_0.00002,fold_2,2021-06-05,2021-06-03,1535,0.951745,0.90345,0.80556,0.50583,1369,1300,1159,728
c2_aci_gamma_0.00002,fold_2,2021-06-06,2021-06-04,1559,0.951721,0.903522,0.805664,0.50601,1369,1300,1159,728
c2_aci_gamma_0.00002,fold_2,2021-06-07,2021-06-05,1583,0.951697,0.903474,0.805608,0.50605,1369,1300,1159,728
c2_aci_gamma_0.00002,fold_2,2021-06-08,2021-06-06,1607,0.951673,0.903466,0.805792,0.50629,1369,1300,1159,729
c2_aci_gamma_0.00002,fold_2,2021-06-09,2021-06-07,1631,0.951789,0.903738,0.806136,0.50653,1369,1300,1160,729
c2_aci_gamma_0.00002,fold_2,2021-06-10,2021-06-08,1655,0.951765,0.90383,0.8063,0.50677,1369,1300,1160,729
c2_aci_gamma_0.00002,fold_2,2021-06-11,2021-06-09,1679,0.951741,0.903822,0.806504,0.50701,1369,1300,1160,730
c2_aci_gamma_0.00002,fold_2,2021-06-12,2021-06-10,1703,0.951717,0.903994,0.806768,0.50725,1369,1300,1161,730
c2_aci_gamma_0.00002,fold_2,2021-06-13,2021-06-11,1727,0.951693,0.904166,0.807012,0.50749,1369,1301,1161,730
c2_aci_gamma_0.00002,fold_2,2021-06-14,2021-06-12,1751,0.951769,0.904278,0.807116,0.50757,1369,1301,1161,730
c2_aci_gamma_0.00002,fold_2,2021-06-15,2021-06-13,1775,0.952005,0.90463,0.80746,0.50781,1369,1301,1162,731
c2_aci_gamma_0.00002,fold_2,2021-06-16,2021-06-14,1799,0.952101,0.904922,0.807784,0.50805,1370,1302,1162,731
c2_aci_gamma_0.00002,fold_2,2021-06-17,2021-06-15,1823,0.952077,0.905314,0.808168,0.50829,1370,1302,1163,731
c2_aci_gamma_0.00002,fold_2,2021-06-18,2021-06-16,1847,0.952113,0.905466,0.808452,0.50849,1370,1303,1163,732
c2_aci_gamma_0.00002,fold_2,2021-06-19,2021-06-17,1871,0.952109,0.905598,0.808556,0.50859,1370,1303,1163,732
c2_aci_gamma_0.00002,fold_2,2021-06-20,2021-06-18,1895,0.952125,0.90577,0.80888,0.50879,1370,1303,1164,732
c2_aci_gamma_0.00002,fold_2,2021-06-21,2021-06-19,1919,0.952101,0.905862,0.809124,0.50899,1370,1303,1164,732
c2_aci_gamma_0.00002,fold_2,2021-06-22,2021-06-20,1943,0.952077,0.905934,0.809288,0.50919,1370,1303,1164,733
c2_aci_gamma_0.00002,fold_2,2021-06-23,2021-06-21,1967,0.952213,0.906206,0.809552,0.50943,1370,1304,1165,733
c2_aci_gamma_0.00002,fold_2,2021-06-24,2021-06-22,1991,0.952229,0.906478,0.809936,0.50967,1370,1304,1165,733
c2_aci_gamma_0.00002,fold_2,2021-06-25,2021-06-23,2015,0.952345,0.90681,0.81032,0.50991,1370,1304,1166,734
c2_aci_gamma_0.00002,fold_2,2021-06-26,2021-06-24,2039,0.952461,0.907222,0.810704,0.51015,1370,1305,1166,734
c2_aci_gamma_0.00002,fold_2,2021-06-27,2021-06-25,2063,0.952497,0.907454,0.811088,0.51039,1370,1305,1167,734
c2_aci_gamma_0.00002,fold_2,2021-06-28,2021-06-26,2087,0.952473,0.907626,0.811392,0.51063,1370,1306,1167,735
c2_aci_gamma_0.00002,fold_2,2021-06-29,2021-06-27,2111,0.952449,0.907718,0.811576,0.51083,1370,1306,1168,735
c2_aci_gamma_0.000001,fold_4,2025-05-01,2025-04-29,0,0.95,0.9,0.8,0.5,1366,1294,1150,719
c2_aci_gamma_0.000001,fold_4,2025-05-02,2025-04-30,0,0.95,0.9,0.8,0.5,1366,1294,1150,719
c2_aci_gamma_0.000001,fold_4,2025-05-03,2025-05-01,24,0.9500038,0.9000036,0.8000012,0.499999,1366,1294,1150,719
c2_aci_gamma_0.000001,fold_4,2025-05-04,2025-05-02,48,0.9500026,0.9000012,0.7999994,0.500003,1366,1294,1150,719
c2_aci_gamma_0.000001,fold_4,2025-05-05,2025-05-03,72,0.9500014,0.8999988,0.7999946,0.500007,1366,1294,1150,719
c2_aci_gamma_0.000001,fold_4,2025-05-06,2025-05-04,96,0.9500002,0.9000004,0.7999958,0.500014,1366,1294,1150,719
c2_aci_gamma_0.000001,fold_4,2025-05-07,2025-05-05,120,0.949999,0.899998,0.799991,0.500007,1366,1294,1150,719
c2_aci_gamma_0.000001,fold_4,2025-05-08,2025-05-06,144,0.9499978,0.8999956,0.7999862,0.499999,1366,1294,1150,719
c2_aci_gamma_0.000001,fold_4,2025-05-09,2025-05-07,168,0.9499966,0.8999932,0.7999814,0.499999,1366,1294,1150,719
c2_aci_gamma_0.000001,fold_4,2025-05-10,2025-05-08,192,0.9499954,0.8999908,0.7999766,0.500004,1366,1294,1150,719
c2_aci_gamma_0.000001,fold_4,2025-05-11,2025-05-09,216,0.9499972,0.8999934,0.7999778,0.500005,1366,1294,1150,719
c2_aci_gamma_0.000001,fold_4,2025-05-12,2025-05-10,240,0.949999,0.899995,0.799978,0.500009,1366,1294,1150,719
c2_aci_gamma_0.000001,fold_4,2025-05-13,2025-05-11,264,0.9500028,0.8999976,0.7999782,0.500015,1366,1294,1150,719
c2_aci_gamma_0.000001,fold_4,2025-05-14,2025-05-12,288,0.9500046,0.9000002,0.7999804,0.500013,1366,1294,1150,719
c2_aci_gamma_0.000001,fold_4,2025-05-15,2025-05-13,312,0.9500034,0.8999988,0.7999776,0.500012,1366,1294,1150,719
c2_aci_gamma_0.000001,fold_4,2025-05-16,2025-05-14,336,0.9500022,0.8999974,0.7999798,0.500014,1366,1294,1150,719
c2_aci_gamma_0.000001,fold_4,2025-05-17,2025-05-15,360,0.950001,0.899996,0.79998,0.500012,1366,1294,1150,719
c2_aci_gamma_0.000001,fold_4,2025-05-18,2025-05-16,384,0.9499998,0.8999936,0.7999752,0.500007,1366,1294,1150,719
c2_aci_gamma_0.000001,fold_4,2025-05-19,2025-05-17,408,0.9499986,0.8999922,0.7999724,0.5,1366,1294,1150,719
c2_aci_gamma_0.000001,fold_4,2025-05-20,2025-05-18,432,0.9499974,0.8999898,0.7999676,0.5,1366,1294,1150,719
c2_aci_gamma_0.000001,fold_4,2025-05-21,2025-05-19,456,0.9499962,0.8999874,0.7999668,0.499998,1366,1294,1150,719
c2_aci_gamma_0.000001,fold_4,2025-05-22,2025-05-20,480,0.949995,0.899985,0.799967,0.499999,1366,1294,1150,719
c2_aci_gamma_0.000001,fold_4,2025-05-23,2025-05-21,504,0.9499938,0.8999846,0.7999712,0.5,1366,1294,1150,719
c2_aci_gamma_0.000001,fold_4,2025-05-24,2025-05-22,528,0.9499936,0.8999862,0.7999754,0.499998,1366,1294,1150,719
c2_aci_gamma_0.000001,fold_4,2025-05-25,2025-05-23,552,0.9499924,0.8999838,0.7999716,0.499994,1366,1294,1150,719
c2_aci_gamma_0.000001,fold_4,2025-05-26,2025-05-24,576,0.9499912,0.8999814,0.7999668,0.499987,1366,1294,1150,719
c2_aci_gamma_0.000001,fold_4,2025-05-27,2025-05-25,600,0.949994,0.899988,0.799972,0.499997,1366,1294,1150,719
c2_aci_gamma_0.000001,fold_4,2025-05-28,2025-05-26,624,0.9499928,0.8999926,0.7999752,0.499996,1366,1294,1150,719
c2_aci_gamma_0.000001,fold_4,2025-05-29,2025-05-27,648,0.9499916,0.8999922,0.7999774,0.499998,1366,1294,1150,719
c2_aci_gamma_0.000001,fold_4,2025-05-30,2025-05-28,672,0.9499904,0.8999898,0.7999726,0.499995,1366,1294,1150,719
c2_aci_gamma_0.000001,fold_4,2025-05-31,2025-05-29,696,0.9499892,0.8999874,0.7999678,0.500001,1366,1294,1150,719
c2_aci_gamma_0.000001,fold_4,2025-06-01,2025-05-30,720,0.949988,0.899991,0.799978,0.500011,1366,1294,1150,719
c2_aci_gamma_0.000001,fold_4,2025-06-02,2025-05-31,744,0.9499888,0.8999906,0.7999792,0.500017,1366,1294,1150,719
c2_aci_gamma_0.000001,fold_4,2025-06-03,2025-06-01,768,0.9499876,0.8999892,0.7999754,0.500014,1366,1294,1150,719
c2_aci_gamma_0.000001,fold_4,2025-06-04,2025-06-02,792,0.9499864,0.8999868,0.7999756,0.500015,1366,1294,1150,719
c2_aci_gamma_0.000001,fold_4,2025-06-05,2025-06-03,816,0.9499862,0.8999904,0.7999828,0.500021,1366,1294,1150,719
c2_aci_gamma_0.000001,fold_4,2025-06-06,2025-06-04,840,0.949985,0.899988,0.799983,0.500023,1366,1294,1150,719
c2_aci_gamma_0.000001,fold_4,2025-06-07,2025-06-05,864,0.9499838,0.8999856,0.7999782,0.500018,1366,1294,1150,719
c2_aci_gamma_0.000001,fold_4,2025-06-08,2025-06-06,888,0.9499886,0.8999952,0.7999884,0.500026,1366,1294,1150,719
c2_aci_gamma_0.000001,fold_4,2025-06-09,2025-06-07,912,0.9499874,0.8999938,0.7999856,0.500024,1366,1294,1150,719
c2_aci_gamma_0.000001,fold_4,2025-06-10,2025-06-08,936,0.9499862,0.8999944,0.7999918,0.500027,1366,1294,1150,719
c2_aci_gamma_0.000001,fold_4,2025-06-11,2025-06-09,960,0.949986,0.899996,0.799992,0.500026,1366,1294,1150,719
c2_aci_gamma_0.000001,fold_4,2025-06-12,2025-06-10,984,0.9499848,0.8999946,0.7999942,0.500025,1366,1294,1150,719
c2_aci_gamma_0.000001,fold_4,2025-06-13,2025-06-11,1008,0.9499836,0.8999922,0.7999944,0.500026,1366,1294,1150,719
c2_aci_gamma_0.000001,fold_4,2025-06-14,2025-06-12,1032,0.9499864,0.8999968,0.7999986,0.500027,1366,1294,1150,719
c2_aci_gamma_0.000001,fold_4,2025-06-15,2025-06-13,1056,0.9499852,0.8999944,0.8000018,0.500033,1366,1294,1150,719
c2_aci_gamma_0.000001,fold_4,2025-06-16,2025-06-14,1080,0.949986,0.899996,0.800003,0.500034,1366,1294,1150,719
c2_aci_gamma_0.000001,fold_4,2025-06-17,2025-06-15,1104,0.9499848,0.8999936,0.8000052,0.500042,1366,1294,1150,719
c2_aci_gamma_0.000001,fold_4,2025-06-18,2025-06-16,1128,0.9499836,0.8999912,0.8000084,0.500044,1366,1294,1150,719
c2_aci_gamma_0.000001,fold_4,2025-06-19,2025-06-17,1152,0.9499834,0.8999918,0.8000126,0.50005,1366,1294,1150,719
c2_aci_gamma_0.000001,fold_4,2025-06-20,2025-06-18,1176,0.9499822,0.8999904,0.8000148,0.500055,1366,1294,1150,719
c2_aci_gamma_0.000001,fold_4,2025-06-21,2025-06-19,1200,0.949985,0.899995,0.800019,0.500061,1366,1294,1150,719
c2_aci_gamma_0.000001,fold_4,2025-06-22,2025-06-20,1224,0.9499848,0.8999936,0.8000192,0.500067,1366,1294,1150,719
c2_aci_gamma_0.000001,fold_4,2025-06-23,2025-06-21,1248,0.9499836,0.8999912,0.8000144,0.50007,1366,1294,1150,719
c2_aci_gamma_0.000001,fold_4,2025-06-24,2025-06-22,1272,0.9499844,0.8999938,0.8000176,0.500068,1366,1294,1150,719
c2_aci_gamma_0.000001,fold_4,2025-06-25,2025-06-23,1296,0.9499922,0.9000024,0.8000288,0.500079,1366,1294,1150,719
c2_aci_gamma_0.000001,fold_4,2025-06-26,2025-06-24,1320,0.949991,0.900004,0.800033,0.500086,1366,1294,1150,719
c2_aci_gamma_0.000001,fold_4,2025-06-27,2025-06-25,1344,0.9499928,0.9000046,0.8000332,0.500087,1366,1294,1150,719
c2_aci_gamma_0.000001,fold_4,2025-06-28,2025-06-26,1368,0.9499926,0.9000052,0.8000354,0.500095,1366,1294,1150,719
c2_aci_gamma_0.000001,fold_4,2025-06-29,2025-06-27,1392,0.9499914,0.9000028,0.8000346,0.50009,1366,1294,1150,719
c2_aci_gamma_0.000001,fold_4,2025-06-30,2025-06-28,1416,0.9499912,0.9000044,0.8000348,0.500091,1366,1294,1150,719
c2_aci_gamma_0.000001,fold_4,2025-07-01,2025-06-29,1440,0.94999,0.900002,0.80003,0.500095,1366,1294,1150,719
c2_aci_gamma_0.000001,fold_4,2025-07-02,2025-06-30,1464,0.9499918,0.9000046,0.8000332,0.500102,1366,1294,1150,719
c2_aci_gamma_0.000001,fold_4,2025-07-03,2025-07-01,1488,0.9499956,0.9000082,0.8000344,0.500112,1366,1294,1150,719
c2_aci_gamma_0.000001,fold_4,2025-07-04,2025-07-02,1512,0.9499944,0.9000078,0.8000316,0.500108,1366,1294,1150,719
c2_aci_gamma_0.000001,fold_4,2025-07-05,2025-07-03,1536,0.9499932,0.9000064,0.8000318,0.500107,1366,1294,1150,719
c2_aci_gamma_0.000001,fold_4,2025-07-06,2025-07-04,1560,0.949996,0.900009,0.800033,0.50011,1366,1294,1150,719
c2_aci_gamma_0.000001,fold_4,2025-07-07,2025-07-05,1584,0.9499948,0.9000106,0.8000332,0.500108,1366,1294,1150,719
c2_aci_gamma_0.000001,fold_4,2025-07-08,2025-07-06,1608,0.9499936,0.9000102,0.8000334,0.50011,1366,1294,1150,719
c2_aci_gamma_0.000001,fold_4,2025-07-09,2025-07-07,1632,0.9499924,0.9000098,0.8000426,0.500119,1366,1294,1150,719
c2_aci_gamma_0.000001,fold_4,2025-07-10,2025-07-08,1656,0.9499912,0.9000074,0.8000408,0.500117,1366,1294,1150,719
c2_aci_gamma_0.000001,fold_4,2025-07-11,2025-07-09,1680,0.94999,0.900005,0.800036,0.500106,1366,1294,1150,719
c2_aci_gamma_0.000001,fold_4,2025-07-12,2025-07-10,1704,0.9499888,0.9000026,0.8000312,0.500096,1366,1294,1150,719
c2_aci_gamma_0.000001,fold_4,2025-07-13,2025-07-11,1728,0.9499876,0.9000002,0.8000264,0.500086,1366,1294,1150,719
c2_aci_gamma_0.000001,fold_4,2025-07-14,2025-07-12,1752,0.9499864,0.8999988,0.8000226,0.500088,1366,1294,1150,719
c2_aci_gamma_0.000001,fold_4,2025-07-15,2025-07-13,1776,0.9499852,0.8999964,0.8000228,0.500091,1366,1294,1150,719
c2_aci_gamma_0.000001,fold_4,2025-07-16,2025-07-14,1800,0.949984,0.899994,0.800018,0.500093,1366,1294,1150,719
c2_aci_gamma_0.000001,fold_4,2025-07-17,2025-07-15,1824,0.9499828,0.8999916,0.8000142,0.500091,1366,1294,1150,719
c2_aci_gamma_0.000001,fold_4,2025-07-18,2025-07-16,1848,0.9499816,0.8999892,0.8000094,0.500084,1366,1294,1150,719
c2_aci_gamma_0.000001,fold_4,2025-07-19,2025-07-17,1872,0.9499804,0.8999868,0.8000046,0.500074,1366,1294,1150,719
c2_aci_gamma_0.000001,fold_4,2025-07-20,2025-07-18,1896,0.9499792,0.8999844,0.8000018,0.500078,1366,1294,1150,719
c2_aci_gamma_0.000001,fold_4,2025-07-21,2025-07-19,1920,0.949978,0.899983,0.799999,0.500074,1366,1294,1150,719
c2_aci_gamma_0.000001,fold_4,2025-07-22,2025-07-20,1944,0.9499768,0.8999816,0.7999952,0.500075,1366,1294,1150,719
c2_aci_gamma_0.000001,fold_4,2025-07-23,2025-07-21,1968,0.9499756,0.8999792,0.7999904,0.500071,1366,1294,1150,719
c2_aci_gamma_0.000001,fold_4,2025-07-24,2025-07-22,1992,0.9499774,0.8999808,0.7999916,0.500066,1366,1294,1150,719
c2_aci_gamma_0.000001,fold_4,2025-07-25,2025-07-23,2016,0.9499762,0.8999784,0.7999868,0.500059,1366,1294,1150,719
c2_aci_gamma_0.000001,fold_4,2025-07-26,2025-07-24,2040,0.949975,0.899976,0.799987,0.500069,1366,1294,1150,719
c2_aci_gamma_0.000001,fold_4,2025-07-27,2025-07-25,2064,0.9499738,0.8999736,0.7999822,0.500069,1366,1294,1150,719
c2_aci_gamma_0.000001,fold_4,2025-07-28,2025-07-26,2088,0.9499726,0.8999712,0.7999794,0.500077,1366,1294,1150,719
c2_aci_gamma_0.000001,fold_4,2025-07-29,2025-07-27,2112,0.9499714,0.8999688,0.7999746,0.500078,1366,1294,1150,719
c2_aci_gamma_0.000005,fold_4,2025-05-01,2025-04-29,0,0.95,0.9,0.8,0.5,1366,1294,1150,719
c2_aci_gamma_0.000005,fold_4,2025-05-02,2025-04-30,0,0.95,0.9,0.8,0.5,1366,1294,1150,719
c2_aci_gamma_0.000005,fold_4,2025-05-03,2025-05-01,24,0.950019,0.900018,0.800006,0.499995,1366,1294,1150,719
c2_aci_gamma_0.000005,fold_4,2025-05-04,2025-05-02,48,0.950013,0.900006,0.799997,0.500015,1366,1294,1150,719
c2_aci_gamma_0.000005,fold_4,2025-05-05,2025-05-03,72,0.950007,0.899994,0.799973,0.500035,1366,1294,1150,719
c2_aci_gamma_0.000005,fold_4,2025-05-06,2025-05-04,96,0.950001,0.900002,0.799979,0.50007,1366,1294,1150,719
c2_aci_gamma_0.000005,fold_4,2025-05-07,2025-05-05,120,0.949995,0.89999,0.799955,0.500035,1366,1294,1150,719
c2_aci_gamma_0.000005,fold_4,2025-05-08,2025-05-06,144,0.949989,0.899978,0.799931,0.499995,1366,1294,1150,719
c2_aci_gamma_0.000005,fold_4,2025-05-09,2025-05-07,168,0.949983,0.899966,0.799907,0.499995,1366,1294,1150,719
c2_aci_gamma_0.000005,fold_4,2025-05-10,2025-05-08,192,0.949977,0.899954,0.799883,0.50002,1366,1294,1150,719
c2_aci_gamma_0.000005,fold_4,2025-05-11,2025-05-09,216,0.949986,0.899967,0.799889,0.500025,1366,1294,1150,719
c2_aci_gamma_0.000005,fold_4,2025-05-12,2025-05-10,240,0.949995,0.899975,0.79989,0.500045,1366,1294,1150,719
c2_aci_gamma_0.000005,fold_4,2025-05-13,2025-05-11,264,0.950014,0.899988,0.799891,0.500075,1366,1294,1150,719
c2_aci_gamma_0.000005,fold_4,2025-05-14,2025-05-12,288,0.950023,0.900001,0.799902,0.500065,1366,1294,1150,719
c2_aci_gamma_0.000005,fold_4,2025-05-15,2025-05-13,312,0.950017,0.899994,0.799888,0.50006,1366,1294,1150,719
c2_aci_gamma_0.000005,fold_4,2025-05-16,2025-05-14,336,0.950011,0.899987,0.799899,0.50007,1366,1294,1150,719
c2_aci_gamma_0.000005,fold_4,2025-05-17,2025-05-15,360,0.950005,0.89998,0.7999,0.50006,1366,1294,1150,719
c2_aci_gamma_0.000005,fold_4,2025-05-18,2025-05-16,384,0.949999,0.899968,0.799876,0.500035,1366,1294,1150,719
c2_aci_gamma_0.000005,fold_4,2025-05-19,2025-05-17,408,0.949993,0.899961,0.799862,0.5,1366,1294,1150,719
c2_aci_gamma_0.000005,fold_4,2025-05-20,2025-05-18,432,0.949987,0.899949,0.799838,0.5,1366,1294,1150,719
c2_aci_gamma_0.000005,fold_4,2025-05-21,2025-05-19,456,0.949981,0.899937,0.799834,0.49999,1366,1294,1150,719
c2_aci_gamma_0.000005,fold_4,2025-05-22,2025-05-20,480,0.949975,0.899925,0.799835,0.499995,1366,1294,1150,719
c2_aci_gamma_0.000005,fold_4,2025-05-23,2025-05-21,504,0.949969,0.899923,0.799856,0.5,1366,1294,1150,719
c2_aci_gamma_0.000005,fold_4,2025-05-24,2025-05-22,528,0.949968,0.899931,0.799877,0.49999,1366,1294,1150,719
c2_aci_gamma_0.000005,fold_4,2025-05-25,2025-05-23,552,0.949962,0.899919,0.799858,0.49997,1366,1294,1150,719
c2_aci_gamma_0.000005,fold_4,2025-05-26,2025-05-24,576,0.949956,0.899907,0.799834,0.499935,1366,1294,1150,719
c2_aci_gamma_0.000005,fold_4,2025-05-27,2025-05-25,600,0.94997,0.89994,0.79986,0.499985,1366,1294,1150,719
c2_aci_gamma_0.000005,fold_4,2025-05-28,2025-05-26,624,0.949964,0.899963,0.799876,0.49998,1366,1294,1150,719
c2_aci_gamma_0.000005,fold_4,2025-05-29,2025-05-27,648,0.949958,0.899961,0.799887,0.49999,1366,1294,1150,719
c2_aci_gamma_0.000005,fold_4,2025-05-30,2025-05-28,672,0.949952,0.899949,0.799863,0.499975,1366,1294,1150,719
c2_aci_gamma_0.000005,fold_4,2025-05-31,2025-05-29,696,0.949946,0.899937,0.799839,0.500005,1366,1294,1150,719
c2_aci_gamma_0.000005,fold_4,2025-06-01,2025-05-30,720,0.94994,0.899955,0.79989,0.500055,1366,1294,1150,719
c2_aci_gamma_0.000005,fold_4,2025-06-02,2025-05-31,744,0.949944,0.899953,0.799896,0.500085,1366,1294,1150,719
c2_aci_gamma_0.000005,fold_4,2025-06-03,2025-06-01,768,0.949938,0.899946,0.799877,0.50007,1366,1294,1150,719
c2_aci_gamma_0.000005,fold_4,2025-06-04,2025-06-02,792,0.949932,0.899934,0.799878,0.500075,1366,1294,1150,719
c2_aci_gamma_0.000005,fold_4,2025-06-05,2025-06-03,816,0.949931,0.899952,0.799914,0.500105,1366,1294,1150,719
c2_aci_gamma_0.000005,fold_4,2025-06-06,2025-06-04,840,0.949925,0.89994,0.799915,0.500115,1366,1294,1150,719
c2_aci_gamma_0.000005,fold_4,2025-06-07,2025-06-05,864,0.949919,0.899928,0.799891,0.50009,1366,1294,1150,719
c2_aci_gamma_0.000005,fold_4,2025-06-08,2025-06-06,888,0.949943,0.899976,0.799942,0.50013,1366,1294,1150,719
c2_aci_gamma_0.000005,fold_4,2025-06-09,2025-06-07,912,0.949937,0.899969,0.799928,0.50012,1366,1294,1150,719
c2_aci_gamma_0.000005,fold_4,2025-06-10,2025-06-08,936,0.949931,0.899972,0.799959,0.500135,1366,1294,1150,719
c2_aci_gamma_0.000005,fold_4,2025-06-11,2025-06-09,960,0.94993,0.89998,0.79996,0.50013,1366,1294,1150,719
c2_aci_gamma_0.000005,fold_4,2025-06-12,2025-06-10,984,0.949924,0.899973,0.799971,0.500125,1366,1294,1150,719
c2_aci_gamma_0.000005,fold_4,2025-06-13,2025-06-11,1008,0.949918,0.899961,0.799972,0.50013,1366,1294,1150,719
c2_aci_gamma_0.000005,fold_4,2025-06-14,2025-06-12,1032,0.949932,0.899984,0.799993,0.500135,1366,1294,1150,719
c2_aci_gamma_0.000005,fold_4,2025-06-15,2025-06-13,1056,0.949926,0.899972,0.800009,0.500165,1366,1294,1150,719
c2_aci_gamma_0.000005,fold_4,2025-06-16,2025-06-14,1080,0.94993,0.89998,0.800015,0.50017,1366,1294,1150,719
c2_aci_gamma_0.000005,fold_4,2025-06-17,2025-06-15,1104,0.949924,0.899968,0.800026,0.50021,1366,1294,1150,719
c2_aci_gamma_0.000005,fold_4,2025-06-18,2025-06-16,1128,0.949918,0.899956,0.800042,0.50022,1366,1294,1150,719
c2_aci_gamma_0.000005,fold_4,2025-06-19,2025-06-17,1152,0.949917,0.899959,0.800063,0.50025,1366,1294,1150,719
c2_aci_gamma_0.000005,fold_4,2025-06-20,2025-06-18,1176,0.949911,0.899952,0.800074,0.500275,1366,1294,1150,719
c2_aci_gamma_0.000005,fold_4,2025-06-21,2025-06-19,1200,0.949925,0.899975,0.800095,0.500305,1366,1294,1150,719
c2_aci_gamma_0.000005,fold_4,2025-06-22,2025-06-20,1224,0.949924,0.899968,0.800096,0.500335,1366,1294,1150,719
c2_aci_gamma_0.000005,fold_4,2025-06-23,2025-06-21,1248,0.949918,0.899956,0.800072,0.50035,1366,1294,1150,720
c2_aci_gamma_0.000005,fold_4,2025-06-24,2025-06-22,1272,0.949922,0.899969,0.800088,0.50034,1366,1294,1150,719
c2_aci_gamma_0.000005,fold_4,2025-06-25,2025-06-23,1296,0.949961,0.900012,0.800144,0.500395,1366,1294,1150,720
c2_aci_gamma_0.000005,fold_4,2025-06-26,2025-06-24,1320,0.949955,0.90002,0.800165,0.50043,1366,1294,1150,720
c2_aci_gamma_0.000005,fold_4,2025-06-27,2025-06-25,1344,0.949964,0.900023,0.800166,0.500435,1366,1294,1150,720
c2_aci_gamma_0.000005,fold_4,2025-06-28,2025-06-26,1368,0.949963,0.900026,0.800177,0.500475,1366,1294,1150,720
c2_aci_gamma_0.000005,fold_4,2025-06-29,2025-06-27,1392,0.949957,0.900014,0.800173,0.50045,1366,1294,1150,720
c2_aci_gamma_0.000005,fold_4,2025-06-30,2025-06-28,1416,0.949956,0.900022,0.800174,0.500455,1366,1294,1150,720
c2_aci_gamma_0.000005,fold_4,2025-07-01,2025-06-29,1440,0.94995,0.90001,0.80015,0.500475,1366,1294,1150,720
c2_aci_gamma_0.000005,fold_4,2025-07-02,2025-06-30,1464,0.949959,0.900023,0.800166,0.50051,1366,1294,1150,720
c2_aci_gamma_0.000005,fold_4,2025-07-03,2025-07-01,1488,0.949978,0.900041,0.800172,0.50056,1366,1294,1150,720
c2_aci_gamma_0.000005,fold_4,2025-07-04,2025-07-02,1512,0.949972,0.900039,0.800158,0.50054,1366,1294,1150,720
c2_aci_gamma_0.000005,fold_4,2025-07-05,2025-07-03,1536,0.949966,0.900032,0.800159,0.500535,1366,1294,1150,720
c2_aci_gamma_0.000005,fold_4,2025-07-06,2025-07-04,1560,0.94998,0.900045,0.800165,0.50055,1366,1294,1150,720
c2_aci_gamma_0.000005,fold_4,2025-07-07,2025-07-05,1584,0.949974,0.900053,0.800166,0.50054,1366,1294,1150,720
c2_aci_gamma_0.000005,fold_4,2025-07-08,2025-07-06,1608,0.949968,0.900051,0.800167,0.50055,1366,1294,1150,720
c2_aci_gamma_0.000005,fold_4,2025-07-09,2025-07-07,1632,0.949962,0.900049,0.800213,0.500595,1366,1294,1150,720
c2_aci_gamma_0.000005,fold_4,2025-07-10,2025-07-08,1656,0.949956,0.900037,0.800204,0.500585,1366,1294,1150,720
c2_aci_gamma_0.000005,fold_4,2025-07-11,2025-07-09,1680,0.94995,0.900025,0.80018,0.50053,1366,1294,1150,720
c2_aci_gamma_0.000005,fold_4,2025-07-12,2025-07-10,1704,0.949944,0.900013,0.800156,0.50048,1366,1294,1150,720
c2_aci_gamma_0.000005,fold_4,2025-07-13,2025-07-11,1728,0.949938,0.900001,0.800132,0.50043,1366,1294,1150,720
c2_aci_gamma_0.000005,fold_4,2025-07-14,2025-07-12,1752,0.949932,0.899994,0.800113,0.50044,1366,1294,1150,720
c2_aci_gamma_0.000005,fold_4,2025-07-15,2025-07-13,1776,0.949926,0.899982,0.800114,0.500455,1366,1294,1150,720
c2_aci_gamma_0.000005,fold_4,2025-07-16,2025-07-14,1800,0.94992,0.89997,0.80009,0.500465,1366,1294,1150,720
c2_aci_gamma_0.000005,fold_4,2025-07-17,2025-07-15,1824,0.949914,0.899958,0.800071,0.500455,1366,1294,1150,720
c2_aci_gamma_0.000005,fold_4,2025-07-18,2025-07-16,1848,0.949908,0.899946,0.800047,0.50042,1366,1294,1150,720
c2_aci_gamma_0.000005,fold_4,2025-07-19,2025-07-17,1872,0.949902,0.899934,0.800023,0.50037,1366,1294,1150,720
c2_aci_gamma_0.000005,fold_4,2025-07-20,2025-07-18,1896,0.949896,0.899922,0.800009,0.50039,1366,1294,1150,720
c2_aci_gamma_0.000005,fold_4,2025-07-21,2025-07-19,1920,0.94989,0.899915,0.799995,0.50037,1365,1294,1150,720
c2_aci_gamma_0.000005,fold_4,2025-07-22,2025-07-20,1944,0.949884,0.899908,0.799976,0.500375,1365,1294,1150,720
c2_aci_gamma_0.000005,fold_4,2025-07-23,2025-07-21,1968,0.949878,0.899896,0.799952,0.500355,1365,1294,1150,720
c2_aci_gamma_0.000005,fold_4,2025-07-24,2025-07-22,1992,0.949887,0.899904,0.799958,0.50033,1365,1294,1150,719
c2_aci_gamma_0.000005,fold_4,2025-07-25,2025-07-23,2016,0.949881,0.899892,0.799934,0.500295,1365,1294,1150,719
c2_aci_gamma_0.000005,fold_4,2025-07-26,2025-07-24,2040,0.949875,0.89988,0.799935,0.500345,1365,1294,1150,719
c2_aci_gamma_0.000005,fold_4,2025-07-27,2025-07-25,2064,0.949869,0.899868,0.799911,0.500345,1365,1294,1150,719
c2_aci_gamma_0.000005,fold_4,2025-07-28,2025-07-26,2088,0.949863,0.899856,0.799897,0.500385,1365,1294,1150,720
c2_aci_gamma_0.000005,fold_4,2025-07-29,2025-07-27,2112,0.949857,0.899844,0.799873,0.50039,1365,1294,1150,720
c2_aci_gamma_0.00001,fold_4,2025-05-01,2025-04-29,0,0.95,0.9,0.8,0.5,1366,1294,1150,719
c2_aci_gamma_0.00001,fold_4,2025-05-02,2025-04-30,0,0.95,0.9,0.8,0.5,1366,1294,1150,719
c2_aci_gamma_0.00001,fold_4,2025-05-03,2025-05-01,24,0.950038,0.900036,0.800012,0.49999,1366,1294,1150,719
c2_aci_gamma_0.00001,fold_4,2025-05-04,2025-05-02,48,0.950026,0.900012,0.799994,0.50003,1366,1294,1150,719
c2_aci_gamma_0.00001,fold_4,2025-05-05,2025-05-03,72,0.950014,0.899988,0.799946,0.50007,1366,1294,1150,719
c2_aci_gamma_0.00001,fold_4,2025-05-06,2025-05-04,96,0.950002,0.900004,0.799958,0.50014,1366,1294,1150,719
c2_aci_gamma_0.00001,fold_4,2025-05-07,2025-05-05,120,0.94999,0.89998,0.79991,0.50007,1366,1294,1150,719
c2_aci_gamma_0.00001,fold_4,2025-05-08,2025-05-06,144,0.949978,0.899956,0.799862,0.49999,1366,1294,1150,719
c2_aci_gamma_0.00001,fold_4,2025-05-09,2025-05-07,168,0.949966,0.899932,0.799814,0.49999,1366,1294,1150,719
c2_aci_gamma_0.00001,fold_4,2025-05-10,2025-05-08,192,0.949954,0.899908,0.799766,0.50004,1366,1294,1150,719
c2_aci_gamma_0.00001,fold_4,2025-05-11,2025-05-09,216,0.949972,0.899934,0.799778,0.50005,1366,1294,1150,719
c2_aci_gamma_0.00001,fold_4,2025-05-12,2025-05-10,240,0.94999,0.89995,0.79978,0.50009,1366,1294,1150,719
c2_aci_gamma_0.00001,fold_4,2025-05-13,2025-05-11,264,0.950028,0.899976,0.799782,0.50015,1366,1294,1150,719
c2_aci_gamma_0.00001,fold_4,2025-05-14,2025-05-12,288,0.950046,0.900002,0.799804,0.50013,1366,1294,1150,719
c2_aci_gamma_0.00001,fold_4,2025-05-15,2025-05-13,312,0.950034,0.899988,0.799776,0.50012,1366,1294,1150,719
c2_aci_gamma_0.00001,fold_4,2025-05-16,2025-05-14,336,0.950022,0.899974,0.799798,0.50014,1366,1294,1150,719
c2_aci_gamma_0.00001,fold_4,2025-05-17,2025-05-15,360,0.95001,0.89996,0.7998,0.50012,1366,1294,1150,719
c2_aci_gamma_0.00001,fold_4,2025-05-18,2025-05-16,384,0.949998,0.899936,0.799752,0.50007,1366,1294,1150,719
c2_aci_gamma_0.00001,fold_4,2025-05-19,2025-05-17,408,0.949986,0.899922,0.799724,0.5,1366,1294,1150,719
c2_aci_gamma_0.00001,fold_4,2025-05-20,2025-05-18,432,0.949974,0.899898,0.799676,0.5,1366,1294,1150,719
c2_aci_gamma_0.00001,fold_4,2025-05-21,2025-05-19,456,0.949962,0.899874,0.799668,0.49998,1366,1294,1150,719
c2_aci_gamma_0.00001,fold_4,2025-05-22,2025-05-20,480,0.94995,0.89985,0.79967,0.49999,1366,1294,1150,719
c2_aci_gamma_0.00001,fold_4,2025-05-23,2025-05-21,504,0.949938,0.899846,0.799712,0.5,1366,1294,1150,719
c2_aci_gamma_0.00001,fold_4,2025-05-24,2025-05-22,528,0.949936,0.899862,0.799754,0.49998,1366,1294,1150,719
c2_aci_gamma_0.00001,fold_4,2025-05-25,2025-05-23,552,0.949924,0.899838,0.799716,0.49994,1366,1294,1150,719
c2_aci_gamma_0.00001,fold_4,2025-05-26,2025-05-24,576,0.949912,0.899814,0.799668,0.49987,1366,1294,1150,719
c2_aci_gamma_0.00001,fold_4,2025-05-27,2025-05-25,600,0.94994,0.89988,0.79972,0.49997,1366,1294,1150,719
c2_aci_gamma_0.00001,fold_4,2025-05-28,2025-05-26,624,0.949928,0.899926,0.799752,0.49996,1366,1294,1150,719
c2_aci_gamma_0.00001,fold_4,2025-05-29,2025-05-27,648,0.949916,0.899922,0.799774,0.49998,1366,1294,1150,719
c2_aci_gamma_0.00001,fold_4,2025-05-30,2025-05-28,672,0.949904,0.899898,0.799726,0.49995,1366,1294,1150,719
c2_aci_gamma_0.00001,fold_4,2025-05-31,2025-05-29,696,0.949892,0.899874,0.799678,0.50001,1365,1294,1150,719
c2_aci_gamma_0.00001,fold_4,2025-06-01,2025-05-30,720,0.94988,0.89991,0.79978,0.50011,1365,1294,1150,719
c2_aci_gamma_0.00001,fold_4,2025-06-02,2025-05-31,744,0.949888,0.899906,0.799792,0.50017,1365,1294,1150,719
c2_aci_gamma_0.00001,fold_4,2025-06-03,2025-06-01,768,0.949876,0.899892,0.799754,0.50014,1365,1294,1150,719
c2_aci_gamma_0.00001,fold_4,2025-06-04,2025-06-02,792,0.949864,0.899868,0.799756,0.50015,1365,1294,1150,719
c2_aci_gamma_0.00001,fold_4,2025-06-05,2025-06-03,816,0.949862,0.899904,0.799828,0.50021,1365,1294,1150,719
c2_aci_gamma_0.00001,fold_4,2025-06-06,2025-06-04,840,0.94985,0.89988,0.79983,0.50023,1365,1294,1150,719
c2_aci_gamma_0.00001,fold_4,2025-06-07,2025-06-05,864,0.949838,0.899856,0.799782,0.50018,1365,1294,1150,719
c2_aci_gamma_0.00001,fold_4,2025-06-08,2025-06-06,888,0.949886,0.899952,0.799884,0.50026,1365,1294,1150,719
c2_aci_gamma_0.00001,fold_4,2025-06-09,2025-06-07,912,0.949874,0.899938,0.799856,0.50024,1365,1294,1150,719
c2_aci_gamma_0.00001,fold_4,2025-06-10,2025-06-08,936,0.949862,0.899944,0.799918,0.50027,1365,1294,1150,719
c2_aci_gamma_0.00001,fold_4,2025-06-11,2025-06-09,960,0.94986,0.89996,0.79992,0.50026,1365,1294,1150,719
c2_aci_gamma_0.00001,fold_4,2025-06-12,2025-06-10,984,0.949848,0.899946,0.799942,0.50025,1365,1294,1150,719
c2_aci_gamma_0.00001,fold_4,2025-06-13,2025-06-11,1008,0.949836,0.899922,0.799944,0.50026,1365,1294,1150,719
c2_aci_gamma_0.00001,fold_4,2025-06-14,2025-06-12,1032,0.949864,0.899968,0.799986,0.50027,1365,1294,1150,719
c2_aci_gamma_0.00001,fold_4,2025-06-15,2025-06-13,1056,0.949852,0.899944,0.800018,0.50033,1365,1294,1150,719
c2_aci_gamma_0.00001,fold_4,2025-06-16,2025-06-14,1080,0.94986,0.89996,0.80003,0.50034,1365,1294,1150,719
c2_aci_gamma_0.00001,fold_4,2025-06-17,2025-06-15,1104,0.949848,0.899936,0.800052,0.50042,1365,1294,1150,720
c2_aci_gamma_0.00001,fold_4,2025-06-18,2025-06-16,1128,0.949836,0.899912,0.800084,0.50044,1365,1294,1150,720
c2_aci_gamma_0.00001,fold_4,2025-06-19,2025-06-17,1152,0.949834,0.899918,0.800126,0.5005,1365,1294,1150,720
c2_aci_gamma_0.00001,fold_4,2025-06-20,2025-06-18,1176,0.949822,0.899904,0.800148,0.50055,1365,1294,1150,720
c2_aci_gamma_0.00001,fold_4,2025-06-21,2025-06-19,1200,0.94985,0.89995,0.80019,0.50061,1365,1294,1150,720
c2_aci_gamma_0.00001,fold_4,2025-06-22,2025-06-20,1224,0.949848,0.899936,0.800192,0.50067,1365,1294,1150,720
c2_aci_gamma_0.00001,fold_4,2025-06-23,2025-06-21,1248,0.949836,0.899912,0.800144,0.5007,1365,1294,1150,720
c2_aci_gamma_0.00001,fold_4,2025-06-24,2025-06-22,1272,0.949844,0.899938,0.800176,0.50068,1365,1294,1150,720
c2_aci_gamma_0.00001,fold_4,2025-06-25,2025-06-23,1296,0.949922,0.900024,0.800288,0.50079,1366,1294,1151,720
c2_aci_gamma_0.00001,fold_4,2025-06-26,2025-06-24,1320,0.94991,0.90004,0.80033,0.50086,1366,1294,1151,720
c2_aci_gamma_0.00001,fold_4,2025-06-27,2025-06-25,1344,0.949928,0.900046,0.800322,0.50087,1366,1294,1151,720
c2_aci_gamma_0.00001,fold_4,2025-06-28,2025-06-26,1368,0.949926,0.900052,0.800344,0.50095,1366,1294,1151,720
c2_aci_gamma_0.00001,fold_4,2025-06-29,2025-06-27,1392,0.949914,0.900028,0.800336,0.5009,1366,1294,1151,720
c2_aci_gamma_0.00001,fold_4,2025-06-30,2025-06-28,1416,0.949912,0.900044,0.800338,0.50091,1366,1294,1151,720
c2_aci_gamma_0.00001,fold_4,2025-07-01,2025-06-29,1440,0.9499,0.90002,0.80029,0.50095,1366,1294,1151,720
c2_aci_gamma_0.00001,fold_4,2025-07-02,2025-06-30,1464,0.949918,0.900046,0.800322,0.50102,1366,1294,1151,720
c2_aci_gamma_0.00001,fold_4,2025-07-03,2025-07-01,1488,0.949956,0.900082,0.800334,0.50112,1366,1294,1151,721
c2_aci_gamma_0.00001,fold_4,2025-07-04,2025-07-02,1512,0.949944,0.900078,0.800306,0.50108,1366,1294,1151,721
c2_aci_gamma_0.00001,fold_4,2025-07-05,2025-07-03,1536,0.949932,0.900064,0.800308,0.50107,1366,1294,1151,721
c2_aci_gamma_0.00001,fold_4,2025-07-06,2025-07-04,1560,0.94996,0.90009,0.80032,0.5011,1366,1294,1151,721
c2_aci_gamma_0.00001,fold_4,2025-07-07,2025-07-05,1584,0.949948,0.900106,0.800322,0.50108,1366,1294,1151,721
c2_aci_gamma_0.00001,fold_4,2025-07-08,2025-07-06,1608,0.949936,0.900102,0.800324,0.5011,1366,1294,1151,721
c2_aci_gamma_0.00001,fold_4,2025-07-09,2025-07-07,1632,0.949924,0.900098,0.800416,0.50119,1366,1294,1151,721
c2_aci_gamma_0.00001,fold_4,2025-07-10,2025-07-08,1656,0.949912,0.900074,0.800398,0.50117,1366,1294,1151,721
c2_aci_gamma_0.00001,fold_4,2025-07-11,2025-07-09,1680,0.9499,0.90005,0.80035,0.50105,1366,1294,1151,721
c2_aci_gamma_0.00001,fold_4,2025-07-12,2025-07-10,1704,0.949888,0.900026,0.800302,0.50095,1365,1294,1151,720
c2_aci_gamma_0.00001,fold_4,2025-07-13,2025-07-11,1728,0.949876,0.900002,0.800254,0.50085,1365,1294,1150,720
c2_aci_gamma_0.00001,fold_4,2025-07-14,2025-07-12,1752,0.949864,0.899988,0.800216,0.50087,1365,1294,1150,720
c2_aci_gamma_0.00001,fold_4,2025-07-15,2025-07-13,1776,0.949852,0.899964,0.800218,0.5009,1365,1294,1150,720
c2_aci_gamma_0.00001,fold_4,2025-07-16,2025-07-14,1800,0.94984,0.89994,0.80017,0.50092,1365,1294,1150,720
c2_aci_gamma_0.00001,fold_4,2025-07-17,2025-07-15,1824,0.949828,0.899916,0.800132,0.5009,1365,1294,1150,720
c2_aci_gamma_0.00001,fold_4,2025-07-18,2025-07-16,1848,0.949816,0.899892,0.800084,0.50083,1365,1294,1150,720
c2_aci_gamma_0.00001,fold_4,2025-07-19,2025-07-17,1872,0.949804,0.899868,0.800036,0.50073,1365,1294,1150,720
c2_aci_gamma_0.00001,fold_4,2025-07-20,2025-07-18,1896,0.949792,0.899844,0.800008,0.50077,1365,1294,1150,720
c2_aci_gamma_0.00001,fold_4,2025-07-21,2025-07-19,1920,0.94978,0.89983,0.79998,0.50073,1365,1294,1150,720
c2_aci_gamma_0.00001,fold_4,2025-07-22,2025-07-20,1944,0.949768,0.899816,0.799942,0.50074,1365,1294,1150,720
c2_aci_gamma_0.00001,fold_4,2025-07-23,2025-07-21,1968,0.949756,0.899792,0.799894,0.5007,1365,1294,1150,720
c2_aci_gamma_0.00001,fold_4,2025-07-24,2025-07-22,1992,0.949774,0.899808,0.799906,0.50065,1365,1294,1150,720
c2_aci_gamma_0.00001,fold_4,2025-07-25,2025-07-23,2016,0.949762,0.899784,0.799858,0.50058,1365,1293,1150,720
c2_aci_gamma_0.00001,fold_4,2025-07-26,2025-07-24,2040,0.94975,0.89976,0.79986,0.50068,1365,1293,1150,720
c2_aci_gamma_0.00001,fold_4,2025-07-27,2025-07-25,2064,0.949738,0.899736,0.799812,0.50068,1365,1293,1150,720
c2_aci_gamma_0.00001,fold_4,2025-07-28,2025-07-26,2088,0.949726,0.899712,0.799784,0.50076,1365,1293,1150,720
c2_aci_gamma_0.00001,fold_4,2025-07-29,2025-07-27,2112,0.949714,0.899688,0.799736,0.50077,1365,1293,1150,720
c2_aci_gamma_0.00002,fold_4,2025-05-01,2025-04-29,0,0.95,0.9,0.8,0.5,1366,1294,1150,719
c2_aci_gamma_0.00002,fold_4,2025-05-02,2025-04-30,0,0.95,0.9,0.8,0.5,1366,1294,1150,719
c2_aci_gamma_0.00002,fold_4,2025-05-03,2025-05-01,24,0.950076,0.900072,0.800024,0.49998,1366,1294,1150,719
c2_aci_gamma_0.00002,fold_4,2025-05-04,2025-05-02,48,0.950052,0.900024,0.799988,0.50006,1366,1294,1150,719
c2_aci_gamma_0.00002,fold_4,2025-05-05,2025-05-03,72,0.950028,0.899976,0.799892,0.50014,1366,1294,1150,719
c2_aci_gamma_0.00002,fold_4,2025-05-06,2025-05-04,96,0.950004,0.900008,0.799916,0.50028,1366,1294,1150,719
c2_aci_gamma_0.00002,fold_4,2025-05-07,2025-05-05,120,0.94998,0.89996,0.79982,0.50014,1366,1294,1150,719
c2_aci_gamma_0.00002,fold_4,2025-05-08,2025-05-06,144,0.949956,0.899912,0.799724,0.49998,1366,1294,1150,719
c2_aci_gamma_0.00002,fold_4,2025-05-09,2025-05-07,168,0.949932,0.899864,0.799628,0.49998,1366,1294,1150,719
c2_aci_gamma_0.00002,fold_4,2025-05-10,2025-05-08,192,0.949908,0.899816,0.799532,0.50008,1366,1294,1149,719
c2_aci_gamma_0.00002,fold_4,2025-05-11,2025-05-09,216,0.949944,0.899868,0.799556,0.5001,1366,1294,1149,719
c2_aci_gamma_0.00002,fold_4,2025-05-12,2025-05-10,240,0.94998,0.8999,0.79956,0.50018,1366,1294,1149,719
c2_aci_gamma_0.00002,fold_4,2025-05-13,2025-05-11,264,0.950056,0.899952,0.799564,0.5003,1366,1294,1149,719
c2_aci_gamma_0.00002,fold_4,2025-05-14,2025-05-12,288,0.950092,0.900004,0.799608,0.50026,1366,1294,1150,719
c2_aci_gamma_0.00002,fold_4,2025-05-15,2025-05-13,312,0.950068,0.899976,0.799552,0.50024,1366,1294,1149,719
c2_aci_gamma_0.00002,fold_4,2025-05-16,2025-05-14,336,0.950044,0.899948,0.799596,0.50028,1366,1294,1150,719
c2_aci_gamma_0.00002,fold_4,2025-05-17,2025-05-15,360,0.95002,0.89992,0.7996,0.50024,1366,1294,1150,719
c2_aci_gamma_0.00002,fold_4,2025-05-18,2025-05-16,384,0.949996,0.899872,0.799504,0.50014,1366,1294,1149,719
c2_aci_gamma_0.00002,fold_4,2025-05-19,2025-05-17,408,0.949972,0.899844,0.799448,0.5,1366,1294,1149,719
c2_aci_gamma_0.00002,fold_4,2025-05-20,2025-05-18,432,0.949948,0.899796,0.799352,0.5,1366,1294,1149,719
c2_aci_gamma_0.00002,fold_4,2025-05-21,2025-05-19,456,0.949924,0.899748,0.799336,0.49996,1366,1293,1149,719
c2_aci_gamma_0.00002,fold_4,2025-05-22,2025-05-20,480,0.9499,0.8997,0.79934,0.49998,1366,1293,1149,719
c2_aci_gamma_0.00002,fold_4,2025-05-23,2025-05-21,504,0.949876,0.899692,0.799424,0.5,1365,1293,1149,719
c2_aci_gamma_0.00002,fold_4,2025-05-24,2025-05-22,528,0.949872,0.899724,0.799508,0.49996,1365,1293,1149,719
c2_aci_gamma_0.00002,fold_4,2025-05-25,2025-05-23,552,0.949848,0.899676,0.799432,0.49988,1365,1293,1149,719
c2_aci_gamma_0.00002,fold_4,2025-05-26,2025-05-24,576,0.949824,0.899628,0.799336,0.49974,1365,1293,1149,719
c2_aci_gamma_0.00002,fold_4,2025-05-27,2025-05-25,600,0.94988,0.89976,0.79944,0.49994,1365,1293,1149,719
c2_aci_gamma_0.00002,fold_4,2025-05-28,2025-05-26,624,0.949856,0.899852,0.799504,0.49992,1365,1294,1149,719
c2_aci_gamma_0.00002,fold_4,2025-05-29,2025-05-27,648,0.949832,0.899844,0.799548,0.49996,1365,1294,1149,719
c2_aci_gamma_0.00002,fold_4,2025-05-30,2025-05-28,672,0.949808,0.899796,0.799452,0.4999,1365,1294,1149,719
c2_aci_gamma_0.00002,fold_4,2025-05-31,2025-05-29,696,0.949784,0.899748,0.799356,0.50002,1365,1293,1149,719
c2_aci_gamma_0.00002,fold_4,2025-06-01,2025-05-30,720,0.94976,0.89982,0.79956,0.50022,1365,1294,1149,719
c2_aci_gamma_0.00002,fold_4,2025-06-02,2025-05-31,744,0.949776,0.899812,0.799584,0.50034,1365,1294,1150,719
c2_aci_gamma_0.00002,fold_4,2025-06-03,2025-06-01,768,0.949752,0.899784,0.799508,0.50028,1365,1293,1149,719
c2_aci_gamma_0.00002,fold_4,2025-06-04,2025-06-02,792,0.949728,0.899736,0.799512,0.5003,1365,1293,1149,719
c2_aci_gamma_0.00002,fold_4,2025-06-05,2025-06-03,816,0.949724,0.899808,0.799656,0.50042,1365,1294,1150,720
c2_aci_gamma_0.00002,fold_4,2025-06-06,2025-06-04,840,0.9497,0.89976,0.79966,0.50046,1365,1293,1150,720
c2_aci_gamma_0.00002,fold_4,2025-06-07,2025-06-05,864,0.949676,0.899712,0.799564,0.50036,1365,1293,1149,720
c2_aci_gamma_0.00002,fold_4,2025-06-08,2025-06-06,888,0.949772,0.899904,0.799768,0.50052,1365,1294,1150,720
c2_aci_gamma_0.00002,fold_4,2025-06-09,2025-06-07,912,0.949748,0.899876,0.799712,0.50048,1365,1294,1150,720
c2_aci_gamma_0.00002,fold_4,2025-06-10,2025-06-08,936,0.949724,0.899888,0.799836,0.50054,1365,1294,1150,720
c2_aci_gamma_0.00002,fold_4,2025-06-11,2025-06-09,960,0.94972,0.89992,0.79984,0.50052,1365,1294,1150,720
c2_aci_gamma_0.00002,fold_4,2025-06-12,2025-06-10,984,0.949696,0.899892,0.799884,0.5005,1365,1294,1150,720
c2_aci_gamma_0.00002,fold_4,2025-06-13,2025-06-11,1008,0.949672,0.899844,0.799888,0.50052,1365,1294,1150,720
c2_aci_gamma_0.00002,fold_4,2025-06-14,2025-06-12,1032,0.949728,0.899936,0.799972,0.50054,1365,1294,1150,720
c2_aci_gamma_0.00002,fold_4,2025-06-15,2025-06-13,1056,0.949704,0.899888,0.800036,0.50066,1365,1294,1150,720
c2_aci_gamma_0.00002,fold_4,2025-06-16,2025-06-14,1080,0.94972,0.89992,0.80006,0.50068,1365,1294,1150,720
c2_aci_gamma_0.00002,fold_4,2025-06-17,2025-06-15,1104,0.949696,0.899872,0.800104,0.50084,1365,1294,1150,720
c2_aci_gamma_0.00002,fold_4,2025-06-18,2025-06-16,1128,0.949672,0.899824,0.800168,0.50088,1365,1294,1150,720
c2_aci_gamma_0.00002,fold_4,2025-06-19,2025-06-17,1152,0.949668,0.899836,0.800252,0.501,1365,1294,1150,720
c2_aci_gamma_0.00002,fold_4,2025-06-20,2025-06-18,1176,0.949644,0.899808,0.800296,0.5011,1365,1294,1151,721
c2_aci_gamma_0.00002,fold_4,2025-06-21,2025-06-19,1200,0.9497,0.8999,0.80038,0.50122,1365,1294,1151,721
c2_aci_gamma_0.00002,fold_4,2025-06-22,2025-06-20,1224,0.949696,0.899872,0.800384,0.50134,1365,1294,1151,721
c2_aci_gamma_0.00002,fold_4,2025-06-23,2025-06-21,1248,0.949672,0.899824,0.800288,0.5014,1365,1294,1151,721
c2_aci_gamma_0.00002,fold_4,2025-06-24,2025-06-22,1272,0.949688,0.899876,0.800352,0.50136,1365,1294,1151,721
c2_aci_gamma_0.00002,fold_4,2025-06-25,2025-06-23,1296,0.949844,0.900048,0.800576,0.50158,1365,1294,1151,721
c2_aci_gamma_0.00002,fold_4,2025-06-26,2025-06-24,1320,0.94982,0.90008,0.80066,0.50172,1365,1294,1151,721
c2_aci_gamma_0.00002,fold_4,2025-06-27,2025-06-25,1344,0.949856,0.900092,0.800644,0.50174,1365,1294,1151,722
c2_aci_gamma_0.00002,fold_4,2025-06-28,2025-06-26,1368,0.949852,0.900104,0.800688,0.5019,1365,1294,1151,722
c2_aci_gamma_0.00002,fold_4,2025-06-29,2025-06-27,1392,0.949828,0.900056,0.800672,0.5018,1365,1294,1151,722
c2_aci_gamma_0.00002,fold_4,2025-06-30,2025-06-28,1416,0.949824,0.900088,0.800676,0.50182,1365,1294,1151,722
c2_aci_gamma_0.00002,fold_4,2025-07-01,2025-06-29,1440,0.9498,0.90004,0.80058,0.5019,1365,1294,1151,722
c2_aci_gamma_0.00002,fold_4,2025-07-02,2025-06-30,1464,0.949836,0.900092,0.800644,0.50204,1365,1294,1151,722
c2_aci_gamma_0.00002,fold_4,2025-07-03,2025-07-01,1488,0.949912,0.900164,0.800668,0.50224,1366,1294,1151,722
c2_aci_gamma_0.00002,fold_4,2025-07-04,2025-07-02,1512,0.949888,0.900156,0.800612,0.50216,1365,1294,1151,722
c2_aci_gamma_0.00002,fold_4,2025-07-05,2025-07-03,1536,0.949864,0.900128,0.800616,0.50214,1365,1294,1151,722
c2_aci_gamma_0.00002,fold_4,2025-07-06,2025-07-04,1560,0.94994,0.90018,0.80064,0.5022,1366,1294,1151,722
c2_aci_gamma_0.00002,fold_4,2025-07-07,2025-07-05,1584,0.949916,0.900212,0.800644,0.50216,1366,1294,1151,722
c2_aci_gamma_0.00002,fold_4,2025-07-08,2025-07-06,1608,0.949892,0.900204,0.800648,0.5022,1365,1294,1151,722
c2_aci_gamma_0.00002,fold_4,2025-07-09,2025-07-07,1632,0.949868,0.900196,0.800832,0.50238,1365,1294,1151,722
c2_aci_gamma_0.00002,fold_4,2025-07-10,2025-07-08,1656,0.949844,0.900148,0.800796,0.50234,1365,1294,1151,722
c2_aci_gamma_0.00002,fold_4,2025-07-11,2025-07-09,1680,0.94982,0.9001,0.8007,0.5021,1365,1294,1151,722
c2_aci_gamma_0.00002,fold_4,2025-07-12,2025-07-10,1704,0.949796,0.900052,0.800604,0.5019,1365,1294,1151,722
c2_aci_gamma_0.00002,fold_4,2025-07-13,2025-07-11,1728,0.949772,0.900004,0.800508,0.5017,1365,1294,1151,721
c2_aci_gamma_0.00002,fold_4,2025-07-14,2025-07-12,1752,0.949748,0.899976,0.800432,0.50174,1365,1294,1151,722
c2_aci_gamma_0.00002,fold_4,2025-07-15,2025-07-13,1776,0.949724,0.899928,0.800436,0.5018,1365,1294,1151,722
c2_aci_gamma_0.00002,fold_4,2025-07-16,2025-07-14,1800,0.9497,0.89988,0.80034,0.50184,1365,1294,1151,722
c2_aci_gamma_0.00002,fold_4,2025-07-17,2025-07-15,1824,0.949676,0.899832,0.800264,0.5018,1365,1294,1150,722
c2_aci_gamma_0.00002,fold_4,2025-07-18,2025-07-16,1848,0.949652,0.899784,0.800168,0.50166,1365,1293,1150,721
c2_aci_gamma_0.00002,fold_4,2025-07-19,2025-07-17,1872,0.949628,0.899736,0.800072,0.50146,1365,1293,1150,721
c2_aci_gamma_0.00002,fold_4,2025-07-20,2025-07-18,1896,0.949604,0.899688,0.800016,0.50152,1365,1293,1150,721
c2_aci_gamma_0.00002,fold_4,2025-07-21,2025-07-19,1920,0.94958,0.89966,0.79996,0.50144,1365,1293,1150,721
c2_aci_gamma_0.00002,fold_4,2025-07-22,2025-07-20,1944,0.949556,0.899632,0.799884,0.50146,1365,1293,1150,721
c2_aci_gamma_0.00002,fold_4,2025-07-23,2025-07-21,1968,0.949532,0.899584,0.799788,0.50138,1365,1293,1150,721
c2_aci_gamma_0.00002,fold_4,2025-07-24,2025-07-22,1992,0.949568,0.899616,0.799812,0.50128,1365,1293,1150,721
c2_aci_gamma_0.00002,fold_4,2025-07-25,2025-07-23,2016,0.949544,0.899568,0.799716,0.50114,1365,1293,1150,721
c2_aci_gamma_0.00002,fold_4,2025-07-26,2025-07-24,2040,0.94952,0.89952,0.79972,0.50134,1365,1293,1150,721
c2_aci_gamma_0.00002,fold_4,2025-07-27,2025-07-25,2064,0.949496,0.899472,0.799624,0.50134,1365,1293,1150,721
c2_aci_gamma_0.00002,fold_4,2025-07-28,2025-07-26,2088,0.949472,0.899424,0.799568,0.5015,1365,1293,1149,721
c2_aci_gamma_0.00002,fold_4,2025-07-29,2025-07-27,2112,0.949448,0.899376,0.799472,0.50152,1365,1293,1149,721
c2_aci_gamma_0.000001,fold_5,2026-01-08,2026-01-06,0,0.95,0.9,0.8,0.5,1369,1297,1153,721
c2_aci_gamma_0.000001,fold_5,2026-01-09,2026-01-07,0,0.95,0.9,0.8,0.5,1369,1297,1153,721
c2_aci_gamma_0.000001,fold_5,2026-01-10,2026-01-08,24,0.9500078,0.9000076,0.8000052,0.499999,1369,1297,1153,721
c2_aci_gamma_0.000001,fold_5,2026-01-11,2026-01-09,48,0.9500116,0.9000172,0.8000174,0.50001,1369,1297,1153,721
c2_aci_gamma_0.000001,fold_5,2026-01-12,2026-01-10,72,0.9500104,0.9000148,0.8000146,0.500009,1369,1297,1153,721
c2_aci_gamma_0.000001,fold_5,2026-01-13,2026-01-11,96,0.9500092,0.9000124,0.8000098,0.499999,1369,1297,1153,721
c2_aci_gamma_0.000001,fold_5,2026-01-14,2026-01-12,120,0.950008,0.90001,0.800005,0.499996,1369,1297,1153,721
c2_aci_gamma_0.000001,fold_5,2026-01-15,2026-01-13,144,0.9500068,0.9000076,0.8000002,0.499988,1369,1297,1153,721
c2_aci_gamma_0.000001,fold_5,2026-01-16,2026-01-14,168,0.9500056,0.9000072,0.8000014,0.499984,1369,1297,1153,721
c2_aci_gamma_0.000001,fold_5,2026-01-17,2026-01-15,192,0.9500044,0.9000048,0.8000006,0.499983,1369,1297,1153,721
c2_aci_gamma_0.000001,fold_5,2026-01-18,2026-01-16,216,0.9500032,0.9000024,0.7999988,0.499981,1369,1297,1153,721
c2_aci_gamma_0.000001,fold_5,2026-01-19,2026-01-17,240,0.950002,0.900001,0.800005,0.499985,1369,1297,1153,721
c2_aci_gamma_0.000001,fold_5,2026-01-20,2026-01-18,264,0.9500008,0.8999986,0.8000052,0.499988,1369,1297,1153,721
c2_aci_gamma_0.000001,fold_5,2026-01-21,2026-01-19,288,0.9499996,0.8999972,0.8000044,0.499988,1369,1297,1153,721
c2_aci_gamma_0.000001,fold_5,2026-01-22,2026-01-20,312,0.9500024,0.8999988,0.8000046,0.499987,1369,1297,1153,721
c2_aci_gamma_0.000001,fold_5,2026-01-23,2026-01-21,336,0.9500012,0.8999974,0.8000058,0.499988,1369,1297,1153,721
c2_aci_gamma_0.000001,fold_5,2026-01-24,2026-01-22,360,0.95,0.899995,0.800002,0.499991,1369,1297,1153,721
c2_aci_gamma_0.000001,fold_5,2026-01-25,2026-01-23,384,0.9499988,0.8999926,0.7999972,0.499979,1369,1297,1153,721
c2_aci_gamma_0.000001,fold_5,2026-01-26,2026-01-24,408,0.9499976,0.8999902,0.7999924,0.499977,1369,1297,1153,721
c2_aci_gamma_0.000001,fold_5,2026-01-27,2026-01-25,432,0.9499964,0.8999878,0.7999906,0.49997,1369,1297,1153,721
c2_aci_gamma_0.000001,fold_5,2026-01-28,2026-01-26,456,0.9499952,0.8999864,0.7999878,0.49997,1369,1297,1153,721
c2_aci_gamma_0.000001,fold_5,2026-01-29,2026-01-27,480,0.949994,0.899984,0.799984,0.499966,1369,1297,1153,721
c2_aci_gamma_0.000001,fold_5,2026-01-30,2026-01-28,504,0.9499928,0.8999816,0.7999792,0.499958,1369,1297,1153,721
c2_aci_gamma_0.000001,fold_5,2026-01-31,2026-01-29,528,0.9499916,0.8999792,0.7999744,0.499949,1369,1297,1153,721
c2_aci_gamma_0.000001,fold_5,2026-02-01,2026-01-30,552,0.9499904,0.8999768,0.7999696,0.499938,1369,1297,1153,721
c2_aci_gamma_0.000001,fold_5,2026-02-02,2026-01-31,576,0.9499892,0.8999744,0.7999648,0.499934,1369,1297,1153,721
c2_aci_gamma_0.000001,fold_5,2026-02-03,2026-02-01,600,0.949988,0.899972,0.79996,0.499937,1369,1297,1153,721
c2_aci_gamma_0.000001,fold_5,2026-02-04,2026-02-02,624,0.9499868,0.8999696,0.7999572,0.499938,1369,1297,1153,721
c2_aci_gamma_0.000001,fold_5,2026-02-05,2026-02-03,648,0.9499856,0.8999672,0.7999524,0.49994,1369,1297,1153,721
c2_aci_gamma_0.000001,fold_5,2026-02-06,2026-02-04,672,0.9499844,0.8999648,0.7999476,0.499929,1369,1297,1153,721
c2_aci_gamma_0.000001,fold_5,2026-02-07,2026-02-05,696,0.9499832,0.8999624,0.7999428,0.499921,1369,1297,1153,721
c2_aci_gamma_0.000001,fold_5,2026-02-08,2026-02-06,720,0.949982,0.89996,0.799945,0.49993,1369,1297,1153,721
c2_aci_gamma_0.000001,fold_5,2026-02-09,2026-02-07,744,0.9499808,0.8999576,0.7999402,0.499924,1369,1297,1153,721
c2_aci_gamma_0.000001,fold_5,2026-02-10,2026-02-08,768,0.9499796,0.8999552,0.7999354,0.499915,1369,1297,1153,721
c2_aci_gamma_0.000001,fold_5,2026-02-11,2026-02-09,792,0.9499794,0.8999548,0.7999436,0.49992,1369,1297,1153,721
c2_aci_gamma_0.000001,fold_5,2026-02-12,2026-02-10,816,0.9499782,0.8999524,0.7999398,0.499914,1369,1297,1153,721
c2_aci_gamma_0.000001,fold_5,2026-02-13,2026-02-11,840,0.949977,0.89995,0.799935,0.499906,1369,1297,1153,721
c2_aci_gamma_0.000001,fold_5,2026-02-14,2026-02-12,864,0.9499758,0.8999476,0.7999302,0.499894,1369,1297,1153,721
c2_aci_gamma_0.000001,fold_5,2026-02-15,2026-02-13,888,0.9499746,0.8999452,0.7999274,0.49989,1369,1297,1153,721
c2_aci_gamma_0.000001,fold_5,2026-02-16,2026-02-14,912,0.9499734,0.8999428,0.7999226,0.499891,1369,1297,1153,721
c2_aci_gamma_0.000001,fold_5,2026-02-17,2026-02-15,936,0.9499722,0.8999404,0.7999248,0.499895,1369,1297,1153,721
c2_aci_gamma_0.000001,fold_5,2026-02-18,2026-02-16,960,0.949971,0.899938,0.799923,0.499893,1369,1297,1153,721
c2_aci_gamma_0.000001,fold_5,2026-02-19,2026-02-17,984,0.9499698,0.8999356,0.7999182,0.499884,1369,1297,1153,721
c2_aci_gamma_0.000001,fold_5,2026-02-20,2026-02-18,1008,0.9499706,0.8999352,0.7999174,0.499883,1369,1297,1153,721
c2_aci_gamma_0.000001,fold_5,2026-02-21,2026-02-19,1032,0.9499714,0.8999348,0.7999156,0.499875,1369,1297,1153,721
c2_aci_gamma_0.000001,fold_5,2026-02-22,2026-02-20,1056,0.9499702,0.8999324,0.7999118,0.499869,1369,1297,1153,721
c2_aci_gamma_0.000001,fold_5,2026-02-23,2026-02-21,1080,0.94997,0.899932,0.799917,0.499871,1369,1297,1153,721
c2_aci_gamma_0.000001,fold_5,2026-02-24,2026-02-22,1104,0.9499688,0.8999296,0.7999122,0.49986,1369,1297,1153,721
c2_aci_gamma_0.000001,fold_5,2026-02-25,2026-02-23,1128,0.9499696,0.8999302,0.7999124,0.499857,1369,1297,1153,721
c2_aci_gamma_0.000001,fold_5,2026-02-26,2026-02-24,1152,0.9499784,0.8999378,0.7999226,0.499868,1369,1297,1153,721
c2_aci_gamma_0.000001,fold_5,2026-02-27,2026-02-25,1176,0.9499772,0.8999354,0.7999208,0.49987,1369,1297,1153,721
c2_aci_gamma_0.000001,fold_5,2026-02-28,2026-02-26,1200,0.949978,0.899935,0.799922,0.499872,1369,1297,1153,721
c2_aci_gamma_0.000001,fold_5,2026-03-01,2026-02-27,1224,0.9499798,0.8999356,0.7999222,0.499873,1369,1297,1153,721
c2_aci_gamma_0.000001,fold_5,2026-03-02,2026-02-28,1248,0.9499786,0.8999332,0.7999184,0.499868,1369,1297,1153,721
c2_aci_gamma_0.000001,fold_5,2026-03-03,2026-03-01,1272,0.9499774,0.8999308,0.7999136,0.499862,1369,1297,1153,721
c2_aci_gamma_0.000001,fold_5,2026-03-04,2026-03-02,1296,0.9499782,0.8999304,0.7999118,0.499857,1369,1297,1153,721
c2_aci_gamma_0.000001,fold_5,2026-03-05,2026-03-03,1320,0.949977,0.899928,0.799908,0.499853,1369,1297,1153,721
c2_aci_gamma_0.000001,fold_5,2026-03-06,2026-03-04,1344,0.9499898,0.8999416,0.7999202,0.499861,1369,1297,1153,721
c2_aci_gamma_0.000001,fold_5,2026-03-07,2026-03-05,1368,0.9499886,0.8999402,0.7999184,0.499855,1369,1297,1153,721
c2_aci_gamma_0.000001,fold_5,2026-03-08,2026-03-06,1392,0.9499874,0.8999378,0.7999156,0.49985,1369,1297,1153,721
c2_aci_gamma_0.000001,fold_5,2026-03-09,2026-03-07,1416,0.9499862,0.8999354,0.7999168,0.499853,1369,1297,1153,721
c2_aci_gamma_0.000001,fold_5,2026-03-10,2026-03-08,1440,0.949985,0.899933,0.799916,0.499852,1369,1297,1153,721
c2_aci_gamma_0.000001,fold_5,2026-03-11,2026-03-09,1464,0.9499838,0.8999306,0.7999122,0.499846,1369,1297,1153,721
c2_aci_gamma_0.000001,fold_5,2026-03-12,2026-03-10,1488,0.9499826,0.8999282,0.7999124,0.499849,1369,1297,1153,721
c2_aci_gamma_0.000001,fold_5,2026-03-13,2026-03-11,1512,0.9499914,0.8999418,0.7999256,0.499857,1369,1297,1153,721
c2_aci_gamma_0.000001,fold_5,2026-03-14,2026-03-12,1536,0.9499942,0.8999454,0.7999328,0.499859,1369,1297,1153,721
c2_aci_gamma_0.000001,fold_5,2026-03-15,2026-03-13,1560,0.950004,0.899954,0.79994,0.499864,1369,1297,1153,721
c2_aci_gamma_0.000001,fold_5,2026-03-16,2026-03-14,1584,0.9500078,0.8999596,0.7999442,0.499874,1369,1297,1153,721
c2_aci_gamma_0.000001,fold_5,2026-03-17,2026-03-15,1608,0.9500066,0.8999572,0.7999454,0.499879,1369,1297,1153,721
c2_aci_gamma_0.000001,fold_5,2026-03-18,2026-03-16,1632,0.9500124,0.8999658,0.7999556,0.499886,1369,1297,1153,721
c2_aci_gamma_0.000001,fold_5,2026-03-19,2026-03-17,1656,0.9500112,0.8999634,0.7999508,0.499879,1369,1297,1153,721
c2_aci_gamma_0.000001,fold_5,2026-03-20,2026-03-18,1680,0.950015,0.899968,0.799954,0.499879,1369,1297,1153,721
c2_aci_gamma_0.000001,fold_5,2026-03-21,2026-03-19,1704,0.9500138,0.8999686,0.7999562,0.49988,1369,1297,1153,721
c2_aci_gamma_0.000001,fold_5,2026-03-22,2026-03-20,1728,0.9500196,0.8999772,0.7999654,0.499892,1369,1297,1153,721
c2_aci_gamma_0.000001,fold_5,2026-03-23,2026-03-21,1752,0.9500184,0.8999748,0.7999606,0.499888,1369,1297,1153,721
c2_aci_gamma_0.000001,fold_5,2026-03-24,2026-03-22,1776,0.9500172,0.8999754,0.7999608,0.499891,1369,1297,1153,721
c2_aci_gamma_0.000001,fold_5,2026-03-25,2026-03-23,1800,0.950016,0.899974,0.799965,0.499896,1369,1297,1153,721
c2_aci_gamma_0.000001,fold_5,2026-03-26,2026-03-24,1824,0.9500208,0.8999896,0.7999812,0.499907,1369,1297,1153,721
c2_aci_gamma_0.000001,fold_5,2026-03-27,2026-03-25,1848,0.9500296,0.8999972,0.7999894,0.499914,1369,1297,1153,721
c2_aci_gamma_0.000001,fold_5,2026-03-28,2026-03-26,1872,0.9500284,0.8999948,0.7999846,0.499914,1369,1297,1153,721
c2_aci_gamma_0.000001,fold_5,2026-03-29,2026-03-27,1896,0.9500272,0.8999924,0.7999808,0.49991,1369,1297,1153,721
c2_aci_gamma_0.000001,fold_5,2026-03-30,2026-03-28,1920,0.950026,0.89999,0.799981,0.499911,1369,1297,1153,721
c2_aci_gamma_0.000001,fold_5,2026-03-31,2026-03-29,1943,0.95002585,0.8999897,0.7999814,0.4999205,1369,1297,1153,721
c2_aci_gamma_0.000001,fold_5,2026-04-01,2026-03-30,1966,0.9500297,0.8999954,0.7999888,0.499928,1369,1297,1153,721
c2_aci_gamma_0.000001,fold_5,2026-04-02,2026-03-31,1989,0.95003255,0.8999981,0.7999952,0.4999335,1369,1297,1153,721
c2_aci_gamma_0.000001,fold_5,2026-04-03,2026-04-01,2013,0.95004135,0.9000087,0.8000074,0.4999445,1370,1297,1153,721
c2_aci_gamma_0.000001,fold_5,2026-04-04,2026-04-02,2037,0.95004015,0.9000063,0.8000026,0.4999405,1370,1297,1153,721
c2_aci_gamma_0.000001,fold_5,2026-04-05,2026-04-03,2061,0.95003895,0.9000049,0.7999998,0.4999435,1370,1297,1153,721
c2_aci_gamma_0.000001,fold_5,2026-04-06,2026-04-04,2085,0.95004575,0.9000125,0.800005,0.4999475,1370,1297,1153,721
c2_aci_gamma_0.000001,fold_5,2026-04-07,2026-04-05,2108,0.9500536,0.9000242,0.8000224,0.499959,1370,1297,1153,721
c2_aci_gamma_0.000005,fold_5,2026-01-08,2026-01-06,0,0.95,0.9,0.8,0.5,1369,1297,1153,721
c2_aci_gamma_0.000005,fold_5,2026-01-09,2026-01-07,0,0.95,0.9,0.8,0.5,1369,1297,1153,721
c2_aci_gamma_0.000005,fold_5,2026-01-10,2026-01-08,24,0.950039,0.900038,0.800026,0.499995,1370,1297,1153,721
c2_aci_gamma_0.000005,fold_5,2026-01-11,2026-01-09,48,0.950058,0.900086,0.800087,0.50005,1370,1298,1153,721
c2_aci_gamma_0.000005,fold_5,2026-01-12,2026-01-10,72,0.950052,0.900074,0.800073,0.500045,1370,1298,1153,721
c2_aci_gamma_0.000005,fold_5,2026-01-13,2026-01-11,96,0.950046,0.900062,0.800049,0.499995,1370,1297,1153,721
c2_aci_gamma_0.000005,fold_5,2026-01-14,2026-01-12,120,0.95004,0.90005,0.800025,0.49998,1370,1297,1153,721
c2_aci_gamma_0.000005,fold_5,2026-01-15,2026-01-13,144,0.950034,0.900038,0.800001,0.49994,1369,1297,1153,721
c2_aci_gamma_0.000005,fold_5,2026-01-16,2026-01-14,168,0.950028,0.900036,0.800007,0.49992,1369,1297,1153,721
c2_aci_gamma_0.000005,fold_5,2026-01-17,2026-01-15,192,0.950022,0.900024,0.800003,0.499915,1369,1297,1153,721
c2_aci_gamma_0.000005,fold_5,2026-01-18,2026-01-16,216,0.950016,0.900012,0.799994,0.499905,1369,1297,1153,721
c2_aci_gamma_0.000005,fold_5,2026-01-19,2026-01-17,240,0.95001,0.900005,0.800025,0.499925,1369,1297,1153,721
c2_aci_gamma_0.000005,fold_5,2026-01-20,2026-01-18,264,0.950004,0.899993,0.800026,0.49994,1369,1297,1153,721
c2_aci_gamma_0.000005,fold_5,2026-01-21,2026-01-19,288,0.949998,0.899986,0.800022,0.49994,1369,1297,1153,721
c2_aci_gamma_0.000005,fold_5,2026-01-22,2026-01-20,312,0.950012,0.899994,0.800023,0.499935,1369,1297,1153,721
c2_aci_gamma_0.000005,fold_5,2026-01-23,2026-01-21,336,0.950006,0.899987,0.800029,0.49994,1369,1297,1153,721
c2_aci_gamma_0.000005,fold_5,2026-01-24,2026-01-22,360,0.95,0.899975,0.80001,0.499955,1369,1297,1153,721
c2_aci_gamma_0.000005,fold_5,2026-01-25,2026-01-23,384,0.949994,0.899963,0.799986,0.499895,1369,1297,1153,721
c2_aci_gamma_0.000005,fold_5,2026-01-26,2026-01-24,408,0.949988,0.899951,0.799962,0.499885,1369,1297,1153,721
c2_aci_gamma_0.000005,fold_5,2026-01-27,2026-01-25,432,0.949982,0.899939,0.799953,0.49985,1369,1297,1153,721
c2_aci_gamma_0.000005,fold_5,2026-01-28,2026-01-26,456,0.949976,0.899932,0.799939,0.49985,1369,1297,1153,721
c2_aci_gamma_0.000005,fold_5,2026-01-29,2026-01-27,480,0.94997,0.89992,0.79992,0.49983,1369,1297,1153,721
c2_aci_gamma_0.000005,fold_5,2026-01-30,2026-01-28,504,0.949964,0.899908,0.799896,0.49979,1369,1297,1153,721
c2_aci_gamma_0.000005,fold_5,2026-01-31,2026-01-29,528,0.949958,0.899896,0.799872,0.499745,1369,1297,1153,721
c2_aci_gamma_0.000005,fold_5,2026-02-01,2026-01-30,552,0.949952,0.899884,0.799848,0.49969,1369,1297,1153,721
c2_aci_gamma_0.000005,fold_5,2026-02-02,2026-01-31,576,0.949946,0.899872,0.799824,0.49967,1369,1297,1153,721
c2_aci_gamma_0.000005,fold_5,2026-02-03,2026-02-01,600,0.94994,0.89986,0.7998,0.499685,1369,1297,1153,721
c2_aci_gamma_0.000005,fold_5,2026-02-04,2026-02-02,624,0.949934,0.899848,0.799786,0.49969,1369,1297,1153,721
c2_aci_gamma_0.000005,fold_5,2026-02-05,2026-02-03,648,0.949928,0.899836,0.799762,0.4997,1369,1297,1153,721
c2_aci_gamma_0.000005,fold_5,2026-02-06,2026-02-04,672,0.949922,0.899824,0.799738,0.499645,1369,1297,1153,720
c2_aci_gamma_0.000005,fold_5,2026-02-07,2026-02-05,696,0.949916,0.899812,0.799714,0.499605,1369,1297,1153,720
c2_aci_gamma_0.000005,fold_5,2026-02-08,2026-02-06,720,0.94991,0.8998,0.799725,0.49965,1369,1297,1153,720
c2_aci_gamma_0.000005,fold_5,2026-02-09,2026-02-07,744,0.949904,0.899788,0.799701,0.49962,1369,1297,1153,720
c2_aci_gamma_0.000005,fold_5,2026-02-10,2026-02-08,768,0.949898,0.899776,0.799677,0.499575,1369,1297,1153,720
c2_aci_gamma_0.000005,fold_5,2026-02-11,2026-02-09,792,0.949897,0.899774,0.799718,0.4996,1369,1297,1153,720
c2_aci_gamma_0.000005,fold_5,2026-02-12,2026-02-10,816,0.949891,0.899762,0.799699,0.49957,1369,1297,1153,720
c2_aci_gamma_0.000005,fold_5,2026-02-13,2026-02-11,840,0.949885,0.89975,0.799675,0.49953,1369,1297,1153,720
c2_aci_gamma_0.000005,fold_5,2026-02-14,2026-02-12,864,0.949879,0.899738,0.799651,0.49947,1369,1297,1153,720
c2_aci_gamma_0.000005,fold_5,2026-02-15,2026-02-13,888,0.949873,0.899726,0.799637,0.49945,1369,1297,1153,720
c2_aci_gamma_0.000005,fold_5,2026-02-16,2026-02-14,912,0.949867,0.899714,0.799613,0.499455,1369,1297,1153,720
c2_aci_gamma_0.000005,fold_5,2026-02-17,2026-02-15,936,0.949861,0.899702,0.799624,0.499475,1369,1297,1153,720
c2_aci_gamma_0.000005,fold_5,2026-02-18,2026-02-16,960,0.949855,0.89969,0.799615,0.499465,1369,1297,1153,720
c2_aci_gamma_0.000005,fold_5,2026-02-19,2026-02-17,984,0.949849,0.899678,0.799591,0.49942,1369,1297,1153,720
c2_aci_gamma_0.000005,fold_5,2026-02-20,2026-02-18,1008,0.949853,0.899676,0.799587,0.499415,1369,1297,1153,720
c2_aci_gamma_0.000005,fold_5,2026-02-21,2026-02-19,1032,0.949857,0.899674,0.799578,0.499375,1369,1297,1153,720
c2_aci_gamma_0.000005,fold_5,2026-02-22,2026-02-20,1056,0.949851,0.899662,0.799559,0.499345,1369,1297,1153,720
c2_aci_gamma_0.000005,fold_5,2026-02-23,2026-02-21,1080,0.94985,0.89966,0.799585,0.499355,1369,1297,1153,720
c2_aci_gamma_0.000005,fold_5,2026-02-24,2026-02-22,1104,0.949844,0.899648,0.799561,0.4993,1369,1297,1153,720
c2_aci_gamma_0.000005,fold_5,2026-02-25,2026-02-23,1128,0.949848,0.899651,0.799562,0.499285,1369,1297,1153,720
c2_aci_gamma_0.000005,fold_5,2026-02-26,2026-02-24,1152,0.949892,0.899689,0.799613,0.49934,1369,1297,1153,720
c2_aci_gamma_0.000005,fold_5,2026-02-27,2026-02-25,1176,0.949886,0.899677,0.799604,0.49935,1369,1297,1153,720
c2_aci_gamma_0.000005,fold_5,2026-02-28,2026-02-26,1200,0.94989,0.899675,0.79961,0.49936,1369,1297,1153,720
c2_aci_gamma_0.000005,fold_5,2026-03-01,2026-02-27,1224,0.949899,0.899678,0.799611,0.499365,1369,1297,1153,720
c2_aci_gamma_0.000005,fold_5,2026-03-02,2026-02-28,1248,0.949893,0.899666,0.799592,0.49934,1369,1297,1153,720
c2_aci_gamma_0.000005,fold_5,2026-03-03,2026-03-01,1272,0.949887,0.899654,0.799568,0.49931,1369,1297,1153,720
c2_aci_gamma_0.000005,fold_5,2026-03-04,2026-03-02,1296,0.949891,0.899652,0.799559,0.499285,1369,1297,1153,720
c2_aci_gamma_0.000005,fold_5,2026-03-05,2026-03-03,1320,0.949885,0.89964,0.79954,0.499265,1369,1297,1153,720
c2_aci_gamma_0.000005,fold_5,2026-03-06,2026-03-04,1344,0.949949,0.899708,0.799601,0.499305,1369,1297,1153,720
c2_aci_gamma_0.000005,fold_5,2026-03-07,2026-03-05,1368,0.949943,0.899701,0.799592,0.499275,1369,1297,1153,720
c2_aci_gamma_0.000005,fold_5,2026-03-08,2026-03-06,1392,0.949937,0.899689,0.799578,0.49925,1369,1297,1153,720
c2_aci_gamma_0.000005,fold_5,2026-03-09,2026-03-07,1416,0.949931,0.899677,0.799584,0.499265,1369,1297,1153,720
c2_aci_gamma_0.000005,fold_5,2026-03-10,2026-03-08,1440,0.949925,0.899665,0.79958,0.49926,1369,1297,1153,720
c2_aci_gamma_0.000005,fold_5,2026-03-11,2026-03-09,1464,0.949919,0.899653,0.799561,0.49923,1369,1297,1153,720
c2_aci_gamma_0.000005,fold_5,2026-03-12,2026-03-10,1488,0.949913,0.899641,0.799562,0.499245,1369,1297,1153,720
c2_aci_gamma_0.000005,fold_5,2026-03-13,2026-03-11,1512,0.949957,0.899709,0.799628,0.499285,1369,1297,1153,720
c2_aci_gamma_0.000005,fold_5,2026-03-14,2026-03-12,1536,0.949971,0.899727,0.799664,0.499295,1369,1297,1153,720
c2_aci_gamma_0.000005,fold_5,2026-03-15,2026-03-13,1560,0.95002,0.89977,0.7997,0.49932,1369,1297,1153,720
c2_aci_gamma_0.000005,fold_5,2026-03-16,2026-03-14,1584,0.950039,0.899798,0.799721,0.49937,1370,1297,1153,720
c2_aci_gamma_0.000005,fold_5,2026-03-17,2026-03-15,1608,0.950033,0.899786,0.799727,0.499395,1369,1297,1153,720
c2_aci_gamma_0.000005,fold_5,2026-03-18,2026-03-16,1632,0.950062,0.899829,0.799778,0.49943,1370,1297,1153,720
c2_aci_gamma_0.000005,fold_5,2026-03-19,2026-03-17,1656,0.950056,0.899817,0.799754,0.499395,1370,1297,1153,720
c2_aci_gamma_0.000005,fold_5,2026-03-20,2026-03-18,1680,0.950075,0.89984,0.79977,0.499395,1370,1297,1153,720
c2_aci_gamma_0.000005,fold_5,2026-03-21,2026-03-19,1704,0.950069,0.899843,0.799781,0.4994,1370,1297,1153,720
c2_aci_gamma_0.000005,fold_5,2026-03-22,2026-03-20,1728,0.950098,0.899886,0.799827,0.49946,1370,1297,1153,720
c2_aci_gamma_0.000005,fold_5,2026-03-23,2026-03-21,1752,0.950092,0.899874,0.799803,0.49944,1370,1297,1153,720
c2_aci_gamma_0.000005,fold_5,2026-03-24,2026-03-22,1776,0.950086,0.899877,0.799804,0.499455,1370,1297,1153,720
c2_aci_gamma_0.000005,fold_5,2026-03-25,2026-03-23,1800,0.95008,0.89987,0.799825,0.49948,1370,1297,1153,720
c2_aci_gamma_0.000005,fold_5,2026-03-26,2026-03-24,1824,0.950104,0.899948,0.799906,0.499535,1370,1297,1153,720
c2_aci_gamma_0.000005,fold_5,2026-03-27,2026-03-25,1848,0.950148,0.899986,0.799947,0.49957,1370,1297,1153,720
c2_aci_gamma_0.000005,fold_5,2026-03-28,2026-03-26,1872,0.950142,0.899974,0.799923,0.49957,1370,1297,1153,720
c2_aci_gamma_0.000005,fold_5,2026-03-29,2026-03-27,1896,0.950136,0.899962,0.799904,0.49955,1370,1297,1153,720
c2_aci_gamma_0.000005,fold_5,2026-03-30,2026-03-28,1920,0.95013,0.89995,0.799905,0.499555,1370,1297,1153,720
c2_aci_gamma_0.000005,fold_5,2026-03-31,2026-03-29,1943,0.95012925,0.8999485,0.799907,0.4996025,1370,1297,1153,720
c2_aci_gamma_0.000005,fold_5,2026-04-01,2026-03-30,1966,0.9501485,0.899977,0.799944,0.49964,1370,1297,1153,720
c2_aci_gamma_0.000005,fold_5,2026-04-02,2026-03-31,1989,0.95016275,0.8999905,0.799976,0.4996675,1370,1297,1153,721
c2_aci_gamma_0.000005,fold_5,2026-04-03,2026-04-01,2013,0.95020675,0.9000435,0.800037,0.4997225,1370,1297,1153,721
c2_aci_gamma_0.000005,fold_5,2026-04-04,2026-04-02,2037,0.95020075,0.9000315,0.800013,0.4997025,1370,1297,1153,721
c2_aci_gamma_0.000005,fold_5,2026-04-05,2026-04-03,2061,0.95019475,0.9000245,0.799999,0.4997175,1370,1297,1153,721
c2_aci_gamma_0.000005,fold_5,2026-04-06,2026-04-04,2085,0.95022875,0.9000625,0.800025,0.4997375,1370,1297,1153,721
c2_aci_gamma_0.000005,fold_5,2026-04-07,2026-04-05,2108,0.950268,0.900121,0.800112,0.499795,1370,1298,1153,721
c2_aci_gamma_0.00001,fold_5,2026-01-08,2026-01-06,0,0.95,0.9,0.8,0.5,1369,1297,1153,721
c2_aci_gamma_0.00001,fold_5,2026-01-09,2026-01-07,0,0.95,0.9,0.8,0.5,1369,1297,1153,721
c2_aci_gamma_0.00001,fold_5,2026-01-10,2026-01-08,24,0.950078,0.900076,0.800052,0.49999,1370,1298,1153,721
c2_aci_gamma_0.00001,fold_5,2026-01-11,2026-01-09,48,0.950116,0.900172,0.800174,0.5001,1370,1298,1154,721
c2_aci_gamma_0.00001,fold_5,2026-01-12,2026-01-10,72,0.950104,0.900148,0.800146,0.50009,1370,1298,1154,721
c2_aci_gamma_0.00001,fold_5,2026-01-13,2026-01-11,96,0.950092,0.900124,0.800098,0.49999,1370,1298,1153,721
c2_aci_gamma_0.00001,fold_5,2026-01-14,2026-01-12,120,0.95008,0.9001,0.80005,0.49996,1370,1298,1153,721
c2_aci_gamma_0.00001,fold_5,2026-01-15,2026-01-13,144,0.950068,0.900076,0.800002,0.49988,1370,1298,1153,721
c2_aci_gamma_0.00001,fold_5,2026-01-16,2026-01-14,168,0.950056,0.900072,0.800014,0.49984,1370,1298,1153,721
c2_aci_gamma_0.00001,fold_5,2026-01-17,2026-01-15,192,0.950044,0.900048,0.800006,0.49983,1370,1297,1153,721
c2_aci_gamma_0.00001,fold_5,2026-01-18,2026-01-16,216,0.950032,0.900024,0.799988,0.49981,1369,1297,1153,721
c2_aci_gamma_0.00001,fold_5,2026-01-19,2026-01-17,240,0.95002,0.90001,0.80005,0.49985,1369,1297,1153,721
c2_aci_gamma_0.00001,fold_5,2026-01-20,2026-01-18,264,0.950008,0.899986,0.800052,0.49988,1369,1297,1153,721
c2_aci_gamma_0.00001,fold_5,2026-01-21,2026-01-19,288,0.949996,0.899972,0.800044,0.49988,1369,1297,1153,721
c2_aci_gamma_0.00001,fold_5,2026-01-22,2026-01-20,312,0.950024,0.899988,0.800046,0.49987,1369,1297,1153,721
c2_aci_gamma_0.00001,fold_5,2026-01-23,2026-01-21,336,0.950012,0.899974,0.800058,0.49988,1369,1297,1153,721
c2_aci_gamma_0.00001,fold_5,2026-01-24,2026-01-22,360,0.95,0.89995,0.80002,0.49991,1369,1297,1153,721
c2_aci_gamma_0.00001,fold_5,2026-01-25,2026-01-23,384,0.949988,0.899926,0.799972,0.49979,1369,1297,1153,721
c2_aci_gamma_0.00001,fold_5,2026-01-26,2026-01-24,408,0.949976,0.899902,0.799924,0.49977,1369,1297,1153,721
c2_aci_gamma_0.00001,fold_5,2026-01-27,2026-01-25,432,0.949964,0.899878,0.799906,0.4997,1369,1297,1153,721
c2_aci_gamma_0.00001,fold_5,2026-01-28,2026-01-26,456,0.949952,0.899864,0.799878,0.4997,1369,1297,1153,721
c2_aci_gamma_0.00001,fold_5,2026-01-29,2026-01-27,480,0.94994,0.89984,0.79984,0.49966,1369,1297,1153,721
c2_aci_gamma_0.00001,fold_5,2026-01-30,2026-01-28,504,0.949928,0.899816,0.799792,0.49958,1369,1297,1153,720
c2_aci_gamma_0.00001,fold_5,2026-01-31,2026-01-29,528,0.949916,0.899792,0.799744,0.49949,1369,1297,1153,720
c2_aci_gamma_0.00001,fold_5,2026-02-01,2026-01-30,552,0.949904,0.899768,0.799696,0.49938,1369,1297,1153,720
c2_aci_gamma_0.00001,fold_5,2026-02-02,2026-01-31,576,0.949892,0.899744,0.799648,0.49934,1369,1297,1153,720
c2_aci_gamma_0.00001,fold_5,2026-02-03,2026-02-01,600,0.94988,0.89972,0.7996,0.49937,1369,1297,1153,720
c2_aci_gamma_0.00001,fold_5,2026-02-04,2026-02-02,624,0.949868,0.899696,0.799572,0.49938,1369,1297,1153,720
c2_aci_gamma_0.00001,fold_5,2026-02-05,2026-02-03,648,0.949856,0.899672,0.799524,0.4994,1369,1297,1153,720
c2_aci_gamma_0.00001,fold_5,2026-02-06,2026-02-04,672,0.949844,0.899648,0.799476,0.49929,1369,1297,1153,720
c2_aci_gamma_0.00001,fold_5,2026-02-07,2026-02-05,696,0.949832,0.899624,0.799428,0.49921,1369,1297,1152,720
c2_aci_gamma_0.00001,fold_5,2026-02-08,2026-02-06,720,0.94982,0.8996,0.79945,0.4993,1369,1297,1153,720
c2_aci_gamma_0.00001,fold_5,2026-02-09,2026-02-07,744,0.949808,0.899576,0.799402,0.49924,1369,1297,1152,720
c2_aci_gamma_0.00001,fold_5,2026-02-10,2026-02-08,768,0.949796,0.899552,0.799354,0.49915,1369,1297,1152,720
c2_aci_gamma_0.00001,fold_5,2026-02-11,2026-02-09,792,0.949794,0.899548,0.799436,0.4992,1369,1297,1152,720
c2_aci_gamma_0.00001,fold_5,2026-02-12,2026-02-10,816,0.949782,0.899524,0.799398,0.49914,1369,1297,1152,720
c2_aci_gamma_0.00001,fold_5,2026-02-13,2026-02-11,840,0.94977,0.8995,0.79935,0.49906,1369,1297,1152,720
c2_aci_gamma_0.00001,fold_5,2026-02-14,2026-02-12,864,0.949758,0.899476,0.799302,0.49894,1369,1297,1152,719
c2_aci_gamma_0.00001,fold_5,2026-02-15,2026-02-13,888,0.949746,0.899452,0.799274,0.4989,1369,1297,1152,719
c2_aci_gamma_0.00001,fold_5,2026-02-16,2026-02-14,912,0.949734,0.899428,0.799226,0.49891,1369,1297,1152,719
c2_aci_gamma_0.00001,fold_5,2026-02-17,2026-02-15,936,0.949722,0.899404,0.799248,0.49895,1369,1297,1152,719
c2_aci_gamma_0.00001,fold_5,2026-02-18,2026-02-16,960,0.94971,0.89938,0.79923,0.49893,1369,1297,1152,719
c2_aci_gamma_0.00001,fold_5,2026-02-19,2026-02-17,984,0.949698,0.899356,0.799182,0.49884,1369,1296,1152,719
c2_aci_gamma_0.00001,fold_5,2026-02-20,2026-02-18,1008,0.949706,0.899352,0.799174,0.49883,1369,1296,1152,719
c2_aci_gamma_0.00001,fold_5,2026-02-21,2026-02-19,1032,0.949714,0.899348,0.799156,0.49875,1369,1296,1152,719
c2_aci_gamma_0.00001,fold_5,2026-02-22,2026-02-20,1056,0.949702,0.899324,0.799118,0.49869,1369,1296,1152,719
c2_aci_gamma_0.00001,fold_5,2026-02-23,2026-02-21,1080,0.9497,0.89932,0.79917,0.49871,1369,1296,1152,719
c2_aci_gamma_0.00001,fold_5,2026-02-24,2026-02-22,1104,0.949688,0.899296,0.799122,0.4986,1369,1296,1152,719
c2_aci_gamma_0.00001,fold_5,2026-02-25,2026-02-23,1128,0.949696,0.899302,0.799124,0.49857,1369,1296,1152,719
c2_aci_gamma_0.00001,fold_5,2026-02-26,2026-02-24,1152,0.949784,0.899378,0.799226,0.49868,1369,1297,1152,719
c2_aci_gamma_0.00001,fold_5,2026-02-27,2026-02-25,1176,0.949772,0.899354,0.799208,0.4987,1369,1296,1152,719
c2_aci_gamma_0.00001,fold_5,2026-02-28,2026-02-26,1200,0.94978,0.89935,0.79922,0.49872,1369,1296,1152,719
c2_aci_gamma_0.00001,fold_5,2026-03-01,2026-02-27,1224,0.949798,0.899356,0.799222,0.49873,1369,1296,1152,719
c2_aci_gamma_0.00001,fold_5,2026-03-02,2026-02-28,1248,0.949786,0.899332,0.799184,0.49868,1369,1296,1152,719
c2_aci_gamma_0.00001,fold_5,2026-03-03,2026-03-01,1272,0.949774,0.899308,0.799136,0.49862,1369,1296,1152,719
c2_aci_gamma_0.00001,fold_5,2026-03-04,2026-03-02,1296,0.949782,0.899304,0.799118,0.49857,1369,1296,1152,719
c2_aci_gamma_0.00001,fold_5,2026-03-05,2026-03-03,1320,0.94977,0.89928,0.79908,0.49853,1369,1296,1152,719
c2_aci_gamma_0.00001,fold_5,2026-03-06,2026-03-04,1344,0.949898,0.899416,0.799202,0.49861,1369,1297,1152,719
c2_aci_gamma_0.00001,fold_5,2026-03-07,2026-03-05,1368,0.949886,0.899402,0.799184,0.49855,1369,1297,1152,719
c2_aci_gamma_0.00001,fold_5,2026-03-08,2026-03-06,1392,0.949874,0.899378,0.799156,0.4985,1369,1297,1152,719
c2_aci_gamma_0.00001,fold_5,2026-03-09,2026-03-07,1416,0.949862,0.899354,0.799168,0.49853,1369,1296,1152,719
c2_aci_gamma_0.00001,fold_5,2026-03-10,2026-03-08,1440,0.94985,0.89933,0.79916,0.49852,1369,1296,1152,719
c2_aci_gamma_0.00001,fold_5,2026-03-11,2026-03-09,1464,0.949838,0.899306,0.799122,0.49846,1369,1296,1152,719
c2_aci_gamma_0.00001,fold_5,2026-03-12,2026-03-10,1488,0.949826,0.899282,0.799124,0.49849,1369,1296,1152,719
c2_aci_gamma_0.00001,fold_5,2026-03-13,2026-03-11,1512,0.949914,0.899418,0.799256,0.49857,1369,1297,1152,719
c2_aci_gamma_0.00001,fold_5,2026-03-14,2026-03-12,1536,0.949942,0.899454,0.799328,0.49859,1369,1297,1152,719
c2_aci_gamma_0.00001,fold_5,2026-03-15,2026-03-13,1560,0.95004,0.89954,0.7994,0.49864,1370,1297,1152,719
c2_aci_gamma_0.00001,fold_5,2026-03-16,2026-03-14,1584,0.950078,0.899596,0.799442,0.49874,1370,1297,1152,719
c2_aci_gamma_0.00001,fold_5,2026-03-17,2026-03-15,1608,0.950066,0.899572,0.799454,0.49879,1370,1297,1153,719
c2_aci_gamma_0.00001,fold_5,2026-03-18,2026-03-16,1632,0.950124,0.899658,0.799556,0.49886,1370,1297,1153,719
c2_aci_gamma_0.00001,fold_5,2026-03-19,2026-03-17,1656,0.950112,0.899634,0.799508,0.49879,1370,1297,1153,719
c2_aci_gamma_0.00001,fold_5,2026-03-20,2026-03-18,1680,0.95015,0.89968,0.79954,0.49879,1370,1297,1153,719
c2_aci_gamma_0.00001,fold_5,2026-03-21,2026-03-19,1704,0.950138,0.899686,0.799562,0.4988,1370,1297,1153,719
c2_aci_gamma_0.00001,fold_5,2026-03-22,2026-03-20,1728,0.950196,0.899772,0.799654,0.49892,1370,1297,1153,719
c2_aci_gamma_0.00001,fold_5,2026-03-23,2026-03-21,1752,0.950184,0.899748,0.799606,0.49888,1370,1297,1153,719
c2_aci_gamma_0.00001,fold_5,2026-03-24,2026-03-22,1776,0.950172,0.899754,0.799608,0.49891,1370,1297,1153,719
c2_aci_gamma_0.00001,fold_5,2026-03-25,2026-03-23,1800,0.95016,0.89974,0.79965,0.49896,1370,1297,1153,720
c2_aci_gamma_0.00001,fold_5,2026-03-26,2026-03-24,1824,0.950208,0.899896,0.799812,0.49907,1370,1297,1153,720
c2_aci_gamma_0.00001,fold_5,2026-03-27,2026-03-25,1848,0.950296,0.899972,0.799894,0.49914,1370,1297,1153,720
c2_aci_gamma_0.00001,fold_5,2026-03-28,2026-03-26,1872,0.950284,0.899948,0.799846,0.49914,1370,1297,1153,720
c2_aci_gamma_0.00001,fold_5,2026-03-29,2026-03-27,1896,0.950272,0.899924,0.799808,0.4991,1370,1297,1153,720
c2_aci_gamma_0.00001,fold_5,2026-03-30,2026-03-28,1920,0.95026,0.8999,0.79981,0.49911,1370,1297,1153,720
c2_aci_gamma_0.00001,fold_5,2026-03-31,2026-03-29,1943,0.9502585,0.899897,0.799814,0.499205,1370,1297,1153,720
c2_aci_gamma_0.00001,fold_5,2026-04-01,2026-03-30,1966,0.950297,0.899954,0.799888,0.49928,1370,1297,1153,720
c2_aci_gamma_0.00001,fold_5,2026-04-02,2026-03-31,1989,0.9503255,0.899981,0.799952,0.499335,1370,1297,1153,720
c2_aci_gamma_0.00001,fold_5,2026-04-03,2026-04-01,2013,0.9504135,0.900087,0.800074,0.499445,1370,1298,1153,720
c2_aci_gamma_0.00001,fold_5,2026-04-04,2026-04-02,2037,0.9504015,0.900063,0.800026,0.499405,1370,1297,1153,720
c2_aci_gamma_0.00001,fold_5,2026-04-05,2026-04-03,2061,0.9503895,0.900039,0.799998,0.499435,1370,1297,1153,720
c2_aci_gamma_0.00001,fold_5,2026-04-06,2026-04-04,2085,0.9504575,0.900115,0.80005,0.499475,1370,1298,1153,720
c2_aci_gamma_0.00001,fold_5,2026-04-07,2026-04-05,2108,0.950536,0.900232,0.800224,0.49959,1370,1298,1154,720
c2_aci_gamma_0.00002,fold_5,2026-01-08,2026-01-06,0,0.95,0.9,0.8,0.5,1369,1297,1153,721
c2_aci_gamma_0.00002,fold_5,2026-01-09,2026-01-07,0,0.95,0.9,0.8,0.5,1369,1297,1153,721
c2_aci_gamma_0.00002,fold_5,2026-01-10,2026-01-08,24,0.950156,0.900152,0.800104,0.49998,1370,1298,1153,721
c2_aci_gamma_0.00002,fold_5,2026-01-11,2026-01-09,48,0.950232,0.900344,0.800348,0.5002,1370,1298,1154,721
c2_aci_gamma_0.00002,fold_5,2026-01-12,2026-01-10,72,0.950208,0.900296,0.800292,0.50018,1370,1298,1154,721
c2_aci_gamma_0.00002,fold_5,2026-01-13,2026-01-11,96,0.950184,0.900248,0.800196,0.49998,1370,1298,1154,721
c2_aci_gamma_0.00002,fold_5,2026-01-14,2026-01-12,120,0.95016,0.9002,0.8001,0.49992,1370,1298,1153,721
c2_aci_gamma_0.00002,fold_5,2026-01-15,2026-01-13,144,0.950136,0.900152,0.800004,0.49976,1370,1298,1153,721
c2_aci_gamma_0.00002,fold_5,2026-01-16,2026-01-14,168,0.950112,0.900144,0.800028,0.49968,1370,1298,1153,721
c2_aci_gamma_0.00002,fold_5,2026-01-17,2026-01-15,192,0.950088,0.900096,0.800012,0.49966,1370,1298,1153,721
c2_aci_gamma_0.00002,fold_5,2026-01-18,2026-01-16,216,0.950064,0.900048,0.799976,0.49962,1370,1297,1153,720
c2_aci_gamma_0.00002,fold_5,2026-01-19,2026-01-17,240,0.95004,0.9,0.8001,0.4997,1370,1297,1153,721
c2_aci_gamma_0.00002,fold_5,2026-01-20,2026-01-18,264,0.950016,0.899952,0.800104,0.49976,1369,1297,1153,721
c2_aci_gamma_0.00002,fold_5,2026-01-21,2026-01-19,288,0.949992,0.899924,0.800088,0.49976,1369,1297,1153,721
c2_aci_gamma_0.00002,fold_5,2026-01-22,2026-01-20,312,0.950048,0.899956,0.800092,0.49974,1370,1297,1153,721
c2_aci_gamma_0.00002,fold_5,2026-01-23,2026-01-21,336,0.950024,0.899928,0.800116,0.49976,1369,1297,1153,721
c2_aci_gamma_0.00002,fold_5,2026-01-24,2026-01-22,360,0.95,0.89988,0.80004,0.49982,1369,1297,1153,721
c2_aci_gamma_0.00002,fold_5,2026-01-25,2026-01-23,384,0.949976,0.899832,0.799944,0.49958,1369,1297,1153,720
c2_aci_gamma_0.00002,fold_5,2026-01-26,2026-01-24,408,0.949952,0.899784,0.799848,0.49954,1369,1297,1153,720
c2_aci_gamma_0.00002,fold_5,2026-01-27,2026-01-25,432,0.949928,0.899736,0.799812,0.4994,1369,1297,1153,720
c2_aci_gamma_0.00002,fold_5,2026-01-28,2026-01-26,456,0.949904,0.899708,0.799756,0.4994,1369,1297,1153,720
c2_aci_gamma_0.00002,fold_5,2026-01-29,2026-01-27,480,0.94988,0.89966,0.79968,0.49932,1369,1297,1153,720
c2_aci_gamma_0.00002,fold_5,2026-01-30,2026-01-28,504,0.949856,0.899612,0.799584,0.49916,1369,1297,1153,720
c2_aci_gamma_0.00002,fold_5,2026-01-31,2026-01-29,528,0.949832,0.899564,0.799488,0.49898,1369,1297,1153,720
c2_aci_gamma_0.00002,fold_5,2026-02-01,2026-01-30,552,0.949808,0.899516,0.799392,0.49876,1369,1297,1152,719
c2_aci_gamma_0.00002,fold_5,2026-02-02,2026-01-31,576,0.949784,0.899468,0.799296,0.49868,1369,1297,1152,719
c2_aci_gamma_0.00002,fold_5,2026-02-03,2026-02-01,600,0.94976,0.89942,0.7992,0.49874,1369,1297,1152,719
c2_aci_gamma_0.00002,fold_5,2026-02-04,2026-02-02,624,0.949736,0.899372,0.799144,0.49876,1369,1296,1152,719
c2_aci_gamma_0.00002,fold_5,2026-02-05,2026-02-03,648,0.949712,0.899324,0.799048,0.4988,1369,1296,1152,719
c2_aci_gamma_0.00002,fold_5,2026-02-06,2026-02-04,672,0.949688,0.899276,0.798952,0.49858,1369,1296,1152,719
c2_aci_gamma_0.00002,fold_5,2026-02-07,2026-02-05,696,0.949664,0.899228,0.798856,0.49842,1369,1296,1152,719
c2_aci_gamma_0.00002,fold_5,2026-02-08,2026-02-06,720,0.94964,0.89918,0.7989,0.4986,1369,1296,1152,719
c2_aci_gamma_0.00002,fold_5,2026-02-09,2026-02-07,744,0.949616,0.899132,0.798804,0.49848,1369,1296,1152,719
c2_aci_gamma_0.00002,fold_5,2026-02-10,2026-02-08,768,0.949592,0.899084,0.798708,0.4983,1369,1296,1151,719
c2_aci_gamma_0.00002,fold_5,2026-02-11,2026-02-09,792,0.949588,0.899076,0.798872,0.4984,1369,1296,1152,719
c2_aci_gamma_0.00002,fold_5,2026-02-12,2026-02-10,816,0.949564,0.899028,0.798796,0.49828,1369,1296,1152,719
c2_aci_gamma_0.00002,fold_5,2026-02-13,2026-02-11,840,0.94954,0.89898,0.7987,0.49812,1369,1296,1151,718
c2_aci_gamma_0.00002,fold_5,2026-02-14,2026-02-12,864,0.949516,0.898932,0.798604,0.49788,1369,1296,1151,718
c2_aci_gamma_0.00002,fold_5,2026-02-15,2026-02-13,888,0.949492,0.898884,0.798548,0.4978,1369,1296,1151,718
c2_aci_gamma_0.00002,fold_5,2026-02-16,2026-02-14,912,0.949468,0.898836,0.798452,0.49784,1369,1296,1151,718
c2_aci_gamma_0.00002,fold_5,2026-02-17,2026-02-15,936,0.949444,0.898788,0.798496,0.49792,1369,1296,1151,718
c2_aci_gamma_0.00002,fold_5,2026-02-18,2026-02-16,960,0.94942,0.89874,0.79846,0.49788,1369,1296,1151,718
c2_aci_gamma_0.00002,fold_5,2026-02-19,2026-02-17,984,0.949396,0.898692,0.798364,0.49772,1369,1296,1151,718
c2_aci_gamma_0.00002,fold_5,2026-02-20,2026-02-18,1008,0.949412,0.898684,0.798348,0.4977,1369,1296,1151,718
c2_aci_gamma_0.00002,fold_5,2026-02-21,2026-02-19,1032,0.949428,0.898676,0.798312,0.49754,1369,1295,1151,717
c2_aci_gamma_0.00002,fold_5,2026-02-22,2026-02-20,1056,0.949404,0.898628,0.798236,0.49742,1369,1295,1151,717
c2_aci_gamma_0.00002,fold_5,2026-02-23,2026-02-21,1080,0.9494,0.89866,0.79834,0.49746,1369,1295,1151,717
c2_aci_gamma_0.00002,fold_5,2026-02-24,2026-02-22,1104,0.949376,0.898612,0.798244,0.49724,1369,1295,1151,717
c2_aci_gamma_0.00002,fold_5,2026-02-25,2026-02-23,1128,0.949392,0.898624,0.798248,0.49718,1369,1295,1151,717
c2_aci_gamma_0.00002,fold_5,2026-02-26,2026-02-24,1152,0.949568,0.898776,0.798452,0.4974,1369,1296,1151,717
c2_aci_gamma_0.00002,fold_5,2026-02-27,2026-02-25,1176,0.949544,0.898728,0.798436,0.49744,1369,1296,1151,717
c2_aci_gamma_0.00002,fold_5,2026-02-28,2026-02-26,1200,0.94956,0.89872,0.79846,0.49748,1369,1296,1151,717
c2_aci_gamma_0.00002,fold_5,2026-03-01,2026-02-27,1224,0.949596,0.898732,0.798464,0.49752,1369,1296,1151,717
c2_aci_gamma_0.00002,fold_5,2026-03-02,2026-02-28,1248,0.949572,0.898684,0.798388,0.49742,1369,1296,1151,717
c2_aci_gamma_0.00002,fold_5,2026-03-03,2026-03-01,1272,0.949548,0.898636,0.798292,0.4973,1369,1295,1151,717
c2_aci_gamma_0.00002,fold_5,2026-03-04,2026-03-02,1296,0.949564,0.898628,0.798256,0.4972,1369,1295,1151,717
c2_aci_gamma_0.00002,fold_5,2026-03-05,2026-03-03,1320,0.94954,0.89858,0.79818,0.49712,1369,1295,1151,717
c2_aci_gamma_0.00002,fold_5,2026-03-06,2026-03-04,1344,0.949796,0.898852,0.798424,0.49728,1369,1296,1151,717
c2_aci_gamma_0.00002,fold_5,2026-03-07,2026-03-05,1368,0.949772,0.898824,0.798388,0.49716,1369,1296,1151,717
c2_aci_gamma_0.00002,fold_5,2026-03-08,2026-03-06,1392,0.949748,0.898776,0.798352,0.49706,1369,1296,1151,717
c2_aci_gamma_0.00002,fold_5,2026-03-09,2026-03-07,1416,0.949724,0.898728,0.798376,0.49712,1369,1296,1151,717
c2_aci_gamma_0.00002,fold_5,2026-03-10,2026-03-08,1440,0.9497,0.89868,0.79836,0.4971,1369,1295,1151,717
c2_aci_gamma_0.00002,fold_5,2026-03-11,2026-03-09,1464,0.949676,0.898632,0.798284,0.49698,1369,1295,1151,717
c2_aci_gamma_0.00002,fold_5,2026-03-12,2026-03-10,1488,0.949652,0.898584,0.798288,0.49704,1369,1295,1151,717
c2_aci_gamma_0.00002,fold_5,2026-03-13,2026-03-11,1512,0.949828,0.898856,0.798552,0.4972,1369,1296,1151,717
c2_aci_gamma_0.00002,fold_5,2026-03-14,2026-03-12,1536,0.949884,0.898928,0.798696,0.49724,1369,1296,1151,717
c2_aci_gamma_0.00002,fold_5,2026-03-15,2026-03-13,1560,0.95008,0.8991,0.79884,0.49734,1370,1296,1152,717
c2_aci_gamma_0.00002,fold_5,2026-03-16,2026-03-14,1584,0.950156,0.899212,0.798924,0.49754,1370,1296,1152,717
c2_aci_gamma_0.00002,fold_5,2026-03-17,2026-03-15,1608,0.950132,0.899164,0.798948,0.49764,1370,1296,1152,718
c2_aci_gamma_0.00002,fold_5,2026-03-18,2026-03-16,1632,0.950248,0.899336,0.799152,0.49778,1370,1296,1152,718
c2_aci_gamma_0.00002,fold_5,2026-03-19,2026-03-17,1656,0.950224,0.899288,0.799056,0.49764,1370,1296,1152,718
c2_aci_gamma_0.00002,fold_5,2026-03-20,2026-03-18,1680,0.9503,0.89938,0.79912,0.49764,1370,1297,1152,718
c2_aci_gamma_0.00002,fold_5,2026-03-21,2026-03-19,1704,0.950276,0.899392,0.799164,0.49766,1370,1297,1152,718
c2_aci_gamma_0.00002,fold_5,2026-03-22,2026-03-20,1728,0.950392,0.899564,0.799348,0.4979,1370,1297,1152,718
c2_aci_gamma_0.00002,fold_5,2026-03-23,2026-03-21,1752,0.950368,0.899516,0.799252,0.49782,1370,1297,1152,718
c2_aci_gamma_0.00002,fold_5,2026-03-24,2026-03-22,1776,0.950344,0.899528,0.799256,0.49788,1370,1297,1152,718
c2_aci_gamma_0.00002,fold_5,2026-03-25,2026-03-23,1800,0.95032,0.8995,0.79934,0.49798,1370,1297,1152,718
c2_aci_gamma_0.00002,fold_5,2026-03-26,2026-03-24,1824,0.950416,0.899812,0.799664,0.4982,1370,1297,1153,718
c2_aci_gamma_0.00002,fold_5,2026-03-27,2026-03-25,1848,0.950592,0.899964,0.799828,0.49834,1370,1297,1153,719
c2_aci_gamma_0.00002,fold_5,2026-03-28,2026-03-26,1872,0.950568,0.899916,0.799732,0.49834,1370,1297,1153,719
c2_aci_gamma_0.00002,fold_5,2026-03-29,2026-03-27,1896,0.950544,0.899868,0.799656,0.49826,1370,1297,1153,718
c2_aci_gamma_0.00002,fold_5,2026-03-30,2026-03-28,1920,0.95052,0.89982,0.79966,0.49828,1370,1297,1153,719
c2_aci_gamma_0.00002,fold_5,2026-03-31,2026-03-29,1943,0.950517,0.899814,0.799668,0.49847,1370,1297,1153,719
c2_aci_gamma_0.00002,fold_5,2026-04-01,2026-03-30,1966,0.950594,0.899928,0.799816,0.49862,1370,1297,1153,719
c2_aci_gamma_0.00002,fold_5,2026-04-02,2026-03-31,1989,0.950651,0.899982,0.799944,0.49873,1370,1297,1153,719
c2_aci_gamma_0.00002,fold_5,2026-04-03,2026-04-01,2013,0.950827,0.900194,0.800188,0.49895,1371,1298,1154,719
c2_aci_gamma_0.00002,fold_5,2026-04-04,2026-04-02,2037,0.950803,0.900146,0.800092,0.49887,1371,1298,1153,719
c2_aci_gamma_0.00002,fold_5,2026-04-05,2026-04-03,2061,0.950779,0.900098,0.800036,0.49893,1371,1298,1153,719
c2_aci_gamma_0.00002,fold_5,2026-04-06,2026-04-04,2085,0.950915,0.90025,0.80014,0.49901,1371,1298,1154,720
c2_aci_gamma_0.00002,fold_5,2026-04-07,2026-04-05,2108,0.951052,0.900464,0.800488,0.49924,1371,1298,1154,720
c2_aci_gamma_0.000001,fold_3,2022-07-01,2022-06-29,0,0.95,0.9,0.8,0.5,1369,1297,1153,721
c2_aci_gamma_0.000001,fold_3,2022-07-02,2022-06-30,0,0.95,0.9,0.8,0.5,1369,1297,1153,721
c2_aci_gamma_0.000001,fold_3,2022-07-03,2022-07-01,24,0.9499998,0.8999996,0.8000022,0.500004,1369,1297,1153,721
c2_aci_gamma_0.000001,fold_3,2022-07-04,2022-07-02,48,0.9499996,0.9000052,0.8000094,0.500008,1369,1297,1153,721
c2_aci_gamma_0.000001,fold_3,2022-07-05,2022-07-03,72,0.9499984,0.9000058,0.8000076,0.499999,1369,1297,1153,721
c2_aci_gamma_0.000001,fold_3,2022-07-06,2022-07-04,96,0.9500012,0.9000084,0.8000088,0.500004,1369,1297,1153,721
c2_aci_gamma_0.000001,fold_3,2022-07-07,2022-07-05,120,0.95,0.900006,0.800007,0.500003,1369,1297,1153,721
c2_aci_gamma_0.000001,fold_3,2022-07-08,2022-07-06,144,0.9499988,0.9000036,0.8000082,0.500005,1369,1297,1153,721
c2_aci_gamma_0.000001,fold_3,2022-07-09,2022-07-07,168,0.9499976,0.9000022,0.8000094,0.500008,1369,1297,1153,721
c2_aci_gamma_0.000001,fold_3,2022-07-10,2022-07-08,192,0.9500054,0.9000098,0.8000166,0.500009,1369,1297,1153,721
c2_aci_gamma_0.000001,fold_3,2022-07-11,2022-07-09,216,0.9500082,0.9000194,0.8000278,0.500017,1369,1297,1153,721
c2_aci_gamma_0.000001,fold_3,2022-07-12,2022-07-10,240,0.950019,0.900035,0.800042,0.500028,1369,1297,1153,721
c2_aci_gamma_0.000001,fold_3,2022-07-13,2022-07-11,264,0.9500368,0.9000546,0.8000612,0.50004,1370,1297,1153,721
c2_aci_gamma_0.000001,fold_3,2022-07-14,2022-07-12,288,0.9500426,0.9000592,0.8000684,0.500045,1370,1297,1153,721
c2_aci_gamma_0.000001,fold_3,2022-07-15,2022-07-13,312,0.9500414,0.9000578,0.8000756,0.50005,1370,1297,1153,721
c2_aci_gamma_0.000001,fold_3,2022-07-16,2022-07-14,336,0.9500472,0.9000624,0.8000888,0.500062,1370,1297,1153,721
c2_aci_gamma_0.000001,fold_3,2022-07-17,2022-07-15,360,0.950047,0.900067,0.800096,0.500066,1370,1297,1153,721
c2_aci_gamma_0.000001,fold_3,2022-07-18,2022-07-16,384,0.9500558,0.9000776,0.8001072,0.500074,1370,1298,1153,721
c2_aci_gamma_0.000001,fold_3,2022-07-19,2022-07-17,408,0.9500606,0.9000812,0.8001084,0.500072,1370,1298,1153,721
c2_aci_gamma_0.000001,fold_3,2022-07-22,2022-07-20,456,0.9500752,0.9000934,0.8001258,0.500088,1370,1298,1153,721
c2_aci_gamma_0.000001,fold_3,2022-07-23,2022-07-21,456,0.9500752,0.9000934,0.8001258,0.500088,1370,1298,1153,721
c2_aci_gamma_0.000001,fold_3,2022-07-24,2022-07-22,480,0.95009,0.900108,0.80014,0.500095,1370,1298,1154,721
c2_aci_gamma_0.000001,fold_3,2022-07-25,2022-07-23,504,0.9500998,0.9001186,0.8001542,0.500104,1370,1298,1154,721
c2_aci_gamma_0.000001,fold_3,2022-07-26,2022-07-24,528,0.9501086,0.9001282,0.8001664,0.500115,1370,1298,1154,721
c2_aci_gamma_0.000001,fold_3,2022-07-27,2022-07-25,552,0.9501104,0.9001288,0.8001656,0.500115,1370,1298,1154,721
c2_aci_gamma_0.000001,fold_3,2022-07-28,2022-07-26,576,0.9501092,0.9001264,0.8001628,0.500109,1370,1298,1154,721
c2_aci_gamma_0.000001,fold_3,2022-07-29,2022-07-27,600,0.950127,0.900143,0.800182,0.500121,1370,1298,1154,721
c2_aci_gamma_0.000001,fold_3,2022-07-30,2022-07-28,624,0.9501488,0.9001636,0.8002012,0.500133,1370,1298,1154,721
c2_aci_gamma_0.000001,fold_3,2022-07-31,2022-07-29,648,0.9501666,0.9001822,0.8002184,0.500145,1370,1298,1154,721
c2_aci_gamma_0.000001,fold_3,2022-08-01,2022-07-30,672,0.9501804,0.9001958,0.8002316,0.500157,1370,1298,1154,721
c2_aci_gamma_0.000001,fold_3,2022-08-02,2022-07-31,696,0.9501842,0.9002004,0.8002388,0.500168,1370,1298,1154,721
c2_aci_gamma_0.000001,fold_3,2022-08-03,2022-08-01,720,0.950192,0.900209,0.800255,0.50018,1370,1298,1154,721
c2_aci_gamma_0.000001,fold_3,2022-08-04,2022-08-02,744,0.9501908,0.9002066,0.8002582,0.500183,1370,1298,1154,721
c2_aci_gamma_0.000001,fold_3,2022-08-05,2022-08-03,768,0.9501936,0.9002082,0.8002634,0.500185,1370,1298,1154,721
c2_aci_gamma_0.000001,fold_3,2022-08-06,2022-08-04,792,0.9502024,0.9002248,0.8002816,0.500197,1370,1298,1154,721
c2_aci_gamma_0.000001,fold_3,2022-08-07,2022-08-05,816,0.9502062,0.9002354,0.8002958,0.500205,1370,1298,1154,721
c2_aci_gamma_0.000001,fold_3,2022-08-08,2022-08-06,840,0.950205,0.900233,0.800297,0.500202,1370,1298,1154,721
c2_aci_gamma_0.000001,fold_3,2022-08-09,2022-08-07,864,0.9502088,0.9002366,0.8002982,0.500196,1370,1298,1154,721
c2_aci_gamma_0.000001,fold_3,2022-08-10,2022-08-08,888,0.9502136,0.9002412,0.8003104,0.500208,1370,1298,1154,721
c2_aci_gamma_0.000001,fold_3,2022-08-11,2022-08-09,912,0.9502124,0.9002388,0.8003056,0.500207,1370,1298,1154,721
c2_aci_gamma_0.000001,fold_3,2022-08-12,2022-08-10,936,0.9502112,0.9002364,0.8003028,0.500212,1370,1298,1154,721
c2_aci_gamma_0.000001,fold_3,2022-08-13,2022-08-11,960,0.95022,0.900245,0.80032,0.500224,1370,1298,1154,721
c2_aci_gamma_0.000001,fold_3,2022-08-14,2022-08-12,984,0.9502418,0.9002666,0.8003392,0.500236,1370,1298,1154,721
c2_aci_gamma_0.000001,fold_3,2022-08-15,2022-08-13,1008,0.9502516,0.9002792,0.8003504,0.500245,1370,1298,1154,721
c2_aci_gamma_0.000001,fold_3,2022-08-16,2022-08-14,1032,0.9502664,0.9002938,0.8003636,0.500254,1370,1298,1154,721
c2_aci_gamma_0.000001,fold_3,2022-08-17,2022-08-15,1056,0.9502782,0.9003044,0.8003768,0.500265,1370,1298,1154,721
c2_aci_gamma_0.000001,fold_3,2022-08-18,2022-08-16,1080,0.950283,0.900308,0.800389,0.500275,1370,1298,1154,721
c2_aci_gamma_0.000001,fold_3,2022-08-19,2022-08-17,1104,0.9502948,0.9003186,0.8004082,0.500287,1370,1298,1154,721
c2_aci_gamma_0.000001,fold_3,2022-08-20,2022-08-18,1128,0.9503176,0.9003402,0.8004274,0.500299,1370,1298,1154,721
c2_aci_gamma_0.000001,fold_3,2022-08-21,2022-08-19,1152,0.9503404,0.9003618,0.8004466,0.500311,1370,1298,1154,721
c2_aci_gamma_0.000001,fold_3,2022-08-22,2022-08-20,1176,0.9503582,0.9003794,0.8004638,0.500323,1370,1298,1154,721
c2_aci_gamma_0.000001,fold_3,2022-08-23,2022-08-21,1200,0.950364,0.900387,0.800474,0.500332,1370,1298,1154,721
c2_aci_gamma_0.000001,fold_3,2022-08-24,2022-08-22,1224,0.9503858,0.9004076,0.8004932,0.500344,1370,1298,1154,721
c2_aci_gamma_0.000001,fold_3,2022-08-25,2022-08-23,1248,0.9504026,0.9004232,0.8005124,0.500356,1370,1298,1154,722
c2_aci_gamma_0.000001,fold_3,2022-08-26,2022-08-24,1272,0.9504244,0.9004438,0.8005316,0.500368,1370,1298,1154,722
c2_aci_gamma_0.000001,fold_3,2022-08-27,2022-08-25,1296,0.9504472,0.9004654,0.8005508,0.50038,1370,1298,1154,722
c2_aci_gamma_0.000001,fold_3,2022-08-28,2022-08-26,1320,0.95047,0.900487,0.80057,0.500392,1370,1298,1154,722
c2_aci_gamma_0.000001,fold_3,2022-08-29,2022-08-27,1344,0.9504928,0.9005086,0.8005892,0.500404,1370,1298,1154,722
c2_aci_gamma_0.000001,fold_3,2022-08-30,2022-08-28,1368,0.9505076,0.9005242,0.8006054,0.500414,1370,1298,1154,722
c2_aci_gamma_0.000001,fold_3,2022-08-31,2022-08-29,1392,0.9505304,0.9005458,0.8006246,0.500426,1370,1298,1154,722
c2_aci_gamma_0.000001,fold_3,2022-09-01,2022-08-30,1416,0.9505532,0.9005674,0.8006438,0.500438,1370,1298,1154,722
c2_aci_gamma_0.000001,fold_3,2022-09-02,2022-08-31,1440,0.950575,0.900588,0.800663,0.50045,1370,1298,1154,722
c2_aci_gamma_0.000001,fold_3,2022-09-03,2022-09-01,1464,0.9505958,0.9006096,0.8006822,0.500462,1370,1298,1154,722
c2_aci_gamma_0.000001,fold_3,2022-09-04,2022-09-02,1488,0.9506056,0.9006192,0.8006944,0.50047,1370,1298,1154,722
c2_aci_gamma_0.000001,fold_3,2022-09-05,2022-09-03,1512,0.9506074,0.9006238,0.8006996,0.500469,1370,1298,1154,722
c2_aci_gamma_0.000001,fold_3,2022-09-06,2022-09-04,1536,0.9506132,0.9006284,0.8007018,0.500472,1370,1298,1154,722
c2_aci_gamma_0.000001,fold_3,2022-09-07,2022-09-05,1560,0.950622,0.900636,0.800709,0.500475,1370,1298,1154,722
c2_aci_gamma_0.000001,fold_3,2022-09-08,2022-09-06,1584,0.9506338,0.9006466,0.8007212,0.500485,1370,1298,1154,722
c2_aci_gamma_0.000001,fold_3,2022-09-09,2022-09-07,1608,0.9506536,0.9006652,0.8007404,0.500497,1370,1298,1154,722
c2_aci_gamma_0.000001,fold_3,2022-09-10,2022-09-08,1632,0.9506734,0.9006838,0.8007586,0.500509,1370,1298,1154,722
c2_aci_gamma_0.000001,fold_3,2022-09-11,2022-09-09,1656,0.9506812,0.9006904,0.8007658,0.500517,1370,1298,1154,722
c2_aci_gamma_0.000001,fold_3,2022-09-12,2022-09-10,1680,0.950704,0.900712,0.800785,0.500529,1370,1298,1154,722
c2_aci_gamma_0.000001,fold_3,2022-09-13,2022-09-11,1704,0.9507218,0.9007316,0.8008032,0.500541,1370,1298,1154,722
c2_aci_gamma_0.000001,fold_3,2022-09-14,2022-09-12,1728,0.9507256,0.9007342,0.8008084,0.500549,1370,1298,1154,722
c2_aci_gamma_0.000001,fold_3,2022-09-15,2022-09-13,1752,0.9507244,0.9007318,0.8008086,0.500544,1370,1298,1154,722
c2_aci_gamma_0.000001,fold_3,2022-09-16,2022-09-14,1776,0.9507332,0.9007394,0.8008248,0.500556,1371,1298,1154,722
c2_aci_gamma_0.000001,fold_3,2022-09-17,2022-09-15,1800,0.950733,0.900738,0.800832,0.500559,1371,1298,1154,722
c2_aci_gamma_0.000001,fold_3,2022-09-18,2022-09-16,1824,0.9507328,0.9007406,0.8008342,0.500557,1371,1298,1155,722
c2_aci_gamma_0.000001,fold_3,2022-09-19,2022-09-17,1848,0.9507316,0.9007412,0.8008324,0.500552,1371,1298,1154,722
c2_aci_gamma_0.000001,fold_3,2022-09-20,2022-09-18,1872,0.9507304,0.9007458,0.8008346,0.50055,1371,1298,1155,722
c2_aci_gamma_0.000001,fold_3,2022-09-21,2022-09-19,1896,0.9507392,0.9007534,0.8008448,0.500555,1371,1298,1155,722
c2_aci_gamma_0.000001,fold_3,2022-09-22,2022-09-20,1920,0.950755,0.900771,0.800862,0.500565,1371,1299,1155,722
c2_aci_gamma_0.000001,fold_3,2022-09-23,2022-09-21,1944,0.9507678,0.9007826,0.8008772,0.500574,1371,1299,1155,722
c2_aci_gamma_0.000001,fold_3,2022-09-24,2022-09-22,1968,0.9507826,0.9007972,0.8008894,0.500581,1371,1299,1155,722
c2_aci_gamma_0.000001,fold_3,2022-09-25,2022-09-23,1992,0.9508014,0.9008188,0.8009086,0.500593,1371,1299,1155,722
c2_aci_gamma_0.000001,fold_3,2022-09-26,2022-09-24,2016,0.9508212,0.9008394,0.8009278,0.500605,1371,1299,1155,722
c2_aci_gamma_0.000001,fold_3,2022-09-27,2022-09-25,2040,0.950824,0.900845,0.800934,0.500609,1371,1299,1155,722
c2_aci_gamma_0.000001,fold_3,2022-09-28,2022-09-26,2064,0.9508228,0.9008446,0.8009322,0.500608,1371,1299,1155,722
c2_aci_gamma_0.000005,fold_3,2022-07-01,2022-06-29,0,0.95,0.9,0.8,0.5,1369,1297,1153,721
c2_aci_gamma_0.000005,fold_3,2022-07-02,2022-06-30,0,0.95,0.9,0.8,0.5,1369,1297,1153,721
c2_aci_gamma_0.000005,fold_3,2022-07-03,2022-07-01,24,0.949999,0.899998,0.800011,0.50002,1369,1297,1153,721
c2_aci_gamma_0.000005,fold_3,2022-07-04,2022-07-02,48,0.949998,0.900026,0.800047,0.50004,1369,1297,1153,721
c2_aci_gamma_0.000005,fold_3,2022-07-05,2022-07-03,72,0.949992,0.900029,0.800038,0.499995,1369,1297,1153,721
c2_aci_gamma_0.000005,fold_3,2022-07-06,2022-07-04,96,0.950006,0.900042,0.800044,0.50002,1369,1297,1153,721
c2_aci_gamma_0.000005,fold_3,2022-07-07,2022-07-05,120,0.95,0.90003,0.800035,0.500015,1369,1297,1153,721
c2_aci_gamma_0.000005,fold_3,2022-07-08,2022-07-06,144,0.949994,0.900018,0.800041,0.500025,1369,1297,1153,721
c2_aci_gamma_0.000005,fold_3,2022-07-09,2022-07-07,168,0.949988,0.900011,0.800047,0.50004,1369,1297,1153,721
c2_aci_gamma_0.000005,fold_3,2022-07-10,2022-07-08,192,0.950027,0.900049,0.800083,0.500045,1369,1297,1153,721
c2_aci_gamma_0.000005,fold_3,2022-07-11,2022-07-09,216,0.950041,0.900097,0.800139,0.500085,1370,1298,1154,721
c2_aci_gamma_0.000005,fold_3,2022-07-12,2022-07-10,240,0.950095,0.900175,0.80021,0.50014,1370,1298,1154,721
c2_aci_gamma_0.000005,fold_3,2022-07-13,2022-07-11,264,0.950184,0.900268,0.800306,0.5002,1370,1298,1154,721
c2_aci_gamma_0.000005,fold_3,2022-07-14,2022-07-12,288,0.950213,0.900291,0.800342,0.500225,1370,1298,1154,721
c2_aci_gamma_0.000005,fold_3,2022-07-15,2022-07-13,312,0.950207,0.900284,0.800378,0.50025,1370,1298,1154,721
c2_aci_gamma_0.000005,fold_3,2022-07-16,2022-07-14,336,0.950236,0.900307,0.800444,0.50031,1370,1298,1154,721
c2_aci_gamma_0.000005,fold_3,2022-07-17,2022-07-15,360,0.950235,0.90033,0.80048,0.50033,1370,1298,1154,721
c2_aci_gamma_0.000005,fold_3,2022-07-18,2022-07-16,384,0.950279,0.900378,0.800536,0.50037,1370,1298,1154,722
c2_aci_gamma_0.000005,fold_3,2022-07-19,2022-07-17,408,0.950303,0.900396,0.800542,0.50036,1370,1298,1154,722
c2_aci_gamma_0.000005,fold_3,2022-07-22,2022-07-20,456,0.950376,0.900457,0.800629,0.50044,1370,1298,1154,722
c2_aci_gamma_0.000005,fold_3,2022-07-23,2022-07-21,456,0.950376,0.900457,0.800629,0.50044,1370,1298,1154,722
c2_aci_gamma_0.000005,fold_3,2022-07-24,2022-07-22,480,0.95045,0.90053,0.8007,0.500475,1370,1298,1154,722
c2_aci_gamma_0.000005,fold_3,2022-07-25,2022-07-23,504,0.950499,0.900583,0.800771,0.50052,1370,1298,1154,722
c2_aci_gamma_0.000005,fold_3,2022-07-26,2022-07-24,528,0.950543,0.900631,0.800832,0.500575,1370,1298,1154,722
c2_aci_gamma_0.000005,fold_3,2022-07-27,2022-07-25,552,0.950552,0.900634,0.800828,0.500575,1370,1298,1154,722
c2_aci_gamma_0.000005,fold_3,2022-07-28,2022-07-26,576,0.950546,0.900622,0.800814,0.500545,1370,1298,1154,722
c2_aci_gamma_0.000005,fold_3,2022-07-29,2022-07-27,600,0.950635,0.900705,0.80091,0.500605,1370,1298,1155,722
c2_aci_gamma_0.000005,fold_3,2022-07-30,2022-07-28,624,0.950744,0.900808,0.801006,0.500665,1371,1299,1155,722
c2_aci_gamma_0.000005,fold_3,2022-07-31,2022-07-29,648,0.950833,0.900901,0.801092,0.500725,1371,1299,1155,722
c2_aci_gamma_0.000005,fold_3,2022-08-01,2022-07-30,672,0.950902,0.900969,0.801158,0.500785,1371,1299,1155,722
c2_aci_gamma_0.000005,fold_3,2022-08-02,2022-07-31,696,0.950921,0.900992,0.801194,0.50084,1371,1299,1155,722
c2_aci_gamma_0.000005,fold_3,2022-08-03,2022-08-01,720,0.95096,0.901035,0.801275,0.5009,1371,1299,1155,722
c2_aci_gamma_0.000005,fold_3,2022-08-04,2022-08-02,744,0.950954,0.901023,0.801291,0.500915,1371,1299,1155,722
c2_aci_gamma_0.000005,fold_3,2022-08-05,2022-08-03,768,0.950968,0.901031,0.801317,0.500925,1371,1299,1155,722
c2_aci_gamma_0.000005,fold_3,2022-08-06,2022-08-04,792,0.951012,0.901114,0.801408,0.500985,1371,1299,1155,722
c2_aci_gamma_0.000005,fold_3,2022-08-07,2022-08-05,816,0.951031,0.901167,0.801479,0.501025,1371,1299,1155,722
c2_aci_gamma_0.000005,fold_3,2022-08-08,2022-08-06,840,0.951025,0.901155,0.80148,0.50101,1371,1299,1155,722
c2_aci_gamma_0.000005,fold_3,2022-08-09,2022-08-07,864,0.951044,0.901173,0.801486,0.50098,1371,1299,1155,722
c2_aci_gamma_0.000005,fold_3,2022-08-10,2022-08-08,888,0.951068,0.901196,0.801547,0.50104,1371,1299,1156,722
c2_aci_gamma_0.000005,fold_3,2022-08-11,2022-08-09,912,0.951062,0.901184,0.801523,0.501035,1371,1299,1155,722
c2_aci_gamma_0.000005,fold_3,2022-08-12,2022-08-10,936,0.951056,0.901172,0.801509,0.50106,1371,1299,1155,723
c2_aci_gamma_0.000005,fold_3,2022-08-13,2022-08-11,960,0.9511,0.901215,0.801595,0.50112,1371,1299,1156,723
c2_aci_gamma_0.000005,fold_3,2022-08-14,2022-08-12,984,0.951209,0.901323,0.801691,0.50118,1371,1299,1156,723
c2_aci_gamma_0.000005,fold_3,2022-08-15,2022-08-13,1008,0.951258,0.901386,0.801747,0.501225,1371,1299,1156,723
c2_aci_gamma_0.000005,fold_3,2022-08-16,2022-08-14,1032,0.951332,0.901459,0.801813,0.50127,1371,1300,1156,723
c2_aci_gamma_0.000005,fold_3,2022-08-17,2022-08-15,1056,0.951391,0.901512,0.801874,0.501325,1371,1300,1156,723
c2_aci_gamma_0.000005,fold_3,2022-08-18,2022-08-16,1080,0.951415,0.90153,0.801935,0.501375,1371,1300,1156,723
c2_aci_gamma_0.000005,fold_3,2022-08-19,2022-08-17,1104,0.951474,0.901583,0.802031,0.501435,1372,1300,1156,723
c2_aci_gamma_0.000005,fold_3,2022-08-20,2022-08-18,1128,0.951588,0.901691,0.802127,0.501495,1372,1300,1156,723
c2_aci_gamma_0.000005,fold_3,2022-08-21,2022-08-19,1152,0.951702,0.901799,0.802223,0.501555,1372,1300,1157,723
c2_aci_gamma_0.000005,fold_3,2022-08-22,2022-08-20,1176,0.951791,0.901887,0.802309,0.501615,1372,1300,1157,723
c2_aci_gamma_0.000005,fold_3,2022-08-23,2022-08-21,1200,0.95182,0.901925,0.80236,0.50166,1372,1300,1157,723
c2_aci_gamma_0.000005,fold_3,2022-08-24,2022-08-22,1224,0.951929,0.902028,0.802456,0.50172,1372,1300,1157,723
c2_aci_gamma_0.000005,fold_3,2022-08-25,2022-08-23,1248,0.952013,0.902106,0.802552,0.50178,1372,1300,1157,724
c2_aci_gamma_0.000005,fold_3,2022-08-26,2022-08-24,1272,0.952122,0.902209,0.802648,0.50184,1373,1301,1157,724
c2_aci_gamma_0.000005,fold_3,2022-08-27,2022-08-25,1296,0.952236,0.902317,0.802744,0.5019,1373,1301,1157,724
c2_aci_gamma_0.000005,fold_3,2022-08-28,2022-08-26,1320,0.95235,0.902425,0.80284,0.50196,1373,1301,1157,724
c2_aci_gamma_0.000005,fold_3,2022-08-29,2022-08-27,1344,0.952464,0.902533,0.802936,0.50202,1373,1301,1158,724
c2_aci_gamma_0.000005,fold_3,2022-08-30,2022-08-28,1368,0.952538,0.902611,0.803017,0.50207,1373,1301,1158,724
c2_aci_gamma_0.000005,fold_3,2022-08-31,2022-08-29,1392,0.952652,0.902719,0.803113,0.50213,1373,1301,1158,724
c2_aci_gamma_0.000005,fold_3,2022-09-01,2022-08-30,1416,0.952766,0.902827,0.803209,0.50219,1373,1301,1158,724
c2_aci_gamma_0.000005,fold_3,2022-09-02,2022-08-31,1440,0.952875,0.90293,0.803305,0.50225,1374,1302,1158,724
c2_aci_gamma_0.000005,fold_3,2022-09-03,2022-09-01,1464,0.952979,0.903038,0.803401,0.50231,1374,1302,1158,724
c2_aci_gamma_0.000005,fold_3,2022-09-04,2022-09-02,1488,0.953028,0.903086,0.803462,0.50235,1374,1302,1158,724
c2_aci_gamma_0.000005,fold_3,2022-09-05,2022-09-03,1512,0.953037,0.903109,0.803488,0.502345,1374,1302,1158,724
c2_aci_gamma_0.000005,fold_3,2022-09-06,2022-09-04,1536,0.953066,0.903132,0.803499,0.50236,1374,1302,1158,724
c2_aci_gamma_0.000005,fold_3,2022-09-07,2022-09-05,1560,0.95311,0.90317,0.803535,0.502375,1374,1302,1158,724
c2_aci_gamma_0.000005,fold_3,2022-09-08,2022-09-06,1584,0.953169,0.903223,0.803596,0.502425,1374,1302,1158,724
c2_aci_gamma_0.000005,fold_3,2022-09-09,2022-09-07,1608,0.953268,0.903316,0.803692,0.502485,1374,1302,1159,725
c2_aci_gamma_0.000005,fold_3,2022-09-10,2022-09-08,1632,0.953367,0.903409,0.803783,0.502545,1374,1302,1159,725
c2_aci_gamma_0.000005,fold_3,2022-09-11,2022-09-09,1656,0.953406,0.903442,0.803819,0.502585,1374,1302,1159,725
c2_aci_gamma_0.000005,fold_3,2022-09-12,2022-09-10,1680,0.95352,0.90355,0.803915,0.502645,1375,1303,1159,725
c2_aci_gamma_0.000005,fold_3,2022-09-13,2022-09-11,1704,0.953609,0.903648,0.804006,0.502705,1375,1303,1159,725
c2_aci_gamma_0.000005,fold_3,2022-09-14,2022-09-12,1728,0.953628,0.903661,0.804032,0.502745,1375,1303,1159,725
c2_aci_gamma_0.000005,fold_3,2022-09-15,2022-09-13,1752,0.953622,0.903649,0.804033,0.50272,1375,1303,1159,725
c2_aci_gamma_0.000005,fold_3,2022-09-16,2022-09-14,1776,0.953666,0.903687,0.804114,0.50278,1375,1303,1159,725
c2_aci_gamma_0.000005,fold_3,2022-09-17,2022-09-15,1800,0.953665,0.90368,0.80415,0.502795,1375,1303,1159,725
c2_aci_gamma_0.000005,fold_3,2022-09-18,2022-09-16,1824,0.953664,0.903693,0.804161,0.502785,1375,1303,1159,725
c2_aci_gamma_0.000005,fold_3,2022-09-19,2022-09-17,1848,0.953658,0.903696,0.804152,0.50276,1375,1303,1159,725
c2_aci_gamma_0.000005,fold_3,2022-09-20,2022-09-18,1872,0.953652,0.903719,0.804163,0.50275,1375,1303,1159,725
c2_aci_gamma_0.000005,fold_3,2022-09-21,2022-09-19,1896,0.953696,0.903757,0.804214,0.502775,1375,1303,1159,725
c2_aci_gamma_0.000005,fold_3,2022-09-22,2022-09-20,1920,0.95377,0.90384,0.8043,0.502825,1375,1303,1159,725
c2_aci_gamma_0.000005,fold_3,2022-09-23,2022-09-21,1944,0.953834,0.903898,0.804376,0.50287,1375,1303,1160,725
c2_aci_gamma_0.000005,fold_3,2022-09-24,2022-09-22,1968,0.953908,0.903971,0.804437,0.502905,1375,1303,1160,725
c2_aci_gamma_0.000005,fold_3,2022-09-25,2022-09-23,1992,0.953997,0.904079,0.804533,0.502965,1375,1303,1160,725
c2_aci_gamma_0.000005,fold_3,2022-09-26,2022-09-24,2016,0.954096,0.904182,0.804629,0.503025,1375,1303,1160,725
c2_aci_gamma_0.000005,fold_3,2022-09-27,2022-09-25,2040,0.95411,0.90421,0.804655,0.503045,1375,1303,1160,725
c2_aci_gamma_0.000005,fold_3,2022-09-28,2022-09-26,2064,0.954104,0.904208,0.804646,0.50304,1375,1303,1160,725
c2_aci_gamma_0.00001,fold_3,2022-07-01,2022-06-29,0,0.95,0.9,0.8,0.5,1369,1297,1153,721
c2_aci_gamma_0.00001,fold_3,2022-07-02,2022-06-30,0,0.95,0.9,0.8,0.5,1369,1297,1153,721
c2_aci_gamma_0.00001,fold_3,2022-07-03,2022-07-01,24,0.949998,0.899996,0.800022,0.50004,1369,1297,1153,721
c2_aci_gamma_0.00001,fold_3,2022-07-04,2022-07-02,48,0.949996,0.900052,0.800094,0.50008,1369,1297,1153,721
c2_aci_gamma_0.00001,fold_3,2022-07-05,2022-07-03,72,0.949984,0.900058,0.800076,0.49999,1369,1297,1153,721
c2_aci_gamma_0.00001,fold_3,2022-07-06,2022-07-04,96,0.950012,0.900084,0.800088,0.50004,1369,1298,1153,721
c2_aci_gamma_0.00001,fold_3,2022-07-07,2022-07-05,120,0.95,0.90006,0.80007,0.50003,1369,1297,1153,721
c2_aci_gamma_0.00001,fold_3,2022-07-08,2022-07-06,144,0.949988,0.900036,0.800082,0.50005,1369,1297,1153,721
c2_aci_gamma_0.00001,fold_3,2022-07-09,2022-07-07,168,0.949976,0.900022,0.800094,0.50008,1369,1297,1153,721
c2_aci_gamma_0.00001,fold_3,2022-07-10,2022-07-08,192,0.950054,0.900098,0.800166,0.50009,1370,1298,1154,721
c2_aci_gamma_0.00001,fold_3,2022-07-11,2022-07-09,216,0.950082,0.900194,0.800278,0.50017,1370,1298,1154,721
c2_aci_gamma_0.00001,fold_3,2022-07-12,2022-07-10,240,0.95019,0.90035,0.80042,0.50028,1370,1298,1154,721
c2_aci_gamma_0.00001,fold_3,2022-07-13,2022-07-11,264,0.950368,0.900536,0.800612,0.5004,1370,1298,1154,722
c2_aci_gamma_0.00001,fold_3,2022-07-14,2022-07-12,288,0.950426,0.900582,0.800684,0.50045,1370,1298,1154,722
c2_aci_gamma_0.00001,fold_3,2022-07-15,2022-07-13,312,0.950414,0.900568,0.800756,0.5005,1370,1298,1154,722
c2_aci_gamma_0.00001,fold_3,2022-07-16,2022-07-14,336,0.950472,0.900614,0.800888,0.50062,1370,1298,1155,722
c2_aci_gamma_0.00001,fold_3,2022-07-17,2022-07-15,360,0.95047,0.90066,0.80096,0.50066,1370,1298,1155,722
c2_aci_gamma_0.00001,fold_3,2022-07-18,2022-07-16,384,0.950558,0.900756,0.801072,0.50074,1370,1298,1155,722
c2_aci_gamma_0.00001,fold_3,2022-07-19,2022-07-17,408,0.950606,0.900792,0.801084,0.50072,1370,1299,1155,722
c2_aci_gamma_0.00001,fold_3,2022-07-22,2022-07-20,456,0.950752,0.900914,0.801258,0.50088,1371,1299,1155,722
c2_aci_gamma_0.00001,fold_3,2022-07-23,2022-07-21,456,0.950752,0.900914,0.801258,0.50088,1371,1299,1155,722
c2_aci_gamma_0.00001,fold_3,2022-07-24,2022-07-22,480,0.9509,0.90106,0.8014,0.50095,1371,1299,1155,722
c2_aci_gamma_0.00001,fold_3,2022-07-25,2022-07-23,504,0.950998,0.901166,0.801542,0.50104,1371,1299,1156,722
c2_aci_gamma_0.00001,fold_3,2022-07-26,2022-07-24,528,0.951086,0.901262,0.801664,0.50115,1371,1299,1156,723
c2_aci_gamma_0.00001,fold_3,2022-07-27,2022-07-25,552,0.951104,0.901268,0.801656,0.50115,1371,1299,1156,723
c2_aci_gamma_0.00001,fold_3,2022-07-28,2022-07-26,576,0.951092,0.901244,0.801628,0.50109,1371,1299,1156,723
c2_aci_gamma_0.00001,fold_3,2022-07-29,2022-07-27,600,0.95127,0.90141,0.80182,0.50121,1371,1299,1156,723
c2_aci_gamma_0.00001,fold_3,2022-07-30,2022-07-28,624,0.951488,0.901616,0.802012,0.50133,1372,1300,1156,723
c2_aci_gamma_0.00001,fold_3,2022-07-31,2022-07-29,648,0.951666,0.901802,0.802184,0.50145,1372,1300,1156,723
c2_aci_gamma_0.00001,fold_3,2022-08-01,2022-07-30,672,0.951804,0.901938,0.802316,0.50157,1372,1300,1157,723
c2_aci_gamma_0.00001,fold_3,2022-08-02,2022-07-31,696,0.951842,0.901984,0.802388,0.50168,1372,1300,1157,723
c2_aci_gamma_0.00001,fold_3,2022-08-03,2022-08-01,720,0.95192,0.90207,0.80255,0.5018,1372,1300,1157,724
c2_aci_gamma_0.00001,fold_3,2022-08-04,2022-08-02,744,0.951908,0.902046,0.802582,0.50183,1372,1300,1157,724
c2_aci_gamma_0.00001,fold_3,2022-08-05,2022-08-03,768,0.951936,0.902062,0.802634,0.50185,1372,1300,1157,724
c2_aci_gamma_0.00001,fold_3,2022-08-06,2022-08-04,792,0.952024,0.902228,0.802816,0.50197,1372,1301,1157,724
c2_aci_gamma_0.00001,fold_3,2022-08-07,2022-08-05,816,0.952062,0.902334,0.802958,0.50205,1372,1301,1158,724
c2_aci_gamma_0.00001,fold_3,2022-08-08,2022-08-06,840,0.95205,0.90231,0.80296,0.50202,1372,1301,1158,724
c2_aci_gamma_0.00001,fold_3,2022-08-09,2022-08-07,864,0.952088,0.902346,0.802972,0.50196,1372,1301,1158,724
c2_aci_gamma_0.00001,fold_3,2022-08-10,2022-08-08,888,0.952136,0.902392,0.803094,0.50208,1373,1301,1158,724
c2_aci_gamma_0.00001,fold_3,2022-08-11,2022-08-09,912,0.952124,0.902368,0.803046,0.50207,1373,1301,1158,724
c2_aci_gamma_0.00001,fold_3,2022-08-12,2022-08-10,936,0.952112,0.902344,0.803018,0.50212,1372,1301,1158,724
c2_aci_gamma_0.00001,fold_3,2022-08-13,2022-08-11,960,0.9522,0.90243,0.80319,0.50224,1373,1301,1158,724
c2_aci_gamma_0.00001,fold_3,2022-08-14,2022-08-12,984,0.952418,0.902646,0.803382,0.50236,1373,1301,1158,724
c2_aci_gamma_0.00001,fold_3,2022-08-15,2022-08-13,1008,0.952516,0.902772,0.803494,0.50245,1373,1301,1158,725
c2_aci_gamma_0.00001,fold_3,2022-08-16,2022-08-14,1032,0.952664,0.902918,0.803626,0.50254,1373,1302,1159,725
c2_aci_gamma_0.00001,fold_3,2022-08-17,2022-08-15,1056,0.952782,0.903024,0.803748,0.50265,1373,1302,1159,725
c2_aci_gamma_0.00001,fold_3,2022-08-18,2022-08-16,1080,0.95283,0.90306,0.80387,0.50275,1374,1302,1159,725
c2_aci_gamma_0.00001,fold_3,2022-08-19,2022-08-17,1104,0.952948,0.903166,0.804062,0.50287,1374,1302,1159,725
c2_aci_gamma_0.00001,fold_3,2022-08-20,2022-08-18,1128,0.953176,0.903382,0.804254,0.50299,1374,1302,1159,725
c2_aci_gamma_0.00001,fold_3,2022-08-21,2022-08-19,1152,0.953404,0.903598,0.804446,0.50311,1374,1303,1160,725
c2_aci_gamma_0.00001,fold_3,2022-08-22,2022-08-20,1176,0.953582,0.903774,0.804618,0.50323,1375,1303,1160,726
c2_aci_gamma_0.00001,fold_3,2022-08-23,2022-08-21,1200,0.95364,0.90385,0.80472,0.50332,1375,1303,1160,726
c2_aci_gamma_0.00001,fold_3,2022-08-24,2022-08-22,1224,0.953858,0.904056,0.804912,0.50344,1375,1303,1160,726
c2_aci_gamma_0.00001,fold_3,2022-08-25,2022-08-23,1248,0.954026,0.904212,0.805104,0.50356,1375,1303,1161,726
c2_aci_gamma_0.00001,fold_3,2022-08-26,2022-08-24,1272,0.954244,0.904418,0.805296,0.50368,1376,1304,1161,726
c2_aci_gamma_0.00001,fold_3,2022-08-27,2022-08-25,1296,0.954472,0.904634,0.805488,0.5038,1376,1304,1161,726
c2_aci_gamma_0.00001,fold_3,2022-08-28,2022-08-26,1320,0.9547,0.90485,0.80568,0.50392,1376,1304,1161,727
c2_aci_gamma_0.00001,fold_3,2022-08-29,2022-08-27,1344,0.954928,0.905066,0.805872,0.50404,1377,1305,1162,727
c2_aci_gamma_0.00001,fold_3,2022-08-30,2022-08-28,1368,0.955056,0.905222,0.806034,0.50414,1377,1305,1162,727
c2_aci_gamma_0.00001,fold_3,2022-08-31,2022-08-29,1392,0.955284,0.905438,0.806226,0.50426,1377,1305,1162,727
c2_aci_gamma_0.00001,fold_3,2022-09-01,2022-08-30,1416,0.955512,0.905654,0.806418,0.50438,1377,1306,1163,727
c2_aci_gamma_0.00001,fold_3,2022-09-02,2022-08-31,1440,0.95573,0.90586,0.80661,0.5045,1378,1306,1163,727
c2_aci_gamma_0.00001,fold_3,2022-09-03,2022-09-01,1464,0.955938,0.906076,0.806802,0.50462,1378,1306,1163,728
c2_aci_gamma_0.00001,fold_3,2022-09-04,2022-09-02,1488,0.956036,0.906172,0.806924,0.5047,1378,1306,1163,728
c2_aci_gamma_0.00001,fold_3,2022-09-05,2022-09-03,1512,0.956054,0.906218,0.806976,0.50469,1378,1306,1163,728
c2_aci_gamma_0.00001,fold_3,2022-09-06,2022-09-04,1536,0.956102,0.906264,0.806998,0.50472,1378,1306,1163,728
c2_aci_gamma_0.00001,fold_3,2022-09-07,2022-09-05,1560,0.95619,0.90634,0.80707,0.50475,1378,1307,1163,728
c2_aci_gamma_0.00001,fold_3,2022-09-08,2022-09-06,1584,0.956308,0.906446,0.807192,0.50485,1379,1307,1164,728
c2_aci_gamma_0.00001,fold_3,2022-09-09,2022-09-07,1608,0.956506,0.906632,0.807384,0.50497,1379,1307,1164,728
c2_aci_gamma_0.00001,fold_3,2022-09-10,2022-09-08,1632,0.956704,0.906818,0.807566,0.50509,1379,1307,1164,728
c2_aci_gamma_0.00001,fold_3,2022-09-11,2022-09-09,1656,0.956782,0.906884,0.807638,0.50517,1379,1307,1164,728
c2_aci_gamma_0.00001,fold_3,2022-09-12,2022-09-10,1680,0.95701,0.9071,0.80783,0.50529,1380,1308,1165,729
c2_aci_gamma_0.00001,fold_3,2022-09-13,2022-09-11,1704,0.957178,0.907296,0.808012,0.50541,1380,1308,1165,729
c2_aci_gamma_0.00001,fold_3,2022-09-14,2022-09-12,1728,0.957206,0.907312,0.808064,0.50549,1380,1308,1165,729
c2_aci_gamma_0.00001,fold_3,2022-09-15,2022-09-13,1752,0.957194,0.907288,0.808066,0.50544,1380,1308,1165,729
c2_aci_gamma_0.00001,fold_3,2022-09-16,2022-09-14,1776,0.957282,0.907364,0.808228,0.50556,1380,1308,1165,729
c2_aci_gamma_0.00001,fold_3,2022-09-17,2022-09-15,1800,0.95728,0.90735,0.8083,0.50559,1380,1308,1165,729
c2_aci_gamma_0.00001,fold_3,2022-09-18,2022-09-16,1824,0.957278,0.907376,0.808322,0.50557,1380,1308,1165,729
c2_aci_gamma_0.00001,fold_3,2022-09-19,2022-09-17,1848,0.957266,0.907382,0.808304,0.50552,1380,1308,1165,729
c2_aci_gamma_0.00001,fold_3,2022-09-20,2022-09-18,1872,0.957254,0.907428,0.808326,0.5055,1380,1308,1165,729
c2_aci_gamma_0.00001,fold_3,2022-09-21,2022-09-19,1896,0.957342,0.907504,0.808418,0.50555,1380,1308,1165,729
c2_aci_gamma_0.00001,fold_3,2022-09-22,2022-09-20,1920,0.95748,0.90767,0.80859,0.50565,1380,1308,1166,729
c2_aci_gamma_0.00001,fold_3,2022-09-23,2022-09-21,1944,0.957608,0.907786,0.808742,0.50574,1380,1309,1166,729
c2_aci_gamma_0.00001,fold_3,2022-09-24,2022-09-22,1968,0.957736,0.907922,0.808864,0.50581,1381,1309,1166,729
c2_aci_gamma_0.00001,fold_3,2022-09-25,2022-09-23,1992,0.957884,0.908138,0.809056,0.50593,1381,1309,1166,730
c2_aci_gamma_0.00001,fold_3,2022-09-26,2022-09-24,2016,0.958072,0.908344,0.809248,0.50605,1381,1309,1167,730
c2_aci_gamma_0.00001,fold_3,2022-09-27,2022-09-25,2040,0.9581,0.9084,0.8093,0.50609,1381,1310,1167,730
c2_aci_gamma_0.00001,fold_3,2022-09-28,2022-09-26,2064,0.958088,0.908396,0.809282,0.50608,1381,1309,1167,730
c2_aci_gamma_0.00002,fold_3,2022-07-01,2022-06-29,0,0.95,0.9,0.8,0.5,1369,1297,1153,721
c2_aci_gamma_0.00002,fold_3,2022-07-02,2022-06-30,0,0.95,0.9,0.8,0.5,1369,1297,1153,721
c2_aci_gamma_0.00002,fold_3,2022-07-03,2022-07-01,24,0.949996,0.899992,0.800044,0.50008,1369,1297,1153,721
c2_aci_gamma_0.00002,fold_3,2022-07-04,2022-07-02,48,0.949992,0.900104,0.800188,0.50016,1369,1298,1154,721
c2_aci_gamma_0.00002,fold_3,2022-07-05,2022-07-03,72,0.949968,0.900116,0.800152,0.49998,1369,1298,1154,721
c2_aci_gamma_0.00002,fold_3,2022-07-06,2022-07-04,96,0.950024,0.900168,0.800176,0.50008,1369,1298,1154,721
c2_aci_gamma_0.00002,fold_3,2022-07-07,2022-07-05,120,0.95,0.90012,0.80014,0.50006,1369,1298,1154,721
c2_aci_gamma_0.00002,fold_3,2022-07-08,2022-07-06,144,0.949976,0.900072,0.800164,0.5001,1369,1298,1154,721
c2_aci_gamma_0.00002,fold_3,2022-07-09,2022-07-07,168,0.949952,0.900044,0.800188,0.50016,1369,1297,1154,721
c2_aci_gamma_0.00002,fold_3,2022-07-10,2022-07-08,192,0.950108,0.900196,0.800332,0.50018,1370,1298,1154,721
c2_aci_gamma_0.00002,fold_3,2022-07-11,2022-07-09,216,0.950164,0.900388,0.800556,0.50034,1370,1298,1154,721
c2_aci_gamma_0.00002,fold_3,2022-07-12,2022-07-10,240,0.95038,0.9007,0.80084,0.50056,1370,1298,1155,722
c2_aci_gamma_0.00002,fold_3,2022-07-13,2022-07-11,264,0.950736,0.901072,0.801224,0.5008,1371,1299,1155,722
c2_aci_gamma_0.00002,fold_3,2022-07-14,2022-07-12,288,0.950852,0.901164,0.801368,0.5009,1371,1299,1155,722
c2_aci_gamma_0.00002,fold_3,2022-07-15,2022-07-13,312,0.950828,0.901136,0.801512,0.501,1371,1299,1155,722
c2_aci_gamma_0.00002,fold_3,2022-07-16,2022-07-14,336,0.950944,0.901228,0.801776,0.50124,1371,1299,1156,723
c2_aci_gamma_0.00002,fold_3,2022-07-17,2022-07-15,360,0.95094,0.90132,0.80192,0.50132,1371,1299,1156,723
c2_aci_gamma_0.00002,fold_3,2022-07-18,2022-07-16,384,0.951116,0.901512,0.802144,0.50148,1371,1300,1156,723
c2_aci_gamma_0.00002,fold_3,2022-07-19,2022-07-17,408,0.951212,0.901584,0.802168,0.50144,1371,1300,1156,723
c2_aci_gamma_0.00002,fold_3,2022-07-22,2022-07-20,456,0.951504,0.901828,0.802516,0.50176,1372,1300,1157,724
c2_aci_gamma_0.00002,fold_3,2022-07-23,2022-07-21,456,0.951504,0.901828,0.802516,0.50176,1372,1300,1157,724
c2_aci_gamma_0.00002,fold_3,2022-07-24,2022-07-22,480,0.9518,0.90212,0.8028,0.5019,1372,1300,1157,724
c2_aci_gamma_0.00002,fold_3,2022-07-25,2022-07-23,504,0.951996,0.902332,0.803084,0.50208,1372,1301,1158,724
c2_aci_gamma_0.00002,fold_3,2022-07-26,2022-07-24,528,0.952172,0.902524,0.803328,0.5023,1373,1301,1158,724
c2_aci_gamma_0.00002,fold_3,2022-07-27,2022-07-25,552,0.952208,0.902536,0.803312,0.5023,1373,1301,1158,724
c2_aci_gamma_0.00002,fold_3,2022-07-28,2022-07-26,576,0.952184,0.902488,0.803256,0.50218,1373,1301,1158,724
c2_aci_gamma_0.00002,fold_3,2022-07-29,2022-07-27,600,0.95254,0.90282,0.80364,0.50242,1373,1301,1159,724
c2_aci_gamma_0.00002,fold_3,2022-07-30,2022-07-28,624,0.952976,0.903232,0.804024,0.50266,1374,1302,1159,725
c2_aci_gamma_0.00002,fold_3,2022-07-31,2022-07-29,648,0.953332,0.903604,0.804368,0.5029,1374,1303,1160,725
c2_aci_gamma_0.00002,fold_3,2022-08-01,2022-07-30,672,0.953608,0.903876,0.804632,0.50314,1375,1303,1160,726
c2_aci_gamma_0.00002,fold_3,2022-08-02,2022-07-31,696,0.953684,0.903968,0.804776,0.50336,1375,1303,1160,726
c2_aci_gamma_0.00002,fold_3,2022-08-03,2022-08-01,720,0.95384,0.90414,0.8051,0.5036,1375,1303,1161,726
c2_aci_gamma_0.00002,fold_3,2022-08-04,2022-08-02,744,0.953816,0.904092,0.805164,0.50366,1375,1303,1161,726
c2_aci_gamma_0.00002,fold_3,2022-08-05,2022-08-03,768,0.953872,0.904124,0.805268,0.5037,1375,1303,1161,726
c2_aci_gamma_0.00002,fold_3,2022-08-06,2022-08-04,792,0.954048,0.904456,0.805632,0.50394,1375,1304,1161,727
c2_aci_gamma_0.00002,fold_3,2022-08-07,2022-08-05,816,0.954104,0.904668,0.805916,0.5041,1375,1304,1162,727
c2_aci_gamma_0.00002,fold_3,2022-08-08,2022-08-06,840,0.95408,0.90462,0.80592,0.50404,1375,1304,1162,727
c2_aci_gamma_0.00002,fold_3,2022-08-09,2022-08-07,864,0.954156,0.904692,0.805944,0.50392,1375,1304,1162,727
c2_aci_gamma_0.00002,fold_3,2022-08-10,2022-08-08,888,0.954252,0.904784,0.806168,0.50416,1376,1304,1162,727
c2_aci_gamma_0.00002,fold_3,2022-08-11,2022-08-09,912,0.954228,0.904736,0.806072,0.50414,1376,1304,1162,727
c2_aci_gamma_0.00002,fold_3,2022-08-12,2022-08-10,936,0.954204,0.904688,0.806016,0.50422,1376,1304,1162,727
c2_aci_gamma_0.00002,fold_3,2022-08-13,2022-08-11,960,0.95438,0.90486,0.80636,0.50446,1376,1304,1162,727
c2_aci_gamma_0.00002,fold_3,2022-08-14,2022-08-12,984,0.954816,0.905292,0.806744,0.5047,1376,1305,1163,728
c2_aci_gamma_0.00002,fold_3,2022-08-15,2022-08-13,1008,0.955012,0.905544,0.806968,0.50488,1377,1305,1163,728
c2_aci_gamma_0.00002,fold_3,2022-08-16,2022-08-14,1032,0.955308,0.905836,0.807232,0.50506,1377,1306,1164,728
c2_aci_gamma_0.00002,fold_3,2022-08-17,2022-08-15,1056,0.955544,0.906048,0.807476,0.50528,1377,1306,1164,729
c2_aci_gamma_0.00002,fold_3,2022-08-18,2022-08-16,1080,0.95564,0.90612,0.80772,0.50548,1378,1306,1164,729
c2_aci_gamma_0.00002,fold_3,2022-08-19,2022-08-17,1104,0.955876,0.906332,0.808104,0.50572,1378,1307,1165,729
c2_aci_gamma_0.00002,fold_3,2022-08-20,2022-08-18,1128,0.956332,0.906764,0.808488,0.50596,1379,1307,1166,730
c2_aci_gamma_0.00002,fold_3,2022-08-21,2022-08-19,1152,0.956768,0.907196,0.808872,0.5062,1379,1308,1166,730
c2_aci_gamma_0.00002,fold_3,2022-08-22,2022-08-20,1176,0.957124,0.907548,0.809216,0.50644,1380,1308,1167,730
c2_aci_gamma_0.00002,fold_3,2022-08-23,2022-08-21,1200,0.95724,0.9077,0.80942,0.50662,1380,1308,1167,731
c2_aci_gamma_0.00002,fold_3,2022-08-24,2022-08-22,1224,0.957676,0.908112,0.809804,0.50686,1381,1309,1167,731
c2_aci_gamma_0.00002,fold_3,2022-08-25,2022-08-23,1248,0.958012,0.908424,0.810188,0.5071,1381,1310,1168,731
c2_aci_gamma_0.00002,fold_3,2022-08-26,2022-08-24,1272,0.958448,0.908836,0.810572,0.50734,1382,1310,1169,732
c2_aci_gamma_0.00002,fold_3,2022-08-27,2022-08-25,1296,0.958904,0.909268,0.810956,0.50758,1382,1311,1169,732
c2_aci_gamma_0.00002,fold_3,2022-08-28,2022-08-26,1320,0.95936,0.9097,0.81134,0.50782,1383,1311,1170,732
c2_aci_gamma_0.00002,fold_3,2022-08-29,2022-08-27,1344,0.959816,0.910132,0.811724,0.50806,1384,1312,1170,733
c2_aci_gamma_0.00002,fold_3,2022-08-30,2022-08-28,1368,0.960032,0.910444,0.812048,0.50826,1384,1312,1171,733
c2_aci_gamma_0.00002,fold_3,2022-08-31,2022-08-29,1392,0.960488,0.910876,0.812432,0.5085,1385,1313,1171,733
c2_aci_gamma_0.00002,fold_3,2022-09-01,2022-08-30,1416,0.960944,0.911308,0.812816,0.50874,1385,1314,1172,734
c2_aci_gamma_0.00002,fold_3,2022-09-02,2022-08-31,1440,0.96138,0.91172,0.8132,0.50898,1386,1314,1172,734
c2_aci_gamma_0.00002,fold_3,2022-09-03,2022-09-01,1464,0.961796,0.912152,0.813584,0.50922,1386,1315,1173,734
c2_aci_gamma_0.00002,fold_3,2022-09-04,2022-09-02,1488,0.961992,0.912344,0.813828,0.50938,1387,1315,1173,735
c2_aci_gamma_0.00002,fold_3,2022-09-05,2022-09-03,1512,0.962028,0.912436,0.813932,0.50936,1387,1315,1173,734
c2_aci_gamma_0.00002,fold_3,2022-09-06,2022-09-04,1536,0.962124,0.912528,0.813976,0.50942,1387,1315,1173,735
c2_aci_gamma_0.00002,fold_3,2022-09-07,2022-09-05,1560,0.9623,0.91268,0.81412,0.50948,1387,1316,1174,735
c2_aci_gamma_0.00002,fold_3,2022-09-08,2022-09-06,1584,0.962536,0.912892,0.814364,0.50966,1388,1316,1174,735
c2_aci_gamma_0.00002,fold_3,2022-09-09,2022-09-07,1608,0.962932,0.913264,0.814748,0.5099,1388,1317,1175,735
c2_aci_gamma_0.00002,fold_3,2022-09-10,2022-09-08,1632,0.963328,0.913636,0.815112,0.51014,1389,1317,1175,736
c2_aci_gamma_0.00002,fold_3,2022-09-11,2022-09-09,1656,0.963484,0.913768,0.815236,0.5103,1389,1317,1175,736
c2_aci_gamma_0.00002,fold_3,2022-09-12,2022-09-10,1680,0.96394,0.9142,0.81562,0.51054,1390,1318,1176,736
c2_aci_gamma_0.00002,fold_3,2022-09-13,2022-09-11,1704,0.964216,0.914572,0.815984,0.51078,1390,1318,1176,737
c2_aci_gamma_0.00002,fold_3,2022-09-14,2022-09-12,1728,0.964272,0.914604,0.816088,0.51094,1390,1318,1176,737
c2_aci_gamma_0.00002,fold_3,2022-09-15,2022-09-13,1752,0.964248,0.914556,0.816092,0.51084,1390,1318,1176,737
c2_aci_gamma_0.00002,fold_3,2022-09-16,2022-09-14,1776,0.964424,0.914708,0.816396,0.51108,1390,1319,1177,737
c2_aci_gamma_0.00002,fold_3,2022-09-17,2022-09-15,1800,0.9644,0.91468,0.81654,0.51114,1390,1319,1177,737
c2_aci_gamma_0.00002,fold_3,2022-09-18,2022-09-16,1824,0.964396,0.914732,0.816584,0.5111,1390,1319,1177,737
c2_aci_gamma_0.00002,fold_3,2022-09-19,2022-09-17,1848,0.964372,0.914724,0.816528,0.511,1390,1319,1177,737
c2_aci_gamma_0.00002,fold_3,2022-09-20,2022-09-18,1872,0.964348,0.914796,0.816552,0.51094,1390,1319,1177,737
c2_aci_gamma_0.00002,fold_3,2022-09-21,2022-09-19,1896,0.964504,0.914928,0.816696,0.51104,1390,1319,1177,737
c2_aci_gamma_0.00002,fold_3,2022-09-22,2022-09-20,1920,0.96476,0.9152,0.81704,0.51124,1391,1319,1178,737
c2_aci_gamma_0.00002,fold_3,2022-09-23,2022-09-21,1944,0.964996,0.915432,0.817324,0.5114,1391,1320,1178,737
c2_aci_gamma_0.00002,fold_3,2022-09-24,2022-09-22,1968,0.965252,0.915684,0.817568,0.51154,1391,1320,1179,738
c2_aci_gamma_0.00002,fold_3,2022-09-25,2022-09-23,1992,0.965508,0.916116,0.817952,0.51178,1392,1321,1179,738
c2_aci_gamma_0.00002,fold_3,2022-09-26,2022-09-24,2016,0.965864,0.916508,0.818336,0.51202,1392,1321,1180,738
c2_aci_gamma_0.00002,fold_3,2022-09-27,2022-09-25,2040,0.9659,0.9166,0.81842,0.5121,1392,1321,1180,738
c2_aci_gamma_0.00002,fold_3,2022-09-28,2022-09-26,2064,0.965876,0.916572,0.818384,0.51208,1392,1321,1180,738
