# CP-20 job gfs-extract index 3 start 2026-09-23T17:07:58Z
added inventory 2023-03-24 True True
added inventory 2023-03-25 True True
added inventory 2023-03-26 True True
added inventory 2023-03-27 True True
added inventory 2023-03-28 True True
added inventory 2023-03-29 True True
added inventory 2023-03-30 True True
added inventory 2023-03-31 True True
extraction start: 20 runs, workers=4
HALT contradiction {'run': '2019-03-30', 'lead': 21, 'endpoint': 'ncar', 'error': "2019-03-30 f021 u10 metadata contradicts admission: {'typeOfFirstFixedSurface': ('sfc', 103), 'typeOfProcessedData': ('fc', 1)}"}
HALT contradiction {'run': '2019-10-26', 'lead': 21, 'endpoint': 'ncar', 'error': "2019-10-26 f021 u10 metadata contradicts admission: {'typeOfFirstFixedSurface': ('sfc', 103), 'typeOfProcessedData': ('fc', 1)}"}
HALT contradiction {'run': '2019-01-01', 'lead': 21, 'endpoint': 'ncar', 'error': "2019-01-01 f021 u10 metadata contradicts admission: {'typeOfFirstFixedSurface': ('sfc', 103), 'typeOfProcessedData': ('fc', 1)}"}
HALT contradiction {'run': '2019-06-13', 'lead': 21, 'endpoint': 'ncar', 'error': "2019-06-13 f021 u10 metadata contradicts admission: {'typeOfFirstFixedSurface': ('sfc', 103), 'typeOfProcessedData': ('fc', 1)}"}
{"selected": 20, "complete": 0, "failed": [], "halt_reason": "contradiction", "requests_this_invocation": {"requests": 105, "bytes": 101498841}, "finished_utc": "2026-09-23T17:10:22Z"}
# CP-20 job gfs-extract index 11 start 2026-09-23T17:12:46Z
extraction start: 20 runs, workers=4
2019-03-30 complete 183.8 s
2019-01-01 complete 185.4 s
2019-10-26 complete 200.3 s
2019-06-13 complete 205.9 s
2021-03-22 complete 211.1 s
2020-10-24 complete 237.3 s
# CP-20 job gfs-extract index 12 start 2026-09-23T17:20:22Z
extraction start: 20 runs, workers=3
2021-02-02 complete 138.4 s
2021-03-23 complete 197.2 s
# CP-20 job gfs-extract index 16 start 2026-09-23T17:28:20Z
extraction start: 2476 runs, workers=2, lanes=['aws', 'ncar']
2021-01-01 complete 25.6 s
2021-01-02 complete 30.6 s
2021-01-03 complete 13.5 s
2021-01-04 FAILED [{'lead': 21, 'endpoint': 'ncar', 'purpose': 'alternate_endpoint', 'error': '2021-01-04 f021: production attempt allowance exhausted'}]
2021-01-05 complete 15.3 s
2021-01-06 complete 14.0 s
2021-01-07 complete 13.2 s
2019-01-02 complete 214.0 s
# CP-20 job gfs-extract index 23 start 2026-09-23T17:36:08Z
extraction start: 2476 runs, workers=2, lanes=['aws', 'ncar']
2019-01-03 complete 166.9 s
2019-01-04 complete 149.1 s
2019-01-05 complete 163.3 s
2019-01-06 complete 122.2 s
2019-01-07 complete 108.2 s
2019-01-08 complete 130.0 s
2019-01-09 complete 113.5 s
2021-01-04 complete 985.8 s
{"selected": 2476, "complete": 23, "failed": [], "halt_reason": "signal_15", "requests_this_invocation": {"requests": 809, "bytes": 482704701}, "finished_utc": "2026-09-23T17:53:02Z"}
# CP-20 job gfs-extract index 25 start 2026-09-23T17:53:02Z
extraction start: 2476 runs, workers=2, lanes=['aws', 'ncar']
2021-01-08 FAILED [{'lead': 21, 'endpoint': 'aws', 'purpose': 'production', 'error': '2021-01-08 f021: production attempt allowance exhausted', 'kind': 'IntegrityError'}]
2021-01-09 FAILED [{'lead': 21, 'endpoint': 'aws', 'purpose': 'transient_retry', 'error': '2021-01-09 f021: production attempt allowance exhausted', 'kind': 'IntegrityError'}]
2019-01-10 complete 179.3 s
2021-01-10 complete 127.6 s
2019-01-11 complete 166.6 s
2021-01-11 FAILED [{'lead': 42, 'endpoint': 'aws', 'purpose': 'transient_retry', 'error': '2021-01-11 f042: production attempt allowance exhausted', 'kind': 'IntegrityError'}]
2019-01-12 complete 143.7 s
HALT network_degraded {'failures_in_window': 5, 'window_s': 600.0}
{"selected": 2476, "complete": 27, "failed": ["2021-01-08", "2021-01-09", "2021-01-11"], "halt_reason": "network_degraded", "requests_this_invocation": {"requests": 600, "bytes": 342832648}, "finished_utc": "2026-09-23T18:02:55Z"}
# CP-20 job gfs-extract index 30 start 2026-09-23T18:07:43Z
extraction start: 5 aws runs, workers=1
2021-01-12 FAILED [{'lead': 21, 'endpoint': 'aws', 'purpose': 'transient_retry', 'error': '2021-01-12 f021: production attempt allowance exhausted', 'kind': 'IntegrityError'}]
2021-01-13 complete 15.5 s
2021-01-14 complete 13.4 s
2021-01-15 complete 232.4 s
HALT network_degraded {'failures_in_window': 5, 'window_s': 600.0}
{"selected": 5, "complete": 3, "failed": ["2021-01-12"], "halt_reason": "network_degraded", "requests_this_invocation": {"requests": 150, "bytes": 160026045}, "finished_utc": "2026-09-23T18:18:19Z", "drained": false}
# CP-20 job gfs-extract index 33 start 2026-09-23T18:53:42Z
extraction start: 732 ncar runs, workers=3
2019-01-15 complete 159.1 s
2019-01-13 complete 166.5 s
2019-01-14 complete 171.5 s
2019-01-16 complete 153.9 s
2019-01-17 complete 190.8 s
2019-01-18 complete 194.6 s
2019-01-21 complete 104.5 s
2019-01-19 complete 178.2 s
2019-01-20 complete 136.1 s
2019-01-22 complete 125.3 s
2019-01-23 complete 114.5 s
2019-01-24 complete 170.1 s
2019-01-25 complete 121.0 s
2019-01-26 complete 153.6 s
2019-01-28 complete 187.3 s
2019-01-29 complete 150.6 s
2019-01-27 complete 257.2 s
2019-01-31 complete 108.5 s
2019-01-30 complete 120.9 s
2019-02-01 complete 155.7 s
2019-02-02 complete 120.7 s
2019-02-03 complete 122.7 s
2019-02-06 complete 109.4 s
2019-02-04 complete 201.8 s
2019-02-05 complete 149.0 s
2019-02-08 FAILED [{'lead': 39, 'endpoint': 'ncar', 'purpose': 'integrity_retry', 'error': '2019-02-08 f039: production attempt allowance exhausted', 'kind': 'IntegrityError'}]
2019-02-07 complete 126.9 s
2019-02-09 complete 138.5 s
2019-02-10 FAILED [{'lead': 30, 'endpoint': 'ncar', 'purpose': 'integrity_retry', 'error': '2019-02-10 f030: production attempt allowance exhausted', 'kind': 'IntegrityError'}]
2019-02-13 complete 205.1 s
2019-02-12 complete 217.6 s
2019-02-11 complete 262.4 s
2019-02-14 complete 136.5 s
2019-02-16 complete 135.5 s
2019-02-15 complete 145.4 s
2019-02-17 complete 162.2 s
2019-02-19 complete 157.8 s
2019-02-18 complete 166.0 s
2019-02-20 complete 103.4 s
2019-02-22 complete 169.4 s
2019-02-21 complete 173.6 s
2019-02-24 FAILED [{'lead': 24, 'endpoint': 'ncar', 'purpose': 'integrity_retry', 'error': '2019-02-24 f024: production attempt allowance exhausted', 'kind': 'IntegrityError'}]
2019-02-25 FAILED [{'lead': 24, 'endpoint': 'ncar', 'purpose': 'integrity_retry', 'error': '2019-02-25 f024: production attempt allowance exhausted', 'kind': 'IntegrityError'}]
2019-02-23 complete 122.9 s
2019-02-26 FAILED [{'lead': 24, 'endpoint': 'ncar', 'purpose': 'integrity_retry', 'error': '2019-02-26 f024: production attempt allowance exhausted', 'kind': 'IntegrityError'}]
2019-02-28 FAILED [{'lead': 24, 'endpoint': 'ncar', 'purpose': 'integrity_retry', 'error': '2019-02-28 f024: production attempt allowance exhausted', 'kind': 'IntegrityError'}]
2019-03-02 FAILED [{'lead': 24, 'endpoint': 'ncar', 'purpose': 'integrity_retry', 'error': '2019-03-02 f024: production attempt allowance exhausted', 'kind': 'IntegrityError'}]
2019-03-01 FAILED [{'lead': 24, 'endpoint': 'ncar', 'purpose': 'integrity_retry', 'error': '2019-03-01 f024: production attempt allowance exhausted', 'kind': 'IntegrityError'}]
2019-02-27 FAILED [{'lead': 24, 'endpoint': 'ncar', 'purpose': 'integrity_retry', 'error': '2019-02-27 f024: production attempt allowance exhausted', 'kind': 'IntegrityError'}]
2019-03-03 FAILED [{'lead': 24, 'endpoint': 'ncar', 'purpose': 'integrity_retry', 'error': '2019-03-03 f024: production attempt allowance exhausted', 'kind': 'IntegrityError'}]
2019-03-05 FAILED [{'lead': 21, 'endpoint': 'ncar', 'purpose': 'integrity_retry', 'error': '2019-03-05 f021: production attempt allowance exhausted', 'kind': 'IntegrityError'}]
2019-03-04 FAILED [{'lead': 30, 'endpoint': 'ncar', 'purpose': 'integrity_retry', 'error': '2019-03-04 f030: production attempt allowance exhausted', 'kind': 'IntegrityError'}]
2019-03-06 FAILED [{'lead': 27, 'endpoint': 'ncar', 'purpose': 'integrity_retry', 'error': '2019-03-06 f027: production attempt allowance exhausted', 'kind': 'IntegrityError'}]
2019-03-07 FAILED [{'lead': 30, 'endpoint': 'ncar', 'purpose': 'integrity_retry', 'error': '2019-03-07 f030: production attempt allowance exhausted', 'kind': 'IntegrityError'}]
2019-03-08 FAILED [{'lead': 30, 'endpoint': 'ncar', 'purpose': 'integrity_retry', 'error': '2019-03-08 f030: production attempt allowance exhausted', 'kind': 'IntegrityError'}]
2019-03-09 FAILED [{'lead': 30, 'endpoint': 'ncar', 'purpose': 'integrity_retry', 'error': '2019-03-09 f030: production attempt allowance exhausted', 'kind': 'IntegrityError'}]
2019-03-12 FAILED [{'lead': 21, 'endpoint': 'ncar', 'purpose': 'integrity_retry', 'error': '2019-03-12 f021: production attempt allowance exhausted', 'kind': 'IntegrityError'}]
2019-03-10 FAILED [{'lead': 30, 'endpoint': 'ncar', 'purpose': 'integrity_retry', 'error': '2019-03-10 f030: production attempt allowance exhausted', 'kind': 'IntegrityError'}]
2019-03-11 complete 122.4 s
2019-03-13 complete 154.2 s
2019-03-14 FAILED [{'lead': 39, 'endpoint': 'ncar', 'purpose': 'integrity_retry', 'error': '2019-03-14 f039: production attempt allowance exhausted', 'kind': 'IntegrityError'}]
2019-03-15 FAILED [{'lead': 39, 'endpoint': 'ncar', 'purpose': 'integrity_retry', 'error': '2019-03-15 f039: production attempt allowance exhausted', 'kind': 'IntegrityError'}]
2019-03-18 complete 98.8 s
2019-03-16 complete 209.7 s
2019-03-17 complete 205.7 s
2019-03-19 complete 126.8 s
2019-03-20 complete 160.1 s
2019-03-21 complete 166.2 s
2019-03-24 FAILED [{'lead': 21, 'endpoint': 'ncar', 'purpose': 'integrity_retry', 'error': '2019-03-24 f021: production attempt allowance exhausted', 'kind': 'IntegrityError'}]
2019-03-22 complete 107.0 s
2019-03-23 FAILED [{'lead': 39, 'endpoint': 'ncar', 'purpose': 'integrity_retry', 'error': '2019-03-23 f039: production attempt allowance exhausted', 'kind': 'IntegrityError'}]
2019-03-25 complete 125.3 s
2019-03-27 complete 122.2 s
2019-03-26 complete 173.8 s
2019-03-28 FAILED [{'lead': 48, 'endpoint': 'ncar', 'purpose': 'integrity_retry', 'error': '2019-03-28 f048: production attempt allowance exhausted', 'kind': 'IntegrityError'}]
2019-04-01 complete 138.7 s
2019-03-31 complete 172.3 s
2019-03-29 complete 250.1 s
2019-04-02 complete 94.5 s
2019-04-03 complete 126.9 s
2019-04-04 complete 121.1 s
2019-04-05 complete 121.8 s
2019-04-06 complete 120.5 s
2019-04-07 complete 130.6 s
2019-04-08 complete 151.1 s
2019-04-09 complete 119.0 s
2019-04-10 complete 127.2 s
2019-04-11 complete 108.8 s
2019-04-12 complete 144.3 s
2019-04-13 complete 143.9 s
2019-04-14 complete 161.6 s
2019-04-15 complete 144.4 s
2019-04-16 complete 170.1 s
2019-04-17 complete 134.4 s
2019-04-18 complete 140.8 s
2019-04-20 complete 137.0 s
2019-04-19 complete 145.8 s
2019-04-21 complete 138.1 s
2019-04-22 complete 105.4 s
2019-04-23 complete 125.3 s
2019-04-24 complete 238.8 s
2019-04-26 complete 147.7 s
2019-04-25 complete 181.8 s
2019-04-29 complete 86.4 s
2019-04-27 complete 117.4 s
2019-04-28 complete 132.4 s
2019-05-01 FAILED [{'lead': 27, 'endpoint': 'ncar', 'purpose': 'integrity_retry', 'error': '2019-05-01 f027: production attempt allowance exhausted', 'kind': 'IntegrityError'}]
2019-05-02 FAILED [{'lead': 27, 'endpoint': 'ncar', 'purpose': 'integrity_retry', 'error': '2019-05-02 f027: production attempt allowance exhausted', 'kind': 'IntegrityError'}]
2019-04-30 complete 137.2 s
2019-05-04 FAILED [{'lead': 36, 'endpoint': 'ncar', 'purpose': 'integrity_retry', 'error': '2019-05-04 f036: production attempt allowance exhausted', 'kind': 'IntegrityError'}]
2019-05-03 FAILED [{'lead': 36, 'endpoint': 'ncar', 'purpose': 'integrity_retry', 'error': '2019-05-03 f036: production attempt allowance exhausted', 'kind': 'IntegrityError'}]
2019-05-05 complete 150.2 s
2019-05-07 complete 101.0 s
2019-05-06 complete 120.7 s
2019-05-08 complete 104.3 s
2019-05-09 complete 108.5 s
2019-05-10 complete 120.8 s
2019-05-12 complete 129.5 s
2019-05-11 complete 150.5 s
2019-05-13 complete 146.5 s
2019-05-14 complete 141.0 s
2019-05-16 complete 113.8 s
2019-05-15 complete 140.7 s
2019-05-19 complete 86.6 s
2019-05-18 complete 120.8 s
2019-05-17 complete 134.0 s
2019-05-20 complete 101.4 s
2019-05-21 complete 103.6 s
2019-05-22 complete 119.2 s
2019-05-23 complete 89.1 s
2019-05-24 complete 87.1 s
2019-05-26 complete 89.7 s
2019-05-25 complete 188.2 s
2019-05-27 complete 152.0 s
2019-05-28 complete 129.9 s
2019-05-29 complete 84.4 s
2019-05-30 complete 135.7 s
2019-05-31 complete 133.2 s
2019-06-01 complete 139.4 s
2019-06-02 complete 95.2 s
2019-06-03 complete 138.7 s
2019-06-04 complete 132.3 s
2019-06-05 complete 97.0 s
2019-06-08 complete 105.8 s
2019-06-06 complete 135.2 s
2019-06-07 complete 171.2 s
2019-06-09 complete 82.9 s
2019-06-10 complete 130.6 s
2019-06-11 complete 107.0 s
2019-06-12 FAILED [{'lead': 42, 'endpoint': 'ncar', 'purpose': 'integrity_retry', 'error': '2019-06-12 f042: production attempt allowance exhausted', 'kind': 'IntegrityError'}]
2019-06-14 complete 142.3 s
2019-06-15 complete 118.8 s
2019-06-16 complete 140.1 s
2019-06-17 complete 153.9 s
2019-06-18 complete 164.1 s
2019-06-19 complete 151.1 s
2019-06-20 complete 109.6 s
2019-06-21 complete 139.2 s
2019-06-22 complete 90.3 s
2019-06-25 complete 97.6 s
2019-06-24 complete 144.2 s
2019-06-23 complete 227.6 s
2019-06-27 complete 106.1 s
2019-06-26 complete 153.2 s
2019-06-28 complete 110.4 s
2019-06-29 complete 90.4 s
2019-07-02 FAILED [{'lead': 24, 'endpoint': 'ncar', 'purpose': 'integrity_retry', 'error': '2019-07-02 f024: production attempt allowance exhausted', 'kind': 'IntegrityError'}]
2019-07-01 complete 110.2 s
2019-07-04 FAILED [{'lead': 21, 'endpoint': 'ncar', 'purpose': 'integrity_retry', 'error': '2019-07-04 f021: production attempt allowance exhausted', 'kind': 'IntegrityError'}]
2019-07-05 FAILED [{'lead': 21, 'endpoint': 'ncar', 'purpose': 'integrity_retry', 'error': '2019-07-05 f021: production attempt allowance exhausted', 'kind': 'IntegrityError'}]
2019-07-06 FAILED [{'lead': 21, 'endpoint': 'ncar', 'purpose': 'integrity_retry', 'error': '2019-07-06 f021: production attempt allowance exhausted', 'kind': 'IntegrityError'}]
2019-07-07 FAILED [{'lead': 21, 'endpoint': 'ncar', 'purpose': 'integrity_retry', 'error': '2019-07-07 f021: production attempt allowance exhausted', 'kind': 'IntegrityError'}]
2019-07-08 FAILED [{'lead': 21, 'endpoint': 'ncar', 'purpose': 'integrity_retry', 'error': '2019-07-08 f021: production attempt allowance exhausted', 'kind': 'IntegrityError'}]
2019-07-09 FAILED [{'lead': 21, 'endpoint': 'ncar', 'purpose': 'integrity_retry', 'error': '2019-07-09 f021: production attempt allowance exhausted', 'kind': 'IntegrityError'}]
2019-07-10 FAILED [{'lead': 21, 'endpoint': 'ncar', 'purpose': 'integrity_retry', 'error': '2019-07-10 f021: production attempt allowance exhausted', 'kind': 'IntegrityError'}]
2019-07-11 FAILED [{'lead': 21, 'endpoint': 'ncar', 'purpose': 'integrity_retry', 'error': '2019-07-11 f021: production attempt allowance exhausted', 'kind': 'IntegrityError'}]
2019-07-12 FAILED [{'lead': 21, 'endpoint': 'ncar', 'purpose': 'integrity_retry', 'error': '2019-07-12 f021: production attempt allowance exhausted', 'kind': 'IntegrityError'}]
2019-07-13 FAILED [{'lead': 21, 'endpoint': 'ncar', 'purpose': 'integrity_retry', 'error': '2019-07-13 f021: production attempt allowance exhausted', 'kind': 'IntegrityError'}]
2019-07-14 FAILED [{'lead': 21, 'endpoint': 'ncar', 'purpose': 'integrity_retry', 'error': '2019-07-14 f021: production attempt allowance exhausted', 'kind': 'IntegrityError'}]
2019-07-15 FAILED [{'lead': 21, 'endpoint': 'ncar', 'purpose': 'integrity_retry', 'error': '2019-07-15 f021: production attempt allowance exhausted', 'kind': 'IntegrityError'}]
2019-07-16 FAILED [{'lead': 21, 'endpoint': 'ncar', 'purpose': 'integrity_retry', 'error': '2019-07-16 f021: production attempt allowance exhausted', 'kind': 'IntegrityError'}]
2019-06-30 complete 177.2 s
2019-07-17 FAILED [{'lead': 21, 'endpoint': 'ncar', 'purpose': 'integrity_retry', 'error': '2019-07-17 f021: production attempt allowance exhausted', 'kind': 'IntegrityError'}]
2019-07-18 FAILED [{'lead': 21, 'endpoint': 'ncar', 'purpose': 'integrity_retry', 'error': '2019-07-18 f021: production attempt allowance exhausted', 'kind': 'IntegrityError'}]
2019-07-20 FAILED [{'lead': 21, 'endpoint': 'ncar', 'purpose': 'integrity_retry', 'error': '2019-07-20 f021: production attempt allowance exhausted', 'kind': 'IntegrityError'}]
2019-07-21 FAILED [{'lead': 21, 'endpoint': 'ncar', 'purpose': 'integrity_retry', 'error': '2019-07-21 f021: production attempt allowance exhausted', 'kind': 'IntegrityError'}]
2019-07-19 FAILED [{'lead': 21, 'endpoint': 'ncar', 'purpose': 'integrity_retry', 'error': '2019-07-19 f021: production attempt allowance exhausted', 'kind': 'IntegrityError'}]
2019-07-22 FAILED [{'lead': 21, 'endpoint': 'ncar', 'purpose': 'integrity_retry', 'error': '2019-07-22 f021: production attempt allowance exhausted', 'kind': 'IntegrityError'}]
2019-07-24 FAILED [{'lead': 21, 'endpoint': 'ncar', 'purpose': 'integrity_retry', 'error': '2019-07-24 f021: production attempt allowance exhausted', 'kind': 'IntegrityError'}]
2019-07-23 FAILED [{'lead': 21, 'endpoint': 'ncar', 'purpose': 'integrity_retry', 'error': '2019-07-23 f021: production attempt allowance exhausted', 'kind': 'IntegrityError'}]
2019-07-25 FAILED [{'lead': 21, 'endpoint': 'ncar', 'purpose': 'integrity_retry', 'error': '2019-07-25 f021: production attempt allowance exhausted', 'kind': 'IntegrityError'}]
2019-07-27 FAILED [{'lead': 21, 'endpoint': 'ncar', 'purpose': 'integrity_retry', 'error': '2019-07-27 f021: production attempt allowance exhausted', 'kind': 'IntegrityError'}]
2019-07-26 FAILED [{'lead': 21, 'endpoint': 'ncar', 'purpose': 'integrity_retry', 'error': '2019-07-26 f021: production attempt allowance exhausted', 'kind': 'IntegrityError'}]
2019-07-28 FAILED [{'lead': 21, 'endpoint': 'ncar', 'purpose': 'integrity_retry', 'error': '2019-07-28 f021: production attempt allowance exhausted', 'kind': 'IntegrityError'}]
2019-07-30 FAILED [{'lead': 21, 'endpoint': 'ncar', 'purpose': 'integrity_retry', 'error': '2019-07-30 f021: production attempt allowance exhausted', 'kind': 'IntegrityError'}]
2019-07-03 complete 143.9 s
2019-07-31 FAILED [{'lead': 21, 'endpoint': 'ncar', 'purpose': 'integrity_retry', 'error': '2019-07-31 f021: production attempt allowance exhausted', 'kind': 'IntegrityError'}]
2019-07-29 FAILED [{'lead': 21, 'endpoint': 'ncar', 'purpose': 'integrity_retry', 'error': '2019-07-29 f021: production attempt allowance exhausted', 'kind': 'IntegrityError'}]
2019-08-01 FAILED [{'lead': 21, 'endpoint': 'ncar', 'purpose': 'integrity_retry', 'error': '2019-08-01 f021: production attempt allowance exhausted', 'kind': 'IntegrityError'}]
2019-08-03 FAILED [{'lead': 21, 'endpoint': 'ncar', 'purpose': 'integrity_retry', 'error': '2019-08-03 f021: production attempt allowance exhausted', 'kind': 'IntegrityError'}]
2019-08-02 FAILED [{'lead': 21, 'endpoint': 'ncar', 'purpose': 'integrity_retry', 'error': '2019-08-02 f021: production attempt allowance exhausted', 'kind': 'IntegrityError'}]
2019-08-04 FAILED [{'lead': 21, 'endpoint': 'ncar', 'purpose': 'integrity_retry', 'error': '2019-08-04 f021: production attempt allowance exhausted', 'kind': 'IntegrityError'}]
2019-08-07 FAILED [{'lead': 21, 'endpoint': 'ncar', 'purpose': 'integrity_retry', 'error': '2019-08-07 f021: production attempt allowance exhausted', 'kind': 'IntegrityError'}]
2019-08-06 FAILED [{'lead': 21, 'endpoint': 'ncar', 'purpose': 'integrity_retry', 'error': '2019-08-06 f021: production attempt allowance exhausted', 'kind': 'IntegrityError'}]
2019-08-08 FAILED [{'lead': 21, 'endpoint': 'ncar', 'purpose': 'integrity_retry', 'error': '2019-08-08 f021: production attempt allowance exhausted', 'kind': 'IntegrityError'}]
2019-08-09 FAILED [{'lead': 21, 'endpoint': 'ncar', 'purpose': 'integrity_retry', 'error': '2019-08-09 f021: production attempt allowance exhausted', 'kind': 'IntegrityError'}]
2019-08-05 FAILED [{'lead': 21, 'endpoint': 'ncar', 'purpose': 'integrity_retry', 'error': '2019-08-05 f021: production attempt allowance exhausted', 'kind': 'IntegrityError'}]
2019-08-10 FAILED [{'lead': 21, 'endpoint': 'ncar', 'purpose': 'integrity_retry', 'error': '2019-08-10 f021: production attempt allowance exhausted', 'kind': 'IntegrityError'}]
2019-08-11 FAILED [{'lead': 21, 'endpoint': 'ncar', 'purpose': 'integrity_retry', 'error': '2019-08-11 f021: production attempt allowance exhausted', 'kind': 'IntegrityError'}]
2019-08-14 FAILED [{'lead': 21, 'endpoint': 'ncar', 'purpose': 'integrity_retry', 'error': '2019-08-14 f021: production attempt allowance exhausted', 'kind': 'IntegrityError'}]
2019-08-13 FAILED [{'lead': 21, 'endpoint': 'ncar', 'purpose': 'integrity_retry', 'error': '2019-08-13 f021: production attempt allowance exhausted', 'kind': 'IntegrityError'}]
2019-08-12 FAILED [{'lead': 21, 'endpoint': 'ncar', 'purpose': 'integrity_retry', 'error': '2019-08-12 f021: production attempt allowance exhausted', 'kind': 'IntegrityError'}]
2019-08-15 FAILED [{'lead': 21, 'endpoint': 'ncar', 'purpose': 'integrity_retry', 'error': '2019-08-15 f021: production attempt allowance exhausted', 'kind': 'IntegrityError'}]
2019-08-16 FAILED [{'lead': 21, 'endpoint': 'ncar', 'purpose': 'integrity_retry', 'error': '2019-08-16 f021: production attempt allowance exhausted', 'kind': 'IntegrityError'}]
2019-08-18 FAILED [{'lead': 21, 'endpoint': 'ncar', 'purpose': 'integrity_retry', 'error': '2019-08-18 f021: production attempt allowance exhausted', 'kind': 'IntegrityError'}]
2019-08-20 FAILED [{'lead': 21, 'endpoint': 'ncar', 'purpose': 'integrity_retry', 'error': '2019-08-20 f021: production attempt allowance exhausted', 'kind': 'IntegrityError'}]
2019-08-17 FAILED [{'lead': 21, 'endpoint': 'ncar', 'purpose': 'integrity_retry', 'error': '2019-08-17 f021: production attempt allowance exhausted', 'kind': 'IntegrityError'}]
2019-08-22 FAILED [{'lead': 21, 'endpoint': 'ncar', 'purpose': 'integrity_retry', 'error': '2019-08-22 f021: production attempt allowance exhausted', 'kind': 'IntegrityError'}]
2019-08-19 FAILED [{'lead': 21, 'endpoint': 'ncar', 'purpose': 'integrity_retry', 'error': '2019-08-19 f021: production attempt allowance exhausted', 'kind': 'IntegrityError'}]
2019-08-21 FAILED [{'lead': 21, 'endpoint': 'ncar', 'purpose': 'integrity_retry', 'error': '2019-08-21 f021: production attempt allowance exhausted', 'kind': 'IntegrityError'}]
2019-08-25 FAILED [{'lead': 21, 'endpoint': 'ncar', 'purpose': 'integrity_retry', 'error': '2019-08-25 f021: production attempt allowance exhausted', 'kind': 'IntegrityError'}]
2019-08-26 FAILED [{'lead': 21, 'endpoint': 'ncar', 'purpose': 'integrity_retry', 'error': '2019-08-26 f021: production attempt allowance exhausted', 'kind': 'IntegrityError'}]
2019-08-23 FAILED [{'lead': 21, 'endpoint': 'ncar', 'purpose': 'integrity_retry', 'error': '2019-08-23 f021: production attempt allowance exhausted', 'kind': 'IntegrityError'}]
2019-08-24 FAILED [{'lead': 21, 'endpoint': 'ncar', 'purpose': 'integrity_retry', 'error': '2019-08-24 f021: production attempt allowance exhausted', 'kind': 'IntegrityError'}]
2019-08-29 FAILED [{'lead': 21, 'endpoint': 'ncar', 'purpose': 'integrity_retry', 'error': '2019-08-29 f021: production attempt allowance exhausted', 'kind': 'IntegrityError'}]
2019-08-27 FAILED [{'lead': 21, 'endpoint': 'ncar', 'purpose': 'integrity_retry', 'error': '2019-08-27 f021: production attempt allowance exhausted', 'kind': 'IntegrityError'}]
2019-08-28 FAILED [{'lead': 21, 'endpoint': 'ncar', 'purpose': 'integrity_retry', 'error': '2019-08-28 f021: production attempt allowance exhausted', 'kind': 'IntegrityError'}]
2019-09-01 complete 141.8 s
2019-08-30 FAILED [{'lead': 33, 'endpoint': 'ncar', 'purpose': 'integrity_retry', 'error': '2019-08-30 f033: production attempt allowance exhausted', 'kind': 'IntegrityError'}]
2019-08-31 FAILED [{'lead': 33, 'endpoint': 'ncar', 'purpose': 'integrity_retry', 'error': '2019-08-31 f033: production attempt allowance exhausted', 'kind': 'IntegrityError'}]
2019-09-04 FAILED [{'lead': 21, 'endpoint': 'ncar', 'purpose': 'integrity_retry', 'error': '2019-09-04 f021: production attempt allowance exhausted', 'kind': 'IntegrityError'}]
2019-09-03 FAILED [{'lead': 21, 'endpoint': 'ncar', 'purpose': 'integrity_retry', 'error': '2019-09-03 f021: production attempt allowance exhausted', 'kind': 'IntegrityError'}]
2019-09-05 FAILED [{'lead': 21, 'endpoint': 'ncar', 'purpose': 'integrity_retry', 'error': '2019-09-05 f021: production attempt allowance exhausted', 'kind': 'IntegrityError'}]
2019-09-06 FAILED [{'lead': 21, 'endpoint': 'ncar', 'purpose': 'integrity_retry', 'error': '2019-09-06 f021: production attempt allowance exhausted', 'kind': 'IntegrityError'}]
2019-09-07 FAILED [{'lead': 21, 'endpoint': 'ncar', 'purpose': 'integrity_retry', 'error': '2019-09-07 f021: production attempt allowance exhausted', 'kind': 'IntegrityError'}]
2019-09-09 FAILED [{'lead': 21, 'endpoint': 'ncar', 'purpose': 'integrity_retry', 'error': '2019-09-09 f021: production attempt allowance exhausted', 'kind': 'IntegrityError'}]
2019-09-08 FAILED [{'lead': 21, 'endpoint': 'ncar', 'purpose': 'integrity_retry', 'error': '2019-09-08 f021: production attempt allowance exhausted', 'kind': 'IntegrityError'}]
2019-09-10 FAILED [{'lead': 21, 'endpoint': 'ncar', 'purpose': 'integrity_retry', 'error': '2019-09-10 f021: production attempt allowance exhausted', 'kind': 'IntegrityError'}]
2019-09-11 FAILED [{'lead': 21, 'endpoint': 'ncar', 'purpose': 'integrity_retry', 'error': '2019-09-11 f021: production attempt allowance exhausted', 'kind': 'IntegrityError'}]
2019-09-12 FAILED [{'lead': 21, 'endpoint': 'ncar', 'purpose': 'integrity_retry', 'error': '2019-09-12 f021: production attempt allowance exhausted', 'kind': 'IntegrityError'}]
2019-09-14 FAILED [{'lead': 21, 'endpoint': 'ncar', 'purpose': 'integrity_retry', 'error': '2019-09-14 f021: production attempt allowance exhausted', 'kind': 'IntegrityError'}]
2019-09-13 FAILED [{'lead': 21, 'endpoint': 'ncar', 'purpose': 'integrity_retry', 'error': '2019-09-13 f021: production attempt allowance exhausted', 'kind': 'IntegrityError'}]
2019-09-15 FAILED [{'lead': 21, 'endpoint': 'ncar', 'purpose': 'integrity_retry', 'error': '2019-09-15 f021: production attempt allowance exhausted', 'kind': 'IntegrityError'}]
2019-09-16 FAILED [{'lead': 21, 'endpoint': 'ncar', 'purpose': 'integrity_retry', 'error': '2019-09-16 f021: production attempt allowance exhausted', 'kind': 'IntegrityError'}]
2019-09-17 FAILED [{'lead': 21, 'endpoint': 'ncar', 'purpose': 'integrity_retry', 'error': '2019-09-17 f021: production attempt allowance exhausted', 'kind': 'IntegrityError'}]
2019-09-18 FAILED [{'lead': 21, 'endpoint': 'ncar', 'purpose': 'integrity_retry', 'error': '2019-09-18 f021: production attempt allowance exhausted', 'kind': 'IntegrityError'}]
2019-09-19 FAILED [{'lead': 21, 'endpoint': 'ncar', 'purpose': 'integrity_retry', 'error': '2019-09-19 f021: production attempt allowance exhausted', 'kind': 'IntegrityError'}]
2019-09-20 FAILED [{'lead': 21, 'endpoint': 'ncar', 'purpose': 'integrity_retry', 'error': '2019-09-20 f021: production attempt allowance exhausted', 'kind': 'IntegrityError'}]
2019-09-21 FAILED [{'lead': 21, 'endpoint': 'ncar', 'purpose': 'integrity_retry', 'error': '2019-09-21 f021: production attempt allowance exhausted', 'kind': 'IntegrityError'}]
2019-09-22 FAILED [{'lead': 21, 'endpoint': 'ncar', 'purpose': 'integrity_retry', 'error': '2019-09-22 f021: production attempt allowance exhausted', 'kind': 'IntegrityError'}]
2019-09-23 FAILED [{'lead': 21, 'endpoint': 'ncar', 'purpose': 'integrity_retry', 'error': '2019-09-23 f021: production attempt allowance exhausted', 'kind': 'IntegrityError'}]
2019-09-24 FAILED [{'lead': 21, 'endpoint': 'ncar', 'purpose': 'integrity_retry', 'error': '2019-09-24 f021: production attempt allowance exhausted', 'kind': 'IntegrityError'}]
2019-09-25 FAILED [{'lead': 21, 'endpoint': 'ncar', 'purpose': 'integrity_retry', 'error': '2019-09-25 f021: production attempt allowance exhausted', 'kind': 'IntegrityError'}]
2019-09-27 FAILED [{'lead': 21, 'endpoint': 'ncar', 'purpose': 'integrity_retry', 'error': '2019-09-27 f021: production attempt allowance exhausted', 'kind': 'IntegrityError'}]
2019-09-02 complete 113.0 s
2019-09-26 FAILED [{'lead': 21, 'endpoint': 'ncar', 'purpose': 'integrity_retry', 'error': '2019-09-26 f021: production attempt allowance exhausted', 'kind': 'IntegrityError'}]
2019-09-28 FAILED [{'lead': 21, 'endpoint': 'ncar', 'purpose': 'integrity_retry', 'error': '2019-09-28 f021: production attempt allowance exhausted', 'kind': 'IntegrityError'}]
2019-10-01 FAILED [{'lead': 21, 'endpoint': 'ncar', 'purpose': 'integrity_retry', 'error': '2019-10-01 f021: production attempt allowance exhausted', 'kind': 'IntegrityError'}]
2019-09-30 FAILED [{'lead': 24, 'endpoint': 'ncar', 'purpose': 'integrity_retry', 'error': '2019-09-30 f024: production attempt allowance exhausted', 'kind': 'IntegrityError'}]
2019-10-02 FAILED [{'lead': 24, 'endpoint': 'ncar', 'purpose': 'integrity_retry', 'error': '2019-10-02 f024: production attempt allowance exhausted', 'kind': 'IntegrityError'}]
2019-10-04 FAILED [{'lead': 24, 'endpoint': 'ncar', 'purpose': 'integrity_retry', 'error': '2019-10-04 f024: production attempt allowance exhausted', 'kind': 'IntegrityError'}]
2019-10-03 FAILED [{'lead': 24, 'endpoint': 'ncar', 'purpose': 'integrity_retry', 'error': '2019-10-03 f024: production attempt allowance exhausted', 'kind': 'IntegrityError'}]
2019-10-05 FAILED [{'lead': 24, 'endpoint': 'ncar', 'purpose': 'integrity_retry', 'error': '2019-10-05 f024: production attempt allowance exhausted', 'kind': 'IntegrityError'}]
2019-10-06 FAILED [{'lead': 24, 'endpoint': 'ncar', 'purpose': 'integrity_retry', 'error': '2019-10-06 f024: production attempt allowance exhausted', 'kind': 'IntegrityError'}]
2019-09-29 FAILED [{'lead': 45, 'endpoint': 'ncar', 'purpose': 'integrity_retry', 'error': '2019-09-29 f045: production attempt allowance exhausted', 'kind': 'IntegrityError'}]
2019-10-08 complete 116.7 s
2019-10-07 complete 136.6 s
2019-10-11 FAILED [{'lead': 21, 'endpoint': 'ncar', 'purpose': 'integrity_retry', 'error': '2019-10-11 f021: production attempt allowance exhausted', 'kind': 'IntegrityError'}]
2019-10-12 FAILED [{'lead': 21, 'endpoint': 'ncar', 'purpose': 'integrity_retry', 'error': '2019-10-12 f021: production attempt allowance exhausted', 'kind': 'IntegrityError'}]
2019-10-09 complete 86.2 s
2019-10-14 FAILED [{'lead': 21, 'endpoint': 'ncar', 'purpose': 'integrity_retry', 'error': '2019-10-14 f021: production attempt allowance exhausted', 'kind': 'IntegrityError'}]
2019-10-13 FAILED [{'lead': 21, 'endpoint': 'ncar', 'purpose': 'integrity_retry', 'error': '2019-10-13 f021: production attempt allowance exhausted', 'kind': 'IntegrityError'}]
2019-10-15 FAILED [{'lead': 21, 'endpoint': 'ncar', 'purpose': 'integrity_retry', 'error': '2019-10-15 f021: production attempt allowance exhausted', 'kind': 'IntegrityError'}]
2019-10-16 FAILED [{'lead': 21, 'endpoint': 'ncar', 'purpose': 'integrity_retry', 'error': '2019-10-16 f021: production attempt allowance exhausted', 'kind': 'IntegrityError'}]
2019-10-17 FAILED [{'lead': 21, 'endpoint': 'ncar', 'purpose': 'integrity_retry', 'error': '2019-10-17 f021: production attempt allowance exhausted', 'kind': 'IntegrityError'}]
2019-10-10 FAILED [{'lead': 39, 'endpoint': 'ncar', 'purpose': 'integrity_retry', 'error': '2019-10-10 f039: production attempt allowance exhausted', 'kind': 'IntegrityError'}]
2019-10-20 complete 131.3 s
2019-10-19 complete 163.1 s
2019-10-18 complete 180.5 s
2019-10-21 complete 86.3 s
2019-10-22 complete 102.3 s
2019-10-23 complete 107.2 s
2019-10-27 complete 119.8 s
2019-10-28 FAILED [{'lead': 21, 'endpoint': 'ncar', 'purpose': 'integrity_retry', 'error': '2019-10-28 f021: production attempt allowance exhausted', 'kind': 'IntegrityError'}]
2019-10-29 FAILED [{'lead': 21, 'endpoint': 'ncar', 'purpose': 'integrity_retry', 'error': '2019-10-29 f021: production attempt allowance exhausted', 'kind': 'IntegrityError'}]
2019-10-30 FAILED [{'lead': 21, 'endpoint': 'ncar', 'purpose': 'integrity_retry', 'error': '2019-10-30 f021: production attempt allowance exhausted', 'kind': 'IntegrityError'}]
2019-10-31 FAILED [{'lead': 21, 'endpoint': 'ncar', 'purpose': 'integrity_retry', 'error': '2019-10-31 f021: production attempt allowance exhausted', 'kind': 'IntegrityError'}]
2019-11-01 FAILED [{'lead': 21, 'endpoint': 'ncar', 'purpose': 'integrity_retry', 'error': '2019-11-01 f021: production attempt allowance exhausted', 'kind': 'IntegrityError'}]
2019-11-02 FAILED [{'lead': 21, 'endpoint': 'ncar', 'purpose': 'integrity_retry', 'error': '2019-11-02 f021: production attempt allowance exhausted', 'kind': 'IntegrityError'}]
2019-10-24 complete 179.8 s
2019-11-03 FAILED [{'lead': 21, 'endpoint': 'ncar', 'purpose': 'integrity_retry', 'error': '2019-11-03 f021: production attempt allowance exhausted', 'kind': 'IntegrityError'}]
2019-11-04 FAILED [{'lead': 21, 'endpoint': 'ncar', 'purpose': 'integrity_retry', 'error': '2019-11-04 f021: production attempt allowance exhausted', 'kind': 'IntegrityError'}]
2019-10-25 complete 186.0 s
2019-11-05 FAILED [{'lead': 24, 'endpoint': 'ncar', 'purpose': 'integrity_retry', 'error': '2019-11-05 f024: production attempt allowance exhausted', 'kind': 'IntegrityError'}]
2019-11-06 FAILED [{'lead': 24, 'endpoint': 'ncar', 'purpose': 'integrity_retry', 'error': '2019-11-06 f024: production attempt allowance exhausted', 'kind': 'IntegrityError'}]
2019-11-08 FAILED [{'lead': 24, 'endpoint': 'ncar', 'purpose': 'integrity_retry', 'error': '2019-11-08 f024: production attempt allowance exhausted', 'kind': 'IntegrityError'}]
2019-11-10 FAILED [{'lead': 24, 'endpoint': 'ncar', 'purpose': 'integrity_retry', 'error': '2019-11-10 f024: production attempt allowance exhausted', 'kind': 'IntegrityError'}]
2019-11-07 FAILED [{'lead': 24, 'endpoint': 'ncar', 'purpose': 'integrity_retry', 'error': '2019-11-07 f024: production attempt allowance exhausted', 'kind': 'IntegrityError'}]
2019-11-11 FAILED [{'lead': 24, 'endpoint': 'ncar', 'purpose': 'integrity_retry', 'error': '2019-11-11 f024: production attempt allowance exhausted', 'kind': 'IntegrityError'}]
2019-11-09 FAILED [{'lead': 24, 'endpoint': 'ncar', 'purpose': 'integrity_retry', 'error': '2019-11-09 f024: production attempt allowance exhausted', 'kind': 'IntegrityError'}]
2019-11-13 FAILED [{'lead': 24, 'endpoint': 'ncar', 'purpose': 'integrity_retry', 'error': '2019-11-13 f024: production attempt allowance exhausted', 'kind': 'IntegrityError'}]
2019-11-15 FAILED [{'lead': 21, 'endpoint': 'ncar', 'purpose': 'integrity_retry', 'error': '2019-11-15 f021: production attempt allowance exhausted', 'kind': 'IntegrityError'}]
2019-11-14 FAILED [{'lead': 24, 'endpoint': 'ncar', 'purpose': 'integrity_retry', 'error': '2019-11-14 f024: production attempt allowance exhausted', 'kind': 'IntegrityError'}]
2019-11-12 FAILED [{'lead': 24, 'endpoint': 'ncar', 'purpose': 'integrity_retry', 'error': '2019-11-12 f024: production attempt allowance exhausted', 'kind': 'IntegrityError'}]
2019-11-17 FAILED [{'lead': 24, 'endpoint': 'ncar', 'purpose': 'integrity_retry', 'error': '2019-11-17 f024: production attempt allowance exhausted', 'kind': 'IntegrityError'}]
2019-11-18 FAILED [{'lead': 21, 'endpoint': 'ncar', 'purpose': 'integrity_retry', 'error': '2019-11-18 f021: production attempt allowance exhausted', 'kind': 'IntegrityError'}]
2019-11-16 FAILED [{'lead': 24, 'endpoint': 'ncar', 'purpose': 'integrity_retry', 'error': '2019-11-16 f024: production attempt allowance exhausted', 'kind': 'IntegrityError'}]
2019-11-19 FAILED [{'lead': 24, 'endpoint': 'ncar', 'purpose': 'integrity_retry', 'error': '2019-11-19 f024: production attempt allowance exhausted', 'kind': 'IntegrityError'}]
2019-11-21 FAILED [{'lead': 24, 'endpoint': 'ncar', 'purpose': 'integrity_retry', 'error': '2019-11-21 f024: production attempt allowance exhausted', 'kind': 'IntegrityError'}]
2019-11-20 FAILED [{'lead': 24, 'endpoint': 'ncar', 'purpose': 'integrity_retry', 'error': '2019-11-20 f024: production attempt allowance exhausted', 'kind': 'IntegrityError'}]
2019-11-22 FAILED [{'lead': 24, 'endpoint': 'ncar', 'purpose': 'integrity_retry', 'error': '2019-11-22 f024: production attempt allowance exhausted', 'kind': 'IntegrityError'}]
2019-11-23 FAILED [{'lead': 24, 'endpoint': 'ncar', 'purpose': 'integrity_retry', 'error': '2019-11-23 f024: production attempt allowance exhausted', 'kind': 'IntegrityError'}]
2019-11-26 FAILED [{'lead': 24, 'endpoint': 'ncar', 'purpose': 'integrity_retry', 'error': '2019-11-26 f024: production attempt allowance exhausted', 'kind': 'IntegrityError'}]
2019-11-24 FAILED [{'lead': 24, 'endpoint': 'ncar', 'purpose': 'integrity_retry', 'error': '2019-11-24 f024: production attempt allowance exhausted', 'kind': 'IntegrityError'}]
2019-11-25 FAILED [{'lead': 24, 'endpoint': 'ncar', 'purpose': 'integrity_retry', 'error': '2019-11-25 f024: production attempt allowance exhausted', 'kind': 'IntegrityError'}]
2019-11-27 FAILED [{'lead': 24, 'endpoint': 'ncar', 'purpose': 'integrity_retry', 'error': '2019-11-27 f024: production attempt allowance exhausted', 'kind': 'IntegrityError'}]
2019-11-28 FAILED [{'lead': 24, 'endpoint': 'ncar', 'purpose': 'integrity_retry', 'error': '2019-11-28 f024: production attempt allowance exhausted', 'kind': 'IntegrityError'}]
2019-11-29 FAILED [{'lead': 24, 'endpoint': 'ncar', 'purpose': 'integrity_retry', 'error': '2019-11-29 f024: production attempt allowance exhausted', 'kind': 'IntegrityError'}]
2019-11-30 FAILED [{'lead': 24, 'endpoint': 'ncar', 'purpose': 'integrity_retry', 'error': '2019-11-30 f024: production attempt allowance exhausted', 'kind': 'IntegrityError'}]
2019-12-01 FAILED [{'lead': 24, 'endpoint': 'ncar', 'purpose': 'integrity_retry', 'error': '2019-12-01 f024: production attempt allowance exhausted', 'kind': 'IntegrityError'}]
2019-12-03 FAILED [{'lead': 24, 'endpoint': 'ncar', 'purpose': 'integrity_retry', 'error': '2019-12-03 f024: production attempt allowance exhausted', 'kind': 'IntegrityError'}]
2019-12-04 FAILED [{'lead': 24, 'endpoint': 'ncar', 'purpose': 'integrity_retry', 'error': '2019-12-04 f024: production attempt allowance exhausted', 'kind': 'IntegrityError'}]
2019-12-02 FAILED [{'lead': 24, 'endpoint': 'ncar', 'purpose': 'integrity_retry', 'error': '2019-12-02 f024: production attempt allowance exhausted', 'kind': 'IntegrityError'}]
2019-12-05 FAILED [{'lead': 24, 'endpoint': 'ncar', 'purpose': 'integrity_retry', 'error': '2019-12-05 f024: production attempt allowance exhausted', 'kind': 'IntegrityError'}]
2019-12-07 FAILED [{'lead': 24, 'endpoint': 'ncar', 'purpose': 'integrity_retry', 'error': '2019-12-07 f024: production attempt allowance exhausted', 'kind': 'IntegrityError'}]
2019-12-08 FAILED [{'lead': 24, 'endpoint': 'ncar', 'purpose': 'integrity_retry', 'error': '2019-12-08 f024: production attempt allowance exhausted', 'kind': 'IntegrityError'}]
2019-12-09 FAILED [{'lead': 21, 'endpoint': 'ncar', 'purpose': 'integrity_retry', 'error': '2019-12-09 f021: production attempt allowance exhausted', 'kind': 'IntegrityError'}]
2019-12-10 FAILED [{'lead': 21, 'endpoint': 'ncar', 'purpose': 'integrity_retry', 'error': '2019-12-10 f021: production attempt allowance exhausted', 'kind': 'IntegrityError'}]
2019-12-11 FAILED [{'lead': 21, 'endpoint': 'ncar', 'purpose': 'integrity_retry', 'error': '2019-12-11 f021: production attempt allowance exhausted', 'kind': 'IntegrityError'}]
2019-12-12 FAILED [{'lead': 21, 'endpoint': 'ncar', 'purpose': 'integrity_retry', 'error': '2019-12-12 f021: production attempt allowance exhausted', 'kind': 'IntegrityError'}]
2019-12-13 FAILED [{'lead': 21, 'endpoint': 'ncar', 'purpose': 'integrity_retry', 'error': '2019-12-13 f021: production attempt allowance exhausted', 'kind': 'IntegrityError'}]
2019-12-06 FAILED [{'lead': 24, 'endpoint': 'ncar', 'purpose': 'integrity_retry', 'error': '2019-12-06 f024: production attempt allowance exhausted', 'kind': 'IntegrityError'}]
2019-12-15 FAILED [{'lead': 24, 'endpoint': 'ncar', 'purpose': 'integrity_retry', 'error': '2019-12-15 f024: production attempt allowance exhausted', 'kind': 'IntegrityError'}]
2019-12-16 FAILED [{'lead': 24, 'endpoint': 'ncar', 'purpose': 'integrity_retry', 'error': '2019-12-16 f024: production attempt allowance exhausted', 'kind': 'IntegrityError'}]
2019-12-18 FAILED [{'lead': 24, 'endpoint': 'ncar', 'purpose': 'integrity_retry', 'error': '2019-12-18 f024: production attempt allowance exhausted', 'kind': 'IntegrityError'}]
2019-12-17 FAILED [{'lead': 24, 'endpoint': 'ncar', 'purpose': 'integrity_retry', 'error': '2019-12-17 f024: production attempt allowance exhausted', 'kind': 'IntegrityError'}]
2019-12-14 FAILED [{'lead': 24, 'endpoint': 'ncar', 'purpose': 'integrity_retry', 'error': '2019-12-14 f024: production attempt allowance exhausted', 'kind': 'IntegrityError'}]
2019-12-19 FAILED [{'lead': 24, 'endpoint': 'ncar', 'purpose': 'integrity_retry', 'error': '2019-12-19 f024: production attempt allowance exhausted', 'kind': 'IntegrityError'}]
2019-12-20 FAILED [{'lead': 24, 'endpoint': 'ncar', 'purpose': 'integrity_retry', 'error': '2019-12-20 f024: production attempt allowance exhausted', 'kind': 'IntegrityError'}]
2019-12-21 FAILED [{'lead': 24, 'endpoint': 'ncar', 'purpose': 'integrity_retry', 'error': '2019-12-21 f024: production attempt allowance exhausted', 'kind': 'IntegrityError'}]
2019-12-22 FAILED [{'lead': 24, 'endpoint': 'ncar', 'purpose': 'integrity_retry', 'error': '2019-12-22 f024: production attempt allowance exhausted', 'kind': 'IntegrityError'}]
2019-12-24 FAILED [{'lead': 24, 'endpoint': 'ncar', 'purpose': 'integrity_retry', 'error': '2019-12-24 f024: production attempt allowance exhausted', 'kind': 'IntegrityError'}]
2019-12-26 FAILED [{'lead': 24, 'endpoint': 'ncar', 'purpose': 'integrity_retry', 'error': '2019-12-26 f024: production attempt allowance exhausted', 'kind': 'IntegrityError'}]
2019-12-25 FAILED [{'lead': 24, 'endpoint': 'ncar', 'purpose': 'integrity_retry', 'error': '2019-12-25 f024: production attempt allowance exhausted', 'kind': 'IntegrityError'}]
2019-12-23 FAILED [{'lead': 24, 'endpoint': 'ncar', 'purpose': 'integrity_retry', 'error': '2019-12-23 f024: production attempt allowance exhausted', 'kind': 'IntegrityError'}]
2019-12-27 FAILED [{'lead': 24, 'endpoint': 'ncar', 'purpose': 'integrity_retry', 'error': '2019-12-27 f024: production attempt allowance exhausted', 'kind': 'IntegrityError'}]
2019-12-28 FAILED [{'lead': 24, 'endpoint': 'ncar', 'purpose': 'integrity_retry', 'error': '2019-12-28 f024: production attempt allowance exhausted', 'kind': 'IntegrityError'}]
2019-12-30 FAILED [{'lead': 24, 'endpoint': 'ncar', 'purpose': 'integrity_retry', 'error': '2019-12-30 f024: production attempt allowance exhausted', 'kind': 'IntegrityError'}]
2019-12-29 FAILED [{'lead': 24, 'endpoint': 'ncar', 'purpose': 'integrity_retry', 'error': '2019-12-29 f024: production attempt allowance exhausted', 'kind': 'IntegrityError'}]
2020-01-02 FAILED [{'lead': 24, 'endpoint': 'ncar', 'purpose': 'integrity_retry', 'error': '2020-01-02 f024: production attempt allowance exhausted', 'kind': 'IntegrityError'}]
2020-01-01 FAILED [{'lead': 24, 'endpoint': 'ncar', 'purpose': 'integrity_retry', 'error': '2020-01-01 f024: production attempt allowance exhausted', 'kind': 'IntegrityError'}]
2020-01-03 FAILED [{'lead': 24, 'endpoint': 'ncar', 'purpose': 'integrity_retry', 'error': '2020-01-03 f024: production attempt allowance exhausted', 'kind': 'IntegrityError'}]
2020-01-05 FAILED [{'lead': 24, 'endpoint': 'ncar', 'purpose': 'integrity_retry', 'error': '2020-01-05 f024: production attempt allowance exhausted', 'kind': 'IntegrityError'}]
2020-01-04 FAILED [{'lead': 24, 'endpoint': 'ncar', 'purpose': 'integrity_retry', 'error': '2020-01-04 f024: production attempt allowance exhausted', 'kind': 'IntegrityError'}]
2019-12-31 FAILED [{'lead': 24, 'endpoint': 'ncar', 'purpose': 'integrity_retry', 'error': '2019-12-31 f024: production attempt allowance exhausted', 'kind': 'IntegrityError'}]
2020-01-07 FAILED [{'lead': 24, 'endpoint': 'ncar', 'purpose': 'integrity_retry', 'error': '2020-01-07 f024: production attempt allowance exhausted', 'kind': 'IntegrityError'}]
2020-01-06 FAILED [{'lead': 24, 'endpoint': 'ncar', 'purpose': 'integrity_retry', 'error': '2020-01-06 f024: production attempt allowance exhausted', 'kind': 'IntegrityError'}]
2020-01-08 FAILED [{'lead': 24, 'endpoint': 'ncar', 'purpose': 'integrity_retry', 'error': '2020-01-08 f024: production attempt allowance exhausted', 'kind': 'IntegrityError'}]
2020-01-09 FAILED [{'lead': 24, 'endpoint': 'ncar', 'purpose': 'integrity_retry', 'error': '2020-01-09 f024: production attempt allowance exhausted', 'kind': 'IntegrityError'}]
2020-01-11 FAILED [{'lead': 24, 'endpoint': 'ncar', 'purpose': 'integrity_retry', 'error': '2020-01-11 f024: production attempt allowance exhausted', 'kind': 'IntegrityError'}]
2020-01-10 FAILED [{'lead': 24, 'endpoint': 'ncar', 'purpose': 'integrity_retry', 'error': '2020-01-10 f024: production attempt allowance exhausted', 'kind': 'IntegrityError'}]
2020-01-13 FAILED [{'lead': 24, 'endpoint': 'ncar', 'purpose': 'integrity_retry', 'error': '2020-01-13 f024: production attempt allowance exhausted', 'kind': 'IntegrityError'}]
2020-01-12 FAILED [{'lead': 24, 'endpoint': 'ncar', 'purpose': 'integrity_retry', 'error': '2020-01-12 f024: production attempt allowance exhausted', 'kind': 'IntegrityError'}]
2020-01-15 FAILED [{'lead': 24, 'endpoint': 'ncar', 'purpose': 'integrity_retry', 'error': '2020-01-15 f024: production attempt allowance exhausted', 'kind': 'IntegrityError'}]
2020-01-14 FAILED [{'lead': 24, 'endpoint': 'ncar', 'purpose': 'integrity_retry', 'error': '2020-01-14 f024: production attempt allowance exhausted', 'kind': 'IntegrityError'}]
2020-01-16 FAILED [{'lead': 24, 'endpoint': 'ncar', 'purpose': 'integrity_retry', 'error': '2020-01-16 f024: production attempt allowance exhausted', 'kind': 'IntegrityError'}]
2020-01-18 FAILED [{'lead': 24, 'endpoint': 'ncar', 'purpose': 'integrity_retry', 'error': '2020-01-18 f024: production attempt allowance exhausted', 'kind': 'IntegrityError'}]
2020-01-19 FAILED [{'lead': 24, 'endpoint': 'ncar', 'purpose': 'integrity_retry', 'error': '2020-01-19 f024: production attempt allowance exhausted', 'kind': 'IntegrityError'}]
2020-01-20 FAILED [{'lead': 24, 'endpoint': 'ncar', 'purpose': 'integrity_retry', 'error': '2020-01-20 f024: production attempt allowance exhausted', 'kind': 'IntegrityError'}]
2020-01-22 FAILED [{'lead': 24, 'endpoint': 'ncar', 'purpose': 'integrity_retry', 'error': '2020-01-22 f024: production attempt allowance exhausted', 'kind': 'IntegrityError'}]
2020-01-17 FAILED [{'lead': 24, 'endpoint': 'ncar', 'purpose': 'integrity_retry', 'error': '2020-01-17 f024: production attempt allowance exhausted', 'kind': 'IntegrityError'}]
2020-01-21 FAILED [{'lead': 24, 'endpoint': 'ncar', 'purpose': 'integrity_retry', 'error': '2020-01-21 f024: production attempt allowance exhausted', 'kind': 'IntegrityError'}]
2020-01-23 FAILED [{'lead': 24, 'endpoint': 'ncar', 'purpose': 'integrity_retry', 'error': '2020-01-23 f024: production attempt allowance exhausted', 'kind': 'IntegrityError'}]
2020-01-25 FAILED [{'lead': 24, 'endpoint': 'ncar', 'purpose': 'integrity_retry', 'error': '2020-01-25 f024: production attempt allowance exhausted', 'kind': 'IntegrityError'}]
2020-01-24 FAILED [{'lead': 24, 'endpoint': 'ncar', 'purpose': 'integrity_retry', 'error': '2020-01-24 f024: production attempt allowance exhausted', 'kind': 'IntegrityError'}]
2020-01-26 FAILED [{'lead': 24, 'endpoint': 'ncar', 'purpose': 'integrity_retry', 'error': '2020-01-26 f024: production attempt allowance exhausted', 'kind': 'IntegrityError'}]
2020-01-27 FAILED [{'lead': 24, 'endpoint': 'ncar', 'purpose': 'integrity_retry', 'error': '2020-01-27 f024: production attempt allowance exhausted', 'kind': 'IntegrityError'}]
2020-01-28 FAILED [{'lead': 24, 'endpoint': 'ncar', 'purpose': 'integrity_retry', 'error': '2020-01-28 f024: production attempt allowance exhausted', 'kind': 'IntegrityError'}]
2020-01-29 FAILED [{'lead': 24, 'endpoint': 'ncar', 'purpose': 'integrity_retry', 'error': '2020-01-29 f024: production attempt allowance exhausted', 'kind': 'IntegrityError'}]
2020-01-30 FAILED [{'lead': 24, 'endpoint': 'ncar', 'purpose': 'integrity_retry', 'error': '2020-01-30 f024: production attempt allowance exhausted', 'kind': 'IntegrityError'}]
2020-01-31 FAILED [{'lead': 24, 'endpoint': 'ncar', 'purpose': 'integrity_retry', 'error': '2020-01-31 f024: production attempt allowance exhausted', 'kind': 'IntegrityError'}]
2020-02-01 FAILED [{'lead': 24, 'endpoint': 'ncar', 'purpose': 'integrity_retry', 'error': '2020-02-01 f024: production attempt allowance exhausted', 'kind': 'IntegrityError'}]
2020-02-02 FAILED [{'lead': 24, 'endpoint': 'ncar', 'purpose': 'integrity_retry', 'error': '2020-02-02 f024: production attempt allowance exhausted', 'kind': 'IntegrityError'}]
2020-02-03 FAILED [{'lead': 24, 'endpoint': 'ncar', 'purpose': 'integrity_retry', 'error': '2020-02-03 f024: production attempt allowance exhausted', 'kind': 'IntegrityError'}]
2020-02-04 FAILED [{'lead': 24, 'endpoint': 'ncar', 'purpose': 'integrity_retry', 'error': '2020-02-04 f024: production attempt allowance exhausted', 'kind': 'IntegrityError'}]
2020-02-06 FAILED [{'lead': 24, 'endpoint': 'ncar', 'purpose': 'integrity_retry', 'error': '2020-02-06 f024: production attempt allowance exhausted', 'kind': 'IntegrityError'}]
2020-02-05 FAILED [{'lead': 24, 'endpoint': 'ncar', 'purpose': 'integrity_retry', 'error': '2020-02-05 f024: production attempt allowance exhausted', 'kind': 'IntegrityError'}]
2020-02-08 FAILED [{'lead': 24, 'endpoint': 'ncar', 'purpose': 'integrity_retry', 'error': '2020-02-08 f024: production attempt allowance exhausted', 'kind': 'IntegrityError'}]
2020-02-07 FAILED [{'lead': 24, 'endpoint': 'ncar', 'purpose': 'integrity_retry', 'error': '2020-02-07 f024: production attempt allowance exhausted', 'kind': 'IntegrityError'}]
2020-02-09 FAILED [{'lead': 24, 'endpoint': 'ncar', 'purpose': 'integrity_retry', 'error': '2020-02-09 f024: production attempt allowance exhausted', 'kind': 'IntegrityError'}]
2020-02-10 FAILED [{'lead': 24, 'endpoint': 'ncar', 'purpose': 'integrity_retry', 'error': '2020-02-10 f024: production attempt allowance exhausted', 'kind': 'IntegrityError'}]
2020-02-12 FAILED [{'lead': 24, 'endpoint': 'ncar', 'purpose': 'integrity_retry', 'error': '2020-02-12 f024: production attempt allowance exhausted', 'kind': 'IntegrityError'}]
2020-02-11 FAILED [{'lead': 24, 'endpoint': 'ncar', 'purpose': 'integrity_retry', 'error': '2020-02-11 f024: production attempt allowance exhausted', 'kind': 'IntegrityError'}]
2020-02-13 FAILED [{'lead': 24, 'endpoint': 'ncar', 'purpose': 'integrity_retry', 'error': '2020-02-13 f024: production attempt allowance exhausted', 'kind': 'IntegrityError'}]
2020-02-15 FAILED [{'lead': 24, 'endpoint': 'ncar', 'purpose': 'integrity_retry', 'error': '2020-02-15 f024: production attempt allowance exhausted', 'kind': 'IntegrityError'}]
2020-02-16 FAILED [{'lead': 24, 'endpoint': 'ncar', 'purpose': 'integrity_retry', 'error': '2020-02-16 f024: production attempt allowance exhausted', 'kind': 'IntegrityError'}]
2020-02-14 FAILED [{'lead': 24, 'endpoint': 'ncar', 'purpose': 'integrity_retry', 'error': '2020-02-14 f024: production attempt allowance exhausted', 'kind': 'IntegrityError'}]
2020-02-17 FAILED [{'lead': 24, 'endpoint': 'ncar', 'purpose': 'integrity_retry', 'error': '2020-02-17 f024: production attempt allowance exhausted', 'kind': 'IntegrityError'}]
2020-02-19 FAILED [{'lead': 24, 'endpoint': 'ncar', 'purpose': 'integrity_retry', 'error': '2020-02-19 f024: production attempt allowance exhausted', 'kind': 'IntegrityError'}]
2020-02-18 FAILED [{'lead': 24, 'endpoint': 'ncar', 'purpose': 'integrity_retry', 'error': '2020-02-18 f024: production attempt allowance exhausted', 'kind': 'IntegrityError'}]
2020-02-21 FAILED [{'lead': 24, 'endpoint': 'ncar', 'purpose': 'integrity_retry', 'error': '2020-02-21 f024: production attempt allowance exhausted', 'kind': 'IntegrityError'}]
2020-02-20 FAILED [{'lead': 24, 'endpoint': 'ncar', 'purpose': 'integrity_retry', 'error': '2020-02-20 f024: production attempt allowance exhausted', 'kind': 'IntegrityError'}]
2020-02-22 FAILED [{'lead': 24, 'endpoint': 'ncar', 'purpose': 'integrity_retry', 'error': '2020-02-22 f024: production attempt allowance exhausted', 'kind': 'IntegrityError'}]
2020-02-23 FAILED [{'lead': 24, 'endpoint': 'ncar', 'purpose': 'integrity_retry', 'error': '2020-02-23 f024: production attempt allowance exhausted', 'kind': 'IntegrityError'}]
2020-02-24 FAILED [{'lead': 24, 'endpoint': 'ncar', 'purpose': 'integrity_retry', 'error': '2020-02-24 f024: production attempt allowance exhausted', 'kind': 'IntegrityError'}]
2020-02-26 FAILED [{'lead': 24, 'endpoint': 'ncar', 'purpose': 'integrity_retry', 'error': '2020-02-26 f024: production attempt allowance exhausted', 'kind': 'IntegrityError'}]
2020-02-27 FAILED [{'lead': 24, 'endpoint': 'ncar', 'purpose': 'integrity_retry', 'error': '2020-02-27 f024: production attempt allowance exhausted', 'kind': 'IntegrityError'}]
2020-02-28 FAILED [{'lead': 24, 'endpoint': 'ncar', 'purpose': 'integrity_retry', 'error': '2020-02-28 f024: production attempt allowance exhausted', 'kind': 'IntegrityError'}]
2020-02-29 FAILED [{'lead': 24, 'endpoint': 'ncar', 'purpose': 'integrity_retry', 'error': '2020-02-29 f024: production attempt allowance exhausted', 'kind': 'IntegrityError'}]
2020-03-01 FAILED [{'lead': 24, 'endpoint': 'ncar', 'purpose': 'integrity_retry', 'error': '2020-03-01 f024: production attempt allowance exhausted', 'kind': 'IntegrityError'}]
2020-02-25 FAILED [{'lead': 24, 'endpoint': 'ncar', 'purpose': 'integrity_retry', 'error': '2020-02-25 f024: production attempt allowance exhausted', 'kind': 'IntegrityError'}]
2020-03-02 FAILED [{'lead': 24, 'endpoint': 'ncar', 'purpose': 'integrity_retry', 'error': '2020-03-02 f024: production attempt allowance exhausted', 'kind': 'IntegrityError'}]
2020-03-03 FAILED [{'lead': 24, 'endpoint': 'ncar', 'purpose': 'integrity_retry', 'error': '2020-03-03 f024: production attempt allowance exhausted', 'kind': 'IntegrityError'}]
2020-03-06 FAILED [{'lead': 24, 'endpoint': 'ncar', 'purpose': 'integrity_retry', 'error': '2020-03-06 f024: production attempt allowance exhausted', 'kind': 'IntegrityError'}]
2020-03-04 FAILED [{'lead': 24, 'endpoint': 'ncar', 'purpose': 'integrity_retry', 'error': '2020-03-04 f024: production attempt allowance exhausted', 'kind': 'IntegrityError'}]
2020-03-05 FAILED [{'lead': 24, 'endpoint': 'ncar', 'purpose': 'integrity_retry', 'error': '2020-03-05 f024: production attempt allowance exhausted', 'kind': 'IntegrityError'}]
2020-03-07 FAILED [{'lead': 24, 'endpoint': 'ncar', 'purpose': 'integrity_retry', 'error': '2020-03-07 f024: production attempt allowance exhausted', 'kind': 'IntegrityError'}]
2020-03-09 FAILED [{'lead': 24, 'endpoint': 'ncar', 'purpose': 'integrity_retry', 'error': '2020-03-09 f024: production attempt allowance exhausted', 'kind': 'IntegrityError'}]
2020-03-08 FAILED [{'lead': 24, 'endpoint': 'ncar', 'purpose': 'integrity_retry', 'error': '2020-03-08 f024: production attempt allowance exhausted', 'kind': 'IntegrityError'}]
2020-03-10 FAILED [{'lead': 24, 'endpoint': 'ncar', 'purpose': 'integrity_retry', 'error': '2020-03-10 f024: production attempt allowance exhausted', 'kind': 'IntegrityError'}]
2020-03-11 FAILED [{'lead': 24, 'endpoint': 'ncar', 'purpose': 'integrity_retry', 'error': '2020-03-11 f024: production attempt allowance exhausted', 'kind': 'IntegrityError'}]
2020-03-12 FAILED [{'lead': 24, 'endpoint': 'ncar', 'purpose': 'integrity_retry', 'error': '2020-03-12 f024: production attempt allowance exhausted', 'kind': 'IntegrityError'}]
2020-03-13 FAILED [{'lead': 24, 'endpoint': 'ncar', 'purpose': 'integrity_retry', 'error': '2020-03-13 f024: production attempt allowance exhausted', 'kind': 'IntegrityError'}]
2020-03-14 FAILED [{'lead': 24, 'endpoint': 'ncar', 'purpose': 'integrity_retry', 'error': '2020-03-14 f024: production attempt allowance exhausted', 'kind': 'IntegrityError'}]
2020-03-16 FAILED [{'lead': 24, 'endpoint': 'ncar', 'purpose': 'integrity_retry', 'error': '2020-03-16 f024: production attempt allowance exhausted', 'kind': 'IntegrityError'}]
2020-03-15 FAILED [{'lead': 24, 'endpoint': 'ncar', 'purpose': 'integrity_retry', 'error': '2020-03-15 f024: production attempt allowance exhausted', 'kind': 'IntegrityError'}]
2020-03-18 FAILED [{'lead': 24, 'endpoint': 'ncar', 'purpose': 'integrity_retry', 'error': '2020-03-18 f024: production attempt allowance exhausted', 'kind': 'IntegrityError'}]
2020-03-17 FAILED [{'lead': 24, 'endpoint': 'ncar', 'purpose': 'integrity_retry', 'error': '2020-03-17 f024: production attempt allowance exhausted', 'kind': 'IntegrityError'}]
2020-03-19 FAILED [{'lead': 24, 'endpoint': 'ncar', 'purpose': 'integrity_retry', 'error': '2020-03-19 f024: production attempt allowance exhausted', 'kind': 'IntegrityError'}]
2020-03-20 FAILED [{'lead': 24, 'endpoint': 'ncar', 'purpose': 'integrity_retry', 'error': '2020-03-20 f024: production attempt allowance exhausted', 'kind': 'IntegrityError'}]
2020-03-21 FAILED [{'lead': 24, 'endpoint': 'ncar', 'purpose': 'integrity_retry', 'error': '2020-03-21 f024: production attempt allowance exhausted', 'kind': 'IntegrityError'}]
2020-03-22 FAILED [{'lead': 24, 'endpoint': 'ncar', 'purpose': 'integrity_retry', 'error': '2020-03-22 f024: production attempt allowance exhausted', 'kind': 'IntegrityError'}]
2020-03-25 FAILED [{'lead': 24, 'endpoint': 'ncar', 'purpose': 'integrity_retry', 'error': '2020-03-25 f024: production attempt allowance exhausted', 'kind': 'IntegrityError'}]
2020-03-24 FAILED [{'lead': 24, 'endpoint': 'ncar', 'purpose': 'integrity_retry', 'error': '2020-03-24 f024: production attempt allowance exhausted', 'kind': 'IntegrityError'}]
2020-03-26 FAILED [{'lead': 24, 'endpoint': 'ncar', 'purpose': 'integrity_retry', 'error': '2020-03-26 f024: production attempt allowance exhausted', 'kind': 'IntegrityError'}]
2020-03-23 FAILED [{'lead': 24, 'endpoint': 'ncar', 'purpose': 'integrity_retry', 'error': '2020-03-23 f024: production attempt allowance exhausted', 'kind': 'IntegrityError'}]
2020-03-28 FAILED [{'lead': 24, 'endpoint': 'ncar', 'purpose': 'integrity_retry', 'error': '2020-03-28 f024: production attempt allowance exhausted', 'kind': 'IntegrityError'}]
2020-03-27 FAILED [{'lead': 24, 'endpoint': 'ncar', 'purpose': 'integrity_retry', 'error': '2020-03-27 f024: production attempt allowance exhausted', 'kind': 'IntegrityError'}]
2020-03-29 FAILED [{'lead': 24, 'endpoint': 'ncar', 'purpose': 'integrity_retry', 'error': '2020-03-29 f024: production attempt allowance exhausted', 'kind': 'IntegrityError'}]
2020-03-31 FAILED [{'lead': 24, 'endpoint': 'ncar', 'purpose': 'integrity_retry', 'error': '2020-03-31 f024: production attempt allowance exhausted', 'kind': 'IntegrityError'}]
2020-03-30 FAILED [{'lead': 24, 'endpoint': 'ncar', 'purpose': 'integrity_retry', 'error': '2020-03-30 f024: production attempt allowance exhausted', 'kind': 'IntegrityError'}]
2020-04-02 FAILED [{'lead': 24, 'endpoint': 'ncar', 'purpose': 'integrity_retry', 'error': '2020-04-02 f024: production attempt allowance exhausted', 'kind': 'IntegrityError'}]
2020-04-01 FAILED [{'lead': 24, 'endpoint': 'ncar', 'purpose': 'integrity_retry', 'error': '2020-04-01 f024: production attempt allowance exhausted', 'kind': 'IntegrityError'}]
2020-04-04 FAILED [{'lead': 24, 'endpoint': 'ncar', 'purpose': 'integrity_retry', 'error': '2020-04-04 f024: production attempt allowance exhausted', 'kind': 'IntegrityError'}]
2020-04-03 FAILED [{'lead': 24, 'endpoint': 'ncar', 'purpose': 'integrity_retry', 'error': '2020-04-03 f024: production attempt allowance exhausted', 'kind': 'IntegrityError'}]
2020-04-05 FAILED [{'lead': 24, 'endpoint': 'ncar', 'purpose': 'integrity_retry', 'error': '2020-04-05 f024: production attempt allowance exhausted', 'kind': 'IntegrityError'}]
2020-04-08 FAILED [{'lead': 21, 'endpoint': 'ncar', 'purpose': 'integrity_retry', 'error': '2020-04-08 f021: production attempt allowance exhausted', 'kind': 'IntegrityError'}]
2020-04-09 FAILED [{'lead': 21, 'endpoint': 'ncar', 'purpose': 'integrity_retry', 'error': '2020-04-09 f021: production attempt allowance exhausted', 'kind': 'IntegrityError'}]
2020-04-10 FAILED [{'lead': 21, 'endpoint': 'ncar', 'purpose': 'integrity_retry', 'error': '2020-04-10 f021: production attempt allowance exhausted', 'kind': 'IntegrityError'}]
2020-04-11 FAILED [{'lead': 21, 'endpoint': 'ncar', 'purpose': 'integrity_retry', 'error': '2020-04-11 f021: production attempt allowance exhausted', 'kind': 'IntegrityError'}]
2020-04-12 FAILED [{'lead': 21, 'endpoint': 'ncar', 'purpose': 'integrity_retry', 'error': '2020-04-12 f021: production attempt allowance exhausted', 'kind': 'IntegrityError'}]
2020-04-06 FAILED [{'lead': 39, 'endpoint': 'ncar', 'purpose': 'integrity_retry', 'error': '2020-04-06 f039: production attempt allowance exhausted', 'kind': 'IntegrityError'}]
2020-04-13 FAILED [{'lead': 21, 'endpoint': 'ncar', 'purpose': 'integrity_retry', 'error': '2020-04-13 f021: production attempt allowance exhausted', 'kind': 'IntegrityError'}]
2020-04-15 FAILED [{'lead': 21, 'endpoint': 'ncar', 'purpose': 'integrity_retry', 'error': '2020-04-15 f021: production attempt allowance exhausted', 'kind': 'IntegrityError'}]
2020-04-14 FAILED [{'lead': 21, 'endpoint': 'ncar', 'purpose': 'integrity_retry', 'error': '2020-04-14 f021: production attempt allowance exhausted', 'kind': 'IntegrityError'}]
2020-04-16 FAILED [{'lead': 21, 'endpoint': 'ncar', 'purpose': 'integrity_retry', 'error': '2020-04-16 f021: production attempt allowance exhausted', 'kind': 'IntegrityError'}]
2020-04-17 FAILED [{'lead': 21, 'endpoint': 'ncar', 'purpose': 'integrity_retry', 'error': '2020-04-17 f021: production attempt allowance exhausted', 'kind': 'IntegrityError'}]
2020-04-18 FAILED [{'lead': 21, 'endpoint': 'ncar', 'purpose': 'integrity_retry', 'error': '2020-04-18 f021: production attempt allowance exhausted', 'kind': 'IntegrityError'}]
2020-04-20 FAILED [{'lead': 21, 'endpoint': 'ncar', 'purpose': 'integrity_retry', 'error': '2020-04-20 f021: production attempt allowance exhausted', 'kind': 'IntegrityError'}]
2020-04-19 FAILED [{'lead': 21, 'endpoint': 'ncar', 'purpose': 'integrity_retry', 'error': '2020-04-19 f021: production attempt allowance exhausted', 'kind': 'IntegrityError'}]
2020-04-07 FAILED [{'lead': 39, 'endpoint': 'ncar', 'purpose': 'integrity_retry', 'error': '2020-04-07 f039: production attempt allowance exhausted', 'kind': 'IntegrityError'}]
2020-04-21 FAILED [{'lead': 21, 'endpoint': 'ncar', 'purpose': 'integrity_retry', 'error': '2020-04-21 f021: production attempt allowance exhausted', 'kind': 'IntegrityError'}]
2020-04-22 FAILED [{'lead': 21, 'endpoint': 'ncar', 'purpose': 'integrity_retry', 'error': '2020-04-22 f021: production attempt allowance exhausted', 'kind': 'IntegrityError'}]
2020-04-23 FAILED [{'lead': 21, 'endpoint': 'ncar', 'purpose': 'integrity_retry', 'error': '2020-04-23 f021: production attempt allowance exhausted', 'kind': 'IntegrityError'}]
2020-04-25 FAILED [{'lead': 21, 'endpoint': 'ncar', 'purpose': 'integrity_retry', 'error': '2020-04-25 f021: production attempt allowance exhausted', 'kind': 'IntegrityError'}]
2020-04-24 FAILED [{'lead': 21, 'endpoint': 'ncar', 'purpose': 'integrity_retry', 'error': '2020-04-24 f021: production attempt allowance exhausted', 'kind': 'IntegrityError'}]
2020-04-28 FAILED [{'lead': 21, 'endpoint': 'ncar', 'purpose': 'integrity_retry', 'error': '2020-04-28 f021: production attempt allowance exhausted', 'kind': 'IntegrityError'}]
2020-04-26 FAILED [{'lead': 21, 'endpoint': 'ncar', 'purpose': 'integrity_retry', 'error': '2020-04-26 f021: production attempt allowance exhausted', 'kind': 'IntegrityError'}]
2020-04-27 FAILED [{'lead': 21, 'endpoint': 'ncar', 'purpose': 'integrity_retry', 'error': '2020-04-27 f021: production attempt allowance exhausted', 'kind': 'IntegrityError'}]
2020-04-29 FAILED [{'lead': 21, 'endpoint': 'ncar', 'purpose': 'integrity_retry', 'error': '2020-04-29 f021: production attempt allowance exhausted', 'kind': 'IntegrityError'}]
2020-04-30 FAILED [{'lead': 21, 'endpoint': 'ncar', 'purpose': 'integrity_retry', 'error': '2020-04-30 f021: production attempt allowance exhausted', 'kind': 'IntegrityError'}]
2020-05-01 FAILED [{'lead': 21, 'endpoint': 'ncar', 'purpose': 'integrity_retry', 'error': '2020-05-01 f021: production attempt allowance exhausted', 'kind': 'IntegrityError'}]
2020-05-02 FAILED [{'lead': 21, 'endpoint': 'ncar', 'purpose': 'integrity_retry', 'error': '2020-05-02 f021: production attempt allowance exhausted', 'kind': 'IntegrityError'}]
2020-05-03 FAILED [{'lead': 21, 'endpoint': 'ncar', 'purpose': 'integrity_retry', 'error': '2020-05-03 f021: production attempt allowance exhausted', 'kind': 'IntegrityError'}]
2020-05-05 FAILED [{'lead': 21, 'endpoint': 'ncar', 'purpose': 'integrity_retry', 'error': '2020-05-05 f021: production attempt allowance exhausted', 'kind': 'IntegrityError'}]
2020-05-04 FAILED [{'lead': 21, 'endpoint': 'ncar', 'purpose': 'integrity_retry', 'error': '2020-05-04 f021: production attempt allowance exhausted', 'kind': 'IntegrityError'}]
2020-05-07 FAILED [{'lead': 21, 'endpoint': 'ncar', 'purpose': 'integrity_retry', 'error': '2020-05-07 f021: production attempt allowance exhausted', 'kind': 'IntegrityError'}]
2020-05-06 FAILED [{'lead': 21, 'endpoint': 'ncar', 'purpose': 'integrity_retry', 'error': '2020-05-06 f021: production attempt allowance exhausted', 'kind': 'IntegrityError'}]
2020-05-09 FAILED [{'lead': 21, 'endpoint': 'ncar', 'purpose': 'integrity_retry', 'error': '2020-05-09 f021: production attempt allowance exhausted', 'kind': 'IntegrityError'}]
2020-05-10 FAILED [{'lead': 21, 'endpoint': 'ncar', 'purpose': 'integrity_retry', 'error': '2020-05-10 f021: production attempt allowance exhausted', 'kind': 'IntegrityError'}]
2020-05-08 FAILED [{'lead': 21, 'endpoint': 'ncar', 'purpose': 'integrity_retry', 'error': '2020-05-08 f021: production attempt allowance exhausted', 'kind': 'IntegrityError'}]
2020-05-11 FAILED [{'lead': 21, 'endpoint': 'ncar', 'purpose': 'integrity_retry', 'error': '2020-05-11 f021: production attempt allowance exhausted', 'kind': 'IntegrityError'}]
2020-05-12 FAILED [{'lead': 21, 'endpoint': 'ncar', 'purpose': 'integrity_retry', 'error': '2020-05-12 f021: production attempt allowance exhausted', 'kind': 'IntegrityError'}]
2020-05-13 FAILED [{'lead': 21, 'endpoint': 'ncar', 'purpose': 'integrity_retry', 'error': '2020-05-13 f021: production attempt allowance exhausted', 'kind': 'IntegrityError'}]
2020-05-14 FAILED [{'lead': 21, 'endpoint': 'ncar', 'purpose': 'integrity_retry', 'error': '2020-05-14 f021: production attempt allowance exhausted', 'kind': 'IntegrityError'}]
2020-05-15 FAILED [{'lead': 21, 'endpoint': 'ncar', 'purpose': 'integrity_retry', 'error': '2020-05-15 f021: production attempt allowance exhausted', 'kind': 'IntegrityError'}]
2020-05-16 FAILED [{'lead': 21, 'endpoint': 'ncar', 'purpose': 'integrity_retry', 'error': '2020-05-16 f021: production attempt allowance exhausted', 'kind': 'IntegrityError'}]
2020-05-17 FAILED [{'lead': 21, 'endpoint': 'ncar', 'purpose': 'integrity_retry', 'error': '2020-05-17 f021: production attempt allowance exhausted', 'kind': 'IntegrityError'}]
2020-05-19 FAILED [{'lead': 21, 'endpoint': 'ncar', 'purpose': 'integrity_retry', 'error': '2020-05-19 f021: production attempt allowance exhausted', 'kind': 'IntegrityError'}]
2020-05-20 FAILED [{'lead': 21, 'endpoint': 'ncar', 'purpose': 'integrity_retry', 'error': '2020-05-20 f021: production attempt allowance exhausted', 'kind': 'IntegrityError'}]
2020-05-21 FAILED [{'lead': 21, 'endpoint': 'ncar', 'purpose': 'integrity_retry', 'error': '2020-05-21 f021: production attempt allowance exhausted', 'kind': 'IntegrityError'}]
2020-05-22 FAILED [{'lead': 21, 'endpoint': 'ncar', 'purpose': 'integrity_retry', 'error': '2020-05-22 f021: production attempt allowance exhausted', 'kind': 'IntegrityError'}]
2020-05-23 FAILED [{'lead': 21, 'endpoint': 'ncar', 'purpose': 'integrity_retry', 'error': '2020-05-23 f021: production attempt allowance exhausted', 'kind': 'IntegrityError'}]
2020-05-24 FAILED [{'lead': 21, 'endpoint': 'ncar', 'purpose': 'integrity_retry', 'error': '2020-05-24 f021: production attempt allowance exhausted', 'kind': 'IntegrityError'}]
2020-05-25 FAILED [{'lead': 21, 'endpoint': 'ncar', 'purpose': 'integrity_retry', 'error': '2020-05-25 f021: production attempt allowance exhausted', 'kind': 'IntegrityError'}]
2020-05-26 FAILED [{'lead': 21, 'endpoint': 'ncar', 'purpose': 'integrity_retry', 'error': '2020-05-26 f021: production attempt allowance exhausted', 'kind': 'IntegrityError'}]
2020-05-27 FAILED [{'lead': 21, 'endpoint': 'ncar', 'purpose': 'integrity_retry', 'error': '2020-05-27 f021: production attempt allowance exhausted', 'kind': 'IntegrityError'}]
2020-05-28 FAILED [{'lead': 21, 'endpoint': 'ncar', 'purpose': 'integrity_retry', 'error': '2020-05-28 f021: production attempt allowance exhausted', 'kind': 'IntegrityError'}]
2020-05-29 FAILED [{'lead': 21, 'endpoint': 'ncar', 'purpose': 'integrity_retry', 'error': '2020-05-29 f021: production attempt allowance exhausted', 'kind': 'IntegrityError'}]
2020-05-30 FAILED [{'lead': 21, 'endpoint': 'ncar', 'purpose': 'integrity_retry', 'error': '2020-05-30 f021: production attempt allowance exhausted', 'kind': 'IntegrityError'}]
2020-06-01 FAILED [{'lead': 21, 'endpoint': 'ncar', 'purpose': 'integrity_retry', 'error': '2020-06-01 f021: production attempt allowance exhausted', 'kind': 'IntegrityError'}]
2020-05-31 FAILED [{'lead': 21, 'endpoint': 'ncar', 'purpose': 'integrity_retry', 'error': '2020-05-31 f021: production attempt allowance exhausted', 'kind': 'IntegrityError'}]
2020-06-02 FAILED [{'lead': 21, 'endpoint': 'ncar', 'purpose': 'integrity_retry', 'error': '2020-06-02 f021: production attempt allowance exhausted', 'kind': 'IntegrityError'}]
2020-06-04 FAILED [{'lead': 21, 'endpoint': 'ncar', 'purpose': 'integrity_retry', 'error': '2020-06-04 f021: production attempt allowance exhausted', 'kind': 'IntegrityError'}]
2020-06-03 FAILED [{'lead': 21, 'endpoint': 'ncar', 'purpose': 'integrity_retry', 'error': '2020-06-03 f021: production attempt allowance exhausted', 'kind': 'IntegrityError'}]
2020-06-05 FAILED [{'lead': 21, 'endpoint': 'ncar', 'purpose': 'integrity_retry', 'error': '2020-06-05 f021: production attempt allowance exhausted', 'kind': 'IntegrityError'}]
2020-06-06 FAILED [{'lead': 21, 'endpoint': 'ncar', 'purpose': 'integrity_retry', 'error': '2020-06-06 f021: production attempt allowance exhausted', 'kind': 'IntegrityError'}]
2020-06-07 FAILED [{'lead': 21, 'endpoint': 'ncar', 'purpose': 'integrity_retry', 'error': '2020-06-07 f021: production attempt allowance exhausted', 'kind': 'IntegrityError'}]
2020-06-09 FAILED [{'lead': 21, 'endpoint': 'ncar', 'purpose': 'integrity_retry', 'error': '2020-06-09 f021: production attempt allowance exhausted', 'kind': 'IntegrityError'}]
2020-06-10 FAILED [{'lead': 21, 'endpoint': 'ncar', 'purpose': 'integrity_retry', 'error': '2020-06-10 f021: production attempt allowance exhausted', 'kind': 'IntegrityError'}]
2020-06-08 FAILED [{'lead': 21, 'endpoint': 'ncar', 'purpose': 'integrity_retry', 'error': '2020-06-08 f021: production attempt allowance exhausted', 'kind': 'IntegrityError'}]
2020-06-11 FAILED [{'lead': 21, 'endpoint': 'ncar', 'purpose': 'integrity_retry', 'error': '2020-06-11 f021: production attempt allowance exhausted', 'kind': 'IntegrityError'}]
2020-06-13 FAILED [{'lead': 21, 'endpoint': 'ncar', 'purpose': 'integrity_retry', 'error': '2020-06-13 f021: production attempt allowance exhausted', 'kind': 'IntegrityError'}]
2020-06-12 FAILED [{'lead': 21, 'endpoint': 'ncar', 'purpose': 'integrity_retry', 'error': '2020-06-12 f021: production attempt allowance exhausted', 'kind': 'IntegrityError'}]
2020-06-14 FAILED [{'lead': 21, 'endpoint': 'ncar', 'purpose': 'integrity_retry', 'error': '2020-06-14 f021: production attempt allowance exhausted', 'kind': 'IntegrityError'}]
2020-06-15 FAILED [{'lead': 21, 'endpoint': 'ncar', 'purpose': 'integrity_retry', 'error': '2020-06-15 f021: production attempt allowance exhausted', 'kind': 'IntegrityError'}]
2020-06-17 FAILED [{'lead': 21, 'endpoint': 'ncar', 'purpose': 'integrity_retry', 'error': '2020-06-17 f021: production attempt allowance exhausted', 'kind': 'IntegrityError'}]
2020-06-16 FAILED [{'lead': 21, 'endpoint': 'ncar', 'purpose': 'integrity_retry', 'error': '2020-06-16 f021: production attempt allowance exhausted', 'kind': 'IntegrityError'}]
2020-06-18 FAILED [{'lead': 21, 'endpoint': 'ncar', 'purpose': 'integrity_retry', 'error': '2020-06-18 f021: production attempt allowance exhausted', 'kind': 'IntegrityError'}]
2020-06-20 FAILED [{'lead': 21, 'endpoint': 'ncar', 'purpose': 'integrity_retry', 'error': '2020-06-20 f021: production attempt allowance exhausted', 'kind': 'IntegrityError'}]
2020-06-19 FAILED [{'lead': 21, 'endpoint': 'ncar', 'purpose': 'integrity_retry', 'error': '2020-06-19 f021: production attempt allowance exhausted', 'kind': 'IntegrityError'}]
2020-06-21 FAILED [{'lead': 21, 'endpoint': 'ncar', 'purpose': 'integrity_retry', 'error': '2020-06-21 f021: production attempt allowance exhausted', 'kind': 'IntegrityError'}]
2020-06-23 FAILED [{'lead': 21, 'endpoint': 'ncar', 'purpose': 'integrity_retry', 'error': '2020-06-23 f021: production attempt allowance exhausted', 'kind': 'IntegrityError'}]
2020-06-22 FAILED [{'lead': 21, 'endpoint': 'ncar', 'purpose': 'integrity_retry', 'error': '2020-06-22 f021: production attempt allowance exhausted', 'kind': 'IntegrityError'}]
2020-06-24 FAILED [{'lead': 21, 'endpoint': 'ncar', 'purpose': 'integrity_retry', 'error': '2020-06-24 f021: production attempt allowance exhausted', 'kind': 'IntegrityError'}]
2020-06-25 FAILED [{'lead': 21, 'endpoint': 'ncar', 'purpose': 'integrity_retry', 'error': '2020-06-25 f021: production attempt allowance exhausted', 'kind': 'IntegrityError'}]
2020-06-26 FAILED [{'lead': 21, 'endpoint': 'ncar', 'purpose': 'integrity_retry', 'error': '2020-06-26 f021: production attempt allowance exhausted', 'kind': 'IntegrityError'}]
2020-06-28 FAILED [{'lead': 21, 'endpoint': 'ncar', 'purpose': 'integrity_retry', 'error': '2020-06-28 f021: production attempt allowance exhausted', 'kind': 'IntegrityError'}]
2020-06-27 FAILED [{'lead': 21, 'endpoint': 'ncar', 'purpose': 'integrity_retry', 'error': '2020-06-27 f021: production attempt allowance exhausted', 'kind': 'IntegrityError'}]
2020-06-30 FAILED [{'lead': 21, 'endpoint': 'ncar', 'purpose': 'integrity_retry', 'error': '2020-06-30 f021: production attempt allowance exhausted', 'kind': 'IntegrityError'}]
2020-06-29 FAILED [{'lead': 21, 'endpoint': 'ncar', 'purpose': 'integrity_retry', 'error': '2020-06-29 f021: production attempt allowance exhausted', 'kind': 'IntegrityError'}]
2020-07-01 FAILED [{'lead': 21, 'endpoint': 'ncar', 'purpose': 'integrity_retry', 'error': '2020-07-01 f021: production attempt allowance exhausted', 'kind': 'IntegrityError'}]
2020-07-03 FAILED [{'lead': 21, 'endpoint': 'ncar', 'purpose': 'integrity_retry', 'error': '2020-07-03 f021: production attempt allowance exhausted', 'kind': 'IntegrityError'}]
2020-07-02 FAILED [{'lead': 21, 'endpoint': 'ncar', 'purpose': 'integrity_retry', 'error': '2020-07-02 f021: production attempt allowance exhausted', 'kind': 'IntegrityError'}]
2020-05-18 complete 128.1 s
2020-07-04 FAILED [{'lead': 21, 'endpoint': 'ncar', 'purpose': 'integrity_retry', 'error': '2020-07-04 f021: production attempt allowance exhausted', 'kind': 'IntegrityError'}]
2020-07-06 FAILED [{'lead': 21, 'endpoint': 'ncar', 'purpose': 'integrity_retry', 'error': '2020-07-06 f021: production attempt allowance exhausted', 'kind': 'IntegrityError'}]
2020-07-05 FAILED [{'lead': 21, 'endpoint': 'ncar', 'purpose': 'integrity_retry', 'error': '2020-07-05 f021: production attempt allowance exhausted', 'kind': 'IntegrityError'}]
2020-07-07 FAILED [{'lead': 21, 'endpoint': 'ncar', 'purpose': 'integrity_retry', 'error': '2020-07-07 f021: production attempt allowance exhausted', 'kind': 'IntegrityError'}]
2020-07-08 FAILED [{'lead': 21, 'endpoint': 'ncar', 'purpose': 'integrity_retry', 'error': '2020-07-08 f021: production attempt allowance exhausted', 'kind': 'IntegrityError'}]
2020-07-11 FAILED [{'lead': 21, 'endpoint': 'ncar', 'purpose': 'integrity_retry', 'error': '2020-07-11 f021: production attempt allowance exhausted', 'kind': 'IntegrityError'}]
2020-07-12 FAILED [{'lead': 21, 'endpoint': 'ncar', 'purpose': 'integrity_retry', 'error': '2020-07-12 f021: production attempt allowance exhausted', 'kind': 'IntegrityError'}]
2020-07-09 FAILED [{'lead': 21, 'endpoint': 'ncar', 'purpose': 'integrity_retry', 'error': '2020-07-09 f021: production attempt allowance exhausted', 'kind': 'IntegrityError'}]
2020-07-10 FAILED [{'lead': 21, 'endpoint': 'ncar', 'purpose': 'integrity_retry', 'error': '2020-07-10 f021: production attempt allowance exhausted', 'kind': 'IntegrityError'}]
2020-07-13 FAILED [{'lead': 21, 'endpoint': 'ncar', 'purpose': 'integrity_retry', 'error': '2020-07-13 f021: production attempt allowance exhausted', 'kind': 'IntegrityError'}]
2020-07-14 FAILED [{'lead': 21, 'endpoint': 'ncar', 'purpose': 'integrity_retry', 'error': '2020-07-14 f021: production attempt allowance exhausted', 'kind': 'IntegrityError'}]
2020-07-16 FAILED [{'lead': 21, 'endpoint': 'ncar', 'purpose': 'integrity_retry', 'error': '2020-07-16 f021: production attempt allowance exhausted', 'kind': 'IntegrityError'}]
2020-07-15 FAILED [{'lead': 21, 'endpoint': 'ncar', 'purpose': 'integrity_retry', 'error': '2020-07-15 f021: production attempt allowance exhausted', 'kind': 'IntegrityError'}]
2020-07-18 FAILED [{'lead': 21, 'endpoint': 'ncar', 'purpose': 'integrity_retry', 'error': '2020-07-18 f021: production attempt allowance exhausted', 'kind': 'IntegrityError'}]
2020-07-17 FAILED [{'lead': 21, 'endpoint': 'ncar', 'purpose': 'integrity_retry', 'error': '2020-07-17 f021: production attempt allowance exhausted', 'kind': 'IntegrityError'}]
2020-07-19 FAILED [{'lead': 21, 'endpoint': 'ncar', 'purpose': 'integrity_retry', 'error': '2020-07-19 f021: production attempt allowance exhausted', 'kind': 'IntegrityError'}]
2020-07-20 FAILED [{'lead': 21, 'endpoint': 'ncar', 'purpose': 'integrity_retry', 'error': '2020-07-20 f021: production attempt allowance exhausted', 'kind': 'IntegrityError'}]
2020-07-23 FAILED [{'lead': 21, 'endpoint': 'ncar', 'purpose': 'integrity_retry', 'error': '2020-07-23 f021: production attempt allowance exhausted', 'kind': 'IntegrityError'}]
2020-07-22 FAILED [{'lead': 21, 'endpoint': 'ncar', 'purpose': 'integrity_retry', 'error': '2020-07-22 f021: production attempt allowance exhausted', 'kind': 'IntegrityError'}]
2020-07-24 FAILED [{'lead': 21, 'endpoint': 'ncar', 'purpose': 'integrity_retry', 'error': '2020-07-24 f021: production attempt allowance exhausted', 'kind': 'IntegrityError'}]
2020-07-25 FAILED [{'lead': 21, 'endpoint': 'ncar', 'purpose': 'integrity_retry', 'error': '2020-07-25 f021: production attempt allowance exhausted', 'kind': 'IntegrityError'}]
2020-07-21 FAILED [{'lead': 21, 'endpoint': 'ncar', 'purpose': 'integrity_retry', 'error': '2020-07-21 f021: production attempt allowance exhausted', 'kind': 'IntegrityError'}]
2020-07-26 FAILED [{'lead': 21, 'endpoint': 'ncar', 'purpose': 'integrity_retry', 'error': '2020-07-26 f021: production attempt allowance exhausted', 'kind': 'IntegrityError'}]
2020-07-27 FAILED [{'lead': 21, 'endpoint': 'ncar', 'purpose': 'integrity_retry', 'error': '2020-07-27 f021: production attempt allowance exhausted', 'kind': 'IntegrityError'}]
2020-07-29 FAILED [{'lead': 21, 'endpoint': 'ncar', 'purpose': 'integrity_retry', 'error': '2020-07-29 f021: production attempt allowance exhausted', 'kind': 'IntegrityError'}]
2020-07-28 FAILED [{'lead': 21, 'endpoint': 'ncar', 'purpose': 'integrity_retry', 'error': '2020-07-28 f021: production attempt allowance exhausted', 'kind': 'IntegrityError'}]
2020-07-30 FAILED [{'lead': 21, 'endpoint': 'ncar', 'purpose': 'integrity_retry', 'error': '2020-07-30 f021: production attempt allowance exhausted', 'kind': 'IntegrityError'}]
2020-07-31 FAILED [{'lead': 21, 'endpoint': 'ncar', 'purpose': 'integrity_retry', 'error': '2020-07-31 f021: production attempt allowance exhausted', 'kind': 'IntegrityError'}]
2020-08-01 FAILED [{'lead': 21, 'endpoint': 'ncar', 'purpose': 'integrity_retry', 'error': '2020-08-01 f021: production attempt allowance exhausted', 'kind': 'IntegrityError'}]
2020-08-03 FAILED [{'lead': 21, 'endpoint': 'ncar', 'purpose': 'integrity_retry', 'error': '2020-08-03 f021: production attempt allowance exhausted', 'kind': 'IntegrityError'}]
2020-08-02 FAILED [{'lead': 21, 'endpoint': 'ncar', 'purpose': 'integrity_retry', 'error': '2020-08-02 f021: production attempt allowance exhausted', 'kind': 'IntegrityError'}]
2020-08-05 FAILED [{'lead': 21, 'endpoint': 'ncar', 'purpose': 'integrity_retry', 'error': '2020-08-05 f021: production attempt allowance exhausted', 'kind': 'IntegrityError'}]
2020-08-04 FAILED [{'lead': 21, 'endpoint': 'ncar', 'purpose': 'integrity_retry', 'error': '2020-08-04 f021: production attempt allowance exhausted', 'kind': 'IntegrityError'}]
2020-08-08 complete 104.0 s
2020-08-06 complete 115.0 s
2020-08-07 complete 127.4 s
2020-08-10 complete 131.3 s
2020-08-09 complete 141.3 s
2020-08-11 complete 144.3 s
2020-08-12 complete 89.7 s
2020-08-13 complete 115.3 s
2020-08-14 complete 118.0 s
2020-08-16 complete 111.4 s
2020-08-17 complete 93.6 s
2020-08-15 complete 170.5 s
2020-08-18 complete 143.7 s
2020-08-20 complete 192.2 s
2020-08-19 complete 229.0 s
2020-08-21 complete 125.1 s
2020-08-23 FAILED [{'lead': 42, 'endpoint': 'ncar', 'purpose': 'integrity_retry', 'error': '2020-08-23 f042: production attempt allowance exhausted', 'kind': 'IntegrityError'}]
2020-08-22 complete 144.1 s
2020-08-26 FAILED [{'lead': 21, 'endpoint': 'ncar', 'purpose': 'integrity_retry', 'error': '2020-08-26 f021: production attempt allowance exhausted', 'kind': 'IntegrityError'}]
2020-08-25 FAILED [{'lead': 24, 'endpoint': 'ncar', 'purpose': 'integrity_retry', 'error': '2020-08-25 f024: production attempt allowance exhausted', 'kind': 'IntegrityError'}]
2020-08-24 FAILED [{'lead': 42, 'endpoint': 'ncar', 'purpose': 'integrity_retry', 'error': '2020-08-24 f042: production attempt allowance exhausted', 'kind': 'IntegrityError'}]
2020-08-28 FAILED [{'lead': 24, 'endpoint': 'ncar', 'purpose': 'integrity_retry', 'error': '2020-08-28 f024: production attempt allowance exhausted', 'kind': 'IntegrityError'}]
2020-08-29 FAILED [{'lead': 24, 'endpoint': 'ncar', 'purpose': 'integrity_retry', 'error': '2020-08-29 f024: production attempt allowance exhausted', 'kind': 'IntegrityError'}]
2020-08-27 FAILED [{'lead': 24, 'endpoint': 'ncar', 'purpose': 'integrity_retry', 'error': '2020-08-27 f024: production attempt allowance exhausted', 'kind': 'IntegrityError'}]
2020-08-30 FAILED [{'lead': 24, 'endpoint': 'ncar', 'purpose': 'integrity_retry', 'error': '2020-08-30 f024: production attempt allowance exhausted', 'kind': 'IntegrityError'}]
2020-08-31 FAILED [{'lead': 24, 'endpoint': 'ncar', 'purpose': 'integrity_retry', 'error': '2020-08-31 f024: production attempt allowance exhausted', 'kind': 'IntegrityError'}]
2020-09-02 FAILED [{'lead': 21, 'endpoint': 'ncar', 'purpose': 'integrity_retry', 'error': '2020-09-02 f021: production attempt allowance exhausted', 'kind': 'IntegrityError'}]
2020-09-03 FAILED [{'lead': 21, 'endpoint': 'ncar', 'purpose': 'integrity_retry', 'error': '2020-09-03 f021: production attempt allowance exhausted', 'kind': 'IntegrityError'}]
2020-09-05 FAILED [{'lead': 36, 'endpoint': 'ncar', 'purpose': 'integrity_retry', 'error': '2020-09-05 f036: production attempt allowance exhausted', 'kind': 'IntegrityError'}]
2020-09-01 FAILED [{'lead': 33, 'endpoint': 'ncar', 'purpose': 'integrity_retry', 'error': '2020-09-01 f033: production attempt allowance exhausted', 'kind': 'IntegrityError'}]
2020-09-06 FAILED [{'lead': 21, 'endpoint': 'ncar', 'purpose': 'integrity_retry', 'error': '2020-09-06 f021: production attempt allowance exhausted', 'kind': 'IntegrityError'}]
2020-09-07 FAILED [{'lead': 21, 'endpoint': 'ncar', 'purpose': 'integrity_retry', 'error': '2020-09-07 f021: production attempt allowance exhausted', 'kind': 'IntegrityError'}]
2020-09-08 FAILED [{'lead': 21, 'endpoint': 'ncar', 'purpose': 'integrity_retry', 'error': '2020-09-08 f021: production attempt allowance exhausted', 'kind': 'IntegrityError'}]
2020-09-09 FAILED [{'lead': 21, 'endpoint': 'ncar', 'purpose': 'integrity_retry', 'error': '2020-09-09 f021: production attempt allowance exhausted', 'kind': 'IntegrityError'}]
2020-09-10 FAILED [{'lead': 21, 'endpoint': 'ncar', 'purpose': 'integrity_retry', 'error': '2020-09-10 f021: production attempt allowance exhausted', 'kind': 'IntegrityError'}]
2020-09-11 FAILED [{'lead': 21, 'endpoint': 'ncar', 'purpose': 'integrity_retry', 'error': '2020-09-11 f021: production attempt allowance exhausted', 'kind': 'IntegrityError'}]
2020-09-12 FAILED [{'lead': 21, 'endpoint': 'ncar', 'purpose': 'integrity_retry', 'error': '2020-09-12 f021: production attempt allowance exhausted', 'kind': 'IntegrityError'}]
2020-09-13 FAILED [{'lead': 21, 'endpoint': 'ncar', 'purpose': 'integrity_retry', 'error': '2020-09-13 f021: production attempt allowance exhausted', 'kind': 'IntegrityError'}]
2020-09-14 FAILED [{'lead': 21, 'endpoint': 'ncar', 'purpose': 'integrity_retry', 'error': '2020-09-14 f021: production attempt allowance exhausted', 'kind': 'IntegrityError'}]
2020-09-15 FAILED [{'lead': 21, 'endpoint': 'ncar', 'purpose': 'integrity_retry', 'error': '2020-09-15 f021: production attempt allowance exhausted', 'kind': 'IntegrityError'}]
2020-09-17 FAILED [{'lead': 21, 'endpoint': 'ncar', 'purpose': 'integrity_retry', 'error': '2020-09-17 f021: production attempt allowance exhausted', 'kind': 'IntegrityError'}]
2020-09-16 FAILED [{'lead': 21, 'endpoint': 'ncar', 'purpose': 'integrity_retry', 'error': '2020-09-16 f021: production attempt allowance exhausted', 'kind': 'IntegrityError'}]
2020-09-18 FAILED [{'lead': 21, 'endpoint': 'ncar', 'purpose': 'integrity_retry', 'error': '2020-09-18 f021: production attempt allowance exhausted', 'kind': 'IntegrityError'}]
2020-09-19 FAILED [{'lead': 21, 'endpoint': 'ncar', 'purpose': 'integrity_retry', 'error': '2020-09-19 f021: production attempt allowance exhausted', 'kind': 'IntegrityError'}]
2020-09-20 FAILED [{'lead': 21, 'endpoint': 'ncar', 'purpose': 'integrity_retry', 'error': '2020-09-20 f021: production attempt allowance exhausted', 'kind': 'IntegrityError'}]
2020-09-21 FAILED [{'lead': 21, 'endpoint': 'ncar', 'purpose': 'integrity_retry', 'error': '2020-09-21 f021: production attempt allowance exhausted', 'kind': 'IntegrityError'}]
2020-09-22 FAILED [{'lead': 21, 'endpoint': 'ncar', 'purpose': 'integrity_retry', 'error': '2020-09-22 f021: production attempt allowance exhausted', 'kind': 'IntegrityError'}]
2020-09-23 FAILED [{'lead': 21, 'endpoint': 'ncar', 'purpose': 'integrity_retry', 'error': '2020-09-23 f021: production attempt allowance exhausted', 'kind': 'IntegrityError'}]
2020-09-04 complete 115.8 s
2020-09-24 FAILED [{'lead': 21, 'endpoint': 'ncar', 'purpose': 'integrity_retry', 'error': '2020-09-24 f021: production attempt allowance exhausted', 'kind': 'IntegrityError'}]
2020-09-26 FAILED [{'lead': 21, 'endpoint': 'ncar', 'purpose': 'integrity_retry', 'error': '2020-09-26 f021: production attempt allowance exhausted', 'kind': 'IntegrityError'}]
2020-09-25 FAILED [{'lead': 21, 'endpoint': 'ncar', 'purpose': 'integrity_retry', 'error': '2020-09-25 f021: production attempt allowance exhausted', 'kind': 'IntegrityError'}]
2020-09-27 FAILED [{'lead': 21, 'endpoint': 'ncar', 'purpose': 'integrity_retry', 'error': '2020-09-27 f021: production attempt allowance exhausted', 'kind': 'IntegrityError'}]
2020-09-28 FAILED [{'lead': 21, 'endpoint': 'ncar', 'purpose': 'integrity_retry', 'error': '2020-09-28 f021: production attempt allowance exhausted', 'kind': 'IntegrityError'}]
2020-09-29 FAILED [{'lead': 21, 'endpoint': 'ncar', 'purpose': 'integrity_retry', 'error': '2020-09-29 f021: production attempt allowance exhausted', 'kind': 'IntegrityError'}]
2020-10-01 FAILED [{'lead': 30, 'endpoint': 'ncar', 'purpose': 'integrity_retry', 'error': '2020-10-01 f030: production attempt allowance exhausted', 'kind': 'IntegrityError'}]
2020-09-30 FAILED [{'lead': 39, 'endpoint': 'ncar', 'purpose': 'integrity_retry', 'error': '2020-09-30 f039: production attempt allowance exhausted', 'kind': 'IntegrityError'}]
2020-10-02 FAILED [{'lead': 39, 'endpoint': 'ncar', 'purpose': 'integrity_retry', 'error': '2020-10-02 f039: production attempt allowance exhausted', 'kind': 'IntegrityError'}]
2020-10-03 FAILED [{'lead': 39, 'endpoint': 'ncar', 'purpose': 'integrity_retry', 'error': '2020-10-03 f039: production attempt allowance exhausted', 'kind': 'IntegrityError'}]
2020-10-05 complete 155.4 s
2020-10-04 complete 180.5 s
2020-10-06 complete 126.6 s
2020-10-07 complete 92.6 s
2020-10-08 complete 88.9 s
2020-10-09 complete 115.4 s
2020-10-10 complete 91.4 s
2020-10-11 complete 114.8 s
2020-10-12 complete 103.9 s
2020-10-13 complete 133.5 s
2020-10-14 complete 109.0 s
2020-10-15 complete 94.4 s
2020-10-16 complete 95.7 s
2020-10-17 complete 98.9 s
2020-10-18 complete 143.0 s
2020-10-20 complete 69.2 s
2020-10-19 complete 119.8 s
2020-10-21 complete 88.0 s
2020-10-22 complete 106.6 s
2020-10-25 complete 90.0 s
2020-10-23 complete 146.5 s
2020-10-28 FAILED [{'lead': 21, 'endpoint': 'ncar', 'purpose': 'integrity_retry', 'error': '2020-10-28 f021: production attempt allowance exhausted', 'kind': 'IntegrityError'}]
2020-10-26 complete 111.7 s
2020-10-29 FAILED [{'lead': 27, 'endpoint': 'ncar', 'purpose': 'integrity_retry', 'error': '2020-10-29 f027: production attempt allowance exhausted', 'kind': 'IntegrityError'}]
2020-10-27 complete 199.2 s
2020-10-30 complete 158.9 s
2020-10-31 FAILED [{'lead': 33, 'endpoint': 'ncar', 'purpose': 'integrity_retry', 'error': '2020-10-31 f033: production attempt allowance exhausted', 'kind': 'IntegrityError'}]
2020-11-01 FAILED [{'lead': 33, 'endpoint': 'ncar', 'purpose': 'integrity_retry', 'error': '2020-11-01 f033: production attempt allowance exhausted', 'kind': 'IntegrityError'}]
2020-11-02 complete 106.4 s
2020-11-04 complete 112.8 s
2020-11-03 complete 147.2 s
2020-11-05 complete 109.3 s
2020-11-06 complete 109.8 s
2020-11-07 complete 138.1 s
2020-11-09 complete 120.8 s
2020-11-08 complete 159.8 s
2020-11-10 complete 103.8 s
2020-11-11 complete 86.1 s
2020-11-12 complete 108.1 s
2020-11-13 complete 128.2 s
2020-11-14 complete 122.5 s
2020-11-15 complete 132.7 s
2020-11-16 FAILED [{'lead': 45, 'endpoint': 'ncar', 'purpose': 'integrity_retry', 'error': '2020-11-16 f045: production attempt allowance exhausted', 'kind': 'IntegrityError'}]
2020-11-17 FAILED [{'lead': 45, 'endpoint': 'ncar', 'purpose': 'integrity_retry', 'error': '2020-11-17 f045: production attempt allowance exhausted', 'kind': 'IntegrityError'}]
2020-11-18 FAILED [{'lead': 45, 'endpoint': 'ncar', 'purpose': 'integrity_retry', 'error': '2020-11-18 f045: production attempt allowance exhausted', 'kind': 'IntegrityError'}]
2020-11-19 FAILED [{'lead': 48, 'endpoint': 'ncar', 'purpose': 'integrity_retry', 'error': '2020-11-19 f048: production attempt allowance exhausted', 'kind': 'IntegrityError'}]
2020-11-20 complete 143.6 s
2020-11-21 complete 141.8 s
2020-11-22 complete 97.5 s
2020-11-23 complete 111.6 s
2020-11-25 complete 77.4 s
2020-11-24 complete 159.3 s
2020-11-27 complete 95.4 s
2020-11-28 complete 79.7 s
2020-11-26 complete 147.0 s
2020-11-29 complete 120.9 s
2020-12-01 complete 167.0 s
2020-11-30 complete 186.7 s
2020-12-02 complete 115.5 s
2020-12-03 complete 101.0 s
2020-12-04 complete 120.5 s
2020-12-05 complete 104.4 s
2020-12-06 complete 121.6 s
2020-12-08 complete 104.1 s
2020-12-07 complete 126.8 s
2020-12-09 complete 87.9 s
2020-12-10 complete 96.4 s
2020-12-12 complete 104.6 s
2020-12-13 complete 117.6 s
2020-12-11 complete 213.4 s
2020-12-14 complete 93.8 s
2020-12-17 FAILED [{'lead': 21, 'endpoint': 'ncar', 'purpose': 'integrity_retry', 'error': '2020-12-17 f021: production attempt allowance exhausted', 'kind': 'IntegrityError'}]
2020-12-18 FAILED [{'lead': 21, 'endpoint': 'ncar', 'purpose': 'integrity_retry', 'error': '2020-12-18 f021: production attempt allowance exhausted', 'kind': 'IntegrityError'}]
2020-12-19 FAILED [{'lead': 21, 'endpoint': 'ncar', 'purpose': 'integrity_retry', 'error': '2020-12-19 f021: production attempt allowance exhausted', 'kind': 'IntegrityError'}]
2020-12-20 FAILED [{'lead': 21, 'endpoint': 'ncar', 'purpose': 'integrity_retry', 'error': '2020-12-20 f021: production attempt allowance exhausted', 'kind': 'IntegrityError'}]
2020-12-21 FAILED [{'lead': 21, 'endpoint': 'ncar', 'purpose': 'integrity_retry', 'error': '2020-12-21 f021: production attempt allowance exhausted', 'kind': 'IntegrityError'}]
2020-12-22 FAILED [{'lead': 21, 'endpoint': 'ncar', 'purpose': 'integrity_retry', 'error': '2020-12-22 f021: production attempt allowance exhausted', 'kind': 'IntegrityError'}]
2020-12-23 FAILED [{'lead': 21, 'endpoint': 'ncar', 'purpose': 'integrity_retry', 'error': '2020-12-23 f021: production attempt allowance exhausted', 'kind': 'IntegrityError'}]
2020-12-24 FAILED [{'lead': 21, 'endpoint': 'ncar', 'purpose': 'integrity_retry', 'error': '2020-12-24 f021: production attempt allowance exhausted', 'kind': 'IntegrityError'}]
2020-12-25 FAILED [{'lead': 21, 'endpoint': 'ncar', 'purpose': 'integrity_retry', 'error': '2020-12-25 f021: production attempt allowance exhausted', 'kind': 'IntegrityError'}]
2020-12-26 FAILED [{'lead': 21, 'endpoint': 'ncar', 'purpose': 'integrity_retry', 'error': '2020-12-26 f021: production attempt allowance exhausted', 'kind': 'IntegrityError'}]
2020-12-27 FAILED [{'lead': 21, 'endpoint': 'ncar', 'purpose': 'integrity_retry', 'error': '2020-12-27 f021: production attempt allowance exhausted', 'kind': 'IntegrityError'}]
2020-12-28 FAILED [{'lead': 21, 'endpoint': 'ncar', 'purpose': 'integrity_retry', 'error': '2020-12-28 f021: production attempt allowance exhausted', 'kind': 'IntegrityError'}]
2020-12-29 FAILED [{'lead': 21, 'endpoint': 'ncar', 'purpose': 'integrity_retry', 'error': '2020-12-29 f021: production attempt allowance exhausted', 'kind': 'IntegrityError'}]
2020-12-15 complete 138.7 s
2020-12-30 FAILED [{'lead': 21, 'endpoint': 'ncar', 'purpose': 'integrity_retry', 'error': '2020-12-30 f021: production attempt allowance exhausted', 'kind': 'IntegrityError'}]
2020-12-31 FAILED [{'lead': 21, 'endpoint': 'ncar', 'purpose': 'integrity_retry', 'error': '2020-12-31 f021: production attempt allowance exhausted', 'kind': 'IntegrityError'}]
2020-12-16 FAILED [{'lead': 48, 'endpoint': 'ncar', 'purpose': 'integrity_retry', 'error': '2020-12-16 f048: production attempt allowance exhausted', 'kind': 'IntegrityError'}]
{"selected": 732, "complete": 255, "failed": ["2019-02-08", "2019-02-10", "2019-02-24", "2019-02-25", "2019-02-26", "2019-02-27", "2019-02-28", "2019-03-01", "2019-03-02", "2019-03-03", "2019-03-04", "2019-03-05", "2019-03-06", "2019-03-07", "2019-03-08", "2019-03-09", "2019-03-10", "2019-03-12", "2019-03-14", "2019-03-15", "2019-03-23", "2019-03-24", "2019-03-28", "2019-05-01", "2019-05-02", "2019-05-03", "2019-05-04", "2019-06-12", "2019-07-02", "2019-07-04", "2019-07-05", "2019-07-06", "2019-07-07", "2019-07-08", "2019-07-09", "2019-07-10", "2019-07-11", "2019-07-12", "2019-07-13", "2019-07-14", "2019-07-15", "2019-07-16", "2019-07-17", "2019-07-18", "2019-07-19", "2019-07-20", "2019-07-21", "2019-07-22", "2019-07-23", "2019-07-24", "2019-07-25", "2019-07-26", "2019-07-27", "2019-07-28", "2019-07-29", "2019-07-30", "2019-07-31", "2019-08-01", "2019-08-02", "2019-08-03", "2019-08-04", "2019-08-05", "2019-08-06", "2019-08-07", "2019-08-08", "2019-08-09", "2019-08-10", "2019-08-11", "2019-08-12", "2019-08-13", "2019-08-14", "2019-08-15", "2019-08-16", "2019-08-17", "2019-08-18", "2019-08-19", "2019-08-20", "2019-08-21", "2019-08-22", "2019-08-23", "2019-08-24", "2019-08-25", "2019-08-26", "2019-08-27", "2019-08-28", "2019-08-29", "2019-08-30", "2019-08-31", "2019-09-03", "2019-09-04", "2019-09-05", "2019-09-06", "2019-09-07", "2019-09-08", "2019-09-09", "2019-09-10", "2019-09-11", "2019-09-12", "2019-09-13", "2019-09-14", "2019-09-15", "2019-09-16", "2019-09-17", "2019-09-18", "2019-09-19", "2019-09-20", "2019-09-21", "2019-09-22", "2019-09-23", "2019-09-24", "2019-09-25", "2019-09-26", "2019-09-27", "2019-09-28", "2019-09-29", "2019-09-30", "2019-10-01", "2019-10-02", "2019-10-03", "2019-10-04", "2019-10-05", "2019-10-06", "2019-10-10", "2019-10-11", "2019-10-12", "2019-10-13", "2019-10-14", "2019-10-15", "2019-10-16", "2019-10-17", "2019-10-28", "2019-10-29", "2019-10-30", "2019-10-31", "2019-11-01", "2019-11-02", "2019-11-03", "2019-11-04", "2019-11-05", "2019-11-06", "2019-11-07", "2019-11-08", "2019-11-09", "2019-11-10", "2019-11-11", "2019-11-12", "2019-11-13", "2019-11-14", "2019-11-15", "2019-11-16", "2019-11-17", "2019-11-18", "2019-11-19", "2019-11-20", "2019-11-21", "2019-11-22", "2019-11-23", "2019-11-24", "2019-11-25", "2019-11-26", "2019-11-27", "2019-11-28", "2019-11-29", "2019-11-30", "2019-12-01", "2019-12-02", "2019-12-03", "2019-12-04", "2019-12-05", "2019-12-06", "2019-12-07", "2019-12-08", "2019-12-09", "2019-12-10", "2019-12-11", "2019-12-12", "2019-12-13", "2019-12-14", "2019-12-15", "2019-12-16", "2019-12-17", "2019-12-18", "2019-12-19", "2019-12-20", "2019-12-21", "2019-12-22", "2019-12-23", "2019-12-24", "2019-12-25", "2019-12-26", "2019-12-27", "2019-12-28", "2019-12-29", "2019-12-30", "2019-12-31", "2020-01-01", "2020-01-02", "2020-01-03", "2020-01-04", "2020-01-05", "2020-01-06", "2020-01-07", "2020-01-08", "2020-01-09", "2020-01-10", "2020-01-11", "2020-01-12", "2020-01-13", "2020-01-14", "2020-01-15", "2020-01-16", "2020-01-17", "2020-01-18", "2020-01-19", "2020-01-20", "2020-01-21", "2020-01-22", "2020-01-23", "2020-01-24", "2020-01-25", "2020-01-26", "2020-01-27", "2020-01-28", "2020-01-29", "2020-01-30", "2020-01-31", "2020-02-01", "2020-02-02", "2020-02-03", "2020-02-04", "2020-02-05", "2020-02-06", "2020-02-07", "2020-02-08", "2020-02-09", "2020-02-10", "2020-02-11", "2020-02-12", "2020-02-13", "2020-02-14", "2020-02-15", "2020-02-16", "2020-02-17", "2020-02-18", "2020-02-19", "2020-02-20", "2020-02-21", "2020-02-22", "2020-02-23", "2020-02-24", "2020-02-25", "2020-02-26", "2020-02-27", "2020-02-28", "2020-02-29", "2020-03-01", "2020-03-02", "2020-03-03", "2020-03-04", "2020-03-05", "2020-03-06", "2020-03-07", "2020-03-08", "2020-03-09", "2020-03-10", "2020-03-11", "2020-03-12", "2020-03-13", "2020-03-14", "2020-03-15", "2020-03-16", "2020-03-17", "2020-03-18", "2020-03-19", "2020-03-20", "2020-03-21", "2020-03-22", "2020-03-23", "2020-03-24", "2020-03-25", "2020-03-26", "2020-03-27", "2020-03-28", "2020-03-29", "2020-03-30", "2020-03-31", "2020-04-01", "2020-04-02", "2020-04-03", "2020-04-04", "2020-04-05", "2020-04-06", "2020-04-07", "2020-04-08", "2020-04-09", "2020-04-10", "2020-04-11", "2020-04-12", "2020-04-13", "2020-04-14", "2020-04-15", "2020-04-16", "2020-04-17", "2020-04-18", "2020-04-19", "2020-04-20", "2020-04-21", "2020-04-22", "2020-04-23", "2020-04-24", "2020-04-25", "2020-04-26", "2020-04-27", "2020-04-28", "2020-04-29", "2020-04-30", "2020-05-01", "2020-05-02", "2020-05-03", "2020-05-04", "2020-05-05", "2020-05-06", "2020-05-07", "2020-05-08", "2020-05-09", "2020-05-10", "2020-05-11", "2020-05-12", "2020-05-13", "2020-05-14", "2020-05-15", "2020-05-16", "2020-05-17", "2020-05-19", "2020-05-20", "2020-05-21", "2020-05-22", "2020-05-23", "2020-05-24", "2020-05-25", "2020-05-26", "2020-05-27", "2020-05-28", "2020-05-29", "2020-05-30", "2020-05-31", "2020-06-01", "2020-06-02", "2020-06-03", "2020-06-04", "2020-06-05", "2020-06-06", "2020-06-07", "2020-06-08", "2020-06-09", "2020-06-10", "2020-06-11", "2020-06-12", "2020-06-13", "2020-06-14", "2020-06-15", "2020-06-16", "2020-06-17", "2020-06-18", "2020-06-19", "2020-06-20", "2020-06-21", "2020-06-22", "2020-06-23", "2020-06-24", "2020-06-25", "2020-06-26", "2020-06-27", "2020-06-28", "2020-06-29", "2020-06-30", "2020-07-01", "2020-07-02", "2020-07-03", "2020-07-04", "2020-07-05", "2020-07-06", "2020-07-07", "2020-07-08", "2020-07-09", "2020-07-10", "2020-07-11", "2020-07-12", "2020-07-13", "2020-07-14", "2020-07-15", "2020-07-16", "2020-07-17", "2020-07-18", "2020-07-19", "2020-07-20", "2020-07-21", "2020-07-22", "2020-07-23", "2020-07-24", "2020-07-25", "2020-07-26", "2020-07-27", "2020-07-28", "2020-07-29", "2020-07-30", "2020-07-31", "2020-08-01", "2020-08-02", "2020-08-03", "2020-08-04", "2020-08-05", "2020-08-23", "2020-08-24", "2020-08-25", "2020-08-26", "2020-08-27", "2020-08-28", "2020-08-29", "2020-08-30", "2020-08-31", "2020-09-01", "2020-09-02", "2020-09-03", "2020-09-05", "2020-09-06", "2020-09-07", "2020-09-08", "2020-09-09", "2020-09-10", "2020-09-11", "2020-09-12", "2020-09-13", "2020-09-14", "2020-09-15", "2020-09-16", "2020-09-17", "2020-09-18", "2020-09-19", "2020-09-20", "2020-09-21", "2020-09-22", "2020-09-23", "2020-09-24", "2020-09-25", "2020-09-26", "2020-09-27", "2020-09-28", "2020-09-29", "2020-09-30", "2020-10-01", "2020-10-02", "2020-10-03", "2020-10-28", "2020-10-29", "2020-10-31", "2020-11-01", "2020-11-16", "2020-11-17", "2020-11-18", "2020-11-19", "2020-12-16", "2020-12-17", "2020-12-18", "2020-12-19", "2020-12-20", "2020-12-21", "2020-12-22", "2020-12-23", "2020-12-24", "2020-12-25", "2020-12-26", "2020-12-27", "2020-12-28", "2020-12-29", "2020-12-30", "2020-12-31"], "halt_reason": null, "requests_this_invocation": {"requests": 41972, "bytes": 20812279982, "network_retries": 5, "deadline_expiries": 4}, "finished_utc": "2026-09-23T22:37:53Z", "drained": false}
# CP-20 job gfs-extract index 36 start 2026-09-23T22:37:53Z
code version: {"dirty_paths": [], "git_head": "69b268acef8aed8ef5d3b69c7d45108f1deb91e0", "locator_fix_r10": true, "o2_amendment_a1": true, "sha256": {"scripts/cp20_weather.py": "ec26073aa3bddc36e014b545bc7cf2839ff5ba84b1dc0c1281592f278ac5e5bc", "src/cp20/budget.py": "ed0ef4cc465264497942657731179d474bc29b5d74d8acb640063001298761b2", "src/cp20/chain.py": "8c62188f55dc40157f0c6d1516dd80040596d4cd34cc619fd24912f4410bacfc", "src/cp20/extract.py": "c6604ce10e4bbe6171bccccc5ec8d01aed3dce76cb31187abdd54255c9715e1b", "src/cp20/gfs.py": "153a4210b5f7d5c3a4ea6e5e0bae4d20d796bcfed9f2b1f2f6da018f4affb498", "src/cp20/net.py": "d07f58136695aff4f125551c4e78f44e55950b93d32daa74dbcb8c9a2e1c9f3d"}}
extraction start: 1740 aws runs, workers=1
2021-01-16 complete 32.4 s
2021-01-17 complete 12.9 s
2021-01-18 complete 229.3 s
2021-01-19 complete 97.8 s
2021-01-20 complete 13.4 s
2021-01-21 complete 129.8 s
2021-01-22 complete 12.5 s
2021-01-23 complete 12.8 s
2021-01-24 complete 401.9 s
2021-01-25 complete 256.7 s
2021-01-26 complete 12.7 s
2021-01-27 complete 13.3 s
2021-01-28 complete 241.6 s
2021-01-29 complete 13.1 s
2021-01-30 complete 12.7 s
2021-01-31 complete 14.7 s
2021-02-01 complete 12.5 s
2021-02-03 complete 131.5 s
2021-02-04 complete 13.4 s
2021-02-05 complete 13.2 s
2021-02-06 complete 17.4 s
2021-02-07 complete 16.0 s
2021-02-08 complete 137.6 s
2021-02-09 complete 14.2 s
2021-02-10 complete 13.7 s
2021-02-11 complete 14.7 s
2021-02-12 complete 13.5 s
2021-02-13 complete 68.7 s
2021-02-14 complete 13.7 s
2021-02-15 complete 12.4 s
2021-02-16 complete 15.1 s
2021-02-17 complete 13.2 s
2021-02-18 complete 14.8 s
2021-02-19 complete 13.9 s
2021-02-20 complete 13.4 s
2021-02-21 complete 70.8 s
2021-02-22 complete 14.0 s
2021-02-23 complete 70.3 s
{"selected": 1740, "complete": 51, "failed": [], "halt_reason": "signal_15", "requests_this_invocation": {"requests": 1533, "bytes": 1660726439, "network_retries": 13, "deadline_expiries": 13}, "finished_utc": "2026-09-23T23:15:02Z", "drained": true}
# CP-20 job gfs-extract index 37 start 2026-09-23T23:15:14Z
code version: {"dirty_paths": [], "git_head": "47607dfe7bc918fac9e62a280ba5cb5f9e6de3a9", "locator_fix_r10": true, "o2_amendment_a1": true, "sha256": {"scripts/cp20_weather.py": "ec26073aa3bddc36e014b545bc7cf2839ff5ba84b1dc0c1281592f278ac5e5bc", "src/cp20/budget.py": "ed0ef4cc465264497942657731179d474bc29b5d74d8acb640063001298761b2", "src/cp20/chain.py": "320f817972d445737234ba2c2c71328e4a28bd8f2f504738270eaad17f5b2ae8", "src/cp20/extract.py": "c6604ce10e4bbe6171bccccc5ec8d01aed3dce76cb31187abdd54255c9715e1b", "src/cp20/gfs.py": "153a4210b5f7d5c3a4ea6e5e0bae4d20d796bcfed9f2b1f2f6da018f4affb498", "src/cp20/net.py": "4a9726e29dadbc8eef482793416d222902b8eb214133c3e1016e8853c8a34549"}}
extraction start: 1740 aws runs, workers=4
2021-02-27 complete 16.5 s
2021-02-28 complete 13.0 s
2021-03-01 complete 15.5 s
2021-02-25 complete 44.9 s
2021-02-24 complete 51.1 s
2021-03-03 complete 12.0 s
2021-03-02 complete 12.8 s
2021-03-04 complete 16.0 s
2021-03-06 complete 12.8 s
2021-03-08 complete 14.1 s
2021-03-09 complete 12.1 s
2021-03-10 complete 14.2 s
2021-02-26 complete 120.6 s
2021-03-11 complete 11.6 s
2021-03-12 complete 11.8 s
2021-03-13 complete 12.1 s
2021-03-15 complete 13.0 s
2021-03-16 complete 12.0 s
2021-03-14 complete 46.3 s
2021-03-05 complete 172.7 s
2021-03-07 complete 204.8 s
{"selected": 1740, "complete": 72, "failed": [], "halt_reason": "signal_15", "requests_this_invocation": {"requests": 854, "bytes": 940969660, "network_retries": 14, "deadline_expiries": 14}, "finished_utc": "2026-09-23T23:19:48Z", "drained": true}
# CP-20 job gfs-extract index 38 start 2026-09-23T23:19:53Z
code version: {"dirty_paths": [], "git_head": "1b5997dc984f98d0505bfe611285217481ea471d", "locator_fix_r10": true, "o2_amendment_a1": true, "o4_concurrent_leads_r12": true, "sha256": {"scripts/cp20_weather.py": "ec26073aa3bddc36e014b545bc7cf2839ff5ba84b1dc0c1281592f278ac5e5bc", "src/cp20/budget.py": "ed0ef4cc465264497942657731179d474bc29b5d74d8acb640063001298761b2", "src/cp20/chain.py": "320f817972d445737234ba2c2c71328e4a28bd8f2f504738270eaad17f5b2ae8", "src/cp20/extract.py": "b07b3e3961f2f7df6cb77e20886b8e226e2d5892a5ccb1990605d8ea63bc946c", "src/cp20/gfs.py": "153a4210b5f7d5c3a4ea6e5e0bae4d20d796bcfed9f2b1f2f6da018f4affb498", "src/cp20/net.py": "4a9726e29dadbc8eef482793416d222902b8eb214133c3e1016e8853c8a34549"}}
extraction start: 1740 aws runs, workers=4
2021-03-19 complete 35.9 s
2021-03-17 complete 36.6 s
2021-03-24 complete 4.6 s
2021-03-25 complete 7.5 s
2021-03-26 complete 5.3 s
2021-03-27 complete 3.6 s
2021-03-28 complete 3.8 s
2021-03-29 complete 4.0 s
2021-03-20 complete 68.6 s
2021-03-30 complete 3.6 s
2021-03-21 complete 35.8 s
2021-04-01 complete 4.1 s
2021-03-31 complete 4.8 s
2021-04-04 complete 4.4 s
2021-04-05 complete 3.8 s
2021-04-06 complete 3.7 s
2021-04-07 complete 3.8 s
2021-04-08 complete 3.8 s
2021-04-09 complete 3.6 s
2021-04-10 complete 3.9 s
2021-04-11 complete 3.8 s
2021-04-03 complete 32.5 s
2021-04-13 complete 5.1 s
2021-04-14 complete 4.1 s
2021-04-15 complete 3.9 s
2021-04-16 complete 3.5 s
2021-04-17 complete 3.9 s
2021-04-18 complete 3.7 s
2021-04-19 complete 3.7 s
2021-04-20 complete 3.7 s
2021-04-21 complete 3.9 s
2021-04-12 complete 37.6 s
2021-04-02 complete 72.3 s
2021-04-23 complete 5.2 s
2021-04-25 complete 4.0 s
2021-04-26 complete 3.9 s
2021-04-27 complete 3.8 s
2021-04-28 complete 4.4 s
2021-04-29 complete 3.7 s
2021-04-30 complete 4.2 s
2021-05-01 complete 3.9 s
2021-04-22 complete 37.2 s
2021-04-24 complete 66.1 s
2021-05-03 complete 33.4 s
2021-05-05 complete 4.3 s
2021-05-02 complete 42.3 s
2021-05-06 complete 3.8 s
2021-05-08 complete 3.7 s
2021-05-09 complete 3.8 s
2021-05-10 complete 3.5 s
2021-05-11 complete 3.9 s
2021-05-12 complete 3.9 s
2021-05-13 complete 3.7 s
2021-05-14 complete 3.8 s
2021-05-07 complete 35.5 s
2021-05-16 complete 5.3 s
2021-05-17 complete 5.0 s
2021-05-18 complete 5.5 s
2021-05-19 complete 6.0 s
2021-05-04 complete 67.2 s
2021-05-20 complete 6.3 s
2021-05-22 complete 6.8 s
2021-05-23 complete 9.3 s
2021-05-24 complete 7.3 s
2021-05-21 complete 35.6 s
2021-05-26 complete 4.9 s
2021-05-27 complete 3.9 s
2021-05-28 complete 4.0 s
2021-03-18 complete 327.0 s
2021-05-29 complete 4.6 s
2021-05-31 complete 3.9 s
2021-06-01 complete 4.2 s
2021-06-02 complete 4.1 s
2021-05-15 complete 125.8 s
2021-06-04 complete 5.1 s
2021-06-05 complete 4.1 s
2021-06-06 complete 3.9 s
2021-06-07 complete 3.8 s
2021-06-08 complete 4.0 s
2021-05-30 complete 67.2 s
2021-06-09 complete 3.8 s
2021-06-11 complete 3.7 s
2021-06-12 complete 4.1 s
2021-06-13 complete 4.0 s
2021-06-03 complete 71.4 s
2021-05-25 complete 117.6 s
2021-06-15 complete 37.9 s
2021-06-17 complete 36.1 s
2021-06-18 complete 4.9 s
2021-06-16 complete 71.8 s
2021-06-19 complete 4.0 s
2021-06-21 complete 4.5 s
2021-06-22 complete 4.2 s
2021-06-23 complete 4.1 s
2021-06-24 complete 3.8 s
2021-06-25 complete 4.1 s
2021-06-26 complete 3.9 s
2021-06-27 complete 4.5 s
2021-06-10 complete 148.7 s
2021-06-20 complete 63.3 s
2021-06-28 complete 31.0 s
2021-06-29 complete 37.4 s
2021-07-02 complete 34.2 s
2021-07-01 complete 68.5 s
2021-06-30 complete 74.5 s
2021-07-03 complete 37.7 s
2021-07-06 complete 4.8 s
2021-07-07 complete 3.7 s
2021-07-08 complete 3.9 s
2021-07-09 complete 3.9 s
2021-07-10 complete 3.9 s
2021-07-11 complete 3.8 s
2021-07-12 complete 4.2 s
2021-07-13 complete 3.8 s
2021-06-14 complete 286.2 s
2021-07-14 complete 35.8 s
2021-07-04 complete 119.1 s
2021-07-17 complete 4.6 s
2021-07-18 complete 4.0 s
2021-07-16 complete 34.4 s
2021-07-19 complete 3.8 s
2021-07-21 complete 3.6 s
2021-07-15 complete 66.7 s
2021-07-22 complete 4.1 s
2021-07-24 complete 3.8 s
2021-07-25 complete 3.8 s
2021-07-26 complete 3.6 s
2021-07-05 complete 171.1 s
2021-07-20 complete 68.1 s
2021-07-28 complete 34.2 s
2021-07-27 complete 69.4 s
2021-07-31 complete 5.1 s
2021-08-01 complete 3.8 s
2021-07-29 complete 34.6 s
2021-08-02 complete 3.7 s
2021-08-04 complete 3.5 s
2021-07-23 complete 103.4 s
2021-08-05 complete 3.6 s
2021-08-07 complete 3.9 s
2021-08-08 complete 3.8 s
2021-08-09 complete 3.6 s
2021-08-10 complete 4.0 s
2021-08-11 complete 3.6 s
2021-08-03 complete 35.7 s
2021-08-06 complete 32.3 s
2021-08-13 complete 35.7 s
2021-08-14 complete 35.0 s
2021-08-16 complete 5.4 s
2021-08-17 complete 4.1 s
2021-08-18 complete 3.7 s
2021-08-19 complete 3.7 s
2021-08-20 complete 3.7 s
2021-08-12 complete 72.2 s
2021-08-21 complete 3.8 s
2021-08-23 complete 3.7 s
2021-08-22 complete 7.4 s
2021-08-15 complete 34.8 s
2021-08-24 complete 3.6 s
2021-08-25 complete 4.9 s
2021-08-28 complete 3.6 s
2021-08-29 complete 3.7 s
2021-08-30 complete 3.6 s
2021-08-31 complete 3.9 s
2021-09-01 complete 4.0 s
2021-09-02 complete 3.9 s
2021-09-03 complete 3.7 s
2021-08-26 complete 35.2 s
2021-09-05 complete 5.0 s
2021-09-06 complete 3.8 s
2021-09-07 complete 3.7 s
2021-09-08 complete 4.1 s
2021-09-09 complete 3.8 s
2021-09-10 complete 3.5 s
2021-07-30 complete 187.3 s
2021-09-11 complete 3.9 s
2021-09-04 complete 34.8 s
2021-09-13 complete 3.7 s
2021-08-27 complete 68.1 s
2021-09-14 complete 5.1 s
2021-09-15 complete 5.5 s
2021-09-18 complete 5.4 s
2021-09-17 complete 8.4 s
2021-09-19 complete 4.5 s
2021-09-20 complete 4.5 s
2021-09-22 complete 3.8 s
2021-09-23 complete 4.1 s
2021-09-24 complete 4.3 s
2021-09-25 complete 3.8 s
2021-09-26 complete 3.8 s
2021-09-16 complete 36.0 s
2021-09-27 complete 5.4 s
2021-09-29 complete 4.8 s
2021-09-30 complete 4.3 s
2021-09-28 complete 33.2 s
2021-10-02 complete 6.2 s
2021-10-03 complete 5.2 s
2021-10-04 complete 6.1 s
2021-09-21 complete 73.0 s
2021-10-05 complete 5.4 s
2021-10-07 complete 5.6 s
2021-09-12 complete 107.5 s
2021-10-08 complete 5.1 s
2021-10-10 complete 5.2 s
2021-10-11 complete 4.6 s
2021-10-01 complete 65.9 s
2021-10-06 complete 36.0 s
2021-10-13 complete 39.0 s
2021-10-14 complete 73.2 s
2021-10-09 complete 103.6 s
2021-10-15 complete 74.8 s
2021-10-16 complete 33.3 s
2021-10-17 complete 32.9 s
2021-10-18 complete 38.2 s
2021-10-20 complete 34.9 s
2021-10-21 complete 5.4 s
2021-10-12 complete 162.6 s
2021-10-23 complete 3.9 s
2021-10-25 complete 3.8 s
2021-10-26 complete 3.9 s
2021-10-27 complete 3.7 s
2021-10-28 complete 3.9 s
2021-10-29 complete 3.6 s
2021-10-30 complete 3.7 s
2021-10-31 complete 3.7 s
2021-10-22 complete 34.2 s
2021-11-01 complete 4.2 s
2021-10-24 complete 37.3 s
2021-11-04 complete 4.6 s
2021-11-05 complete 3.9 s
2021-11-06 complete 3.8 s
2021-11-07 complete 3.8 s
2021-11-08 complete 3.7 s
2021-11-09 complete 3.7 s
2021-11-02 complete 34.5 s
2021-11-10 complete 3.8 s
2021-11-12 complete 4.1 s
2021-11-13 complete 5.2 s
2021-11-14 complete 3.7 s
2021-11-15 complete 4.5 s
2021-11-16 complete 3.8 s
2021-11-03 complete 67.3 s
2021-11-17 complete 33.8 s
2021-11-19 complete 4.9 s
2021-11-20 complete 4.1 s
2021-11-11 complete 67.5 s
2021-11-21 complete 3.5 s
2021-11-18 complete 33.6 s
2021-11-23 complete 4.0 s
2021-11-25 complete 3.9 s
2021-11-26 complete 3.7 s
2021-11-27 complete 4.1 s
2021-11-28 complete 3.7 s
2021-11-29 complete 4.7 s
2021-11-30 complete 4.1 s
2021-12-01 complete 4.0 s
2021-11-24 complete 34.1 s
2021-12-02 complete 3.7 s
2021-11-22 complete 70.5 s
2021-12-04 complete 34.9 s
2021-12-03 complete 63.5 s
2021-12-07 complete 30.8 s
2021-12-06 complete 62.1 s
2021-12-05 complete 63.2 s
2021-12-09 complete 34.8 s
2021-12-11 complete 33.9 s
2021-12-10 complete 70.8 s
2021-12-12 complete 36.3 s
2021-12-08 complete 110.9 s
2021-12-13 complete 66.1 s
2021-12-14 complete 110.0 s
2021-12-15 complete 119.9 s
2021-12-17 complete 35.1 s
2021-12-16 complete 120.8 s
2021-12-18 complete 36.9 s
2021-12-20 complete 6.1 s
2021-12-22 complete 4.5 s
2021-12-23 complete 4.1 s
2021-12-24 complete 3.6 s
2021-12-25 complete 3.9 s
2021-12-26 complete 3.7 s
2021-12-27 complete 3.7 s
2021-12-28 complete 3.8 s
2021-12-21 complete 33.0 s
2021-12-30 complete 4.7 s
2021-12-31 complete 3.6 s
2022-01-01 complete 3.8 s
2022-01-02 complete 3.9 s
2022-01-03 complete 3.7 s
2022-01-04 complete 3.8 s
2022-01-05 complete 3.8 s
2022-01-06 complete 3.9 s
2021-12-29 complete 104.9 s
2021-12-19 complete 176.7 s
2022-01-08 complete 34.3 s
2022-01-10 complete 4.5 s
2022-01-07 complete 110.4 s
2022-01-11 complete 3.7 s
2022-01-13 complete 3.7 s
2022-01-14 complete 3.8 s
2022-01-15 complete 3.6 s
2022-01-16 complete 3.7 s
2022-01-17 complete 3.8 s
2022-01-18 complete 3.7 s
2022-01-09 complete 37.1 s
2022-01-19 complete 3.8 s
2022-01-12 complete 36.7 s
2022-01-22 complete 4.8 s
2022-01-23 complete 3.5 s
2022-01-24 complete 3.7 s
2022-01-25 complete 3.6 s
2022-01-26 complete 3.6 s
2022-01-20 complete 32.1 s
2022-01-27 complete 3.6 s
2022-01-29 complete 3.7 s
2022-01-30 complete 3.5 s
2022-01-21 complete 73.3 s
2022-01-31 complete 38.9 s
2022-01-28 complete 71.5 s
2022-02-02 complete 36.5 s
2022-02-04 complete 4.0 s
2022-02-05 complete 3.7 s
2022-02-06 complete 3.8 s
2022-02-07 complete 3.7 s
2022-02-03 complete 30.7 s
2022-02-08 complete 3.8 s
2022-02-10 complete 3.8 s
2022-02-11 complete 3.8 s
2022-02-12 complete 3.7 s
2022-02-01 complete 73.0 s
2022-02-13 complete 34.6 s
2022-02-09 complete 66.0 s
2022-02-14 complete 66.3 s
2022-02-15 complete 35.0 s
2022-02-18 complete 4.5 s
2022-02-19 complete 3.6 s
2022-02-20 complete 3.9 s
2022-02-21 complete 3.7 s
2022-02-22 complete 3.7 s
2022-02-23 complete 3.7 s
2022-02-24 complete 3.7 s
2022-02-25 complete 3.7 s
2022-02-26 complete 3.8 s
2022-02-17 complete 70.6 s
2022-02-28 complete 6.5 s
2022-02-27 complete 40.1 s
2022-03-01 complete 3.9 s
2022-03-02 complete 4.8 s
2022-03-03 complete 4.0 s
2022-03-04 complete 3.8 s
2022-03-05 complete 4.2 s
2022-03-06 complete 4.1 s
2022-03-07 complete 4.1 s
2022-03-08 complete 3.7 s
2022-03-09 complete 3.6 s
2022-03-10 complete 4.1 s
2022-03-11 complete 4.3 s
2022-03-12 complete 3.8 s
2022-02-16 complete 116.7 s
2022-03-13 complete 3.7 s
2022-03-14 complete 3.8 s
2022-03-17 complete 4.1 s
2022-03-16 complete 4.9 s
2022-03-19 complete 3.7 s
2022-03-18 complete 4.3 s
2022-03-20 complete 5.4 s
2022-03-21 complete 5.8 s
2022-03-22 complete 3.8 s
2022-03-23 complete 4.7 s
2022-03-24 complete 3.7 s
2022-03-25 complete 3.9 s
2022-03-26 complete 3.7 s
2022-03-27 complete 4.0 s
2022-03-28 complete 3.9 s
2022-03-29 complete 3.9 s
2022-03-30 complete 3.8 s
2022-03-15 complete 35.0 s
2022-03-31 complete 5.5 s
2022-04-01 complete 4.3 s
2022-04-03 complete 4.4 s
2022-04-05 complete 4.4 s
2022-04-04 complete 35.3 s
2022-04-07 complete 33.9 s
2022-04-02 complete 73.3 s
2022-04-06 complete 66.3 s
2022-04-09 complete 5.3 s
2022-04-08 complete 6.6 s
2022-04-11 complete 4.2 s
2022-04-12 complete 3.9 s
2022-04-13 complete 4.0 s
2022-04-14 complete 4.5 s
2022-04-15 complete 3.8 s
2022-04-16 complete 3.9 s
2022-04-17 complete 3.8 s
2022-04-18 complete 4.4 s
2022-04-19 complete 3.9 s
2022-04-20 complete 4.3 s
2022-04-21 complete 3.8 s
2022-04-22 complete 4.0 s
2022-04-23 complete 3.9 s
2022-04-24 complete 3.9 s
2022-04-25 complete 4.0 s
2022-04-26 complete 5.1 s
2022-04-10 complete 37.2 s
2022-04-27 complete 5.3 s
2022-04-28 complete 3.9 s
2022-04-30 complete 5.7 s
2022-04-29 complete 6.1 s
2022-05-02 complete 4.1 s
2022-05-03 complete 4.7 s
2022-05-01 complete 8.8 s
2022-05-04 complete 4.2 s
2022-05-05 complete 4.9 s
2022-05-07 complete 3.9 s
2022-05-08 complete 4.9 s
2022-05-09 complete 3.9 s
2022-05-10 complete 4.9 s
2022-05-11 complete 3.8 s
2022-05-13 complete 3.9 s
2022-05-12 complete 4.6 s
2022-05-14 complete 3.9 s
2022-05-15 complete 4.8 s
2022-05-16 complete 4.4 s
2022-05-17 complete 4.4 s
2022-05-18 complete 5.2 s
2022-05-19 complete 4.9 s
2021-10-19 complete 1286.7 s
2022-05-20 complete 4.3 s
2022-05-21 complete 4.9 s
2022-05-23 complete 6.2 s
2022-05-24 complete 4.7 s
2022-05-26 complete 4.6 s
2022-05-25 complete 4.9 s
2022-05-28 complete 4.4 s
2022-05-27 complete 4.9 s
2022-05-30 complete 3.8 s
2022-05-29 complete 4.3 s
2022-05-31 complete 3.8 s
2022-06-01 complete 4.3 s
2022-06-02 complete 4.1 s
2022-06-03 complete 3.9 s
2022-06-04 complete 3.7 s
2022-06-06 complete 3.7 s
2022-06-07 complete 4.1 s
2022-06-08 complete 4.0 s
2022-06-09 complete 3.9 s
2022-06-10 complete 3.7 s
2022-06-11 complete 3.7 s
2022-06-12 complete 4.4 s
2022-06-13 complete 4.2 s
2022-05-22 complete 67.5 s
2022-06-14 complete 3.7 s
2022-06-15 complete 5.5 s
2022-06-16 complete 3.6 s
2022-06-18 complete 3.8 s
2022-06-17 complete 4.8 s
2022-06-20 complete 3.9 s
2022-06-21 complete 3.8 s
2022-06-22 complete 4.1 s
2022-06-23 complete 4.0 s
2022-06-24 complete 3.8 s
2022-06-25 complete 3.8 s
2022-06-26 complete 3.8 s
2022-06-05 complete 118.1 s
2022-06-28 complete 35.9 s
2022-06-19 complete 128.3 s
2022-06-29 complete 31.5 s
2022-06-30 complete 35.3 s
2022-05-06 complete 288.2 s
2022-07-01 complete 72.0 s
2022-07-03 complete 67.2 s
2022-07-05 complete 32.2 s
2022-07-04 complete 66.9 s
2022-07-02 complete 116.7 s
2022-07-06 complete 32.9 s
2022-07-08 complete 37.4 s
2022-07-09 complete 36.2 s
2022-06-27 complete 332.2 s
2022-07-12 complete 4.9 s
2022-07-13 complete 3.7 s
2022-07-14 complete 3.9 s
2022-07-15 complete 3.7 s
2022-07-11 complete 32.0 s
2022-07-10 complete 62.5 s
2022-07-16 complete 3.9 s
2022-07-19 complete 3.9 s
2022-07-20 complete 4.0 s
2022-07-21 complete 5.4 s
2022-07-22 complete 4.2 s
2022-07-23 complete 3.9 s
2022-07-24 complete 37.2 s
2022-07-25 complete 5.1 s
2022-07-18 complete 66.8 s
2022-07-26 complete 4.4 s
2022-07-17 complete 72.2 s
2022-07-28 complete 4.0 s
2022-07-30 complete 3.9 s
2022-07-31 complete 4.0 s
2022-08-01 complete 4.2 s
2022-08-02 complete 3.8 s
2022-08-03 complete 5.4 s
2022-08-04 complete 4.0 s
2022-08-05 complete 4.9 s
2022-07-29 complete 35.4 s
2022-08-06 complete 4.4 s
2022-07-27 complete 69.9 s
2022-08-08 complete 37.9 s
2022-08-10 complete 5.2 s
2022-08-11 complete 3.7 s
2022-08-12 complete 4.0 s
2022-08-13 complete 4.2 s
2022-08-14 complete 3.9 s
2022-08-15 complete 4.1 s
2022-07-07 complete 272.3 s
2022-08-16 complete 3.9 s
2022-08-18 complete 3.8 s
2022-08-19 complete 4.3 s
2022-08-20 complete 4.3 s
2022-08-07 complete 108.6 s
2022-08-21 complete 35.6 s
2022-08-23 complete 5.0 s
2022-08-24 complete 4.0 s
2022-08-25 complete 4.2 s
2022-08-26 complete 4.2 s
2022-08-27 complete 4.3 s
2022-08-28 complete 4.1 s
2022-08-22 complete 35.9 s
2022-08-29 complete 4.7 s
2022-08-31 complete 6.1 s
2022-09-01 complete 38.6 s
2022-08-17 complete 127.5 s
2022-09-03 complete 5.7 s
2022-08-09 complete 169.9 s
2022-09-04 complete 4.1 s
2022-09-06 complete 4.2 s
2022-09-07 complete 3.9 s
2022-09-08 complete 4.4 s
2022-09-09 complete 4.0 s
2022-09-10 complete 4.1 s
2022-09-02 complete 32.9 s
2022-09-11 complete 4.2 s
2022-09-13 complete 4.1 s
2022-09-14 complete 5.7 s
2022-08-30 complete 114.3 s
2022-09-15 complete 32.0 s
2022-09-05 complete 69.5 s
2022-09-17 complete 5.4 s
2022-09-19 complete 4.2 s
2022-09-20 complete 4.1 s
2022-09-21 complete 4.0 s
2022-09-22 complete 3.8 s
2022-09-23 complete 4.0 s
2022-09-24 complete 3.9 s
2022-09-25 complete 4.1 s
2022-09-18 complete 35.1 s
2022-09-26 complete 4.3 s
2023-03-24 complete 5.5 s
2023-03-25 complete 5.8 s
2023-03-26 complete 4.4 s
2023-03-27 complete 4.1 s
2023-03-28 complete 4.1 s
2022-09-12 complete 109.8 s
2023-03-29 complete 4.0 s
2023-03-31 complete 4.1 s
2023-04-01 complete 4.8 s
2023-04-02 complete 4.1 s
2023-04-03 complete 5.4 s
2022-09-16 complete 118.5 s
2022-09-27 complete 76.2 s
2023-04-05 complete 5.8 s
2023-04-07 complete 4.2 s
2023-04-08 complete 4.0 s
2023-04-09 complete 4.1 s
2023-04-10 complete 5.0 s
2023-04-11 complete 4.3 s
2023-04-12 complete 4.5 s
2023-04-06 complete 34.5 s
2023-04-13 complete 8.7 s
2023-03-30 complete 115.5 s
2023-04-14 complete 36.4 s
2023-04-15 complete 37.9 s
2023-04-16 complete 63.6 s
2023-04-19 complete 5.1 s
2023-04-17 complete 66.6 s
2023-04-20 complete 4.2 s
2023-04-04 complete 169.3 s
2023-04-22 complete 4.0 s
2023-04-18 complete 70.7 s
2023-04-24 complete 4.2 s
2023-04-25 complete 6.3 s
2023-04-26 complete 3.9 s
2023-04-27 complete 4.8 s
2023-04-28 complete 4.1 s
2023-04-29 complete 4.3 s
2023-04-30 complete 4.6 s
2023-05-01 complete 4.9 s
2023-05-02 complete 4.0 s
2023-05-03 complete 5.4 s
2023-05-04 complete 5.7 s
2023-04-23 complete 34.7 s
2023-05-05 complete 5.1 s
2023-05-08 complete 5.8 s
2023-05-07 complete 7.1 s
2023-05-09 complete 6.0 s
2023-05-10 complete 5.1 s
2023-05-12 complete 4.9 s
2023-05-11 complete 7.2 s
2023-05-13 complete 5.1 s
2023-05-14 complete 6.7 s
2023-04-21 complete 65.0 s
2023-05-15 complete 5.7 s
2023-05-06 complete 35.3 s
2023-05-16 complete 6.6 s
2023-05-17 complete 6.2 s
2023-05-18 complete 6.3 s
2023-05-21 complete 4.9 s
2023-05-22 complete 5.9 s
2023-05-20 complete 8.6 s
2023-05-23 complete 6.4 s
2023-05-24 complete 5.5 s
2023-05-25 complete 5.9 s
2023-05-26 complete 5.0 s
2023-05-27 complete 5.9 s
2023-05-28 complete 6.1 s
2023-05-29 complete 6.2 s
2023-05-30 complete 6.8 s
2023-05-31 complete 7.9 s
2023-06-01 complete 5.6 s
2023-06-02 complete 6.7 s
2023-06-04 complete 6.6 s
2023-06-05 complete 6.3 s
2023-06-03 complete 10.8 s
2023-06-06 complete 6.5 s
2023-06-07 complete 6.4 s
2023-06-09 complete 6.0 s
2023-06-10 complete 4.8 s
2023-06-08 complete 11.0 s
2023-06-12 complete 4.4 s
2023-06-11 complete 7.6 s
2023-06-14 complete 4.9 s
2023-06-13 complete 9.3 s
2023-06-15 complete 9.6 s
2023-06-17 complete 9.9 s
2023-05-19 complete 71.1 s
2023-06-18 complete 5.4 s
2023-06-20 complete 6.1 s
2023-06-19 complete 7.5 s
2023-06-22 complete 4.9 s
2023-06-23 complete 7.9 s
2023-06-24 complete 4.7 s
2023-06-26 complete 5.0 s
2023-06-25 complete 7.5 s
2023-06-27 complete 5.6 s
2023-06-16 complete 38.0 s
2023-06-28 complete 8.1 s
2023-06-29 complete 6.0 s
2023-07-02 complete 5.4 s
2023-07-01 complete 8.1 s
2023-07-03 complete 6.0 s
2023-07-05 complete 6.9 s
2023-07-04 complete 14.9 s
2023-07-06 complete 5.8 s
2023-07-07 complete 6.6 s
2023-07-08 complete 5.9 s
2023-06-21 complete 62.9 s
2023-07-09 complete 5.8 s
2023-07-10 complete 6.3 s
2023-07-11 complete 5.6 s
2023-07-12 complete 5.6 s
2023-07-13 complete 4.9 s
2023-07-14 complete 4.5 s
2023-07-16 complete 4.5 s
2023-07-17 complete 4.6 s
2023-07-18 complete 4.7 s
2023-07-19 complete 4.4 s
2023-07-20 complete 4.7 s
2023-07-21 complete 4.3 s
2023-07-22 complete 4.7 s
2023-07-23 complete 4.8 s
2023-07-25 complete 4.6 s
2023-07-24 complete 4.8 s
2023-07-26 complete 4.4 s
2023-07-27 complete 6.2 s
2023-07-15 complete 34.4 s
2023-07-29 complete 5.0 s
2023-07-31 complete 5.8 s
2023-06-30 complete 122.8 s
2023-07-30 complete 71.0 s
2023-08-03 complete 6.3 s
2023-08-04 complete 4.9 s
2023-08-02 complete 38.0 s
2023-08-05 complete 5.2 s
2023-08-07 complete 5.1 s
2023-08-08 complete 4.9 s
2023-08-09 complete 4.3 s
2023-08-10 complete 4.1 s
2023-08-01 complete 127.4 s
2023-08-12 complete 6.1 s
2023-08-13 complete 4.8 s
2023-08-14 complete 3.9 s
2023-08-15 complete 4.2 s
2023-08-16 complete 3.9 s
2023-07-28 complete 165.4 s
2023-08-17 complete 3.8 s
2023-08-19 complete 4.0 s
2023-08-20 complete 3.9 s
2023-08-21 complete 4.0 s
2023-08-22 complete 5.1 s
2023-08-23 complete 5.2 s
2023-08-24 complete 3.8 s
2023-08-25 complete 3.9 s
2023-08-26 complete 4.3 s
2023-08-27 complete 3.9 s
2023-08-28 complete 4.1 s
2023-08-29 complete 4.0 s
2023-08-30 complete 3.9 s
2023-08-31 complete 4.2 s
2023-08-11 complete 114.4 s
2023-09-02 complete 4.9 s
2023-09-03 complete 4.1 s
2023-08-18 complete 70.7 s
2023-09-04 complete 3.9 s
2023-09-06 complete 4.5 s
2023-09-07 complete 3.8 s
2023-09-08 complete 3.9 s
2023-09-09 complete 3.9 s
2023-09-10 complete 3.9 s
2023-09-01 complete 36.4 s
2023-09-11 complete 5.5 s
2023-09-13 complete 5.2 s
2023-09-14 complete 4.2 s
2023-08-06 complete 186.2 s
2023-09-05 complete 66.3 s
2023-09-16 complete 32.4 s
2023-09-15 complete 35.7 s
2023-09-18 complete 5.6 s
2023-09-20 complete 5.1 s
2023-09-21 complete 4.7 s
2023-09-12 complete 63.8 s
2023-09-22 complete 4.7 s
2023-09-23 complete 6.2 s
2023-09-24 complete 4.8 s
2023-09-25 complete 4.5 s
2023-09-26 complete 5.5 s
2023-09-27 complete 4.4 s
2023-09-17 complete 36.2 s
2023-09-28 complete 5.2 s
2023-09-19 complete 34.3 s
2023-09-29 complete 7.0 s
2023-10-01 complete 5.0 s
2023-10-03 complete 4.5 s
2023-10-02 complete 5.6 s
2023-10-04 complete 6.8 s
2023-10-06 complete 5.1 s
2023-10-05 complete 6.3 s
2023-10-08 complete 4.5 s
2023-10-09 complete 4.8 s
2023-10-07 complete 7.3 s
2023-10-10 complete 4.5 s
2023-10-11 complete 4.5 s
2023-10-12 complete 6.3 s
2023-10-13 complete 4.4 s
2023-10-16 complete 4.1 s
2023-10-15 complete 6.5 s
2023-10-17 complete 3.9 s
2023-09-30 complete 37.6 s
2023-10-19 complete 4.5 s
2023-10-21 complete 4.0 s
2023-10-14 complete 34.9 s
2023-10-23 complete 5.2 s
2023-10-24 complete 4.1 s
2023-10-20 complete 34.6 s
2023-10-25 complete 4.0 s
2023-10-27 complete 3.8 s
2023-10-28 complete 4.0 s
2023-10-29 complete 3.9 s
2023-10-30 complete 4.2 s
2023-10-31 complete 4.1 s
2023-10-18 complete 70.9 s
2023-11-02 complete 5.1 s
2023-11-03 complete 4.0 s
2023-11-04 complete 4.2 s
2023-11-05 complete 4.2 s
2023-11-06 complete 4.1 s
2023-11-07 complete 3.8 s
2023-11-08 complete 4.1 s
2023-11-09 complete 4.0 s
2023-11-10 complete 4.1 s
2023-10-26 complete 72.0 s
2023-11-01 complete 69.0 s
2023-11-11 complete 33.3 s
2023-11-12 complete 35.5 s
2023-11-14 complete 5.1 s
2023-11-16 complete 4.2 s
2023-11-17 complete 3.8 s
2023-11-18 complete 4.1 s
2023-11-19 complete 4.1 s
2023-11-13 complete 36.8 s
2023-11-20 complete 4.7 s
2023-11-22 complete 4.5 s
2023-11-23 complete 4.2 s
2023-11-21 complete 32.4 s
2023-10-22 complete 189.1 s
2023-11-15 complete 69.9 s
2023-11-24 complete 70.1 s
2023-11-28 complete 34.9 s
2023-11-27 complete 72.4 s
2023-11-25 complete 106.9 s
2023-11-29 complete 34.6 s
2023-11-30 complete 31.4 s
2023-12-01 complete 30.7 s
2023-11-26 complete 145.5 s
2023-12-05 complete 5.0 s
2023-12-02 complete 34.9 s
2023-12-06 complete 4.2 s
2023-12-08 complete 4.2 s
2023-12-09 complete 4.3 s
2023-12-10 complete 4.3 s
2023-12-04 complete 33.8 s
2023-12-11 complete 4.1 s
2023-12-12 complete 6.5 s
2023-12-13 complete 4.8 s
2023-12-14 complete 4.9 s
2023-12-15 complete 4.6 s
2023-12-16 complete 4.3 s
2023-12-17 complete 5.1 s
2023-12-07 complete 35.1 s
2023-12-18 complete 5.4 s
2023-12-19 complete 5.0 s
2023-12-21 complete 4.6 s
2023-12-23 complete 3.5 s
2023-12-24 complete 3.7 s
2023-12-25 complete 3.7 s
2023-12-26 complete 4.1 s
2023-12-20 complete 34.1 s
2023-12-03 complete 119.1 s
2023-12-27 complete 30.1 s
2023-12-29 complete 5.4 s
2023-12-31 complete 3.8 s
2024-01-01 complete 4.1 s
2024-01-02 complete 4.2 s
2024-01-03 complete 4.3 s
2024-01-04 complete 4.2 s
2024-01-05 complete 4.1 s
2024-01-06 complete 3.8 s
2024-01-07 complete 4.2 s
2024-01-08 complete 5.7 s
2023-12-28 complete 63.2 s
2024-01-09 complete 32.5 s
2024-01-11 complete 37.8 s
2024-01-12 complete 4.5 s
2024-01-13 complete 3.8 s
2023-12-22 complete 170.7 s
2023-12-30 complete 124.4 s
2024-01-14 complete 4.2 s
2024-01-17 complete 4.0 s
2024-01-18 complete 4.0 s
2024-01-19 complete 4.2 s
2024-01-20 complete 4.0 s
2024-01-21 complete 4.3 s
2024-01-10 complete 103.7 s
2024-01-22 complete 5.0 s
2024-01-23 complete 6.2 s
2024-01-24 complete 4.7 s
2024-01-15 complete 33.8 s
2024-01-25 complete 6.9 s
2024-01-27 complete 5.8 s
2024-01-28 complete 5.5 s
2024-01-29 complete 4.8 s
2024-01-31 complete 4.1 s
2024-01-30 complete 4.3 s
2024-02-01 complete 4.0 s
2024-02-02 complete 5.3 s
2024-02-03 complete 4.0 s
2024-02-04 complete 5.0 s
2024-02-05 complete 4.5 s
2024-02-06 complete 4.9 s
2024-02-07 complete 4.0 s
2024-02-08 complete 4.2 s
2024-02-09 complete 4.0 s
2024-01-16 complete 67.5 s
2024-02-10 complete 4.4 s
2024-02-11 complete 4.4 s
2024-02-13 complete 4.3 s
2024-02-15 complete 4.0 s
2024-02-16 complete 4.6 s
2024-01-26 complete 65.4 s
2024-02-14 complete 32.0 s
2024-02-19 complete 5.4 s
2024-02-20 complete 4.0 s
2024-02-21 complete 3.9 s
2024-02-22 complete 3.9 s
2024-02-23 complete 4.0 s
2024-02-24 complete 4.0 s
2024-02-25 complete 4.1 s
2024-02-12 complete 67.2 s
2024-02-26 complete 4.0 s
2024-02-27 complete 5.9 s
2024-02-29 complete 4.6 s
2024-03-01 complete 3.9 s
2024-03-02 complete 4.1 s
2024-03-03 complete 4.1 s
2024-03-04 complete 4.2 s
2024-03-05 complete 3.7 s
2024-03-06 complete 3.6 s
2024-03-07 complete 3.9 s
2024-02-28 complete 63.3 s
2024-03-09 complete 5.2 s
2024-02-17 complete 121.8 s
2024-03-08 complete 36.4 s
2024-03-10 complete 4.4 s
2024-03-13 complete 4.2 s
2024-02-18 complete 119.0 s
2024-03-14 complete 4.3 s
2024-03-16 complete 4.2 s
2024-03-17 complete 3.8 s
2024-03-18 complete 3.8 s
2024-03-19 complete 4.1 s
2024-03-11 complete 35.7 s
2024-03-20 complete 6.9 s
2024-03-21 complete 4.9 s
2024-03-22 complete 5.0 s
2024-03-23 complete 4.5 s
2024-03-24 complete 4.6 s
2024-03-15 complete 35.8 s
2024-03-25 complete 4.6 s
2024-03-28 complete 4.2 s
2024-03-29 complete 3.5 s
2024-03-30 complete 4.2 s
2024-03-31 complete 3.9 s
2024-04-01 complete 3.7 s
2024-03-26 complete 32.9 s
2024-04-02 complete 32.4 s
2024-03-27 complete 69.3 s
2024-03-12 complete 116.9 s
2024-04-04 complete 35.6 s
2024-04-03 complete 71.0 s
2024-04-08 complete 4.9 s
2024-04-09 complete 4.2 s
2024-04-10 complete 3.9 s
2024-04-11 complete 4.2 s
2024-04-12 complete 4.2 s
2024-04-07 complete 35.8 s
2024-04-13 complete 4.3 s
2024-04-15 complete 4.1 s
2024-04-16 complete 4.0 s
2024-04-17 complete 4.0 s
2024-04-14 complete 34.1 s
2024-04-19 complete 5.1 s
2024-04-20 complete 4.1 s
2024-04-21 complete 3.9 s
2024-04-18 complete 36.0 s
2024-04-22 complete 4.0 s
2024-04-24 complete 4.0 s
2024-04-23 complete 7.1 s
2024-04-25 complete 3.8 s
2024-04-05 complete 118.3 s
2024-04-26 complete 4.6 s
2024-04-27 complete 4.1 s
2024-04-29 complete 4.2 s
2024-04-30 complete 4.4 s
2024-05-01 complete 4.1 s
2024-05-02 complete 3.9 s
2024-05-03 complete 4.0 s
2024-05-05 complete 4.0 s
2024-05-06 complete 3.8 s
2024-05-07 complete 3.9 s
2024-04-28 complete 35.9 s
2024-05-09 complete 4.5 s
2024-05-10 complete 4.2 s
2024-05-04 complete 37.5 s
2024-05-11 complete 4.2 s
2024-05-13 complete 3.9 s
2024-05-12 complete 5.8 s
2024-05-14 complete 4.2 s
2024-05-15 complete 4.7 s
2024-05-16 complete 4.2 s
2024-05-08 complete 37.4 s
2024-05-17 complete 4.1 s
2024-05-18 complete 4.1 s
2024-05-20 complete 4.4 s
2024-05-21 complete 5.0 s
2024-05-22 complete 4.5 s
2024-05-23 complete 4.1 s
2024-05-24 complete 4.3 s
2024-05-26 complete 4.1 s
2024-05-27 complete 4.0 s
2024-04-06 complete 199.1 s
2024-05-19 complete 34.1 s
2024-05-25 complete 33.4 s
2024-05-28 complete 35.3 s
2024-05-29 complete 33.4 s
2024-05-30 complete 31.5 s
2024-06-03 complete 5.2 s
2024-06-04 complete 4.1 s
2024-06-05 complete 4.3 s
2024-05-31 complete 34.9 s
2024-06-06 complete 4.3 s
2024-06-07 complete 5.6 s
2024-06-08 complete 4.3 s
2024-06-09 complete 4.9 s
2024-06-10 complete 4.2 s
2024-06-12 complete 4.2 s
2024-06-11 complete 4.9 s
2024-06-13 complete 4.3 s
2024-06-14 complete 4.5 s
2024-06-16 complete 4.3 s
2024-06-15 complete 5.7 s
2024-06-17 complete 4.6 s
2024-06-18 complete 6.2 s
2024-06-19 complete 4.0 s
2024-06-20 complete 4.8 s
2024-06-21 complete 4.4 s
2024-06-01 complete 63.8 s
2024-06-22 complete 4.6 s
2024-06-25 complete 4.4 s
2024-06-26 complete 4.2 s
2024-06-27 complete 4.0 s
2024-06-28 complete 3.9 s
2024-06-29 complete 4.2 s
2024-06-30 complete 5.4 s
2024-07-01 complete 4.2 s
2024-06-24 complete 32.6 s
2024-06-23 complete 35.6 s
2024-07-02 complete 4.7 s
2024-07-05 complete 4.7 s
2024-07-06 complete 4.2 s
2024-07-07 complete 4.0 s
2024-07-08 complete 4.0 s
2024-07-09 complete 4.1 s
2024-07-10 complete 4.0 s
2024-07-11 complete 4.0 s
2024-07-03 complete 33.1 s
2024-07-12 complete 3.9 s
2024-07-14 complete 4.2 s
2024-07-15 complete 4.3 s
2024-07-16 complete 4.0 s
2024-07-17 complete 4.3 s
2024-07-18 complete 4.1 s
2024-07-19 complete 4.0 s
2024-07-20 complete 3.9 s
2024-07-21 complete 3.7 s
2024-07-22 complete 4.0 s
2024-07-04 complete 72.9 s
2024-07-23 complete 3.8 s
2024-07-25 complete 4.6 s
2024-07-26 complete 5.3 s
2024-07-27 complete 5.6 s
2024-07-28 complete 4.2 s
2024-07-29 complete 4.3 s
2024-07-30 complete 4.4 s
2024-07-24 complete 32.8 s
2024-07-13 complete 73.4 s
2024-07-31 complete 4.6 s
2024-08-01 complete 7.3 s
2024-08-03 complete 5.8 s
2024-08-04 complete 4.1 s
2024-08-05 complete 4.3 s
2024-08-06 complete 4.1 s
2024-08-07 complete 5.6 s
2024-08-08 complete 4.7 s
2024-08-09 complete 5.1 s
2024-08-10 complete 4.6 s
2024-08-12 complete 4.3 s
2024-08-11 complete 5.6 s
2024-08-13 complete 4.7 s
2024-08-14 complete 4.6 s
2024-08-15 complete 4.5 s
2024-08-16 complete 5.1 s
2024-08-17 complete 4.7 s
2024-08-18 complete 4.2 s
2024-08-20 complete 4.6 s
2024-08-21 complete 4.3 s
2024-08-22 complete 4.0 s
2024-08-23 complete 3.7 s
2024-06-02 complete 263.2 s
2024-08-24 complete 4.1 s
2024-08-25 complete 5.2 s
2024-08-02 complete 68.2 s
2024-08-26 complete 4.9 s
2024-08-27 complete 4.0 s
2024-08-29 complete 4.0 s
2024-08-30 complete 4.4 s
2024-08-19 complete 33.6 s
2024-08-31 complete 4.6 s
2024-09-01 complete 4.3 s
2024-09-04 complete 10.1 s
2024-09-05 complete 6.8 s
2024-09-06 complete 4.2 s
2024-08-28 complete 34.5 s
2024-09-07 complete 4.2 s
2024-09-08 complete 5.6 s
2024-09-09 complete 3.9 s
2024-09-11 complete 4.2 s
2024-09-03 complete 36.7 s
2024-09-10 complete 6.2 s
2024-09-14 complete 4.0 s
2024-09-15 complete 3.9 s
2024-09-16 complete 4.6 s
2024-09-17 complete 4.7 s
2024-09-18 complete 4.7 s
2024-09-19 complete 4.7 s
2024-09-13 complete 31.9 s
2024-09-20 complete 4.9 s
2024-09-12 complete 36.1 s
2024-09-02 complete 97.2 s
2024-09-21 complete 32.9 s
2024-09-23 complete 35.4 s
2024-09-26 complete 5.5 s
2024-09-27 complete 4.2 s
2024-09-28 complete 4.2 s
2024-09-29 complete 3.8 s
2024-09-30 complete 4.3 s
2024-10-01 complete 4.0 s
2024-10-02 complete 4.0 s
2024-09-25 complete 36.4 s
2024-10-03 complete 4.4 s
2024-09-22 complete 74.0 s
2024-10-05 complete 4.7 s
2024-10-07 complete 4.2 s
2024-10-08 complete 4.2 s
2024-10-09 complete 4.4 s
2024-10-10 complete 3.7 s
2024-10-11 complete 3.8 s
2024-10-12 complete 3.9 s
2024-10-04 complete 33.2 s
2024-10-13 complete 4.0 s
2024-10-14 complete 5.2 s
2024-10-15 complete 3.9 s
2024-10-06 complete 35.2 s
2024-10-16 complete 5.3 s
2024-10-17 complete 4.2 s
2024-10-19 complete 4.2 s
2024-10-20 complete 4.1 s
2024-10-21 complete 4.0 s
2024-10-23 complete 4.0 s
2024-10-24 complete 4.2 s
2024-10-25 complete 4.4 s
2024-10-26 complete 4.7 s
2024-10-27 complete 4.9 s
2024-09-24 complete 117.2 s
2024-10-28 complete 5.5 s
2024-10-29 complete 5.2 s
2024-10-22 complete 34.5 s
2024-10-31 complete 4.0 s
2024-10-30 complete 5.1 s
2024-11-02 complete 3.8 s
2024-11-04 complete 4.1 s
2024-11-05 complete 3.9 s
2024-11-06 complete 3.8 s
2024-11-07 complete 4.2 s
2024-11-08 complete 4.0 s
2024-11-09 complete 3.6 s
2024-11-03 complete 36.7 s
2024-10-18 complete 110.0 s
2024-11-11 complete 31.8 s
2024-11-12 complete 5.8 s
2024-11-14 complete 4.5 s
2024-11-15 complete 3.9 s
2024-11-16 complete 3.9 s
2024-11-17 complete 3.9 s
2024-11-18 complete 3.7 s
2024-11-19 complete 3.9 s
2024-11-20 complete 4.8 s
2024-11-10 complete 73.9 s
2024-11-21 complete 6.0 s
2024-11-23 complete 4.6 s
2024-11-24 complete 4.5 s
2024-11-25 complete 4.1 s
2024-11-22 complete 33.9 s
2024-11-13 complete 67.8 s
2024-11-28 complete 4.2 s
2024-11-29 complete 4.0 s
2024-11-30 complete 3.9 s
2024-12-01 complete 3.8 s
2024-11-26 complete 34.2 s
2024-12-02 complete 3.9 s
2024-12-04 complete 4.2 s
2024-12-05 complete 3.9 s
2024-12-06 complete 4.4 s
2024-12-07 complete 4.2 s
2024-11-01 complete 179.4 s
2024-12-08 complete 5.8 s
2024-12-09 complete 4.4 s
2024-12-10 complete 4.0 s
2024-12-11 complete 4.3 s
2024-12-12 complete 4.5 s
2024-12-13 complete 4.1 s
2024-12-14 complete 4.9 s
2024-12-15 complete 4.9 s
2024-12-16 complete 4.3 s
2024-12-17 complete 4.3 s
2024-12-18 complete 4.1 s
2024-12-19 complete 3.9 s
2024-12-20 complete 3.9 s
2024-11-27 complete 71.5 s
2024-12-21 complete 4.5 s
2024-12-22 complete 5.6 s
2024-12-24 complete 4.4 s
2024-12-23 complete 8.5 s
2024-12-25 complete 5.1 s
2024-12-26 complete 5.6 s
2024-12-28 complete 6.1 s
2024-12-29 complete 4.2 s
2024-12-03 complete 68.7 s
2024-12-27 complete 7.7 s
2024-12-30 complete 6.7 s
2025-01-01 complete 6.8 s
2025-01-02 complete 8.9 s
2025-01-04 complete 5.2 s
2025-01-03 complete 6.8 s
2025-01-06 complete 4.7 s
2025-01-07 complete 5.3 s
2025-01-05 complete 9.2 s
2025-01-08 complete 5.8 s
2025-01-09 complete 6.2 s
2025-01-10 complete 7.9 s
2025-01-11 complete 5.3 s
2025-01-12 complete 6.4 s
2025-01-13 complete 8.0 s
2025-01-14 complete 7.7 s
2025-01-15 complete 6.4 s
2025-01-17 complete 5.9 s
2025-01-16 complete 7.1 s
2025-01-18 complete 6.2 s
2025-01-19 complete 6.5 s
2025-01-21 complete 6.3 s
2025-01-22 complete 6.5 s
2025-01-23 complete 7.7 s
2025-01-24 complete 6.1 s
2025-01-26 complete 5.8 s
2025-01-27 complete 5.3 s
2025-01-28 complete 4.4 s
2025-01-20 complete 35.5 s
2025-01-29 complete 4.2 s
2025-01-31 complete 4.2 s
2025-01-25 complete 32.3 s
2025-02-01 complete 5.9 s
2025-02-03 complete 4.5 s
2025-02-02 complete 6.4 s
2025-02-04 complete 4.1 s
2025-02-05 complete 5.2 s
2025-02-06 complete 4.1 s
2025-02-07 complete 5.0 s
2025-02-08 complete 4.3 s
2024-12-31 complete 108.4 s
2025-02-09 complete 4.1 s
2025-01-30 complete 33.7 s
2025-02-10 complete 4.4 s
2025-02-12 complete 4.4 s
2025-02-14 complete 4.8 s
2025-02-15 complete 4.6 s
2025-02-16 complete 4.3 s
2025-02-17 complete 4.7 s
2025-02-19 complete 4.7 s
2025-02-20 complete 5.1 s
2025-02-13 complete 30.4 s
2025-02-11 complete 35.2 s
2025-02-18 complete 37.9 s
2025-02-24 complete 5.1 s
2025-02-25 complete 4.0 s
2025-02-21 complete 36.7 s
2025-02-26 complete 3.6 s
2025-02-28 complete 4.0 s
2025-02-23 complete 33.3 s
2025-03-01 complete 3.9 s
2025-03-03 complete 4.0 s
2025-03-04 complete 4.1 s
2025-03-05 complete 4.0 s
2025-03-06 complete 4.0 s
2025-02-27 complete 30.8 s
2025-03-02 complete 30.9 s
2025-03-07 complete 35.7 s
2025-03-09 complete 32.7 s
2025-03-10 complete 32.5 s
2025-03-12 complete 4.9 s
2025-03-11 complete 30.3 s
2025-03-08 complete 69.8 s
2025-03-13 complete 4.0 s
2025-03-16 complete 4.4 s
2025-03-15 complete 5.5 s
2025-03-17 complete 4.0 s
2025-03-18 complete 4.8 s
2025-03-19 complete 4.1 s
2025-03-20 complete 4.6 s
2025-03-21 complete 4.2 s
2025-03-22 complete 4.2 s
2025-03-23 complete 4.1 s
2025-03-24 complete 4.0 s
2025-03-25 complete 4.1 s
2025-03-26 complete 4.1 s
2025-03-27 complete 4.6 s
2025-03-28 complete 3.9 s
2025-03-14 complete 32.9 s
2025-03-30 complete 4.0 s
2025-04-01 complete 5.5 s
2025-04-02 complete 4.2 s
2025-04-03 complete 4.0 s
2025-04-04 complete 4.2 s
2025-03-29 complete 33.1 s
2025-03-31 complete 33.8 s
2025-04-06 complete 4.8 s
2025-04-08 complete 4.3 s
2025-04-09 complete 4.2 s
2025-04-10 complete 3.9 s
2025-04-11 complete 3.7 s
2025-04-12 complete 4.5 s
2025-04-13 complete 4.2 s
2025-04-14 complete 3.9 s
2025-04-07 complete 33.2 s
2025-04-15 complete 5.4 s
2025-04-17 complete 4.7 s
2025-04-18 complete 4.4 s
2025-04-19 complete 4.7 s
2025-04-20 complete 3.9 s
2025-04-21 complete 3.7 s
2025-04-22 complete 3.9 s
2025-04-23 complete 4.2 s
2025-04-16 complete 35.4 s
2025-04-24 complete 4.0 s
2025-04-25 complete 5.2 s
2025-04-26 complete 4.4 s
2025-04-28 complete 4.2 s
2025-04-27 complete 4.6 s
2025-04-30 complete 4.7 s
2025-04-05 complete 98.4 s
2025-05-01 complete 4.7 s
2025-05-03 complete 4.6 s
2025-05-04 complete 4.5 s
2025-05-05 complete 4.3 s
2025-05-06 complete 4.1 s
2025-05-07 complete 6.7 s
2025-04-29 complete 34.2 s
2025-05-08 complete 4.9 s
2025-05-10 complete 35.1 s
2025-05-02 complete 67.8 s
2025-05-09 complete 70.0 s
2025-05-11 complete 31.7 s
2025-05-12 complete 34.2 s
2025-02-22 complete 406.9 s
2025-05-13 complete 34.6 s
2025-05-17 complete 32.7 s
2025-05-14 complete 68.2 s
2025-05-19 complete 5.4 s
2025-05-20 complete 4.5 s
2025-05-21 complete 3.9 s
2025-05-22 complete 4.0 s
2025-05-23 complete 3.7 s
2025-05-24 complete 4.7 s
2025-05-25 complete 4.2 s
2025-05-16 complete 72.2 s
2025-05-18 complete 34.3 s
2025-05-26 complete 4.7 s
2025-05-29 complete 4.7 s
2025-05-30 complete 4.7 s
2025-05-15 complete 111.9 s
2025-05-31 complete 4.5 s
2025-06-02 complete 4.2 s
2025-06-03 complete 3.9 s
2025-06-04 complete 4.2 s
2025-06-05 complete 3.9 s
2025-05-28 complete 35.6 s
2025-06-06 complete 3.8 s
2025-06-07 complete 4.7 s
2025-06-08 complete 3.9 s
2025-06-09 complete 4.0 s
2025-06-10 complete 4.0 s
2025-06-11 complete 4.0 s
2025-06-12 complete 4.5 s
2025-06-13 complete 3.8 s
2025-06-15 complete 3.9 s
2025-06-16 complete 3.8 s
2025-06-17 complete 4.0 s
2025-06-18 complete 4.2 s
2025-06-19 complete 3.9 s
2025-06-20 complete 4.1 s
2025-06-21 complete 5.3 s
2025-06-22 complete 4.6 s
2025-06-14 complete 38.8 s
2025-06-23 complete 3.9 s
2025-06-25 complete 3.9 s
2025-06-26 complete 4.3 s
2025-06-27 complete 4.2 s
2025-06-28 complete 4.1 s
2025-06-29 complete 4.1 s
2025-06-24 complete 32.8 s
2025-06-01 complete 118.5 s
2025-07-02 complete 4.9 s
2025-07-03 complete 4.0 s
2025-06-30 complete 33.8 s
2025-07-04 complete 4.0 s
2025-07-06 complete 4.0 s
2025-07-07 complete 4.1 s
2025-07-01 complete 33.7 s
2025-07-08 complete 3.8 s
2025-07-10 complete 4.1 s
2025-07-11 complete 4.7 s
2025-07-12 complete 4.7 s
2025-07-13 complete 4.4 s
2025-07-05 complete 35.3 s
2025-05-27 complete 194.2 s
2025-07-14 complete 34.2 s
2025-07-16 complete 33.9 s
2025-07-17 complete 33.8 s
2025-07-09 complete 112.1 s
2025-07-18 complete 71.2 s
2025-07-20 complete 35.3 s
2025-07-22 complete 5.4 s
2025-07-23 complete 3.8 s
2025-07-19 complete 70.4 s
2025-07-24 complete 3.8 s
2025-07-26 complete 3.8 s
2025-07-27 complete 4.4 s
2025-07-28 complete 4.7 s
2025-07-29 complete 4.4 s
2025-07-30 complete 4.0 s
2025-07-31 complete 4.8 s
2025-08-01 complete 4.0 s
2025-08-02 complete 37.7 s
2025-07-25 complete 70.9 s
2025-08-04 complete 5.1 s
2025-08-05 complete 3.9 s
2025-08-06 complete 3.8 s
2025-08-07 complete 3.8 s
2025-08-08 complete 3.8 s
2025-08-09 complete 3.9 s
2025-08-10 complete 3.7 s
2025-08-11 complete 3.9 s
2025-08-12 complete 4.2 s
2025-08-13 complete 4.6 s
2025-07-15 complete 249.9 s
2025-08-14 complete 4.1 s
2025-08-16 complete 3.9 s
2025-08-17 complete 3.9 s
2025-08-18 complete 4.0 s
2025-08-19 complete 3.9 s
2025-08-03 complete 63.7 s
2025-08-20 complete 3.6 s
2025-08-22 complete 4.2 s
2025-08-23 complete 4.0 s
2025-08-15 complete 34.6 s
2025-07-21 complete 185.7 s
2025-08-26 complete 5.5 s
2025-08-27 complete 4.5 s
2025-08-28 complete 4.1 s
2025-08-29 complete 4.3 s
2025-08-30 complete 4.2 s
2025-08-31 complete 4.3 s
2025-09-01 complete 4.7 s
2025-08-21 complete 71.0 s
2025-09-02 complete 5.9 s
2025-09-04 complete 4.8 s
2025-08-25 complete 64.1 s
2025-09-05 complete 6.1 s
2025-09-06 complete 6.1 s
2025-09-07 complete 4.7 s
2025-09-08 complete 5.5 s
2025-09-09 complete 3.8 s
2025-09-10 complete 5.2 s
2025-09-11 complete 5.2 s
2025-09-12 complete 5.2 s
2025-09-13 complete 4.0 s
2025-09-15 complete 4.0 s
2025-09-14 complete 5.0 s
2025-09-16 complete 4.4 s
2025-08-24 complete 102.0 s
2025-09-17 complete 5.4 s
2025-09-18 complete 6.1 s
2025-09-20 complete 5.4 s
2025-09-21 complete 5.1 s
2025-09-22 complete 5.2 s
2025-09-23 complete 4.8 s
2025-09-24 complete 6.3 s
2025-09-25 complete 4.8 s
2025-09-26 complete 5.6 s
2025-09-27 complete 5.2 s
2025-09-03 complete 68.2 s
2025-09-28 complete 5.3 s
2025-09-29 complete 4.7 s
2025-09-19 complete 33.4 s
2025-10-02 complete 4.4 s
2025-10-04 complete 4.2 s
2025-10-05 complete 4.1 s
2025-10-06 complete 4.0 s
2025-10-07 complete 4.0 s
2025-10-08 complete 4.4 s
2025-10-09 complete 3.8 s
2025-09-30 complete 34.6 s
2025-10-10 complete 4.1 s
2025-10-11 complete 4.3 s
2025-10-12 complete 3.9 s
2025-10-03 complete 34.4 s
2025-10-13 complete 3.9 s
2025-10-14 complete 4.5 s
2025-10-16 complete 4.5 s
2025-10-17 complete 4.2 s
2025-10-18 complete 4.5 s
2025-10-19 complete 3.9 s
2025-10-20 complete 4.1 s
2025-10-21 complete 4.0 s
2025-10-22 complete 4.2 s
2025-10-23 complete 4.2 s
2025-10-24 complete 3.7 s
2025-10-01 complete 63.3 s
2025-10-26 complete 4.2 s
2025-10-27 complete 5.2 s
2025-10-15 complete 30.9 s
2025-10-28 complete 6.1 s
2025-10-29 complete 3.5 s
2025-11-01 complete 4.2 s
2025-10-31 complete 5.2 s
2025-11-02 complete 4.1 s
2025-11-03 complete 4.3 s
2025-11-04 complete 3.9 s
2025-11-06 complete 3.7 s
2025-11-07 complete 3.7 s
2025-10-25 complete 33.6 s
2025-11-08 complete 3.8 s
2025-11-10 complete 4.2 s
2025-11-09 complete 35.1 s
2025-11-05 complete 62.5 s
2025-11-11 complete 68.6 s
2025-11-13 complete 35.1 s
2025-11-15 complete 4.0 s
2025-11-16 complete 4.0 s
2025-11-17 complete 4.1 s
2025-11-18 complete 3.7 s
2025-11-12 complete 70.4 s
2025-11-19 complete 4.2 s
2025-11-21 complete 4.0 s
2025-11-14 complete 35.5 s
2025-11-22 complete 3.9 s
2025-11-24 complete 3.7 s
2025-11-25 complete 5.4 s
2025-11-23 complete 32.5 s
2025-11-27 complete 5.0 s
2025-11-28 complete 3.9 s
2025-11-29 complete 3.9 s
2025-11-26 complete 34.4 s
2025-11-30 complete 4.2 s
2025-12-02 complete 4.1 s
2025-12-03 complete 3.8 s
2025-12-04 complete 4.0 s
2025-10-30 complete 194.9 s
2025-12-05 complete 3.8 s
2025-11-20 complete 72.4 s
2025-12-08 complete 5.7 s
2025-12-09 complete 3.7 s
2025-12-10 complete 4.1 s
2025-12-01 complete 35.1 s
2025-12-11 complete 4.2 s
2025-12-12 complete 5.4 s
2025-12-13 complete 4.1 s
2025-12-14 complete 4.1 s
2025-12-15 complete 3.7 s
2025-12-06 complete 31.5 s
2025-12-16 complete 4.0 s
2025-12-17 complete 4.0 s
2025-12-19 complete 4.4 s
2025-12-20 complete 4.3 s
2025-12-21 complete 3.9 s
2025-12-22 complete 4.6 s
2025-12-23 complete 4.3 s
2025-12-24 complete 5.8 s
2025-12-25 complete 4.0 s
2025-12-27 complete 4.2 s
2025-12-26 complete 5.8 s
2025-12-28 complete 4.2 s
2025-12-18 complete 33.4 s
2025-12-30 complete 33.2 s
2025-12-31 complete 33.0 s
2025-12-29 complete 68.7 s
2026-01-01 complete 114.4 s
2026-01-04 complete 30.9 s
2026-01-05 complete 5.2 s
2026-01-06 complete 4.0 s
2026-01-07 complete 4.0 s
2026-01-08 complete 3.9 s
2025-12-07 complete 253.0 s
2026-01-09 complete 3.8 s
2026-01-11 complete 3.9 s
2026-01-10 complete 5.4 s
2026-01-12 complete 4.0 s
2026-01-13 complete 3.9 s
2026-01-14 complete 3.8 s
2026-01-15 complete 3.7 s
2026-01-16 complete 4.1 s
2026-01-17 complete 3.9 s
2026-01-02 complete 176.0 s
2026-01-19 complete 4.0 s
2026-01-21 complete 3.8 s
2026-01-22 complete 3.8 s
2026-01-23 complete 4.1 s
2026-01-24 complete 5.4 s
2026-01-18 complete 34.7 s
2026-01-20 complete 34.3 s
2026-01-03 complete 193.5 s
2026-01-25 complete 35.4 s
2026-01-29 complete 5.8 s
2026-01-30 complete 4.2 s
2026-01-27 complete 34.4 s
2026-01-31 complete 3.9 s
2026-02-02 complete 3.9 s
2026-02-03 complete 4.0 s
2026-02-04 complete 3.8 s
2026-02-05 complete 4.0 s
2026-02-06 complete 3.7 s
2026-02-07 complete 5.3 s
2026-02-08 complete 5.4 s
2026-02-01 complete 32.0 s
2026-01-26 complete 69.3 s
2026-01-28 complete 62.7 s
2026-02-11 complete 6.1 s
2026-02-12 complete 6.0 s
2026-02-13 complete 4.7 s
2026-02-14 complete 4.8 s
2026-02-15 complete 5.1 s
2026-02-16 complete 4.1 s
2026-02-18 complete 4.1 s
2026-02-17 complete 5.6 s
2026-02-19 complete 4.5 s
2026-02-20 complete 5.4 s
2026-02-09 complete 31.7 s
2026-02-21 complete 4.2 s
2026-02-10 complete 33.3 s
2026-02-22 complete 5.0 s
2026-02-23 complete 5.6 s
2026-02-24 complete 4.4 s
2026-02-27 complete 4.9 s
2026-02-26 complete 7.1 s
2026-02-28 complete 4.9 s
2026-03-01 complete 4.7 s
2026-03-04 complete 4.0 s
2026-03-05 complete 4.1 s
2026-03-06 complete 3.8 s
2026-03-07 complete 3.9 s
2026-03-08 complete 5.3 s
2026-02-25 complete 34.3 s
2026-03-09 complete 4.1 s
2026-03-02 complete 33.4 s
2026-03-11 complete 4.7 s
2026-03-03 complete 36.8 s
2026-03-13 complete 4.5 s
2026-03-14 complete 5.1 s
2026-03-15 complete 5.0 s
2026-03-16 complete 4.0 s
2026-03-17 complete 4.3 s
2026-03-18 complete 4.0 s
2026-03-19 complete 3.9 s
2026-03-20 complete 4.6 s
2026-03-21 complete 4.4 s
2026-03-22 complete 4.0 s
2026-03-23 complete 4.3 s
2026-03-24 complete 4.1 s
2026-03-25 complete 4.1 s
2026-03-26 complete 4.0 s
2026-03-12 complete 35.5 s
2026-03-28 complete 4.0 s
2026-03-10 complete 103.0 s
2026-03-29 complete 62.5 s
2026-03-31 complete 5.2 s
2026-04-02 complete 3.6 s
2026-04-03 complete 3.8 s
2026-03-30 complete 72.8 s
2026-04-04 complete 3.8 s
2026-04-06 complete 3.9 s
2026-04-05 complete 66.3 s
2026-03-27 complete 167.0 s
2026-04-01 complete 280.5 s
{"selected": 1740, "complete": 1740, "failed": [], "halt_reason": null, "requests_this_invocation": {"requests": 67594, "bytes": 82219990784, "network_retries": 874, "deadline_expiries": 872}, "finished_utc": "2026-09-24T01:39:51Z", "drained": false}
# CP-20 job gfs-extract index 39 start 2026-09-24T01:39:51Z
code version: {"dirty_paths": [], "git_head": "fe18fc9ae5c094f5b8c1c7ccdbb5f8abb1107334", "locator_fix_r10": true, "o2_amendment_a1": true, "o4_concurrent_leads_r12": true, "sha256": {"scripts/cp20_weather.py": "ec26073aa3bddc36e014b545bc7cf2839ff5ba84b1dc0c1281592f278ac5e5bc", "src/cp20/budget.py": "ed0ef4cc465264497942657731179d474bc29b5d74d8acb640063001298761b2", "src/cp20/chain.py": "320f817972d445737234ba2c2c71328e4a28bd8f2f504738270eaad17f5b2ae8", "src/cp20/extract.py": "b07b3e3961f2f7df6cb77e20886b8e226e2d5892a5ccb1990605d8ea63bc946c", "src/cp20/gfs.py": "153a4210b5f7d5c3a4ea6e5e0bae4d20d796bcfed9f2b1f2f6da018f4affb498", "src/cp20/net.py": "4a9726e29dadbc8eef482793416d222902b8eb214133c3e1016e8853c8a34549"}}
extraction start: 1744 aws runs, workers=4
2021-01-08 complete 34.6 s
2021-01-12 complete 68.9 s
2021-01-11 complete 72.0 s
2021-01-09 complete 105.4 s
{"selected": 1744, "complete": 1744, "failed": [], "halt_reason": null, "requests_this_invocation": {"requests": 173, "bytes": 196795616, "network_retries": 13, "deadline_expiries": 13}, "finished_utc": "2026-09-24T01:41:40Z", "drained": false}
# CP-20 job gfs-extract index 40 start 2026-09-24T01:41:41Z
code version: {"dirty_paths": [], "git_head": "fe18fc9ae5c094f5b8c1c7ccdbb5f8abb1107334", "locator_fix_r10": true, "o2_amendment_a1": true, "o4_concurrent_leads_r12": true, "sha256": {"scripts/cp20_weather.py": "ec26073aa3bddc36e014b545bc7cf2839ff5ba84b1dc0c1281592f278ac5e5bc", "src/cp20/budget.py": "ed0ef4cc465264497942657731179d474bc29b5d74d8acb640063001298761b2", "src/cp20/chain.py": "320f817972d445737234ba2c2c71328e4a28bd8f2f504738270eaad17f5b2ae8", "src/cp20/extract.py": "b07b3e3961f2f7df6cb77e20886b8e226e2d5892a5ccb1990605d8ea63bc946c", "src/cp20/gfs.py": "153a4210b5f7d5c3a4ea6e5e0bae4d20d796bcfed9f2b1f2f6da018f4affb498", "src/cp20/net.py": "4a9726e29dadbc8eef482793416d222902b8eb214133c3e1016e8853c8a34549"}}
extraction start: 732 ncar runs, workers=4
locator fix verification on ['2019-02-08', '2019-10-04', '2020-02-13', '2020-06-12', '2020-12-31']
2019-02-08 complete 50.1 s
2019-10-04 complete 260.4 s
2020-02-13 complete 254.6 s
2020-06-12 complete 268.0 s
2020-12-31 complete 212.5 s
2019-02-10 complete 98.2 s
2019-02-25 complete 207.9 s
2019-02-27 complete 113.2 s
2019-02-26 complete 214.4 s
2019-02-24 complete 216.2 s
2019-03-01 complete 63.5 s
2019-03-02 complete 69.8 s
2019-03-03 complete 93.2 s
2019-02-28 complete 104.8 s
2019-03-04 complete 56.2 s
2019-03-06 complete 70.9 s
2019-03-05 complete 107.0 s
2019-03-08 complete 68.4 s
2019-03-07 complete 91.0 s
2019-03-09 complete 44.0 s
2019-03-12 complete 58.7 s
2019-03-10 complete 85.9 s
2019-03-15 complete 65.5 s
2019-03-14 complete 114.2 s
2019-03-23 complete 87.7 s
2019-03-24 complete 114.1 s
2019-03-28 complete 102.9 s
2019-05-02 complete 76.0 s
2019-05-01 complete 104.4 s
2019-05-03 complete 52.5 s
2019-05-04 complete 60.3 s
2019-06-12 complete 78.9 s
2019-07-02 complete 88.1 s
2019-07-05 complete 126.5 s
2019-07-06 complete 79.9 s
2019-07-07 complete 74.3 s
2019-07-04 complete 155.3 s
2019-07-10 complete 72.8 s
2019-07-09 complete 86.0 s
2019-07-08 complete 90.1 s
2019-07-11 complete 82.2 s
2019-07-13 complete 50.8 s
2019-07-12 complete 87.5 s
2019-07-14 complete 98.8 s
2019-07-15 complete 91.0 s
2019-07-16 complete 63.6 s
2019-07-17 complete 73.2 s
2019-07-19 complete 90.6 s
2019-07-18 complete 105.5 s
2019-07-21 complete 107.8 s
2019-07-20 complete 152.0 s
2019-07-22 complete 79.2 s
2019-07-23 complete 78.1 s
2019-07-24 complete 66.0 s
2019-07-25 complete 97.8 s
2019-07-27 complete 80.3 s
2019-07-26 complete 96.2 s
2019-07-28 complete 68.6 s
2019-07-31 complete 99.4 s
2019-07-29 complete 110.0 s
2019-08-01 complete 80.6 s
2019-07-30 complete 113.5 s
2019-08-05 complete 60.3 s
2019-08-02 complete 74.1 s
2019-08-03 complete 79.9 s
2019-08-04 complete 81.0 s
2019-08-06 complete 56.7 s
2019-08-08 complete 82.1 s
2019-08-07 complete 97.0 s
2019-08-12 complete 130.4 s
2019-08-09 complete 225.0 s
2019-08-10 complete 188.7 s
2019-08-11 complete 149.3 s
2019-08-13 complete 69.3 s
2019-08-15 complete 66.3 s
2019-08-16 complete 67.3 s
2019-08-14 complete 80.2 s
2019-08-18 complete 44.4 s
2019-08-17 complete 77.0 s
2019-08-19 complete 71.5 s
2019-08-20 complete 69.6 s
2019-08-21 complete 67.4 s
2019-08-23 complete 67.2 s
2019-08-22 complete 80.5 s
2019-08-24 complete 76.7 s
2019-08-25 complete 80.6 s
2019-08-26 complete 69.7 s
2019-08-27 complete 86.9 s
2019-08-28 complete 82.4 s
2019-08-29 complete 76.5 s
2019-08-30 complete 94.2 s
2019-09-03 complete 128.6 s
2019-08-31 complete 211.4 s
2019-09-05 complete 160.4 s
2019-09-06 complete 118.5 s
2019-09-07 complete 50.6 s
2019-09-04 complete 230.1 s
2019-09-08 complete 79.7 s
2019-09-09 complete 68.2 s
2019-09-11 complete 85.9 s
2019-09-10 complete 107.9 s
2019-09-13 complete 68.5 s
2019-09-12 complete 89.2 s
2019-09-14 complete 77.8 s
2019-09-15 complete 82.1 s
2019-09-16 complete 75.3 s
2019-09-17 complete 69.7 s
2019-09-18 complete 145.5 s
2019-09-21 complete 132.8 s
2019-09-19 complete 153.2 s
2019-09-20 complete 144.1 s
2019-09-22 complete 67.4 s
2019-09-24 complete 76.3 s
2019-09-23 complete 95.9 s
2019-09-25 complete 104.8 s
2019-09-26 complete 82.7 s
2019-09-27 complete 74.5 s
2019-09-29 complete 78.0 s
2019-09-28 complete 112.8 s
2019-10-03 complete 51.6 s
2019-10-02 complete 81.3 s
2019-10-01 complete 122.5 s
2019-09-30 complete 181.2 s
2019-10-05 complete 64.5 s
2019-10-10 complete 138.1 s
2019-10-06 complete 231.8 s
2019-10-11 complete 205.7 s
2019-10-12 complete 191.9 s
2019-10-13 complete 103.8 s
2019-10-16 complete 67.3 s
2019-10-15 complete 79.5 s
2019-10-14 complete 87.5 s
2019-10-17 complete 78.8 s
2019-10-31 complete 239.3 s
2019-10-28 complete 259.2 s
2019-10-30 complete 255.2 s
2019-10-29 complete 263.4 s
2019-11-01 complete 65.4 s
2019-11-03 complete 75.3 s
2019-11-02 complete 89.8 s
2019-11-04 complete 107.9 s
2019-11-05 complete 75.7 s
2019-11-06 complete 98.4 s
2019-11-07 complete 99.2 s
2019-11-09 complete 75.3 s
2019-11-08 complete 112.1 s
2019-11-10 complete 90.9 s
2019-11-11 complete 78.4 s
2019-11-12 complete 82.0 s
2019-11-13 complete 82.2 s
2019-11-14 complete 81.1 s
2019-11-16 complete 74.6 s
2019-11-15 complete 100.8 s
2019-11-17 complete 78.2 s
2019-11-21 complete 58.2 s
2019-11-18 complete 113.8 s
2019-11-19 complete 93.2 s
2019-11-20 complete 99.3 s
2019-11-22 complete 67.9 s
2019-11-24 complete 65.2 s
2019-11-23 complete 73.0 s
2019-11-25 complete 88.4 s
2019-11-26 complete 68.0 s
2019-11-27 complete 72.0 s
2019-11-28 complete 81.1 s
2019-11-29 complete 76.1 s
2019-11-30 complete 77.8 s
2019-12-01 complete 117.3 s
2019-12-04 complete 155.3 s
2019-12-03 complete 189.6 s
2019-12-05 complete 113.3 s
2019-12-02 complete 236.8 s
2019-12-06 complete 79.9 s
2019-12-07 complete 77.7 s
2019-12-08 complete 133.5 s
2019-12-11 complete 101.0 s
2019-12-10 complete 125.9 s
2019-12-09 complete 188.6 s
2019-12-12 complete 83.4 s
2019-12-13 complete 52.4 s
2019-12-14 complete 62.5 s
2019-12-17 complete 62.4 s
2019-12-16 complete 81.0 s
2019-12-15 complete 95.6 s
2019-12-18 complete 77.5 s
2019-12-19 complete 49.3 s
2019-12-20 complete 79.0 s
2019-12-21 complete 81.3 s
2019-12-23 complete 52.2 s
2019-12-22 complete 75.7 s
2019-12-25 complete 63.6 s
2019-12-26 complete 75.7 s
2019-12-24 complete 93.3 s
2019-12-27 complete 86.4 s
2019-12-29 complete 61.1 s
2019-12-28 complete 80.4 s
2019-12-31 complete 60.5 s
2019-12-30 complete 90.7 s
2020-01-01 complete 55.0 s
2020-01-03 complete 53.3 s
2020-01-04 complete 53.0 s
2020-01-02 complete 86.7 s
2020-01-05 complete 69.5 s
2020-01-07 complete 57.6 s
2020-01-06 complete 79.8 s
2020-01-08 complete 86.2 s
2020-01-09 complete 64.8 s
2020-01-10 complete 75.9 s
2020-01-11 complete 84.5 s
2020-01-12 complete 72.5 s
2020-01-13 complete 68.8 s
2020-01-14 complete 72.6 s
2020-01-15 complete 61.9 s
2020-01-17 complete 85.8 s
2020-01-18 complete 75.4 s
2020-01-19 complete 82.2 s
2020-01-16 complete 147.8 s
2020-01-20 complete 66.1 s
2020-01-21 complete 73.3 s
2020-01-22 complete 61.6 s
2020-01-24 complete 47.9 s
2020-01-23 complete 77.6 s
2020-01-25 complete 71.1 s
2020-01-27 complete 58.2 s
2020-01-26 complete 77.5 s
2020-01-28 complete 85.5 s
2020-01-30 complete 58.8 s
2020-01-29 complete 72.1 s
2020-01-31 complete 55.0 s
2020-02-01 complete 63.2 s
2020-02-03 complete 65.6 s
2020-02-02 complete 92.1 s
2020-02-04 complete 88.7 s
2020-02-05 complete 64.4 s
2020-02-06 complete 83.7 s
2020-02-07 complete 94.6 s
2020-02-08 complete 89.9 s
2020-02-09 complete 86.5 s
2020-02-10 complete 81.7 s
2020-02-11 complete 67.0 s
2020-02-12 complete 70.0 s
2020-02-14 complete 79.7 s
2020-02-15 complete 68.4 s
2020-02-17 complete 51.1 s
2020-02-16 complete 78.5 s
2020-02-18 complete 62.5 s
2020-02-19 complete 84.3 s
2020-02-20 complete 91.2 s
2020-02-21 complete 97.7 s
2020-02-22 complete 103.5 s
2020-02-23 complete 72.4 s
2020-02-24 complete 79.7 s
2020-02-25 complete 82.8 s
2020-02-26 complete 94.0 s
2020-02-27 complete 83.9 s
2020-02-28 complete 80.5 s
2020-02-29 complete 76.0 s
2020-03-01 complete 81.0 s
2020-03-02 complete 73.3 s
2020-03-03 complete 78.6 s
2020-03-04 complete 57.9 s
2020-03-06 complete 79.1 s
2020-03-05 complete 91.1 s
2020-03-07 complete 81.9 s
2020-03-08 complete 98.1 s
2020-03-10 complete 66.3 s
2020-03-09 complete 87.4 s
2020-03-11 complete 95.5 s
2020-03-12 complete 80.9 s
2020-03-13 complete 72.7 s
2020-03-14 complete 93.2 s
2020-03-15 complete 96.8 s
2020-03-16 complete 102.3 s
2020-03-17 complete 76.3 s
2020-03-18 complete 73.6 s
2020-03-19 complete 82.9 s
2020-03-20 complete 80.7 s
2020-03-21 complete 91.7 s
2020-03-22 complete 77.2 s
2020-03-24 complete 71.9 s
2020-03-23 complete 82.0 s
2020-03-25 complete 78.3 s
2020-03-26 complete 77.5 s
2020-03-28 complete 61.9 s
2020-03-29 complete 47.4 s
2020-03-27 complete 75.7 s
2020-03-30 complete 64.1 s
2020-03-31 complete 80.8 s
2020-04-02 complete 90.4 s
2020-04-01 complete 100.1 s
2020-04-03 complete 71.5 s
2020-04-04 complete 46.1 s
2020-04-06 complete 63.2 s
2020-04-07 complete 65.9 s
2020-04-05 complete 168.0 s
2020-04-10 complete 210.8 s
2020-04-11 complete 114.8 s
2020-04-08 complete 262.7 s
2020-04-09 complete 240.8 s
2020-04-13 complete 45.9 s
2020-04-14 complete 71.1 s
2020-04-15 complete 74.0 s
2020-04-12 complete 104.0 s
2020-04-16 complete 57.8 s
2020-04-17 complete 77.8 s
2020-04-18 complete 65.3 s
2020-04-20 complete 69.8 s
2020-04-19 complete 88.2 s
2020-04-21 complete 74.2 s
2020-04-23 complete 71.4 s
2020-04-22 complete 90.1 s
2020-04-24 complete 71.6 s
2020-04-25 complete 65.4 s
2020-04-26 complete 64.8 s
2020-04-27 complete 60.4 s
2020-04-28 complete 65.2 s
2020-04-30 complete 57.3 s
2020-05-01 complete 64.5 s
2020-04-29 complete 96.1 s
2020-05-02 complete 70.6 s
2020-05-03 complete 58.2 s
2020-05-04 complete 73.3 s
2020-05-05 complete 69.8 s
2020-05-06 complete 90.3 s
2020-05-07 complete 72.1 s
2020-05-08 complete 80.6 s
2020-05-09 complete 91.7 s
2020-05-10 complete 71.9 s
2020-05-12 complete 66.4 s
2020-05-14 complete 49.8 s
2020-05-13 complete 66.6 s
2020-05-11 complete 120.7 s
2020-05-15 complete 87.8 s
2020-05-16 complete 91.0 s
2020-05-17 complete 280.9 s
2020-05-19 complete 306.7 s
2020-05-20 complete 241.6 s
2020-05-21 complete 228.4 s
2020-05-22 complete 56.4 s
2020-05-25 complete 62.2 s
2020-05-24 complete 69.2 s
2020-05-23 complete 73.2 s
2020-05-26 complete 57.8 s
2020-05-27 complete 50.3 s
2020-05-28 complete 51.2 s
2020-05-30 complete 45.9 s
2020-05-29 complete 61.5 s
2020-05-31 complete 46.0 s
2020-06-01 complete 62.7 s
2020-06-03 complete 75.5 s
2020-06-02 complete 82.9 s
2020-06-04 complete 56.4 s
2020-06-05 complete 51.6 s
2020-06-07 complete 64.4 s
2020-06-06 complete 73.0 s
2020-06-09 complete 73.1 s
2020-06-08 complete 95.7 s
2020-06-10 complete 63.3 s
2020-06-11 complete 62.4 s
2020-06-14 complete 56.3 s
2020-06-13 complete 76.6 s
2020-06-15 complete 59.1 s
2020-06-16 complete 95.7 s
2020-06-17 complete 74.0 s
2020-06-18 complete 70.1 s
2020-06-19 complete 57.7 s
2020-06-23 complete 51.2 s
2020-06-20 complete 73.4 s
2020-06-22 complete 63.7 s
2020-06-21 complete 76.5 s
2020-06-24 complete 46.8 s
2020-06-26 complete 50.2 s
2020-06-25 complete 62.2 s
2020-06-27 complete 79.1 s
2020-06-28 complete 42.2 s
2020-06-29 complete 63.8 s
2020-06-30 complete 58.2 s
2020-07-02 complete 66.1 s
2020-07-01 complete 73.4 s
2020-07-04 complete 56.9 s
2020-07-03 complete 75.8 s
2020-07-05 complete 65.8 s
2020-07-06 complete 64.3 s
2020-07-07 complete 76.4 s
2020-07-08 complete 64.0 s
2020-07-09 complete 67.3 s
2020-07-10 complete 85.0 s
2020-07-13 complete 80.3 s
2020-07-11 complete 114.0 s
2020-07-12 complete 112.9 s
2020-07-14 complete 78.3 s
2020-07-16 complete 56.0 s
2020-07-15 complete 71.9 s
2020-07-18 complete 64.2 s
2020-07-17 complete 87.2 s
2020-07-19 complete 48.9 s
2020-07-20 complete 54.0 s
2020-07-21 complete 57.8 s
2020-07-22 complete 51.6 s
2020-07-23 complete 91.5 s
2020-07-26 complete 65.0 s
2020-07-25 complete 72.7 s
2020-07-24 complete 101.2 s
2020-07-27 complete 61.1 s
2020-07-29 complete 62.6 s
2020-07-28 complete 71.4 s
2020-07-30 complete 62.9 s
2020-08-01 complete 46.1 s
2020-07-31 complete 72.1 s
2020-08-02 complete 79.4 s
2020-08-03 complete 80.7 s
2020-08-04 complete 62.2 s
2020-08-05 complete 65.0 s
2020-08-23 complete 64.6 s
2020-08-24 complete 78.3 s
2020-08-25 complete 125.5 s
2020-08-26 complete 158.0 s
2020-08-28 complete 112.7 s
2020-08-27 complete 144.9 s
2020-08-29 complete 83.9 s
2020-08-30 complete 126.5 s
2020-08-31 complete 134.2 s
2020-09-01 complete 171.3 s
2020-09-03 complete 66.6 s
2020-09-02 complete 195.5 s
2020-09-05 complete 143.7 s
2020-09-08 complete 159.5 s
2020-09-06 complete 219.1 s
2020-09-09 complete 123.1 s
2020-09-07 complete 214.2 s
2020-09-10 complete 72.1 s
2020-09-11 complete 104.0 s
2020-09-13 complete 115.7 s
2020-09-12 complete 128.5 s
2020-09-14 complete 93.0 s
2020-09-15 complete 125.1 s
2020-09-16 complete 120.4 s
2020-09-17 complete 116.1 s
2020-09-18 complete 129.8 s
2020-09-19 complete 83.4 s
2020-09-21 complete 108.3 s
2020-09-20 complete 123.1 s
2020-09-22 complete 86.0 s
2020-09-23 complete 107.9 s
2020-09-25 complete 68.3 s
2020-09-24 complete 83.9 s
2020-09-26 complete 86.2 s
2020-09-27 complete 70.1 s
2020-09-28 complete 79.2 s
2020-09-30 complete 65.0 s
2020-09-29 complete 86.0 s
2020-10-02 complete 60.8 s
2020-10-01 complete 84.5 s
2020-10-03 complete 70.6 s
2020-10-28 complete 80.3 s
2020-11-01 complete 75.0 s
2020-10-31 complete 106.8 s
2020-10-29 complete 119.6 s
2020-11-16 complete 128.5 s
2020-11-17 complete 74.7 s
2020-11-18 complete 70.4 s
2020-11-19 complete 69.5 s
2020-12-16 complete 105.9 s
2020-12-19 complete 151.8 s
2020-12-17 complete 184.5 s
2020-12-20 complete 88.2 s
2020-12-18 complete 198.1 s
2020-12-23 complete 65.9 s
2020-12-21 complete 84.1 s
2020-12-22 complete 92.7 s
2020-12-24 complete 107.3 s
2020-12-26 complete 76.5 s
2020-12-25 complete 106.6 s
2020-12-27 complete 91.3 s
2020-12-28 complete 82.8 s
2020-12-29 complete 81.0 s
2020-12-30 complete 68.3 s
{"selected": 732, "complete": 732, "failed": [], "halt_reason": null, "requests_this_invocation": {"requests": 100864, "bytes": 37327213654, "network_retries": 8, "deadline_expiries": 6}, "finished_utc": "2026-09-24T04:58:56Z", "drained": false}
